Set parameter TimeLimit to value 14400
Set parameter Threads to value 1
Set parameter MIPGap to value 0
Set parameter OutputFlag to value 1
Set parameter PreCrush to value 1
Gurobi Optimizer version 12.0.3 build v12.0.3rc0 (linux64 - "CentOS Linux 7 (Core)")

CPU model: Intel(R) Xeon(R) Gold 6230R CPU @ 2.10GHz, instruction set [SSE2|AVX|AVX2|AVX512]
Thread count: 52 physical cores, 52 logical processors, using up to 1 threads

Non-default parameters:
TimeLimit  14400
MIPGap  0
PreCrush  1
Threads  1

Optimize a model with 9121 rows, 3150 columns and 21710 nonzeros
Model fingerprint: 0x3879e782
Variable types: 150 continuous, 3000 integer (3000 binary)
Coefficient statistics:
  Matrix range     [3e-04, 4e+01]
  Objective range  [1e+02, 3e+02]
  Bounds range     [5e+02, 7e+02]
  RHS range        [1e-01, 7e+02]
Found heuristic solution: objective 217807.58700
Presolve removed 133 rows and 165 columns
Presolve time: 0.04s
Presolved: 8988 rows, 2985 columns, 21415 nonzeros
Variable types: 114 continuous, 2871 integer (2871 binary)

Root relaxation: objective 1.973695e+05, 6631 iterations, 0.59 seconds (0.77 work units)

    Nodes    |    Current Node    |     Objective Bounds      |     Work
 Expl Unexpl |  Obj  Depth IntInf | Incumbent    BestBd   Gap | It/Node Time

     0     0 197369.538    0 1181 217807.587 197369.538  9.38%     -    0s
H    0     0                    201553.11200 197369.538  2.08%     -    0s
     0     0 197777.030    0 1117 201553.112 197777.030  1.87%     -    2s
     0     0 197838.657    0 1103 201553.112 197838.657  1.84%     -    2s
     0     0 197876.183    0 1115 201553.112 197876.183  1.82%     -    2s
     0     0 197914.745    0 1138 201553.112 197914.745  1.81%     -    2s
     0     0 197958.016    0 1133 201553.112 197958.016  1.78%     -    2s
     0     0 197996.572    0 1152 201553.112 197996.572  1.76%     -    2s
     0     0 198032.559    0 1152 201553.112 198032.559  1.75%     -    3s
     0     0 198065.113    0 1160 201553.112 198065.113  1.73%     -    3s
     0     0 198101.338    0 1149 201553.112 198101.338  1.71%     -    3s
     0     0 198133.913    0 1152 201553.112 198133.913  1.70%     -    3s
     0     0 198172.930    0 1166 201553.112 198172.930  1.68%     -    3s
     0     0 198205.455    0 1171 201553.112 198205.455  1.66%     -    3s
     0     0 198234.394    0 1171 201553.112 198234.394  1.65%     -    3s
     0     0 198266.347    0 1177 201553.112 198266.347  1.63%     -    3s
     0     0 198299.092    0 1180 201553.112 198299.092  1.61%     -    3s
     0     0 198326.951    0 1139 201553.112 198326.951  1.60%     -    3s
     0     0 198356.545    0 1136 201553.112 198356.545  1.59%     -    4s
     0     0 198386.749    0 1110 201553.112 198386.749  1.57%     -    4s
     0     0 198416.296    0 1125 201553.112 198416.296  1.56%     -    4s
     0     0 198445.434    0 1117 201553.112 198445.434  1.54%     -    4s
     0     0 198465.852    0 1161 201553.112 198465.852  1.53%     -    4s
     0     0 198502.055    0 1138 201553.112 198502.055  1.51%     -    4s
     0     0 198528.261    0 1114 201553.112 198528.261  1.50%     -    4s
     0     0 198558.664    0 1114 201553.112 198558.664  1.49%     -    4s
     0     0 198588.802    0 1134 201553.112 198588.802  1.47%     -    4s
     0     0 198608.612    0 1126 201553.112 198608.612  1.46%     -    5s
     0     0 198632.086    0 1129 201553.112 198632.086  1.45%     -    5s
     0     0 198648.119    0 1135 201553.112 198648.119  1.44%     -    5s
     0     0 198671.059    0 1117 201553.112 198671.059  1.43%     -    5s
     0     0 198689.412    0 1120 201553.112 198689.412  1.42%     -    5s
     0     0 198708.120    0 1119 201553.112 198708.120  1.41%     -    5s
     0     0 198729.965    0 1124 201553.112 198729.965  1.40%     -    5s
     0     0 198751.190    0 1107 201553.112 198751.190  1.39%     -    5s
     0     0 198758.874    0 1123 201553.112 198758.874  1.39%     -    6s
     0     0 198776.786    0 1125 201553.112 198776.786  1.38%     -    6s
     0     0 198793.091    0 1200 201553.112 198793.091  1.37%     -    6s
     0     0 198807.330    0 1114 201553.112 198807.330  1.36%     -    6s
     0     0 198823.178    0 1191 201553.112 198823.178  1.35%     -    6s
     0     0 198837.226    0 1209 201553.112 198837.226  1.35%     -    6s
     0     0 198852.675    0 1197 201553.112 198852.675  1.34%     -    7s
     0     0 198864.419    0 1176 201553.112 198864.419  1.33%     -    7s
     0     0 198878.355    0 1195 201553.112 198878.355  1.33%     -    7s
     0     0 198892.704    0 1192 201553.112 198892.704  1.32%     -    7s
     0     0 198901.325    0 1204 201553.112 198901.325  1.32%     -    7s
     0     0 198914.977    0 1240 201553.112 198914.977  1.31%     -    7s
     0     0 198919.718    0 1209 201553.112 198919.718  1.31%     -    8s
     0     0 198933.955    0 1240 201553.112 198933.955  1.30%     -    8s
     0     0 198943.293    0 1245 201553.112 198943.293  1.29%     -    8s
     0     0 198957.963    0 1211 201553.112 198957.963  1.29%     -    8s
     0     0 198967.542    0 1221 201553.112 198967.542  1.28%     -    8s
     0     0 198982.564    0 1244 201553.112 198982.564  1.28%     -    9s
     0     0 198990.028    0 1253 201553.112 198990.028  1.27%     -    9s
     0     0 199001.044    0 1252 201553.112 199001.044  1.27%     -    9s
     0     0 199007.071    0 1262 201553.112 199007.071  1.26%     -    9s
     0     0 199016.652    0 1246 201553.112 199016.652  1.26%     -    9s
     0     0 199023.321    0 1234 201553.112 199023.321  1.26%     -    9s
     0     0 199036.764    0 1232 201553.112 199036.764  1.25%     -   10s
     0     0 199048.134    0 1281 201553.112 199048.134  1.24%     -   10s
     0     0 199061.100    0 1240 201553.112 199061.100  1.24%     -   10s
     0     0 199069.001    0 1270 201553.112 199069.001  1.23%     -   10s
     0     0 199087.782    0 1248 201553.112 199087.782  1.22%     -   10s
     0     0 199094.228    0 1252 201553.112 199094.228  1.22%     -   11s
     0     0 199102.795    0 1256 201553.112 199102.795  1.22%     -   11s
     0     0 199113.897    0 1264 201553.112 199113.897  1.21%     -   11s
     0     0 199121.993    0 1272 201553.112 199121.993  1.21%     -   11s
     0     0 199130.939    0 1279 201553.112 199130.939  1.20%     -   11s
     0     0 199139.085    0 1261 201553.112 199139.085  1.20%     -   12s
     0     0 199151.547    0 1264 201553.112 199151.547  1.19%     -   12s
     0     0 199157.807    0 1246 201553.112 199157.807  1.19%     -   12s
     0     0 199167.378    0 1263 201553.112 199167.378  1.18%     -   12s
     0     0 199175.766    0 1270 201553.112 199175.766  1.18%     -   12s
     0     0 199182.018    0 1273 201553.112 199182.018  1.18%     -   12s
     0     0 199188.209    0 1267 201553.112 199188.209  1.17%     -   13s
     0     0 199194.134    0 1279 201553.112 199194.134  1.17%     -   13s
     0     0 199199.197    0 1274 201553.112 199199.197  1.17%     -   13s
     0     0 199203.959    0 1274 201553.112 199203.959  1.17%     -   13s
     0     0 199212.487    0 1284 201553.112 199212.487  1.16%     -   13s
     0     0 199216.921    0 1290 201553.112 199216.921  1.16%     -   13s
     0     0 199221.422    0 1324 201553.112 199221.422  1.16%     -   14s
     0     0 199227.550    0 1309 201553.112 199227.550  1.15%     -   14s
     0     0 199236.494    0 1315 201553.112 199236.494  1.15%     -   14s
     0     0 199247.684    0 1318 201553.112 199247.684  1.14%     -   15s
     0     0 199255.733    0 1312 201553.112 199255.733  1.14%     -   15s
     0     0 199259.324    0 1285 201553.112 199259.324  1.14%     -   15s
     0     0 199266.896    0 1322 201553.112 199266.896  1.13%     -   15s
     0     0 199272.366    0 1331 201553.112 199272.366  1.13%     -   16s
     0     0 199277.756    0 1320 201553.112 199277.756  1.13%     -   16s
     0     0 199290.395    0 1337 201553.112 199290.395  1.12%     -   16s
     0     0 199296.262    0 1318 201553.112 199296.262  1.12%     -   17s
     0     0 199302.949    0 1332 201553.112 199302.949  1.12%     -   17s
     0     0 199307.400    0 1342 201553.112 199307.400  1.11%     -   17s
     0     0 199312.279    0 1335 201553.112 199312.279  1.11%     -   18s
     0     0 199315.751    0 1327 201553.112 199315.751  1.11%     -   18s
     0     0 199319.320    0 1332 201553.112 199319.320  1.11%     -   18s
     0     0 199323.059    0 1344 201553.112 199323.059  1.11%     -   18s
     0     0 199331.286    0 1315 201553.112 199331.286  1.10%     -   19s
     0     0 199337.541    0 1330 201553.112 199337.541  1.10%     -   19s
     0     0 199342.612    0 1332 201553.112 199342.612  1.10%     -   19s
     0     0 199346.911    0 1347 201553.112 199346.911  1.09%     -   19s
     0     0 199353.816    0 1346 201553.112 199353.816  1.09%     -   20s
     0     0 199359.469    0 1330 201553.112 199359.469  1.09%     -   20s
     0     0 199364.826    0 1316 201553.112 199364.826  1.09%     -   20s
     0     0 199370.862    0 1339 201553.112 199370.862  1.08%     -   20s
     0     0 199374.247    0 1295 201553.112 199374.247  1.08%     -   20s
     0     0 199377.937    0 1343 201553.112 199377.937  1.08%     -   20s
     0     0 199382.944    0 1325 201553.112 199382.944  1.08%     -   21s
     0     0 199388.438    0 1324 201553.112 199388.438  1.07%     -   21s
     0     0 199394.699    0 1323 201553.112 199394.699  1.07%     -   21s
     0     0 199398.664    0 1364 201553.112 199398.664  1.07%     -   21s
     0     0 199405.751    0 1324 201553.112 199405.751  1.07%     -   22s
     0     0 199408.803    0 1349 201553.112 199408.803  1.06%     -   22s
     0     0 199412.675    0 1359 201553.112 199412.675  1.06%     -   23s
     0     0 199418.246    0 1341 201553.112 199418.246  1.06%     -   23s
     0     0 199427.075    0 1336 201553.112 199427.075  1.05%     -   23s
     0     0 199430.224    0 1357 201553.112 199430.224  1.05%     -   23s
     0     0 199435.049    0 1328 201553.112 199435.049  1.05%     -   23s
     0     0 199440.141    0 1342 201553.112 199440.141  1.05%     -   24s
     0     0 199443.448    0 1346 201553.112 199443.448  1.05%     -   24s
     0     0 199446.303    0 1355 201553.112 199446.303  1.05%     -   24s
     0     0 199450.545    0 1352 201553.112 199450.545  1.04%     -   24s
     0     0 199455.146    0 1357 201553.112 199455.146  1.04%     -   24s
     0     0 199458.788    0 1357 201553.112 199458.788  1.04%     -   25s
     0     0 199463.174    0 1355 201553.112 199463.174  1.04%     -   25s
     0     0 199464.993    0 1352 201553.112 199464.993  1.04%     -   26s
     0     0 199470.351    0 1338 201553.112 199470.351  1.03%     -   26s
     0     0 199473.153    0 1346 201553.112 199473.153  1.03%     -   27s
     0     0 199476.671    0 1350 201553.112 199476.671  1.03%     -   27s
     0     0 199480.994    0 1360 201553.112 199480.994  1.03%     -   27s
     0     0 199485.510    0 1352 201553.112 199485.510  1.03%     -   28s
     0     0 199489.368    0 1355 201553.112 199489.368  1.02%     -   28s
     0     0 199496.827    0 1365 201553.112 199496.827  1.02%     -   28s
     0     0 199501.966    0 1365 201553.112 199501.966  1.02%     -   29s
     0     0 199506.666    0 1328 201553.112 199506.666  1.02%     -   29s
     0     0 199509.478    0 1362 201553.112 199509.478  1.01%     -   29s
     0     0 199512.269    0 1322 201553.112 199512.269  1.01%     -   29s
     0     0 199514.986    0 1330 201553.112 199514.986  1.01%     -   30s
     0     0 199520.166    0 1336 201553.112 199520.166  1.01%     -   30s
     0     0 199530.199    0 1311 201553.112 199530.199  1.00%     -   31s
     0     0 199535.168    0 1356 201553.112 199535.168  1.00%     -   31s
     0     0 199539.078    0 1360 201553.112 199539.078  1.00%     -   32s
     0     0 199540.662    0 1365 201553.112 199540.662  1.00%     -   32s
     0     0 199544.845    0 1360 201553.112 199544.845  1.00%     -   32s
     0     0 199546.830    0 1365 201553.112 199546.830  1.00%     -   33s
     0     0 199550.909    0 1360 201553.112 199550.909  0.99%     -   33s
     0     0 199553.232    0 1369 201553.112 199553.232  0.99%     -   33s
     0     0 199556.885    0 1358 201553.112 199556.885  0.99%     -   33s
     0     0 199558.313    0 1375 201553.112 199558.313  0.99%     -   34s
     0     0 199561.690    0 1368 201553.112 199561.690  0.99%     -   34s
     0     0 199564.329    0 1374 201553.112 199564.329  0.99%     -   35s
     0     0 199568.797    0 1370 201553.112 199568.797  0.98%     -   35s
     0     0 199574.330    0 1381 201553.112 199574.330  0.98%     -   36s
     0     0 199577.518    0 1382 201553.112 199577.518  0.98%     -   36s
     0     0 199581.254    0 1379 201553.112 199581.254  0.98%     -   37s
     0     0 199583.955    0 1385 201553.112 199583.955  0.98%     -   37s
     0     0 199585.935    0 1374 201553.112 199585.935  0.98%     -   37s
     0     0 199587.885    0 1387 201553.112 199587.885  0.98%     -   38s
     0     0 199593.524    0 1370 201553.112 199593.524  0.97%     -   38s
     0     0 199595.325    0 1362 201553.112 199595.325  0.97%     -   38s
     0     0 199597.374    0 1388 201553.112 199597.374  0.97%     -   38s
     0     0 199600.502    0 1392 201553.112 199600.502  0.97%     -   39s
     0     0 199603.237    0 1391 201553.112 199603.237  0.97%     -   39s
     0     0 199607.524    0 1381 201553.112 199607.524  0.97%     -   39s
     0     0 199608.981    0 1386 201553.112 199608.981  0.96%     -   40s
     0     0 199612.230    0 1395 201553.112 199612.230  0.96%     -   40s
     0     0 199615.794    0 1399 201553.112 199615.794  0.96%     -   40s
     0     0 199617.812    0 1405 201553.112 199617.812  0.96%     -   40s
     0     0 199624.966    0 1399 201553.112 199624.966  0.96%     -   41s
     0     0 199627.736    0 1393 201553.112 199627.736  0.96%     -   41s
     0     0 199630.505    0 1404 201553.112 199630.505  0.95%     -   41s
     0     0 199632.055    0 1415 201553.112 199632.055  0.95%     -   42s
     0     0 199634.307    0 1399 201553.112 199634.307  0.95%     -   42s
     0     0 199636.471    0 1392 201553.112 199636.471  0.95%     -   42s
     0     0 199638.731    0 1390 201553.112 199638.731  0.95%     -   43s
     0     0 199643.271    0 1384 201553.112 199643.271  0.95%     -   43s
     0     0 199645.634    0 1386 201553.112 199645.634  0.95%     -   43s
     0     0 199651.056    0 1337 201553.112 199651.056  0.94%     -   43s
     0     0 199653.279    0 1345 201553.112 199653.279  0.94%     -   44s
     0     0 199654.823    0 1382 201553.112 199654.823  0.94%     -   44s
     0     0 199657.256    0 1387 201553.112 199657.256  0.94%     -   45s
     0     0 199660.277    0 1406 201553.112 199660.277  0.94%     -   45s
     0     0 199665.406    0 1400 201553.112 199665.406  0.94%     -   46s
     0     0 199667.687    0 1408 201553.112 199667.687  0.94%     -   47s
     0     0 199669.768    0 1386 201553.112 199669.768  0.93%     -   47s
     0     0 199671.833    0 1391 201553.112 199671.833  0.93%     -   48s
     0     0 199674.082    0 1400 201553.112 199674.082  0.93%     -   48s
     0     0 199676.043    0 1394 201553.112 199676.043  0.93%     -   49s
     0     0 199677.873    0 1386 201553.112 199677.873  0.93%     -   49s
     0     0 199679.060    0 1400 201553.112 199679.060  0.93%     -   50s
     0     0 199681.545    0 1405 201553.112 199681.545  0.93%     -   50s
     0     0 199683.478    0 1415 201553.112 199683.478  0.93%     -   51s
     0     0 199688.699    0 1413 201553.112 199688.699  0.93%     -   51s
     0     0 199691.895    0 1413 201553.112 199691.895  0.92%     -   52s
     0     0 199693.588    0 1428 201553.112 199693.588  0.92%     -   52s
     0     0 199694.674    0 1427 201553.112 199694.674  0.92%     -   53s
     0     0 199698.475    0 1424 201553.112 199698.475  0.92%     -   53s
     0     0 199700.513    0 1428 201553.112 199700.513  0.92%     -   53s
     0     0 199705.229    0 1417 201553.112 199705.229  0.92%     -   54s
     0     0 199708.540    0 1438 201553.112 199708.540  0.92%     -   54s
     0     0 199710.913    0 1438 201553.112 199710.913  0.91%     -   55s
     0     0 199713.629    0 1436 201553.112 199713.629  0.91%     -   55s
     0     0 199716.655    0 1441 201553.112 199716.655  0.91%     -   56s
     0     0 199719.757    0 1440 201553.112 199719.757  0.91%     -   56s
     0     0 199722.654    0 1438 201553.112 199722.654  0.91%     -   57s
     0     0 199725.550    0 1407 201553.112 199725.550  0.91%     -   57s
     0     0 199727.681    0 1401 201553.112 199727.681  0.91%     -   57s
     0     0 199729.814    0 1409 201553.112 199729.814  0.90%     -   58s
     0     0 199733.759    0 1438 201553.112 199733.759  0.90%     -   58s
     0     0 199736.081    0 1446 201553.112 199736.081  0.90%     -   59s
     0     0 199738.029    0 1451 201553.112 199738.029  0.90%     -   59s
     0     0 199739.668    0 1446 201553.112 199739.668  0.90%     -   60s
     0     0 199741.150    0 1458 201553.112 199741.150  0.90%     -   60s
     0     0 199743.210    0 1422 201553.112 199743.210  0.90%     -   61s
     0     0 199745.292    0 1419 201553.112 199745.292  0.90%     -   61s
     0     0 199748.823    0 1417 201553.112 199748.823  0.90%     -   62s
     0     0 199753.024    0 1408 201553.112 199753.024  0.89%     -   63s
     0     0 199755.557    0 1411 201553.112 199755.557  0.89%     -   64s
     0     0 199756.956    0 1406 201553.112 199756.956  0.89%     -   64s
     0     0 199758.704    0 1446 201553.112 199758.704  0.89%     -   65s
     0     0 199761.361    0 1416 201553.112 199761.361  0.89%     -   66s
     0     0 199763.095    0 1456 201553.112 199763.095  0.89%     -   66s
     0     0 199764.355    0 1416 201553.112 199764.355  0.89%     -   67s
     0     0 199767.681    0 1416 201553.112 199767.681  0.89%     -   67s
     0     0 199769.341    0 1423 201553.112 199769.341  0.89%     -   67s
     0     0 199771.277    0 1428 201553.112 199771.277  0.88%     -   68s
     0     0 199773.503    0 1418 201553.112 199773.503  0.88%     -   68s
     0     0 199775.015    0 1426 201553.112 199775.015  0.88%     -   69s
     0     0 199776.606    0 1423 201553.112 199776.606  0.88%     -   69s
     0     0 199777.897    0 1419 201553.112 199777.897  0.88%     -   69s
     0     0 199780.075    0 1434 201553.112 199780.075  0.88%     -   69s
     0     0 199781.720    0 1426 201553.112 199781.720  0.88%     -   70s
     0     0 199783.662    0 1443 201553.112 199783.662  0.88%     -   70s
     0     0 199787.141    0 1435 201553.112 199787.141  0.88%     -   70s
     0     0 199788.922    0 1448 201553.112 199788.922  0.88%     -   71s
     0     0 199790.031    0 1441 201553.112 199790.031  0.87%     -   71s
     0     0 199793.378    0 1455 201553.112 199793.378  0.87%     -   71s
     0     0 199795.211    0 1454 201553.112 199795.211  0.87%     -   72s
     0     0 199796.430    0 1457 201553.112 199796.430  0.87%     -   72s
     0     0 199798.326    0 1448 201553.112 199798.326  0.87%     -   73s
     0     0 199801.057    0 1455 201553.112 199801.057  0.87%     -   74s
     0     0 199803.275    0 1451 201553.112 199803.275  0.87%     -   74s
     0     0 199804.878    0 1446 201553.112 199804.878  0.87%     -   75s
     0     0 199805.885    0 1448 201553.112 199805.885  0.87%     -   76s
     0     0 199806.485    0 1451 201553.112 199806.485  0.87%     -   76s
     0     0 199807.612    0 1443 201553.112 199807.612  0.87%     -   76s
     0     0 199809.350    0 1460 201553.112 199809.350  0.87%     -   77s
     0     0 199811.519    0 1452 201553.112 199811.519  0.86%     -   78s
     0     0 199814.055    0 1464 201553.112 199814.055  0.86%     -   79s
     0     0 199814.840    0 1465 201553.112 199814.840  0.86%     -   79s
     0     0 199817.702    0 1444 201553.112 199817.702  0.86%     -   80s
     0     0 199819.416    0 1461 201553.112 199819.416  0.86%     -   80s
     0     0 199821.010    0 1449 201553.112 199821.010  0.86%     -   81s
     0     0 199822.395    0 1463 201553.112 199822.395  0.86%     -   81s
     0     0 199823.695    0 1457 201553.112 199823.695  0.86%     -   81s
     0     0 199824.843    0 1473 201553.112 199824.843  0.86%     -   82s
     0     0 199826.783    0 1471 201553.112 199826.783  0.86%     -   82s
     0     0 199828.140    0 1472 201553.112 199828.140  0.86%     -   82s
     0     0 199829.712    0 1477 201553.112 199829.712  0.86%     -   83s
     0     0 199830.452    0 1477 201553.112 199830.452  0.85%     -   83s
     0     0 199832.162    0 1477 201553.112 199832.162  0.85%     -   83s
     0     0 199834.833    0 1471 201553.112 199834.833  0.85%     -   84s
     0     0 199836.779    0 1462 201553.112 199836.779  0.85%     -   84s
     0     0 199838.281    0 1471 201553.112 199838.281  0.85%     -   85s
     0     0 199840.553    0 1477 201553.112 199840.553  0.85%     -   85s
     0     0 199842.385    0 1471 201553.112 199842.385  0.85%     -   86s
     0     0 199844.295    0 1469 201553.112 199844.295  0.85%     -   86s
     0     0 199845.407    0 1474 201553.112 199845.407  0.85%     -   87s
     0     0 199846.123    0 1483 201553.112 199846.123  0.85%     -   87s
     0     0 199848.501    0 1477 201553.112 199848.501  0.85%     -   87s
     0     0 199850.830    0 1477 201553.112 199850.830  0.84%     -   88s
     0     0 199852.198    0 1482 201553.112 199852.198  0.84%     -   88s
     0     0 199854.138    0 1483 201553.112 199854.138  0.84%     -   89s
     0     0 199857.450    0 1484 201553.112 199857.450  0.84%     -   89s
     0     0 199858.573    0 1491 201553.112 199858.573  0.84%     -   90s
     0     0 199859.862    0 1484 201553.112 199859.862  0.84%     -   90s
     0     0 199861.873    0 1497 201553.112 199861.873  0.84%     -   90s
     0     0 199863.300    0 1488 201553.112 199863.300  0.84%     -   91s
     0     0 199865.146    0 1484 201553.112 199865.146  0.84%     -   91s
     0     0 199865.986    0 1497 201553.112 199865.986  0.84%     -   92s
     0     0 199867.245    0 1491 201553.112 199867.245  0.84%     -   92s
     0     0 199868.362    0 1491 201553.112 199868.362  0.84%     -   93s
     0     0 199869.280    0 1487 201553.112 199869.280  0.84%     -   93s
     0     0 199871.092    0 1477 201553.112 199871.092  0.83%     -   94s
     0     0 199872.644    0 1495 201553.112 199872.644  0.83%     -   94s
     0     0 199873.450    0 1490 201553.112 199873.450  0.83%     -   95s
     0     0 199874.821    0 1498 201553.112 199874.821  0.83%     -   96s
     0     0 199875.819    0 1501 201553.112 199875.819  0.83%     -   96s
     0     0 199876.938    0 1497 201553.112 199876.938  0.83%     -   97s
     0     0 199879.221    0 1493 201553.112 199879.221  0.83%     -   97s
     0     0 199880.176    0 1525 201553.112 199880.176  0.83%     -   98s
     0     0 199881.293    0 1500 201553.112 199881.293  0.83%     -   98s
     0     0 199882.829    0 1493 201553.112 199882.829  0.83%     -   98s
     0     0 199883.521    0 1498 201553.112 199883.521  0.83%     -   99s
     0     0 199884.437    0 1504 201553.112 199884.437  0.83%     -   99s
     0     0 199885.755    0 1489 201553.112 199885.755  0.83%     -   99s
     0     0 199886.965    0 1491 201553.112 199886.965  0.83%     -  100s
     0     0 199888.242    0 1495 201553.112 199888.242  0.83%     -  100s
     0     0 199889.823    0 1496 201553.112 199889.823  0.83%     -  101s
     0     0 199891.419    0 1500 201553.112 199891.419  0.82%     -  101s
     0     0 199893.001    0 1501 201553.112 199893.001  0.82%     -  102s
     0     0 199894.448    0 1502 201553.112 199894.448  0.82%     -  102s
     0     0 199895.989    0 1508 201553.112 199895.989  0.82%     -  103s
     0     0 199897.271    0 1509 201553.112 199897.271  0.82%     -  104s
     0     0 199898.322    0 1514 201553.112 199898.322  0.82%     -  104s
     0     0 199899.844    0 1512 201553.112 199899.844  0.82%     -  104s
     0     0 199901.221    0 1519 201553.112 199901.221  0.82%     -  105s
     0     0 199902.083    0 1511 201553.112 199902.083  0.82%     -  105s
     0     0 199903.222    0 1505 201553.112 199903.222  0.82%     -  106s
     0     0 199904.439    0 1503 201553.112 199904.439  0.82%     -  106s
     0     0 199905.523    0 1512 201553.112 199905.523  0.82%     -  107s
     0     0 199906.852    0 1512 201553.112 199906.852  0.82%     -  108s
     0     0 199908.384    0 1515 201553.112 199908.384  0.82%     -  108s
     0     0 199909.351    0 1510 201553.112 199909.351  0.82%     -  109s
     0     0 199910.733    0 1519 201553.112 199910.733  0.81%     -  109s
     0     0 199911.969    0 1513 201553.112 199911.969  0.81%     -  110s
     0     0 199912.942    0 1451 201553.112 199912.942  0.81%     -  111s
     0     0 199913.942    0 1455 201553.112 199913.942  0.81%     -  111s
     0     0 199915.550    0 1446 201553.112 199915.550  0.81%     -  112s
     0     0 199916.989    0 1527 201553.112 199916.989  0.81%     -  112s
     0     0 199918.224    0 1541 201553.112 199918.224  0.81%     -  112s
     0     0 199919.173    0 1526 201553.112 199919.173  0.81%     -  113s
     0     0 199919.849    0 1547 201553.112 199919.849  0.81%     -  114s
     0     0 199921.073    0 1557 201553.112 199921.073  0.81%     -  114s
     0     0 199921.911    0 1552 201553.112 199921.911  0.81%     -  114s
     0     0 199922.731    0 1551 201553.112 199922.731  0.81%     -  115s
     0     0 199923.987    0 1551 201553.112 199923.987  0.81%     -  116s
     0     0 199924.922    0 1538 201553.112 199924.922  0.81%     -  116s
     0     0 199926.055    0 1539 201553.112 199926.055  0.81%     -  117s
     0     0 199927.106    0 1536 201553.112 199927.106  0.81%     -  117s
     0     0 199927.664    0 1549 201553.112 199927.664  0.81%     -  117s
     0     0 199928.652    0 1541 201553.112 199928.652  0.81%     -  118s
     0     0 199930.212    0 1551 201553.112 199930.212  0.81%     -  118s
     0     0 199932.338    0 1552 201553.112 199932.338  0.80%     -  119s
     0     0 199933.866    0 1544 201553.112 199933.866  0.80%     -  119s
     0     0 199935.316    0 1546 201553.112 199935.316  0.80%     -  120s
     0     0 199936.281    0 1547 201553.112 199936.281  0.80%     -  120s
     0     0 199937.602    0 1545 201553.112 199937.602  0.80%     -  121s
     0     0 199939.248    0 1485 201553.112 199939.248  0.80%     -  121s
     0     0 199940.520    0 1492 201553.112 199940.520  0.80%     -  122s
     0     0 199941.846    0 1559 201553.112 199941.846  0.80%     -  123s
     0     0 199943.012    0 1495 201553.112 199943.012  0.80%     -  124s
     0     0 199944.259    0 1494 201553.112 199944.259  0.80%     -  125s
     0     0 199946.213    0 1551 201553.112 199946.213  0.80%     -  126s
     0     0 199948.379    0 1485 201553.112 199948.379  0.80%     -  126s
     0     0 199950.055    0 1568 201553.112 199950.055  0.80%     -  127s
     0     0 199951.285    0 1487 201553.112 199951.285  0.79%     -  127s
     0     0 199952.137    0 1497 201553.112 199952.137  0.79%     -  128s
     0     0 199952.787    0 1493 201553.112 199952.787  0.79%     -  128s
     0     0 199953.908    0 1500 201553.112 199953.908  0.79%     -  128s
     0     0 199955.377    0 1559 201553.112 199955.377  0.79%     -  129s
     0     0 199956.837    0 1493 201553.112 199956.837  0.79%     -  130s
     0     0 199957.753    0 1498 201553.112 199957.753  0.79%     -  131s
     0     0 199959.095    0 1496 201553.112 199959.095  0.79%     -  131s
     0     0 199959.940    0 1498 201553.112 199959.940  0.79%     -  132s
     0     0 199960.906    0 1556 201553.112 199960.906  0.79%     -  132s
     0     0 199961.678    0 1496 201553.112 199961.678  0.79%     -  133s
     0     0 199963.111    0 1563 201553.112 199963.111  0.79%     -  133s
     0     0 199965.153    0 1572 201553.112 199965.153  0.79%     -  134s
     0     0 199966.720    0 1494 201553.112 199966.720  0.79%     -  135s
     0     0 199967.862    0 1501 201553.112 199967.862  0.79%     -  135s
     0     0 199968.940    0 1503 201553.112 199968.940  0.79%     -  136s
     0     0 199969.834    0 1503 201553.112 199969.834  0.79%     -  136s
     0     0 199971.611    0 1502 201553.112 199971.611  0.78%     -  137s
     0     0 199972.786    0 1578 201553.112 199972.786  0.78%     -  137s
     0     0 199974.041    0 1511 201553.112 199974.041  0.78%     -  138s
     0     0 199975.091    0 1507 201553.112 199975.091  0.78%     -  139s
     0     0 199976.251    0 1506 201553.112 199976.251  0.78%     -  139s
     0     0 199976.922    0 1516 201553.112 199976.922  0.78%     -  140s
     0     0 199977.610    0 1514 201553.112 199977.610  0.78%     -  141s
     0     0 199978.524    0 1516 201553.112 199978.524  0.78%     -  141s
     0     0 199979.778    0 1517 201553.112 199979.778  0.78%     -  142s
     0     0 199981.330    0 1515 201553.112 199981.330  0.78%     -  143s
     0     0 199982.795    0 1518 201553.112 199982.795  0.78%     -  144s
     0     0 199983.369    0 1505 201553.112 199983.369  0.78%     -  145s
     0     0 199983.981    0 1512 201553.112 199983.981  0.78%     -  145s
     0     0 199985.102    0 1588 201553.112 199985.102  0.78%     -  146s
     0     0 199986.844    0 1579 201553.112 199986.844  0.78%     -  147s
     0     0 199988.286    0 1586 201553.112 199988.286  0.78%     -  148s
     0     0 199989.101    0 1583 201553.112 199989.101  0.78%     -  149s
     0     0 199990.241    0 1579 201553.112 199990.241  0.78%     -  150s
     0     0 199990.966    0 1523 201553.112 199990.966  0.78%     -  151s
     0     0 199991.735    0 1591 201553.112 199991.735  0.77%     -  151s
     0     0 199993.199    0 1586 201553.112 199993.199  0.77%     -  153s
     0     0 199994.477    0 1521 201553.112 199994.477  0.77%     -  154s
     0     0 199995.335    0 1519 201553.112 199995.335  0.77%     -  154s
     0     0 199996.488    0 1595 201553.112 199996.488  0.77%     -  155s
     0     0 199997.287    0 1591 201553.112 199997.287  0.77%     -  156s
     0     0 199997.805    0 1558 201553.112 199997.805  0.77%     -  157s
     0     0 199998.608    0 1523 201553.112 199998.608  0.77%     -  157s
     0     0 199999.525    0 1524 201553.112 199999.525  0.77%     -  158s
     0     0 200000.300    0 1506 201553.112 200000.300  0.77%     -  158s
     0     0 200001.118    0 1522 201553.112 200001.118  0.77%     -  159s
     0     0 200002.402    0 1523 201553.112 200002.402  0.77%     -  160s
     0     0 200003.854    0 1526 201553.112 200003.854  0.77%     -  161s
     0     0 200004.596    0 1594 201553.112 200004.596  0.77%     -  162s
     0     0 200005.292    0 1594 201553.112 200005.292  0.77%     -  163s
     0     0 200006.297    0 1573 201553.112 200006.297  0.77%     -  165s
     0     0 200007.479    0 1528 201553.112 200007.479  0.77%     -  166s
     0     0 200008.512    0 1532 201553.112 200008.512  0.77%     -  167s
     0     0 200009.723    0 1543 201553.112 200009.723  0.77%     -  168s
     0     0 200010.485    0 1599 201553.112 200010.485  0.77%     -  169s
     0     0 200011.610    0 1599 201553.112 200011.610  0.76%     -  170s
     0     0 200012.332    0 1596 201553.112 200012.332  0.76%     -  171s
     0     0 200013.867    0 1592 201553.112 200013.867  0.76%     -  172s
     0     0 200014.920    0 1591 201553.112 200014.920  0.76%     -  172s
     0     0 200016.108    0 1603 201553.112 200016.108  0.76%     -  173s
     0     0 200016.649    0 1609 201553.112 200016.649  0.76%     -  174s
     0     0 200017.139    0 1610 201553.112 200017.139  0.76%     -  175s
     0     0 200018.454    0 1601 201553.112 200018.454  0.76%     -  176s
     0     0 200019.710    0 1605 201553.112 200019.710  0.76%     -  176s
     0     0 200020.516    0 1594 201553.112 200020.516  0.76%     -  177s
     0     0 200021.428    0 1602 201553.112 200021.428  0.76%     -  178s
     0     0 200021.998    0 1597 201553.112 200021.998  0.76%     -  179s
     0     0 200022.503    0 1605 201553.112 200022.503  0.76%     -  179s
     0     0 200023.189    0 1608 201553.112 200023.189  0.76%     -  180s
     0     0 200024.084    0 1611 201553.112 200024.084  0.76%     -  182s
     0     0 200024.563    0 1604 201553.112 200024.563  0.76%     -  183s
     0     0 200025.289    0 1609 201553.112 200025.289  0.76%     -  184s
     0     0 200026.126    0 1613 201553.112 200026.126  0.76%     -  184s
     0     0 200027.026    0 1611 201553.112 200027.026  0.76%     -  185s
     0     0 200027.780    0 1618 201553.112 200027.780  0.76%     -  186s
     0     0 200028.538    0 1608 201553.112 200028.538  0.76%     -  187s
     0     0 200029.252    0 1613 201553.112 200029.252  0.76%     -  188s
     0     0 200029.638    0 1613 201553.112 200029.638  0.76%     -  189s
     0     0 200030.142    0 1613 201553.112 200030.142  0.76%     -  190s
     0     0 200031.282    0 1618 201553.112 200031.282  0.76%     -  191s
     0     0 200032.571    0 1618 201553.112 200032.571  0.75%     -  193s
     0     0 200033.311    0 1616 201553.112 200033.311  0.75%     -  193s
     0     0 200034.295    0 1616 201553.112 200034.295  0.75%     -  194s
     0     0 200034.839    0 1627 201553.112 200034.839  0.75%     -  195s
     0     0 200035.532    0 1622 201553.112 200035.532  0.75%     -  196s
     0     0 200036.399    0 1631 201553.112 200036.399  0.75%     -  196s
     0     0 200037.274    0 1621 201553.112 200037.274  0.75%     -  197s
     0     0 200037.764    0 1626 201553.112 200037.764  0.75%     -  198s
     0     0 200038.290    0 1610 201553.112 200038.290  0.75%     -  199s
     0     0 200039.046    0 1620 201553.112 200039.046  0.75%     -  201s
     0     0 200039.661    0 1604 201553.112 200039.661  0.75%     -  202s
     0     0 200040.080    0 1603 201553.112 200040.080  0.75%     -  202s
     0     0 200040.661    0 1604 201553.112 200040.661  0.75%     -  203s
     0     0 200041.286    0 1603 201553.112 200041.286  0.75%     -  204s
     0     0 200041.803    0 1602 201553.112 200041.803  0.75%     -  205s
     0     0 200042.452    0 1608 201553.112 200042.452  0.75%     -  205s
     0     0 200043.109    0 1598 201553.112 200043.109  0.75%     -  206s
     0     0 200043.626    0 1610 201553.112 200043.626  0.75%     -  206s
     0     0 200044.238    0 1615 201553.112 200044.238  0.75%     -  207s
     0     0 200045.380    0 1626 201553.112 200045.380  0.75%     -  208s
     0     0 200045.813    0 1625 201553.112 200045.813  0.75%     -  209s
     0     0 200046.839    0 1603 201553.112 200046.839  0.75%     -  210s
     0     0 200047.268    0 1635 201553.112 200047.268  0.75%     -  211s
     0     0 200047.610    0 1634 201553.112 200047.610  0.75%     -  212s
     0     0 200047.967    0 1626 201553.112 200047.967  0.75%     -  213s
     0     0 200048.299    0 1634 201553.112 200048.299  0.75%     -  214s
     0     0 200048.598    0 1641 201553.112 200048.598  0.75%     -  215s
     0     0 200049.119    0 1629 201553.112 200049.119  0.75%     -  216s
     0     0 200049.628    0 1634 201553.112 200049.628  0.75%     -  216s
     0     0 200050.140    0 1637 201553.112 200050.140  0.75%     -  216s
     0     0 200050.442    0 1632 201553.112 200050.442  0.75%     -  217s
     0     0 200050.713    0 1638 201553.112 200050.713  0.75%     -  217s
     0     0 200051.149    0 1637 201553.112 200051.149  0.75%     -  218s
     0     0 200051.885    0 1637 201553.112 200051.885  0.74%     -  218s
     0     0 200052.497    0 1635 201553.112 200052.497  0.74%     -  219s
     0     0 200053.165    0 1642 201553.112 200053.165  0.74%     -  220s
     0     0 200053.710    0 1645 201553.112 200053.710  0.74%     -  221s
     0     0 200054.279    0 1624 201553.112 200054.279  0.74%     -  222s
     0     0 200055.401    0 1639 201553.112 200055.401  0.74%     -  224s
     0     0 200055.821    0 1638 201553.112 200055.821  0.74%     -  224s
     0     0 200056.850    0 1642 201553.112 200056.850  0.74%     -  225s
     0     0 200058.175    0 1650 201553.112 200058.175  0.74%     -  226s
     0     0 200058.794    0 1645 201553.112 200058.794  0.74%     -  227s
     0     0 200059.275    0 1646 201553.112 200059.275  0.74%     -  228s
     0     0 200060.178    0 1647 201553.112 200060.178  0.74%     -  229s
     0     0 200061.020    0 1644 201553.112 200061.020  0.74%     -  231s
     0     0 200062.165    0 1639 201553.112 200062.165  0.74%     -  232s
     0     0 200063.466    0 1642 201553.112 200063.466  0.74%     -  233s
     0     0 200064.089    0 1640 201553.112 200064.089  0.74%     -  233s
     0     0 200064.715    0 1644 201553.112 200064.715  0.74%     -  234s
     0     0 200065.241    0 1646 201553.112 200065.241  0.74%     -  234s
     0     0 200065.933    0 1638 201553.112 200065.933  0.74%     -  235s
     0     0 200066.606    0 1646 201553.112 200066.606  0.74%     -  236s
     0     0 200067.177    0 1654 201553.112 200067.177  0.74%     -  238s
     0     0 200067.560    0 1653 201553.112 200067.560  0.74%     -  238s
     0     0 200067.950    0 1652 201553.112 200067.950  0.74%     -  239s
     0     0 200068.577    0 1654 201553.112 200068.577  0.74%     -  239s
     0     0 200068.977    0 1642 201553.112 200068.977  0.74%     -  240s
     0     0 200069.867    0 1654 201553.112 200069.867  0.74%     -  241s
     0     0 200070.179    0 1651 201553.112 200070.179  0.74%     -  242s
     0     0 200070.438    0 1652 201553.112 200070.438  0.74%     -  243s
     0     0 200070.992    0 1655 201553.112 200070.992  0.74%     -  244s
     0     0 200071.381    0 1651 201553.112 200071.381  0.74%     -  245s
     0     0 200071.664    0 1651 201553.112 200071.664  0.74%     -  246s
     0     0 200072.291    0 1655 201553.112 200072.291  0.73%     -  247s
     0     0 200072.780    0 1654 201553.112 200072.780  0.73%     -  249s
     0     0 200073.797    0 1658 201553.112 200073.797  0.73%     -  249s
     0     0 200074.632    0 1658 201553.112 200074.632  0.73%     -  250s
     0     0 200075.360    0 1666 201553.112 200075.360  0.73%     -  251s
     0     0 200076.163    0 1652 201553.112 200076.163  0.73%     -  252s
     0     0 200077.311    0 1660 201553.112 200077.311  0.73%     -  253s
     0     0 200077.693    0 1658 201553.112 200077.693  0.73%     -  254s
     0     0 200078.108    0 1659 201553.112 200078.108  0.73%     -  255s
     0     0 200079.363    0 1666 201553.112 200079.363  0.73%     -  257s
     0     0 200080.291    0 1654 201553.112 200080.291  0.73%     -  258s
     0     0 200080.851    0 1666 201553.112 200080.851  0.73%     -  260s
     0     0 200081.318    0 1662 201553.112 200081.318  0.73%     -  261s
     0     0 200081.737    0 1660 201553.112 200081.737  0.73%     -  262s
     0     0 200082.339    0 1666 201553.112 200082.339  0.73%     -  263s
     0     0 200082.769    0 1659 201553.112 200082.769  0.73%     -  264s
     0     0 200083.329    0 1666 201553.112 200083.329  0.73%     -  266s
     0     0 200083.930    0 1667 201553.112 200083.930  0.73%     -  267s
     0     0 200084.259    0 1667 201553.112 200084.259  0.73%     -  268s
     0     0 200084.624    0 1666 201553.112 200084.624  0.73%     -  268s
     0     0 200085.363    0 1665 201553.112 200085.363  0.73%     -  269s
     0     0 200085.925    0 1665 201553.112 200085.925  0.73%     -  270s
     0     0 200086.268    0 1669 201553.112 200086.268  0.73%     -  270s
     0     0 200086.675    0 1664 201553.112 200086.675  0.73%     -  271s
     0     0 200087.175    0 1670 201553.112 200087.175  0.73%     -  272s
     0     0 200087.571    0 1673 201553.112 200087.571  0.73%     -  273s
     0     0 200087.872    0 1666 201553.112 200087.872  0.73%     -  274s
     0     0 200088.278    0 1667 201553.112 200088.278  0.73%     -  276s
     0     0 200088.514    0 1669 201553.112 200088.514  0.73%     -  276s
     0     0 200088.844    0 1675 201553.112 200088.844  0.73%     -  277s
     0     0 200089.118    0 1670 201553.112 200089.118  0.73%     -  279s
     0     0 200089.422    0 1668 201553.112 200089.422  0.73%     -  279s
     0     0 200089.671    0 1669 201553.112 200089.671  0.73%     -  280s
     0     0 200090.185    0 1669 201553.112 200090.185  0.73%     -  281s
     0     0 200090.425    0 1666 201553.112 200090.425  0.73%     -  282s
     0     0 200091.158    0 1667 201553.112 200091.158  0.73%     -  283s
     0     0 200091.826    0 1659 201553.112 200091.826  0.73%     -  285s
     0     0 200092.575    0 1671 201553.112 200092.575  0.72%     -  286s
     0     0 200093.012    0 1677 201553.112 200093.012  0.72%     -  287s
     0     0 200093.451    0 1675 201553.112 200093.451  0.72%     -  288s
     0     0 200093.802    0 1680 201553.112 200093.802  0.72%     -  289s
     0     0 200094.261    0 1674 201553.112 200094.261  0.72%     -  291s
     0     0 200094.704    0 1673 201553.112 200094.704  0.72%     -  292s
     0     0 200095.366    0 1682 201553.112 200095.366  0.72%     -  293s
     0     0 200095.742    0 1676 201553.112 200095.742  0.72%     -  294s
     0     0 200096.360    0 1679 201553.112 200096.360  0.72%     -  295s
     0     0 200096.896    0 1675 201553.112 200096.896  0.72%     -  296s
     0     0 200097.320    0 1679 201553.112 200097.320  0.72%     -  297s
     0     0 200097.649    0 1673 201553.112 200097.649  0.72%     -  298s
     0     0 200097.971    0 1680 201553.112 200097.971  0.72%     -  299s
     0     0 200098.304    0 1668 201553.112 200098.304  0.72%     -  300s
     0     0 200098.649    0 1678 201553.112 200098.649  0.72%     -  301s
     0     0 200098.991    0 1677 201553.112 200098.991  0.72%     -  302s
     0     0 200099.341    0 1676 201553.112 200099.341  0.72%     -  303s
     0     0 200099.704    0 1680 201553.112 200099.704  0.72%     -  304s
     0     0 200100.191    0 1681 201553.112 200100.191  0.72%     -  305s
     0     0 200100.685    0 1682 201553.112 200100.685  0.72%     -  306s
     0     0 200101.297    0 1675 201553.112 200101.297  0.72%     -  308s
     0     0 200101.897    0 1680 201553.112 200101.897  0.72%     -  310s
     0     0 200102.165    0 1674 201553.112 200102.165  0.72%     -  311s
     0     0 200102.644    0 1679 201553.112 200102.644  0.72%     -  312s
     0     0 200102.886    0 1680 201553.112 200102.886  0.72%     -  313s
     0     0 200103.248    0 1679 201553.112 200103.248  0.72%     -  313s
     0     0 200104.016    0 1679 201553.112 200104.016  0.72%     -  315s
     0     0 200104.381    0 1682 201553.112 200104.381  0.72%     -  316s
     0     0 200104.798    0 1682 201553.112 200104.798  0.72%     -  317s
     0     0 200105.087    0 1692 201553.112 200105.087  0.72%     -  318s
     0     0 200105.470    0 1679 201553.112 200105.470  0.72%     -  318s
     0     0 200106.112    0 1693 201553.112 200106.112  0.72%     -  319s
     0     0 200106.474    0 1691 201553.112 200106.474  0.72%     -  321s
     0     0 200106.755    0 1687 201553.112 200106.755  0.72%     -  322s
     0     0 200107.349    0 1694 201553.112 200107.349  0.72%     -  324s
     0     0 200107.699    0 1694 201553.112 200107.699  0.72%     -  325s
     0     0 200107.938    0 1692 201553.112 200107.938  0.72%     -  326s
     0     0 200108.301    0 1683 201553.112 200108.301  0.72%     -  327s
     0     0 200108.730    0 1695 201553.112 200108.730  0.72%     -  329s
     0     0 200109.026    0 1677 201553.112 200109.026  0.72%     -  330s
     0     0 200109.787    0 1693 201553.112 200109.787  0.72%     -  332s
     0     0 200110.111    0 1694 201553.112 200110.111  0.72%     -  334s
     0     0 200110.733    0 1700 201553.112 200110.733  0.72%     -  335s
     0     0 200111.171    0 1692 201553.112 200111.171  0.72%     -  336s
     0     0 200111.523    0 1689 201553.112 200111.523  0.72%     -  336s
     0     0 200111.816    0 1694 201553.112 200111.816  0.72%     -  337s
     0     0 200111.992    0 1693 201553.112 200111.992  0.72%     -  337s
     0     0 200112.269    0 1689 201553.112 200112.269  0.71%     -  338s
     0     0 200112.727    0 1694 201553.112 200112.727  0.71%     -  339s
     0     0 200113.318    0 1698 201553.112 200113.318  0.71%     -  339s
     0     0 200113.773    0 1686 201553.112 200113.773  0.71%     -  340s
     0     0 200114.336    0 1694 201553.112 200114.336  0.71%     -  341s
     0     0 200114.645    0 1696 201553.112 200114.645  0.71%     -  341s
     0     0 200115.695    0 1680 201553.112 200115.695  0.71%     -  343s
     0     0 200116.810    0 1698 201553.112 200116.810  0.71%     -  345s
     0     0 200117.387    0 1698 201553.112 200117.387  0.71%     -  346s
     0     0 200117.737    0 1691 201553.112 200117.737  0.71%     -  348s
     0     0 200118.231    0 1698 201553.112 200118.231  0.71%     -  349s
     0     0 200118.517    0 1695 201553.112 200118.517  0.71%     -  350s
     0     0 200118.948    0 1693 201553.112 200118.948  0.71%     -  352s
     0     0 200119.277    0 1692 201553.112 200119.277  0.71%     -  353s
     0     0 200119.820    0 1644 201553.112 200119.820  0.71%     -  353s
     0     0 200120.164    0 1694 201553.112 200120.164  0.71%     -  354s
     0     0 200120.945    0 1698 201553.112 200120.945  0.71%     -  357s
     0     0 200121.256    0 1705 201553.112 200121.256  0.71%     -  357s
     0     0 200121.492    0 1690 201553.112 200121.492  0.71%     -  358s
     0     0 200121.918    0 1701 201553.112 200121.918  0.71%     -  359s
     0     0 200122.353    0 1705 201553.112 200122.353  0.71%     -  361s
     0     0 200122.685    0 1702 201553.112 200122.685  0.71%     -  363s
     0     0 200122.955    0 1700 201553.112 200122.955  0.71%     -  364s
     0     0 200123.273    0 1699 201553.112 200123.273  0.71%     -  365s
     0     0 200123.503    0 1697 201553.112 200123.503  0.71%     -  367s
     0     0 200123.801    0 1700 201553.112 200123.801  0.71%     -  367s
     0     0 200124.126    0 1702 201553.112 200124.126  0.71%     -  368s
     0     0 200124.346    0 1695 201553.112 200124.346  0.71%     -  369s
     0     0 200124.524    0 1701 201553.112 200124.524  0.71%     -  370s
     0     0 200124.872    0 1700 201553.112 200124.872  0.71%     -  371s
     0     0 200125.413    0 1707 201553.112 200125.413  0.71%     -  372s
     0     0 200125.899    0 1701 201553.112 200125.899  0.71%     -  374s
     0     0 200126.287    0 1708 201553.112 200126.287  0.71%     -  375s
     0     0 200126.534    0 1704 201553.112 200126.534  0.71%     -  377s
     0     0 200126.773    0 1706 201553.112 200126.773  0.71%     -  377s
     0     0 200127.065    0 1701 201553.112 200127.065  0.71%     -  378s
     0     0 200127.599    0 1710 201553.112 200127.599  0.71%     -  379s
     0     0 200128.142    0 1705 201553.112 200128.142  0.71%     -  380s
     0     0 200128.890    0 1717 201553.112 200128.890  0.71%     -  382s
     0     0 200129.275    0 1710 201553.112 200129.275  0.71%     -  384s
     0     0 200129.811    0 1718 201553.112 200129.811  0.71%     -  386s
     0     0 200130.021    0 1708 201553.112 200130.021  0.71%     -  387s
     0     0 200130.257    0 1664 201553.112 200130.257  0.71%     -  388s
     0     0 200130.470    0 1662 201553.112 200130.470  0.71%     -  389s
     0     0 200130.806    0 1711 201553.112 200130.806  0.71%     -  390s
     0     0 200131.096    0 1664 201553.112 200131.096  0.71%     -  391s
     0     0 200131.371    0 1661 201553.112 200131.371  0.71%     -  392s
     0     0 200131.712    0 1709 201553.112 200131.712  0.71%     -  393s
     0     0 200132.185    0 1658 201553.112 200132.185  0.70%     -  394s
     0     0 200132.625    0 1666 201553.112 200132.625  0.70%     -  396s
     0     0 200132.851    0 1657 201553.112 200132.851  0.70%     -  397s
     0     0 200133.170    0 1662 201553.112 200133.170  0.70%     -  398s
     0     0 200133.353    0 1664 201553.112 200133.353  0.70%     -  399s
     0     0 200133.795    0 1714 201553.112 200133.795  0.70%     -  400s
     0     0 200134.217    0 1664 201553.112 200134.217  0.70%     -  401s
     0     0 200134.496    0 1708 201553.112 200134.496  0.70%     -  403s
     0     0 200134.766    0 1714 201553.112 200134.766  0.70%     -  404s
     0     0 200135.402    0 1707 201553.112 200135.402  0.70%     -  405s
     0     0 200135.762    0 1683 201553.112 200135.762  0.70%     -  406s
     0     0 200136.137    0 1693 201553.112 200136.137  0.70%     -  407s
     0     0 200136.475    0 1696 201553.112 200136.475  0.70%     -  409s
     0     0 200136.745    0 1696 201553.112 200136.745  0.70%     -  411s
     0     0 200137.151    0 1697 201553.112 200137.151  0.70%     -  412s
     0     0 200137.576    0 1696 201553.112 200137.576  0.70%     -  413s
     0     0 200138.049    0 1649 201553.112 200138.049  0.70%     -  414s
     0     0 200138.454    0 1699 201553.112 200138.454  0.70%     -  416s
     0     0 200138.680    0 1706 201553.112 200138.680  0.70%     -  418s
     0     0 200139.029    0 1697 201553.112 200139.029  0.70%     -  420s
     0     0 200139.676    0 1693 201553.112 200139.676  0.70%     -  423s
     0     0 200140.284    0 1697 201553.112 200140.284  0.70%     -  424s
     0     0 200140.547    0 1700 201553.112 200140.547  0.70%     -  425s
     0     0 200140.906    0 1697 201553.112 200140.906  0.70%     -  426s
     0     0 200141.614    0 1705 201553.112 200141.614  0.70%     -  428s
     0     0 200142.071    0 1700 201553.112 200142.071  0.70%     -  429s
     0     0 200142.400    0 1697 201553.112 200142.400  0.70%     -  431s
     0     0 200142.812    0 1700 201553.112 200142.812  0.70%     -  432s
     0     0 200143.019    0 1700 201553.112 200143.019  0.70%     -  432s
     0     0 200143.248    0 1642 201553.112 200143.248  0.70%     -  433s
     0     0 200143.365    0 1705 201553.112 200143.365  0.70%     -  435s
     0     0 200145.160    0 1690 201553.112 200145.160  0.70%     -  437s
     0     0 200145.790    0 1709 201553.112 200145.790  0.70%     -  439s
     0     0 200148.454    0 1674 201553.112 200148.454  0.70%     -  446s
     0     0 200149.476    0 1701 201553.112 200149.476  0.70%     -  450s
H    0     0                    200930.11200 200149.478  0.39%     -  474s
     0     2 200149.795    0 1693 200930.112 200149.795  0.39%     -  476s
     1     3 200153.880    1 1676 200930.112 200149.795  0.39%  1354  481s
     2     4 200284.009    1 1121 200930.112 200153.885  0.39%  4654  495s
     3     5 200217.879    2 1504 200930.112 200153.890  0.39%  4134  517s
     4     6 200168.504    2 1602 200930.112 200168.504  0.38%  3838  524s
     8    10 200172.115    6 1590 200930.112 200168.504  0.38%  2027  525s
    12    14 200219.893    9 1405 200930.112 200168.504  0.38%  1674  531s
    14    16 200406.318   10 1404 200930.112 200168.504  0.38%  1704  537s
    17    19 200180.179   12 1582 200930.112 200168.504  0.38%  1501  540s
    20    22 200226.322   14 1401 200930.112 200168.504  0.38%  1430  545s
    25    27 200273.316   18 1385 200930.112 200168.504  0.38%  1321  554s
    26    28 200236.460   18 1425 200930.112 200168.504  0.38%  1427  560s
    27    29 200249.735   19 1476 200930.112 200168.504  0.38%  1489  566s
    29    31 200404.095   20 1159 200930.112 200168.504  0.38%  1564  575s
    32    34 200352.350   22 1231 200930.112 200168.504  0.38%  1752  594s
    34    36 200358.338   23 1227 200930.112 200168.504  0.38%  1790  603s
    37    38 200303.476   25 1451 200930.112 200168.504  0.38%  1764  610s
    39    40 200443.580   26 1160 200930.112 200168.504  0.38%  1811  619s
    40    41 200251.247   26 1409 200930.112 200168.504  0.38%  1774  620s
    41    42 200309.843   27 1435 200930.112 200168.504  0.38%  1857  629s
    42    43 200253.163   27 1405 200930.112 200168.504  0.38%  1824  630s
    43    44 200299.647   28 1466 200930.112 200168.504  0.38%  1854  636s
    45    46 200306.978   29 1465 200930.112 200168.504  0.38%  1853  644s
    46    47 200259.388   29 1400 200930.112 200168.504  0.38%  1826  645s
    47    48 200469.931   30 1155 200930.112 200168.504  0.38%  1880  653s
    50    51 200312.874   32 1456 200930.112 200168.504  0.38%  1863  659s
    51    52 200265.489   32 1390 200930.112 200168.504  0.38%  1835  660s
    52    53 200357.328   33 1378 200930.112 200168.504  0.38%  1884  668s
    54    55 200309.905   34 1463 200930.112 200168.504  0.38%  1868  674s
    55    56 200272.760   34 1389 200930.112 200168.504  0.38%  1840  675s
    56    57 200347.289   35 1427 200930.112 200168.504  0.38%  1880  682s
    58    59 200335.788   36 1449 200930.112 200168.504  0.38%  1964  696s
    64    63 200300.766   39 1395 200930.112 200168.504  0.38%  1836  702s
    66    65 200326.341   40 1437 200930.112 200168.504  0.38%  1820  706s
    68    67 200452.475   41 1182 200930.112 200168.504  0.38%  1830  713s
    70    69 200355.644   42 1433 200930.112 200168.504  0.38%  1817  717s
    74    73 200362.812   44 1422 200930.112 200168.504  0.38%  1775  725s
H   81    78                    200887.39200 200168.504  0.36%  1656  730s
    84    83 200443.076   51 1339 200887.392 200168.504  0.36%  1661  736s
    86    85 200448.175   52 1344 200887.392 200168.504  0.36%  1668  742s
    90    89 200602.312   54 1146 200887.392 200168.504  0.36%  1650  748s
    92    91 200381.775   55 1409 200887.392 200168.504  0.36%  1644  754s
    94    93 200615.600   56 1146 200887.392 200168.504  0.36%  1654  762s
    96    95 200537.892   57 1153 200887.392 200168.504  0.36%  1662  769s
    98    97 200331.070   58 1273 200887.392 200168.504  0.36%  1647  771s
   103   100 200543.161   60  665 200887.392 200168.504  0.36%  1626  776s
H  108   103                    200798.39200 200168.504  0.31%  1553  776s
H  108   103                    200669.99200 200168.504  0.25%  1553  776s
   124   118 200614.808   74  572 200669.992 200168.504  0.25%  1379  780s
   154   126     cutoff    3      200669.992 200169.499  0.25%  1170  786s
   156   124     cutoff    5      200669.992 200171.271  0.25%  1169  790s
   157   125 200224.851    6 1432 200669.992 200172.116  0.25%  1186  795s
   175   140 200278.790   21 1345 200669.992 200172.116  0.25%  1086  800s
   194   153 200416.697   36 1208 200669.992 200172.116  0.25%  1017  805s
   204   158     cutoff   42      200669.992 200172.116  0.25%  1041  815s
   235   172 200351.727   62 1195 200669.992 200172.116  0.25%   930  820s
   243   178 200651.298   68  653 200669.992 200172.116  0.25%   935  825s
   259   184 200550.407   79  664 200669.992 200172.116  0.25%   908  830s
   265   184 200231.925    7 1434 200669.992 200173.916  0.25%   907  835s
   281   198     cutoff   23      200669.992 200173.916  0.25%   877  840s
   285   202 200259.181   25 1334 200669.992 200173.916  0.25%   885  848s
   291   206 200313.096   29 1331 200669.992 200173.916  0.25%   874  850s
   309   221 200491.658   45  776 200669.992 200173.916  0.25%   846  855s
   325   232 200403.714   56 1083 200669.992 200173.916  0.25%   826  860s
   329   234 200620.369   59  648 200669.992 200173.916  0.25%   848  865s
   339   242 200634.411   65  745 200669.992 200173.916  0.25%   854  871s
   351   248 200541.444   73  896 200669.992 200173.916  0.25%   835  878s
   376   263     cutoff   93      200669.992 200173.916  0.25%   786  880s
   391   261 200236.810    8 1420 200669.992 200178.147  0.25%   770  886s
   408   278 200358.459   24 1064 200669.992 200178.147  0.25%   753  891s
   434   298 200581.985   45  930 200669.992 200178.147  0.25%   724  895s
   468   302 200195.131   13 1610 200669.992 200180.903  0.24%   694  904s
   469   303 200216.168   14 1580 200669.992 200180.903  0.24%   698  907s
   473   307 200232.383   18 1551 200669.992 200180.903  0.24%   697  928s
   476   310 200241.398   21 1550 200669.992 200180.903  0.24%   697  930s
   485   319 200259.728   30 1537 200669.992 200180.903  0.24%   692  935s
   493   327 200277.839   37 1466 200669.992 200180.903  0.24%   689  940s
   501   335 200399.262   44 1233 200669.992 200180.903  0.24%   693  949s
   503   337 200311.292   45 1466 200669.992 200180.903  0.24%   694  951s
   507   341 200310.972   48 1464 200669.992 200180.903  0.24%   696  955s
   522   354 200341.871   60 1398 200669.992 200180.903  0.24%   684  960s
   542   372 200391.647   77 1337 200669.992 200180.903  0.24%   669  965s
   557   385 200423.557   89 1121 200669.992 200180.903  0.24%   661  970s
   563   389 200432.217   91 1099 200669.992 200180.903  0.24%   666  975s
   568   393 200488.035   95 1126 200669.992 200180.903  0.24%   671  980s
   574   397     cutoff   98      200669.992 200180.903  0.24%   676  986s
   588   406 infeasible  111      200669.992 200180.903  0.24%   678  992s
   590   406     cutoff  112      200669.992 200180.903  0.24%   680  995s
   601   409     cutoff  114      200669.992 200180.903  0.24%   681 1000s
   603   409 200225.678   15 1624 200669.992 200182.393  0.24%   690 1010s
   606   412 200269.179   18 1438 200669.992 200182.393  0.24%   694 1015s
   609   415 200310.136   21 1499 200669.992 200182.393  0.24%   697 1020s
   614   420 200390.143   26 1219 200669.992 200182.393  0.24%   701 1026s
   619   425 200617.567   30  589 200669.992 200182.393  0.24%   710 1032s
   627   433 200430.679   38 1192 200669.992 200182.393  0.24%   706 1035s
H  634   416                    200628.39200 200182.393  0.22%   701 1040s
   635   417 200343.137   61 1701 200628.392 200182.393  0.22%   700 1069s
   637   418 200246.156   12 1142 200628.392 200182.393  0.22%   697 1070s
   639   420 200287.920   27 1270 200628.392 200182.393  0.22%   695 1076s
   640   420 200521.085   72 1400 200628.392 200182.393  0.22%   694 1082s
   641   421 200326.440   41 1620 200628.392 200182.393  0.22%   693 1091s
   642   422 200305.131   27 1670 200628.392 200182.393  0.22%   692 1096s
   643   422 200349.671   33 1687 200628.392 200182.393  0.22%   691 1100s
   648   426 200244.693   24 1708 200628.392 200182.393  0.22%   686 1106s
   649   426 200183.844   17 1674 200628.392 200182.393  0.22%   684 1115s
   651   428 200287.983   25 1686 200628.392 200182.393  0.22%   682 1120s
   654   430 200284.015    2 1686 200628.392 200182.393  0.22%   679 1129s
   655   430 200337.348   25 1708 200628.392 200182.393  0.22%   678 1130s
   659   433 200310.517   28 1711 200628.392 200182.393  0.22%   674 1141s
   662   435 200375.514   32 1720 200628.392 200182.393  0.22%   671 1146s
   663   436 200415.971   36 1709 200628.392 200182.393  0.22%   670 1152s
   665   437 200273.318   19 1716 200628.392 200182.393  0.22%   668 1155s
   667   438 200314.653   53 1702 200628.392 200182.393  0.22%   666 1165s
   670   440 200474.345   42 1718 200628.392 200182.393  0.22%   663 1170s
   671   441 200391.154   77 1697 200628.392 200182.393  0.22%   662 1177s
   673   442 200343.137   61 1710 200628.392 200182.400  0.22%   660 1180s
   675   444 200360.906   66 1690 200628.392 200184.217  0.22%   658 1187s
   677   445 200290.085   28 1722 200628.392 200184.837  0.22%   656 1191s
   678   446 200336.366   37 1709 200628.392 200187.260  0.22%   655 1198s
   679   446 200279.760   39 1717 200628.392 200188.018  0.22%   654 1200s
   682   448 200224.872    7 1732 200628.392 200189.104  0.22%   651 1209s
   683   449 200374.675   68 1722 200628.392 200189.580  0.22%   650 1211s
   686   451 200242.310   12 1726 200628.392 200190.490  0.22%   648 1216s
   687   452 200259.732   31 1720 200628.392 200191.323  0.22%   647 1223s
   688   452 200293.959   50 1737 200628.392 200192.014  0.22%   646 1225s
   691   454 200248.351   20 1729 200628.392 200193.015  0.22%   643 1232s
   693   456 200310.972   49 1737 200628.392 200193.596  0.22%   641 1237s
   694   456 200336.259   54 1696 200628.392 200194.368  0.22%   640 1242s
   696   458 200614.404   74 1733 200628.392 200195.064  0.22%   638 1246s
   698   459 200614.954   72 1706 200628.392 200195.984  0.22%   636 1255s
   701   461 200614.954   72 1693 200628.392 200197.183  0.21%   634 1267s
   702   462 200615.228   76 1693 200628.392 200197.183  0.21%   633 1274s
   703   462 200197.183   17 1693 200628.392 200197.183  0.21%   632 1289s
   704   465 200240.293   12 1391 200628.392 200197.376  0.21%   760 1302s
   706   466 200198.453   13 1660 200628.392 200197.926  0.21%   759 1305s
   707   467 200293.665   13 1378 200628.392 200198.455  0.21%   766 1313s
   708   468 200211.501   14 1590 200628.392 200198.456  0.21%   770 1319s
   709   468 200199.135   14 1648 200628.392 200199.135  0.21%   770 1320s
   713   469 200571.004   16 1200 200628.392 200199.972  0.21%   779 1329s
   714   470 200200.041   17 1664 200628.392 200199.975  0.21%   779 1330s
   717   472 200402.938   18 1347 200628.392 200200.156  0.21%   786 1336s
   720   474 200202.241   20 1624 200628.392 200201.250  0.21%   787 1340s
   727   478 200280.093   23 1356 200628.392 200201.250  0.21%   793 1352s
   730   478 200205.059   25 1595 200628.392 200201.250  0.21%   793 1355s
   733   480 200249.767   26 1393 200628.392 200201.250  0.21%   799 1364s
   734   481 200205.962   27 1585 200628.392 200201.250  0.21%   799 1365s
   735   482 200295.474   27 1365 200628.392 200201.250  0.21%   806 1371s
   737   483 200206.971   28 1579 200628.392 200201.250  0.21%   807 1375s
   739   484 200305.475   29 1332 200628.392 200201.250  0.21%   817 1386s
   741   486 200228.321   30 1600 200628.392 200201.250  0.21%   820 1391s
   742   486 200234.915   31 1587 200628.392 200201.250  0.21%   825 1397s
   745   488 200362.225   32 1315 200628.392 200201.250  0.21%   832 1406s
   747   490 200239.725   33 1584 200628.392 200201.250  0.21%   836 1412s
   748   490 200217.283   34 1606 200628.392 200201.250  0.21%   839 1415s
   750   492 200238.204   35 1590 200628.392 200201.250  0.21%   844 1422s
   753   494 200217.637   36 1591 200628.392 200201.250  0.21%   845 1427s
   754   494 200261.255   37 1551 200628.392 200201.250  0.21%   850 1434s
   756   496 200215.985   38 1439 200628.392 200201.250  0.21%   849 1435s
   757   496 200284.814   38 1371 200628.392 200201.250  0.21%   856 1443s
   759   498 200447.061   39 1297 200628.392 200201.250  0.21%   863 1449s
   760   498 200240.140   40 1399 200628.392 200201.250  0.21%   867 1452s
   761   499 200264.580   40 1420 200628.392 200201.250  0.21%   870 1456s
   763   500 200467.097   41  960 200628.392 200201.250  0.21%   873 1461s
   767   503 200277.277   43 1512 200628.392 200201.250  0.21%   880 1468s
   769   504 200291.703   44 1503 200628.392 200201.250  0.21%   885 1474s
   770   505 200249.100   45 1386 200628.392 200201.250  0.21%   884 1475s
   771   506 200473.346   45 1192 200628.392 200201.250  0.21%   892 1483s
   773   507 200250.173   46 1367 200628.392 200201.250  0.21%   892 1485s
   776   509 200252.919   48 1352 200628.392 200201.250  0.21%   897 1490s
   780   510 200253.893   50 1346 200628.392 200201.250  0.21%   901 1495s
   785   513 200292.565   52 1111 200628.392 200201.250  0.21%   903 1501s
   789   516 200495.620   54 1166 200628.392 200201.250  0.21%   907 1508s
   791   517 200339.432   55 1118 200628.392 200201.250  0.21%   908 1510s
   797   517     cutoff   58      200628.392 200201.250  0.21%   912 1516s
   799   518 200328.841   59 1413 200628.392 200201.250  0.21%   917 1520s
   801   520 200454.160   60 1158 200628.392 200201.250  0.21%   922 1528s
   804   522 200405.665   62  765 200628.392 200201.250  0.21%   925 1531s
   807   524 200494.163   63  633 200628.392 200201.250  0.21%   931 1535s
   811   524 200495.992   65  633 200628.392 200201.250  0.21%   931 1540s
   819   524     cutoff   69      200628.392 200201.250  0.21%   931 1545s
   833   527     cutoff   76      200628.392 200201.250  0.21%   924 1550s
   841   532 200562.372   80 1012 200628.392 200201.250  0.21%   929 1555s
   857   541 200441.201   88  797 200628.392 200201.250  0.21%   922 1560s
   882   554     cutoff  101      200628.392 200201.250  0.21%   907 1565s
   892   558 200452.864  106  901 200628.392 200201.250  0.21%   899 1571s
   907   562 200584.564  114  742 200628.392 200201.250  0.21%   892 1575s
   932   569     cutoff  127      200628.392 200201.250  0.21%   878 1580s
   988   576 200201.691   18 1625 200628.392 200201.279  0.21%   836 1593s
   989   577 200209.104   19 1649 200628.392 200201.279  0.21%   840 1598s
   990   578 200214.002   19 1664 200628.392 200201.279  0.21%   843 1603s
   992   579 200233.776   20 1407 200628.392 200201.279  0.21%   846 1609s
   994   580 200272.250   21 1367 200628.392 200201.279  0.21%   847 1611s
   996   582 200445.515   22 1293 200628.392 200201.279  0.21%   851 1615s
  1001   585 200296.258   25 1290 200628.392 200201.279  0.21%   854 1620s
  1003   586 200298.481   26 1285 200628.392 200201.279  0.21%   853 1630s
  1011   592 200309.984   30 1254 200628.392 200201.279  0.21%   855 1635s
  1017   596 200317.698   33 1245 200628.392 200201.279  0.21%   857 1640s
  1028   599 200370.872   38 1107 200628.392 200201.279  0.21%   857 1645s
  1045   600 200364.228   47 1053 200628.392 200201.279  0.21%   850 1650s
  1059   602 200525.234   54  813 200628.392 200201.279  0.21%   848 1655s
  1069   603 200531.357   59  774 200628.392 200201.279  0.21%   847 1660s
  1082   598 200542.560   65  744 200628.392 200201.279  0.21%   842 1673s
  1095   593 200412.489   18 1374 200628.392 200202.411  0.21%   842 1681s
  1096   593 200576.799   19  877 200628.392 200202.411  0.21%   847 1687s
  1119   588 200209.541   21 1641 200628.392 200202.416  0.21%   838 1706s
  1120   588 200231.393   22 1551 200628.392 200202.416  0.21%   842 1712s
  1121   589 200235.501   22 1543 200628.392 200202.416  0.21%   846 1717s
  1123   590 200363.676   23 1146 200628.392 200202.416  0.21%   849 1721s
  1125   590     cutoff   24      200628.392 200202.416  0.21%   853 1727s
  1127   591 200282.261   25 1510 200628.392 200202.416  0.21%   859 1734s
  1128   592 200237.140   26 1544 200628.392 200202.416  0.21%   859 1735s
  1131   594 200318.032   27 1311 200628.392 200202.416  0.21%   865 1743s
  1133   595 200497.195   28 1183 200628.392 200202.416  0.21%   870 1749s
  1134   596 200260.311   29 1479 200628.392 200202.416  0.21%   869 1750s
  1137   594     cutoff   30      200628.392 200202.416  0.21%   880 1761s
  1139   595 200265.222   31 1478 200628.392 200202.416  0.21%   884 1765s
  1157   595     cutoff   40      200628.392 200202.416  0.21%   879 1770s
  1163   592 200285.012   21 1329 200628.392 200203.061  0.21%   882 1777s
  1164   591     cutoff   22      200628.392 200203.061  0.21%   893 1788s
  1165   591 200414.149   22  941 200628.392 200203.061  0.21%   895 1790s
  1175   594     cutoff   27      200628.392 200203.061  0.21%   895 1795s
  1192   595 200469.235   36  855 200628.392 200203.061  0.21%   885 1804s
  1193   596 200507.978   36  853 200628.392 200203.061  0.21%   885 1805s
  1216   605 200506.705   48  789 200628.392 200203.061  0.21%   876 1810s
  1231   601 200253.130   23 1454 200628.392 200203.061  0.21%   875 1820s
  1233   603 200362.714   24 1019 200628.392 200203.061  0.21%   878 1825s
  1248   608 200381.995   33 1004 200628.392 200203.061  0.21%   876 1830s
  1258   607     cutoff   38      200628.392 200203.061  0.21%   878 1835s
  1273   611 200411.313   46  945 200628.392 200203.061  0.21%   873 1840s
  1293   619 200461.649   56  852 200628.392 200203.061  0.21%   868 1845s
  1331   633 200484.348   75  767 200628.392 200203.061  0.21%   851 1850s
  1363   636 200559.684   91  815 200628.392 200203.061  0.21%   841 1855s
  1382   639 200586.060  100  613 200628.392 200203.061  0.21%   833 1867s
  1389   634 200228.513   23 1677 200628.392 200203.879  0.21%   834 1882s
  1390   634 200235.313   24 1643 200628.392 200203.879  0.21%   836 1887s
  1391   635 200366.695   24 1153 200628.392 200203.879  0.21%   839 1891s
  1395   638 200497.352   26  909 200628.392 200203.879  0.21%   843 1895s
  1401   642 200564.949   29  813 200628.392 200203.879  0.21%   847 1900s
  1409   645 200433.248   33 1137 200628.392 200203.879  0.21%   849 1905s
  1413   646 200581.181   35  869 200628.392 200203.879  0.21%   853 1910s
  1427   647 200432.825   42 1062 200628.392 200203.879  0.21%   852 1915s
  1435   646 200546.989   46  963 200628.392 200203.879  0.21%   857 1923s
  1445   647     cutoff   51      200628.392 200203.879  0.21%   854 1925s
  1454   651 200492.022   56  791 200628.392 200203.879  0.21%   854 1930s
  1478   659 200521.867   68  744 200628.392 200203.879  0.21%   847 1935s
  1506   654 200235.854   20 1584 200628.392 200203.879  0.21%   842 1959s
  1507   654 200258.316   21 1538 200628.392 200203.879  0.21%   844 1963s
  1508   655 200373.005   21 1137 200628.392 200203.879  0.21%   847 1967s
  1512   658 200461.671   23  962 200628.392 200203.879  0.21%   848 1970s
  1517   659 200382.949   26 1134 200628.392 200203.879  0.21%   848 1981s
  1519   660 200389.447   27 1133 200628.392 200203.879  0.21%   850 1985s
  1530   658     cutoff   32      200628.392 200203.879  0.21%   850 1990s
  1540   660     cutoff   37      200628.392 200203.879  0.21%   853 1996s
  1553   663 200576.478   44  882 200628.392 200203.879  0.21%   853 2002s
  1561   668 200497.938   48  498 200628.392 200203.879  0.21%   852 2005s
  1603   673     cutoff   69      200628.392 200203.879  0.21%   836 2010s
  1628   672 200252.277   20 1680 200628.392 200204.219  0.21%   830 2022s
  1630   673 200268.905   22 1600 200628.392 200204.219  0.21%   831 2025s
  1637   678 200288.045   29 1545 200628.392 200204.219  0.21%   829 2030s
  1645   682 200306.645   37 1496 200628.392 200204.219  0.21%   828 2035s
  1653   688 200324.684   45 1455 200628.392 200204.219  0.21%   827 2040s
  1663   694 200348.789   55 1425 200628.392 200204.219  0.21%   825 2045s
  1675   700 200369.264   66 1382 200628.392 200204.219  0.21%   822 2050s
  1692   712 200402.282   83 1315 200628.392 200204.219  0.21%   817 2055s
  1698   716 200516.282   86 1075 200628.392 200204.219  0.21%   818 2060s
  1719   730 200444.194   95 1141 200628.392 200204.219  0.21%   812 2065s
  1726   732 200484.692   96 1141 200628.392 200204.219  0.21%   814 2070s
  1751   739     cutoff  114      200628.392 200204.219  0.21%   807 2075s
  1775   755 200527.289  122 1001 200628.392 200204.219  0.21%   801 2080s
  1791   764 infeasible  124      200628.392 200204.219  0.21%   799 2085s
  1801   766     cutoff  125      200628.392 200204.219  0.21%   800 2090s
  1814   753 200231.253   22 1686 200628.392 200204.221  0.21%   801 2115s
  1815   754 200249.371   23 1645 200628.392 200204.221  0.21%   803 2121s
  1819   756 200260.902   27 1631 200628.392 200204.221  0.21%   802 2125s
  1827   762 200276.636   35 1595 200628.392 200204.221  0.21%   801 2130s
  1832   765 200372.072   39 1339 200628.392 200204.221  0.21%   803 2137s
  1834   766 200309.675   41 1529 200628.392 200204.221  0.21%   803 2140s
  1841   771 200321.901   47 1481 200628.392 200204.221  0.21%   803 2145s
  1849   775 200341.950   55 1422 200628.392 200204.221  0.21%   802 2150s
  1859   782 200405.714   62 1284 200628.392 200204.221  0.21%   802 2156s
  1865   786 200379.928   70 1360 200628.392 200204.221  0.21%   801 2160s
  1883   798 200406.884   88 1257 200628.392 200204.221  0.21%   797 2165s
  1900   807 infeasible  104      200628.392 200204.221  0.21%   794 2171s
  1909   813 200436.421  107 1178 200628.392 200204.221  0.21%   794 2175s
  1925   824 200466.914  118 1106 200628.392 200204.221  0.21%   791 2180s
  1938   827 200473.721  124 1050 200628.392 200204.221  0.21%   791 2185s
  1977   848 200500.346  142  958 200628.392 200204.221  0.21%   780 2190s
  1994   853 200516.900  151  931 200628.392 200204.221  0.21%   776 2196s
  2000   857 200519.686  154  946 200628.392 200204.221  0.21%   774 2200s
  2013   856 200524.753  160  929 200628.392 200204.221  0.21%   771 2205s
  2056   850 200259.430   22 1705 200628.392 200205.746  0.21%   764 2223s
  2059   852 200265.687   25 1609 200628.392 200205.746  0.21%   763 2225s
  2065   856 200278.037   31 1559 200628.392 200205.746  0.21%   763 2230s
  2071   860 200308.138   37 1520 200628.392 200205.746  0.21%   764 2239s
  2074   862 200310.419   40 1497 200628.392 200205.746  0.21%   764 2240s
  2081   866 200321.278   46 1474 200628.392 200205.746  0.21%   764 2245s
  2091   873 200377.814   53 1337 200628.392 200205.746  0.21%   763 2252s
  2099   881 200368.259   62 1346 200628.392 200205.746  0.21%   762 2255s
  2110   892 200398.518   73 1254 200628.392 200205.746  0.21%   760 2260s
  2129   911 200523.310   92 1129 200628.392 200205.746  0.21%   757 2266s
  2133   913     cutoff   95      200628.392 200205.746  0.21%   758 2270s
  2140   916     cutoff  100      200628.392 200205.746  0.21%   759 2275s
  2153   925 200515.205  108 1053 200628.392 200205.746  0.21%   759 2280s
  2166   930     cutoff  115      200628.392 200205.746  0.21%   759 2285s
  2170   928 200322.298   26 1427 200628.392 200205.748  0.21%   764 2300s
  2177   935 200374.774   33 1328 200628.392 200205.748  0.21%   764 2305s
  2197   952 200414.039   52 1217 200628.392 200205.748  0.21%   759 2311s
  2218   973 200471.108   71 1119 200628.392 200205.748  0.21%   753 2315s
  2236   983 200241.267   26 1686 200628.392 200210.040  0.21%   754 2339s
  2237   984 200247.536   27 1611 200628.392 200210.040  0.21%   755 2342s
  2239   986 200251.624   29 1619 200628.392 200210.040  0.21%   755 2345s
  2244   991 200258.520   34 1593 200628.392 200210.040  0.21%   755 2350s
  2251   998 200268.057   41 1587 200628.392 200210.040  0.21%   754 2355s
  2255  1002 200275.377   44 1568 200628.392 200210.040  0.21%   754 2360s
  2258  1005 200305.325   47 1466 200628.392 200210.040  0.21%   758 2372s
  2263  1010 200335.355   52 1485 200628.392 200210.040  0.21%   758 2378s
  2266  1013 200315.022   54 1429 200628.392 200210.040  0.21%   758 2380s
  2268  1014 200376.287   53 1334 200628.392 200210.040  0.21%   761 2387s
  2269  1015 200354.029   54 1484 200628.392 200210.040  0.21%   763 2391s
  2275  1021 200338.794   60 1273 200628.392 200210.040  0.21%   762 2395s
  2285  1031 200365.097   70 1175 200628.392 200210.040  0.21%   761 2400s
  2297  1043 200393.411   82 1199 200628.392 200210.040  0.21%   759 2405s
  2305  1051 200428.904   90 1050 200628.392 200210.040  0.21%   758 2410s
  2308  1052 200486.360   87 1030 200628.392 200210.040  0.21%   761 2415s
  2315  1057     cutoff   92      200628.392 200210.040  0.21%   762 2420s
  2332  1074 200488.295  108  916 200628.392 200210.040  0.21%   759 2430s
  2371  1102     cutoff  129      200628.392 200210.040  0.21%   750 2435s
  2380  1106 200544.670  135  631 200628.392 200210.040  0.21%   748 2441s
  2430  1123 200592.961  157  564 200628.392 200210.040  0.21%   735 2445s
  2461  1126 200619.402  171  537 200628.392 200210.040  0.21%   727 2451s
  2464  1125 200339.305   29 1441 200628.392 200210.060  0.21%   731 2465s
  2473  1134 200391.754   38 1292 200628.392 200210.060  0.21%   730 2470s
  2485  1143     cutoff   49      200628.392 200210.060  0.21%   730 2475s
  2513  1165     cutoff   74      200628.392 200210.060  0.21%   725 2480s
  2524  1164 200250.451   29 1650 200628.392 200210.719  0.21%   726 2508s
  2525  1165 200271.850   30 1602 200628.392 200210.719  0.21%   728 2513s
  2527  1167 200278.249   32 1603 200628.392 200210.719  0.21%   727 2515s
  2533  1173 200306.670   38 1539 200628.392 200210.719  0.21%   727 2520s
  2539  1179 200321.825   44 1495 200628.392 200210.719  0.21%   727 2525s
  2546  1186 200347.746   51 1423 200628.392 200210.719  0.21%   727 2530s
  2555  1195 200369.639   57 1387 200628.392 200210.719  0.21%   726 2535s
  2562  1201 200388.238   63 1290 200628.392 200210.719  0.21%   726 2540s
  2569  1208 200410.447   70 1082 200628.392 200210.719  0.21%   726 2546s
  2580  1219 200446.169   81  987 200628.392 200210.719  0.21%   725 2550s
  2592  1231 200468.187   92 1051 200628.392 200210.719  0.21%   724 2555s
  2620  1257 200568.741  112  992 200628.392 200210.719  0.21%   720 2567s
  2629  1260     cutoff  117      200628.392 200210.719  0.21%   721 2570s
  2632  1261 200563.959  121  758 200628.392 200210.719  0.21%   721 2576s
  2659  1274 200590.829  131  737 200628.392 200210.719  0.21%   717 2580s
  2672  1278 200606.600  138  708 200628.392 200210.719  0.21%   714 2587s
  2677  1275 200217.410   21 1657 200628.392 200210.719  0.21%   715 2597s
  2679  1277 200221.141   23 1613 200628.392 200210.719  0.21%   716 2600s
  2683  1281 200229.498   27 1568 200628.392 200210.719  0.21%   716 2605s
  2689  1287 200238.734   33 1547 200628.392 200210.719  0.21%   716 2610s
  2695  1293 200248.346   39 1479 200628.392 200210.719  0.21%   715 2615s
  2697  1295 200252.346   40 1479 200628.392 200210.719  0.21%   717 2620s
  2701  1299 200258.319   44 1460 200628.392 200210.719  0.21%   716 2625s
  2704  1302 200276.663   47 1538 200628.392 200210.719  0.21%   717 2631s
  2707  1305 200279.660   49 1499 200628.392 200210.719  0.21%   718 2635s
  2711  1309 200310.243   53 1367 200628.392 200210.719  0.21%   719 2640s
  2717  1313     cutoff   58      200628.392 200210.719  0.21%   721 2648s
  2718  1314 200395.762   57 1401 200628.392 200210.719  0.21%   723 2651s
  2726  1322 200377.718   66 1218 200628.392 200210.719  0.21%   722 2655s
  2734  1330 200456.993   74 1285 200628.392 200210.719  0.21%   722 2662s
  2744  1340 200430.044   83 1004 200628.392 200210.719  0.21%   721 2665s
  2757  1353 200550.015   91 1181 200628.392 200210.719  0.21%   721 2670s
  2766  1362 200540.664   98 1110 200628.392 200210.719  0.21%   722 2675s
  2767  1363 200488.994  102  855 200628.392 200210.719  0.21%   722 2686s
  2772  1362     cutoff  101      200628.392 200210.719  0.21%   724 2690s
  2776  1364 200496.829  106  840 200628.392 200210.719  0.21%   723 2706s
  2795  1379 infeasible  118      200628.392 200210.719  0.21%   721 2710s
  2799  1377 200237.688   21 1725 200628.392 200211.502  0.21%   724 2733s
  2800  1378 200245.364   22 1684 200628.392 200211.502  0.21%   725 2737s
  2801  1379 200424.349   23 1424 200628.392 200211.502  0.21%   727 2741s
  2805  1383 200446.722   27 1365 200628.392 200211.502  0.21%   727 2745s
  2821  1394 200481.539   41 1340 200628.392 200211.502  0.21%   724 2750s
  2836  1407 200557.254   55 1165 200628.392 200211.502  0.21%   722 2755s
  2850  1407 200241.413   15 1662 200628.392 200214.011  0.21%   723 2783s
  2851  1408 200258.456   16 1616 200628.392 200214.011  0.21%   724 2787s
  2852  1409 200359.991   16 1195 200628.392 200214.011  0.21%   726 2791s
  2854  1411 200483.939   17  985 200628.392 200214.011  0.21%   727 2795s
  2858  1415 200516.184   19  914 200628.392 200214.011  0.21%   729 2800s
  2862  1417 200471.903   21  943 200628.392 200214.011  0.21%   731 2805s
  2868  1419 200514.863   24 1081 200628.392 200214.011  0.21%   733 2811s
  2875  1419     cutoff   28      200628.392 200214.011  0.21%   734 2816s
  2877  1421 200397.479   29 1178 200628.392 200214.011  0.21%   734 2832s
  2883  1423 200601.446   32  815 200628.392 200214.011  0.21%   735 2835s
  2897  1427     cutoff   39      200628.392 200214.011  0.21%   735 2841s
  2901  1429     cutoff   41      200628.392 200214.011  0.21%   738 2847s
  2903  1429     cutoff   42      200628.392 200214.011  0.21%   739 2850s
  2913  1437 200546.489   47  831 200628.392 200214.011  0.21%   740 2856s
  2919  1441     cutoff   50      200628.392 200214.011  0.21%   741 2860s
  2928  1446 200485.241   55  968 200628.392 200214.011  0.21%   742 2865s
  2932  1446 200492.073   57  956 200628.392 200214.011  0.21%   742 2904s
  2936  1450 200493.202   59  944 200628.392 200214.011  0.21%   742 2905s
  2947  1453 infeasible   64      200628.392 200214.011  0.21%   743 2910s
  2965  1465 200549.349   73  747 200628.392 200214.011  0.21%   741 2915s
  2988  1472 200318.697   20 1473 200628.392 200214.020  0.21%   741 2932s
  2991  1475 200341.997   23 1417 200628.392 200214.020  0.21%   741 2946s
  2994  1478 200351.761   26 1409 200628.392 200214.020  0.21%   741 2950s
  2997  1481 200370.990   29 1344 200628.392 200214.020  0.21%   741 2955s
  3006  1490 200462.308   38 1272 200628.392 200214.020  0.21%   740 2966s
  3022  1506 200499.218   54 1195 200628.392 200214.020  0.21%   737 2970s
  3029  1505     cutoff   56      200628.392 200214.020  0.21%   738 2975s
  3030  1506 200241.255   20 1733 200628.392 200217.307  0.20%   742 3007s
  3031  1507 200309.003   21 1552 200628.392 200217.307  0.20%   744 3013s
  3033  1509 200313.120   23 1562 200628.392 200217.307  0.20%   744 3015s
  3037  1513 200538.961   27  840 200628.392 200217.307  0.20%   747 3026s
  3066  1519 200281.412   35 1690 200628.392 200217.331  0.20%   745 3044s
  3067  1520 200284.841   36 1644 200628.392 200217.331  0.20%   745 3045s
  3072  1525 200296.120   41 1622 200628.392 200217.331  0.20%   745 3050s
  3074  1527 200313.336   43 1536 200628.392 200217.331  0.20%   746 3056s
  3081  1534 200336.089   50 1532 200628.392 200217.331  0.20%   746 3062s
  3082  1535 200378.115   50 1374 200628.392 200217.331  0.20%   747 3065s
  3096  1548 200441.779   64 1124 200628.392 200217.331  0.20%   745 3070s
  3097  1549 200446.389   65 1102 200628.392 200217.331  0.20%   745 3078s
  3103  1555 200489.046   71 1047 200628.392 200217.331  0.20%   745 3080s
  3120  1572 200568.392   87  918 200628.392 200217.331  0.20%   743 3085s
  3151  1591 200263.573   35 1642 200628.392 200217.411  0.20%   742 3101s
  3157  1597 200272.509   41 1592 200628.392 200217.411  0.20%   741 3105s
  3160  1600 200297.862   44 1474 200628.392 200217.411  0.20%   742 3110s
  3168  1607 200318.483   52 1452 200628.392 200217.411  0.20%   741 3115s
  3179  1618 200349.040   63 1342 200628.392 200217.411  0.20%   740 3120s
  3188  1627 200377.285   72 1295 200628.392 200217.411  0.20%   740 3125s
  3199  1638 200473.749   83 1100 200628.392 200217.411  0.20%   739 3130s
  3210  1639 200407.535   22 1290 200628.392 200217.644  0.20%   742 3144s
  3213  1642 200416.063   25 1239 200628.392 200217.644  0.20%   741 3145s
  3224  1653 200479.401   36 1094 200628.392 200217.644  0.20%   741 3150s
  3243  1671 200547.016   55  852 200628.392 200217.644  0.20%   739 3155s
  3256  1677 200267.057   37 1641 200628.392 200217.664  0.20%   740 3170s
  3264  1685 200276.320   45 1565 200628.392 200217.664  0.20%   739 3175s
  3271  1692 200290.286   52 1531 200628.392 200217.664  0.20%   739 3180s
  3276  1697 200326.857   57 1525 200628.392 200217.664  0.20%   739 3187s
  3277  1698 200347.017   58 1472 200628.392 200217.664  0.20%   739 3190s
  3285  1706 200584.504   66 1100 200628.392 200217.664  0.20%   739 3195s
  3297  1708 200335.591   37 1496 200628.392 200219.466  0.20%   741 3210s
  3298  1709 200496.062   38  926 200628.392 200219.466  0.20%   744 3218s
  3300  1709 200340.113   38 1448 200628.392 200219.466  0.20%   744 3220s
  3304  1713 200473.373   40 1317 200628.392 200219.466  0.20%   745 3225s
  3319  1717 200531.051   46 1280 200628.392 200219.466  0.20%   743 3230s
  3332  1718 200474.046   23 1464 200628.392 200221.189  0.20%   746 3247s
  3337  1723 200497.041   28 1383 200628.392 200221.189  0.20%   746 3250s
  3344  1728 200579.241   34 1176 200628.392 200221.189  0.20%   746 3255s
  3349  1725 200424.483   24 1474 200628.392 200222.818  0.20%   750 3271s
  3352  1726 200452.211   26 1435 200628.392 200222.818  0.20%   750 3275s
  3353  1725     cutoff   27      200628.392 200222.818  0.20%   753 3284s
  3358  1726 200468.124   29 1394 200628.392 200222.818  0.20%   752 3285s
  3362  1726 200483.714   31 1337 200628.392 200222.818  0.20%   753 3290s
  3370  1726     cutoff   36      200628.392 200222.818  0.20%   753 3295s
  3380  1726 200228.440   25 1620 200628.392 200224.093  0.20%   755 3312s
  3382  1728 200253.868   27 1481 200628.392 200224.093  0.20%   756 3319s
  3383  1729 200451.176   28 1243 200628.392 200224.093  0.20%   758 3326s
  3410  1754     cutoff   55      200628.392 200224.093  0.20%   753 3330s
  3432  1761 200438.933   26 1485 200628.392 200225.425  0.20%   754 3348s
  3435  1764 200454.432   29 1406 200628.392 200225.425  0.20%   753 3350s
  3453  1780 200538.800   46 1298 200628.392 200225.425  0.20%   751 3355s
  3470  1787     cutoff   57      200628.392 200225.425  0.20%   750 3360s
  3479  1785 200238.594   27 1614 200628.392 200228.321  0.20%   751 3372s
  3481  1787 200240.533   29 1568 200628.392 200228.321  0.20%   751 3375s
  3486  1792 200269.143   34 1466 200628.392 200228.321  0.20%   752 3383s
  3488  1794 200273.355   36 1445 200628.392 200228.321  0.20%   752 3385s
  3494  1800 200319.525   42 1280 200628.392 200228.321  0.20%   752 3393s
  3495  1801 200370.039   43 1398 200628.392 200228.321  0.20%   754 3397s
  3498  1804 200549.736   46 1012 200628.392 200228.321  0.20%   754 3401s
  3510  1809 200271.384   31 1699 200628.392 200228.326  0.20%   756 3417s
  3513  1812 200278.059   34 1651 200628.392 200228.326  0.20%   755 3420s
  3519  1818 200300.053   40 1543 200628.392 200228.326  0.20%   755 3425s
  3527  1826 200324.196   48 1490 200628.392 200228.326  0.20%   755 3430s
  3537  1835 200347.330   58 1490 200628.392 200228.326  0.20%   754 3435s
  3547  1845 200373.821   68 1436 200628.392 200228.326  0.20%   753 3440s
  3562  1860 200445.458   83 1332 200628.392 200228.326  0.20%   751 3445s
  3585  1881     cutoff  106      200628.392 200228.326  0.20%   749 3450s
  3590  1878     cutoff  104      200628.392 200228.326  0.20%   750 3455s
  3591  1879 200292.815   31 1708 200628.392 200228.441  0.20%   753 3475s
  3598  1886 200308.566   38 1628 200628.392 200228.441  0.20%   753 3480s
  3604  1892 200335.454   44 1539 200628.392 200228.441  0.20%   753 3485s
  3615  1902 200382.194   55 1514 200628.392 200228.441  0.20%   752 3491s
  3619  1905 200453.741   57 1282 200628.392 200228.441  0.20%   752 3495s
  3645  1931 200506.878   83 1106 200628.392 200228.441  0.20%   749 3500s
  3674  1950 infeasible  100      200628.392 200228.441  0.20%   746 3505s
  3686  1946 200492.661   26 1432 200628.392 200229.556  0.20%   748 3520s
  3715  1965     cutoff   28      200628.392 200231.253  0.20%   747 3536s
  3716  1966 200454.926   29 1491 200628.392 200231.261  0.20%   751 3550s
  3726  1976 200519.665   39 1308 200628.392 200231.261  0.20%   750 3555s
  3744  1985 200429.742   23 1484 200628.392 200231.953  0.20%   751 3573s
  3746  1987 200480.108   25 1416 200628.392 200231.953  0.20%   751 3575s
  3751  1985 200600.269   25  873 200628.392 200231.953  0.20%   753 3581s
  3753  1985 200282.769   27 1500 200628.392 200232.535  0.20%   755 3587s
  3755  1987 200536.474   28 1182 200628.392 200232.535  0.20%   756 3591s
  3757  1989 200534.447   29 1191 200628.392 200232.535  0.20%   757 3595s
  3761  1993 200480.855   31 1176 200628.392 200232.535  0.20%   759 3603s
  3763  1993     cutoff   32      200628.392 200232.535  0.20%   760 3607s
  3767  1995 200290.155   34 1443 200628.392 200232.535  0.20%   760 3610s
  3768  1994     cutoff   35      200628.392 200232.535  0.20%   762 3618s
  3771  1997 200342.147   36 1456 200628.392 200232.535  0.20%   763 3622s
  3774  2000 200402.057   37 1372 200628.392 200232.535  0.20%   764 3627s
  3776  2002 200543.065   38 1160 200628.392 200232.535  0.20%   765 3632s
  3780  2006 200298.223   40 1373 200628.392 200232.535  0.20%   765 3635s
  3784  2008 200340.585   42 1379 200628.392 200232.535  0.20%   766 3641s
  3786  2010 200393.463   43 1312 200628.392 200232.535  0.20%   767 3645s
  3790  2012 200336.679   45 1306 200628.392 200232.535  0.20%   768 3652s
  3792  2014 200430.089   46 1330 200628.392 200232.535  0.20%   769 3655s
  3796  2018 200335.709   48 1396 200628.392 200232.535  0.20%   770 3660s
  3798  2020 200387.613   49 1383 200628.392 200232.535  0.20%   771 3665s
  3800  2022 200563.328   50 1124 200628.392 200232.535  0.20%   772 3670s
  3802  2024 200467.549   51  635 200628.392 200232.535  0.20%   774 3675s
  3832  2046 200503.400   66  315 200628.392 200232.535  0.20%   771 3680s
  3916  2091 200251.443   30 1600 200628.392 200232.864  0.20%   759 3696s
  3917  2092 200399.326   31 1289 200628.392 200232.864  0.20%   760 3702s
  3921  2094 200252.572   31 1571 200628.392 200232.864  0.20%   761 3705s
  3925  2098 200275.946   33 1548 200628.392 200232.864  0.20%   761 3713s
  3928  2099     cutoff   34      200628.392 200232.864  0.20%   762 3715s
  3941  2104 200528.382   40 1097 200628.392 200232.864  0.20%   761 3720s
  3979  2102 200280.078   31 1307 200628.392 200234.915  0.20%   757 3730s
  3981  2104 200453.721   33  984 200628.392 200234.915  0.20%   759 3739s
  3982  2103 infeasible   34      200628.392 200234.915  0.20%   760 3741s
  3991  2112 200557.473   42  810 200628.392 200234.915  0.20%   759 3748s
  3999  2112 200292.793   32 1709 200628.392 200234.939  0.20%   761 3766s
  4004  2117 200314.758   37 1550 200628.392 200234.939  0.20%   761 3771s
  4008  2121 200341.668   41 1541 200628.392 200234.939  0.20%   761 3798s
  4011  2122     cutoff   44      200628.392 200234.939  0.20%   765 3811s
  4018  2128 200370.538   50 1516 200628.392 200234.939  0.20%   765 3815s
  4030  2139 200388.284   62 1496 200628.392 200234.939  0.20%   763 3820s
  4041  2150 200438.119   73 1380 200628.392 200234.939  0.20%   762 3825s
  4051  2158     cutoff   83      200628.392 200234.939  0.20%   762 3830s
  4070  2171     cutoff   99      200628.392 200234.939  0.20%   760 3835s
  4074  2169 200279.425   32 1707 200628.392 200235.320  0.20%   763 3851s
  4078  2171     cutoff   36      200628.392 200235.320  0.20%   765 3862s
  4081  2174 200312.718   38 1606 200628.392 200235.320  0.20%   765 3865s
  4091  2181 200331.422   47 1575 200628.392 200235.320  0.20%   765 3870s
  4092  2180 infeasible   48      200628.392 200235.320  0.20%   768 3879s
  4093  2181 200336.342   48 1572 200628.392 200235.320  0.20%   768 3880s
  4095  2181 infeasible   50      200628.392 200235.320  0.20%   770 3887s
  4098  2184 200570.821   52 1024 200628.392 200235.320  0.20%   773 3899s
  4100  2183     cutoff   54      200628.392 200235.320  0.20%   773 3900s
  4103  2182 infeasible   53      200628.392 200235.320  0.20%   778 3919s
  4104  2183 200352.771   53 1540 200628.392 200235.320  0.20%   778 3920s
  4108  2185     cutoff   57      200628.392 200235.320  0.20%   783 3939s
  4110  2187 200381.603   58 1503 200628.392 200235.320  0.20%   783 3940s
  4113  2186     cutoff   60      200628.392 200235.320  0.20%   784 3946s
  4115  2188 200569.462   61 1006 200628.392 200235.320  0.20%   785 3950s
  4123  2188 200261.282   25 1697 200628.392 200235.351  0.20%   786 3975s
  4126  2191 200277.127   28 1624 200628.392 200235.351  0.20%   787 3980s
  4132  2197 200468.698   34 1306 200628.392 200235.351  0.20%   788 3991s
  4134  2197 200470.809   35 1308 200628.392 200235.351  0.20%   788 3995s
  4146  2207 200488.956   46 1261 200628.392 200235.351  0.20%   787 4000s
  4164  2222 200626.276   63  920 200628.392 200235.351  0.20%   786 4005s
  4169  2219 200251.227   25 1659 200628.392 200235.502  0.20%   787 4022s
  4171  2221 200254.983   27 1566 200628.392 200235.502  0.20%   788 4025s
  4175  2225 200272.989   31 1514 200628.392 200235.502  0.20%   788 4030s
  4177  2227 200304.109   33 1525 200628.392 200235.502  0.20%   789 4037s
  4178  2228 200317.475   33 1412 200628.392 200235.502  0.20%   789 4040s
  4197  2246 200365.700   52 1307 200628.392 200235.502  0.20%   787 4045s
  4213  2260 200452.399   67 1036 200628.392 200235.502  0.20%   786 4050s
  4220  2267 200429.062   70 1076 200628.392 200235.502  0.20%   786 4055s
  4244  2288     cutoff   89      200628.392 200235.502  0.20%   784 4060s
  4256  2295 infeasible   95      200628.392 200235.502  0.20%   784 4065s
  4272  2299 200341.893   23 1486 200628.392 200235.503  0.20%   785 4085s
  4275  2301 200527.716   26 1242 200628.392 200235.503  0.20%   787 4094s
  4276  2302 200556.226   27 1120 200628.392 200235.503  0.20%   788 4097s
  4288  2306 200615.548   35  935 200628.392 200235.503  0.20%   786 4100s
  4292  2304 200410.868   23 1242 200628.392 200236.290  0.20%   788 4108s
  4299  2311 200428.160   30 1158 200628.392 200236.290  0.20%   787 4110s
  4325  2336 200524.481   56  738 200628.392 200236.290  0.20%   784 4115s
  4351  2346 200339.319   32 1653 200628.392 200236.818  0.20%   784 4143s
  4354  2349 200340.975   35 1632 200628.392 200236.818  0.20%   784 4145s
  4356  2351 200434.481   37 1353 200628.392 200236.818  0.20%   784 4150s
  4371  2366 200485.673   52 1256 200628.392 200236.818  0.20%   783 4155s
  4384  2375 200555.381   63 1120 200628.392 200236.818  0.20%   782 4160s
  4402  2382 200286.893   22 1546 200628.392 200236.818  0.20%   782 4172s
  4404  2384 200306.651   24 1468 200628.392 200236.818  0.20%   782 4178s
  4407  2387 200337.066   27 1445 200628.392 200236.818  0.20%   783 4180s
  4427  2405 200382.434   47 1396 200628.392 200236.818  0.20%   780 4185s
  4441  2419 200506.604   61 1167 200628.392 200236.818  0.20%   779 4190s
  4466  2436 200285.716   22 1527 200628.392 200237.038  0.20%   778 4206s
  4467  2437 200422.311   23 1210 200628.392 200237.038  0.20%   780 4214s
  4468  2438 200424.415   24 1210 200628.392 200237.038  0.20%   780 4215s
  4473  2437 infeasible   27      200628.392 200237.038  0.20%   782 4223s
  4485  2441     cutoff   35      200628.392 200237.038  0.20%   781 4225s
  4500  2442     cutoff   43      200628.392 200237.038  0.20%   780 4230s
  4516  2448 infeasible   55      200628.392 200237.038  0.20%   779 4235s
  4538  2454     cutoff   68      200628.392 200237.038  0.20%   778 4240s
  4541  2453 200480.035   27 1034 200628.392 200237.051  0.20%   779 4245s
  4553  2456 200276.953   27 1567 200628.392 200237.710  0.19%   780 4258s
  4556  2459 200280.745   30 1524 200628.392 200237.710  0.19%   780 4260s
  4559  2462 200328.087   33 1319 200628.392 200237.710  0.19%   781 4268s
  4562  2465 200337.104   36 1332 200628.392 200237.710  0.19%   781 4270s
  4566  2469 200589.224   40  933 200628.392 200237.710  0.19%   783 4280s
  4570  2469 200493.689   41 1134 200628.392 200237.710  0.19%   785 4290s
  4584  2477 200548.670   52  963 200628.392 200237.710  0.19%   784 4295s
  4594  2479 200405.426   22 1313 200628.392 200238.206  0.19%   785 4305s
  4598  2479     cutoff   23      200628.392 200238.206  0.19%   787 4311s
  4605  2480 200420.157   28 1210 200628.392 200238.206  0.19%   787 4315s
  4607  2480 200517.881   28  894 200628.392 200238.206  0.19%   788 4330s
  4621  2479 200281.859   36 1696 200628.392 200238.225  0.19%   790 4348s
  4622  2480 200282.973   37 1666 200628.392 200238.225  0.19%   790 4350s
  4626  2484 200304.096   41 1575 200628.392 200238.225  0.19%   790 4355s
  4627  2483 infeasible   42      200628.392 200238.225  0.19%   792 4363s
  4629  2485 200352.861   43 1410 200628.392 200238.225  0.19%   792 4368s
  4635  2491 200368.926   49 1387 200628.392 200238.225  0.19%   792 4370s
  4643  2494     cutoff   56      200628.392 200238.225  0.19%   792 4377s
  4651  2500 200403.841   62 1166 200628.392 200238.225  0.19%   792 4380s
  4670  2519 200540.416   81  967 200628.392 200238.225  0.19%   790 4385s
  4681  2520     cutoff   86      200628.392 200238.225  0.19%   790 4390s
  4695  2523 200584.165   87  869 200628.392 200238.225  0.19%   790 4395s
  4704  2520 200508.925   36 1408 200628.392 200238.437  0.19%   793 4414s
  4705  2521 200514.245   37 1418 200628.392 200238.437  0.19%   793 4415s
  4710  2518     cutoff   37      200628.392 200238.437  0.19%   794 4420s
  4711  2519 200489.115   33 1423 200628.392 200238.597  0.19%   797 4436s
  4725  2533 200518.938   47 1321 200628.392 200238.597  0.19%   795 4440s
  4746  2554 200566.417   67 1159 200628.392 200238.597  0.19%   793 4445s
  4759  2560 200490.245   28 1410 200628.392 200238.736  0.19%   794 4463s
  4760  2561 200558.927   29 1241 200628.392 200238.736  0.19%   795 4465s
  4767  2560 200568.650   34 1276 200628.392 200239.727  0.19%   798 4487s
  4772  2564 200574.282   37 1211 200628.392 200239.727  0.19%   798 4490s
  4783  2565 200627.189   42 1112 200628.392 200239.727  0.19%   798 4496s
  4798  2566 200288.866   34 1698 200628.392 200239.732  0.19%   800 4514s
  4799  2567 200291.171   35 1659 200628.392 200239.732  0.19%   800 4516s
  4802  2570 200307.558   38 1585 200628.392 200239.732  0.19%   800 4520s
  4811  2579 200349.012   47 1541 200628.392 200239.732  0.19%   799 4525s
  4824  2592 200378.648   60 1479 200628.392 200239.732  0.19%   798 4530s
  4836  2604 200432.646   72 1376 200628.392 200239.732  0.19%   797 4535s
  4863  2629 200523.065   99 1180 200628.392 200239.732  0.19%   794 4540s
  4867  2632 200555.968  103 1127 200628.392 200239.732  0.19%   794 4545s
  4877  2632 200287.000   34 1725 200628.392 200239.739  0.19%   795 4564s
  4878  2633 200290.291   35 1698 200628.392 200239.739  0.19%   795 4565s
  4881  2636 200451.646   38 1390 200628.392 200239.739  0.19%   796 4575s
  4890  2644 200615.278   47 1036 200628.392 200239.739  0.19%   796 4580s
  4897  2643 200492.362   29 1403 200628.392 200240.121  0.19%   798 4597s
  4898  2644 200596.644   30 1061 200628.392 200240.121  0.19%   798 4601s
  4903  2645 200613.275   32 1168 200628.392 200240.121  0.19%   799 4605s
  4908  2642 200275.555   35 1534 200628.392 200240.293  0.19%   800 4629s
  4909  2643 200287.236   36 1415 200628.392 200240.293  0.19%   800 4631s
  4911  2645 200331.129   38 1320 200628.392 200240.293  0.19%   801 4635s
  4928  2661 200370.560   55 1236 200628.392 200240.293  0.19%   799 4640s
  4937  2670 200527.293   64 1030 200628.392 200240.293  0.19%   799 4645s
  4952  2675 200291.969   13 1552 200628.392 200240.534  0.19%   799 4658s
  4953  2676 200301.233   14 1511 200628.392 200240.534  0.19%   800 4660s
  4955  2676 infeasible   16      200628.392 200240.534  0.19%   802 4673s
  4958  2677     cutoff   18      200628.392 200240.534  0.19%   802 4675s
  4964  2679 200408.330   21 1412 200628.392 200240.534  0.19%   802 4680s
  4972  2684 200591.640   28  972 200628.392 200240.534  0.19%   802 4685s
  4983  2686 200508.908   34 1094 200628.392 200240.534  0.19%   801 4690s
  5005  2690 200529.590   46 1042 200628.392 200240.534  0.19%   799 4703s
  5007  2690 200532.216   47 1046 200628.392 200240.534  0.19%   799 4705s
  5034  2692 infeasible   30      200628.392 200241.290  0.19%   798 4722s
  5035  2693 200424.539   27 1263 200628.392 200241.291  0.19%   800 4733s
  5037  2693 200453.579   28 1122 200628.392 200241.291  0.19%   800 4735s
  5045  2693     cutoff   31      200628.392 200241.291  0.19%   801 4741s
  5050  2694     cutoff   34      200628.392 200241.291  0.19%   801 4745s
  5057  2697 200490.048   36 1099 200628.392 200241.291  0.19%   802 4750s
  5062  2696 200573.646   37  817 200628.392 200241.291  0.19%   803 4777s
  5066  2694 200484.556   21 1051 200628.392 200242.569  0.19%   805 4788s
  5071  2699 200503.980   26 1019 200628.392 200242.569  0.19%   805 4790s
  5080  2700 200267.943   31 1698 200628.392 200242.713  0.19%   807 4829s
  5081  2701 200310.207   32 1534 200628.392 200242.713  0.19%   807 4834s
  5082  2702 200349.647   33 1444 200628.392 200242.713  0.19%   808 4840s
  5094  2714 200377.055   45 1355 200628.392 200242.713  0.19%   807 4845s
  5097  2715     cutoff   48      200628.392 200242.713  0.19%   808 4850s
  5109  2726 200449.916   59 1260 200628.392 200242.713  0.19%   807 4855s
  5121  2738 200538.157   71 1082 200628.392 200242.713  0.19%   806 4860s
  5137  2752 200622.801   86  775 200628.392 200242.713  0.19%   805 4865s
  5146  2751 200338.131   36 1713 200628.392 200244.425  0.19%   807 4887s
  5148  2753 200351.123   38 1646 200628.392 200244.425  0.19%   807 4890s
  5160  2764 200376.119   50 1594 200628.392 200244.425  0.19%   806 4895s
  5175  2779 200402.958   65 1524 200628.392 200244.425  0.19%   804 4900s
  5187  2791 200426.326   77 1461 200628.392 200244.425  0.19%   803 4949s
  5188  2792 200428.922   78 1449 200628.392 200244.425  0.19%   803 4950s
  5202  2806 200454.731   92 1346 200628.392 200244.425  0.19%   802 4955s
  5229  2826     cutoff  119      200628.392 200244.425  0.19%   799 4960s
  5247  2832 infeasible  127      200628.392 200244.425  0.19%   797 4965s
  5248  2831     cutoff   37      200628.392 200244.840  0.19%   800 4979s
  5249  2832 200456.197   38 1398 200628.392 200245.389  0.19%   802 4994s
  5250  2833 200464.610   39 1426 200628.392 200245.389  0.19%   803 4995s
  5252  2833 200476.112   40 1398 200628.392 200245.389  0.19%   803 5000s
  5253  2832     cutoff   41      200628.392 200245.389  0.19%   805 5010s
  5263  2833     cutoff   46      200628.392 200245.389  0.19%   804 5015s
  5268  2834     cutoff   49      200628.392 200245.389  0.19%   805 5021s
  5278  2835 200524.977   54 1294 200628.392 200245.389  0.19%   805 5025s
  5291  2836     cutoff   61      200628.392 200245.389  0.19%   804 5030s
  5295  2836 200283.986   23 1734 200628.392 200246.085  0.19%   806 5045s
  5301  2842 200296.694   29 1649 200628.392 200246.085  0.19%   805 5050s
  5308  2848 200321.927   36 1631 200628.392 200246.085  0.19%   805 5055s
  5317  2857 200339.122   45 1578 200628.392 200246.085  0.19%   804 5060s
  5328  2868 200363.658   56 1509 200628.392 200246.085  0.19%   803 5065s
  5341  2881 200470.905   69 1249 200628.392 200246.085  0.19%   803 5072s
  5356  2892     cutoff   83      200628.392 200246.085  0.19%   801 5075s
  5373  2893     cutoff   87      200628.392 200246.085  0.19%   800 5080s
  5374  2894 200286.042   32 1271 200628.392 200246.306  0.19%   801 5087s
  5377  2897 200300.746   35 1185 200628.392 200246.306  0.19%   801 5090s
  5379  2897     cutoff   37      200628.392 200246.306  0.19%   803 5097s
  5384  2902 200543.945   41  866 200628.392 200246.306  0.19%   803 5101s
  5404  2913 200310.706   39 1682 200628.392 200247.553  0.19%   804 5122s
  5406  2915 200320.523   41 1559 200628.392 200247.553  0.19%   804 5125s
  5410  2917     cutoff   45      200628.392 200247.553  0.19%   804 5130s
  5417  2924 200358.586   51 1541 200628.392 200247.553  0.19%   804 5135s
  5429  2935 200388.152   63 1513 200628.392 200247.553  0.19%   803 5140s
  5437  2941     cutoff   71      200628.392 200247.553  0.19%   803 5149s
  5439  2943 200410.441   72 1449 200628.392 200247.553  0.19%   803 5150s
  5454  2958 200442.010   87 1390 200628.392 200247.553  0.19%   802 5155s
  5466  2968 200501.186   98 1344 200628.392 200247.553  0.19%   801 5161s
  5476  2973     cutoff  107      200628.392 200247.553  0.19%   801 5165s
  5483  2972 200510.195   28 1430 200628.392 200249.371  0.19%   804 5183s
  5484  2973 200539.700   29 1365 200628.392 200249.371  0.19%   804 5185s
  5494  2974 200306.683   24 1347 200628.392 200249.546  0.19%   805 5196s
  5507  2986 200346.047   37 1173 200628.392 200249.546  0.19%   804 5200s
  5535  3012 infeasible   65      200628.392 200249.546  0.19%   801 5206s
  5547  3019 200440.707   74  876 200628.392 200249.546  0.19%   801 5210s
  5577  3047 200514.701  103  614 200628.392 200249.546  0.19%   798 5223s
  5586  3046     cutoff  106      200628.392 200249.546  0.19%   797 5225s
  5587  3047 200456.382   33 1396 200628.392 200249.657  0.19%   800 5240s
  5595  3053     cutoff   37      200628.392 200249.657  0.19%   800 5246s
  5602  3055 200575.440   41 1143 200628.392 200249.657  0.19%   800 5250s
  5610  3061 200564.357   45 1233 200628.392 200249.657  0.19%   800 5255s
  5625  3064 infeasible   52      200628.392 200249.657  0.19%   800 5260s
  5638  3067 200616.475   59 1009 200628.392 200249.657  0.19%   800 5265s
  5657  3077 200510.604   69 1182 200628.392 200249.657  0.19%   798 5270s
  5674  3078     cutoff   74      200628.392 200249.657  0.19%   797 5275s
  5681  3077 200459.578   29 1440 200628.392 200249.776  0.19%   799 5290s
  5696  3091 200500.824   44 1263 200628.392 200249.776  0.19%   798 5295s
  5727  3119 200556.635   73 1156 200628.392 200249.776  0.19%   795 5300s
  5743  3127 200308.714   27 1529 200628.392 200249.783  0.19%   795 5313s
  5744  3128 200413.099   28 1051 200628.392 200249.783  0.19%   795 5317s
  5746  3128     cutoff   29      200628.392 200249.783  0.19%   796 5320s
  5752  3134 200425.596   30 1397 200628.392 200249.783  0.19%   796 5325s
  5758  3138 200453.096   31 1341 200628.392 200249.783  0.19%   796 5330s
  5765  3143 200403.389   35 1356 200628.392 200249.783  0.19%   797 5335s
  5781  3145     cutoff   42      200628.392 200249.783  0.19%   796 5340s
  5786  3142 200459.563   25 1166 200628.392 200250.495  0.19%   797 5349s
  5789  3145 200470.381   28 1139 200628.392 200250.495  0.19%   797 5350s
  5809  3164 200568.676   48  728 200628.392 200250.495  0.19%   795 5355s
  5824  3169 200499.463   30 1111 200628.392 200251.143  0.19%   796 5368s
  5830  3173 200517.062   35 1054 200628.392 200251.143  0.19%   796 5370s
  5849  3180 200313.912   47 1553 200628.392 200251.146  0.19%   796 5384s
  5850  3181 200315.659   48 1488 200628.392 200251.146  0.19%   796 5385s
  5853  3184 200327.930   51 1484 200628.392 200251.146  0.19%   796 5390s
  5856  3187 200376.933   54 1326 200628.392 200251.146  0.19%   797 5397s
  5864  3195 200400.313   62 1250 200628.392 200251.146  0.19%   796 5400s
  5876  3206 200491.752   74 1079 200628.392 200251.146  0.19%   796 5406s
  5889  3218 200594.392   87  907 200628.392 200251.146  0.19%   795 5410s
  5899  3218 200540.375   47 1293 200628.392 200251.181  0.19%   797 5429s
  5900  3217     cutoff   48      200628.392 200251.181  0.19%   797 5430s
  5909  3218 200488.322   43 1453 200628.392 200251.181  0.19%   799 5447s
  5916  3219 200501.806   47 1414 200628.392 200251.181  0.19%   799 5450s
  5925  3220 200510.754   53 1386 200628.392 200251.181  0.19%   799 5455s
  5933  3221     cutoff   59      200628.392 200251.181  0.19%   799 5460s
  5940  3222     cutoff   63      200628.392 200251.181  0.19%   799 5465s
  5958  3228 200313.460   43 1400 200628.392 200251.229  0.19%   799 5479s
  5959  3229 200315.378   44 1346 200628.392 200251.229  0.19%   799 5480s
  5963  3231     cutoff   48      200628.392 200251.229  0.19%   800 5486s
  5970  3236 infeasible   54      200628.392 200251.229  0.19%   801 5497s
  5978  3243 200383.352   61 1187 200628.392 200251.229  0.19%   801 5505s
  5982  3247 200390.692   65 1173 200628.392 200251.229  0.19%   800 5516s
  5984  3247     cutoff   67      200628.392 200251.229  0.19%   801 5522s
  5992  3252 200404.025   73 1154 200628.392 200251.229  0.19%   801 5525s
  6012  3267 200467.809   91 1051 200628.392 200251.229  0.19%   799 5530s
  6019  3270 infeasible   97      200628.392 200251.229  0.19%   800 5535s
  6032  3279 200497.549  107  967 200628.392 200251.229  0.19%   799 5540s
  6047  3288 200540.818  119  796 200628.392 200251.229  0.19%   798 5545s
  6098  3315 200479.281   26 1406 200628.392 200251.624  0.19%   795 5561s
  6102  3319 200554.080   30 1236 200628.392 200251.624  0.19%   795 5569s
  6106  3322 200609.765   34 1143 200628.392 200251.624  0.19%   794 5570s
  6110  3318     cutoff   30      200628.392 200252.279  0.19%   796 5581s
  6111  3319 200420.223   21 1290 200628.392 200252.350  0.19%   797 5588s
  6112  3320 200444.455   22 1117 200628.392 200252.350  0.19%   797 5590s
  6134  3341 200507.251   44 1008 200628.392 200252.350  0.19%   796 5595s
  6162  3352 200381.257   41 1658 200628.392 200252.584  0.19%   796 5617s
  6165  3355 200457.807   44 1473 200628.392 200252.584  0.19%   796 5623s
  6168  3358 200467.969   47 1466 200628.392 200252.584  0.19%   796 5625s
  6183  3373 200513.331   62 1332 200628.392 200252.584  0.19%   795 5630s
  6209  3389     cutoff   84      200628.392 200252.584  0.19%   793 5635s
  6239  3400 200259.705   32 1577 200628.392 200252.648  0.19%   791 5649s
  6240  3401 200262.705   33 1539 200628.392 200252.648  0.19%   791 5650s
  6243  3404 200291.077   36 1547 200628.392 200252.648  0.19%   792 5656s
  6252  3412 200308.936   45 1509 200628.392 200252.648  0.19%   791 5660s
  6266  3426 200331.175   59 1454 200628.392 200252.648  0.19%   790 5665s
  6278  3438 200366.108   71 1381 200628.392 200252.648  0.19%   790 5670s
  6302  3462 200434.963   95 1238 200628.392 200252.648  0.19%   788 5675s
  6343  3497 infeasible  133      200628.392 200252.648  0.19%   785 5680s
  6352  3497 200288.243   42 1460 200628.392 200252.718  0.19%   786 5700s
  6356  3501 200466.338   46  571 200628.392 200252.718  0.19%   788 5713s
  6387  3532 200586.844   77  202 200628.392 200252.718  0.19%   785 5715s
  6414  3552 200307.782   34 1434 200628.392 200252.925  0.19%   783 5723s
  6415  3553 200440.217   35 1336 200628.392 200252.925  0.19%   784 5731s
  6424  3562 200492.915   44 1262 200628.392 200252.925  0.19%   783 5735s
  6446  3581     cutoff   66      200628.392 200252.925  0.19%   782 5740s
  6459  3583     cutoff   70      200628.392 200252.925  0.19%   781 5745s
  6463  3581 200477.098   31 1397 200628.392 200253.874  0.19%   784 5761s
  6480  3593     cutoff   47      200628.392 200253.874  0.19%   782 5765s
  6497  3600 200268.723   28 1532 200628.392 200253.894  0.19%   782 5780s
  6503  3606 200280.616   34 1365 200628.392 200253.894  0.19%   782 5785s
  6508  3611 200323.140   39 1499 200628.392 200253.894  0.19%   783 5790s
  6525  3627 200350.797   56 1386 200628.392 200253.894  0.19%   782 5795s
  6546  3648 200394.205   77 1291 200628.392 200253.894  0.19%   780 5800s
  6574  3676 200547.933  105 1038 200628.392 200253.894  0.19%   778 5805s
  6587  3678 200363.391   51 1279 200628.392 200253.896  0.19%   779 5815s
  6608  3681 200372.504   62 1172 200628.392 200253.896  0.19%   777 5820s
  6615  3680     cutoff   65      200628.392 200253.896  0.19%   779 5827s
  6616  3681 200526.235   66 1002 200628.392 200253.896  0.19%   779 5831s
  6626  3681 200549.715   71  908 200628.392 200253.896  0.19%   780 5835s
  6656  3688 200590.334   86  650 200628.392 200253.896  0.19%   778 5840s
  6684  3693 200324.690   51 1482 200628.392 200254.001  0.19%   777 5853s
  6687  3696 200330.109   54 1407 200628.392 200254.001  0.19%   777 5855s
  6698  3707 200426.501   65 1180 200628.392 200254.001  0.19%   777 5860s
  6715  3724 200504.010   82 1036 200628.392 200254.001  0.19%   776 5865s
  6727  3727 200344.865   43 1661 200628.392 200254.432  0.19%   778 5894s
  6728  3728 200353.103   44 1525 200628.392 200254.432  0.19%   778 5897s
  6730  3728 200355.030   45 1515 200628.392 200254.432  0.19%   778 5900s
  6737  3735 200414.051   52 1385 200628.392 200254.432  0.19%   778 5905s
  6754  3749     cutoff   69      200628.392 200254.432  0.19%   777 5910s
  6769  3764 200532.416   83 1105 200628.392 200254.432  0.19%   777 5915s
  6780  3765 200545.023   27 1370 200628.392 200254.463  0.19%   778 5931s
  6783  3764 200477.639   32 1417 200628.392 200254.820  0.19%   780 5948s
  6784  3765 200488.813   33 1436 200628.392 200254.820  0.19%   781 5950s
  6803  3783 200535.468   51 1225 200628.392 200254.820  0.19%   779 5955s
  6842  3804 200362.114   44 1675 200628.392 200254.898  0.19%   779 5983s
  6843  3805 200363.182   45 1654 200628.392 200254.898  0.19%   779 5985s
  6848  3810 200434.803   50 1452 200628.392 200254.898  0.19%   779 5995s
  6862  3824 200476.236   64 1378 200628.392 200254.898  0.19%   778 6000s
  6888  3850 200527.423   90 1198 200628.392 200254.898  0.19%   777 6005s
  6912  3862 200355.358   22 1503 200628.392 200254.992  0.19%   777 6022s
  6917  3865     cutoff   27      200628.392 200254.992  0.19%   777 6026s
  6931  3878 200394.991   40 1390 200628.392 200254.992  0.19%   776 6030s
  6942  3885 200410.928   49 1361 200628.392 200254.992  0.19%   776 6035s
  6975  3913 200506.976   81 1304 200628.392 200254.992  0.19%   774 6040s
  6982  3920 200541.172   88 1185 200628.392 200254.992  0.19%   773 6047s
  6985  3922 200567.080   91 1156 200628.392 200254.992  0.19%   773 6051s
  6998  3924 200583.296   95 1086 200628.392 200254.992  0.19%   773 6055s
  7003  3921 200311.909   28 1493 200628.392 200255.101  0.19%   773 6064s
  7005  3923 200313.301   30 1462 200628.392 200255.101  0.19%   773 6065s
  7020  3938 200326.297   45 1380 200628.392 200255.101  0.19%   772 6070s
  7024  3942 200624.019   49 1075 200628.392 200255.101  0.19%   774 6077s
  7031  3945 200474.837   53 1169 200628.392 200255.101  0.19%   773 6080s
  7047  3957 200588.106   66  986 200628.392 200255.101  0.19%   773 6085s
  7052  3958 200595.523   68  981 200628.392 200255.101  0.19%   773 6300s
  7057  3957 200477.308   26 1401 200628.392 200255.210  0.19%   774 6314s
  7058  3958 200480.881   27 1380 200628.392 200255.210  0.19%   774 6315s
  7071  3963 200540.841   33 1411 200628.392 200257.049  0.19%   775 6335s
  7080  3964 200550.707   38 1375 200628.392 200257.049  0.19%   776 6340s
  7092  3964     cutoff   44      200628.392 200257.049  0.19%   776 6345s
  7102  3969 200593.218   47 1168 200628.392 200257.049  0.19%   776 6350s
  7123  3968 200294.162   34 1586 200628.392 200257.052  0.19%   775 6365s
  7127  3972 200338.393   38 1252 200628.392 200257.052  0.19%   776 6370s
  7141  3982 200508.397   49 1023 200628.392 200257.052  0.19%   776 6377s
  7145  3982     cutoff   52      200628.392 200257.052  0.19%   776 6380s
  7168  3991 200571.284   67  813 200628.392 200257.052  0.19%   775 6385s
  7185  3996 200309.699   34 1451 200628.392 200257.148  0.19%   775 6394s
  7186  3997 200311.710   35 1422 200628.392 200257.148  0.19%   775 6395s
  7195  4006 200340.759   44 1404 200628.392 200257.148  0.19%   775 6400s
  7212  4022 200374.132   61 1344 200628.392 200257.148  0.19%   774 6405s
  7228  4038 200407.434   77 1288 200628.392 200257.148  0.19%   773 6410s
  7254  4061     cutoff  103      200628.392 200257.148  0.19%   772 6415s
  7265  4058 200346.784   34 1648 200628.392 200257.471  0.18%   774 6435s
  7272  4064 200371.776   41 1596 200628.392 200257.471  0.18%   774 6440s
  7288  4080 200437.302   57 1336 200628.392 200257.471  0.18%   773 6445s
  7320  4107 200531.117   88 1207 200628.392 200257.471  0.18%   771 6450s
  7351  4120 200591.291  104 1100 200628.392 200257.471  0.18%   769 6455s
  7355  4118 200426.070   27 1421 200628.392 200258.320  0.18%   770 6467s
  7357  4120 200471.855   29 1363 200628.392 200258.320  0.18%   770 6479s
  7358  4121 200475.311   30 1363 200628.392 200258.320  0.18%   770 6480s
  7383  4143 200544.759   55 1156 200628.392 200258.320  0.18%   768 6485s
  7394  4146 200503.134   45 1399 200628.392 200258.329  0.18%   770 6504s
  7395  4147 200503.897   46 1383 200628.392 200258.329  0.18%   770 6505s
  7405  4151     cutoff   53      200628.392 200258.329  0.18%   770 6510s
  7418  4154     cutoff   22      200628.392 200258.335  0.18%   770 6515s
  7419  4155 200303.653   22 1548 200628.392 200258.461  0.18%   771 6526s
  7423  4159 200313.111   26 1467 200628.392 200258.461  0.18%   771 6530s
  7430  4164 200336.122   32 1433 200628.392 200258.461  0.18%   771 6535s
  7445  4177 200547.979   47 1128 200628.392 200258.461  0.18%   771 6544s
  7446  4178 200548.085   48 1130 200628.392 200258.461  0.18%   771 6545s
  7460  4182 200477.543   17 1466 200628.392 200258.464  0.18%   772 6559s
  7461  4181     cutoff   18      200628.392 200258.464  0.18%   772 6562s
  7465  4183 200508.200   20 1423 200628.392 200258.464  0.18%   772 6565s
  7485  4184     cutoff   32      200628.392 200258.464  0.18%   771 6570s
  7490  4184 200305.368   17 1640 200628.392 200258.567  0.18%   772 6579s
  7491  4185 200306.010   18 1603 200628.392 200258.567  0.18%   772 6580s
  7493  4187 200318.596   20 1643 200628.392 200258.567  0.18%   772 6585s
  7503  4194 200527.657   29 1363 200628.392 200258.567  0.18%   771 6590s
  7515  4198 200445.167   35 1384 200628.392 200258.935  0.18%   773 6608s
  7518  4199 200455.314   37 1412 200628.392 200258.935  0.18%   773 6610s
  7527  4206 200519.970   41 1280 200628.392 200258.935  0.18%   773 6615s
  7534  4212 200478.078   45 1358 200628.392 200258.935  0.18%   774 6620s
  7542  4220 200535.222   49 1261 200628.392 200258.935  0.18%   774 6625s
  7559  4226     cutoff   58      200628.392 200258.935  0.18%   774 6631s
  7569  4226 infeasible   63      200628.392 200258.935  0.18%   774 6635s
  7579  4228     cutoff   68      200628.392 200258.935  0.18%   774 6640s
  7610  4240 200590.464   84  929 200628.392 200258.935  0.18%   772 6645s
  7652  4246 200407.624   46 1633 200628.392 200259.434  0.18%   770 6666s
  7657  4250 200496.862   51 1414 200628.392 200259.434  0.18%   771 6672s
  7665  4254     cutoff   58      200628.392 200259.434  0.18%   771 6676s
  7678  4267 200552.263   70 1267 200628.392 200259.434  0.18%   770 6680s
  7705  4278 200451.492   23 1181 200628.392 200259.717  0.18%   770 6695s
  7727  4299 200590.549   45  848 200628.392 200259.717  0.18%   768 6700s
  7746  4298     cutoff   33      200628.392 200259.950  0.18%   769 6717s
  7747  4299 200298.290   36 1586 200628.392 200260.374  0.18%   770 6731s
  7750  4302 200315.577   39 1458 200628.392 200260.374  0.18%   771 6735s
  7753  4305 200466.105   42 1308 200628.392 200260.374  0.18%   772 6743s
  7758  4310 200493.512   47 1206 200628.392 200260.374  0.18%   772 6745s
  7790  4331 200553.023   54 1228 200628.392 200260.395  0.18%   771 6760s
  7793  4330 200336.656   54 1440 200628.392 200260.659  0.18%   773 6775s
  7803  4340 200351.725   64 1365 200628.392 200260.659  0.18%   772 6780s
  7817  4354 200385.234   78 1306 200628.392 200260.659  0.18%   771 6785s
  7833  4370 200442.140   94 1140 200628.392 200260.659  0.18%   771 6790s
  7861  4386 200500.917   24 1442 200628.392 200261.263  0.18%   771 6808s
  7865  4390 200507.617   27 1383 200628.392 200261.263  0.18%   771 6810s
  7888  4412 200572.596   50 1194 200628.392 200261.263  0.18%   770 6815s
  7906  4421 200521.030   38 1414 200628.392 200261.265  0.18%   770 6833s
  7907  4421 200526.531   39 1390 200628.392 200261.265  0.18%   770 6835s
  7915  4420 200315.099   38 1705 200628.392 200262.246  0.18%   772 6854s
  7916  4421 200317.912   39 1648 200628.392 200262.246  0.18%   772 6855s
  7917  4422 200447.629   40 1403 200628.392 200262.246  0.18%   773 6861s
  7932  4435 200539.882   55 1246 200628.392 200262.246  0.18%   772 6865s
  7949  4440 200431.753   29 1414 200628.392 200262.714  0.18%   772 6881s
  7964  4453 200515.113   44 1250 200628.392 200262.714  0.18%   771 6885s
  7976  4465 200552.482   56 1161 200628.392 200262.714  0.18%   771 6890s
  7980  4466     cutoff   60      200628.392 200262.714  0.18%   771 6895s
  7984  4465 200306.018   34 1448 200628.392 200263.162  0.18%   771 6901s
  7985  4466 200347.224   35 1464 200628.392 200263.162  0.18%   771 6905s
  8005  4475 200451.449   25 1449 200628.392 200263.486  0.18%   772 6922s
  8009  4475     cutoff   28      200628.392 200263.486  0.18%   772 6926s
  8016  4475 200489.739   31 1395 200628.392 200263.486  0.18%   772 6936s
  8023  4475     cutoff   36      200628.392 200263.486  0.18%   772 6941s
  8041  4478 200605.986   46 1020 200628.392 200263.486  0.18%   771 6945s
  8054  4479 200360.514   37 1634 200628.392 200263.848  0.18%   771 6961s
  8057  4482 200377.594   40 1564 200628.392 200263.848  0.18%   771 6965s
  8071  4496 200407.194   54 1509 200628.392 200263.848  0.18%   771 6970s
  8083  4506 200429.992   65 1475 200628.392 200263.848  0.18%   770 6975s
  8100  4523 200535.915   82 1170 200628.392 200263.848  0.18%   770 6980s
  8112  4525 200493.057   30 1396 200628.392 200264.580  0.18%   771 6996s
  8117  4528 200501.014   34 1356 200628.392 200264.580  0.18%   771 7000s
  8149  4552     cutoff   64      200628.392 200264.580  0.18%   769 7005s
  8152  4551 200361.255   41  863 200628.392 200264.587  0.18%   770 7015s
  8196  4578 200321.400   41 1458 200628.392 200264.845  0.18%   768 7032s
  8197  4577     cutoff   42      200628.392 200264.845  0.18%   769 7038s
  8202  4581 200323.610   44 1411 200628.392 200264.845  0.18%   769 7040s
  8206  4582 200466.558   46  915 200628.392 200264.845  0.18%   770 7046s
  8207  4583 200549.738   46 1026 200628.392 200264.845  0.18%   771 7051s
  8217  4584 200486.105   28 1399 200628.392 200265.270  0.18%   772 7066s
  8224  4588 200563.142   34 1218 200628.392 200265.270  0.18%   772 7070s
  8228  4584     cutoff   32      200628.392 200265.295  0.18%   773 7081s
  8229  4585 200307.359   32 1505 200628.392 200265.548  0.18%   774 7091s
  8235  4591 200322.996   38 1389 200628.392 200265.548  0.18%   774 7095s
  8242  4598 200375.090   45 1077 200628.392 200265.548  0.18%   774 7100s
  8245  4599     cutoff   48      200628.392 200265.548  0.18%   775 7107s
  8248  4602 200465.938   50  829 200628.392 200265.548  0.18%   775 7110s
  8260  4604 200388.235   38 1511 200628.392 200265.694  0.18%   776 7125s
  8264  4608 200423.759   42 1429 200628.392 200265.694  0.18%   776 7130s
  8287  4629 200474.013   65 1316 200628.392 200265.694  0.18%   775 7139s
  8290  4632 200484.333   68 1306 200628.392 200265.694  0.18%   774 7140s
  8307  4647     cutoff   85      200628.392 200265.694  0.18%   774 7145s
  8311  4644 200346.186   26 1323 200628.392 200265.942  0.18%   775 7154s
  8312  4645 200347.857   27 1289 200628.392 200265.942  0.18%   775 7155s
  8321  4652 200510.066   35  908 200628.392 200265.942  0.18%   775 7160s
  8341  4660 200523.406   37 1133 200628.392 200266.078  0.18%   775 7175s
  8365  4669 200310.466   31 1690 200628.392 200266.294  0.18%   776 7194s
  8366  4670 200312.815   32 1575 200628.392 200266.294  0.18%   776 7196s
  8372  4675 200328.263   38 1551 200628.392 200266.294  0.18%   776 7200s
  8379  4682 200378.336   45 1510 200628.392 200266.294  0.18%   776 7208s
  8380  4683 200387.539   46 1477 200628.392 200266.294  0.18%   776 7210s
  8391  4694 200427.165   57 1418 200628.392 200266.294  0.18%   776 7215s
  8403  4704 200502.702   68 1346 200628.392 200266.294  0.18%   776 7220s
  8422  4717 200534.554   85 1263 200628.392 200266.294  0.18%   775 7232s
  8428  4721     cutoff   91      200628.392 200266.294  0.18%   775 7235s
  8438  4723 200572.667   93 1163 200628.392 200266.294  0.18%   775 7240s
  8445  4718     cutoff   29      200628.392 200266.441  0.18%   776 7254s
  8446  4717     cutoff   39      200628.392 200267.062  0.18%   777 7265s
  8447  4718 200517.788   40 1385 200628.392 200267.086  0.18%   779 7281s
  8451  4718     cutoff   43      200628.392 200267.086  0.18%   779 7285s
  8462  4719 200618.644   48 1193 200628.392 200267.086  0.18%   779 7290s
  8465  4718 200524.854   38 1138 200628.392 200267.157  0.18%   780 7302s
  8473  4724 200588.749   45  833 200628.392 200267.157  0.18%   780 7305s
  8477  4728 200615.829   49  678 200628.392 200267.157  0.18%   780 7328s
  8484  4725 infeasible   38      200628.392 200267.667  0.18%   781 7338s
  8485  4724 infeasible   32      200628.392 200267.889  0.18%   782 7348s
  8486  4725 200507.038   39 1383 200628.392 200267.945  0.18%   783 7364s
  8487  4726 200509.806   40 1336 200628.392 200267.945  0.18%   783 7365s
  8507  4744 200570.329   60 1170 200628.392 200267.945  0.18%   782 7370s
  8513  4742 200413.165   32 1476 200628.392 200267.978  0.18%   784 7385s
  8525  4749 200516.339   42 1197 200628.392 200267.978  0.18%   783 7390s
  8566  4768 200298.858   41 1616 200628.392 200268.059  0.18%   782 7420s
  8568  4770 200324.893   43 1465 200628.392 200268.059  0.18%   782 7427s
  8571  4773 200342.714   46 1489 200628.392 200268.059  0.18%   783 7431s
  8581  4783 200359.561   56 1451 200628.392 200268.059  0.18%   782 7435s
  8597  4799 200387.723   72 1393 200628.392 200268.059  0.18%   782 7440s
  8613  4815 200433.874   88 1312 200628.392 200268.059  0.18%   781 7445s
  8641  4840 200590.010  115 1077 200628.392 200268.059  0.18%   780 7450s
  8646  4837 200360.930   42 1287 200628.392 200268.214  0.18%   781 7460s
  8647  4836     cutoff   43      200628.392 200268.214  0.18%   781 7466s
  8652  4839 infeasible   47      200628.392 200268.214  0.18%   781 7471s
  8667  4843 200568.123   55  705 200628.392 200268.214  0.18%   781 7476s
  8697  4845 200409.359   27 1430 200628.392 200268.403  0.18%   780 7491s
  8717  4862 200479.715   47 1367 200628.392 200268.403  0.18%   779 7495s
  8746  4888 200615.811   76 1033 200628.392 200268.403  0.18%   778 7500s
  8776  4892 200493.955   30 1394 200628.392 200268.724  0.18%   777 7517s
  8777  4892 200561.247   31 1240 200628.392 200268.724  0.18%   777 7521s
  8781  4892 200594.097   31 1032 200628.392 200268.724  0.18%   778 7525s
  8784  4891 200274.905   29 1447 200628.392 200268.887  0.18%   778 7534s
  8785  4892 200285.242   30 1398 200628.392 200268.887  0.18%   778 7536s
  8792  4898 200541.189   37 1114 200628.392 200268.887  0.18%   779 7541s
  8820  4917 200524.024   39 1300 200628.392 200268.912  0.18%   779 7559s
  8822  4917     cutoff   41      200628.392 200268.912  0.18%   779 7562s
  8836  4931 200609.870   54 1119 200628.392 200268.912  0.18%   778 7565s
  8843  4930 200492.761   23 1409 200628.392 200269.145  0.18%   779 7576s
  8845  4931 200607.228   24 1047 200628.392 200269.145  0.18%   779 7580s
  8862  4932 200602.924   32 1055 200628.392 200269.145  0.18%   779 7585s
  8868  4930 200365.725   35 1629 200628.392 200269.381  0.18%   780 7600s
  8876  4938 200482.921   43 1402 200628.392 200269.381  0.18%   779 7606s
  8892  4952     cutoff   59      200628.392 200269.381  0.18%   779 7610s
  8911  4968 200600.243   76 1111 200628.392 200269.381  0.18%   778 7615s
  8925  4966 200530.457   40 1305 200628.392 200269.698  0.18%   779 7633s
  8928  4968 200541.935   43 1328 200628.392 200269.698  0.18%   779 7635s
  8944  4976 200506.589   31 1325 200628.392 200270.148  0.18%   780 7650s
  8949  4975 200337.321   41 1682 200628.392 200270.259  0.18%   781 7672s
  8952  4977 200410.658   42 1469 200628.392 200270.259  0.18%   782 7678s
  8954  4977 200380.806   43 1444 200628.392 200270.259  0.18%   782 7681s
  8956  4978 200465.074   45 1361 200628.392 200270.259  0.18%   783 7687s
  8960  4982 200496.895   48 1323 200628.392 200270.259  0.18%   783 7693s
  8967  4987 200594.689   52 1017 200628.392 200270.259  0.18%   783 7695s
  8973  4987 200602.172   54 1015 200628.392 200270.259  0.18%   782 7700s
  8977  4989 200549.667   56 1220 200628.392 200270.259  0.18%   782 7717s
  8992  4987     cutoff   64      200628.392 200270.259  0.18%   781 7720s
  8993  4987 200335.274   41 1707 200628.392 200270.736  0.18%   783 7738s
  8996  4990 200338.157   44 1651 200628.392 200270.736  0.18%   783 7740s
  9002  4994     cutoff   50      200628.392 200270.736  0.18%   783 7745s
  9009  4999     cutoff   56      200628.392 200270.736  0.18%   783 7750s
  9018  5008 200418.845   64 1460 200628.392 200270.736  0.18%   782 7778s
  9022  5012 200430.201   68 1448 200628.392 200270.736  0.18%   782 7780s
  9029  5017 200454.580   74 1406 200628.392 200270.736  0.18%   783 7785s
  9041  5027 200502.539   85 1319 200628.392 200270.736  0.18%   783 7790s
  9054  5034     cutoff   95      200628.392 200270.736  0.18%   782 7795s
  9057  5033 200529.560   40 1300 200628.392 200270.804  0.18%   784 7813s
  9058  5032     cutoff   41      200628.392 200270.804  0.18%   784 7815s
  9077  5043 200581.347   33 1271 200628.392 200270.927  0.18%   785 7833s
  9080  5042 200314.308   36 1490 200628.392 200271.046  0.18%   786 7850s
  9086  5048 200382.312   42 1339 200628.392 200271.046  0.18%   785 7856s
  9104  5066 200423.632   60 1276 200628.392 200271.046  0.18%   784 7860s
  9117  5078 200497.230   73 1166 200628.392 200271.046  0.18%   784 7865s
  9154  5098 200472.123   41 1377 200628.392 200271.053  0.18%   784 7887s
  9157  5099 200475.103   43 1306 200628.392 200271.053  0.18%   784 7890s
  9176  5100 200556.126   51 1244 200628.392 200271.053  0.18%   783 7895s
  9200  5100 200531.944   36 1350 200628.392 200271.215  0.18%   784 7918s
  9203  5099     cutoff   38      200628.392 200271.215  0.18%   784 7920s
  9206  5098 200536.182   41 1306 200628.392 200271.293  0.18%   786 7940s
  9217  5104 200555.506   49 1242 200628.392 200271.293  0.18%   786 7945s
  9230  5105 200365.624   62 1331 200628.392 200271.456  0.18%   786 7958s
  9235  5110 200378.027   67 1341 200628.392 200271.456  0.18%   786 7960s
  9246  5121 200395.277   77 1231 200628.392 200271.456  0.18%   786 7965s
  9248  5123 200401.496   79 1230 200628.392 200271.456  0.18%   786 7970s
  9268  5143 200462.631   99 1171 200628.392 200271.456  0.18%   785 7975s
  9293  5167 200521.877  123  890 200628.392 200271.456  0.18%   784 7980s
  9319  5187 200574.675  136  682 200628.392 200271.456  0.18%   783 7985s
  9364  5205 200353.217   43 1674 200628.392 200271.572  0.18%   782 8003s
  9365  5206 200355.114   44 1549 200628.392 200271.572  0.18%   782 8005s
  9373  5213 200379.065   52 1547 200628.392 200271.572  0.18%   782 8011s
  9383  5223 200404.283   62 1505 200628.392 200271.572  0.18%   782 8015s
  9399  5239 200435.090   78 1410 200628.392 200271.572  0.18%   781 8020s
  9424  5263 200476.502  103 1295 200628.392 200271.572  0.18%   780 8025s
  9448  5279 200566.883  120 1074 200628.392 200271.572  0.18%   779 8030s
  9454  5277 200465.594   28 1409 200628.392 200271.948  0.18%   780 8043s
  9463  5285 200513.312   37 1346 200628.392 200271.948  0.18%   780 8045s
  9489  5299 200530.090   31 1415 200628.392 200272.386  0.18%   779 8059s
  9490  5298     cutoff   32      200628.392 200272.386  0.18%   780 8067s
  9500  5299 200560.304   37 1307 200628.392 200272.386  0.18%   780 8070s
  9513  5298     cutoff   43      200628.392 200272.386  0.18%   780 8075s
  9531  5298     cutoff   52      200628.392 200272.386  0.18%   779 8080s
  9537  5298 200611.609   42 1237 200628.392 200272.462  0.18%   780 8095s
  9548  5297 200540.451   42 1321 200628.392 200272.648  0.18%   782 8115s
  9554  5299     cutoff   45      200628.392 200272.648  0.18%   782 8120s
  9573  5296     cutoff   24      200628.392 200272.990  0.18%   782 8133s
  9574  5297 200292.641   32 1608 200628.392 200273.080  0.18%   783 8146s
  9577  5300 200331.736   35 1452 200628.392 200273.080  0.18%   783 8150s
  9588  5311 200349.666   46 1398 200628.392 200273.080  0.18%   783 8155s
  9600  5323 200376.268   58 1292 200628.392 200273.080  0.18%   783 8160s
  9602  5325 200379.577   60 1274 200628.392 200273.080  0.18%   783 8170s
  9606  5325     cutoff   63      200628.392 200273.080  0.18%   784 8175s
  9620  5335 200413.709   72 1264 200628.392 200273.080  0.18%   783 8180s
  9631  5346 200464.975   83 1024 200628.392 200273.080  0.18%   783 8185s
  9661  5367 200528.711  108  813 200628.392 200273.080  0.18%   782 8190s
  9699  5389 200473.264   29 1418 200628.392 200273.107  0.18%   781 8203s
  9707  5396 200492.168   37 1307 200628.392 200273.107  0.18%   780 8205s
  9735  5422 200555.262   64 1180 200628.392 200273.107  0.18%   779 8210s
  9756  5432 infeasible   43      200628.392 200273.330  0.18%   779 8222s
  9757  5433 200317.442   34 1670 200628.392 200273.769  0.18%   780 8236s
  9760  5435 200333.320   37 1560 200628.392 200273.769  0.18%   780 8240s
  9773  5448 200358.543   50 1411 200628.392 200273.769  0.18%   779 8246s
  9784  5459 200386.468   61 1371 200628.392 200273.769  0.18%   779 8250s
  9792  5467 200404.248   69 1238 200628.392 200273.769  0.18%   779 8261s
  9810  5484 200442.254   87 1149 200628.392 200273.769  0.18%   778 8265s
  9843  5515 200488.789  118  954 200628.392 200273.769  0.18%   776 8270s
  9872  5530     cutoff  135      200628.392 200273.769  0.18%   775 8275s
  9876  5528 200370.240   37 1447 200628.392 200274.472  0.18%   777 8287s
  9880  5530     cutoff   41      200628.392 200274.472  0.18%   777 8292s
  9884  5534 200561.435   44  981 200628.392 200274.472  0.18%   777 8295s
  9891  5533 200319.905   30 1668 200628.392 200274.704  0.18%   778 8310s
  9896  5537 200359.906   35 1459 200628.392 200274.704  0.18%   778 8315s
  9911  5552 200395.016   50 1341 200628.392 200274.704  0.18%   777 8320s
  9925  5566 200587.111   64  860 200628.392 200274.704  0.18%   777 8325s
  9932  5565 200280.268   31 1498 200628.392 200274.769  0.18%   777 8336s
  9936  5569 200335.058   35 1468 200628.392 200274.769  0.18%   777 8340s
  9953  5583 200370.997   51 1323 200628.392 200274.769  0.18%   777 8345s
  9970  5598 200449.420   67 1282 200628.392 200274.769  0.18%   776 8369s
  9971  5599 200489.142   68 1170 200628.392 200274.769  0.18%   776 8370s
  9991  5610     cutoff   84      200628.392 200274.769  0.18%   775 8375s
  9999  5608     cutoff   38      200628.392 200274.906  0.18%   776 8386s
 10001  5610 200594.119   31  343 200628.392 200274.932  0.18%   777 8390s
 10008  5609 200485.369   44 1398 200628.392 200274.948  0.18%   778 8407s
 10010  5609     cutoff   46      200628.392 200274.948  0.18%   778 8410s
 10024  5608     cutoff   52      200628.392 200274.948  0.18%   778 8415s
 10025  5609 200481.758   32 1398 200628.392 200274.965  0.18%   779 8426s
 10043  5618     cutoff   48      200628.392 200274.965  0.18%   779 8431s
 10057  5622 200302.232   27 1694 200628.392 200275.400  0.18%   779 8457s
 10058  5623 200318.577   28 1621 200628.392 200275.400  0.18%   779 8461s
 10063  5628 200334.088   33 1522 200628.392 200275.400  0.18%   779 8465s
 10067  5631 200394.685   37 1424 200628.392 200275.400  0.18%   779 8471s
 10077  5641 200419.554   47 1377 200628.392 200275.400  0.18%   779 8475s
 10089  5652 200443.960   59 1323 200628.392 200275.400  0.18%   779 8480s
 10110  5673 200483.112   80 1178 200628.392 200275.400  0.18%   778 8485s
 10127  5690 200530.184   97  965 200628.392 200275.400  0.18%   778 8490s
 10148  5699     cutoff  110      200628.392 200275.400  0.18%   777 8495s
 10152  5697 200344.178   45 1680 200628.392 200275.555  0.18%   779 8518s
 10153  5698 200355.049   46 1556 200628.392 200275.555  0.18%   779 8524s
 10154  5699 200356.625   47 1547 200628.392 200275.555  0.18%   779 8525s
 10161  5705 200425.156   54 1342 200628.392 200275.555  0.18%   779 8530s
 10178  5718 200558.474   69 1090 200628.392 200275.555  0.18%   778 8535s
 10191  5722 200336.622   36 1453 200628.392 200275.707  0.18%   779 8544s
 10192  5723 200548.346   37 1049 200628.392 200275.707  0.18%   780 8560s
 10196  5723 200550.613   38 1030 200628.392 200275.707  0.18%   780 8565s
 10203  5728 200476.004   30 1701 200628.392 200275.707  0.18%   780 9554s
 10205  5729 200475.770   38 1120 200628.392 200275.707  0.18%   780 9555s
 10208  5731 200563.792   62 1433 200628.392 200275.707  0.18%   780 9564s
 10209  5732 200424.168   85 1464 200628.392 200275.707  0.18%   780 9571s
 10210  5733 200541.741   55 1585 200628.392 200275.707  0.18%   780 9580s
 10211  5733 200507.499   56 1599 200628.392 200275.707  0.18%   779 9586s
 10212  5734 200344.676   46 1659 200628.392 200275.707  0.18%   779 9594s
 10213  5735 200485.279  103 1662 200628.392 200275.707  0.18%   779 9599s
 10214  5735 200534.148  119 1673 200628.392 200275.707  0.18%   779 9602s
 10215  5736 200385.050   62 1685 200628.392 200275.707  0.18%   779 9605s
 10218  5738 200504.549   77 1694 200628.392 200275.707  0.18%   779 9610s
 10221  5740 200339.093   39 1687 200628.392 200275.707  0.18%   779 9622s
 10223  5741 200473.922  113 1692 200628.392 200275.707  0.18%   779 9625s
 10225  5743 200462.406   62 1670 200628.392 200275.707  0.18%   778 9635s
 10227  5744 200513.082   83 1670 200628.392 200275.707  0.18%   778 9640s
 10230  5746 200443.405   51 1680 200628.392 200275.707  0.18%   778 9646s
 10231  5747 200488.427   43 1667 200628.392 200275.707  0.18%   778 9653s
 10232  5747 200569.389   81 1654 200628.392 200275.707  0.18%   778 9656s
 10235  5749 200519.020   74 1660 200628.392 200275.707  0.18%   778 9660s
 10236  5750 200415.764   73 1665 200628.392 200275.707  0.18%   778 9667s
 10238  5751 200529.301  125 1680 200628.392 200275.707  0.18%   777 9671s
 10241  5753 200460.787   29 1684 200628.392 200275.707  0.18%   777 9676s
 10242  5754 200451.366   29 1655 200628.392 200275.707  0.18%   777 9682s
 10243  5755 200388.288   63 1677 200628.392 200275.707  0.18%   777 9685s
 10247  5757 200416.601   63 1697 200628.392 200275.707  0.18%   777 9692s
 10248  5758 200488.606   68 1686 200628.392 200275.707  0.18%   777 9698s
 10249  5759 200499.873   81 1702 200628.392 200275.707  0.18%   777 9700s
 10252  5761 200444.466   23 1686 200628.392 200275.707  0.18%   776 9710s
 10255  5763 200425.911   56 1699 200628.392 200275.707  0.18%   776 9715s
 10257  5764 200403.292   54 1681 200628.392 200275.707  0.18%   776 9723s
 10258  5765 200388.491   43 1686 200628.392 200275.707  0.18%   776 9726s
 10260  5766 200411.388   43 1692 200628.392 200275.707  0.18%   776 9731s
 10261  5767 200585.540   74 1689 200628.392 200275.707  0.18%   776 9737s
 10262  5767 200465.223   32 1693 200628.392 200275.707  0.18%   776 9740s
 10264  5769 200553.275   92 1694 200628.392 200275.707  0.18%   775 9745s
 10265  5769 200370.872   42 1676 200628.392 200275.707  0.18%   775 9750s
 10268  5771 200584.738   85 1688 200628.392 200275.707  0.18%   775 9757s
 10269  5772 200470.799   66 1677 200628.392 200275.707  0.18%   775 9763s
 10270  5773 200378.115   50 1691 200628.392 200275.707  0.18%   775 9766s
 10272  5774 200303.842   48 1698 200628.392 200275.707  0.18%   775 9772s
 10273  5775 200353.509   62 1681 200628.392 200275.707  0.18%   775 9780s
 10275  5776 200349.961   39 1681 200628.392 200275.707  0.18%   775 9786s
 10276  5777 200582.253   64 1664 200628.392 200275.707  0.18%   775 9791s
 10278  5778 200494.084   66 1671 200628.392 200275.707  0.18%   774 9795s
 10280  5779 200410.838   52 1663 200628.392 200275.707  0.18%   774 9811s
 10282  5781 200385.845   64 1679 200628.392 200275.707  0.18%   774 9818s
 10283  5781 200423.839   29 1666 200628.392 200275.707  0.18%   774 9829s
 10284  5782 200545.017   34 1672 200628.392 200275.707  0.18%   774 9833s
 10285  5783 200476.870   38 1680 200628.392 200275.707  0.18%   774 9835s
 10286  5783 200497.708   73 1681 200628.392 200275.707  0.18%   774 9840s
 10287  5784 200426.213   99 1679 200628.392 200275.707  0.18%   774 9846s
 10289  5785 200497.543  117 1689 200628.392 200275.707  0.18%   774 9850s
 10290  5786 200612.457   79 1681 200628.392 200275.707  0.18%   773 9855s
 10292  5787 200569.389   81 1680 200628.392 200275.707  0.18%   773 9860s
 10293  5788 200449.474   57 1674 200628.392 200275.707  0.18%   773 9869s
 10294  5789 200592.948  132 1670 200628.392 200275.707  0.18%   773 9871s
 10296  5790 200537.120   67 1664 200628.392 200275.707  0.18%   773 9878s
 10297  5791 200448.525   79 1667 200628.392 200275.707  0.18%   773 9880s
 10299  5792 200373.624   45 1668 200628.392 200275.707  0.18%   773 9886s
 10300  5793 200532.720   96 1682 200628.392 200275.707  0.18%   773 9890s
 10301  5793 200566.249   58 1661 200628.392 200275.707  0.18%   773 9895s
 10303  5795 200476.004   30 1673 200628.392 200275.707  0.18%   772 9900s
 10305  5796 200475.770   38 1678 200628.392 200275.707  0.18%   772 9906s
 10307  5797 200462.647  100 1661 200628.392 200275.707  0.18%   772 9915s
 10310  5799 200541.741   55 1681 200628.392 200275.707  0.18%   772 9922s
 10311  5800 200507.499   56 1665 200628.392 200275.707  0.18%   772 9926s
 10313  5801 200485.279  103 1675 200628.392 200275.707  0.18%   772 9930s
 10314  5802 200534.148  119 1661 200628.392 200275.707  0.18%   772 9936s
 10316  5803 200339.171   46 1677 200628.392 200275.707  0.18%   772 9941s
 10317  5804 200306.014   19 1655 200628.392 200275.707  0.18%   771 9946s
 10319  5805 200466.025   51 1681 200628.392 200275.707  0.18%   771 9951s
 10320  5806 200388.045   62 1667 200628.392 200275.707  0.18%   771 9956s
 10321  5807 200339.093   39 1674 200628.392 200275.707  0.18%   771 9960s
 10323  5808 200473.922  113 1686 200628.392 200275.707  0.18%   771 9965s
 10324  5809 200485.245   46 1654 200628.392 200275.707  0.18%   771 9971s
 10326  5810 200500.845  105 1661 200628.392 200275.707  0.18%   771 9977s
 10327  5811 200513.082   83 1652 200628.392 200275.707  0.18%   771 9984s
 10328  5811 200378.903   38 1654 200628.392 200275.707  0.18%   771 9986s
 10330  5813 200443.405   51 1657 200628.392 200275.707  0.18%   770 9994s
 10331  5813 200488.427   43 1664 200628.392 200275.707  0.18%   770 9996s
 10333  5815 200379.152   72 1664 200628.392 200275.707  0.18%   770 10004s
 10334  5815 200613.716   81 1662 200628.392 200275.707  0.18%   770 10007s
 10335  5816 200519.020   74 1667 200628.392 200275.707  0.18%   770 10011s
 10336  5817 200415.764   73 1625 200628.392 200275.707  0.18%   770 10017s
 10337  5817 200374.600   74 1647 200628.392 200275.707  0.18%   770 10020s
 10339  5819 200379.592   60 1657 200628.392 200275.707  0.18%   770 10025s
 10340  5819 200445.144   76 1640 200628.392 200275.707  0.18%   770 10030s
 10342  5821 200451.366   29 1652 200628.392 200275.707  0.18%   770 10035s
 10343  5821 200388.288   63 1639 200628.392 200275.707  0.18%   769 10040s
 10345  5823 200561.752   86 1655 200628.392 200275.707  0.18%   769 10045s
 10346  5823 200367.096   53 1631 200628.392 200275.707  0.18%   769 10050s
 10348  5825 200488.606   68 1643 200628.392 200275.707  0.18%   769 10055s
 10349  5825 200499.873   81 1627 200628.392 200275.707  0.18%   769 10060s
 10351  5827 200492.611   77 1638 200628.392 200275.707  0.18%   769 10068s
 10352  5827 200444.466   23 1655 200628.392 200275.707  0.18%   769 10070s
 10354  5829 200401.281   85 1632 200628.392 200275.707  0.18%   769 10079s
 10355  5829 200425.911   56 1646 200628.392 200275.707  0.18%   769 10081s
 10357  5831 200403.292   54 1644 200628.392 200275.707  0.18%   768 10089s
 10358  5831 200388.491   43 1638 200628.392 200275.707  0.18%   768 10093s
 10359  5832 200349.013   48 1657 200628.392 200275.707  0.18%   768 10096s
 10360  5833 200411.388   43 1638 200628.392 200275.707  0.18%   768 10102s
 10361  5833 200585.540   74 1650 200628.392 200275.707  0.18%   768 10105s
 10363  5835 200280.778   31 1641 200628.392 200275.707  0.18%   768 10114s
 10364  5835 200553.275   92 1649 200628.392 200275.707  0.18%   768 10116s
 10366  5837 200367.574   32 1649 200628.392 200275.707  0.18%   768 10124s
 10367  5837 200486.960   92 1649 200628.392 200275.707  0.18%   768 10127s
 10368  5838 200584.738   85 1647 200628.392 200275.707  0.18%   768 10133s
 10369  5839 200470.799   66 1644 200628.392 200275.707  0.18%   768 10136s
 10370  5839 200378.115   50 1622 200628.392 200275.707  0.18%   767 10144s
 10371  5840 200577.839   72 1648 200628.392 200275.707  0.18%   767 10147s
 10373  5841 200353.509   62 1623 200628.392 200275.707  0.18%   767 10156s
 10375  5843 200349.961   39 1636 200628.392 200275.707  0.18%   767 10162s
 10376  5843 200582.253   64 1634 200628.392 200275.707  0.18%   767 10167s
 10378  5845 200494.084   66 1648 200628.392 200275.707  0.18%   767 10172s
 10379  5845 200385.285   42 1625 200628.392 200275.707  0.18%   767 10179s
 10380  5846 200410.838   52 1633 200628.392 200275.707  0.18%   767 10182s
 10382  5847 200385.845   64 1637 200628.392 200275.707  0.18%   767 10193s
 10383  5848 200423.839   29 1650 200628.392 200275.707  0.18%   767 10196s
 10384  5849 200545.017   34 1653 200628.392 200275.707  0.18%   766 10200s
 10385  5849 200476.870   38 1633 200628.392 200275.707  0.18%   766 10206s
 10387  5851 200426.213   99 1646 200628.392 200275.707  0.18%   766 10211s
 10388  5851 200566.100  131 1615 200628.392 200275.707  0.18%   766 10216s
 10390  5853 200612.457   79 1634 200628.392 200275.707  0.18%   766 10221s
 10391  5853 200391.130   37 1615 200628.392 200275.707  0.18%   766 10226s
 10392  5854 200569.389   81 1634 200628.392 200275.707  0.18%   766 10231s
 10394  5855 200592.948  132 1647 200628.392 200275.707  0.18%   766 10236s
 10395  5856 200550.029   92 1636 200628.392 200275.707  0.18%   766 10242s
 10396  5857 200537.120   67 1629 200628.392 200275.707  0.18%   766 10245s
 10398  5858 200554.254  107 1614 200628.392 200275.707  0.18%   765 10253s
 10399  5859 200373.624   45 1631 200628.392 200275.707  0.18%   765 10257s
 10401  5860 200566.249   58 1625 200628.392 200275.707  0.18%   765 10264s
 10402  5861 200523.409   55 1626 200628.392 200275.707  0.18%   765 10267s
 10403  5861 200476.004   30 1638 200628.392 200275.707  0.18%   765 10270s
 10404  5862 200470.648   45 1624 200628.392 200275.707  0.18%   765 10275s
 10406  5863 200388.491   43 1650 200628.392 200275.707  0.18%   765 10281s
 10407  5864 200462.647  100 1613 200628.392 200275.707  0.18%   765 10290s
 10409  5865 200424.168   85 1629 200628.392 200275.707  0.18%   765 10297s
 10410  5866 200541.741   55 1616 200628.392 200275.707  0.18%   765 10300s
 10412  5867 200344.676   46 1617 200628.392 200275.707  0.18%   764 10309s
 10413  5868 200485.279  103 1635 200628.392 200275.707  0.18%   764 10312s
 10414  5869 200534.148  119 1636 200628.392 200275.707  0.18%   764 10315s
 10415  5869 200385.050   62 1626 200628.392 200275.707  0.18%   764 10320s
 10417  5871 200306.014   19 1621 200628.392 200275.852  0.18%   764 10330s
 10419  5872 200466.025   51 1636 200628.392 200276.242  0.18%   764 10340s
 10421  5873 200339.093   39 1638 200628.392 200276.576  0.18%   764 10350s
 10423  5875 200473.922  113 1630 200628.392 200276.944  0.18%   764 10360s
 10425  5876 200462.406   62 1638 200628.392 200277.197  0.18%   763 10370s
 10427  5877 200513.082   83 1613 200628.392 200277.518  0.17%   763 10381s
 10428  5878 200378.903   38 1618 200628.392 200277.638  0.17%   763 10385s
 10429  5879 200570.691   51 1621 200628.392 200277.830  0.17%   763 10390s
 10431  5880 200488.427   43 1624 200628.392 200278.073  0.17%   763 10398s
 10432  5881 200569.389   81 1621 200628.392 200278.131  0.17%   763 10401s
 10433  5881 200379.152   72 1614 200628.392 200278.374  0.17%   763 10410s
 10435  5883 200519.020   74 1634 200628.392 200278.685  0.17%   763 10421s
 10437  5884 200374.600   74 1624 200628.392 200278.947  0.17%   763 10431s
 10439  5885 200379.592   60 1625 200628.392 200279.207  0.17%   762 10439s
 10440  5886 200445.144   76 1641 200628.392 200279.369  0.17%   762 10443s
 10441  5887 200460.787   29 1639 200628.392 200279.436  0.17%   762 10446s
 10442  5887 200451.366   29 1635 200628.392 200279.700  0.17%   762 10453s
 10443  5888 200388.288   63 1632 200628.392 200279.730  0.17%   762 10456s
 10444  5889 200466.915  119 1632 200628.392 200280.025  0.17%   762 10464s
 10445  5889 200561.752   86 1643 200628.392 200280.084  0.17%   762 10467s
 10446  5890 200367.096   53 1627 200628.392 200280.390  0.17%   762 10473s
 10447  5891 200416.601   63 1648 200628.392 200280.624  0.17%   762 10479s
 10448  5891 200488.606   68 1642 200628.392 200280.722  0.17%   762 10483s
 10449  5892 200499.873   81 1648 200628.392 200280.865  0.17%   762 10492s
 10450  5893 200509.503   51 1649 200628.392 200280.915  0.17%   762 10496s
 10451  5893 200492.611   77 1640 200628.392 200281.119  0.17%   762 10503s
 10452  5894 200444.466   23 1644 200628.392 200281.207  0.17%   761 10507s
 10453  5895 200418.230   43 1638 200628.392 200281.411  0.17%   761 10515s
 10454  5895 200401.281   85 1644 200628.392 200281.519  0.17%   761 10520s
H10454  5596                    200628.39197 200281.762  0.17%   761 10528s
H10454  5312                    200628.39193 200281.762  0.17%   761 10528s
 10456  5314 200406.585   78 1639 200628.392 200281.835  0.17%   761 10536s
 10457  5314 200403.292   54 1638 200628.392 200281.963  0.17%   761 10543s
 10458  5315 200388.491   43 1645 200628.392 200281.994  0.17%   761 10546s
 10459  5316 200349.013   48 1633 200628.392 200282.107  0.17%   761 10553s
 10460  5316 200411.388   43 1635 200628.392 200282.140  0.17%   761 10556s
 10461  5317 200585.540   74 1618 200628.392 200282.326  0.17%   761 10563s
 10462  5318 200465.223   32 1642 200628.392 200282.381  0.17%   761 10567s
 10463  5318 200282.610   31 1632 200628.392 200282.610  0.17%   761 10574s
 10464  5319 200553.275   92 1638 200628.392 200282.646  0.17%   761 10577s
 10465  5320 200370.872   42 1631 200628.392 200282.800  0.17%   761 10586s
 10467  5321 200486.960   92 1637 200628.392 200282.893  0.17%   760 10595s
 10469  5322 200470.799   66 1627 200628.392 200283.031  0.17%   760 10604s
 10470  5323 200378.115   50 1638 200628.392 200283.086  0.17%   760 10608s
 10471  5324 200577.839   72 1614 200628.392 200283.265  0.17%   760 10615s
 10473  5325 200353.509   62 1635 200628.392 200283.548  0.17%   760 10626s
 10474  5326 200313.940   36 1612 200628.392 200283.649  0.17%   760 10630s
 10475  5326 200349.961   39 1625 200628.392 200283.941  0.17%   760 10638s
 10476  5327 200582.253   64 1634 200628.392 200284.106  0.17%   760 10642s
 10477  5328 200362.236   33 1636 200628.392 200284.226  0.17%   760 10646s
 10478  5328 200494.084   66 1615 200628.392 200284.437  0.17%   760 10654s
 10479  5329 200385.285   42 1624 200628.392 200284.503  0.17%   760 10657s
 10480  5330 200410.838   52 1616 200628.392 200284.799  0.17%   759 10666s
 10481  5330 200497.868   62 1627 200628.392 200284.912  0.17%   759 10670s
 10482  5331 200385.845   64 1620 200628.392 200285.139  0.17%   759 10676s
 10483  5332 200423.839   29 1631 200628.392 200285.263  0.17%   759 10681s
 10484  5332 200545.017   34 1628 200628.392 200285.419  0.17%   759 10689s
 10485  5333 200476.870   38 1624 200628.392 200285.503  0.17%   759 10694s
 10486  5334 200497.708   73 1637 200628.392 200285.712  0.17%   759 10700s
 10488  5335 200566.100  131 1628 200628.392 200285.974  0.17%   759 10708s
 10489  5336 200497.543  117 1639 200628.392 200286.068  0.17%   759 10713s
 10490  5336 200612.457   79 1637 200628.392 200286.332  0.17%   759 10720s
 10492  5338 200569.389   81 1642 200628.392 200286.606  0.17%   759 10731s
 10494  5339 200592.948  132 1634 200628.392 200286.915  0.17%   758 10740s
 10496  5340 200537.120   67 1640 200628.392 200287.019  0.17%   758 10752s
 10497  5341 200448.525   79 1654 200628.392 200287.041  0.17%   758 10756s
 10498  5342 200554.254  107 1642 200628.392 200287.309  0.17%   758 10764s
 10499  5342 200373.624   45 1642 200628.392 200287.309  0.17%   758 10884s
 10500  5345 200287.312   22 1630 200628.392 200287.312  0.17%   788 10887s
 10501  5344     cutoff   22      200628.392 200287.312  0.17%   788 10902s
 10502  5344 200290.846   23 1531 200628.392 200287.312  0.17%   789 10913s
 10503  5345 200301.495   23 1459 200628.392 200290.846  0.17%   789 10929s
 10504  5346 200301.794   24 1460 200628.392 200290.846  0.17%   789 10931s
 10505  5346 200556.737   24 1111 200628.392 200290.846  0.17%   790 10943s
 10512  5345 200579.107   28 1051 200628.392 200290.846  0.17%   790 10945s
 10530  5337 200292.477   24 1511 200628.392 200290.846  0.17%   789 10974s
 10531  5338 200305.246   25 1506 200628.392 200290.846  0.17%   789 10987s
 10532  5338 200371.067   25 1339 200628.392 200290.846  0.17%   790 10999s
 10533  5339 200376.067   26 1299 200628.392 200290.846  0.17%   790 11001s
 10534  5340 200457.192   26 1174 200628.392 200290.846  0.17%   791 11007s
 10536  5341 200502.115   27 1163 200628.392 200290.846  0.17%   791 11015s
 10539  5343 200382.371   29 1276 200628.392 200290.846  0.17%   792 11021s
 10540  5344 200430.886   29 1270 200628.392 200290.846  0.17%   792 11029s
 10541  5344 200383.815   30 1270 200628.392 200290.846  0.17%   792 11030s
 10544  5346 200437.407   31 1275 200628.392 200290.846  0.17%   793 11040s
 10546  5348 200626.397   32 1096 200628.392 200290.846  0.17%   793 11048s
 10547  5348 200406.387   33 1175 200628.392 200290.846  0.17%   794 11051s
 10548  5349 200424.001   33 1266 200628.392 200290.846  0.17%   794 11057s
 10550  5350 200455.513   34 1175 200628.392 200290.846  0.17%   794 11063s
 10551  5351 200435.817   35 1191 200628.392 200290.846  0.17%   795 11067s
 10552  5352 200445.339   35 1091 200628.392 200290.846  0.17%   795 11072s
 10554  5353 200498.337   36 1146 200628.392 200290.846  0.17%   795 11076s
 10559  5352 200443.295   39 1170 200628.392 200290.846  0.17%   795 11080s
 10563  5353 200449.192   41 1167 200628.392 200290.846  0.17%   795 11085s
 10569  5355 200454.749   44 1157 200628.392 200290.846  0.17%   795 11090s
 10577  5356 200462.203   47 1139 200628.392 200290.846  0.17%   795 11095s
 10585  5360 200468.634   51 1139 200628.392 200290.846  0.17%   794 11100s
 10589  5362 200472.336   53 1138 200628.392 200290.846  0.17%   795 11105s
 10592  5364 200580.791   54  990 200628.392 200290.846  0.17%   795 11110s
 10594  5365 200582.999   55  838 200628.392 200290.846  0.17%   796 11116s
 10596  5364     cutoff   56      200628.392 200290.846  0.17%   797 11121s
 10600  5367 200523.058   58 1059 200628.392 200290.846  0.17%   797 11125s
 10609  5369 200512.206   63 1054 200628.392 200290.846  0.17%   796 11130s
 10622  5365     cutoff   70      200628.392 200290.846  0.17%   796 11136s
 10630  5367 200539.077   75 1019 200628.392 200290.846  0.17%   796 11140s
 10638  5367 200607.997   79  852 200628.392 200290.846  0.17%   796 11145s
 10644  5369     cutoff   82      200628.392 200290.846  0.17%   796 11150s
 10657  5364     cutoff   89      200628.392 200290.846  0.17%   795 11155s
 10668  5360 200414.557   24 1331 200628.392 200301.796  0.16%   796 11172s
 10670  5361 200443.998   25 1301 200628.392 200301.796  0.16%   796 11176s
 10672  5363 200507.563   26 1141 200628.392 200301.796  0.16%   796 11182s
 10674  5364 200468.032   27 1264 200628.392 200301.796  0.16%   797 11188s
 10676  5365 200566.711   28 1077 200628.392 200301.796  0.16%   797 11193s
 10678  5367 200459.232   29 1277 200628.392 200301.796  0.16%   798 11199s
 10680  5368 200575.801   30 1058 200628.392 200301.796  0.16%   798 11203s
 10685  5365 200439.124   31 1279 200628.392 200301.796  0.16%   798 11207s
 10686  5366 200464.685   31 1122 200628.392 200301.796  0.16%   798 11210s
 10689  5366 200499.660   33  985 200628.392 200301.796  0.16%   798 11231s
 10697  5363 200505.438   37  957 200628.392 200301.796  0.16%   798 11235s
 10711  5364 200553.284   44  796 200628.392 200301.796  0.16%   798 11240s
 10726  5364     cutoff   51      200628.392 200301.796  0.16%   797 11245s
 10735  5362 200309.612   25 1492 200628.392 200301.797  0.16%   797 11294s
 10736  5362 200392.506   26 1551 200628.392 200301.797  0.16%   799 11310s
 10739  5362 200612.322   27 1114 200628.392 200301.797  0.16%   799 11321s
 10743  5359     cutoff   28      200628.392 200301.797  0.16%   800 11328s
 10744  5360 200394.856   29 1546 200628.392 200301.797  0.16%   800 11330s
 10747  5359 200441.074   30 1501 200628.392 200301.797  0.16%   800 11337s
 10749  5358     cutoff   31      200628.392 200301.797  0.16%   801 11345s
 10751  5357     cutoff   32      200628.392 200301.797  0.16%   802 11353s
 10753  5359 200500.962   33 1314 200628.392 200301.797  0.16%   803 11367s
 10756  5359 200502.145   35 1299 200628.392 200301.797  0.16%   803 11370s
H10764  5080                    200628.39189 200301.797  0.16%   803 11405s
 10773  5080 200506.902   44 1287 200628.392 200301.797  0.16%   802 11410s
 10779  5080 200508.778   47 1279 200628.392 200301.797  0.16%   803 11415s
 10784  5081 200525.239   49 1194 200628.392 200301.797  0.16%   803 11422s
 10787  5083 200527.498   51 1150 200628.392 200301.797  0.16%   803 11425s
H10791  4822                    200628.39185 200301.797  0.16%   803 11426s
 10798  4824 200530.576   57 1134 200628.392 200301.797  0.16%   802 11430s
 10808  4824 200533.191   62 1098 200628.392 200301.797  0.16%   802 11435s
 10809  4825 200552.769   62  963 200628.392 200301.797  0.16%   803 11441s
 10819  4823     cutoff   66      200628.392 200301.797  0.16%   803 11445s
 10821  4822 200449.652   25  391 200628.392 200305.246  0.16%   803 11452s
 10825  4825 200463.028   27  841 200628.392 200305.246  0.16%   804 11456s
 10835  4829     cutoff   32      200628.392 200305.246  0.16%   803 11460s
 10841  4833 200502.361   35  768 200628.392 200305.246  0.16%   804 11465s
 10849  4834     cutoff   39      200628.392 200305.246  0.16%   804 11470s
 10877  4840 200527.769   54  226 200628.392 200305.246  0.16%   803 11475s
 10908  4854 200563.235   69  199 200628.392 200305.246  0.16%   801 11480s
 10944  4866 200585.672   87  164 200628.392 200305.246  0.16%   799 11485s
 10981  4864 200311.317   26 1577 200628.392 200305.246  0.16%   797 11525s
 10982  4864 200316.502   27 1545 200628.392 200305.246  0.16%   798 11533s
 10983  4863     cutoff   27      200628.392 200305.246  0.16%   799 11544s
 10984  4864 200318.037   28 1523 200628.392 200305.246  0.16%   799 11547s
 10985  4864 200382.870   28 1254 200628.392 200305.246  0.16%   799 11554s
 10986  4865 200384.616   29 1245 200628.392 200305.246  0.16%   799 11555s
 10995  4862 200311.344   26 1574 200628.392 200311.344  0.16%   800 11584s
 10996  4863 200312.470   27 1558 200628.392 200311.344  0.16%   800 11590s
 10997  4863 200623.238   27 1158 200628.392 200312.470  0.16%   801 11598s
 10999  4863 200313.188   28 1558 200628.392 200312.470  0.16%   801 11602s
 11000  4863 200388.442   28 1284 200628.392 200313.188  0.16%   801 11611s
 11002  4865 200463.034   29 1174 200628.392 200313.188  0.16%   802 11617s
 11005  4867 200390.583   31 1253 200628.392 200313.188  0.16%   802 11621s
 11006  4867 200514.762   31 1139 200628.392 200313.188  0.16%   802 11627s
 11009  4867 200522.682   33 1134 200628.392 200313.188  0.16%   802 11630s
 11025  4862 200550.081   41 1125 200628.392 200313.188  0.16%   802 11635s
 11037  4856     cutoff   47      200628.392 200313.188  0.16%   802 11640s
 11045  4853 200316.506   29 1570 200628.392 200313.188  0.16%   802 11662s
 11046  4854 200320.197   30 1523 200628.392 200313.188  0.16%   802 11669s
 11047  4855 200440.077   30 1256 200628.392 200313.188  0.16%   803 11679s
 11048  4855 200440.904   31 1249 200628.392 200313.188  0.16%   803 11680s
 11049  4856 200623.245   31  876 200628.392 200313.188  0.16%   804 11686s
 11051  4857 200488.867   32 1246 200628.392 200313.188  0.16%   804 11692s
 11053  4859 200510.360   33 1206 200628.392 200313.188  0.16%   804 11698s
 11054  4859 200448.931   34 1229 200628.392 200313.188  0.16%   804 11700s
 11055  4860 200513.970   34 1194 200628.392 200313.188  0.16%   805 11705s
 11057  4861 200558.354   35 1047 200628.392 200313.188  0.16%   806 11712s
 11067  4860     cutoff   40      200628.392 200313.188  0.16%   805 11715s
 11081  4855     cutoff   48      200628.392 200313.188  0.16%   805 11720s
 11087  4852 200409.758   29 1387 200628.392 200318.038  0.15%   806 11741s
 11088  4853 200421.886   30 1317 200628.392 200318.038  0.15%   806 11746s
 11092  4856 200426.552   34 1289 200628.392 200318.038  0.15%   806 11750s
 11097  4859 200431.101   39 1252 200628.392 200318.038  0.15%   806 11755s
 11102  4862 200442.755   44 1192 200628.392 200318.038  0.15%   806 11761s
 11104  4864 200543.390   45  786 200628.392 200318.038  0.15%   806 11767s
 11113  4868     cutoff   54      200628.392 200318.038  0.15%   806 11770s
 11117  4865 200402.601   29 1378 200628.392 200318.104  0.15%   807 11791s
 11121  4867 200411.667   33 1307 200628.392 200318.104  0.15%   807 11795s
 11126  4870 200418.082   38 1264 200628.392 200318.104  0.15%   807 11800s
 11130  4873 200450.009   42 1248 200628.392 200318.104  0.15%   807 11806s
 11131  4874 200511.446   42  883 200628.392 200318.104  0.15%   807 11810s
 11141  4880 200588.018   52  714 200628.392 200318.104  0.15%   807 11815s
 11147  4877 200325.880   29 1607 200628.392 200320.198  0.15%   807 11856s
 11148  4878 200346.775   30 1452 200628.392 200320.198  0.15%   808 11867s
 11150  4879 200352.509   32 1472 200628.392 200320.198  0.15%   808 11870s
 11151  4880 200421.202   33 1288 200628.392 200320.198  0.15%   808 11877s
 11154  4881 200426.441   36 1275 200628.392 200320.198  0.15%   808 11880s
 11157  4882 200446.353   39 1274 200628.392 200320.198  0.15%   808 11889s
 11158  4883 200520.356   39  902 200628.392 200320.198  0.15%   809 11893s
 11161  4885 200560.827   42  804 200628.392 200320.198  0.15%   809 11895s
 11169  4882 200433.305   31 1356 200628.392 200320.202  0.15%   811 11929s
 11170  4883 200437.638   32 1324 200628.392 200320.202  0.15%   811 11931s
 11172  4882     cutoff   34      200628.392 200320.202  0.15%   812 11957s
 11173  4883 200562.447   34  770 200628.392 200320.202  0.15%   813 11960s
 11174  4883 200605.847   35  689 200628.392 200320.202  0.15%   813 11970s
 11178  4880 200324.665   31 1564 200628.392 200324.665  0.15%   813 11989s
 11179  4881 200326.339   32 1520 200628.392 200324.665  0.15%   813 12006s
 11180  4881 200328.796   33 1498 200628.392 200324.665  0.15%   813 12010s
 11183  4883 200329.749   36 1479 200628.392 200324.665  0.15%   813 12016s
 11185  4885 200332.187   38 1463 200628.392 200324.665  0.15%   813 12020s
 11187  4886 200337.268   40 1413 200628.392 200324.665  0.15%   813 12026s
 11189  4887 200338.690   42 1410 200628.392 200324.665  0.15%   813 12030s
 11191  4889 200340.786   44 1367 200628.392 200324.665  0.15%   813 12036s
 11194  4891 200342.675   47 1350 200628.392 200324.665  0.15%   813 12040s
 11197  4893 200349.591   50 1329 200628.392 200324.665  0.15%   813 12048s
 11199  4894 200352.773   52 1300 200628.392 200324.665  0.15%   813 12051s
 11201  4895 200357.463   54 1309 200628.392 200324.665  0.15%   814 12056s
 11204  4897 200362.658   57 1305 200628.392 200324.665  0.15%   814 12061s
 11207  4897 200366.879   59 1307 200628.392 200324.665  0.15%   814 12066s
 11210  4899 200370.255   62 1288 200628.392 200324.665  0.15%   814 12070s
 11214  4902 200378.512   66 1265 200628.392 200324.665  0.15%   814 12075s
 11217  4904 200390.166   69 1262 200628.392 200324.665  0.15%   814 12081s
 11220  4904     cutoff   69      200628.392 200324.665  0.15%   814 12085s
 11224  4907 200399.910   73 1224 200628.392 200324.665  0.15%   814 12090s
 11227  4909 200406.945   76 1188 200628.392 200324.665  0.15%   814 12095s
 11231  4911 200415.236   80 1158 200628.392 200324.665  0.15%   814 12100s
 11235  4914 200422.257   84 1142 200628.392 200324.665  0.15%   814 12105s
 11240  4917 200425.757   88 1137 200628.392 200324.665  0.15%   814 12111s
 11244  4920 200435.583   92 1133 200628.392 200324.665  0.15%   814 12115s
 11250  4924 200445.019   98 1092 200628.392 200324.665  0.15%   814 12120s
 11254  4927 200452.436  102 1084 200628.392 200324.665  0.15%   814 12125s
 11261  4931 200458.148  105 1060 200628.392 200324.665  0.15%   813 12130s
 11264  4933 200462.229  107 1041 200628.392 200324.665  0.15%   814 12135s
 11271  4938 200472.195  112 1056 200628.392 200324.665  0.15%   814 12140s
 11273  4939 200518.236  114  941 200628.392 200324.665  0.15%   814 12145s
 11276  4939     cutoff  112      200628.392 200324.665  0.15%   814 12151s
 11278  4937     cutoff  113      200628.392 200324.665  0.15%   815 12155s
 11284  4940 200611.824  118  946 200628.392 200324.665  0.15%   815 12162s
 11288  4941 200596.068  117  958 200628.392 200324.665  0.15%   815 12167s
 11294  4943 200565.231  125  853 200628.392 200324.665  0.15%   815 12172s
 11301  4944     cutoff  126      200628.392 200324.665  0.15%   815 12175s
 11306  4945     cutoff  126      200628.392 200324.665  0.15%   816 12180s
 11309  4943     cutoff  129      200628.392 200324.665  0.15%   816 12187s
 11313  4942     cutoff  130      200628.392 200324.665  0.15%   816 12190s
 11317  4939 200488.886   32 1358 200628.392 200325.901  0.15%   818 12225s
 11320  4940 200502.381   35 1307 200628.392 200325.901  0.15%   818 12230s
 11325  4943 200509.045   40 1278 200628.392 200325.901  0.15%   818 12236s
 11328  4945 200536.595   43 1213 200628.392 200325.901  0.15%   818 12240s
 11334  4949 200550.382   49 1149 200628.392 200325.901  0.15%   818 12245s
 11340  4951     cutoff   55      200628.392 200325.901  0.15%   818 12250s
 11346  4948 200457.917   30 1391 200628.392 200326.339  0.15%   819 12272s
 11347  4948 200482.114   31 1330 200628.392 200326.339  0.15%   819 12278s
 11349  4949 200483.617   33 1313 200628.392 200326.339  0.15%   819 12280s
 11352  4947     cutoff   33      200628.392 200326.339  0.15%   820 12285s
 11361  4951 200501.128   41 1290 200628.392 200326.339  0.15%   819 12290s
 11367  4955 200512.883   47 1257 200628.392 200326.339  0.15%   819 12295s
 11373  4958 200546.234   53 1165 200628.392 200326.339  0.15%   819 12300s
 11377  4959     cutoff   57      200628.392 200326.339  0.15%   819 12306s
 11381  4955 200496.264   33 1353 200628.392 200328.797  0.15%   820 12335s
 11385  4957 200510.480   37 1293 200628.392 200328.797  0.15%   820 12340s
 11391  4961 200534.453   43 1206 200628.392 200328.797  0.15%   820 12345s
 11398  4966 200551.439   50 1191 200628.392 200328.797  0.15%   820 12350s
 11403  4963     cutoff   51      200628.392 200328.797  0.15%   820 12355s
 11405  4962 200502.253   34 1346 200628.392 200329.070  0.15%   822 12382s
 11406  4962 200509.949   35 1312 200628.392 200329.070  0.15%   822 12385s
 11409  4964 200515.340   38 1298 200628.392 200329.070  0.15%   822 12398s
 11411  4965 200533.217   40 1218 200628.392 200329.070  0.15%   822 12400s
 11415  4966     cutoff   44      200628.392 200329.070  0.15%   822 12405s
 11420  4967 200552.083   46 1193 200628.392 200329.070  0.15%   822 12410s
 11426  4969     cutoff   52      200628.392 200329.070  0.15%   822 12417s
 11428  4967     cutoff   51      200628.392 200329.070  0.15%   822 12420s
 11430  4966 200332.182   35 1551 200628.392 200329.609  0.15%   823 12448s
 11431  4967 200336.066   36 1491 200628.392 200329.609  0.15%   823 12455s
 11434  4969 200340.069   39 1479 200628.392 200329.609  0.15%   823 12462s
 11436  4970 200341.542   41 1470 200628.392 200329.609  0.15%   823 12466s
 11438  4971 200345.959   43 1457 200628.392 200329.609  0.15%   823 12470s
 11440  4973 200348.560   45 1442 200628.392 200329.609  0.15%   823 12475s
 11442  4974 200352.421   47 1420 200628.392 200329.609  0.15%   824 12481s
 11444  4975 200356.803   49 1420 200628.392 200329.609  0.15%   824 12486s
 11446  4977 200360.053   51 1398 200628.392 200329.609  0.15%   824 12492s
 11448  4978 200361.534   53 1401 200628.392 200329.609  0.15%   824 12495s
 11451  4980 200366.710   56 1385 200628.392 200329.609  0.15%   824 12500s
 11454  4982 200375.941   59 1348 200628.392 200329.609  0.15%   824 12506s
 11457  4984 200380.634   62 1362 200628.392 200329.609  0.15%   824 12511s
 11460  4986 200388.932   65 1346 200628.392 200329.609  0.15%   824 12517s
 11461  4987 200390.699   66 1347 200628.392 200329.609  0.15%   824 12520s
 11466  4990 200396.311   71 1329 200628.392 200329.609  0.15%   824 12525s
 11468  4991 200404.018   73 1347 200628.392 200329.609  0.15%   824 12532s
 11470  4993 200410.389   75 1341 200628.392 200329.609  0.15%   824 12535s
 11475  4996 200433.917   80 1255 200628.392 200329.609  0.15%   824 12543s
 11476  4997 200437.801   81 1259 200628.392 200329.609  0.15%   824 12545s
 11481  5000 200467.742   86 1200 200628.392 200329.609  0.15%   824 12550s
 11487  5002 200487.350   91 1162 200628.392 200329.609  0.15%   824 12555s
 11494  5007 200500.088   98 1123 200628.392 200329.609  0.15%   824 12560s
 11501  5011 200559.385  105 1012 200628.392 200329.609  0.15%   824 12565s
 11509  5015 200584.168  112  963 200628.392 200329.609  0.15%   824 12570s
 11516  5018 200624.234  119  890 200628.392 200329.609  0.15%   823 12575s
 11525  5011     cutoff   36      200628.392 200329.750  0.15%   825 12601s
 11526  5012 200464.254   37 1343 200628.392 200332.081  0.15%   826 12630s
 11530  5015 200480.584   41 1272 200628.392 200332.081  0.15%   826 12635s
 11535  5018 200495.122   46 1242 200628.392 200332.081  0.15%   826 12640s
 11539  5021 200506.011   50 1225 200628.392 200332.081  0.15%   826 12689s
 11541  5022 200508.375   52 1221 200628.392 200332.081  0.15%   826 12690s
 11547  5025 200523.154   58 1185 200628.392 200332.081  0.15%   826 12695s
 11553  5025     cutoff   63      200628.392 200332.081  0.15%   826 12701s
 11555  5024     cutoff   63      200628.392 200332.081  0.15%   826 12705s
 11558  5022 200526.700   38  983 200628.392 200332.185  0.15%   827 12722s
 11561  5022     cutoff   41      200628.392 200332.185  0.15%   828 12730s
 11566  5022 infeasible   44      200628.392 200332.185  0.15%   828 12735s
 11571  5021 infeasible   46      200628.392 200332.185  0.15%   828 12741s
 11574  5017     cutoff   36      200628.392 200332.189  0.15%   830 12778s
 11575  5018 200397.656   39 1613 200628.392 200333.456  0.15%   832 12805s
 11579  5018 200487.814   43 1349 200628.392 200333.456  0.15%   832 12815s
 11589  5022 200511.272   53 1340 200628.392 200333.456  0.15%   832 12820s
 11594  5023 200519.078   58 1318 200628.392 200333.456  0.15%   831 12839s
 11596  5023     cutoff   60      200628.392 200333.456  0.15%   832 12846s
 11605  5026     cutoff   68      200628.392 200333.456  0.15%   832 12850s
 11614  5030     cutoff   76      200628.392 200333.456  0.15%   831 12855s
 11619  5027 200342.309   40 1504 200628.392 200336.066  0.15%   832 12881s
 11620  5028 200347.205   41 1392 200628.392 200336.066  0.15%   832 12887s
 11621  5028 200348.164   42 1378 200628.392 200336.066  0.15%   832 12890s
 11624  5030 200349.732   45 1373 200628.392 200336.066  0.15%   832 12895s
 11628  5033 200357.891   49 1337 200628.392 200336.066  0.15%   832 12900s
 11630  5033 200362.327   51 1341 200628.392 200336.066  0.15%   832 12905s
 11634  5036 200369.365   55 1320 200628.392 200336.066  0.15%   832 12911s
 11638  5039 200374.426   59 1290 200628.392 200336.066  0.15%   832 12916s
 11642  5041 200383.760   63 1270 200628.392 200336.066  0.15%   832 12920s
 11647  5045 200396.456   68 1240 200628.392 200336.066  0.15%   832 12926s
 11651  5047 200402.042   72 1229 200628.392 200336.066  0.15%   832 12930s
 11654  5049 200410.157   75 1213 200628.392 200336.066  0.15%   832 12935s
 11658  5052 200418.783   79 1176 200628.392 200336.066  0.15%   832 12940s
 11662  5055 200469.933   83 1026 200628.392 200336.066  0.15%   832 12950s
 11672  5061 200493.685   93  957 200628.392 200336.066  0.15%   832 12955s
 11683  5069 200526.552  104  852 200628.392 200336.066  0.15%   832 12960s
 11694  5076 200564.001  115  771 200628.392 200336.066  0.15%   831 12965s
 11712  5084 200620.214  131  679 200628.392 200336.066  0.15%   831 12970s
 11719  5080 200341.562   37 1419 200628.392 200336.730  0.15%   831 12989s
 11720  5080 200343.623   38 1384 200628.392 200336.730  0.15%   831 12993s
 11722  5082 200344.336   40 1396 200628.392 200336.730  0.15%   831 12996s
 11725  5084 200348.813   43 1365 200628.392 200336.730  0.15%   831 13001s
 11727  5085 200355.477   45 1311 200628.392 200336.730  0.15%   831 13005s
 11729  5086 200361.506   47 1275 200628.392 200336.730  0.15%   831 13014s
 11730  5087 200363.429   48 1299 200628.392 200336.730  0.15%   831 13015s
 11733  5089 200368.462   51 1284 200628.392 200336.730  0.15%   831 13020s
 11736  5091 200375.249   54 1259 200628.392 200336.730  0.15%   831 13025s
 11741  5094 200382.647   59 1237 200628.392 200336.730  0.15%   831 13030s
 11746  5098 200389.429   64 1226 200628.392 200336.730  0.15%   831 13035s
 11750  5098     cutoff   68      200628.392 200336.730  0.15%   831 13041s
 11755  5100     cutoff   72      200628.392 200336.730  0.15%   832 13053s
 11756  5100 200413.981   72 1148 200628.392 200336.730  0.15%   832 13055s
 11762  5104 200426.395   78 1127 200628.392 200336.730  0.15%   832 13061s
 11766  5107 200466.775   82 1074 200628.392 200336.730  0.15%   832 13067s
 11769  5109 200476.544   85 1038 200628.392 200336.730  0.15%   832 13070s
 11776  5112 200493.659   91 1015 200628.392 200336.730  0.15%   832 13075s
 11786  5118 200524.546  101  924 200628.392 200336.730  0.15%   832 13081s
 11795  5124 200573.537  110  796 200628.392 200336.730  0.15%   831 13085s
 11811  5132 200625.112  125  733 200628.392 200336.730  0.15%   831 13090s
 11822  5128 200600.867   38 1176 200628.392 200337.041  0.15%   832 13119s
 11825  5126 200468.410   39 1314 200628.392 200337.268  0.15%   833 13142s
 11826  5125     cutoff   40      200628.392 200337.268  0.15%   834 13156s
 11828  5124 200349.015   41 1434 200628.392 200338.030  0.14%   835 13178s
 11829  5123     cutoff   42      200628.392 200338.030  0.14%   835 13180s
 11832  5125 200351.738   44 1370 200628.392 200338.030  0.14%   835 13185s
 11833  5126 200520.308   45  899 200628.392 200338.030  0.14%   837 13206s
 11839  5126 infeasible   51      200628.392 200338.030  0.14%   837 13211s
 11842  5124     cutoff   50      200628.392 200338.030  0.14%   838 13215s
 11844  5122 200375.921   42 1583 200628.392 200338.691  0.14%   839 13243s
 11846  5122 200376.708   44 1542 200628.392 200338.691  0.14%   839 13245s
 11849  5124 200378.957   47 1513 200628.392 200338.691  0.14%   839 13250s
 11850  5125 200440.493   48 1309 200628.392 200338.691  0.14%   839 13258s
 11852  5126 200447.815   50 1301 200628.392 200338.691  0.14%   839 13260s
 11858  5130 200465.973   56 1275 200628.392 200338.691  0.14%   839 13265s
 11867  5134 200477.847   64 1254 200628.392 200338.691  0.14%   839 13270s
 11874  5133     cutoff   68      200628.392 200338.691  0.14%   839 13275s
 11876  5131 200364.614   43 1567 200628.392 200340.070  0.14%   840 13320s
 11877  5131 200368.915   44 1479 200628.392 200340.070  0.14%   840 13326s
 11879  5132 200371.655   46 1481 200628.392 200340.070  0.14%   840 13331s
 11881  5134 200375.315   48 1479 200628.392 200340.070  0.14%   840 13336s
 11883  5135 200378.273   50 1470 200628.392 200340.070  0.14%   840 13340s
 11887  5138 200385.420   54 1444 200628.392 200340.070  0.14%   840 13346s
 11891  5140 200391.543   58 1424 200628.392 200340.070  0.14%   840 13350s
 11894  5142 200398.688   61 1412 200628.392 200340.070  0.14%   840 13355s
 11896  5144 200490.421   63 1180 200628.392 200340.070  0.14%   840 13365s
 11897  5142     cutoff   64      200628.392 200340.070  0.14%   841 13371s
 11903  5146 200505.934   69 1148 200628.392 200340.070  0.14%   841 13375s
 11912  5152 200535.350   78 1087 200628.392 200340.070  0.14%   840 13380s
 11925  5156 200601.906   90  878 200628.392 200340.070  0.14%   840 13385s
 11934  5151     cutoff   40      200628.392 200340.131  0.14%   841 13407s
 11935  5151 200390.621   44 1580 200628.392 200340.762  0.14%   842 13435s
 11938  5152 200392.887   47 1515 200628.392 200340.762  0.14%   842 13440s
 11942  5154 200396.559   51 1495 200628.392 200340.762  0.14%   842 13445s
 11944  5156 200430.024   53 1371 200628.392 200340.762  0.14%   842 13451s
 11947  5158 200435.562   56 1334 200628.392 200340.762  0.14%   842 13455s
 11950  5160 200481.100   59 1213 200628.392 200340.762  0.14%   842 13461s
 11954  5162 200487.934   63 1201 200628.392 200340.762  0.14%   842 13465s
 11957  5162     cutoff   66      200628.392 200340.762  0.14%   843 13471s
 11963  5166 200507.690   71 1160 200628.392 200340.762  0.14%   842 13475s
 11964  5167 200508.110   72 1155 200628.392 200340.762  0.14%   842 13495s
 11967  5169 200516.967   75 1151 200628.392 200340.762  0.14%   842 13515s
 11972  5170     cutoff   80      200628.392 200340.762  0.14%   842 13521s
 11977  5169 200558.802   80 1056 200628.392 200340.762  0.14%   842 13525s
 11979  5166     cutoff   81      200628.392 200340.762  0.14%   843 13530s
 11981  5164 200353.052   41 1582 200628.392 200340.786  0.14%   844 13581s
 11982  5165 200372.063   42 1420 200628.392 200340.786  0.14%   844 13589s
 11983  5166 200386.457   43 1468 200628.392 200340.786  0.14%   845 13597s
 11984  5166 200507.940   43  846 200628.392 200340.786  0.14%   845 13603s
 11987  5167 200511.639   46  832 200628.392 200340.786  0.14%   845 13605s
 11994  5169     cutoff   50      200628.392 200340.786  0.14%   846 13612s
 12001  5174 200537.355   56  790 200628.392 200340.786  0.14%   845 13615s
 12017  5170     cutoff   66      200628.392 200340.786  0.14%   845 13620s
 12023  5168 200359.005   45 1466 200628.392 200341.143  0.14%   845 13648s
 12024  5168 200363.913   46 1401 200628.392 200341.143  0.14%   845 13651s
 12026  5169 200366.568   48 1385 200628.392 200341.143  0.14%   845 13656s
 12029  5171 200369.424   51 1361 200628.392 200341.143  0.14%   845 13660s
 12032  5173 200373.220   54 1335 200628.392 200341.143  0.14%   845 13665s
 12036  5176 200381.745   58 1329 200628.392 200341.143  0.14%   845 13671s
 12040  5177 200384.743   61 1320 200628.392 200341.143  0.14%   845 13675s
 12045  5180 200389.359   66 1308 200628.392 200341.143  0.14%   845 13680s
 12048  5182 200405.631   69 1244 200628.392 200341.143  0.14%   845 13687s
 12051  5184 200410.295   72 1220 200628.392 200341.143  0.14%   845 13690s
 12056  5186 200438.592   77 1216 200628.392 200341.143  0.14%   845 13699s
 12058  5188 200441.701   79 1222 200628.392 200341.143  0.14%   845 13700s
 12059  5188 200515.477   80 1105 200628.392 200341.143  0.14%   846 13706s
 12068  5194 200530.983   89 1070 200628.392 200341.143  0.14%   846 13710s
 12077  5194 200541.127   93 1054 200628.392 200341.143  0.14%   845 13715s
 12082  5190     cutoff   93      200628.392 200341.143  0.14%   846 13720s
 12083  5190 200590.631   46  521 200628.392 200341.448  0.14%   847 13735s
 12091  5187 200429.114   47 1495 200628.392 200341.555  0.14%   848 13761s
 12095  5188 200431.802   51 1449 200628.392 200341.555  0.14%   848 13765s
 12096  5189 200463.209   52 1387 200628.392 200341.555  0.14%   848 13770s
 12101  5191 200474.266   57 1339 200628.392 200341.555  0.14%   848 13775s
 12103  5191     cutoff   59      200628.392 200341.555  0.14%   848 13780s
 12108  5194 200486.696   63 1294 200628.392 200341.555  0.14%   848 13785s
 12114  5198 200498.185   69 1260 200628.392 200341.555  0.14%   848 13790s
 12119  5200 200562.205   74 1109 200628.392 200341.555  0.14%   848 13795s
 12126  5199     cutoff   78      200628.392 200341.555  0.14%   848 13800s
 12128  5198 200354.355   42 1474 200628.392 200341.565  0.14%   849 13823s
 12129  5199 200357.234   43 1415 200628.392 200341.565  0.14%   849 13826s
 12132  5200 200360.736   46 1385 200628.392 200341.565  0.14%   849 13831s
 12135  5202 200364.414   49 1366 200628.392 200341.565  0.14%   849 13835s
 12138  5204 200367.727   52 1337 200628.392 200341.565  0.14%   849 13840s
 12141  5206 200384.115   55 1259 200628.392 200341.565  0.14%   849 13846s
 12146  5207 200390.546   59 1265 200628.392 200341.565  0.14%   849 13851s
 12148  5207 200392.909   60 1265 200628.392 200341.565  0.14%   849 13856s
 12152  5209 200401.738   64 1257 200628.392 200341.565  0.14%   849 13860s
 12155  5211 200544.464   67  900 200628.392 200341.565  0.14%   850 13870s
 12164  5212     cutoff   74      200628.392 200341.565  0.14%   850 13875s
 12172  5209     cutoff   38      200628.392 200342.319  0.14%   850 13881s
 12174  5207 200386.781   48 1567 200628.392 200343.630  0.14%   852 13911s
 12176  5207 200388.230   50 1500 200628.392 200343.630  0.14%   852 13916s
 12179  5209 200422.261   53 1300 200628.392 200343.630  0.14%   852 13927s
 12181  5211 200424.547   55 1302 200628.392 200343.630  0.14%   852 13930s
 12185  5213 200432.403   59 1236 200628.392 200343.630  0.14%   852 13935s
 12186  5214 200476.799   60 1046 200628.392 200343.630  0.14%   852 13940s
 12187  5214 200595.481   61  936 200628.392 200343.630  0.14%   853 13945s
 12192  5215 200521.709   64  960 200628.392 200343.630  0.14%   853 13950s
 12200  5213 200573.662   67  894 200628.392 200343.630  0.14%   853 13956s
 12205  5212 200582.797   39 1131 200628.392 200343.782  0.14%   854 13974s
 12207  5209     cutoff   40      200628.392 200343.782  0.14%   854 13975s
 12208  5210 200514.937   40 1036 200628.392 200344.339  0.14%   855 13990s
 12221  5208     cutoff   49      200628.392 200344.339  0.14%   855 13995s
 12233  5212     cutoff   59      200628.392 200344.339  0.14%   855 14000s
 12245  5210     cutoff   41      200628.392 200344.510  0.14%   854 14005s
 12246  5210 200447.145   49 1450 200628.392 200345.686  0.14%   855 14031s
 12248  5210 200531.172   51 1080 200628.392 200345.686  0.14%   856 14037s
 12257  5213 200591.722   59  932 200628.392 200345.686  0.14%   855 14040s
 12262  5209 200376.820   50  921 200628.392 200345.865  0.14%   856 14052s
 12265  5210 200386.533   53  823 200628.392 200345.865  0.14%   856 14055s
 12270  5213 200499.225   58  615 200628.392 200345.865  0.14%   856 14060s
 12285  5220 200531.441   72  534 200628.392 200345.865  0.14%   855 14065s
 12298  5221 200552.521   81  461 200628.392 200345.865  0.14%   855 14070s
 12319  5220     cutoff   43      200628.392 200345.960  0.14%   855 14091s
 12321  5219 200467.878   31 1398 200628.392 200347.205  0.14%   856 14112s
 12322  5220 200490.968   32 1322 200628.392 200347.205  0.14%   856 14117s
 12327  5223 200502.602   37 1292 200628.392 200347.205  0.14%   856 14120s
 12332  5222     cutoff   41      200628.392 200347.205  0.14%   856 14125s
 12335  5220 200399.074   42 1358 200628.392 200347.230  0.14%   858 14144s
 12337  5220 200400.585   43 1312 200628.392 200347.230  0.14%   858 14145s
 12338  5220 200522.904   44 1013 200628.392 200347.230  0.14%   858 14152s
 12340  5222 200526.997   46 1002 200628.392 200347.230  0.14%   858 14156s
 12348  5227 200557.872   54  829 200628.392 200347.230  0.14%   858 14160s
 12356  5220 200580.118   43  870 200628.392 200348.164  0.14%   859 14178s
 12358  5220 200608.759   44  626 200628.392 200348.164  0.14%   859 14181s
 12361  5218 200361.558   43 1392 200628.392 200348.314  0.14%   860 14207s
 12362  5218 200398.819   44 1243 200628.392 200348.314  0.14%   860 14212s
 12364  5216     cutoff   44      200628.392 200348.314  0.14%   861 14215s
 12366  5215     cutoff   46      200628.392 200348.314  0.14%   862 14226s
 12369  5217 200403.422   48 1234 200628.392 200348.314  0.14%   862 14230s
 12372  5215     cutoff   47      200628.392 200348.314  0.14%   862 14236s
 12376  5218 200445.416   53 1054 200628.392 200348.314  0.14%   862 14240s
 12383  5218     cutoff   55      200628.392 200348.314  0.14%   863 14246s
 12384  5219 200445.356   56 1086 200628.392 200348.314  0.14%   863 14250s
 12391  5219 200459.411   59 1094 200628.392 200348.314  0.14%   863 14255s
 12397  5216     cutoff   60      200628.392 200348.314  0.14%   863 14262s
 12401  5218 200467.404   62 1063 200628.392 200348.314  0.14%   863 14265s
 12409  5218     cutoff   64      200628.392 200348.314  0.14%   863 14270s
 12411  5217     cutoff   67      200628.392 200348.314  0.14%   864 14279s
 12413  5218 200477.160   68 1033 200628.392 200348.314  0.14%   864 14280s
 12419  5216 200481.081   71 1025 200628.392 200348.314  0.14%   864 14392s
 12423  5215 200484.247   73 1020 200628.392 200348.314  0.14%   865 14395s

Cutting planes:
  User: 1164
  Learned: 1
  Gomory: 61
  Implied bound: 3
  MIR: 915
  Flow cover: 1590
  RLT: 1
  Relax-and-lift: 793

Explored 12434 nodes (11026448 simplex iterations) in 14400.00 seconds (14555.08 work units)
Thread count was 1 (of 52 available processors)

Solution count 9: 200628 200628 200628 ... 217808

Time limit reached
Best objective 2.006283918542e+05, best bound 2.003483141753e+05, gap 0.1396%

User-callback calls 786498, time in user-callback 6.23 sec
Instance: data/CCMPPData/30-3000-4.ccmpp
Setting: BASE
Epsilon: 0.1
Dimension: 30
NumScenario: 3000
NumAggScenario: 3000
BasicNumScenario: 2871
NumBasicDomIneqs: 0
NumNonReDomIneqs: 0
NumEdge:        0
NumBiEdge:      0
NumDomIneqs:    0
DominanceRatio: 0.0000
MixingCuts: on
MixingScope: root
DominanceLazy: 0
TerminationStatus: TIME_LIMIT
PrimalStatus: FEASIBLE_POINT
RawStatus: Optimization terminated because the time expended exceeded the value specified in the TimeLimit parameter.
SolvingTime: 14400.002149105072
NodeCount: 12434
MixingCutsSubmitted: 7388
ObjectiveValue: 200628.39185420092
ObjectiveBound: 200348.314175259
RelativeGap: 0.0013960022126153196
