Set parameter TimeLimit to value 14400
Set parameter Threads to value 1
Set parameter MIPGap to value 0
Set parameter OutputFlag to value 1
Set parameter PreCrush to value 1
Gurobi Optimizer version 12.0.3 build v12.0.3rc0 (linux64 - "CentOS Linux 7 (Core)")

CPU model: Intel(R) Xeon(R) Gold 6230R CPU @ 2.10GHz, instruction set [SSE2|AVX|AVX2|AVX512]
Thread count: 52 physical cores, 52 logical processors, using up to 1 threads

Non-default parameters:
TimeLimit  14400
MIPGap  0
PreCrush  1
Threads  1

Optimize a model with 7354 rows, 1089 columns and 16002 nonzeros
Model fingerprint: 0x4883e2df
Variable types: 100 continuous, 989 integer (989 binary)
Coefficient statistics:
  Matrix range     [1e-03, 8e+01]
  Objective range  [1e+02, 3e+02]
  Bounds range     [5e+02, 6e+02]
  RHS range        [2e-01, 7e+02]
Found heuristic solution: objective 277476.38400
Presolve removed 46 rows and 26 columns
Presolve time: 0.11s
Presolved: 7308 rows, 1063 columns, 19850 nonzeros
Extracted 3275 lazy constraints
Variable types: 75 continuous, 988 integer (988 binary)

Root relaxation: objective 1.809285e+05, 1056 iterations, 0.07 seconds (0.11 work units)

    Nodes    |    Current Node    |     Objective Bounds      |     Work
 Expl Unexpl |  Obj  Depth IntInf | Incumbent    BestBd   Gap | It/Node Time

     0     0 180928.454    0  563 277476.384 180928.454  34.8%     -    0s
H    0     0                    192457.25025 180928.454  5.99%     -    0s
     0     0 182027.113    0  597 192457.250 182027.113  5.42%     -    0s
H    0     0                    192370.04420 182028.105  5.38%     -    0s
H    0     0                    192305.25025 182028.105  5.34%     -    0s
     0     0 182613.867    0  582 192305.250 182613.867  5.04%     -    0s
H    0     0                    192189.25025 182626.996  4.98%     -    1s
     0     0 182820.452    0  594 192189.250 182820.452  4.87%     -    1s
     0     0 182988.449    0  594 192189.250 182988.449  4.79%     -    1s
     0     0 183156.076    0  588 192189.250 183156.076  4.70%     -    1s
     0     0 183324.152    0  591 192189.250 183324.152  4.61%     -    1s
     0     0 183490.250    0  587 192189.250 183490.250  4.53%     -    1s
     0     0 183672.438    0  592 192189.250 183672.438  4.43%     -    1s
     0     0 183801.550    0  598 192189.250 183801.550  4.36%     -    1s
     0     0 183971.244    0  603 192189.250 183971.244  4.28%     -    1s
     0     0 184123.767    0  609 192189.250 184123.767  4.20%     -    1s
     0     0 184243.635    0  606 192189.250 184243.635  4.13%     -    1s
     0     0 184387.942    0  614 192189.250 184387.942  4.06%     -    1s
     0     0 184500.246    0  612 192189.250 184500.246  4.00%     -    1s
     0     0 184607.362    0  613 192189.250 184607.362  3.95%     -    1s
     0     0 184704.304    0  614 192189.250 184704.304  3.89%     -    1s
     0     0 184801.007    0  616 192189.250 184801.007  3.84%     -    1s
     0     0 184883.942    0  624 192189.250 184883.942  3.80%     -    1s
     0     0 184923.389    0  621 192189.250 184923.389  3.78%     -    1s
     0     0 184981.061    0  632 192189.250 184981.061  3.75%     -    1s
     0     0 185024.476    0  632 192189.250 185024.476  3.73%     -    1s
     0     0 185040.940    0  626 192189.250 185040.940  3.72%     -    1s
     0     0 185073.487    0  632 192189.250 185073.487  3.70%     -    1s
     0     0 185172.056    0  635 192189.250 185172.056  3.65%     -    1s
     0     0 185207.284    0  635 192189.250 185207.284  3.63%     -    1s
     0     0 185267.881    0  643 192189.250 185267.881  3.60%     -    1s
     0     0 185328.781    0  653 192189.250 185328.781  3.57%     -    1s
     0     0 185377.760    0  654 192189.250 185377.760  3.54%     -    1s
     0     0 185416.785    0  662 192189.250 185416.785  3.52%     -    2s
     0     0 185444.743    0  662 192189.250 185444.743  3.51%     -    2s
     0     0 185471.077    0  666 192189.250 185471.077  3.50%     -    2s
     0     0 185503.228    0  666 192189.250 185503.228  3.48%     -    2s
     0     0 185551.278    0  667 192189.250 185551.278  3.45%     -    2s
     0     0 185572.523    0  673 192189.250 185572.523  3.44%     -    2s
     0     0 185623.256    0  678 192189.250 185623.256  3.42%     -    2s
     0     0 185633.478    0  675 192189.250 185633.478  3.41%     -    2s
     0     0 185658.461    0  667 192189.250 185658.461  3.40%     -    2s
     0     0 185770.825    0  665 192189.250 185770.825  3.34%     -    2s
     0     0 185810.729    0  663 192189.250 185810.729  3.32%     -    2s
     0     0 185831.698    0  664 192189.250 185831.698  3.31%     -    2s
     0     0 185859.824    0  667 192189.250 185859.824  3.29%     -    2s
     0     0 185874.771    0  672 192189.250 185874.771  3.29%     -    3s
     0     0 185904.905    0  669 192189.250 185904.905  3.27%     -    3s
     0     0 185911.935    0  676 192189.250 185911.935  3.27%     -    3s
     0     0 185921.851    0  675 192189.250 185921.851  3.26%     -    3s
     0     0 185931.142    0  674 192189.250 185931.142  3.26%     -    3s
     0     0 185949.181    0  676 192189.250 185949.181  3.25%     -    3s
     0     0 185961.528    0  680 192189.250 185961.528  3.24%     -    3s
     0     0 185974.443    0  680 192189.250 185974.443  3.23%     -    3s
     0     0 185980.102    0  681 192189.250 185980.102  3.23%     -    3s
     0     0 186000.721    0  677 192189.250 186000.721  3.22%     -    3s
     0     0 186021.332    0  686 192189.250 186021.332  3.21%     -    3s
     0     0 186039.672    0  686 192189.250 186039.672  3.20%     -    3s
     0     0 186058.271    0  691 192189.250 186058.271  3.19%     -    3s
     0     0 186070.531    0  693 192189.250 186070.531  3.18%     -    3s
     0     0 186077.405    0  691 192189.250 186077.405  3.18%     -    3s
     0     0 186087.891    0  691 192189.250 186087.891  3.17%     -    4s
     0     0 186108.973    0  701 192189.250 186108.973  3.16%     -    4s
     0     0 186124.563    0  699 192189.250 186124.563  3.16%     -    4s
     0     0 186139.541    0  697 192189.250 186139.541  3.15%     -    4s
     0     0 186160.549    0  692 192189.250 186160.549  3.14%     -    4s
     0     0 186176.603    0  695 192189.250 186176.603  3.13%     -    4s
     0     0 186189.932    0  696 192189.250 186189.932  3.12%     -    4s
     0     0 186208.431    0  695 192189.250 186208.431  3.11%     -    4s
     0     0 186216.921    0  699 192189.250 186216.921  3.11%     -    4s
     0     0 186232.134    0  696 192189.250 186232.134  3.10%     -    4s
     0     0 186250.941    0  699 192189.250 186250.941  3.09%     -    5s
     0     0 186260.094    0  706 192189.250 186260.094  3.09%     -    5s
     0     0 186268.270    0  707 192189.250 186268.270  3.08%     -    5s
     0     0 186282.638    0  701 192189.250 186282.638  3.07%     -    5s
     0     0 186305.462    0  704 192189.250 186305.462  3.06%     -    5s
     0     0 186332.723    0  706 192189.250 186332.723  3.05%     -    5s
     0     0 186345.703    0  713 192189.250 186345.703  3.04%     -    5s
     0     0 186355.700    0  712 192189.250 186355.700  3.04%     -    5s
     0     0 186371.692    0  717 192189.250 186371.692  3.03%     -    5s
     0     0 186384.454    0  711 192189.250 186384.454  3.02%     -    6s
     0     0 186392.583    0  714 192189.250 186392.583  3.02%     -    6s
     0     0 186401.295    0  716 192189.250 186401.295  3.01%     -    6s
     0     0 186415.584    0  728 192189.250 186415.584  3.00%     -    6s
     0     0 186423.391    0  719 192189.250 186423.391  3.00%     -    6s
     0     0 186428.748    0  723 192189.250 186428.748  3.00%     -    6s
     0     0 186441.634    0  725 192189.250 186441.634  2.99%     -    6s
     0     0 186450.466    0  726 192189.250 186450.466  2.99%     -    6s
     0     0 186462.631    0  725 192189.250 186462.631  2.98%     -    6s
     0     0 186471.668    0  734 192189.250 186471.668  2.97%     -    7s
     0     0 186490.072    0  724 192189.250 186490.072  2.97%     -    7s
     0     0 186508.131    0  727 192189.250 186508.131  2.96%     -    7s
     0     0 186516.232    0  723 192189.250 186516.232  2.95%     -    7s
     0     0 186521.993    0  727 192189.250 186521.993  2.95%     -    7s
     0     0 186528.193    0  727 192189.250 186528.193  2.95%     -    7s
     0     0 186533.137    0  731 192189.250 186533.137  2.94%     -    7s
     0     0 186542.499    0  720 192189.250 186542.499  2.94%     -    7s
     0     0 186551.203    0  734 192189.250 186551.203  2.93%     -    8s
     0     0 186560.594    0  733 192189.250 186560.594  2.93%     -    8s
     0     0 186567.902    0  733 192189.250 186567.902  2.92%     -    8s
     0     0 186575.375    0  732 192189.250 186575.375  2.92%     -    8s
     0     0 186583.364    0  735 192189.250 186583.364  2.92%     -    8s
     0     0 186587.741    0  736 192189.250 186587.741  2.91%     -    8s
     0     0 186595.315    0  734 192189.250 186595.315  2.91%     -    8s
     0     0 186599.609    0  743 192189.250 186599.609  2.91%     -    8s
     0     0 186604.315    0  732 192189.250 186604.315  2.91%     -    8s
     0     0 186613.052    0  740 192189.250 186613.052  2.90%     -    9s
     0     0 186620.753    0  743 192189.250 186620.753  2.90%     -    9s
     0     0 186631.565    0  743 192189.250 186631.565  2.89%     -    9s
     0     0 186639.417    0  746 192189.250 186639.417  2.89%     -    9s
     0     0 186649.542    0  740 192189.250 186649.542  2.88%     -    9s
     0     0 186653.963    0  746 192189.250 186653.963  2.88%     -    9s
     0     0 186660.565    0  741 192189.250 186660.565  2.88%     -    9s
     0     0 186667.933    0  743 192189.250 186667.933  2.87%     -   10s
     0     0 186674.114    0  746 192189.250 186674.114  2.87%     -   10s
     0     0 186681.544    0  741 192189.250 186681.544  2.87%     -   10s
     0     0 186687.878    0  750 192189.250 186687.878  2.86%     -   10s
     0     0 186694.325    0  747 192189.250 186694.325  2.86%     -   10s
     0     0 186700.134    0  751 192189.250 186700.134  2.86%     -   10s
     0     0 186709.220    0  743 192189.250 186709.220  2.85%     -   10s
     0     0 186717.675    0  746 192189.250 186717.675  2.85%     -   11s
     0     0 186724.966    0  747 192189.250 186724.966  2.84%     -   11s
     0     0 186728.983    0  744 192189.250 186728.983  2.84%     -   11s
     0     0 186732.516    0  749 192189.250 186732.516  2.84%     -   11s
     0     0 186737.820    0  755 192189.250 186737.820  2.84%     -   11s
     0     0 186744.850    0  752 192189.250 186744.850  2.83%     -   11s
     0     0 186750.576    0  753 192189.250 186750.576  2.83%     -   12s
     0     0 186755.954    0  753 192189.250 186755.954  2.83%     -   12s
     0     0 186761.545    0  755 192189.250 186761.545  2.82%     -   12s
     0     0 186766.543    0  757 192189.250 186766.543  2.82%     -   12s
     0     0 186773.183    0  749 192189.250 186773.183  2.82%     -   12s
     0     0 186779.453    0  756 192189.250 186779.453  2.81%     -   12s
     0     0 186784.182    0  759 192189.250 186784.182  2.81%     -   13s
     0     0 186787.492    0  758 192189.250 186787.492  2.81%     -   13s
     0     0 186791.940    0  762 192189.250 186791.940  2.81%     -   13s
     0     0 186795.340    0  762 192189.250 186795.340  2.81%     -   13s
     0     0 186799.352    0  761 192189.250 186799.352  2.80%     -   13s
     0     0 186803.357    0  763 192189.250 186803.357  2.80%     -   13s
     0     0 186807.803    0  763 192189.250 186807.803  2.80%     -   13s
     0     0 186814.309    0  756 192189.250 186814.309  2.80%     -   14s
     0     0 186822.180    0  756 192189.250 186822.180  2.79%     -   14s
     0     0 186826.700    0  764 192189.250 186826.700  2.79%     -   14s
     0     0 186832.218    0  761 192189.250 186832.218  2.79%     -   14s
     0     0 186838.743    0  758 192189.250 186838.743  2.78%     -   14s
     0     0 186844.965    0  759 192189.250 186844.965  2.78%     -   14s
     0     0 186850.361    0  763 192189.250 186850.361  2.78%     -   15s
     0     0 186854.674    0  758 192189.250 186854.674  2.78%     -   15s
     0     0 186860.601    0  763 192189.250 186860.601  2.77%     -   15s
     0     0 186865.637    0  761 192189.250 186865.637  2.77%     -   15s
     0     0 186874.024    0  766 192189.250 186874.024  2.77%     -   15s
     0     0 186881.338    0  761 192189.250 186881.338  2.76%     -   15s
     0     0 186887.125    0  763 192189.250 186887.125  2.76%     -   16s
     0     0 186891.060    0  760 192189.250 186891.060  2.76%     -   16s
     0     0 186894.728    0  763 192189.250 186894.728  2.75%     -   16s
     0     0 186898.143    0  762 192189.250 186898.143  2.75%     -   16s
     0     0 186902.863    0  763 192189.250 186902.863  2.75%     -   16s
     0     0 186907.088    0  762 192189.250 186907.088  2.75%     -   16s
     0     0 186911.073    0  762 192189.250 186911.073  2.75%     -   17s
     0     0 186914.038    0  759 192189.250 186914.038  2.74%     -   17s
     0     0 186918.637    0  767 192189.250 186918.637  2.74%     -   17s
     0     0 186922.367    0  768 192189.250 186922.367  2.74%     -   17s
     0     0 186924.886    0  773 192189.250 186924.886  2.74%     -   18s
     0     0 186928.914    0  767 192189.250 186928.914  2.74%     -   18s
     0     0 186932.194    0  771 192189.250 186932.194  2.74%     -   18s
     0     0 186936.242    0  770 192189.250 186936.242  2.73%     -   18s
     0     0 186940.531    0  774 192189.250 186940.531  2.73%     -   18s
     0     0 186944.163    0  767 192189.250 186944.163  2.73%     -   18s
     0     0 186948.220    0  771 192189.250 186948.220  2.73%     -   19s
     0     0 186952.873    0  771 192189.250 186952.873  2.72%     -   19s
     0     0 186956.710    0  776 192189.250 186956.710  2.72%     -   19s
     0     0 186960.193    0  775 192189.250 186960.193  2.72%     -   19s
     0     0 186963.525    0  773 192189.250 186963.525  2.72%     -   19s
     0     0 186969.606    0  774 192189.250 186969.606  2.72%     -   20s
     0     0 186972.986    0  768 192189.250 186972.986  2.71%     -   20s
     0     0 186977.900    0  775 192189.250 186977.900  2.71%     -   20s
     0     0 186982.930    0  776 192189.250 186982.930  2.71%     -   20s
     0     0 186985.992    0  775 192189.250 186985.992  2.71%     -   20s
     0     0 186990.056    0  772 192189.250 186990.056  2.71%     -   21s
     0     0 186993.729    0  781 192189.250 186993.729  2.70%     -   21s
     0     0 186996.352    0  779 192189.250 186996.352  2.70%     -   21s
     0     0 186999.428    0  777 192189.250 186999.428  2.70%     -   21s
     0     0 187001.298    0  778 192189.250 187001.298  2.70%     -   21s
     0     0 187005.007    0  775 192189.250 187005.007  2.70%     -   21s
     0     0 187007.316    0  777 192189.250 187007.316  2.70%     -   22s
     0     0 187009.316    0  777 192189.250 187009.316  2.70%     -   22s
     0     0 187012.741    0  777 192189.250 187012.741  2.69%     -   22s
     0     0 187014.928    0  776 192189.250 187014.928  2.69%     -   22s
     0     0 187018.351    0  778 192189.250 187018.351  2.69%     -   22s
     0     0 187021.874    0  768 192189.250 187021.874  2.69%     -   23s
     0     0 187025.000    0  776 192189.250 187025.000  2.69%     -   23s
     0     0 187027.635    0  776 192189.250 187027.635  2.69%     -   23s
     0     0 187030.302    0  778 192189.250 187030.302  2.68%     -   23s
     0     0 187032.753    0  780 192189.250 187032.753  2.68%     -   23s
     0     0 187035.027    0  785 192189.250 187035.027  2.68%     -   23s
     0     0 187036.976    0  778 192189.250 187036.976  2.68%     -   24s
     0     0 187039.208    0  779 192189.250 187039.208  2.68%     -   24s
     0     0 187042.412    0  783 192189.250 187042.412  2.68%     -   24s
     0     0 187045.174    0  779 192189.250 187045.174  2.68%     -   24s
     0     0 187047.367    0  782 192189.250 187047.367  2.68%     -   24s
     0     0 187049.820    0  781 192189.250 187049.820  2.67%     -   25s
     0     0 187051.787    0  785 192189.250 187051.787  2.67%     -   25s
     0     0 187054.560    0  778 192189.250 187054.560  2.67%     -   25s
     0     0 187056.923    0  784 192189.250 187056.923  2.67%     -   25s
     0     0 187059.003    0  781 192189.250 187059.003  2.67%     -   25s
     0     0 187060.702    0  780 192189.250 187060.702  2.67%     -   26s
     0     0 187063.003    0  782 192189.250 187063.003  2.67%     -   26s
     0     0 187064.419    0  785 192189.250 187064.419  2.67%     -   26s
     0     0 187066.055    0  782 192189.250 187066.055  2.67%     -   26s
     0     0 187068.571    0  778 192189.250 187068.571  2.66%     -   26s
     0     0 187071.388    0  781 192189.250 187071.388  2.66%     -   27s
     0     0 187074.927    0  774 192189.250 187074.927  2.66%     -   27s
     0     0 187077.985    0  782 192189.250 187077.985  2.66%     -   27s
     0     0 187079.753    0  781 192189.250 187079.753  2.66%     -   27s
     0     0 187081.188    0  782 192189.250 187081.188  2.66%     -   27s
     0     0 187083.079    0  789 192189.250 187083.079  2.66%     -   28s
     0     0 187085.426    0  787 192189.250 187085.426  2.66%     -   28s
     0     0 187086.874    0  787 192189.250 187086.874  2.65%     -   28s
     0     0 187088.587    0  786 192189.250 187088.587  2.65%     -   28s
     0     0 187090.371    0  786 192189.250 187090.371  2.65%     -   28s
     0     0 187092.968    0  785 192189.250 187092.968  2.65%     -   29s
     0     0 187094.063    0  785 192189.250 187094.063  2.65%     -   29s
     0     0 187096.356    0  785 192189.250 187096.356  2.65%     -   29s
     0     0 187099.239    0  785 192189.250 187099.239  2.65%     -   29s
     0     0 187100.438    0  788 192189.250 187100.438  2.65%     -   29s
     0     0 187101.582    0  786 192189.250 187101.582  2.65%     -   30s
     0     0 187102.975    0  792 192189.250 187102.975  2.65%     -   30s
     0     0 187105.197    0  790 192189.250 187105.197  2.65%     -   30s
     0     0 187106.931    0  793 192189.250 187106.931  2.64%     -   30s
     0     0 187108.005    0  791 192189.250 187108.005  2.64%     -   30s
     0     0 187110.078    0  791 192189.250 187110.078  2.64%     -   31s
     0     0 187111.950    0  788 192189.250 187111.950  2.64%     -   31s
     0     0 187113.569    0  787 192189.250 187113.569  2.64%     -   31s
     0     0 187115.189    0  790 192189.250 187115.189  2.64%     -   31s
     0     0 187116.312    0  789 192189.250 187116.312  2.64%     -   31s
     0     0 187117.853    0  790 192189.250 187117.853  2.64%     -   32s
     0     0 187118.909    0  788 192189.250 187118.909  2.64%     -   32s
     0     0 187119.761    0  789 192189.250 187119.761  2.64%     -   32s
     0     0 187126.100    0  788 192189.250 187126.100  2.63%     -   33s
     0     0 187128.878    0  786 192189.250 187128.878  2.63%     -   33s
     0     0 187137.427    0  784 192189.250 187137.427  2.63%     -   35s
     0     0 187141.087    0  784 192189.250 187141.087  2.63%     -   35s
H    0     0                    191408.27025 187141.103  2.23%     -   38s
     0     2 187143.782    0  785 191408.270 187143.782  2.23%     -   38s
     2     4 187459.248    1  713 191408.270 187197.430  2.20%  1876   40s
     7     8 187857.478    4  562 191408.270 187371.443  2.11%  2099   45s
    47    48 188159.300   37  435 191408.270 187372.849  2.11%   625   50s
H   52    51                    191229.05025 187372.849  2.02%   586   50s
   101   101 188003.022   77  519 191229.050 187372.849  2.02%   430   55s
   144   142 188396.067  106  444 191229.050 187372.849  2.02%   551   60s
   225   221 188712.185  155  349 191229.050 187372.849  2.02%   457   65s
H  312   306                    191080.85025 187372.849  1.94%   367   66s
H  378   371                    190236.07025 187372.849  1.51%   314   67s
H  432   387                    189431.50800 187372.849  1.09%   279   67s
   439   388 187578.757    7  666 189431.508 187374.926  1.09%   287   70s
H  442   373                    189353.50800 187374.926  1.04%   287   70s
H  468   376                    189281.50800 187374.926  1.01%   283   73s
   484   394 188317.258   52  481 189281.508 187374.926  1.01%   282   75s
H  519   420                    189246.28800 187374.926  0.99%   278   79s
   520   421 187927.218   70  784 189246.288 187374.926  0.99%   278   84s
   522   422 188198.335   53  600 189246.288 187374.926  0.99%   277   85s
   525   424 187575.264    7  784 189246.288 187374.926  0.99%   275   90s
   532   429 188934.649  199  784 189246.288 187374.926  0.99%   271   96s
   538   433 187562.519   28  788 189246.288 187374.926  0.99%   268  100s
   542   438 187518.187   12  702 189246.288 187374.926  0.99%   317  106s
   548   442 188166.978   15  517 189246.288 187429.142  0.96%   332  110s
   574   457 188348.308   28  485 189246.288 187429.142  0.96%   361  115s
   604   470 187762.806   43  453 189246.288 187429.142  0.96%   389  120s
   707   527 188310.695   96  311 189246.288 187429.142  0.96%   375  125s
   893   554 187866.215   28  524 189246.288 187447.081  0.95%   329  130s
  1021   588 188895.838   92  242 189246.288 187447.081  0.95%   323  135s
H 1027   560                    189194.32420 187447.081  0.92%   322  135s
H 1054   548                    189179.53420 187447.081  0.92%   316  135s
H 1081   533                    189149.90800 187447.081  0.90%   312  136s
  1199   534 187459.182   14  676 189149.908 187459.182  0.89%   289  141s
  1234   542 188189.635   32  492 189149.908 187518.188  0.86%   298  145s
H 1274   528                    189146.52025 187518.188  0.86%   302  148s
H 1274   510                    189146.29420 187518.188  0.86%   302  149s
H 1274   492                    189117.50800 187518.188  0.85%   302  151s
  1309   498 189066.343   69  248 189117.508 187518.188  0.85%   309  155s
  1464   504 189107.211  147  219 189117.508 187518.188  0.85%   294  160s
  1474   508 188416.945   17  321 189117.508 187518.214  0.85%   300  165s
  1597   573 188705.482   79  235 189117.508 187518.214  0.85%   293  170s
  1762   634 187825.235   18  627 189117.508 187533.201  0.84%   278  175s
  1791   657 188141.288   33  410 189117.508 187533.201  0.84%   297  180s
  1866   713 188736.217   70  301 189117.508 187533.201  0.84%   308  185s
  1929   741 187751.977   21  633 189117.508 187538.184  0.84%   306  190s
  1958   760 187963.542   35  498 189117.508 187538.184  0.84%   314  195s
  1994   785 188299.117   53  457 189117.508 187538.184  0.84%   325  200s
  2054   827 188378.347   83  357 189117.508 187538.184  0.84%   328  205s
  2154   877 188800.271  133  209 189117.508 187538.184  0.84%   323  210s
H 2200   889                    189098.89420 187538.184  0.83%   317  210s
H 2227   854                    189032.30800 187538.184  0.79%   314  210s
  2251   863 188064.470   23  407 189032.308 187538.188  0.79%   317  215s
H 2255   821                    188996.30800 187538.188  0.77%   319  215s
  2279   833 188064.988   37  453 188996.308 187538.188  0.77%   331  220s
  2360   876 infeasible   77      188996.308 187538.188  0.77%   337  225s
H 2363   875                    188990.30800 187538.188  0.77%   337  225s
H 2419   812                    188894.11420 187538.188  0.72%   332  226s
  2466   843 188046.659   46  506 188894.114 187553.601  0.71%   330  230s
  2574   933 187942.120   36  597 188894.114 187564.611  0.70%   323  235s
  2705  1030 187781.451   24  598 188894.114 187567.270  0.70%   314  240s
  2809  1121 188682.877  110  286 188894.114 187567.270  0.70%   307  247s
  2839  1128 187800.516   28  643 188894.114 187571.231  0.70%   308  250s
  2959  1233 187802.915   20  620 188894.114 187571.247  0.70%   303  255s
  3050  1323 188839.821  104  307 188894.114 187571.247  0.70%   298  260s
  3105  1358 187841.346   29  613 188894.114 187582.358  0.69%   300  265s
  3198  1436 188726.794   30  318 188894.114 187635.904  0.67%   298  270s
  3244  1458 188198.358   54  427 188894.114 187635.904  0.67%   304  275s
  3441  1549 187876.038   33  599 188894.114 187635.986  0.67%   298  280s
  3515  1609 188332.907   43  492 188894.114 187649.532  0.66%   297  285s
  3599  1681 188448.637   74  440 188894.114 187661.456  0.65%   294  290s
  3700  1761 188446.733   76  492 188894.114 187661.465  0.65%   290  295s
  3791  1807 188656.394   35  437 188894.114 187685.873  0.64%   289  300s
  3922  1847 188011.696   29  650 188894.114 187722.185  0.62%   285  305s
  3994  1885 188094.990   50  537 188894.114 187744.535  0.61%   284  310s
  4078  1954 188079.050   35  514 188894.114 187744.693  0.61%   282  315s
  4186  2052 188485.594   66  388 188894.114 187749.729  0.61%   279  320s
  4283  2118 187832.603   22  649 188894.114 187756.822  0.60%   278  325s
  4348  2181     cutoff   87      188894.114 187756.822  0.60%   278  330s
  4447  2211     cutoff   70      188894.114 187760.070  0.60%   278  335s
H 4519  2229                    188894.11417 187760.070  0.60%   275  337s
  4571  2240 188363.273   35  531 188894.114 187761.523  0.60%   275  340s
  4678  2269 188057.644   47  538 188894.114 187762.353  0.60%   274  345s
H 4709  2298                    188894.11406 187762.353  0.60%   273  347s
  4735  2315 188182.256   20  326 188894.114 187762.541  0.60%   274  350s
H 4763  2334                    188893.50800 187762.541  0.60%   276  351s
  4863  2402 188104.412   21  482 188893.508 187767.198  0.60%   276  356s
  4938  2462 187835.811   19  652 188893.508 187767.838  0.60%   274  360s
  5007  2513 188592.530   40  404 188893.508 187780.343  0.59%   274  365s
  5072  2550 187932.929   28  605 188893.508 187784.695  0.59%   274  370s
  5132  2575 188473.667   39  428 188893.508 187786.605  0.59%   275  375s
  5213  2640 188736.766   82  349 188893.508 187786.808  0.59%   274  380s
  5316  2719 187899.026   17  639 188893.508 187789.019  0.58%   272  386s
  5334  2729 188794.670   31  169 188893.508 187789.019  0.58%   273  391s
  5372  2739 188066.222   29  562 188893.508 187790.764  0.58%   274  395s
  5389  2745 188871.296   37  169 188893.508 187790.764  0.58%   275  400s
  5539  2817 188623.280   53  326 188893.508 187796.039  0.58%   272  405s
  5615  2870 187875.324   23  604 188893.508 187797.875  0.58%   271  411s
  5681  2922 187901.311   27  570 188893.508 187803.076  0.58%   272  417s
  5724  2942 188144.382   26  539 188893.508 187813.390  0.57%   272  420s
  5885  3055 188097.313   30  603 188893.508 187815.077  0.57%   268  425s
  5982  3113 188493.993   51  442 188893.508 187815.306  0.57%   266  430s
  6046  3138 188194.787   30  543 188893.508 187825.508  0.57%   267  435s
  6125  3179 187893.561   28  602 188893.508 187832.895  0.56%   268  440s
  6173  3209 188041.328   31  563 188893.508 187839.198  0.56%   270  445s
  6199  3233 188541.925   56  387 188893.508 187839.198  0.56%   270  457s
  6258  3267 188551.700   43  273 188893.508 187839.812  0.56%   270  460s
  6381  3361 188811.628   30  306 188893.508 187845.659  0.55%   269  465s
  6490  3435 188721.670   39  396 188893.508 187848.075  0.55%   267  470s
  6527  3452 188007.949   29  558 188893.508 187853.090  0.55%   268  475s
  6636  3542 infeasible   25      188893.508 187855.022  0.55%   267  480s
  6666  3570 188460.977   60  447 188893.508 187857.454  0.55%   267  485s
  6783  3647 188544.506   25  486 188893.508 187859.875  0.55%   266  490s
  6852  3693     cutoff   26      188893.508 187862.199  0.55%   265  495s
  6935  3726 188272.782   27  507 188893.508 187871.150  0.54%   266  500s
  7014  3797 188312.579   47  472 188893.508 187871.155  0.54%   265  506s
  7050  3820 188562.603   39  423 188893.508 187877.255  0.54%   265  510s
  7124  3851 188708.968   46  236 188893.508 187877.268  0.54%   266  515s
  7243  3915 188256.746   22  497 188893.508 187880.459  0.54%   265  521s
  7320  3968     cutoff   30      188893.508 187881.334  0.54%   265  525s
  7450  4002 188259.481   54  420 188893.508 187882.193  0.54%   263  530s
  7603  4102     cutoff   32      188893.508 187883.844  0.53%   261  535s
  7689  4159 188722.976   33  369 188893.508 187887.608  0.53%   261  543s
  7712  4170 188005.548   28  617 188893.508 187891.011  0.53%   261  545s
  7767  4184 188712.508   41  392 188893.508 187892.170  0.53%   263  550s
  7871  4262 188711.011   63  329 188893.508 187893.343  0.53%   262  555s
  7937  4291 188009.594   35  596 188893.508 187897.510  0.53%   262  560s
  7998  4331 188630.825   59  311 188893.508 187898.671  0.53%   264  565s
  8128  4431 188804.565   31  455 188893.508 187899.467  0.53%   262  570s
  8209  4486 188171.079   41  479 188893.508 187904.434  0.52%   262  575s
  8325  4564 188000.107   22  569 188893.508 187907.078  0.52%   261  580s
  8429  4652 188523.164   66  406 188893.508 187907.682  0.52%   260  585s
  8480  4665 188478.450   37  424 188893.508 187910.859  0.52%   261  590s
  8600  4745 187932.591   31  599 188893.508 187912.070  0.52%   260  595s
  8672  4807 188430.049   30  506 188893.508 187913.903  0.52%   260  600s
  8764  4873 188559.760   30  527 188893.508 187914.657  0.52%   259  605s
  8880  4947 188831.197   31  405 188893.508 187916.400  0.52%   258  610s
  8979  5014     cutoff   25      188893.508 187919.623  0.52%   258  615s
  9087  5100 188774.516   86  256 188893.508 187922.240  0.51%   257  620s
  9171  5152 188369.544   42  431 188893.508 187926.921  0.51%   256  625s
  9305  5260 188496.274   36  421 188893.508 187927.233  0.51%   255  630s
  9340  5287 188368.585   41  503 188893.508 187927.476  0.51%   255  635s
  9461  5388 188853.901   67  177 188893.508 187928.797  0.51%   253  640s
  9555  5431 188061.880   27  565 188893.508 187930.848  0.51%   253  645s
  9655  5506 188415.447   31  535 188893.508 187932.616  0.51%   253  650s
  9729  5551 188533.536   38  437 188893.508 187932.842  0.51%   253  655s
  9819  5611 187983.876   20  645 188893.508 187936.707  0.51%   253  660s
  9903  5683 188052.492   26  550 188893.508 187938.010  0.51%   253  665s
  9970  5736 188192.974   38  593 188893.508 187943.416  0.50%   252  670s
  9999  5750 188493.710   47  450 188893.508 187943.416  0.50%   253  675s
 10093  5785 188155.580   31  500 188893.508 187945.722  0.50%   253  680s
 10210  5866 188328.530   16  538 188893.508 187953.295  0.50%   252  685s
 10332  5917 188047.132   26  616 188893.508 187955.272  0.50%   252  690s
 10380  5938 188258.614   29  582 188893.508 187956.232  0.50%   253  695s
 10455  5984 188625.571   54  328 188893.508 187956.899  0.50%   255  700s
 10554  6042 188208.842   43  519 188893.508 187958.865  0.49%   254  705s
 10671  6089 188582.379   38  443 188893.508 187959.241  0.49%   253  710s
 10823  6189 188188.572   38  589 188893.508 187961.837  0.49%   252  715s
 10868  6208 188363.227   40  492 188893.508 187963.175  0.49%   253  720s
 10981  6291 188841.189   26  417 188893.508 187964.253  0.49%   252  725s
 11061  6345 188577.950   66  366 188893.508 187966.034  0.49%   252  730s
 11261  6491 188705.704   36  242 188893.508 187967.552  0.49%   250  735s
 11333  6536 188445.595   51  443 188893.508 187969.344  0.49%   250  740s
 11464  6638 188536.159   65  399 188893.508 187969.631  0.49%   249  746s
 11562  6704 infeasible   34      188893.508 187970.727  0.49%   249  750s
 11614  6733     cutoff   22      188893.508 187974.000  0.49%   249  755s
 11741  6800 188610.396   69  330 188893.508 187977.296  0.49%   249  760s
 11873  6889     cutoff   32      188893.508 187978.587  0.48%   248  765s
 11970  6956 188350.589   44  548 188893.508 187979.914  0.48%   248  770s
 12070  7018     cutoff   61      188893.508 187980.692  0.48%   248  775s
 12174  7093 188783.656   95  289 188893.508 187981.654  0.48%   247  780s
 12274  7137 188862.821   55  290 188893.508 187984.241  0.48%   247  785s
 12333  7152 188182.047   35  508 188893.508 187984.961  0.48%   248  790s
 12433  7233 188371.892   21  313 188893.508 187986.086  0.48%   247  795s
 12492  7271 188303.704   46  469 188893.508 187986.474  0.48%   247  800s
 12637  7372 188263.135   38  475 188893.508 187988.602  0.48%   246  805s
 12835  7509 188830.043  100  210 188893.508 187990.018  0.48%   244  810s
 12939  7589 188262.890   43  498 188893.508 187991.318  0.48%   243  815s
 13005  7615 188332.869   32  488 188893.508 187991.591  0.48%   244  820s
 13069  7662     cutoff   60      188893.508 187991.791  0.48%   244  825s
 13163  7712 188731.290   67  264 188893.508 187993.672  0.48%   244  830s
 13274  7740 188792.806   29  406 188893.508 187995.228  0.48%   244  835s
 13341  7783 188215.705   39  530 188893.508 187995.782  0.48%   244  840s
 13452  7868     cutoff   25      188893.508 187996.321  0.47%   244  845s
 13549  7933 188876.891   50  123 188893.508 187998.500  0.47%   244  850s
 13650  7999 188483.012   34  458 188893.508 187999.643  0.47%   244  855s
 13704  8037 188776.514   76  334 188893.508 188000.121  0.47%   244  860s
 13794  8079 188689.264   59  354 188893.508 188000.408  0.47%   244  865s
 13847  8109 188747.598   67  318 188893.508 188002.530  0.47%   244  870s
 13943  8175 188784.025   37  325 188893.508 188003.995  0.47%   244  875s
 14002  8196 188497.567   36  309 188893.508 188005.987  0.47%   245  880s
 14121  8275     cutoff   47      188893.508 188006.677  0.47%   244  885s
 14224  8322     cutoff   58      188893.508 188008.177  0.47%   244  890s
 14324  8363 188367.477   23  432 188893.508 188008.937  0.47%   244  895s
 14449  8457 188882.989   78  285 188893.508 188009.192  0.47%   244  900s
 14587  8557 188638.083   73  377 188893.508 188011.056  0.47%   243  905s
 14727  8660     cutoff   53      188893.508 188011.593  0.47%   242  910s
 14800  8711 188497.027   29  448 188893.508 188012.555  0.47%   242  915s
 14872  8751 188402.902   31  530 188893.508 188013.830  0.47%   242  920s
 14948  8807 188219.369   48  494 188893.508 188014.391  0.47%   242  925s
 15053  8866 188817.633   36  199 188893.508 188015.571  0.46%   242  930s
 15193  8902 188461.809   42  586 188893.508 188017.773  0.46%   242  936s
 15236  8929 188555.046   30  252 188893.508 188017.850  0.46%   242  940s
 15345  8958 188177.900   38  483 188893.508 188018.700  0.46%   242  945s
 15431  9017 188682.731   32  447 188893.508 188019.626  0.46%   242  950s
 15488  9037 188437.298   57  454 188893.508 188021.471  0.46%   242  955s
 15633  9134 188279.743   22  467 188893.508 188022.927  0.46%   242  960s
 15732  9188 188563.928   37  509 188893.508 188024.399  0.46%   242  965s
 15822  9244 188236.297   19  581 188893.508 188025.457  0.46%   242  970s
 15920  9324 188802.816   21  289 188893.508 188025.857  0.46%   241  975s
 15990  9371     cutoff   57      188893.508 188026.202  0.46%   241  980s
 16085  9440 188760.108  102  281 188893.508 188029.295  0.46%   242  985s
 16154  9471 188332.785   31  541 188893.508 188030.542  0.46%   242  990s
 16273  9558 188717.569   97  262 188893.508 188031.278  0.46%   241  995s
 16377  9608 188203.063   32  483 188893.508 188033.630  0.46%   241 1000s
 16515  9713 188185.976   39  573 188893.508 188034.507  0.45%   241 1005s
 16606  9744 188830.361   79  276 188893.508 188034.507  0.45%   241 1010s
 16687  9788     cutoff   45      188893.508 188035.014  0.45%   241 1015s
 16763  9811 188218.504   37  554 188893.508 188036.469  0.45%   241 1020s
 16853  9869 188477.681   40  466 188893.508 188036.587  0.45%   241 1025s
 16973  9963 188712.967   52  409 188893.508 188037.694  0.45%   240 1030s
 17048  9988 188319.907   47  523 188893.508 188039.613  0.45%   240 1035s
 17132 10050 188324.741   46  456 188893.508 188039.969  0.45%   240 1040s
 17174 10091 188838.432   88  305 188893.508 188039.969  0.45%   240 1045s
 17189 10096 188474.575   36  312 188893.508 188040.281  0.45%   240 1051s
 17249 10129 188773.234   40  336 188893.508 188041.484  0.45%   240 1055s
 17368 10215 infeasible   29      188893.508 188043.137  0.45%   239 1060s
 17438 10232     cutoff   44      188893.508 188045.558  0.45%   240 1065s
 17486 10248     cutoff   30      188893.508 188046.837  0.45%   240 1070s
 17594 10290 188613.249   36  495 188893.508 188048.328  0.45%   240 1075s
 17717 10379     cutoff   35      188893.508 188050.321  0.45%   240 1080s
 17784 10425 188183.889   35  562 188893.508 188052.200  0.45%   240 1085s
 17919 10519 188609.173   57  403 188893.508 188052.843  0.45%   239 1090s
 17997 10568 188242.029   36  495 188893.508 188053.339  0.44%   239 1095s
 18094 10640 188348.277   41  474 188893.508 188055.129  0.44%   238 1100s
 18227 10749 infeasible   37      188893.508 188055.968  0.44%   238 1105s
 18275 10753 188244.857   40  561 188893.508 188059.546  0.44%   238 1110s
 18361 10809 188258.130   28  481 188893.508 188062.266  0.44%   239 1117s
 18452 10871 188238.729   48  581 188893.508 188062.805  0.44%   238 1120s
 18572 10936 188242.047   40  460 188893.508 188063.770  0.44%   238 1125s
 18736 11056 188348.845   36  440 188893.508 188064.622  0.44%   237 1130s
 18832 11106 188301.192   33  463 188893.508 188065.283  0.44%   237 1135s
 18969 11199     cutoff   49      188893.508 188065.869  0.44%   237 1140s
 19095 11274 188318.141   38  541 188893.508 188066.777  0.44%   236 1146s
 19141 11289 188580.606   47  476 188893.508 188068.911  0.44%   237 1150s
 19212 11328 188401.112   28  461 188893.508 188069.872  0.44%   238 1155s
 19293 11378 188401.971   57  435 188893.508 188070.426  0.44%   237 1160s
 19394 11455     cutoff   38      188893.508 188071.605  0.44%   237 1165s
 19518 11518 188498.963   44  464 188893.508 188073.148  0.43%   237 1170s
 19644 11594 188719.069   51  435 188893.508 188073.967  0.43%   237 1175s
 19690 11615     cutoff   65      188893.508 188075.478  0.43%   237 1180s
 19750 11641 188315.224   47  546 188893.508 188075.994  0.43%   237 1185s
 19827 11683     cutoff   33      188893.508 188076.689  0.43%   237 1190s
 19883 11719 188698.088   57  319 188893.508 188077.718  0.43%   238 1195s
 20031 11812 188212.766   39  563 188893.508 188079.063  0.43%   237 1200s
 20120 11875     cutoff   51      188893.508 188080.253  0.43%   237 1205s
 20209 11917 188171.495   29  589 188893.508 188081.923  0.43%   237 1210s
 20348 12026 188220.569   38  567 188893.508 188082.324  0.43%   237 1215s
 20414 12061 188408.491   24  492 188893.508 188082.756  0.43%   237 1220s
 20551 12153 188420.397   29  479 188893.508 188085.035  0.43%   236 1226s
 20656 12232 188247.827   31  602 188893.508 188086.097  0.43%   236 1230s
 20762 12318 188556.594   65  389 188893.508 188086.630  0.43%   235 1235s
 20867 12368 188804.058   48  397 188893.508 188087.872  0.43%   235 1240s
 20950 12388 188533.173   40  492 188893.508 188088.441  0.43%   236 1245s
 21042 12454 188475.891   56  435 188893.508 188090.595  0.43%   235 1250s
 21179 12534 188504.647   46  495 188893.508 188091.564  0.42%   235 1255s
 21299 12618 188342.406   50  508 188893.508 188092.149  0.42%   235 1260s
 21436 12669 188773.441   77  340 188893.508 188092.870  0.42%   234 1265s
 21630 12786 188596.497   47  415 188893.508 188094.264  0.42%   233 1270s
 21743 12860 188191.546   38  507 188893.508 188094.597  0.42%   233 1275s
 21924 13008 188457.342   55  450 188893.508 188094.726  0.42%   232 1280s
 21984 13046     cutoff   33      188893.508 188095.019  0.42%   232 1285s
 22087 13121     cutoff   34      188893.508 188095.185  0.42%   232 1291s
 22120 13142 188488.720   30  472 188893.508 188095.973  0.42%   232 1295s
 22237 13202 188546.130   47  226 188893.508 188096.812  0.42%   233 1300s
 22359 13247 188412.316   28  478 188893.508 188097.757  0.42%   233 1305s
 22453 13274 188400.742   49  426 188893.508 188098.386  0.42%   233 1310s
 22574 13356 188454.413   52  432 188893.508 188099.964  0.42%   233 1315s
 22683 13428 188220.327   42  603 188893.508 188100.730  0.42%   232 1320s
 22752 13473 188575.051   40  408 188893.508 188100.978  0.42%   233 1325s
 22878 13540 188272.037   34  461 188893.508 188101.362  0.42%   232 1330s
 22969 13599 188203.278   35  559 188893.508 188102.260  0.42%   232 1335s
 23124 13686 188306.588   52  496 188893.508 188104.042  0.42%   232 1340s
 23199 13730 infeasible   41      188893.508 188104.423  0.42%   232 1345s
 23351 13828     cutoff   26      188893.508 188105.481  0.42%   231 1350s
 23390 13840 188753.721   49  328 188893.508 188106.011  0.42%   232 1355s
 23511 13918 188601.383   81  331 188893.508 188107.106  0.42%   232 1360s
 23620 13972     cutoff   84      188893.508 188109.618  0.41%   231 1365s
 23716 14024 188256.315   43  565 188893.508 188111.423  0.41%   231 1370s
 23823 14071 188470.268   34  537 188893.508 188112.039  0.41%   231 1375s
 23901 14124 188506.441   59  400 188893.508 188113.859  0.41%   231 1380s
 23982 14171 188562.747   42  392 188893.508 188114.400  0.41%   231 1385s
 24117 14263 188304.952   38  544 188893.508 188116.072  0.41%   231 1390s
 24224 14311 188290.594   43  538 188893.508 188117.491  0.41%   231 1395s
 24300 14361 188596.041   43  333 188893.508 188118.390  0.41%   231 1400s
 24396 14411 188253.479   40  538 188893.508 188119.791  0.41%   231 1405s
 24527 14512     cutoff   51      188893.508 188120.433  0.41%   230 1410s
 24687 14548 188686.023   67  443 188893.508 188120.585  0.41%   230 1415s
 24801 14603 infeasible   30      188893.508 188121.034  0.41%   230 1420s
 24865 14627 188471.531   53  566 188893.508 188122.512  0.41%   230 1425s
 24928 14674 188694.407   62  321 188893.508 188123.279  0.41%   230 1430s
 24994 14687 188574.623   35  443 188893.508 188123.986  0.41%   230 1436s
 25047 14710 188274.994   38  563 188893.508 188125.219  0.41%   231 1440s
 25152 14779 188785.248   74  373 188893.508 188125.730  0.41%   230 1445s
 25287 14848     cutoff   37      188893.508 188128.437  0.41%   230 1450s
 25361 14896     cutoff   70      188893.508 188128.833  0.40%   230 1455s
 25429 14924     cutoff   59      188893.508 188129.088  0.40%   231 1460s
 25524 14974 188493.393   55  379 188893.508 188130.329  0.40%   231 1465s
 25554 14994 188570.450   30  247 188893.508 188130.481  0.40%   231 1470s
 25683 15087 188596.697   41  401 188893.508 188132.635  0.40%   231 1475s
 25808 15166 188523.549   49  367 188893.508 188133.545  0.40%   231 1480s
 25955 15267 infeasible   49      188893.508 188134.081  0.40%   230 1485s
 26018 15277 188333.551   52  523 188893.508 188135.655  0.40%   230 1490s
 26186 15411 188631.890   66  283 188893.508 188136.288  0.40%   229 1495s
 26384 15555 188724.850   86  303 188893.508 188137.011  0.40%   229 1500s
 26449 15588 188818.287   59  321 188893.508 188138.484  0.40%   229 1505s
 26599 15692 188330.081   44  564 188893.508 188138.610  0.40%   228 1510s
 26753 15759 188511.029   54  325 188893.508 188138.809  0.40%   228 1515s
 26873 15821 188411.100   56  399 188893.508 188141.670  0.40%   228 1520s
 26962 15861 188333.557   39  526 188893.508 188143.053  0.40%   228 1525s
 27079 15937     cutoff   42      188893.508 188143.435  0.40%   227 1530s
 27154 15969 188412.316   33  466 188893.508 188144.397  0.40%   228 1535s
 27251 16009 188630.127   45  499 188893.508 188144.919  0.40%   228 1540s
 27324 16043 188339.739   34  468 188893.508 188147.746  0.39%   228 1545s
 27492 16100 188449.626   50  428 188893.508 188148.420  0.39%   228 1550s
 27594 16168 188861.226   71  276 188893.508 188149.017  0.39%   228 1555s
 27723 16244 188284.744   40  532 188893.508 188150.192  0.39%   228 1560s
 27889 16383 188631.878   74  291 188893.508 188150.544  0.39%   227 1565s
 28012 16440 188471.075   55  561 188893.508 188151.207  0.39%   227 1570s
 28095 16477 188434.840   31  456 188893.508 188152.389  0.39%   227 1577s
 28150 16497 188356.778   30  451 188893.508 188152.949  0.39%   227 1580s
 28302 16560 188319.261   42  475 188893.508 188154.316  0.39%   227 1585s
 28429 16652 188600.252   47  419 188893.508 188155.642  0.39%   227 1590s
 28613 16740 188629.772   59  370 188893.508 188156.012  0.39%   226 1595s
 28727 16809 188659.667   45  396 188893.508 188156.390  0.39%   226 1600s
 28766 16811 188414.415   30  462 188893.508 188156.722  0.39%   227 1605s
 28863 16872 188401.323   32  553 188893.508 188158.502  0.39%   227 1610s
 28930 16895 188436.770   43  550 188893.508 188159.187  0.39%   227 1615s
 29058 16989 188685.991   61  421 188893.508 188159.498  0.39%   227 1620s
 29179 17066 188478.288   23  395 188893.508 188159.792  0.39%   227 1625s
 29287 17140 188873.814   83  260 188893.508 188161.665  0.39%   227 1630s
 29421 17222 188303.013   28  532 188893.508 188164.136  0.39%   227 1635s
 29522 17282 188781.259   53  267 188893.508 188164.780  0.39%   226 1640s
 29675 17386 188788.032   35  416 188893.508 188165.923  0.39%   226 1645s
 29784 17453 188645.248   46  333 188893.508 188167.309  0.38%   226 1650s
 29867 17493 188630.992   26  450 188893.508 188167.414  0.38%   226 1655s
 29978 17534 188654.978   28  391 188893.508 188168.345  0.38%   226 1661s
 30051 17565 188451.133   35  487 188893.508 188168.628  0.38%   226 1665s
 30179 17667 188231.502   33  558 188893.508 188169.212  0.38%   226 1670s
 30301 17738 188722.358   36  457 188893.508 188171.058  0.38%   226 1675s
 30343 17743 188460.176   58  487 188893.508 188171.845  0.38%   226 1680s
 30472 17824 188334.443   43  448 188893.508 188172.603  0.38%   226 1685s
 30599 17915 188650.388   59  342 188893.508 188173.031  0.38%   226 1690s
 30697 17977     cutoff   45      188893.508 188173.430  0.38%   226 1695s
 30781 18030 188577.888   52  377 188893.508 188174.215  0.38%   226 1700s
 30972 18097 188284.771   35  470 188893.508 188174.728  0.38%   225 1705s
 31077 18163 188282.668   36  585 188893.508 188176.055  0.38%   225 1710s
 31172 18221     cutoff   62      188893.508 188177.190  0.38%   225 1715s
 31299 18290 188542.418   33  513 188893.508 188177.475  0.38%   225 1720s
 31402 18358 188438.211   52  534 188893.508 188178.804  0.38%   225 1725s
 31466 18396     cutoff   73      188893.508 188179.153  0.38%   225 1730s
 31633 18466 188308.441   33  553 188893.508 188180.756  0.38%   225 1735s
 31735 18506 188375.418   44  517 188893.508 188181.148  0.38%   225 1740s
 31868 18586 188492.686   59  464 188893.508 188182.046  0.38%   224 1745s
 31964 18625 188481.991   63  457 188893.508 188183.370  0.38%   225 1750s
 32128 18710 188536.007   48  363 188893.508 188184.226  0.38%   224 1755s
 32258 18784 188346.637   47  574 188893.508 188184.676  0.38%   224 1760s
 32426 18841 188293.881   40  568 188893.508 188185.045  0.38%   223 1765s
 32511 18901 188361.637   35  501 188893.508 188185.433  0.37%   224 1770s
 32613 18972 188658.387   75  328 188893.508 188185.733  0.37%   223 1775s
 32721 19018 188808.900   70  356 188893.508 188186.290  0.37%   223 1780s
 32828 19076 188603.695   39  408 188893.508 188187.243  0.37%   224 1785s
 32985 19159 188470.917   57  455 188893.508 188188.147  0.37%   223 1790s
 33088 19232 188319.033   30  489 188893.508 188188.291  0.37%   223 1795s
 33272 19357 188598.973   57  458 188893.508 188189.519  0.37%   223 1800s
 33403 19447 188522.401   71  357 188893.508 188190.729  0.37%   222 1805s
 33530 19524 188617.811   42  365 188893.508 188191.662  0.37%   222 1810s
 33674 19603     cutoff  109      188893.508 188192.870  0.37%   222 1815s
 33763 19662 188391.083   44  489 188893.508 188193.266  0.37%   222 1820s
 33866 19737 188664.382   67  326 188893.508 188193.899  0.37%   222 1825s
 33984 19803 188302.299   43  515 188893.508 188194.860  0.37%   222 1830s
 34177 19852 infeasible   32      188893.508 188195.482  0.37%   221 1835s
 34316 19956 188497.336   43  511 188893.508 188196.162  0.37%   221 1840s
 34400 20011     cutoff   34      188893.508 188197.028  0.37%   221 1845s
 34494 20078 188480.348   47  390 188893.508 188197.503  0.37%   221 1850s
 34646 20153 188787.462   39  302 188893.508 188197.660  0.37%   221 1855s
 34763 20235 188326.806   48  596 188893.508 188197.831  0.37%   220 1860s
 34901 20313 infeasible   32      188893.508 188199.255  0.37%   220 1866s
 34930 20326 188540.601   61  417 188893.508 188199.858  0.37%   220 1870s
 35061 20399 188511.322   58  490 188893.508 188200.350  0.37%   220 1875s
 35173 20483 188784.227   54  365 188893.508 188200.651  0.37%   220 1880s
 35290 20548 188731.445   33  418 188893.508 188201.911  0.37%   220 1885s
 35370 20589 188526.220   50  487 188893.508 188202.727  0.37%   220 1890s
 35441 20615     cutoff   33      188893.508 188204.055  0.36%   220 1895s
 35588 20705     cutoff   32      188893.508 188205.211  0.36%   220 1900s
 35684 20761 188380.452   44  470 188893.508 188205.794  0.36%   220 1905s
 35825 20857     cutoff   50      188893.508 188206.136  0.36%   220 1910s
 35898 20893 188436.568   40  448 188893.508 188206.360  0.36%   219 1915s
 36026 20921     cutoff   43      188893.508 188206.709  0.36%   219 1920s
 36147 20997 188279.718   35  492 188893.508 188207.685  0.36%   219 1925s
 36269 21073 188794.411   71  402 188893.508 188208.357  0.36%   219 1930s
 36395 21150 188724.655   49  445 188893.508 188209.094  0.36%   219 1935s
 36523 21204 188685.799   65  345 188893.508 188209.834  0.36%   219 1940s
 36630 21258 188595.135   87  375 188893.508 188210.508  0.36%   219 1945s
 36763 21339 188672.247   64  319 188893.508 188210.969  0.36%   218 1950s
 36883 21402 188618.325   28  386 188893.508 188211.865  0.36%   218 1955s
 36958 21443 188468.593   44  474 188893.508 188212.154  0.36%   218 1960s
 37062 21481 188668.654   43  468 188893.508 188212.300  0.36%   218 1965s
 37124 21508 188541.953   50  416 188893.508 188213.173  0.36%   218 1970s
 37235 21586 188761.051   56  266 188893.508 188214.095  0.36%   218 1975s
 37383 21683 188413.548   49  444 188893.508 188215.061  0.36%   218 1980s
 37538 21756 188324.703   26  524 188893.508 188215.568  0.36%   218 1987s
 37603 21799 188626.357   34  465 188893.508 188215.593  0.36%   218 1991s
 37677 21842 188360.809   42  573 188893.508 188216.013  0.36%   218 1995s
 37765 21869 188793.638   97  311 188893.508 188216.355  0.36%   218 2000s
 37871 21941 188464.976   43  508 188893.508 188216.991  0.36%   218 2006s
 37931 21980 188604.215   51  389 188893.508 188217.103  0.36%   218 2010s
 38043 22035 188537.960   53  414 188893.508 188217.319  0.36%   218 2015s
 38172 22108 188575.958   44  407 188893.508 188217.989  0.36%   218 2020s
 38341 22150 188799.465   36  436 188893.508 188218.537  0.36%   217 2025s
 38416 22199 infeasible   52      188893.508 188218.648  0.36%   217 2030s
 38603 22317 188599.254   56  440 188893.508 188219.356  0.36%   217 2036s
 38695 22353 188722.197   36  430 188893.508 188219.608  0.36%   217 2041s
 38766 22401 188460.405   45  475 188893.508 188219.764  0.36%   217 2045s
 38834 22454 188586.026   63  405 188893.508 188219.796  0.36%   217 2052s
 38886 22490 188502.649   52  427 188893.508 188219.893  0.36%   217 2055s
 38954 22533 188344.778   34  541 188893.508 188220.061  0.36%   217 2060s
 39078 22621 188381.920   39  519 188893.508 188220.712  0.36%   217 2066s
 39185 22706     cutoff   81      188893.508 188220.820  0.36%   216 2070s
 39274 22769 188633.872   88  373 188893.508 188221.309  0.36%   216 2075s
 39380 22838 188872.696   78  378 188893.508 188221.747  0.36%   216 2080s
 39442 22865 188809.159   37  321 188893.508 188222.424  0.36%   216 2085s
 39564 22891     cutoff   62      188893.508 188222.682  0.36%   216 2090s
 39730 22940 188870.009   54  419 188893.508 188223.126  0.35%   216 2095s
 39816 22958 infeasible   42      188893.508 188223.651  0.35%   216 2100s
 39915 22995 188388.360   35  416 188893.508 188224.139  0.35%   216 2105s
 40067 23100     cutoff   75      188893.508 188224.506  0.35%   216 2110s
 40161 23158 188262.798   45  513 188893.508 188224.839  0.35%   216 2115s
 40290 23236     cutoff   40      188893.508 188225.124  0.35%   216 2120s
 40391 23281 188798.349   43  472 188893.508 188226.747  0.35%   216 2125s
 40509 23354     cutoff   38      188893.508 188227.823  0.35%   216 2130s
 40602 23397 188653.636   88  379 188893.508 188228.427  0.35%   216 2135s
 40712 23428 188811.653   71  264 188893.508 188228.851  0.35%   216 2140s
 40863 23516 188426.527   46  489 188893.508 188229.755  0.35%   216 2145s
 40939 23567 188881.884   42  326 188893.508 188229.982  0.35%   216 2150s
 41041 23627 188624.866   38  410 188893.508 188230.824  0.35%   216 2155s
 41170 23710 188766.686   39  394 188893.508 188231.192  0.35%   215 2160s
 41292 23787 188846.330   75  295 188893.508 188231.407  0.35%   215 2165s
 41446 23881 188441.807   43  505 188893.508 188232.112  0.35%   215 2170s
 41594 23981 188778.880   73  306 188893.508 188232.787  0.35%   215 2175s
 41710 24027 188463.309   32  499 188893.508 188234.081  0.35%   215 2180s
 41837 24071 188356.201   45  514 188893.508 188234.777  0.35%   215 2185s
 41925 24132 188643.449   47  427 188893.508 188235.462  0.35%   215 2190s
 42044 24202 188368.682   43  480 188893.508 188236.055  0.35%   214 2195s
 42119 24232 188721.097   60  350 188893.508 188236.192  0.35%   215 2202s
 42190 24276 188887.421   40  320 188893.508 188236.674  0.35%   215 2205s
 42266 24300     cutoff   55      188893.508 188236.838  0.35%   215 2210s
 42396 24395 188716.725   85  291 188893.508 188237.487  0.35%   215 2215s
 42542 24439 188750.984   45  333 188893.508 188238.266  0.35%   215 2220s
 42702 24542 188599.161   49  432 188893.508 188238.942  0.35%   214 2225s
 42874 24668 188820.658   98  320 188893.508 188239.504  0.35%   214 2230s
 43019 24761 188436.348   43  534 188893.508 188239.748  0.35%   214 2236s
 43133 24829 188766.178   58  385 188893.508 188239.865  0.35%   214 2240s
 43281 24865 188679.343   54  354 188893.508 188240.000  0.35%   213 2245s
 43446 24952 188743.256   36  415 188893.508 188240.768  0.35%   213 2250s
 43543 25011 188701.674   49  309 188893.508 188241.426  0.35%   213 2255s
 43661 25074 188558.872   55  471 188893.508 188241.666  0.35%   213 2260s
 43796 25156 188357.306   27  579 188893.508 188242.388  0.34%   213 2265s
 43941 25268 188746.187   54  386 188893.508 188242.783  0.34%   213 2270s
 44040 25323 188656.670   46  427 188893.508 188243.428  0.34%   213 2275s
 44175 25408 188602.605   56  321 188893.508 188243.856  0.34%   213 2280s
 44257 25449 188325.616   42  556 188893.508 188244.121  0.34%   213 2285s
 44375 25535 188685.604   40  318 188893.508 188244.428  0.34%   213 2290s
 44508 25614 188695.128   77  358 188893.508 188244.796  0.34%   213 2295s
 44619 25683 188497.846   49  453 188893.508 188244.983  0.34%   212 2300s
 44748 25725 188351.209   48  463 188893.508 188246.005  0.34%   212 2305s
 44886 25811 188675.944   91  361 188893.508 188246.737  0.34%   212 2310s
 44914 25811 188569.908   44  485 188893.508 188246.767  0.34%   212 2317s
 44985 25860     cutoff   31      188893.508 188246.953  0.34%   212 2320s
 45078 25926 188767.845   49  388 188893.508 188247.374  0.34%   212 2325s
 45181 25976 188475.445   49  428 188893.508 188248.003  0.34%   212 2330s
 45308 26013     cutoff   49      188893.508 188248.115  0.34%   212 2335s
 45410 26059 188661.080   48  362 188893.508 188248.564  0.34%   212 2341s
 45499 26114 188607.989   61  417 188893.508 188249.202  0.34%   212 2345s
 45641 26153     cutoff   42      188893.508 188250.306  0.34%   212 2350s
 45793 26261 188652.291   48  487 188893.508 188250.632  0.34%   212 2355s
 45908 26309 188511.179   62  405 188893.508 188250.758  0.34%   212 2360s
 46072 26412 188485.397   54  404 188893.508 188251.338  0.34%   212 2365s
 46194 26493 188799.546   50  422 188893.508 188251.761  0.34%   212 2370s
 46384 26543 188797.108   72  399 188893.508 188252.397  0.34%   211 2375s
 46459 26600 188575.556   41  413 188893.508 188252.479  0.34%   211 2398s
 46506 26636 188544.860   54  449 188893.508 188252.636  0.34%   211 2400s
 46661 26725 infeasible   57      188893.508 188253.177  0.34%   211 2405s
 46735 26741 188690.477   49  360 188893.508 188253.733  0.34%   211 2410s
 46876 26788 infeasible   28      188893.508 188253.917  0.34%   211 2415s
 46983 26847 188541.095   48  488 188893.508 188254.621  0.34%   211 2420s
 47091 26921 188555.201   43  377 188893.508 188255.230  0.34%   211 2425s
 47190 26977 188630.787   49  397 188893.508 188255.437  0.34%   211 2430s
 47314 27027 188788.808   57  399 188893.508 188255.654  0.34%   211 2435s
 47399 27055 188702.103   38  424 188893.508 188256.947  0.34%   211 2440s
 47537 27126 188480.534   37  550 188893.508 188258.297  0.34%   211 2445s
 47630 27186 188459.324   62  514 188893.508 188258.624  0.34%   211 2450s
 47759 27252 188713.876   74  423 188893.508 188258.773  0.34%   211 2455s
 47875 27308 188579.214   57  464 188893.508 188259.487  0.34%   211 2460s
 48028 27414 188687.250   29  420 188893.508 188260.010  0.34%   211 2465s
 48181 27503 188837.611   85  281 188893.508 188260.268  0.34%   210 2470s
 48247 27517 188579.372   43  471 188893.508 188260.722  0.33%   211 2475s
 48384 27584 188744.274   37  371 188893.508 188261.801  0.33%   211 2480s
 48571 27679 188740.784   33  277 188893.508 188262.425  0.33%   210 2485s
 48731 27793 188788.255   83  346 188893.508 188262.531  0.33%   210 2490s
 48822 27848 188736.957   52  409 188893.508 188262.900  0.33%   210 2495s
 48886 27875 188444.446   49  505 188893.508 188263.367  0.33%   210 2500s
 49020 27927 188664.932   60  457 188893.508 188264.065  0.33%   210 2505s
 49156 27982     cutoff   58      188893.508 188264.443  0.33%   210 2510s
 49203 28005 188579.817   44  439 188893.508 188265.442  0.33%   210 2515s
 49337 28093 188643.170   74  328 188893.508 188265.711  0.33%   210 2520s
 49478 28183 188462.236   31  483 188893.508 188265.984  0.33%   210 2525s
 49649 28303 188829.174   63  311 188893.508 188266.197  0.33%   210 2530s
 49746 28379 188781.791   70  393 188893.508 188266.405  0.33%   210 2535s
 49823 28413 188750.780   65  390 188893.508 188267.122  0.33%   210 2540s
 49943 28470 188746.328   70  353 188893.508 188267.626  0.33%   210 2545s
 50095 28558 188702.991   63  349 188893.508 188268.296  0.33%   210 2550s
 50206 28632 188745.798   37  282 188893.508 188268.537  0.33%   210 2555s
 50339 28707 188687.703   61  397 188893.508 188268.914  0.33%   210 2560s
 50408 28742 188396.969   53  418 188893.508 188269.198  0.33%   210 2565s
 50569 28839 infeasible   44      188893.508 188269.446  0.33%   210 2570s
 50714 28920 188408.345   33  423 188893.508 188270.327  0.33%   209 2575s
 50882 29034     cutoff   81      188893.508 188270.798  0.33%   209 2580s
 50984 29095 infeasible   30      188893.508 188271.096  0.33%   209 2585s
 51102 29164 188636.604   63  457 188893.508 188271.278  0.33%   209 2590s
 51179 29192 188848.110   37  286 188893.508 188271.607  0.33%   209 2595s
 51304 29265 188507.532   63  493 188893.508 188272.447  0.33%   209 2600s
 51387 29305 188732.909   42  435 188893.508 188272.820  0.33%   209 2605s
 51476 29326 188540.259   62  464 188893.508 188273.162  0.33%   209 2610s
 51692 29464 188617.412   61  445 188893.508 188273.401  0.33%   209 2615s
 51785 29515 188466.171   49  512 188893.508 188274.072  0.33%   209 2620s
 51924 29580 188604.346   57  387 188893.508 188274.358  0.33%   209 2625s
 52075 29661 188761.397   61  366 188893.508 188274.727  0.33%   209 2630s
 52266 29796 188565.852   60  343 188893.508 188275.538  0.33%   208 2635s
 52394 29857     cutoff   51      188893.508 188275.877  0.33%   208 2640s
 52449 29866 188599.504   41  515 188893.508 188275.902  0.33%   208 2647s
 52497 29892 188565.079   49  333 188893.508 188276.128  0.33%   208 2650s
 52616 29964 188531.724   47  441 188893.508 188276.643  0.33%   208 2655s
 52732 30025 188797.900   82  159 188893.508 188276.756  0.33%   208 2660s
 52861 30120 188571.573   53  407 188893.508 188276.909  0.33%   208 2665s
 52977 30192     cutoff   55      188893.508 188277.167  0.33%   208 2670s
 53106 30258 188845.696   59  295 188893.508 188277.971  0.33%   208 2675s
 53158 30271 188507.189   52  473 188893.508 188278.320  0.33%   208 2680s
 53266 30313     cutoff   80      188893.508 188278.715  0.33%   208 2685s
 53388 30387 188521.939   47  466 188893.508 188278.930  0.33%   208 2690s
 53518 30465 188367.856   32  481 188893.508 188279.245  0.33%   208 2695s
 53721 30564 188587.789   31  396 188893.508 188280.157  0.32%   208 2700s
 53842 30618 188595.008   47  430 188893.508 188280.402  0.32%   208 2705s
 53994 30709 188649.968   45  401 188893.508 188281.199  0.32%   208 2710s
 54096 30736 188743.542   59  329 188893.508 188281.233  0.32%   207 2715s
 54245 30820 188735.268   42  322 188893.508 188281.866  0.32%   207 2720s
 54370 30897 188652.104   43  414 188893.508 188282.182  0.32%   207 2725s
 54515 30984 188492.989   38  364 188893.508 188282.770  0.32%   207 2730s
 54605 31054 188549.068   51  452 188893.508 188283.075  0.32%   207 2735s
 54760 31133 188356.230   33  562 188893.508 188283.847  0.32%   207 2740s
 54887 31206 188661.366   26  359 188893.508 188284.312  0.32%   207 2745s
 55025 31295 188661.104   57  310 188893.508 188284.647  0.32%   207 2750s
 55152 31370 188560.580   62  402 188893.508 188285.180  0.32%   207 2755s
 55316 31458 188750.757   58  370 188893.508 188285.361  0.32%   206 2760s
 55499 31579 188652.964   53  453 188893.508 188285.665  0.32%   206 2765s
 55591 31621 188863.445   70  261 188893.508 188286.171  0.32%   206 2770s
 55651 31638     cutoff   50      188893.508 188286.813  0.32%   206 2775s
 55827 31759 188287.470   23  521 188893.508 188287.470  0.32%   206 2782s
 55857 31780 188638.660   26  451 188893.508 188287.518  0.32%   206 2785s
 56021 31868 188829.549   67  356 188893.508 188287.865  0.32%   206 2790s
 56091 31884 188470.758   33  480 188893.508 188288.281  0.32%   206 2795s
 56258 31977 188651.811   70  352 188893.508 188288.762  0.32%   206 2800s
 56424 32065 188819.825   41  310 188893.508 188289.882  0.32%   206 2806s
 56491 32081 188733.214   53  393 188893.508 188290.262  0.32%   206 2810s
 56588 32121 188513.701   51  493 188893.508 188290.662  0.32%   206 2815s
 56691 32183 188693.298   59  358 188893.508 188290.815  0.32%   206 2820s
 56783 32216 188627.884   52  504 188893.508 188291.099  0.32%   206 2825s
 56891 32258 188547.395   46  359 188893.508 188292.081  0.32%   206 2830s
 57010 32336 188832.196   85  351 188893.508 188292.210  0.32%   206 2835s
 57124 32398 188837.631   62  232 188893.508 188293.072  0.32%   206 2840s
 57215 32426 188642.119   42  433 188893.508 188293.303  0.32%   206 2845s
 57313 32471 188508.537   36  474 188893.508 188293.893  0.32%   206 2850s
 57446 32553 infeasible   26      188893.508 188294.020  0.32%   206 2855s
 57549 32630 188644.126   45  411 188893.508 188294.700  0.32%   205 2860s
 57628 32667 188403.066   19  592 188893.508 188295.291  0.32%   206 2865s
 57801 32733     cutoff   46      188893.508 188295.745  0.32%   205 2870s
 57898 32800 188558.508   49  420 188893.508 188295.853  0.32%   205 2875s
 58005 32868 188522.743   36  462 188893.508 188296.472  0.32%   205 2880s
 58095 32909     cutoff   54      188893.508 188297.121  0.32%   205 2885s
 58184 32967 188604.778   41  440 188893.508 188297.796  0.32%   205 2890s
 58299 33042 188829.504   68  364 188893.508 188298.013  0.32%   205 2895s
 58511 33178 188569.289   52  501 188893.508 188298.366  0.32%   205 2900s
 58595 33206 188683.985   67  421 188893.508 188299.272  0.31%   205 2905s
 58728 33300 188858.248   74  256 188893.508 188299.506  0.31%   205 2910s
 58823 33343 188806.539   58  400 188893.508 188299.668  0.31%   205 2915s
 58952 33422 188696.681   45  481 188893.508 188300.005  0.31%   205 2920s
 59042 33453 188691.045   42  335 188893.508 188300.086  0.31%   205 2925s
 59118 33489 188676.168   53  417 188893.508 188300.709  0.31%   205 2930s
 59234 33531 188819.376   68  273 188893.508 188301.180  0.31%   205 2935s
 59281 33543 188699.969   51  463 188893.508 188301.434  0.31%   205 2940s
 59417 33627     cutoff   37      188893.508 188301.723  0.31%   205 2945s
 59559 33674     cutoff   59      188893.508 188301.794  0.31%   205 2950s
 59608 33693 188355.552   41  375 188893.508 188302.199  0.31%   205 2955s
 59753 33787 188381.655   53  504 188893.508 188302.513  0.31%   205 2960s
 59856 33839 188645.499   47  417 188893.508 188303.073  0.31%   205 2965s
 60025 33881     cutoff   48      188893.508 188303.381  0.31%   205 2970s
 60132 33973 188778.636   90  259 188893.508 188303.715  0.31%   204 2975s
 60343 34106 188532.212   45  365 188893.508 188304.096  0.31%   204 2980s
 60441 34164 188649.049   42  423 188893.508 188304.819  0.31%   204 2985s
 60544 34223 188859.162   54  255 188893.508 188304.959  0.31%   204 2990s
 60716 34317 188575.561   54  471 188893.508 188305.112  0.31%   204 2995s
 60812 34378 188351.775   49  480 188893.508 188305.581  0.31%   204 3000s
 60929 34464 188848.988   73  227 188893.508 188305.707  0.31%   204 3005s
 61028 34517 188849.165   28  295 188893.508 188306.286  0.31%   204 3010s
 61157 34588 188612.547   29  458 188893.508 188306.387  0.31%   204 3015s
 61319 34700 188741.692   59  290 188893.508 188306.568  0.31%   204 3020s
 61468 34773 infeasible   66      188893.508 188306.787  0.31%   203 3025s
 61586 34819 188647.219   58  343 188893.508 188306.994  0.31%   203 3030s
 61697 34880 188647.610   38  452 188893.508 188307.388  0.31%   203 3035s
 61841 34970 188730.908   55  389 188893.508 188307.801  0.31%   203 3040s
 62009 35074 188804.279   58  139 188893.508 188308.163  0.31%   203 3045s
 62131 35144 188657.475   43  435 188893.508 188308.580  0.31%   203 3050s
 62309 35259     cutoff   42      188893.508 188309.011  0.31%   203 3055s
 62400 35307 188659.642   75  346 188893.508 188309.529  0.31%   203 3060s
 62533 35398 188562.729   41  497 188893.508 188309.766  0.31%   203 3065s
 62594 35424 188657.648   41  465 188893.508 188309.910  0.31%   203 3070s
 62644 35437 188529.177   64  525 188893.508 188310.283  0.31%   203 3075s
 62774 35532 188565.769   40  468 188893.508 188310.486  0.31%   203 3080s
 62890 35569 188628.978   40  308 188893.508 188311.088  0.31%   203 3085s
 62989 35633 188697.870   65  302 188893.508 188311.252  0.31%   203 3090s
 63116 35721     cutoff   55      188893.508 188311.619  0.31%   202 3095s
 63172 35749 188695.885   46  412 188893.508 188311.935  0.31%   203 3101s
 63253 35773     cutoff   42      188893.508 188312.432  0.31%   203 3105s
 63335 35818 188405.671   42  481 188893.508 188312.891  0.31%   203 3110s
 63432 35862     cutoff   22      188893.508 188312.970  0.31%   203 3115s
 63459 35871 188752.674   50  308 188893.508 188313.058  0.31%   203 3123s
 63508 35892 188523.101   45  503 188893.508 188313.268  0.31%   203 3125s
 63619 35942 188753.694   35  402 188893.508 188313.888  0.31%   203 3130s
 63794 36007 188664.683   50  431 188893.508 188314.459  0.31%   202 3135s
 63888 36066 188652.171   36  389 188893.508 188314.570  0.31%   202 3140s
 64037 36163 188420.214   51  440 188893.508 188314.834  0.31%   202 3145s
 64109 36188     cutoff   56      188893.508 188314.910  0.31%   202 3150s
 64250 36269 188477.800   27  495 188893.508 188315.103  0.31%   202 3155s
 64393 36340 188423.075   30  512 188893.508 188315.386  0.31%   202 3160s
 64517 36430 188551.922   44  375 188893.508 188315.630  0.31%   202 3165s
 64593 36465 188816.599   32  342 188893.508 188315.747  0.31%   202 3170s
 64692 36527     cutoff   66      188893.508 188316.079  0.31%   202 3175s
 64790 36585 188508.135   43  402 188893.508 188316.224  0.31%   202 3180s
 64917 36680 188557.786   39  522 188893.508 188316.370  0.31%   202 3185s
 65012 36745 188771.420   20  441 188893.508 188316.625  0.31%   202 3190s
 65078 36776 188672.252   55  438 188893.508 188316.766  0.31%   202 3195s
 65207 36795 188758.005   63  498 188893.508 188316.825  0.31%   202 3200s
 65259 36829 188499.398   42  460 188893.508 188316.897  0.31%   202 3205s
 65352 36883 188497.598   40  493 188893.508 188317.403  0.30%   202 3210s
 65453 36927 188815.914   71  335 188893.508 188317.723  0.30%   202 3215s
 65599 37005 188746.594   42  309 188893.508 188317.996  0.30%   202 3220s
 65673 37036 188600.440   44  427 188893.508 188318.248  0.30%   202 3225s
 65766 37095 188538.303   50  512 188893.508 188318.334  0.30%   202 3230s
 65852 37153     cutoff   40      188893.508 188318.419  0.30%   202 3235s
 65938 37181 188574.236   44  445 188893.508 188318.751  0.30%   202 3240s
 66051 37251 188556.298   56  407 188893.508 188318.801  0.30%   202 3245s
 66140 37295 188731.381   66  309 188893.508 188319.356  0.30%   202 3250s
 66226 37336     cutoff   41      188893.508 188319.456  0.30%   202 3255s
 66398 37403 188661.231   51  443 188893.508 188319.633  0.30%   202 3260s
 66508 37464 188565.236   53  352 188893.508 188320.121  0.30%   202 3265s
 66656 37564 188573.464   42  417 188893.508 188320.457  0.30%   202 3270s
 66799 37651 188488.994   52  463 188893.508 188320.560  0.30%   202 3276s
 66871 37689 188662.700   36  466 188893.508 188320.893  0.30%   202 3280s
 67044 37774 188860.240   59  220 188893.508 188321.030  0.30%   202 3285s
 67151 37827 188666.566   48  420 188893.508 188321.206  0.30%   201 3290s
 67267 37891 188816.943   66  341 188893.508 188321.622  0.30%   202 3295s
 67294 37911 188715.776   73  384 188893.508 188321.897  0.30%   202 3303s
 67355 37953 188772.398   56  405 188893.508 188321.973  0.30%   201 3305s
 67499 38048 188682.329   59  339 188893.508 188322.270  0.30%   201 3310s
 67633 38101 188726.343   58  365 188893.508 188322.509  0.30%   201 3315s
 67723 38151 188459.221   40  430 188893.508 188322.899  0.30%   201 3320s
 67818 38210 188705.716   59  309 188893.508 188323.031  0.30%   201 3325s
 67896 38241 188575.066   50  323 188893.508 188323.289  0.30%   201 3330s
 67998 38291 188597.302   41  464 188893.508 188323.576  0.30%   201 3335s
 68133 38382     cutoff   75      188893.508 188323.700  0.30%   201 3340s
 68178 38396 188602.983   33  355 188893.508 188324.028  0.30%   201 3345s
 68313 38461 188392.160   46  517 188893.508 188324.133  0.30%   201 3350s
 68432 38540 188498.313   54  412 188893.508 188324.244  0.30%   201 3355s
 68564 38579 188691.951   75  381 188893.508 188324.470  0.30%   201 3360s
 68657 38591 188495.408   49  395 188893.508 188324.844  0.30%   201 3365s
 68813 38671     cutoff   39      188893.508 188325.481  0.30%   201 3370s
 68940 38746 188852.909   64  307 188893.508 188325.678  0.30%   201 3375s
 69051 38806 188574.688   48  444 188893.508 188325.966  0.30%   201 3380s
 69143 38870 188607.276   42  435 188893.508 188326.139  0.30%   201 3385s
 69306 38936 188658.366   60  405 188893.508 188326.277  0.30%   201 3390s
 69427 39007 188771.307   52  255 188893.508 188326.545  0.30%   201 3395s
 69530 39068 188501.360   54  470 188893.508 188327.013  0.30%   201 3400s
 69679 39164 188779.583   62  349 188893.508 188327.335  0.30%   201 3405s
 69752 39193 188554.785   65  400 188893.508 188327.441  0.30%   201 3410s
 69886 39271 188797.119   52  413 188893.508 188327.534  0.30%   201 3415s
 69960 39296 188613.486   41  484 188893.508 188327.888  0.30%   201 3420s
 70033 39342 188628.810   41  469 188893.508 188327.971  0.30%   201 3425s
 70119 39371 188604.565   48  463 188893.508 188328.272  0.30%   201 3430s
 70271 39478 188550.527   66  461 188893.508 188328.407  0.30%   201 3435s
 70360 39530 188766.346   25  380 188893.508 188328.670  0.30%   201 3440s
 70443 39555 188471.153   43  493 188893.508 188328.972  0.30%   201 3445s
 70564 39638 188704.400   59  419 188893.508 188329.128  0.30%   201 3450s
 70678 39702 188415.474   47  506 188893.508 188329.625  0.30%   201 3455s
 70778 39739 188744.588   62  334 188893.508 188329.830  0.30%   200 3460s
 70923 39794 188518.991   52  411 188893.508 188330.050  0.30%   200 3465s
 71039 39852 188686.275   46  291 188893.508 188330.390  0.30%   200 3470s
 71154 39887 188692.916   65  296 188893.508 188330.626  0.30%   200 3475s
 71302 39959 188489.127   52  522 188893.508 188331.131  0.30%   200 3480s
 71394 40012 188583.250   39  358 188893.508 188331.254  0.30%   200 3485s
 71563 40100     cutoff   76      188893.508 188331.585  0.30%   200 3490s
 71673 40144 188587.723   59  463 188893.508 188331.831  0.30%   200 3495s
 71778 40183     cutoff   42      188893.508 188331.967  0.30%   200 3500s
 71917 40274 188755.314   75  299 188893.508 188332.671  0.30%   200 3505s
 72003 40294 188582.401   64  444 188893.508 188332.873  0.30%   200 3510s
 72132 40373 188482.211   40  431 188893.508 188332.999  0.30%   200 3515s
 72266 40461     cutoff   42      188893.508 188333.561  0.30%   200 3520s
 72383 40522     cutoff   63      188893.508 188333.676  0.30%   200 3525s
 72506 40594 infeasible   57      188893.508 188333.849  0.30%   200 3530s
 72663 40676 188618.255   46  286 188893.508 188334.408  0.30%   200 3536s
 72744 40715 188582.878   41  485 188893.508 188334.524  0.30%   200 3540s
 72799 40729 188534.263   42  381 188893.508 188334.746  0.30%   200 3545s
 72924 40800 infeasible   61      188893.508 188334.881  0.30%   200 3550s
 73081 40870 188482.449   49  509 188893.508 188335.157  0.30%   200 3555s
 73205 40908 188792.740   55  359 188893.508 188335.463  0.30%   200 3560s
 73347 41006 188529.045   44  387 188893.508 188335.612  0.30%   200 3565s
 73466 41059 infeasible   30      188893.508 188335.828  0.30%   200 3570s
 73519 41085 188513.512   44  412 188893.508 188336.542  0.29%   200 3583s
 73604 41145     cutoff   88      188893.508 188336.552  0.29%   200 3585s
 73740 41212 188578.851   56  433 188893.508 188336.695  0.29%   200 3590s
 73900 41325 188721.765   44  372 188893.508 188337.196  0.29%   199 3595s
 74041 41411 188605.063   56  493 188893.508 188337.813  0.29%   199 3600s
 74135 41440 188438.267   36  397 188893.508 188338.214  0.29%   199 3605s
 74339 41571 188374.583   42  563 188893.508 188338.502  0.29%   199 3611s
 74450 41647 188595.706   69  352 188893.508 188338.653  0.29%   199 3615s
 74587 41743 188623.317   44  426 188893.508 188338.898  0.29%   199 3620s
 74741 41788 188787.315   61  343 188893.508 188339.081  0.29%   199 3625s
 74871 41871 188767.067   55  380 188893.508 188339.365  0.29%   199 3630s
 74958 41925 188522.690   45  445 188893.508 188339.571  0.29%   199 3635s
 75091 42012 188651.276   62  411 188893.508 188339.797  0.29%   199 3640s
 75196 42079     cutoff   27      188893.508 188340.014  0.29%   199 3645s
 75273 42116 188815.498   45  341 188893.508 188340.312  0.29%   199 3650s
 75404 42198 188636.544   42  460 188893.508 188340.455  0.29%   199 3655s
 75508 42265 188784.468   58  349 188893.508 188340.735  0.29%   199 3660s
 75602 42316     cutoff   61      188893.508 188341.094  0.29%   199 3665s
 75753 42392     cutoff   53      188893.508 188341.655  0.29%   199 3670s
 75824 42417 188847.403   60  369 188893.508 188341.846  0.29%   199 3675s
 75927 42471 188733.767   52  451 188893.508 188342.064  0.29%   199 3680s
 76020 42523 188604.227   43  446 188893.508 188342.230  0.29%   199 3685s
 76135 42576 188597.059   70  362 188893.508 188342.335  0.29%   199 3690s
 76262 42645 188685.969   51  432 188893.508 188342.627  0.29%   199 3695s
 76373 42701 188537.640   55  353 188893.508 188343.143  0.29%   199 3700s
 76514 42780 188594.326   47  368 188893.508 188343.575  0.29%   199 3705s
 76653 42872 188612.343   63  373 188893.508 188343.795  0.29%   198 3710s
 76769 42945 188788.326   58  299 188893.508 188343.878  0.29%   198 3715s
 76899 43030 188502.379   55  412 188893.508 188344.165  0.29%   198 3720s
 77089 43155 infeasible   36      188893.508 188344.523  0.29%   198 3725s
 77201 43195 188525.614   42  451 188893.508 188344.897  0.29%   198 3730s
 77354 43265 188634.027   41  520 188893.508 188344.986  0.29%   198 3735s
 77471 43333     cutoff   52      188893.508 188345.363  0.29%   198 3740s
 77592 43376 188618.144   50  468 188893.508 188345.808  0.29%   198 3745s
 77729 43456 188588.065   69  366 188893.508 188346.154  0.29%   198 3750s
 77806 43489 188679.585   41  490 188893.508 188346.257  0.29%   198 3755s
 77917 43545 188698.190   62  382 188893.508 188346.443  0.29%   198 3760s
 78039 43615 188433.839   39  490 188893.508 188347.067  0.29%   198 3765s
 78138 43676     cutoff   58      188893.508 188347.220  0.29%   198 3770s
 78248 43724 188602.819   29  411 188893.508 188347.421  0.29%   198 3775s
 78410 43848 188556.440   63  380 188893.508 188347.716  0.29%   198 3780s
 78508 43894 188875.365   69  286 188893.508 188347.975  0.29%   198 3785s
 78581 43929 188733.761   47  372 188893.508 188348.163  0.29%   198 3790s
 78722 44017 188521.595   44  450 188893.508 188348.563  0.29%   198 3795s
 78861 44090 188510.457   49  470 188893.508 188348.776  0.29%   198 3800s
 78994 44140 188728.472   53  315 188893.508 188349.144  0.29%   197 3805s
 79088 44166 188846.582   34  305 188893.508 188349.761  0.29%   198 3810s
 79158 44203 188628.791   42  414 188893.508 188349.881  0.29%   198 3815s
 79286 44253 188756.467   53  346 188893.508 188350.292  0.29%   198 3820s
 79452 44329 188672.318   60  398 188893.508 188350.442  0.29%   197 3825s
 79561 44394 188494.450   44  528 188893.508 188350.545  0.29%   197 3830s
 79668 44457 188745.163   72  428 188893.508 188350.681  0.29%   197 3835s
 79760 44507 188662.557   52  401 188893.508 188351.040  0.29%   197 3840s
 79853 44538 188671.940   54  371 188893.508 188351.262  0.29%   198 3845s
 79988 44604     cutoff  100      188893.508 188351.466  0.29%   198 3850s
 80078 44648 188373.698   42  460 188893.508 188351.680  0.29%   198 3855s
 80231 44747 188642.703   60  377 188893.508 188352.142  0.29%   197 3860s
 80372 44839 188628.430   52  350 188893.508 188352.313  0.29%   197 3865s
 80514 44935 188827.787   36  395 188893.508 188352.638  0.29%   197 3870s
 80580 44976 188621.073   42  459 188893.508 188352.867  0.29%   197 3875s
 80714 45063 188748.064   80  294 188893.508 188353.383  0.29%   197 3880s
 80794 45111 188745.012   47  369 188893.508 188353.714  0.29%   197 3885s
 80953 45210 188557.322   43  459 188893.508 188353.864  0.29%   197 3890s
 81066 45288 188695.118   44  383 188893.508 188353.986  0.29%   197 3895s
 81196 45353 188656.867   57  486 188893.508 188354.327  0.29%   197 3900s
 81284 45382 188604.645   49  496 188893.508 188354.888  0.29%   197 3905s
 81397 45433     cutoff   49      188893.508 188355.477  0.28%   197 3910s
 81529 45519 188609.002   65  446 188893.508 188355.658  0.28%   197 3915s
 81580 45536 188500.973   56  457 188893.508 188356.070  0.28%   197 3920s
 81746 45616 188668.216   38  357 188893.508 188356.245  0.28%   197 3925s
 81867 45700 188714.972   56  461 188893.508 188356.332  0.28%   197 3930s
 82010 45761 188462.070   31  481 188893.508 188356.613  0.28%   197 3935s
 82183 45854 infeasible   44      188893.508 188356.930  0.28%   197 3940s
 82288 45902 188733.623   33  417 188893.508 188357.310  0.28%   197 3945s
 82402 45971     cutoff   63      188893.508 188357.393  0.28%   197 3950s
 82551 46039 188772.609   82  276 188893.508 188357.408  0.28%   197 3955s
 82689 46114 188642.223   44  493 188893.508 188357.773  0.28%   197 3960s
 82748 46129 188513.075   41  521 188893.508 188358.122  0.28%   197 3965s
 82823 46156 188544.611   44  409 188893.508 188358.220  0.28%   197 3970s
 82957 46226 188608.105   76  403 188893.508 188358.470  0.28%   197 3975s
 83073 46280 188562.131   55  455 188893.508 188358.706  0.28%   197 3980s
 83166 46345 188602.381   50  506 188893.508 188358.847  0.28%   197 3986s
 83257 46405 188663.329   46  315 188893.508 188358.919  0.28%   197 3990s
 83380 46462 188611.756   54  405 188893.508 188359.091  0.28%   197 3995s
 83468 46513 188675.737   40  388 188893.508 188359.356  0.28%   197 4000s
 83581 46569 188541.427   36  464 188893.508 188359.750  0.28%   197 4005s
 83680 46629 188514.039   36  490 188893.508 188360.134  0.28%   197 4010s
 83828 46662     cutoff   43      188893.508 188360.248  0.28%   197 4015s
 83965 46757 188848.820   57  355 188893.508 188360.313  0.28%   197 4020s
 84079 46800 188596.413   55  490 188893.508 188360.503  0.28%   197 4025s
 84241 46873 188552.868   42  470 188893.508 188360.690  0.28%   197 4030s
 84351 46916 188540.783   46  511 188893.508 188360.808  0.28%   197 4035s
 84472 46978 188652.220   51  449 188893.508 188360.858  0.28%   197 4040s
 84576 47039 188724.083   70  354 188893.508 188361.144  0.28%   197 4045s
 84730 47104 188781.694   69  317 188893.508 188361.467  0.28%   197 4050s
 84795 47132 188752.199   79  344 188893.508 188361.566  0.28%   197 4055s
 84970 47241 188637.344   50  447 188893.508 188361.963  0.28%   196 4060s
 85097 47334 188806.212   64  415 188893.508 188362.200  0.28%   196 4065s
 85186 47378 188820.687   49  375 188893.508 188362.404  0.28%   196 4070s
 85305 47408 188742.754   54  365 188893.508 188362.809  0.28%   196 4075s
 85387 47443 188686.861   46  418 188893.508 188363.037  0.28%   196 4080s
 85453 47469 188513.665   53  466 188893.508 188363.165  0.28%   196 4085s
 85570 47519 188600.398   50  431 188893.508 188363.266  0.28%   197 4090s
 85728 47619 188663.291   56  467 188893.508 188363.535  0.28%   196 4095s
 85798 47662 188863.955   62  334 188893.508 188363.584  0.28%   196 4100s
 85896 47703 188888.614   74  292 188893.508 188364.073  0.28%   196 4105s
 86029 47765     cutoff   36      188893.508 188364.366  0.28%   196 4110s
 86154 47822     cutoff   55      188893.508 188364.484  0.28%   196 4115s
 86273 47881 188630.593   56  396 188893.508 188364.748  0.28%   196 4120s
 86384 47938 188808.043   77  250 188893.508 188364.798  0.28%   196 4125s
 86505 47997 infeasible   30      188893.508 188364.945  0.28%   196 4130s
 86623 48044 188849.252   40  282 188893.508 188365.174  0.28%   196 4135s
 86725 48114 188798.612   85  306 188893.508 188365.280  0.28%   196 4140s
 86864 48178 188761.440   56  308 188893.508 188365.624  0.28%   196 4145s
 86959 48216     cutoff   70      188893.508 188366.168  0.28%   196 4150s
 87099 48307 188611.057   40  348 188893.508 188366.356  0.28%   196 4155s
 87284 48422 188615.814   56  454 188893.508 188366.725  0.28%   196 4160s
 87409 48461 188630.707   37  486 188893.508 188366.813  0.28%   196 4165s
 87551 48559 188778.780   52  411 188893.508 188367.054  0.28%   196 4170s
 87717 48651     cutoff   40      188893.508 188367.201  0.28%   196 4175s
 87809 48709 188749.676   37  444 188893.508 188367.291  0.28%   196 4181s
 87889 48723 188567.901   37  376 188893.508 188367.382  0.28%   196 4185s
 88004 48756 188712.859   64  347 188893.508 188367.618  0.28%   196 4190s
 88115 48801 188806.366   63  337 188893.508 188367.772  0.28%   196 4195s
 88203 48836     cutoff   69      188893.508 188367.937  0.28%   196 4200s
 88275 48868 188589.595   46  429 188893.508 188368.216  0.28%   196 4205s
 88431 48980 188686.672   46  441 188893.508 188368.358  0.28%   196 4210s
 88617 49103 188671.941   45  349 188893.508 188368.515  0.28%   196 4215s
 88733 49166 188511.485   60  409 188893.508 188368.971  0.28%   196 4220s
 88878 49228 188572.072   43  474 188893.508 188369.141  0.28%   196 4225s
 88985 49281     cutoff   61      188893.508 188369.670  0.28%   196 4230s
 89019 49297 188610.887   58  281 188893.508 188369.813  0.28%   196 4235s
 89122 49345 188720.550   45  325 188893.508 188370.013  0.28%   196 4240s
 89204 49378 188869.023   54  435 188893.508 188370.413  0.28%   196 4245s
 89305 49445 188666.517   47  500 188893.508 188370.885  0.28%   196 4250s
 89422 49487 188766.503   72  295 188893.508 188370.982  0.28%   196 4255s
 89532 49531 188670.402   44  501 188893.508 188371.572  0.28%   196 4260s
 89669 49611 188632.863   54  493 188893.508 188371.875  0.28%   196 4265s
 89749 49645     cutoff   33      188893.508 188372.041  0.28%   196 4270s
 89842 49680 188661.327   54  454 188893.508 188372.273  0.28%   196 4275s
 89958 49744 infeasible   52      188893.508 188372.424  0.28%   196 4280s
 90075 49822 188673.103   52  434 188893.508 188372.838  0.28%   196 4285s
 90180 49881 188753.109   94  301 188893.508 188373.063  0.28%   196 4290s
 90307 49933 188679.882   45  383 188893.508 188373.365  0.28%   196 4295s
 90428 49989     cutoff   45      188893.508 188373.527  0.28%   196 4300s
 90586 50078     cutoff   40      188893.508 188373.739  0.28%   196 4305s
 90630 50102 188875.205   71  362 188893.508 188373.900  0.28%   196 4310s
 90717 50161 188722.575   52  402 188893.508 188374.250  0.27%   196 4315s
 90799 50195 188482.936   48  498 188893.508 188374.635  0.27%   196 4320s
 90814 50208 188650.940   62  371 188893.508 188374.635  0.27%   196 4326s
 90943 50301     cutoff   43      188893.508 188374.700  0.27%   196 4330s
 91012 50313 188480.157   32  454 188893.508 188375.008  0.27%   196 4335s
 91138 50387 188411.076   45  540 188893.508 188375.265  0.27%   196 4340s
 91220 50430 188438.783   36  519 188893.508 188375.421  0.27%   196 4345s
 91377 50467 188662.296   43  264 188893.508 188375.462  0.27%   196 4350s
 91517 50532 188742.423   50  397 188893.508 188375.746  0.27%   196 4355s
 91617 50588 188669.870   42  515 188893.508 188376.183  0.27%   196 4360s
 91736 50659 188469.565   35  562 188893.508 188376.464  0.27%   196 4365s
 91775 50664 188837.734   52  349 188893.508 188376.666  0.27%   196 4370s
 91909 50738 188653.183   49  392 188893.508 188376.852  0.27%   196 4375s
 92069 50827 188581.290   30  390 188893.508 188377.282  0.27%   196 4380s
 92148 50859 188754.886   60  409 188893.508 188377.460  0.27%   196 4385s
 92230 50912 188543.923   56  475 188893.508 188377.509  0.27%   196 4390s
 92355 50986 188730.977   58  348 188893.508 188377.665  0.27%   196 4395s
 92473 51035 188771.566   78  313 188893.508 188377.794  0.27%   196 4400s
 92545 51066 188555.672   62  442 188893.508 188378.058  0.27%   196 4405s
 92694 51159 188643.089   16  324 188893.508 188378.337  0.27%   196 4410s
 92880 51272 188750.889   53  312 188893.508 188378.477  0.27%   196 4415s
 92988 51327 188481.607   55  496 188893.508 188378.727  0.27%   196 4420s
 93152 51437 188870.793   36  139 188893.508 188378.919  0.27%   195 4425s
 93228 51459 188817.977   58  378 188893.508 188379.153  0.27%   195 4430s
 93290 51485     cutoff   46      188893.508 188379.391  0.27%   196 4435s
 93353 51493 188872.769   66  224 188893.508 188379.617  0.27%   196 4440s
 93409 51512 188804.105   53  466 188893.508 188379.815  0.27%   196 4445s
 93539 51575     cutoff   34      188893.508 188379.946  0.27%   196 4450s
 93704 51639 188651.519   43  310 188893.508 188380.349  0.27%   196 4455s
 93771 51666 188821.885   56  242 188893.508 188380.481  0.27%   196 4460s
 93876 51712 188497.487   33  446 188893.508 188380.665  0.27%   196 4465s
 94000 51792 188803.739   59  215 188893.508 188380.856  0.27%   196 4470s
 94110 51851 188599.376   24  424 188893.508 188381.069  0.27%   196 4475s
 94195 51879 188560.169   43  467 188893.508 188381.188  0.27%   196 4480s
 94303 51939 188693.392   63  270 188893.508 188381.266  0.27%   196 4485s
 94408 52010 188668.824   73  359 188893.508 188381.351  0.27%   196 4490s
 94565 52099 188640.286   47  380 188893.508 188381.477  0.27%   196 4495s
 94655 52124 188518.901   53  449 188893.508 188381.788  0.27%   196 4500s
 94763 52192     cutoff   75      188893.508 188381.932  0.27%   196 4505s
 94864 52257 188505.948   40  500 188893.508 188382.048  0.27%   196 4510s
 95026 52350 188718.329   48  376 188893.508 188382.188  0.27%   196 4515s
 95193 52431 188695.158   48  360 188893.508 188382.363  0.27%   196 4520s
 95292 52485 188726.684   46  392 188893.508 188382.410  0.27%   196 4525s
 95457 52589 188745.282   54  431 188893.508 188382.630  0.27%   195 4530s
 95618 52700 infeasible   47      188893.508 188382.805  0.27%   195 4535s
 95704 52742 188584.909   40  485 188893.508 188382.993  0.27%   195 4540s
 95800 52801 188497.510   48  465 188893.508 188383.308  0.27%   195 4545s
 95929 52866 188717.940   44  386 188893.508 188383.538  0.27%   195 4550s
 96078 52943 188670.531   56  484 188893.508 188383.854  0.27%   195 4555s
 96187 53013 188588.198   54  499 188893.508 188383.969  0.27%   195 4560s
 96228 53032 188624.454   57  297 188893.508 188384.066  0.27%   195 4565s
 96333 53093 188493.730   48  453 188893.508 188384.307  0.27%   195 4570s
 96474 53172 188659.609   63  318 188893.508 188384.456  0.27%   195 4575s
 96603 53241 188664.670   63  357 188893.508 188384.843  0.27%   195 4580s
 96682 53277 188689.016   36  403 188893.508 188385.137  0.27%   195 4585s
 96774 53315 188624.872   65  391 188893.508 188385.273  0.27%   195 4592s
 96864 53374 188705.563   33  373 188893.508 188385.425  0.27%   195 4595s
 97039 53434 188661.089   48  305 188893.508 188385.806  0.27%   195 4600s
 97144 53491 188667.632   39  424 188893.508 188385.915  0.27%   195 4605s
 97269 53562 188706.322   44  446 188893.508 188385.993  0.27%   195 4610s
 97315 53565 188783.480   59  366 188893.508 188386.142  0.27%   195 4615s
 97412 53621 188718.158   49  363 188893.508 188386.324  0.27%   195 4620s
 97595 53735 188704.565   62  356 188893.508 188386.691  0.27%   195 4625s
 97693 53786 188678.411   62  433 188893.508 188387.277  0.27%   195 4630s
 97814 53833 188732.974   37  465 188893.508 188387.395  0.27%   195 4635s
 97902 53848 188703.373   65  445 188893.508 188387.488  0.27%   195 4640s
 98035 53936 188868.476   62  366 188893.508 188387.659  0.27%   195 4645s
 98090 53939 188438.413   45  457 188893.508 188387.935  0.27%   195 4650s
 98167 53961 188712.692   78  283 188893.508 188388.085  0.27%   195 4655s
 98334 54024 188679.379   41  270 188893.508 188388.509  0.27%   195 4660s
 98417 54042     cutoff   53      188893.508 188388.722  0.27%   195 4665s
 98496 54066 188764.976   65  344 188893.508 188388.910  0.27%   195 4670s
 98699 54191 188659.956   71  472 188893.508 188389.049  0.27%   195 4675s
 98749 54229 188685.761   65  379 188893.508 188389.063  0.27%   195 4688s
 98788 54254     cutoff   58      188893.508 188389.245  0.27%   195 4690s
 98932 54335 188654.752   47  505 188893.508 188389.581  0.27%   195 4695s
 99061 54399 188769.573   39  435 188893.508 188389.826  0.27%   195 4700s
 99191 54474 188830.113   42  383 188893.508 188389.987  0.27%   195 4705s
 99297 54510     cutoff   45      188893.508 188390.383  0.27%   195 4710s
 99391 54537 188837.887   71  390 188893.508 188390.737  0.27%   195 4715s
 99399 54531 188723.293   49  293 188893.508 188390.919  0.27%   195 4723s
 99404 54529 188706.385   61  547 188893.508 188390.942  0.27%   195 4725s
 99523 54607 188551.405   52  469 188893.508 188391.055  0.27%   195 4730s
 99669 54679 188567.508   43  453 188893.508 188391.186  0.27%   195 4735s
 99883 54785 188501.199   47  445 188893.508 188391.265  0.27%   195 4740s
 100018 54888 188832.037   81  340 188893.508 188391.428  0.27%   195 4745s
 100140 54915 188455.016   35  441 188893.508 188391.963  0.27%   195 4750s
 100258 54995 188688.689   59  393 188893.508 188392.195  0.27%   195 4755s
 100375 55045 infeasible   60      188893.508 188392.405  0.27%   195 4760s
 100528 55104 188705.269   41  383 188893.508 188392.584  0.27%   195 4765s
 100639 55157 188556.228   45  434 188893.508 188392.904  0.27%   195 4770s
 100738 55214 188757.996   50  371 188893.508 188393.010  0.26%   195 4775s
 100845 55279     cutoff   39      188893.508 188393.079  0.26%   195 4780s
 100963 55338     cutoff   49      188893.508 188393.288  0.26%   195 4785s
 101054 55370 infeasible   58      188893.508 188393.410  0.26%   195 4790s
 101197 55406 188554.553   46  458 188893.508 188393.657  0.26%   195 4795s
 101359 55508 188717.760   63  302 188893.508 188393.762  0.26%   195 4800s
 101473 55577 188648.258   52  469 188893.508 188393.941  0.26%   194 4805s
 101629 55618 188713.984   53  368 188893.508 188394.231  0.26%   194 4810s
 101755 55704 188642.212   62  366 188893.508 188394.323  0.26%   194 4815s
 101909 55804 188583.715   45  324 188893.508 188394.533  0.26%   194 4841s
 102014 55847     cutoff   68      188893.508 188394.659  0.26%   194 4845s
 102171 55950 188611.773   47  426 188893.508 188394.744  0.26%   194 4850s
 102312 56013 188621.347   42  358 188893.508 188395.013  0.26%   194 4855s
 102414 56042 188548.012   55  458 188893.508 188395.253  0.26%   194 4860s
 102581 56167 188692.547   48  413 188893.508 188395.444  0.26%   194 4865s
 102682 56210 188584.028   43  460 188893.508 188395.681  0.26%   194 4870s
 102755 56261     cutoff   41      188893.508 188395.709  0.26%   194 4875s
 102886 56330 188630.998   54  392 188893.508 188395.811  0.26%   194 4880s
 103074 56422 188490.983   45  458 188893.508 188395.898  0.26%   194 4885s
 103222 56478 188650.512   35  353 188893.508 188396.027  0.26%   194 4890s
 103334 56540 188881.203   61  376 188893.508 188396.259  0.26%   194 4895s
 103472 56618 188801.566   51  323 188893.508 188396.410  0.26%   194 4900s
 103574 56647 188789.402   40  373 188893.508 188396.620  0.26%   194 4905s
 103674 56688 infeasible   42      188893.508 188396.781  0.26%   194 4910s
 103757 56732 188676.020   43  402 188893.508 188397.002  0.26%   194 4915s
 103853 56760 infeasible   55      188893.508 188397.340  0.26%   194 4920s
 104028 56852 188496.345   50  366 188893.508 188397.560  0.26%   194 4925s
 104137 56911 188738.918   62  358 188893.508 188397.818  0.26%   194 4930s
 104254 56975 188558.319   48  400 188893.508 188397.977  0.26%   194 4935s
 104389 57066     cutoff   67      188893.508 188398.118  0.26%   194 4940s
 104469 57099 188781.317   48  351 188893.508 188398.243  0.26%   194 4945s
 104585 57152 188739.667   60  370 188893.508 188398.304  0.26%   194 4950s
 104711 57226 infeasible   55      188893.508 188398.493  0.26%   194 4955s
 104818 57272 188822.056   33  330 188893.508 188398.699  0.26%   194 4960s
 104893 57294 188605.822   38  497 188893.508 188398.850  0.26%   194 4965s
 105046 57367 infeasible   69      188893.508 188399.175  0.26%   194 4970s
 105168 57422 188808.878   50  419 188893.508 188399.406  0.26%   194 4975s
 105351 57494     cutoff   68      188893.508 188399.767  0.26%   194 4980s
 105500 57571 188683.010   66  363 188893.508 188399.987  0.26%   194 4985s
 105626 57639 188803.197   70  309 188893.508 188400.068  0.26%   194 4990s
 105731 57688 188569.079   41  410 188893.508 188400.340  0.26%   194 4995s
 105831 57747 188700.736   36  407 188893.508 188400.575  0.26%   194 5000s
 105993 57816     cutoff   64      188893.508 188400.767  0.26%   194 5005s
 106120 57887     cutoff   87      188893.508 188400.953  0.26%   194 5010s
 106242 57922     cutoff   35      188893.508 188401.386  0.26%   194 5015s
 106361 57995     cutoff   60      188893.508 188401.484  0.26%   194 5020s
 106453 58037 188717.063   56  311 188893.508 188401.599  0.26%   194 5025s
 106593 58127 188580.792   46  480 188893.508 188401.815  0.26%   194 5030s
 106685 58177 188672.615   78  337 188893.508 188401.850  0.26%   194 5035s
 106802 58234 188878.409   65  364 188893.508 188402.104  0.26%   194 5040s
 106967 58303 188672.858   58  491 188893.508 188402.281  0.26%   194 5045s
 107058 58359 188770.284   51  403 188893.508 188402.488  0.26%   194 5050s
 107180 58416 188733.246   43  467 188893.508 188403.119  0.26%   194 5055s
 107283 58461 188600.391   47  321 188893.508 188403.225  0.26%   194 5060s
 107470 58550 188596.086   48  370 188893.508 188403.518  0.26%   194 5065s
 107530 58561     cutoff   73      188893.508 188404.047  0.26%   194 5070s
 107638 58607     cutoff   60      188893.508 188404.143  0.26%   194 5075s
 107833 58731     cutoff   79      188893.508 188404.332  0.26%   194 5080s
 107930 58799     cutoff   49      188893.508 188404.604  0.26%   194 5085s
 108047 58866 188627.764   55  446 188893.508 188404.703  0.26%   194 5090s
 108196 58935     cutoff   57      188893.508 188404.834  0.26%   194 5095s
 108303 58984 188632.831   53  435 188893.508 188404.908  0.26%   194 5100s
 108401 59047 188505.879   55  380 188893.508 188405.191  0.26%   194 5105s
 108530 59098 188676.873   59  431 188893.508 188405.571  0.26%   194 5110s
 108696 59209 188691.524   19  430 188893.508 188405.832  0.26%   194 5115s
 108832 59266 188541.475   54  406 188893.508 188406.003  0.26%   194 5120s
 108976 59325 188503.482   40  491 188893.508 188406.222  0.26%   194 5125s
 109102 59398 188681.693   45  300 188893.508 188406.574  0.26%   194 5130s
 109199 59435 188726.310   37  405 188893.508 188406.705  0.26%   194 5141s
 109288 59467 188645.436   55  420 188893.508 188406.973  0.26%   193 5145s
 109415 59548     cutoff   48      188893.508 188407.150  0.26%   193 5150s
 109501 59578     cutoff   32      188893.508 188407.255  0.26%   193 5155s
 109597 59601 188655.974   49  427 188893.508 188407.526  0.26%   194 5160s
 109673 59638 188661.763   56  339 188893.508 188407.608  0.26%   194 5165s
 109885 59738 188606.982   63  416 188893.508 188407.721  0.26%   193 5170s
 110042 59834 188655.066   56  415 188893.508 188408.094  0.26%   193 5175s
 110206 59918 188673.137   61  403 188893.508 188408.237  0.26%   193 5180s
 110309 59954 188683.553   56  472 188893.508 188408.368  0.26%   193 5185s
 110452 60044     cutoff   53      188893.508 188408.459  0.26%   193 5190s
 110520 60072 188723.683   50  371 188893.508 188408.833  0.26%   193 5195s
 110696 60167 188682.293   53  417 188893.508 188409.034  0.26%   193 5200s
 110800 60238 188510.828   51  491 188893.508 188409.118  0.26%   193 5205s
 110964 60363 188690.594   51  340 188893.508 188409.217  0.26%   193 5210s
 111136 60470 188610.925   50  426 188893.508 188409.333  0.26%   193 5215s
 111293 60565 188789.831   66  344 188893.508 188409.531  0.26%   193 5220s
 111420 60618 188845.523   37  251 188893.508 188409.610  0.26%   193 5225s
 111590 60726 188725.371   57  368 188893.508 188409.805  0.26%   193 5230s
 111716 60772 188582.042   46  446 188893.508 188409.920  0.26%   193 5235s
 111849 60853 188830.367   50  297 188893.508 188410.104  0.26%   193 5240s
 112062 60934 188651.170   50  447 188893.508 188410.214  0.26%   193 5245s
 112195 61004     cutoff   27      188893.508 188410.420  0.26%   193 5250s
 112297 61065     cutoff   55      188893.508 188410.452  0.26%   193 5255s
 112472 61193 188614.500   50  458 188893.508 188410.638  0.26%   193 5260s
 112590 61238 188790.892   44  309 188893.508 188410.730  0.26%   192 5265s
 112716 61295 infeasible   54      188893.508 188410.889  0.26%   192 5270s
 112894 61413     cutoff   48      188893.508 188410.988  0.26%   192 5275s
 113012 61445 188617.092   43  435 188893.508 188411.043  0.26%   192 5280s
 113150 61514 188715.966   43  437 188893.508 188411.125  0.26%   192 5285s
 113262 61576 188681.192   67  366 188893.508 188411.208  0.26%   192 5290s
 113408 61683 188635.364   45  420 188893.508 188411.391  0.26%   192 5295s
 113577 61738 188536.849   53  435 188893.508 188411.448  0.26%   192 5300s
 113744 61812 188835.732   52  269 188893.508 188411.553  0.26%   192 5305s
 113919 61906 188782.514   46  347 188893.508 188411.854  0.25%   192 5310s
 114049 61973 188721.885   72  391 188893.508 188412.153  0.25%   192 5315s
 114214 62071 188758.130   48  433 188893.508 188412.358  0.25%   192 5320s
 114271 62083 188661.532   56  380 188893.508 188412.801  0.25%   192 5325s
 114446 62176 188721.594   54  416 188893.508 188413.087  0.25%   192 5330s
 114546 62200 188790.255   40  324 188893.508 188413.157  0.25%   192 5335s
 114721 62266 188659.131   61  421 188893.508 188413.336  0.25%   192 5340s
 114797 62297 188586.448   49  469 188893.508 188413.473  0.25%   192 5345s
 114872 62333 188650.482   42  372 188893.508 188413.667  0.25%   192 5350s
 115036 62399 188862.828   21  538 188893.508 188413.829  0.25%   192 5355s
 115116 62436 188848.599   45  288 188893.508 188414.038  0.25%   192 5360s
 115230 62480 188675.301   67  290 188893.508 188414.186  0.25%   192 5365s
 115380 62551 188771.690   50  348 188893.508 188414.240  0.25%   192 5370s
 115494 62603 188476.981   53  489 188893.508 188414.386  0.25%   192 5375s
 115652 62676 188835.706   59  275 188893.508 188414.512  0.25%   192 5380s
 115739 62716 188842.077   57  308 188893.508 188414.643  0.25%   192 5385s
 115874 62765 188749.002   68  372 188893.508 188414.793  0.25%   192 5390s
 116022 62855 188610.547   46  483 188893.508 188415.006  0.25%   192 5395s
 116152 62916 188716.576   42  445 188893.508 188415.204  0.25%   192 5400s
 116273 62981 188726.900   51  427 188893.508 188415.250  0.25%   192 5405s
 116465 63114 188644.889   49  351 188893.508 188415.434  0.25%   192 5410s
 116549 63178 188734.055   68  361 188893.508 188415.497  0.25%   192 5426s
 116652 63256 188676.171   78  285 188893.508 188415.537  0.25%   192 5430s
 116772 63312     cutoff   62      188893.508 188415.844  0.25%   192 5435s
 116907 63367 188859.972   39  383 188893.508 188416.045  0.25%   192 5440s
 117035 63431     cutoff   46      188893.508 188416.339  0.25%   191 5445s
 117142 63471 infeasible   36      188893.508 188416.550  0.25%   192 5450s
 117242 63517 188747.731   47  303 188893.508 188416.816  0.25%   192 5455s
 117376 63576 infeasible   48      188893.508 188417.107  0.25%   192 5460s
 117499 63618 188776.855   48  489 188893.508 188417.202  0.25%   192 5465s
 117642 63694     cutoff   43      188893.508 188417.408  0.25%   191 5470s
 117743 63734 188745.688   40  349 188893.508 188417.535  0.25%   192 5475s
 117837 63760 188628.179   36  430 188893.508 188417.642  0.25%   192 5480s
 117940 63817 infeasible   33      188893.508 188417.835  0.25%   192 5485s
 118045 63886 188815.319   77  438 188893.508 188418.005  0.25%   192 5490s
 118192 63964 188639.486   46  393 188893.508 188418.218  0.25%   191 5495s
 118312 64040 188800.511   74  358 188893.508 188418.403  0.25%   191 5500s
 118449 64114     cutoff   64      188893.508 188418.683  0.25%   191 5505s
 118551 64153 188682.716   57  367 188893.508 188418.876  0.25%   191 5510s
 118668 64203 188539.180   41  389 188893.508 188419.073  0.25%   191 5515s
 118828 64298 188672.294   47  463 188893.508 188419.178  0.25%   191 5520s
 118934 64346 188876.609   81  276 188893.508 188419.348  0.25%   191 5525s
 119078 64427 188717.454   56  436 188893.508 188419.671  0.25%   191 5530s
 119204 64509 188759.621   51  385 188893.508 188419.860  0.25%   191 5535s
 119350 64593     cutoff   53      188893.508 188419.914  0.25%   191 5540s
 119447 64619 188675.067   46  478 188893.508 188420.151  0.25%   191 5545s
 119624 64672 188603.247   40  466 188893.508 188420.219  0.25%   191 5550s
 119737 64741 188582.896   58  438 188893.508 188420.365  0.25%   191 5555s
 119854 64792 188687.454   43  451 188893.508 188420.522  0.25%   191 5560s
 119990 64869 188812.822   63  384 188893.508 188420.698  0.25%   191 5565s
 120125 64946 188613.415   60  418 188893.508 188420.875  0.25%   191 5570s
 120264 65020 188655.984   52  471 188893.508 188421.074  0.25%   191 5575s
 120370 65042 188808.660   52  371 188893.508 188421.277  0.25%   191 5580s
 120513 65120 188583.807   51  444 188893.508 188421.507  0.25%   191 5585s
 120670 65181 188703.778   43  306 188893.508 188421.597  0.25%   191 5591s
 120771 65233 188693.984   57  402 188893.508 188421.660  0.25%   191 5595s
 120973 65326 188702.595   54  443 188893.508 188421.889  0.25%   191 5600s
 121095 65391     cutoff   72      188893.508 188422.106  0.25%   191 5605s
 121260 65428 188814.741   41  334 188893.508 188422.294  0.25%   191 5610s
 121400 65495     cutoff   77      188893.508 188422.414  0.25%   191 5615s
 121530 65560 188761.695   43  364 188893.508 188422.698  0.25%   191 5620s
 121646 65621 188679.189   70  416 188893.508 188422.951  0.25%   191 5625s
 121752 65662 188708.904   42  358 188893.508 188423.133  0.25%   191 5630s
 121920 65744 188628.920   51  413 188893.508 188423.314  0.25%   191 5635s
 122028 65791 188609.592   52  464 188893.508 188423.484  0.25%   191 5640s
 122163 65884 188661.793   47  424 188893.508 188423.658  0.25%   191 5645s
 122241 65900 188710.195   49  427 188893.508 188423.837  0.25%   191 5650s
 122353 65960 188779.476   56  343 188893.508 188424.008  0.25%   191 5655s
 122512 66063 188718.217   59  435 188893.508 188424.227  0.25%   191 5660s
 122711 66184 188824.791   57  358 188893.508 188424.421  0.25%   191 5665s
 122855 66256     cutoff   66      188893.508 188424.759  0.25%   191 5670s
 123000 66349 188864.237   47  285 188893.508 188424.967  0.25%   191 5676s
 123147 66410 188538.795   51  347 188893.508 188425.147  0.25%   190 5680s
 123259 66452 188861.746   52  391 188893.508 188425.438  0.25%   190 5685s
 123389 66521 188646.956   52  379 188893.508 188425.703  0.25%   190 5690s
 123530 66596 188862.559   80  334 188893.508 188425.882  0.25%   190 5695s
 123664 66631 188749.548   58  355 188893.508 188425.966  0.25%   190 5700s
 123727 66663 188707.145   43  417 188893.508 188426.102  0.25%   190 5705s
 123917 66715     cutoff   84      188893.508 188426.208  0.25%   190 5710s
 124054 66800 188685.662   53  386 188893.508 188426.361  0.25%   190 5715s
 124224 66905 188594.329   35  448 188893.508 188426.466  0.25%   190 5720s
 124320 66967     cutoff   79      188893.508 188426.513  0.25%   190 5725s
 124469 67064 188720.224   46  444 188893.508 188426.639  0.25%   190 5730s
 124680 67158 188581.227   32  408 188893.508 188426.683  0.25%   190 5735s
 124828 67211 188826.534   38  399 188893.508 188426.843  0.25%   190 5740s
 124964 67275 188584.618   58  427 188893.508 188427.071  0.25%   190 5745s
 125103 67356 188532.915   52  452 188893.508 188427.148  0.25%   190 5750s
 125215 67427 188755.654   72  369 188893.508 188427.230  0.25%   190 5755s
 125325 67456 188745.673   39  486 188893.508 188427.435  0.25%   190 5760s
 125397 67479 188697.229   47  356 188893.508 188427.555  0.25%   190 5765s
 125551 67567 188740.190   35  451 188893.508 188427.801  0.25%   190 5770s
 125631 67587 188811.929   64  274 188893.508 188427.974  0.25%   190 5775s
 125783 67680 188506.995   48  486 188893.508 188428.081  0.25%   190 5780s
 125908 67740 188706.495   46  425 188893.508 188428.231  0.25%   190 5785s
 126066 67797 188673.790   51  458 188893.508 188428.571  0.25%   190 5790s
 126192 67869 188757.502   40  489 188893.508 188428.657  0.25%   190 5795s
 126280 67915 188778.116   55  381 188893.508 188428.916  0.25%   190 5800s
 126370 67965 188804.977   63  440 188893.508 188429.125  0.25%   190 5805s
 126505 68022 188612.523   58  440 188893.508 188429.272  0.25%   190 5810s
 126626 68084 188534.474   53  394 188893.508 188429.466  0.25%   190 5815s
 126753 68135 188517.792   52  437 188893.508 188429.779  0.25%   190 5820s
 126912 68228 188676.716   41  493 188893.508 188430.018  0.25%   190 5825s
 127006 68257     cutoff   37      188893.508 188430.120  0.25%   190 5830s
 127174 68345 188747.765   48  353 188893.508 188430.288  0.25%   190 5835s
 127272 68402 188707.851   37  460 188893.508 188430.390  0.25%   190 5840s
 127385 68464 188813.442   58  367 188893.508 188430.597  0.25%   190 5845s
 127545 68569 188822.939   72  285 188893.508 188430.703  0.25%   190 5850s
 127636 68609     cutoff   80      188893.508 188430.953  0.24%   190 5855s
 127739 68649 188738.957   85  296 188893.508 188431.224  0.24%   190 5861s
 127759 68657 188560.827   53  340 188893.508 188431.271  0.24%   190 5872s
 127906 68693     cutoff   88      188893.508 188431.271  0.24%   190 5875s
 128116 68789     cutoff   55      188893.508 188431.523  0.24%   189 5880s
 128178 68827 188763.154   47  392 188893.508 188431.679  0.24%   190 5885s
 128367 68959 188846.178  111  261 188893.508 188432.041  0.24%   189 5890s
 128490 68984 188529.763   38  477 188893.508 188432.274  0.24%   189 5895s
 128613 69046 188579.313   61  424 188893.508 188432.441  0.24%   189 5900s
 128748 69093     cutoff   36      188893.508 188432.607  0.24%   189 5905s
 128887 69171 188688.585   47  470 188893.508 188432.789  0.24%   189 5910s
 129064 69280 188808.978   72  410 188893.508 188432.887  0.24%   189 5915s
 129207 69312 infeasible   37      188893.508 188433.184  0.24%   189 5920s
 129277 69325 188558.005   47  488 188893.508 188433.577  0.24%   189 5925s
 129379 69379 188826.036  108  326 188893.508 188433.690  0.24%   189 5930s
 129511 69438 188529.163   44  445 188893.508 188433.934  0.24%   189 5935s
 129629 69513     cutoff  103      188893.508 188434.201  0.24%   189 5940s
 129749 69561 188488.559   48  482 188893.508 188434.304  0.24%   189 5945s
 129945 69663 188861.326   77  374 188893.508 188434.346  0.24%   189 5950s
 130088 69716     cutoff   49      188893.508 188434.582  0.24%   189 5955s
 130191 69755 188836.210   65  368 188893.508 188434.759  0.24%   189 5960s
 130320 69834 188631.944   45  497 188893.508 188434.835  0.24%   189 5965s
 130467 69896 188803.769   71  259 188893.508 188434.990  0.24%   189 5970s
 130539 69897 188559.239   50  432 188893.508 188435.200  0.24%   189 5975s
 130640 69932 188571.903   61  447 188893.508 188435.356  0.24%   189 5980s
 130804 70048 188669.295   54  492 188893.508 188435.492  0.24%   189 5985s
 130924 70070 188568.271   57  461 188893.508 188435.606  0.24%   189 5990s
 131124 70158 188657.380   48  335 188893.508 188435.869  0.24%   189 5995s
 131267 70239     cutoff   52      188893.508 188436.029  0.24%   189 6000s
 131402 70305 188583.087   39  471 188893.508 188436.242  0.24%   189 6005s
 131561 70383 188650.768   48  386 188893.508 188436.318  0.24%   189 6010s
 131663 70439 188764.340   68  327 188893.508 188436.394  0.24%   189 6015s
 131771 70492 188794.170   89  311 188893.508 188436.499  0.24%   189 6020s
 131919 70582 188734.473   49  435 188893.508 188436.641  0.24%   189 6025s
 132010 70615 188735.565   65  404 188893.508 188436.800  0.24%   189 6030s
 132168 70692 188515.515   51  419 188893.508 188436.886  0.24%   189 6035s
 132332 70778 188673.732   54  456 188893.508 188436.966  0.24%   189 6040s
 132423 70820 188582.135   45  488 188893.508 188437.069  0.24%   189 6045s
 132544 70867 188809.591   43  367 188893.508 188437.190  0.24%   189 6050s
 132655 70915 188576.166   50  436 188893.508 188437.244  0.24%   189 6055s
 132759 70974 188765.380   51  379 188893.508 188437.326  0.24%   189 6060s
 132895 71030 188845.252   70  265 188893.508 188437.481  0.24%   189 6065s
 133001 71083 188467.709   48  467 188893.508 188437.668  0.24%   189 6070s
 133212 71233 188563.743   52  439 188893.508 188437.758  0.24%   189 6075s
 133332 71293 188601.235   66  367 188893.508 188438.087  0.24%   189 6080s
 133477 71357 188823.953   38  300 188893.508 188438.371  0.24%   189 6085s
 133598 71432 188641.349   56  400 188893.508 188438.550  0.24%   189 6090s
 133758 71510 188605.124   38  389 188893.508 188438.786  0.24%   189 6095s
 133895 71555 188794.911   54  198 188893.508 188439.143  0.24%   189 6100s
 134055 71603 188760.547   74  355 188893.508 188439.279  0.24%   189 6105s
 134178 71637     cutoff   87      188893.508 188439.438  0.24%   189 6110s
 134291 71710 188661.552   45  476 188893.508 188439.532  0.24%   189 6115s
 134495 71849 188526.470   52  300 188893.508 188439.694  0.24%   188 6120s
 134625 71897 188684.978   58  453 188893.508 188439.861  0.24%   188 6125s
 134726 71942 188730.118   54  243 188893.508 188439.939  0.24%   188 6130s
 134883 72018 188597.381   60  357 188893.508 188440.208  0.24%   188 6135s
 135077 72112 188622.966   47  467 188893.508 188440.420  0.24%   188 6140s
 135189 72166 188553.405   40  465 188893.508 188440.555  0.24%   188 6145s
 135300 72240 188599.538   48  430 188893.508 188440.666  0.24%   188 6150s
 135428 72286     cutoff   80      188893.508 188440.732  0.24%   188 6155s
 135557 72339 188653.990   55  343 188893.508 188441.420  0.24%   188 6160s
 135738 72425 188699.170   54  474 188893.508 188441.607  0.24%   188 6165s
 135871 72499 188622.147   60  429 188893.508 188441.649  0.24%   188 6170s
 135977 72531 188615.861   44  399 188893.508 188441.702  0.24%   188 6175s
 136136 72616     cutoff   82      188893.508 188441.805  0.24%   188 6180s
 136273 72684 188596.978   42  356 188893.508 188441.987  0.24%   188 6185s
 136334 72702 188619.484   61  429 188893.508 188442.178  0.24%   188 6190s
 136495 72769 188796.964   58  305 188893.508 188442.420  0.24%   188 6195s
 136618 72819 infeasible   44      188893.508 188442.583  0.24%   188 6200s
 136716 72869 188662.981   31  442 188893.508 188442.683  0.24%   188 6205s
 136848 72926 infeasible   54      188893.508 188442.796  0.24%   188 6210s
 136970 72979 188873.140   81  286 188893.508 188442.877  0.24%   188 6215s
 137122 73071 188642.760   56  468 188893.508 188443.088  0.24%   188 6220s
 137213 73097     cutoff   56      188893.508 188443.222  0.24%   188 6225s
 137361 73157 188544.340   51  448 188893.508 188443.241  0.24%   188 6230s
 137503 73235     cutoff   49      188893.508 188443.536  0.24%   188 6235s
 137624 73299 188798.006   45  432 188893.508 188443.615  0.24%   188 6240s
 137789 73357 infeasible   40      188893.508 188443.645  0.24%   188 6245s
 137837 73364 188593.654   50  408 188893.508 188443.872  0.24%   188 6250s
 137955 73399 188726.541   49  357 188893.508 188444.010  0.24%   188 6255s
 138045 73435     cutoff   45      188893.508 188444.199  0.24%   188 6260s
 138224 73505 188718.191   50  343 188893.508 188444.398  0.24%   188 6265s
 138365 73558 188853.358   83  244 188893.508 188444.464  0.24%   188 6270s
 138473 73592 188696.488   46  412 188893.508 188444.736  0.24%   188 6275s
 138614 73653     cutoff   41      188893.508 188444.968  0.24%   188 6280s
 138720 73718 188746.840   62  385 188893.508 188445.077  0.24%   188 6285s
 138807 73742 188504.638   42  399 188893.508 188445.388  0.24%   188 6290s
 138957 73813 188735.051   49  408 188893.508 188445.486  0.24%   188 6295s
 139091 73876 188768.702   48  278 188893.508 188445.603  0.24%   188 6300s
 139205 73894 infeasible   48      188893.508 188445.733  0.24%   188 6305s
 139322 73954 188685.873   52  410 188893.508 188445.992  0.24%   188 6310s
 139477 74019     cutoff   42      188893.508 188446.231  0.24%   188 6315s
 139580 74076 188719.000   69  291 188893.508 188446.476  0.24%   188 6320s
 139722 74155 188796.963   88  299 188893.508 188446.612  0.24%   188 6325s
 139825 74203 188585.876   54  329 188893.508 188446.735  0.24%   188 6330s
 139992 74294 188798.397   46  315 188893.508 188446.912  0.24%   188 6335s
 140094 74333 188681.861   53  375 188893.508 188447.126  0.24%   188 6355s
 140243 74428 188832.810   94  225 188893.508 188447.263  0.24%   188 6360s
 140419 74494 188828.955   84  358 188893.508 188447.348  0.24%   188 6365s
 140512 74532 188597.260   60  534 188893.508 188447.586  0.24%   188 6370s
 140582 74570 188741.506   84  337 188893.508 188447.719  0.24%   188 6375s
 140695 74619 188582.620   53  494 188893.508 188447.910  0.24%   188 6380s
 140765 74649 188834.032   44  414 188893.508 188448.188  0.24%   188 6385s
 140845 74687 188768.346   51  338 188893.508 188448.443  0.24%   188 6390s
 140954 74755 188699.450   46  444 188893.508 188448.525  0.24%   188 6395s
 141120 74806 188566.578   58  435 188893.508 188448.646  0.24%   188 6400s
 141244 74873 188675.220   39  446 188893.508 188448.707  0.24%   188 6405s
 141435 74979     cutoff   39      188893.508 188448.791  0.24%   188 6410s
 141522 74997 188761.556   75  509 188893.508 188448.912  0.24%   188 6415s
 141588 75001     cutoff   61      188893.508 188449.205  0.24%   188 6420s
 141728 75079     cutoff   51      188893.508 188449.538  0.24%   188 6425s
 141865 75140 188739.538   53  398 188893.508 188449.648  0.23%   188 6430s
 141938 75164 188839.764   42  349 188893.508 188449.762  0.23%   188 6435s
 142015 75187 188628.054   44  355 188893.508 188449.878  0.23%   188 6440s
 142158 75238     cutoff   33      188893.508 188450.167  0.23%   188 6445s
 142246 75282 188647.256   50  475 188893.508 188450.314  0.23%   188 6450s
 142362 75341 188730.846   58  406 188893.508 188450.431  0.23%   188 6455s
 142475 75378 infeasible   39      188893.508 188450.624  0.23%   188 6460s
 142570 75410 188739.905   54  448 188893.508 188450.754  0.23%   188 6465s
 142659 75459 188761.294   70  334 188893.508 188450.783  0.23%   188 6470s
 142784 75520 infeasible   40      188893.508 188450.942  0.23%   188 6475s
 142916 75592 188669.869   28  439 188893.508 188451.180  0.23%   188 6480s
 143056 75654 188555.139   52  383 188893.508 188451.272  0.23%   188 6485s
 143178 75712 188656.447   64  538 188893.508 188451.318  0.23%   188 6490s
 143275 75747     cutoff   57      188893.508 188451.438  0.23%   188 6495s
 143410 75829 188749.965   74  312 188893.508 188451.543  0.23%   188 6500s
 143549 75897 188832.177   81  282 188893.508 188451.677  0.23%   188 6505s
 143716 75980 188789.028   69  253 188893.508 188451.849  0.23%   188 6510s
 143818 76024 188782.415   58  469 188893.508 188452.061  0.23%   188 6515s
 143946 76088 188735.061   78  359 188893.508 188452.208  0.23%   188 6520s
 144057 76144 188596.624   47  435 188893.508 188452.330  0.23%   188 6525s
 144229 76239 188571.856   33  478 188893.508 188452.424  0.23%   188 6530s
 144338 76298 188881.905   57  240 188893.508 188452.515  0.23%   188 6535s
 144508 76328     cutoff   52      188893.508 188452.671  0.23%   188 6540s
 144589 76372 188609.561   54  456 188893.508 188452.871  0.23%   188 6545s
 144728 76454 188876.124   63  296 188893.508 188452.977  0.23%   188 6550s
 144940 76582 188578.834   50  334 188893.508 188453.219  0.23%   188 6555s
 145079 76629 188767.490   58  369 188893.508 188453.340  0.23%   188 6560s
 145226 76685 188581.782   49  466 188893.508 188453.410  0.23%   188 6565s
 145354 76758 188867.454   67  362 188893.508 188453.513  0.23%   188 6570s
 145444 76780 188589.992   55  448 188893.508 188453.674  0.23%   188 6575s
 145622 76899 188605.078   54  450 188893.508 188453.713  0.23%   188 6580s
 145756 76979 188843.910   74  393 188893.508 188453.892  0.23%   188 6585s
 145844 77013     cutoff   42      188893.508 188454.042  0.23%   188 6590s
 145938 77072 188842.361   74  310 188893.508 188454.162  0.23%   188 6595s
 146062 77134 188769.042   39  443 188893.508 188454.391  0.23%   188 6600s
 146145 77185     cutoff   51      188893.508 188454.427  0.23%   188 6605s
 146264 77242 188639.336   60  366 188893.508 188454.625  0.23%   188 6610s
 146373 77308 188803.789   75  315 188893.508 188454.746  0.23%   188 6615s
 146509 77390 188760.070   49  398 188893.508 188454.847  0.23%   188 6620s
 146641 77440 188602.162   50  509 188893.508 188455.049  0.23%   188 6625s
 146766 77515 188891.862   35  224 188893.508 188455.221  0.23%   188 6630s
 146844 77544 188628.003   52  428 188893.508 188455.414  0.23%   188 6635s
 147029 77617 188678.294   54  406 188893.508 188455.475  0.23%   188 6640s
 147137 77667 188775.467   57  287 188893.508 188455.644  0.23%   188 6645s
 147252 77733 188838.528   53  340 188893.508 188455.711  0.23%   188 6650s
 147333 77762     cutoff   34      188893.508 188455.820  0.23%   188 6655s
 147392 77791 188697.504   64  302 188893.508 188455.913  0.23%   188 6660s
 147518 77864 188674.845   61  420 188893.508 188456.046  0.23%   188 6665s
 147629 77931 188873.449   57  345 188893.508 188456.211  0.23%   188 6670s
 147773 78016 188730.705   54  283 188893.508 188456.442  0.23%   188 6675s
 147910 78077 188716.925   44  394 188893.508 188456.564  0.23%   188 6680s
 148065 78160 188703.723   70  288 188893.508 188456.642  0.23%   188 6685s
 148225 78220 188628.781   51  454 188893.508 188456.895  0.23%   187 6690s
 148300 78255 infeasible   40      188893.508 188457.029  0.23%   188 6695s
 148349 78282 188889.306   79  341 188893.508 188457.129  0.23%   188 6704s
 148351 78281 188891.267   80  335 188893.508 188457.129  0.23%   188 6705s
 148411 78307     cutoff   72      188893.508 188457.376  0.23%   188 6710s
 148529 78347 188790.705   64  360 188893.508 188457.526  0.23%   188 6715s
 148632 78393 188832.588   61  433 188893.508 188457.611  0.23%   188 6720s
 148751 78426     cutoff   51      188893.508 188457.688  0.23%   188 6725s
 148831 78440 188728.282   60  392 188893.508 188457.895  0.23%   188 6730s
 148967 78516 188515.916   52  466 188893.508 188458.028  0.23%   188 6735s
 149098 78593 188609.493   58  326 188893.508 188458.161  0.23%   188 6740s
 149289 78673 188782.671   64  275 188893.508 188458.463  0.23%   188 6745s
 149421 78745     cutoff   39      188893.508 188458.652  0.23%   188 6750s
 149544 78805 188647.460   59  318 188893.508 188458.790  0.23%   187 6755s
 149706 78900 188594.248   51  475 188893.508 188458.890  0.23%   187 6760s
 149809 78944 188594.503   56  485 188893.508 188459.089  0.23%   187 6765s
 149899 78996 188606.756   58  467 188893.508 188459.192  0.23%   187 6770s
 150012 79055 188719.124   43  429 188893.508 188459.324  0.23%   187 6775s
 150104 79098 188586.259   63  501 188893.508 188459.388  0.23%   188 6780s
 150210 79155 188542.805   44  421 188893.508 188459.516  0.23%   188 6785s
 150345 79242 188885.776   70  222 188893.508 188459.653  0.23%   187 6790s
 150492 79288 188834.754   53  467 188893.508 188459.750  0.23%   187 6795s
 150550 79318 188724.545   66  444 188893.508 188459.832  0.23%   187 6800s
 150729 79438     cutoff   59      188893.508 188459.864  0.23%   187 6805s
 150859 79493 188549.385   47  434 188893.508 188460.088  0.23%   187 6810s
 150953 79543 188878.181   53  328 188893.508 188460.298  0.23%   187 6815s
 151074 79617 188829.628   70  337 188893.508 188460.406  0.23%   187 6820s
 151211 79661 188698.349   57  383 188893.508 188460.655  0.23%   187 6825s
 151346 79711 188522.787   53  435 188893.508 188460.878  0.23%   187 6830s
 151494 79803 188598.664   46  519 188893.508 188461.019  0.23%   187 6835s
 151627 79839 188824.573   44  415 188893.508 188461.052  0.23%   187 6840s
 151693 79845 188631.460   57  438 188893.508 188461.145  0.23%   187 6845s
 151846 79932 188503.387   39  513 188893.508 188461.297  0.23%   187 6850s
 151975 79965     cutoff   45      188893.508 188461.434  0.23%   187 6855s
 152105 80021 188572.992   24  394 188893.508 188461.524  0.23%   187 6860s
 152275 80118 188655.014   59  319 188893.508 188461.594  0.23%   187 6865s
 152383 80174 188871.629   62  263 188893.508 188461.724  0.23%   187 6870s
 152463 80198 188624.831   36  356 188893.508 188461.807  0.23%   187 6875s
 152599 80266 infeasible   50      188893.508 188461.909  0.23%   187 6880s
 152707 80298 infeasible   37      188893.508 188462.192  0.23%   187 6885s
 152835 80376 188862.797   45  361 188893.508 188462.234  0.23%   187 6890s
 152887 80366     cutoff   57      188893.508 188462.375  0.23%   187 6895s
 153014 80417 188599.566   51  385 188893.508 188462.526  0.23%   187 6900s
 153108 80453 188796.187   34  394 188893.508 188462.603  0.23%   187 6905s
 153156 80463 188593.560   51  483 188893.508 188462.679  0.23%   187 6910s
 153297 80539 188780.998   55  339 188893.508 188462.834  0.23%   187 6915s
 153404 80567 188631.276   32  310 188893.508 188462.931  0.23%   187 6920s
 153502 80614 188606.109   58  299 188893.508 188463.069  0.23%   187 6925s
 153608 80678 188626.969   62  413 188893.508 188463.206  0.23%   187 6930s
 153629 80685 188664.613   48  357 188893.508 188463.216  0.23%   187 6952s
 153689 80704     cutoff   84      188893.508 188463.282  0.23%   187 6955s
 153793 80727     cutoff   64      188893.508 188463.467  0.23%   188 6960s
 153949 80817     cutoff   67      188893.508 188463.528  0.23%   187 6965s
 154072 80881 infeasible   62      188893.508 188463.753  0.23%   187 6970s
 154199 80933     cutoff   46      188893.508 188463.908  0.23%   187 6975s
 154229 80938 188648.645   48  388 188893.508 188463.992  0.23%   188 6980s
 154369 81010 188651.064   56  380 188893.508 188464.133  0.23%   188 6985s
 154535 81101 188787.006   55  365 188893.508 188464.179  0.23%   187 6990s
 154609 81143 188689.962   59  376 188893.508 188464.241  0.23%   188 6995s
 154716 81199 188579.359   49  389 188893.508 188464.424  0.23%   188 7000s
 154857 81278 188641.233   56  391 188893.508 188464.637  0.23%   187 7005s
 154958 81311 188697.601   49  388 188893.508 188464.812  0.23%   187 7010s
 155059 81362 188653.969   56  406 188893.508 188464.996  0.23%   188 7015s
 155223 81446 188741.665   84  225 188893.508 188465.034  0.23%   187 7020s
 155384 81526 188637.449   42  356 188893.508 188465.241  0.23%   187 7025s
 155496 81567 188495.654   49  417 188893.508 188465.339  0.23%   187 7030s
 155647 81659 188755.993   85  290 188893.508 188465.451  0.23%   187 7035s
 155749 81710 188845.053   61  356 188893.508 188465.547  0.23%   187 7040s
 155847 81744 188711.555   60  390 188893.508 188465.851  0.23%   187 7045s
 155946 81791 188620.550   44  429 188893.508 188465.943  0.23%   187 7050s
 156096 81878 188665.216   69  378 188893.508 188465.969  0.23%   187 7055s
 156169 81895     cutoff   71      188893.508 188466.062  0.23%   187 7060s
 156314 81930 188748.832   35  406 188893.508 188466.211  0.23%   187 7065s
 156434 81986 188782.728   74  266 188893.508 188466.266  0.23%   187 7070s
 156610 82100     cutoff  118      188893.508 188466.362  0.23%   187 7075s
 156735 82177 188655.553   51  411 188893.508 188466.464  0.23%   187 7080s
 156832 82209 188590.003   50  363 188893.508 188466.531  0.23%   187 7085s
 157046 82354 188818.125   57  322 188893.508 188466.808  0.23%   187 7090s
 157193 82408     cutoff   51      188893.508 188467.007  0.23%   187 7095s
 157311 82471 188715.770   49  435 188893.508 188467.065  0.23%   187 7100s
 157477 82563 188567.620   47  455 188893.508 188467.202  0.23%   187 7105s
 157625 82652 188657.389   56  465 188893.508 188467.403  0.23%   187 7110s
 157699 82677 188467.470   27  485 188893.508 188467.470  0.23%   187 7117s
 157723 82685 188893.485   34  252 188893.508 188467.481  0.23%   187 7120s
 157860 82720     cutoff   71      188893.508 188467.622  0.23%   187 7125s
 157987 82794 188832.540   55  351 188893.508 188467.714  0.23%   187 7130s
 158160 82837 188804.225   50  300 188893.508 188467.829  0.23%   187 7135s
 158288 82887     cutoff   78      188893.508 188467.947  0.23%   187 7140s
 158376 82924 188876.181   52  170 188893.508 188468.036  0.23%   187 7145s
 158492 82989 188559.967   54  382 188893.508 188468.119  0.23%   187 7150s
 158596 83042 188782.236   42  340 188893.508 188468.175  0.23%   187 7155s
 158688 83084 188785.416   32  464 188893.508 188468.314  0.23%   187 7160s
 158811 83133 188730.562   49  367 188893.508 188468.423  0.23%   187 7165s
 158927 83185 188852.067  117  313 188893.508 188468.581  0.22%   187 7170s
 159052 83240 188711.259   51  346 188893.508 188468.638  0.22%   187 7175s
 159178 83297 188646.220   41  427 188893.508 188468.928  0.22%   187 7180s
 159271 83317 188723.110   51  327 188893.508 188469.256  0.22%   187 7185s
 159422 83365 188722.344   55  351 188893.508 188469.428  0.22%   187 7190s
 159526 83432 188783.680   65  410 188893.508 188469.517  0.22%   187 7195s
 159622 83439 188743.938   39  304 188893.508 188469.708  0.22%   187 7200s
 159730 83484     cutoff   57      188893.508 188469.886  0.22%   187 7205s
 159912 83591 188652.415   50  486 188893.508 188470.029  0.22%   187 7210s
 160052 83650 188883.063   45  346 188893.508 188470.126  0.22%   187 7215s
 160236 83686     cutoff   48      188893.508 188470.378  0.22%   187 7220s
 160338 83730 188630.644   62  423 188893.508 188470.594  0.22%   187 7225s
 160460 83770 188825.579   69  374 188893.508 188470.700  0.22%   187 7230s
 160580 83815     cutoff   59      188893.508 188470.764  0.22%   187 7235s
 160722 83864     cutoff   55      188893.508 188470.929  0.22%   187 7240s
 160919 83965 188773.739   41  361 188893.508 188470.993  0.22%   187 7245s
 161037 84042 188852.424   76  339 188893.508 188471.059  0.22%   187 7250s
 161192 84110 188852.699   76  368 188893.508 188471.159  0.22%   187 7255s
 161262 84110 188683.788   38  363 188893.508 188471.560  0.22%   187 7260s
 161323 84145 188622.450   47  499 188893.508 188471.609  0.22%   187 7265s
 161465 84213 188808.355   50  354 188893.508 188471.863  0.22%   187 7270s
 161503 84220 188796.635   53  360 188893.508 188471.970  0.22%   187 7275s
 161653 84323 188839.204   74  305 188893.508 188472.043  0.22%   187 7280s
 161815 84387     cutoff   62      188893.508 188472.175  0.22%   187 7285s
 161925 84392     cutoff   51      188893.508 188472.506  0.22%   187 7290s
 162004 84436 188708.842   49  322 188893.508 188472.627  0.22%   187 7295s
 162135 84496     cutoff   46      188893.508 188472.693  0.22%   187 7300s
 162255 84570 188738.605   69  433 188893.508 188472.766  0.22%   187 7305s
 162424 84657 188724.823   44  396 188893.508 188472.890  0.22%   187 7310s
 162517 84707 188769.380   67  330 188893.508 188473.052  0.22%   187 7315s
 162680 84796     cutoff   40      188893.508 188473.145  0.22%   187 7320s
 162815 84877 188726.296   56  298 188893.508 188473.292  0.22%   187 7325s
 162944 84945 188783.366   53  441 188893.508 188473.498  0.22%   187 7330s
 163051 84991     cutoff   28      188893.508 188473.615  0.22%   187 7335s
 163186 85066     cutoff   50      188893.508 188473.735  0.22%   187 7340s
 163306 85095 188789.476   62  300 188893.508 188473.850  0.22%   187 7345s
 163377 85118 188707.573   54  347 188893.508 188473.939  0.22%   187 7350s
 163563 85212 188863.843   80  364 188893.508 188474.044  0.22%   187 7355s
 163644 85240 188682.097   67  417 188893.508 188474.155  0.22%   187 7360s
 163857 85379 188881.032   94  338 188893.508 188474.333  0.22%   187 7365s
 164020 85424 188850.835   68  318 188893.508 188474.402  0.22%   187 7370s
 164193 85491 188663.936   54  384 188893.508 188474.538  0.22%   187 7375s
 164321 85542 188532.329   56  417 188893.508 188474.693  0.22%   187 7380s
 164462 85623     cutoff   39      188893.508 188474.794  0.22%   187 7385s
 164535 85655 188884.841   74  374 188893.508 188474.988  0.22%   187 7390s
 164696 85744     cutoff   39      188893.508 188475.108  0.22%   187 7395s
 164825 85795 188622.555   54  450 188893.508 188475.339  0.22%   187 7400s
 164959 85860 188570.754   62  489 188893.508 188475.458  0.22%   187 7405s
 165086 85927 188716.075   56  513 188893.508 188475.564  0.22%   187 7410s
 165224 85984 188610.531   44  397 188893.508 188475.742  0.22%   187 7415s
 165406 86063 188702.504   74  349 188893.508 188475.874  0.22%   187 7420s
 165503 86109 188688.262   52  512 188893.508 188476.120  0.22%   187 7425s
 165572 86122 188703.493   39  433 188893.508 188476.193  0.22%   187 7430s
 165681 86181     cutoff   47      188893.508 188476.277  0.22%   187 7435s
 165825 86255 188560.820   56  427 188893.508 188476.371  0.22%   187 7440s
 165957 86309 188612.940   47  322 188893.508 188476.580  0.22%   187 7445s
 166183 86437     cutoff   40      188893.508 188476.780  0.22%   187 7450s
 166309 86483     cutoff   61      188893.508 188477.008  0.22%   187 7455s
 166388 86500 188801.093   75  264 188893.508 188477.251  0.22%   187 7460s
 166561 86572     cutoff   43      188893.508 188477.332  0.22%   186 7465s
 166732 86643 188548.861   54  425 188893.508 188477.390  0.22%   186 7470s
 166899 86694 188892.842   54  234 188893.508 188477.554  0.22%   186 7476s
 166989 86745 188752.254   51  334 188893.508 188477.640  0.22%   186 7480s
 167157 86827 188751.536   60  424 188893.508 188477.953  0.22%   186 7485s
 167245 86867 188814.196   67  312 188893.508 188478.114  0.22%   186 7490s
 167295 86869 188635.101   49  337 188893.508 188478.161  0.22%   186 7495s
 167451 86941 188688.580   54  380 188893.508 188478.230  0.22%   186 7500s
 167539 86985 188820.381   57  256 188893.508 188478.315  0.22%   186 7505s
 167676 87031 188590.111   40  396 188893.508 188478.450  0.22%   186 7510s
 167790 87074 188833.908   55  342 188893.508 188478.565  0.22%   186 7515s
 167904 87108 188605.886   31  463 188893.508 188478.760  0.22%   186 7520s
 168069 87169     cutoff   57      188893.508 188478.801  0.22%   186 7525s
 168297 87310 188837.053  105  252 188893.508 188478.914  0.22%   186 7530s
 168453 87383 188766.655   56  319 188893.508 188479.035  0.22%   186 7535s
 168534 87432 188876.359   85  243 188893.508 188479.117  0.22%   186 7541s
 168634 87479 188641.961   51  444 188893.508 188479.240  0.22%   186 7599s
 168637 87480 188654.050   54  422 188893.508 188479.240  0.22%   186 7600s
 168776 87562 188626.083   40  351 188893.508 188479.284  0.22%   186 7605s
 168863 87588 188806.475   58  309 188893.508 188479.407  0.22%   186 7610s
 168963 87624     cutoff   46      188893.508 188479.505  0.22%   186 7615s
 169117 87717 188854.462   49  307 188893.508 188479.616  0.22%   186 7620s
 169266 87810     cutoff   58      188893.508 188479.659  0.22%   186 7625s
 169416 87859 188847.899   54  292 188893.508 188479.906  0.22%   186 7630s
 169563 87958 188740.109   66  287 188893.508 188479.999  0.22%   186 7635s
 169658 87998 188664.315   57  359 188893.508 188480.123  0.22%   186 7640s
 169725 88022 188706.140   34  427 188893.508 188480.214  0.22%   186 7645s
 169854 88089 188603.537   60  380 188893.508 188480.332  0.22%   186 7650s
 169964 88098 188614.660   51  498 188893.508 188480.417  0.22%   186 7656s
 170110 88173 188569.712   46  504 188893.508 188480.510  0.22%   186 7660s
 170216 88222 188868.758   56  377 188893.508 188480.571  0.22%   186 7665s
 170338 88254 188723.270   68  315 188893.508 188480.639  0.22%   186 7670s
 170475 88322 188655.437   49  447 188893.508 188480.767  0.22%   186 7675s
 170562 88358 infeasible   41      188893.508 188480.844  0.22%   186 7680s
 170676 88387 188853.753   61  376 188893.508 188481.002  0.22%   186 7685s
 170798 88444 188609.334   53  428 188893.508 188481.095  0.22%   186 7690s
 170934 88511 188671.219   56  427 188893.508 188481.262  0.22%   186 7695s
 171102 88608 188634.872   55  481 188893.508 188481.320  0.22%   186 7700s
 171268 88711 188831.418   42  355 188893.508 188481.374  0.22%   186 7705s
 171359 88740 188699.519   60  319 188893.508 188481.399  0.22%   186 7710s
 171494 88801 188889.693   43  202 188893.508 188481.517  0.22%   186 7715s
 171609 88850     cutoff   54      188893.508 188481.735  0.22%   186 7720s
 171752 88919 188509.221   35  501 188893.508 188481.854  0.22%   186 7725s
 171870 88988 188784.952   69  382 188893.508 188481.899  0.22%   186 7730s
 171979 89047 188701.117   53  379 188893.508 188481.954  0.22%   186 7735s
 172086 89105 188801.664   52  327 188893.508 188482.143  0.22%   186 7740s
 172226 89165 188829.126   59  380 188893.508 188482.211  0.22%   186 7745s
 172354 89227     cutoff   51      188893.508 188482.256  0.22%   186 7750s
 172527 89325 188874.293   82  263 188893.508 188482.346  0.22%   186 7755s
 172616 89352     cutoff   48      188893.508 188482.486  0.22%   186 7760s
 172793 89451 188784.665   45  433 188893.508 188482.575  0.22%   186 7765s
 172965 89575 188800.421   77  341 188893.508 188482.684  0.22%   186 7770s
 173124 89625 188655.070   50  410 188893.508 188482.773  0.22%   186 7775s
 173284 89693 188609.325   64  388 188893.508 188482.868  0.22%   186 7780s
 173378 89759 188611.902   38  477 188893.508 188482.928  0.22%   186 7785s
 173478 89811 188620.110   47  328 188893.508 188483.002  0.22%   186 7790s
 173554 89849 188705.172   48  460 188893.508 188483.140  0.22%   186 7795s
 173691 89925     cutoff   68      188893.508 188483.183  0.22%   186 7800s
 173784 89959 188629.881   54  347 188893.508 188483.366  0.22%   186 7805s
 173961 90055 infeasible   46      188893.508 188483.549  0.22%   186 7810s
 174057 90104 188702.674   61  442 188893.508 188483.653  0.22%   186 7815s
 174226 90182 188742.148   90  377 188893.508 188483.776  0.22%   186 7820s
 174354 90250 188655.977   47  327 188893.508 188483.818  0.22%   186 7825s
 174512 90337 188796.200   55  360 188893.508 188483.882  0.22%   186 7830s
 174618 90391 188884.339   77  308 188893.508 188483.916  0.22%   186 7835s
 174781 90460 188691.547   46  365 188893.508 188484.024  0.22%   186 7840s
 174932 90543 188552.166   50  449 188893.508 188484.191  0.22%   186 7845s
 175069 90616 188859.468   65  289 188893.508 188484.381  0.22%   186 7850s
 175193 90677 188735.637   60  316 188893.508 188484.489  0.22%   186 7855s
 175328 90745 188757.034   66  505 188893.508 188484.625  0.22%   186 7860s
 175446 90801 infeasible   37      188893.508 188484.673  0.22%   186 7865s
 175512 90818 188759.255   42  450 188893.508 188484.756  0.22%   186 7871s
 175670 90908 infeasible   44      188893.508 188484.913  0.22%   186 7875s
 175771 90959 188688.775   45  409 188893.508 188485.091  0.22%   186 7880s
 175876 91004 188670.384   40  370 188893.508 188485.215  0.22%   186 7885s
 175967 91034 188677.737   52  418 188893.508 188485.268  0.22%   186 7890s
 176099 91078 188627.826   46  498 188893.508 188485.315  0.22%   186 7895s
 176235 91144 188855.779   60  300 188893.508 188485.487  0.22%   186 7900s
 176392 91179     cutoff   49      188893.508 188485.660  0.22%   186 7905s
 176472 91233 188765.967   71  370 188893.508 188485.745  0.22%   186 7910s
 176574 91275 188834.550   50  423 188893.508 188485.960  0.22%   186 7915s
 176637 91293 188848.764   59  452 188893.508 188486.091  0.22%   186 7920s
 176718 91322 infeasible   57      188893.508 188486.163  0.22%   186 7925s
 176829 91375     cutoff   65      188893.508 188486.330  0.22%   186 7930s
 176892 91383     cutoff   85      188893.508 188486.416  0.22%   186 7935s
 177065 91428     cutoff   51      188893.508 188486.572  0.22%   186 7940s
 177151 91455     cutoff   39      188893.508 188486.611  0.22%   186 7945s
 177263 91507 188858.013   82  281 188893.508 188486.767  0.22%   186 7950s
 177424 91585 188818.501   61  291 188893.508 188486.920  0.22%   186 7955s
 177526 91614 188714.071   62  376 188893.508 188487.088  0.22%   186 7960s
 177713 91664 188829.374   69  317 188893.508 188487.213  0.22%   186 7965s
 177807 91705     cutoff   44      188893.508 188487.281  0.22%   186 7970s
 177991 91817     cutoff   44      188893.508 188487.340  0.22%   186 7975s
 178132 91886 188775.309   52  329 188893.508 188487.440  0.21%   185 7980s
 178232 91929     cutoff   55      188893.508 188487.636  0.21%   186 7985s
 178356 91986 188581.462   47  464 188893.508 188487.794  0.21%   185 7990s
 178552 92094     cutoff   45      188893.508 188487.828  0.21%   185 7995s
 178682 92177 188857.418  104  245 188893.508 188487.945  0.21%   185 8000s
 178859 92273     cutoff   64      188893.508 188488.120  0.21%   185 8005s
 178956 92322     cutoff   49      188893.508 188488.161  0.21%   185 8010s
 179101 92395     cutoff   36      188893.508 188488.343  0.21%   185 8015s
 179265 92432     cutoff   57      188893.508 188488.519  0.21%   185 8020s
 179358 92468 188839.320   84  315 188893.508 188488.679  0.21%   185 8025s
 179497 92496 188773.071   30  322 188893.508 188488.735  0.21%   185 8030s
 179599 92531     cutoff   67      188893.508 188488.818  0.21%   185 8035s
 179690 92547 188829.076   55  377 188893.508 188488.940  0.21%   185 8040s
 179825 92626 188766.185   63  313 188893.508 188489.069  0.21%   185 8045s
 179903 92645 188578.400   59  441 188893.508 188489.283  0.21%   185 8050s
 180024 92704 188709.680   72  354 188893.508 188489.409  0.21%   185 8055s
 180150 92786 188883.626   70  190 188893.508 188489.491  0.21%   185 8060s
 180252 92819     cutoff   52      188893.508 188489.596  0.21%   185 8065s
 180380 92890 188803.562   59  384 188893.508 188489.737  0.21%   185 8070s
 180439 92905 188707.352   62  343 188893.508 188489.804  0.21%   185 8075s
 180504 92932     cutoff   44      188893.508 188489.878  0.21%   185 8080s
 180558 92955 188631.481   45  332 188893.508 188489.936  0.21%   185 8085s
 180663 93011 188767.562   57  364 188893.508 188489.967  0.21%   185 8090s
 180842 93107 188746.339   43  399 188893.508 188490.062  0.21%   185 8095s
 180978 93170     cutoff   41      188893.508 188490.148  0.21%   185 8100s
 181052 93210 188677.471   64  455 188893.508 188490.290  0.21%   185 8105s
 181221 93290 188637.776   57  460 188893.508 188490.367  0.21%   185 8110s
 181311 93338 188836.323   59  434 188893.508 188490.489  0.21%   185 8115s
 181367 93347 188574.185   45  420 188893.508 188490.731  0.21%   185 8120s
 181457 93402 188673.330   74  345 188893.508 188490.817  0.21%   185 8125s
 181540 93439 188824.539   79  226 188893.508 188490.919  0.21%   185 8130s
 181623 93472 188636.171   54  398 188893.508 188490.977  0.21%   185 8135s
 181729 93523 188791.125   60  445 188893.508 188491.055  0.21%   185 8140s
 181854 93597 188559.235   53  539 188893.508 188491.161  0.21%   185 8145s
 181978 93672 188700.928   61  355 188893.508 188491.218  0.21%   185 8150s
 182128 93765 188727.553   61  376 188893.508 188491.436  0.21%   185 8155s
 182223 93820 188778.637   54  462 188893.508 188491.505  0.21%   185 8160s
 182332 93858 188752.377   77  335 188893.508 188491.636  0.21%   185 8165s
 182472 93945     cutoff   60      188893.508 188491.721  0.21%   185 8170s
 182542 93970 188840.567   67  282 188893.508 188491.800  0.21%   185 8175s
 182629 93994 188846.420   61  400 188893.508 188491.908  0.21%   185 8180s
 182702 94036 188669.646   52  440 188893.508 188491.954  0.21%   185 8185s
 182838 94112     cutoff   60      188893.508 188492.059  0.21%   185 8190s
 182967 94201 188812.492   79  303 188893.508 188492.125  0.21%   185 8195s
 183031 94219 188671.253   54  385 188893.508 188492.221  0.21%   185 8200s
 183127 94246 188880.228   54  240 188893.508 188492.333  0.21%   185 8205s
 183239 94291 188856.135   66  306 188893.508 188492.445  0.21%   185 8210s
 183399 94385     cutoff   80      188893.508 188492.530  0.21%   185 8215s
 183502 94414 188835.478   90  366 188893.508 188492.722  0.21%   185 8220s
 183588 94438 188644.727   48  409 188893.508 188492.829  0.21%   185 8225s
 183715 94483 188653.923   66  350 188893.508 188492.889  0.21%   185 8230s
 183832 94545 188837.038   48  306 188893.508 188492.970  0.21%   185 8235s
 183934 94582     cutoff   38      188893.508 188493.119  0.21%   185 8240s
 184018 94636 188598.395   56  413 188893.508 188493.158  0.21%   185 8245s
 184167 94681     cutoff   64      188893.508 188493.256  0.21%   185 8250s
 184300 94729 188629.512   48  418 188893.508 188493.302  0.21%   185 8255s
 184420 94801 188709.734   56  388 188893.508 188493.400  0.21%   185 8260s
 184517 94845 188634.858   56  325 188893.508 188493.512  0.21%   185 8265s
 184653 94901 188661.065   44  441 188893.508 188493.610  0.21%   185 8270s
 184771 94973     cutoff   41      188893.508 188493.702  0.21%   185 8275s
 184874 95029     cutoff   68      188893.508 188493.779  0.21%   185 8280s
 185002 95090 188649.063   52  537 188893.508 188493.838  0.21%   185 8285s
 185140 95140 188886.562   54  276 188893.508 188493.909  0.21%   185 8290s
 185267 95224 188650.621   42  474 188893.508 188493.960  0.21%   185 8295s
 185338 95234 188769.776   73  311 188893.508 188494.160  0.21%   185 8300s
 185458 95301     cutoff   56      188893.508 188494.219  0.21%   185 8305s
 185585 95347 188591.860   46  468 188893.508 188494.337  0.21%   185 8310s
 185728 95441 188842.980   71  303 188893.508 188494.437  0.21%   185 8315s
 185867 95517 188860.019   58  256 188893.508 188494.481  0.21%   185 8320s
 185981 95571 188754.767   57  312 188893.508 188494.574  0.21%   185 8325s
 186119 95633 188758.420   54  333 188893.508 188494.664  0.21%   185 8330s
 186283 95688 188768.764   67  407 188893.508 188494.783  0.21%   185 8335s
 186355 95700     cutoff   32      188893.508 188495.025  0.21%   185 8340s
 186472 95758     cutoff   57      188893.508 188495.097  0.21%   185 8345s
 186587 95828 188755.656   56  287 188893.508 188495.223  0.21%   185 8350s
 186691 95857 188526.640   45  471 188893.508 188495.277  0.21%   185 8355s
 186861 95947 188623.787   55  470 188893.508 188495.346  0.21%   185 8360s
 187007 96029 188801.810   68  244 188893.508 188495.424  0.21%   185 8365s
 187136 96081 188855.377   58  398 188893.508 188495.494  0.21%   185 8370s
 187241 96118 188847.338   66  285 188893.508 188495.599  0.21%   185 8375s
 187274 96133 188697.071   59  375 188893.508 188495.655  0.21%   185 8380s
 187387 96192     cutoff   55      188893.508 188495.784  0.21%   185 8385s
 187567 96274 188819.341   66  407 188893.508 188495.839  0.21%   185 8390s
 187656 96310 188665.859   45  416 188893.508 188496.014  0.21%   185 8395s
 187786 96402 188616.751   52  428 188893.508 188496.064  0.21%   185 8400s
 187904 96454 188739.894   48  406 188893.508 188496.144  0.21%   185 8405s
 188021 96520 188756.480   36  416 188893.508 188496.345  0.21%   185 8410s
 188147 96580 188886.414   60  314 188893.508 188496.448  0.21%   185 8415s
 188226 96619 188874.957   87  306 188893.508 188496.528  0.21%   185 8420s
 188336 96659     cutoff   56      188893.508 188496.738  0.21%   185 8425s
 188407 96680 188682.636   48  406 188893.508 188496.926  0.21%   185 8430s
 188611 96808 188815.081   79  201 188893.508 188497.001  0.21%   184 8435s
 188746 96852 188846.824   46  380 188893.508 188497.149  0.21%   184 8440s
 188854 96901 188497.270   22  405 188893.508 188497.270  0.21%   185 8448s
 188900 96943 188765.687   67  196 188893.508 188497.270  0.21%   185 8450s
 188975 96954 infeasible   39      188893.508 188497.320  0.21%   185 8455s
 189106 97022 188637.227   59  538 188893.508 188497.411  0.21%   185 8460s
 189224 97087 188885.347   60  230 188893.508 188497.471  0.21%   185 8465s
 189371 97149 188760.299   54  316 188893.508 188497.508  0.21%   185 8470s
 189443 97168 188794.414   51  431 188893.508 188497.610  0.21%   185 8475s
 189522 97196     cutoff   46      188893.508 188497.720  0.21%   185 8480s
 189642 97250 188765.943   66  341 188893.508 188497.778  0.21%   185 8485s
 189782 97317     cutoff   53      188893.508 188497.909  0.21%   184 8490s
 189862 97348 188661.689   54  376 188893.508 188497.981  0.21%   185 8495s
 190000 97393 188681.944   58  332 188893.508 188498.067  0.21%   184 8500s
 190170 97482 188799.860   44  345 188893.508 188498.302  0.21%   184 8505s
 190334 97581 188755.037   53  378 188893.508 188498.382  0.21%   184 8510s
 190417 97606     cutoff   55      188893.508 188498.501  0.21%   184 8515s
 190494 97622 188616.826   64  386 188893.508 188498.681  0.21%   184 8520s
 190622 97690     cutoff   51      188893.508 188498.732  0.21%   184 8525s
 190697 97729     cutoff   47      188893.508 188498.787  0.21%   184 8530s
 190806 97782 188696.759   56  416 188893.508 188498.885  0.21%   184 8535s
 190900 97822 188761.166   43  344 188893.508 188498.911  0.21%   184 8540s
 191044 97892 188743.200   62  418 188893.508 188499.088  0.21%   184 8545s
 191183 97959     cutoff   50      188893.508 188499.139  0.21%   184 8550s
 191212 97959 188620.716   49  329 188893.508 188499.234  0.21%   184 8555s
 191315 98001 188800.177   41  315 188893.508 188499.403  0.21%   184 8560s
 191451 98081 188617.819   53  448 188893.508 188499.456  0.21%   184 8565s
 191598 98167 188661.518   51  435 188893.508 188499.495  0.21%   184 8570s
 191732 98226 188858.242   77  316 188893.508 188499.694  0.21%   184 8575s
 191858 98278 188650.475   46  435 188893.508 188499.862  0.21%   184 8580s
 191966 98341     cutoff   61      188893.508 188499.924  0.21%   184 8585s
 192161 98456 188654.544   36  414 188893.508 188500.010  0.21%   184 8590s
 192301 98520 188694.439   44  414 188893.508 188500.068  0.21%   184 8595s
 192410 98555 188771.558   52  375 188893.508 188500.176  0.21%   184 8600s
 192504 98592 188752.036   49  436 188893.508 188500.288  0.21%   184 8605s
 192674 98683 188613.930   43  413 188893.508 188500.401  0.21%   184 8610s
 192863 98702 188697.674   48  304 188893.508 188500.525  0.21%   184 8615s
 193017 98782 188772.922   63  401 188893.508 188500.693  0.21%   184 8620s
 193114 98807 188802.481   63  330 188893.508 188500.834  0.21%   184 8625s
 193274 98884 infeasible   56      188893.508 188500.915  0.21%   184 8630s
 193391 98940 188642.044   35  408 188893.508 188501.069  0.21%   184 8635s
 193468 98969     cutoff   79      188893.508 188501.234  0.21%   184 8640s
 193556 98997 188756.489   31  421 188893.508 188501.288  0.21%   184 8645s
 193709 99073 188596.508   56  451 188893.508 188501.388  0.21%   184 8650s
 193853 99145     cutoff   35      188893.508 188501.493  0.21%   184 8655s
 193965 99214 188631.234   51  358 188893.508 188501.652  0.21%   184 8660s
 194134 99290 188658.819   53  365 188893.508 188501.743  0.21%   184 8665s
 194305 99392     cutoff   47      188893.508 188501.806  0.21%   184 8670s
 194389 99441 188746.074   50  471 188893.508 188501.869  0.21%   184 8675s
 194452 99474 188622.402   62  405 188893.508 188501.924  0.21%   184 8680s
 194609 99572 188585.721   53  458 188893.508 188502.044  0.21%   184 8685s
 194704 99598 188825.224   52  354 188893.508 188502.159  0.21%   184 8690s
 194785 99635 188769.580   63  280 188893.508 188502.265  0.21%   184 8695s
 194946 99702 188735.905   51  440 188893.508 188502.445  0.21%   184 8700s
 195096 99799     cutoff   35      188893.508 188502.543  0.21%   184 8705s
 195227 99858 188737.688   66  450 188893.508 188502.658  0.21%   184 8710s
 195332 99890     cutoff   43      188893.508 188502.695  0.21%   184 8715s
 195405 99909 infeasible   40      188893.508 188502.758  0.21%   184 8720s
 195527 99979     cutoff   66      188893.508 188502.834  0.21%   184 8725s
 195602 99996 188658.154   58  386 188893.508 188502.884  0.21%   184 8730s
 195718 100037     cutoff   54      188893.508 188502.934  0.21%   184 8735s
 195826 100077 188820.366   50  286 188893.508 188503.078  0.21%   184 8740s
 196004 100156     cutoff   50      188893.508 188503.203  0.21%   184 8745s
 196134 100200 188538.373   39  429 188893.508 188503.373  0.21%   184 8750s
 196279 100267     cutoff   53      188893.508 188503.447  0.21%   184 8755s
 196303 100266     cutoff   55      188893.508 188503.495  0.21%   184 8760s
 196392 100315 188724.723   46  335 188893.508 188503.602  0.21%   184 8765s
 196529 100354     cutoff  109      188893.508 188503.702  0.21%   184 8770s
 196623 100390 188878.564   54  275 188893.508 188503.864  0.21%   184 8775s
 196722 100420     cutoff   50      188893.508 188503.970  0.21%   184 8780s
 196830 100477 188777.831   53  272 188893.508 188504.069  0.21%   184 8785s
 196970 100515 188625.448   39  525 188893.508 188504.131  0.21%   184 8790s
 197141 100626 188632.276   60  400 188893.508 188504.212  0.21%   184 8795s
 197317 100716 188635.707   40  476 188893.508 188504.340  0.21%   184 8800s
 197437 100776 188755.998   57  333 188893.508 188504.415  0.21%   184 8805s
 197554 100821 188602.755   51  385 188893.508 188504.587  0.21%   184 8810s
 197708 100924 188820.571   65  344 188893.508 188504.657  0.21%   184 8815s
 197812 100966 infeasible   36      188893.508 188504.766  0.21%   184 8820s
 198045 101046     cutoff   72      188893.508 188504.881  0.21%   184 8825s
 198215 101144 188726.524   38  423 188893.508 188504.925  0.21%   184 8830s
 198313 101200 188782.740   52  275 188893.508 188505.042  0.21%   184 8835s
 198441 101291 188767.728   53  381 188893.508 188505.063  0.21%   184 8840s
 198612 101352 188648.184   52  354 188893.508 188505.128  0.21%   184 8845s
 198831 101460 188627.908   56  448 188893.508 188505.233  0.21%   184 8850s
 198939 101516 188777.100   72  292 188893.508 188505.320  0.21%   184 8855s
 199110 101609 188836.868   48  409 188893.508 188505.395  0.21%   184 8860s
 199198 101632 188747.021   53  360 188893.508 188505.488  0.21%   184 8865s
 199343 101706 188834.582   72  318 188893.508 188505.619  0.21%   184 8870s
 199400 101722 188786.622   54  373 188893.508 188505.743  0.21%   184 8875s
 199536 101796 188814.371   53  434 188893.508 188505.844  0.21%   184 8880s
 199632 101841 188666.841   56  415 188893.508 188505.872  0.21%   184 8885s
 199779 101925     cutoff   56      188893.508 188505.923  0.21%   184 8890s
 199905 102002 188787.433   55  342 188893.508 188505.968  0.21%   184 8895s
 200031 102078 188735.217   63  304 188893.508 188506.049  0.21%   184 8900s
 200130 102109 infeasible   40      188893.508 188506.218  0.21%   184 8905s
 200236 102149 188650.351   50  406 188893.508 188506.329  0.20%   184 8910s
 200397 102217 188802.085   79  337 188893.508 188506.583  0.20%   184 8915s
 200519 102278     cutoff   68      188893.508 188506.707  0.20%   184 8920s
 200687 102350 188574.957   49  525 188893.508 188506.860  0.20%   184 8925s
 200796 102408     cutoff   73      188893.508 188506.996  0.20%   184 8930s
 201010 102506 188821.237   53  306 188893.508 188507.054  0.20%   183 8935s
 201108 102542 188636.972   72  431 188893.508 188507.131  0.20%   183 8940s
 201234 102598     cutoff   64      188893.508 188507.191  0.20%   183 8945s
 201378 102612     cutoff   71      188893.508 188507.317  0.20%   183 8950s
 201539 102660     cutoff   55      188893.508 188507.435  0.20%   183 8955s
 201693 102750 188623.682   69  453 188893.508 188507.503  0.20%   183 8960s
 201857 102844     cutoff   89      188893.508 188507.580  0.20%   183 8965s
 201961 102892 188741.181   85  325 188893.508 188507.682  0.20%   183 8970s
 202129 102938 188615.247   57  444 188893.508 188507.810  0.20%   183 8975s
 202250 102992     cutoff   36      188893.508 188507.922  0.20%   183 8980s
 202409 103085 188853.454   77  288 188893.508 188508.020  0.20%   183 8985s
 202576 103170     cutoff   60      188893.508 188508.099  0.20%   183 8990s
 202711 103221 188802.737   61  362 188893.508 188508.153  0.20%   183 8995s
 202835 103265 188793.357   56  241 188893.508 188508.315  0.20%   183 9000s
 202965 103330 infeasible   41      188893.508 188508.380  0.20%   183 9005s
 203044 103375 188851.473   58  361 188893.508 188508.412  0.20%   183 9010s
 203151 103435 188749.372   51  396 188893.508 188508.477  0.20%   183 9015s
 203319 103519     cutoff   35      188893.508 188508.545  0.20%   183 9020s
 203395 103533 infeasible   53      188893.508 188508.674  0.20%   183 9025s
 203441 103533     cutoff   41      188893.508 188508.733  0.20%   183 9030s
 203581 103591     cutoff   71      188893.508 188508.830  0.20%   183 9035s
 203753 103666     cutoff   50      188893.508 188508.956  0.20%   183 9040s
 203903 103742     cutoff   56      188893.508 188509.070  0.20%   183 9045s
 204108 103836     cutoff   55      188893.508 188509.127  0.20%   183 9050s
 204260 103878 188548.226   51  390 188893.508 188509.302  0.20%   183 9055s
 204399 103961 188812.156   59  301 188893.508 188509.376  0.20%   183 9060s
 204508 103992 188749.061   53  413 188893.508 188509.418  0.20%   183 9065s
 204610 104044 188846.058   66  380 188893.508 188509.510  0.20%   183 9070s
 204715 104082 188724.818   38  416 188893.508 188509.621  0.20%   183 9075s
 204824 104117 188761.386   60  431 188893.508 188509.689  0.20%   183 9080s
 204926 104164 188869.032   56  424 188893.508 188509.792  0.20%   183 9085s
 205006 104184 188653.510   65  384 188893.508 188510.008  0.20%   183 9090s
 205077 104191 infeasible   32      188893.508 188510.130  0.20%   183 9095s
 205207 104269 188816.137   69  317 188893.508 188510.164  0.20%   183 9100s
 205311 104315 188759.810   71  363 188893.508 188510.273  0.20%   183 9105s
 205388 104337 188722.387   53  406 188893.508 188510.328  0.20%   183 9110s
 205550 104439 188798.050   28  268 188893.508 188510.470  0.20%   183 9115s
 205726 104489 infeasible   48      188893.508 188510.483  0.20%   183 9120s
 205804 104506 188588.297   50  440 188893.508 188510.592  0.20%   183 9125s
 205952 104595 188674.123   49  521 188893.508 188510.652  0.20%   183 9130s
 206107 104669     cutoff   47      188893.508 188510.775  0.20%   183 9135s
 206214 104723 188812.611   41  265 188893.508 188510.920  0.20%   183 9140s
 206319 104761 188692.835   61  380 188893.508 188511.073  0.20%   183 9145s
 206408 104804 188725.464   40  414 188893.508 188511.196  0.20%   183 9150s
 206501 104843 188671.528   43  379 188893.508 188511.279  0.20%   183 9155s
 206630 104909 188728.202   38  395 188893.508 188511.403  0.20%   183 9160s
 206722 104945 188739.177   56  323 188893.508 188511.478  0.20%   183 9165s
 206809 104978 188890.976   55  336 188893.508 188511.528  0.20%   183 9172s
 206830 104972 188606.516   40  499 188893.508 188511.612  0.20%   183 9175s
 206969 105060     cutoff   66      188893.508 188511.657  0.20%   183 9180s
 207092 105124 188774.552   50  360 188893.508 188511.707  0.20%   183 9185s
 207154 105138     cutoff   59      188893.508 188511.794  0.20%   183 9190s
 207245 105148     cutoff   62      188893.508 188511.994  0.20%   183 9195s
 207341 105201 188705.207   62  435 188893.508 188512.099  0.20%   183 9200s
 207479 105291 188742.067   55  492 188893.508 188512.143  0.20%   183 9205s
 207565 105302 188647.657   42  436 188893.508 188512.305  0.20%   183 9210s
 207683 105360 188729.503   67  442 188893.508 188512.444  0.20%   183 9215s
 207833 105397 188827.424   60  345 188893.508 188512.512  0.20%   183 9220s
 207955 105450 188880.950   55  299 188893.508 188512.683  0.20%   183 9225s
 208033 105465     cutoff   48      188893.508 188512.747  0.20%   183 9230s
 208141 105516 188736.710   35  387 188893.508 188512.849  0.20%   183 9235s
 208247 105540 infeasible   43      188893.508 188513.004  0.20%   183 9240s
 208289 105546 188608.251   45  386 188893.508 188513.055  0.20%   183 9245s
 208379 105598 188817.028   49  400 188893.508 188513.174  0.20%   183 9250s
 208486 105632 188662.110   76  360 188893.508 188513.344  0.20%   183 9255s
 208627 105694 188713.338   54  377 188893.508 188513.460  0.20%   183 9260s
 208747 105745 188816.359   47  419 188893.508 188513.568  0.20%   183 9265s
 208880 105769 188718.366   62  338 188893.508 188513.631  0.20%   183 9270s
 209028 105843 188643.530   53  300 188893.508 188513.727  0.20%   183 9275s
 209185 105947     cutoff   87      188893.508 188513.811  0.20%   183 9280s
 209336 106026 188708.519   57  363 188893.508 188513.929  0.20%   183 9285s
 209446 106075 188733.957   58  452 188893.508 188514.033  0.20%   183 9290s
 209576 106139 188745.280   61  405 188893.508 188514.149  0.20%   183 9295s
 209739 106219 188853.531   92  293 188893.508 188514.233  0.20%   183 9300s
 209825 106218 188837.343   51  403 188893.508 188514.415  0.20%   183 9305s
 209933 106275 188588.074   43  422 188893.508 188514.488  0.20%   183 9310s
 210021 106314     cutoff   48      188893.508 188514.553  0.20%   183 9315s
 210182 106397     cutoff   44      188893.508 188514.651  0.20%   183 9320s
 210270 106437 188763.680   46  370 188893.508 188514.749  0.20%   183 9325s
 210369 106470 188837.259   49  435 188893.508 188514.912  0.20%   183 9330s
 210432 106495 infeasible   69      188893.508 188514.951  0.20%   183 9335s
 210576 106554     cutoff   43      188893.508 188515.029  0.20%   183 9340s
 210780 106683 188649.849   49  337 188893.508 188515.134  0.20%   183 9345s
 210924 106737 188642.306   56  418 188893.508 188515.220  0.20%   183 9350s
 211040 106787     cutoff   51      188893.508 188515.306  0.20%   183 9355s
 211127 106799     cutoff   38      188893.508 188515.457  0.20%   183 9360s
 211232 106861     cutoff   41      188893.508 188515.496  0.20%   183 9365s
 211354 106919 188876.391   45  348 188893.508 188515.657  0.20%   183 9370s
 211527 106988 188854.165   51  230 188893.508 188515.754  0.20%   183 9375s
 211619 107014 188891.797   66  346 188893.508 188515.822  0.20%   183 9380s
 211712 107061 188862.812   68  275 188893.508 188515.922  0.20%   183 9385s
 211809 107104 188885.316   76  282 188893.508 188516.010  0.20%   183 9390s
 211963 107192 188528.766   41  509 188893.508 188516.076  0.20%   183 9395s
 212004 107216 188825.465   50  306 188893.508 188516.145  0.20%   183 9405s
 212132 107281 188849.230   44  238 188893.508 188516.209  0.20%   183 9410s
 212247 107304 188559.856   59  395 188893.508 188516.284  0.20%   183 9415s
 212418 107407 188528.937   50  409 188893.508 188516.388  0.20%   183 9420s
 212574 107508 188587.129   45  445 188893.508 188516.494  0.20%   183 9425s
 212736 107554     cutoff   66      188893.508 188516.626  0.20%   183 9430s
 212880 107615 188691.940   41  399 188893.508 188516.681  0.20%   183 9435s
 213002 107676 infeasible   57      188893.508 188516.781  0.20%   183 9440s
 213131 107707 188818.988   61  412 188893.508 188516.884  0.20%   183 9445s
 213221 107733 188789.367   57  407 188893.508 188517.026  0.20%   183 9450s
 213314 107756 188714.680   70  427 188893.508 188517.112  0.20%   183 9455s
 213412 107801 188732.839   60  305 188893.508 188517.178  0.20%   183 9460s
 213572 107878     cutoff   46      188893.508 188517.342  0.20%   183 9465s
 213634 107888 188821.069   38  263 188893.508 188517.447  0.20%   183 9470s
 213674 107894 188719.779   48  394 188893.508 188517.459  0.20%   183 9493s
 213717 107916 188569.563   53  404 188893.508 188517.486  0.20%   183 9495s
 213840 107971 188603.076   49  407 188893.508 188517.594  0.20%   183 9500s
 213980 108036 188715.686   48  379 188893.508 188517.671  0.20%   183 9505s
 214146 108115 188668.433   56  438 188893.508 188517.796  0.20%   183 9510s
 214306 108161     cutoff   48      188893.508 188517.916  0.20%   183 9515s
 214413 108207 188775.738   58  283 188893.508 188518.005  0.20%   183 9520s
 214591 108282 188657.218   49  404 188893.508 188518.143  0.20%   183 9525s
 214758 108367 188654.015   37  422 188893.508 188518.255  0.20%   183 9530s
 214909 108444 188786.416   87  325 188893.508 188518.287  0.20%   183 9535s
 215032 108498 188798.139   60  341 188893.508 188518.346  0.20%   183 9540s
 215180 108579     cutoff   69      188893.508 188518.374  0.20%   183 9545s
 215375 108642 188833.274   54  402 188893.508 188518.458  0.20%   183 9550s
 215499 108700 188872.914   69  270 188893.508 188518.548  0.20%   183 9555s
 215574 108713 188823.828   48  425 188893.508 188518.657  0.20%   183 9560s
 215674 108746 188776.869   53  406 188893.508 188518.759  0.20%   183 9565s
 215740 108772 188774.266   67  411 188893.508 188518.847  0.20%   183 9570s
 215810 108813 188820.114   78  367 188893.508 188518.910  0.20%   183 9575s
 215933 108846     cutoff   60      188893.508 188519.021  0.20%   183 9580s
 216039 108890 infeasible   38      188893.508 188519.135  0.20%   183 9585s
 216120 108920 188825.617   78  345 188893.508 188519.237  0.20%   183 9590s
 216320 109035 188756.595   57  466 188893.508 188519.307  0.20%   183 9595s
 216371 109069 188816.223   59  407 188893.508 188519.372  0.20%   183 9600s
 216433 109093 188758.636   60  345 188893.508 188519.474  0.20%   183 9605s
 216527 109109 188631.156   52  411 188893.508 188519.567  0.20%   183 9610s
 216654 109180 188741.824   57  357 188893.508 188519.597  0.20%   183 9615s
 216841 109259 188785.469   68  344 188893.508 188519.645  0.20%   183 9620s
 217002 109328 188802.073   44  389 188893.508 188519.744  0.20%   183 9625s
 217100 109350 188796.107   62  304 188893.508 188519.828  0.20%   183 9630s
 217188 109385 188707.579   44  387 188893.508 188519.894  0.20%   183 9635s
 217352 109465 188811.513   85  283 188893.508 188519.984  0.20%   183 9640s
 217491 109520 188714.211   53  438 188893.508 188520.093  0.20%   183 9645s
 217599 109574     cutoff   56      188893.508 188520.180  0.20%   183 9650s
 217676 109592     cutoff   60      188893.508 188520.279  0.20%   183 9655s
 217823 109670     cutoff   51      188893.508 188520.360  0.20%   183 9660s
 217896 109699 188825.723   72  345 188893.508 188520.440  0.20%   183 9665s
 218020 109736 188861.645   41  446 188893.508 188520.563  0.20%   183 9670s
 218106 109774 188668.833   46  436 188893.508 188520.700  0.20%   183 9675s
 218292 109880 188779.329   60  360 188893.508 188520.819  0.20%   183 9680s
 218431 109954 188847.848   75  372 188893.508 188520.951  0.20%   183 9685s
 218439 109954 188726.165   54  364 188893.508 188520.953  0.20%   183 9699s
 218463 109959 188767.982   51  432 188893.508 188520.999  0.20%   183 9700s
 218620 110034 188784.103   75  335 188893.508 188521.063  0.20%   183 9705s
 218748 110095 188840.390   70  371 188893.508 188521.153  0.20%   183 9710s
 218892 110145 188720.369   67  437 188893.508 188521.275  0.20%   183 9715s
 218983 110147 188708.610   60  393 188893.508 188521.423  0.20%   183 9720s
 219171 110247 188838.920   76  207 188893.508 188521.483  0.20%   183 9725s
 219273 110283 188725.306   53  353 188893.508 188521.646  0.20%   183 9730s
 219367 110318 188812.888   46  322 188893.508 188521.730  0.20%   183 9735s
 219530 110367     cutoff   58      188893.508 188521.833  0.20%   183 9740s
 219622 110401 188684.060   67  391 188893.508 188521.956  0.20%   183 9745s
 219746 110464 188762.782   54  355 188893.508 188522.037  0.20%   183 9750s
 219930 110570 188838.159   54  256 188893.508 188522.165  0.20%   182 9755s
 220087 110617 188857.790   52  277 188893.508 188522.223  0.20%   182 9760s
 220210 110670 188834.802   39  193 188893.508 188522.290  0.20%   182 9765s
 220440 110759 188799.697   60  377 188893.508 188522.423  0.20%   182 9770s
 220563 110796     cutoff   50      188893.508 188522.467  0.20%   182 9775s
 220656 110846     cutoff   37      188893.508 188522.526  0.20%   182 9780s
 220754 110896 188671.680   39  390 188893.508 188522.693  0.20%   182 9785s
 220898 110932 188803.231   61  309 188893.508 188522.739  0.20%   182 9790s
 220997 110965 infeasible   46      188893.508 188522.810  0.20%   182 9795s
 221155 111025 188704.876   67  457 188893.508 188522.830  0.20%   182 9800s
 221259 111072 188744.301   44  420 188893.508 188522.974  0.20%   182 9805s
 221352 111122 188564.198   57  446 188893.508 188523.058  0.20%   182 9810s
 221593 111205     cutoff   50      188893.508 188523.085  0.20%   182 9815s
 221712 111276 188781.340   35  391 188893.508 188523.161  0.20%   182 9820s
 221838 111330 188669.727   56  493 188893.508 188523.277  0.20%   182 9825s
 221911 111352 188831.768   43  387 188893.508 188523.403  0.20%   182 9830s
 222010 111354 188854.126   58  360 188893.508 188523.449  0.20%   182 9835s
 222169 111367     cutoff   62      188893.508 188523.582  0.20%   182 9840s
 222290 111419     cutoff   37      188893.508 188523.660  0.20%   182 9845s
 222371 111428 188604.021   58  423 188893.508 188523.806  0.20%   182 9850s
 222519 111531 188775.528   42  329 188893.508 188523.850  0.20%   182 9855s
 222705 111644 188776.085   80  349 188893.508 188523.939  0.20%   182 9860s
 222869 111736 188752.012   51  374 188893.508 188524.037  0.20%   182 9865s
 223013 111779 188645.610   58  441 188893.508 188524.140  0.20%   182 9870s
 223163 111813 infeasible   43      188893.508 188524.197  0.20%   182 9875s
 223284 111882 188804.032   67  311 188893.508 188524.251  0.20%   182 9880s
 223393 111928 188693.462   57  399 188893.508 188524.365  0.20%   182 9885s
 223474 111949 188796.884   54  475 188893.508 188524.419  0.20%   182 9890s
 223578 111986 188794.570   56  416 188893.508 188524.488  0.20%   182 9895s
 223681 112020 188606.233   41  386 188893.508 188524.642  0.20%   182 9900s
 223835 112084 188855.796   56  401 188893.508 188524.697  0.20%   182 9905s
 223950 112136 188628.408   47  436 188893.508 188524.792  0.20%   182 9910s
 224108 112239 188874.421   48  281 188893.508 188524.908  0.20%   182 9915s
 224238 112278     cutoff   57      188893.508 188524.983  0.20%   182 9920s
 224370 112302 188667.192   48  341 188893.508 188525.114  0.20%   182 9925s
 224493 112367 188661.363   47  402 188893.508 188525.307  0.19%   182 9930s
 224562 112400 188786.202   54  344 188893.508 188525.357  0.19%   182 9935s
 224660 112426 188704.171   70  345 188893.508 188525.459  0.19%   182 9940s
 224853 112534     cutoff   67      188893.508 188525.522  0.19%   182 9945s
 224959 112552     cutoff   55      188893.508 188525.610  0.19%   182 9950s
 225087 112601 188854.844   89  192 188893.508 188525.707  0.19%   182 9955s
 225209 112621 188738.976   45  392 188893.508 188525.838  0.19%   182 9960s
 225323 112637     cutoff   70      188893.508 188525.915  0.19%   182 9965s
 225437 112708 188858.052   97  170 188893.508 188526.017  0.19%   182 9970s
 225574 112765 188740.157   45  434 188893.508 188526.061  0.19%   182 9975s
 225730 112829 188631.293   63  403 188893.508 188526.136  0.19%   182 9980s
 225817 112855 188811.480   42  298 188893.508 188526.201  0.19%   182 9985s
 225941 112920 188631.839   51  458 188893.508 188526.257  0.19%   182 9990s
 226036 112938 188800.829   46  350 188893.508 188526.316  0.19%   182 9995s
 226126 112972 188714.640   55  333 188893.508 188526.405  0.19%   182 10000s
 226285 113054 188766.297   59  291 188893.508 188526.446  0.19%   182 10005s
 226350 113047     cutoff   48      188893.508 188526.550  0.19%   182 10010s
 226432 113081 188775.989   79  360 188893.508 188526.577  0.19%   182 10015s
 226531 113103 188602.321   59  384 188893.508 188526.619  0.19%   182 10020s
 226658 113160 188673.717   65  407 188893.508 188526.706  0.19%   182 10025s
 226748 113197 188707.430   40  395 188893.508 188526.780  0.19%   182 10030s
 226895 113269     cutoff   55      188893.508 188526.934  0.19%   182 10035s
 227036 113307 188872.035   55  370 188893.508 188527.006  0.19%   182 10040s
 227164 113370 188795.533   43  388 188893.508 188527.073  0.19%   182 10045s
 227309 113445 188658.334   49  300 188893.508 188527.228  0.19%   182 10050s
 227388 113480     cutoff   64      188893.508 188527.311  0.19%   182 10055s
 227519 113538 188720.731   67  324 188893.508 188527.369  0.19%   182 10060s
 227623 113583 188614.481   68  411 188893.508 188527.409  0.19%   182 10065s
 227773 113669 188779.655   41  441 188893.508 188527.465  0.19%   182 10070s
 227850 113693 188801.458   64  433 188893.508 188527.526  0.19%   182 10075s
 227958 113740     cutoff   55      188893.508 188527.608  0.19%   182 10080s
 228098 113817     cutoff   48      188893.508 188527.684  0.19%   182 10085s
 228196 113856 188670.258   44  479 188893.508 188527.744  0.19%   182 10090s
 228304 113898 188816.316   52  205 188893.508 188527.839  0.19%   182 10095s
 228460 113990 188609.762   58  516 188893.508 188527.924  0.19%   182 10100s
 228537 114020 188628.057   76  292 188893.508 188527.963  0.19%   182 10105s
 228664 114065 188714.674   61  409 188893.508 188528.052  0.19%   182 10110s
 228772 114111 188628.334   53  407 188893.508 188528.122  0.19%   182 10115s
 228941 114208 188572.495   42  347 188893.508 188528.215  0.19%   182 10120s
 229071 114272 188681.433   55  378 188893.508 188528.378  0.19%   182 10125s
 229214 114353 188540.497   47  452 188893.508 188528.444  0.19%   182 10130s
 229389 114420     cutoff   39      188893.508 188528.549  0.19%   182 10135s
 229475 114457 188740.996   58  408 188893.508 188528.640  0.19%   182 10140s
 229633 114526 188786.155   27  393 188893.508 188528.739  0.19%   182 10145s
 229768 114581 188741.116   36  439 188893.508 188528.835  0.19%   182 10150s
 229843 114615 188715.015   61  447 188893.508 188528.877  0.19%   182 10155s
 229944 114652     cutoff   35      188893.508 188528.981  0.19%   182 10160s
 230115 114727 188792.494   41  433 188893.508 188529.052  0.19%   182 10165s
 230258 114811 188763.659   53  368 188893.508 188529.143  0.19%   182 10170s
 230348 114846 188785.619   51  358 188893.508 188529.201  0.19%   182 10175s
 230431 114862 188645.092   55  351 188893.508 188529.277  0.19%   182 10180s
 230576 114937 188746.692   44  446 188893.508 188529.377  0.19%   182 10185s
 230661 114959 188632.408   59  381 188893.508 188529.511  0.19%   182 10190s
 230787 115013 188833.160   45  377 188893.508 188529.606  0.19%   182 10195s
 230845 115022 188754.483   51  450 188893.508 188529.671  0.19%   182 10200s
 231019 115101 188762.091   53  341 188893.508 188529.743  0.19%   182 10205s
 231097 115108 188687.517   46  420 188893.508 188529.837  0.19%   182 10210s
 231239 115172 188748.416   57  303 188893.508 188529.957  0.19%   182 10215s
 231309 115186     cutoff   56      188893.508 188530.033  0.19%   182 10220s
 231414 115227 188759.260   50  412 188893.508 188530.210  0.19%   182 10225s
 231541 115265 188814.734   57  462 188893.508 188530.291  0.19%   182 10230s
 231682 115351 188788.379   69  360 188893.508 188530.320  0.19%   182 10235s
 231826 115400 188893.181   50  263 188893.508 188530.412  0.19%   182 10240s
 231891 115416     cutoff   55      188893.508 188530.500  0.19%   182 10245s
 231960 115421 188670.520   55  470 188893.508 188530.591  0.19%   182 10250s
 232118 115494 188731.686   52  418 188893.508 188530.669  0.19%   182 10255s
 232276 115568 188796.541   58  343 188893.508 188530.758  0.19%   182 10260s
 232354 115599 188858.233   49  222 188893.508 188530.823  0.19%   182 10265s
 232453 115634 188723.896   59  374 188893.508 188530.947  0.19%   182 10270s
 232560 115673 188844.062   66  242 188893.508 188531.024  0.19%   182 10275s
 232612 115674 infeasible   48      188893.508 188531.187  0.19%   182 10281s
 232744 115737 188809.902   42  285 188893.508 188531.269  0.19%   182 10285s
 232874 115796 188770.190   61  451 188893.508 188531.390  0.19%   182 10290s
 232963 115839 188635.219   58  450 188893.508 188531.450  0.19%   182 10295s
 233157 115899 188875.947   67  313 188893.508 188531.550  0.19%   182 10300s
 233282 115938 188826.658   66  444 188893.508 188531.702  0.19%   182 10305s
 233329 115936     cutoff   52      188893.508 188531.718  0.19%   182 10310s
 233439 115987     cutoff   72      188893.508 188531.767  0.19%   182 10315s
 233550 116033 188733.273   59  305 188893.508 188531.842  0.19%   182 10320s
 233668 116069 188580.441   56  450 188893.508 188531.940  0.19%   182 10325s
 233844 116179 188878.009   87  242 188893.508 188532.013  0.19%   182 10330s
 233993 116228     cutoff   45      188893.508 188532.126  0.19%   182 10335s
 234072 116257 188651.447   59  412 188893.508 188532.196  0.19%   182 10340s
 234144 116281 188843.262   41  400 188893.508 188532.234  0.19%   182 10345s
 234280 116327 188723.720   67  466 188893.508 188532.367  0.19%   182 10350s
 234376 116366 188863.292   69  271 188893.508 188532.435  0.19%   182 10355s
 234482 116410 188723.638   56  395 188893.508 188532.485  0.19%   182 10360s
 234603 116463 188834.204   57  302 188893.508 188532.714  0.19%   182 10365s
 234669 116480 188792.837   69  271 188893.508 188532.872  0.19%   182 10370s
 234760 116512 188662.942   73  406 188893.508 188532.928  0.19%   182 10375s
 234887 116567 188800.460   59  290 188893.508 188533.065  0.19%   182 10380s
 235029 116612     cutoff   55      188893.508 188533.114  0.19%   182 10385s
 235158 116666 188699.008   48  469 188893.508 188533.149  0.19%   182 10390s
 235262 116702 188685.733   49  307 188893.508 188533.253  0.19%   182 10395s
 235375 116727     cutoff   35      188893.508 188533.335  0.19%   182 10400s
 235470 116763 188814.751   75  361 188893.508 188533.422  0.19%   182 10405s
 235583 116793 188745.616   83  470 188893.508 188533.510  0.19%   182 10410s
 235688 116838 188716.364   49  421 188893.508 188533.583  0.19%   182 10415s
 235830 116885 188869.128   61  328 188893.508 188533.616  0.19%   182 10420s
 235955 116945 188723.663   58  379 188893.508 188533.717  0.19%   182 10425s
 236138 117018     cutoff   71      188893.508 188533.859  0.19%   182 10430s
 236277 117080 188670.577   57  340 188893.508 188533.953  0.19%   182 10435s
 236377 117115 188800.277   52  357 188893.508 188534.058  0.19%   182 10440s
 236459 117134 188752.134   57  387 188893.508 188534.111  0.19%   182 10445s
 236554 117144     cutoff   53      188893.508 188534.299  0.19%   182 10450s
 236698 117192     cutoff   45      188893.508 188534.480  0.19%   182 10455s
 236814 117244 188768.130   42  407 188893.508 188534.561  0.19%   182 10460s
 236959 117314     cutoff   67      188893.508 188534.686  0.19%   182 10465s
 237077 117359     cutoff   44      188893.508 188534.734  0.19%   182 10470s
 237141 117371 188680.701   52  465 188893.508 188534.793  0.19%   182 10475s
 237293 117429     cutoff   52      188893.508 188534.853  0.19%   182 10480s
 237424 117494 188774.159   67  430 188893.508 188534.901  0.19%   182 10485s
 237529 117547     cutoff   61      188893.508 188534.973  0.19%   182 10490s
 237605 117554 188580.976   49  431 188893.508 188535.093  0.19%   182 10495s
 237776 117654 188641.127   50  463 188893.508 188535.193  0.19%   182 10500s
 237907 117716 188849.976   71  342 188893.508 188535.232  0.19%   182 10505s
 238023 117755 188585.336   59  432 188893.508 188535.326  0.19%   182 10510s
 238119 117782 188766.909   57  365 188893.508 188535.509  0.19%   182 10515s
 238232 117832 188855.598   74  170 188893.508 188535.562  0.19%   182 10520s
 238334 117874 188764.124   71  374 188893.508 188535.638  0.19%   182 10525s
 238461 117939     cutoff   66      188893.508 188535.701  0.19%   182 10530s
 238599 117994     cutoff   67      188893.508 188535.861  0.19%   182 10535s
 238725 118024 188785.419   67  385 188893.508 188535.930  0.19%   182 10540s
 238794 118039 188638.658   49  504 188893.508 188536.044  0.19%   182 10545s
 238870 118070 188859.206   56  255 188893.508 188536.079  0.19%   182 10550s
 239050 118162 188824.215   55  300 188893.508 188536.106  0.19%   182 10555s
 239137 118184 188696.581   57  332 188893.508 188536.221  0.19%   182 10560s
 239299 118263 188771.338   57  332 188893.508 188536.267  0.19%   182 10565s
 239442 118312 188756.274   44  467 188893.508 188536.336  0.19%   182 10570s
 239531 118331 188705.172   48  331 188893.508 188536.395  0.19%   182 10575s
 239713 118420 188658.585   53  403 188893.508 188536.468  0.19%   182 10580s
 239841 118487 188848.984   88  316 188893.508 188536.606  0.19%   182 10585s
 239954 118503 188637.597   69  397 188893.508 188536.741  0.19%   182 10590s
 240122 118598 188752.975   59  424 188893.508 188536.816  0.19%   182 10595s
 240239 118638 188728.529   66  377 188893.508 188536.915  0.19%   182 10600s
 240347 118669     cutoff   58      188893.508 188536.997  0.19%   182 10605s
 240448 118715     cutoff   53      188893.508 188537.104  0.19%   182 10610s
 240622 118797 188616.927   51  362 188893.508 188537.180  0.19%   182 10615s
 240714 118824     cutoff   40      188893.508 188537.254  0.19%   182 10620s
 240840 118869     cutoff   39      188893.508 188537.288  0.19%   182 10625s
 240938 118901 188853.054   68  214 188893.508 188537.365  0.19%   182 10630s
 241023 118918 188815.721   58  424 188893.508 188537.451  0.19%   182 10635s
 241098 118938 188826.983   40  297 188893.508 188537.536  0.19%   182 10640s
 241219 118983     cutoff   46      188893.508 188537.606  0.19%   182 10645s
 241339 119030 188664.544   66  353 188893.508 188537.666  0.19%   182 10650s
 241464 119082 188589.280   63  393 188893.508 188537.736  0.19%   182 10655s
 241547 119116 188638.977   37  419 188893.508 188537.854  0.19%   182 10660s
 241640 119158 188821.449   67  348 188893.508 188537.883  0.19%   182 10665s
 241763 119193 188677.026   42  479 188893.508 188537.992  0.19%   182 10670s
 241851 119232 188865.927   78  348 188893.508 188538.112  0.19%   182 10675s
 241936 119246     cutoff   54      188893.508 188538.198  0.19%   182 10680s
 242017 119278 188827.740   72  218 188893.508 188538.218  0.19%   182 10685s
 242151 119324 188734.176   47  387 188893.508 188538.366  0.19%   182 10690s
 242238 119360 188799.356   77  350 188893.508 188538.517  0.19%   182 10695s
 242333 119398 188797.106   47  289 188893.508 188538.567  0.19%   182 10700s
 242425 119435 188782.933   57  397 188893.508 188538.633  0.19%   182 10705s
 242595 119537 188792.714   59  296 188893.508 188538.704  0.19%   182 10710s
 242676 119559 188637.751   42  399 188893.508 188538.849  0.19%   182 10715s
 242776 119587 188838.022   48  482 188893.508 188538.899  0.19%   182 10720s
 242854 119585     cutoff   63      188893.508 188538.990  0.19%   182 10725s
 243014 119646 188624.216   68  416 188893.508 188539.068  0.19%   182 10730s
 243154 119734 188688.531   52  321 188893.508 188539.132  0.19%   182 10735s
 243251 119772 188798.867   54  339 188893.508 188539.163  0.19%   182 10740s
 243353 119814 188885.331   49  355 188893.508 188539.248  0.19%   182 10745s
 243486 119864 188764.746   62  271 188893.508 188539.315  0.19%   182 10750s
 243612 119916 188848.503   55  390 188893.508 188539.411  0.19%   182 10755s
 243674 119937 188595.207   47  355 188893.508 188539.490  0.19%   182 10763s
 243714 119959     cutoff   49      188893.508 188539.509  0.19%   182 10765s
 243838 120040 188646.537   56  349 188893.508 188539.608  0.19%   182 10770s
 243926 120056 188838.031   54  440 188893.508 188539.754  0.19%   182 10775s
 244035 120104 188678.527   54  447 188893.508 188539.826  0.19%   182 10780s
 244181 120150     cutoff   55      188893.508 188539.924  0.19%   182 10785s
 244280 120193 188699.017   51  457 188893.508 188539.993  0.19%   182 10790s
 244407 120225     cutoff   74      188893.508 188540.118  0.19%   182 10795s
 244488 120258 188840.602   52  276 188893.508 188540.196  0.19%   182 10800s
 244641 120336     cutoff   42      188893.508 188540.265  0.19%   182 10805s
 244777 120416 188786.396   72  321 188893.508 188540.312  0.19%   182 10810s
 244891 120461     cutoff   52      188893.508 188540.371  0.19%   182 10815s
 245013 120523     cutoff   56      188893.508 188540.494  0.19%   182 10820s
 245147 120583 188868.172   70  313 188893.508 188540.541  0.19%   182 10825s
 245268 120623 188814.543   75  347 188893.508 188540.626  0.19%   182 10830s
 245368 120662     cutoff   40      188893.508 188540.785  0.19%   182 10835s
 245515 120755 infeasible   43      188893.508 188540.853  0.19%   182 10840s
 245594 120775     cutoff   53      188893.508 188540.921  0.19%   182 10845s
 245746 120833 188832.711   62  405 188893.508 188540.973  0.19%   182 10850s
 245834 120867 188860.378   49  282 188893.508 188541.103  0.19%   182 10855s
 245925 120889 188847.157   66  329 188893.508 188541.198  0.19%   182 10860s
 246042 120947 188766.763   54  404 188893.508 188541.293  0.19%   182 10865s
 246134 120960 188625.423   62  401 188893.508 188541.385  0.19%   182 10870s
 246287 121058 188837.856   93  224 188893.508 188541.461  0.19%   182 10875s
 246368 121064     cutoff   67      188893.508 188541.579  0.19%   182 10880s
 246492 121117 188725.937   91  314 188893.508 188541.697  0.19%   182 10885s
 246604 121154     cutoff   74      188893.508 188541.856  0.19%   182 10890s
 246751 121228 188872.476   74  342 188893.508 188541.953  0.19%   182 10895s
 246853 121275 188735.270   35  391 188893.508 188541.991  0.19%   182 10900s
 246939 121288 infeasible   63      188893.508 188542.118  0.19%   182 10905s
 247050 121345 188773.870   59  468 188893.508 188542.167  0.19%   182 10910s
 247160 121399 188681.015   59  425 188893.508 188542.248  0.19%   182 10915s
 247279 121454 188799.793   51  401 188893.508 188542.352  0.19%   182 10920s
 247441 121553     cutoff   71      188893.508 188542.419  0.19%   182 10925s
 247543 121592 188736.116   48  472 188893.508 188542.439  0.19%   182 10930s
 247741 121693 188604.597   50  458 188893.508 188542.473  0.19%   182 10935s
 247884 121769 infeasible   40      188893.508 188542.497  0.19%   182 10940s
 247982 121800 188855.912   43  406 188893.508 188542.566  0.19%   182 10945s
 248075 121806 infeasible   51      188893.508 188542.594  0.19%   182 10950s
 248202 121864 188638.785   47  346 188893.508 188542.662  0.19%   182 10955s
 248276 121894 188614.106   25  420 188893.508 188542.682  0.19%   182 10960s
 248430 121969 188823.899   39  377 188893.508 188542.779  0.19%   182 10965s
 248526 122003     cutoff   37      188893.508 188542.831  0.19%   182 10970s
 248573 122004 188718.624   44  344 188893.508 188542.907  0.19%   182 10975s
 248674 122029 188703.805   60  359 188893.508 188542.988  0.19%   182 10980s
 248766 122072 188632.229   55  411 188893.508 188543.087  0.19%   182 10985s
 248975 122203 188857.232   91  343 188893.508 188543.128  0.19%   182 10990s
 249071 122241 188756.309   50  313 188893.508 188543.227  0.19%   182 10995s
 249161 122279 188702.849   53  411 188893.508 188543.339  0.19%   182 11000s
 249319 122375 188801.022   48  346 188893.508 188543.418  0.19%   182 11005s
 249440 122450 188866.013   55  264 188893.508 188543.461  0.19%   182 11010s
 249527 122461 188719.147   52  466 188893.508 188543.576  0.19%   182 11015s
 249661 122492 188675.068   64  329 188893.508 188543.649  0.19%   182 11020s
 249862 122630 188727.448   69  321 188893.508 188543.697  0.19%   182 11025s
 249991 122689 188646.368   64  410 188893.508 188543.795  0.19%   181 11030s
 250099 122725     cutoff   58      188893.508 188543.884  0.19%   182 11035s
 250225 122792 188884.629   59  294 188893.508 188543.931  0.19%   181 11040s
 250368 122830 188719.635   70  355 188893.508 188543.996  0.19%   181 11045s
 250512 122902 188699.246   48  449 188893.508 188544.111  0.18%   181 11050s
 250575 122908 188887.753   52  393 188893.508 188544.210  0.18%   181 11055s
 250681 122953 infeasible   69      188893.508 188544.318  0.18%   181 11060s
 250790 123008 188787.965   47  315 188893.508 188544.388  0.18%   181 11065s
 250927 123050 188742.708   42  379 188893.508 188544.503  0.18%   181 11070s
 251027 123084     cutoff   51      188893.508 188544.572  0.18%   181 11075s
 251197 123147     cutoff   61      188893.508 188544.616  0.18%   181 11080s
 251257 123182 188763.606   57  298 188893.508 188544.679  0.18%   181 11085s
 251367 123238 188816.702   64  325 188893.508 188544.771  0.18%   181 11090s
 251472 123260     cutoff   58      188893.508 188544.854  0.18%   181 11095s
 251538 123300 188671.893   60  464 188893.508 188544.946  0.18%   181 11100s
 251678 123358 188635.911   40  478 188893.508 188545.039  0.18%   181 11105s
 251801 123381 188649.417   34  305 188893.508 188545.077  0.18%   181 11110s
 251886 123397 188738.321   47  399 188893.508 188545.148  0.18%   181 11115s
 252050 123457 188734.292   53  371 188893.508 188545.214  0.18%   181 11120s
 252173 123532 188725.459   59  415 188893.508 188545.245  0.18%   181 11125s
 252288 123571 188824.082   49  335 188893.508 188545.317  0.18%   181 11130s
 252369 123607 188723.886   42  420 188893.508 188545.398  0.18%   181 11135s
 252504 123658 188819.114   60  286 188893.508 188545.467  0.18%   181 11140s
 252644 123739     cutoff   95      188893.508 188545.478  0.18%   181 11145s
 252805 123809 188661.980   44  459 188893.508 188545.504  0.18%   181 11150s
 252913 123861 188883.619   71  349 188893.508 188545.561  0.18%   181 11155s
 253057 123917 188633.202   49  439 188893.508 188545.644  0.18%   181 11160s
 253193 123998 188808.922   62  375 188893.508 188545.685  0.18%   181 11165s
 253271 124030 188742.717   55  465 188893.508 188545.728  0.18%   181 11170s
 253406 124062 188845.458   79  270 188893.508 188545.760  0.18%   181 11175s
 253553 124119 188794.709   50  317 188893.508 188545.859  0.18%   181 11180s
 253653 124127 188771.348   63  441 188893.508 188546.010  0.18%   181 11185s
 253734 124159 188817.910   49  361 188893.508 188546.130  0.18%   181 11190s
 253860 124193 188673.721   68  364 188893.508 188546.196  0.18%   181 11195s
 253963 124239 infeasible   57      188893.508 188546.225  0.18%   181 11200s
 254064 124275 188862.648   62  392 188893.508 188546.249  0.18%   181 11205s
 254172 124307 infeasible   68      188893.508 188546.278  0.18%   181 11210s
 254306 124363 188831.975   46  351 188893.508 188546.386  0.18%   181 11215s
 254460 124428 188754.465   43  420 188893.508 188546.463  0.18%   181 11220s
 254612 124522 188796.913   72  238 188893.508 188546.527  0.18%   181 11225s
 254751 124575 188754.710   59  394 188893.508 188546.596  0.18%   181 11230s
 254915 124661 188711.161   61  401 188893.508 188546.646  0.18%   181 11235s
 255034 124708 188791.155   78  356 188893.508 188546.742  0.18%   181 11240s
 255199 124765     cutoff   50      188893.508 188546.772  0.18%   181 11245s
 255289 124785 188758.739   58  283 188893.508 188546.814  0.18%   181 11250s
 255366 124796 188825.132   68  344 188893.508 188546.913  0.18%   181 11255s
 255502 124859     cutoff   60      188893.508 188547.008  0.18%   181 11260s
 255654 124917 188753.986   47  474 188893.508 188547.098  0.18%   181 11265s
 255757 124960 188853.666   49  318 188893.508 188547.175  0.18%   181 11270s
 255836 124989 188761.168   63  277 188893.508 188547.276  0.18%   181 11275s
 255913 124995 188839.919   57  406 188893.508 188547.333  0.18%   181 11280s
 256011 125030     cutoff   55      188893.508 188547.431  0.18%   181 11285s
 256138 125105 188872.732   78  267 188893.508 188547.512  0.18%   181 11290s
 256278 125174 188741.539   43  374 188893.508 188547.593  0.18%   181 11295s
 256392 125228 188723.722   65  349 188893.508 188547.659  0.18%   181 11300s
 256539 125307 188639.476   39  470 188893.508 188547.738  0.18%   181 11305s
 256705 125383 188834.838   71  326 188893.508 188547.806  0.18%   181 11310s
 256865 125447 188706.862   66  312 188893.508 188547.879  0.18%   181 11315s
 256980 125492     cutoff   51      188893.508 188547.929  0.18%   181 11320s
 257113 125533 188689.659   56  291 188893.508 188548.004  0.18%   181 11325s
 257229 125581 188827.201   79  301 188893.508 188548.044  0.18%   181 11330s
 257361 125632 188878.265   30  343 188893.508 188548.145  0.18%   181 11335s
 257427 125644 188687.773   49  481 188893.508 188548.216  0.18%   181 11340s
 257512 125685     cutoff   53      188893.508 188548.265  0.18%   181 11345s
 257634 125746 188789.561   43  329 188893.508 188548.331  0.18%   181 11350s
 257752 125803 188825.666   56  279 188893.508 188548.395  0.18%   181 11355s
 257852 125845 188797.465   56  384 188893.508 188548.498  0.18%   181 11360s
 257963 125893     cutoff   56      188893.508 188548.599  0.18%   181 11365s
 258119 125974 188803.492   59  450 188893.508 188548.673  0.18%   181 11370s
 258273 126029     cutoff   56      188893.508 188548.708  0.18%   181 11375s
 258464 126113 188672.412   46  376 188893.508 188548.795  0.18%   181 11380s
 258618 126184 188659.472   45  386 188893.508 188548.842  0.18%   181 11385s
 258727 126213     cutoff   57      188893.508 188548.894  0.18%   181 11391s
 258778 126224 188747.050   59  414 188893.508 188549.008  0.18%   181 11395s
 258882 126259 188743.135   56  426 188893.508 188549.050  0.18%   181 11400s
 259045 126348 188831.109   70  263 188893.508 188549.089  0.18%   181 11405s
 259156 126388 188864.889   52  178 188893.508 188549.200  0.18%   181 11410s
 259252 126434 188798.051   70  379 188893.508 188549.223  0.18%   181 11415s
 259289 126434 188783.730   61  488 188893.508 188549.309  0.18%   181 11441s
 259356 126457 188821.221   63  285 188893.508 188549.370  0.18%   181 11445s
 259498 126530 188847.544   74  335 188893.508 188549.407  0.18%   181 11450s
 259601 126569 188870.541   39  468 188893.508 188549.496  0.18%   181 11455s
 259751 126614 188780.277   85  325 188893.508 188549.548  0.18%   181 11460s
 259903 126701 infeasible   47      188893.508 188549.598  0.18%   181 11465s
 260025 126751 188830.517   64  374 188893.508 188549.680  0.18%   181 11470s
 260204 126850 188852.991   77  345 188893.508 188549.718  0.18%   181 11475s
 260293 126870 188860.365   78  364 188893.508 188549.781  0.18%   181 11480s
 260373 126882 188715.066   36  357 188893.508 188549.890  0.18%   181 11485s
 260462 126909 188710.094   57  354 188893.508 188549.974  0.18%   181 11490s
 260574 126933 188723.857   49  308 188893.508 188550.070  0.18%   181 11495s
 260647 126945 188777.241   59  378 188893.508 188550.113  0.18%   181 11500s
 260777 127010 188855.573   80  340 188893.508 188550.166  0.18%   181 11505s
 260895 127078 188785.559   47  463 188893.508 188550.230  0.18%   181 11510s
 261020 127114 188881.419   68  262 188893.508 188550.299  0.18%   181 11515s
 261104 127138 188859.850   77  439 188893.508 188550.342  0.18%   181 11520s
 261182 127162     cutoff   55      188893.508 188550.421  0.18%   181 11525s
 261241 127173 188587.243   56  389 188893.508 188550.456  0.18%   181 11530s
 261438 127284 188590.058   55  328 188893.508 188550.489  0.18%   181 11535s
 261589 127346     cutoff   78      188893.508 188550.599  0.18%   181 11540s
 261729 127424 188770.525   82  325 188893.508 188550.674  0.18%   181 11545s
 261879 127489 188844.619   60  386 188893.508 188550.823  0.18%   181 11550s
 261972 127522 188676.539   41  440 188893.508 188550.917  0.18%   181 11555s
 262097 127570 188868.788   61  342 188893.508 188550.974  0.18%   181 11560s
 262214 127599 188702.593   54  408 188893.508 188551.061  0.18%   181 11565s
 262394 127700     cutoff   60      188893.508 188551.138  0.18%   181 11570s
 262524 127756 188882.314   86  262 188893.508 188551.161  0.18%   181 11575s
 262640 127804 188786.816   66  279 188893.508 188551.226  0.18%   181 11580s
 262763 127852 188705.948   68  316 188893.508 188551.270  0.18%   181 11585s
 262915 127883 188737.845   52  381 188893.508 188551.410  0.18%   181 11590s
 263062 127945 188856.783   69  432 188893.508 188551.449  0.18%   181 11595s
 263208 128013 188647.261   41  427 188893.508 188551.494  0.18%   181 11600s
 263292 128032 188660.311   54  361 188893.508 188551.562  0.18%   181 11605s
 263413 128088 188716.298   54  491 188893.508 188551.619  0.18%   181 11610s
 263468 128090 188699.675   49  495 188893.508 188551.694  0.18%   181 11615s
 263627 128167 188701.363   58  309 188893.508 188551.732  0.18%   181 11620s
 263751 128213 188784.983   55  455 188893.508 188551.762  0.18%   181 11625s
 263902 128294 188847.479   49  280 188893.508 188551.814  0.18%   181 11630s
 264080 128348     cutoff   59      188893.508 188551.857  0.18%   181 11635s
 264192 128386 188626.595   55  402 188893.508 188551.964  0.18%   181 11640s
 264308 128466 188736.632   70  307 188893.508 188551.982  0.18%   181 11645s
 264429 128524 188736.749   42  442 188893.508 188552.078  0.18%   181 11650s
 264524 128550 188721.307   62  381 188893.508 188552.173  0.18%   181 11655s
 264613 128590 188837.636   69  300 188893.508 188552.258  0.18%   181 11660s
 264751 128623 188765.009   46  286 188893.508 188552.341  0.18%   181 11665s
 264874 128661 188612.530   38  438 188893.508 188552.439  0.18%   181 11670s
 265001 128715 188614.581   62  463 188893.508 188552.478  0.18%   181 11675s
 265176 128825 188612.390   61  419 188893.508 188552.527  0.18%   180 11680s
 265290 128883     cutoff   56      188893.508 188552.614  0.18%   180 11685s
 265396 128920 188677.410   58  306 188893.508 188552.671  0.18%   180 11690s
 265512 128942 188701.453   42  462 188893.508 188552.721  0.18%   180 11695s
 265661 129019     cutoff   35      188893.508 188552.760  0.18%   180 11700s
 265704 129031     cutoff   38      188893.508 188552.805  0.18%   180 11705s
 265867 129106     cutoff   50      188893.508 188552.970  0.18%   180 11710s
 265997 129170 188700.917   78  345 188893.508 188553.046  0.18%   180 11715s
 266113 129204 188634.011   65  330 188893.508 188553.098  0.18%   180 11720s
 266202 129235 188696.944   72  408 188893.508 188553.146  0.18%   180 11725s
 266265 129246     cutoff   51      188893.508 188553.206  0.18%   180 11730s
 266361 129285     cutoff   43      188893.508 188553.251  0.18%   180 11735s
 266463 129323     cutoff   89      188893.508 188553.282  0.18%   180 11740s
 266570 129359 188871.776   67  395 188893.508 188553.325  0.18%   180 11745s
 266720 129447 188805.843   78  326 188893.508 188553.397  0.18%   180 11750s
 266744 129459 188711.885   41  465 188893.508 188553.413  0.18%   180 11755s
 266906 129515 188776.525   63  411 188893.508 188553.523  0.18%   180 11760s
 267017 129572 188680.659   54  370 188893.508 188553.550  0.18%   180 11765s
 267142 129628 188735.358   50  412 188893.508 188553.620  0.18%   180 11770s
 267270 129700     cutoff   57      188893.508 188553.711  0.18%   180 11775s
 267378 129728     cutoff   55      188893.508 188553.815  0.18%   180 11780s
 267534 129818 188795.805   69  403 188893.508 188553.865  0.18%   180 11785s
 267650 129850 188804.133   54  299 188893.508 188553.939  0.18%   180 11790s
 267766 129889 188751.140   62  283 188893.508 188554.015  0.18%   180 11795s
 267914 129955 188611.303   58  362 188893.508 188554.091  0.18%   180 11800s
 268051 130006 188735.336   52  390 188893.508 188554.153  0.18%   180 11805s
 268166 130071 188700.360   47  376 188893.508 188554.165  0.18%   180 11810s
 268237 130080 188769.926   37  457 188893.508 188554.200  0.18%   180 11815s
 268347 130108     cutoff   60      188893.508 188554.254  0.18%   180 11820s
 268457 130168 188779.712   71  342 188893.508 188554.351  0.18%   180 11825s
 268558 130204 188767.759   69  374 188893.508 188554.400  0.18%   180 11830s
 268668 130256     cutoff   66      188893.508 188554.425  0.18%   180 11835s
 268764 130290 188801.737  105  335 188893.508 188554.513  0.18%   180 11840s
 268925 130368 188731.106   51  459 188893.508 188554.564  0.18%   180 11845s
 269040 130397 188837.304   51  352 188893.508 188554.594  0.18%   180 11850s
 269151 130437 188736.026   56  325 188893.508 188554.665  0.18%   180 11855s
 269286 130484 188796.240   46  452 188893.508 188554.724  0.18%   180 11860s
 269396 130528 188802.261   48  366 188893.508 188554.794  0.18%   180 11865s
 269522 130594 188892.133   72  254 188893.508 188554.812  0.18%   180 11870s
 269622 130637     cutoff   44      188893.508 188554.862  0.18%   180 11875s
 269761 130674 188813.506   79  339 188893.508 188554.923  0.18%   180 11880s
 269784 130676 188838.440   57  414 188893.508 188555.013  0.18%   180 11885s
 269891 130710 188661.985   72  360 188893.508 188555.085  0.18%   180 11890s
 269959 130731 188884.507   37  399 188893.508 188555.108  0.18%   180 11895s
 270065 130764 188801.344   56  298 188893.508 188555.187  0.18%   180 11900s
 270190 130828 188822.561   70  327 188893.508 188555.252  0.18%   180 11905s
 270328 130873 188654.458   44  307 188893.508 188555.351  0.18%   180 11910s
 270475 130920     cutoff   71      188893.508 188555.455  0.18%   180 11915s
 270637 131005     cutoff   48      188893.508 188555.501  0.18%   180 11920s
 270691 131015 188730.859   55  440 188893.508 188555.589  0.18%   180 11925s
 270757 131043 188738.118   53  365 188893.508 188555.651  0.18%   180 11930s
 270866 131077 188560.814   45  351 188893.508 188555.718  0.18%   180 11935s
 271031 131151 188887.823   47  418 188893.508 188555.808  0.18%   180 11940s
 271111 131182     cutoff   47      188893.508 188555.859  0.18%   180 11945s
 271234 131236 188640.466   38  431 188893.508 188555.930  0.18%   180 11950s
 271378 131263     cutoff   48      188893.508 188555.970  0.18%   180 11955s
 271542 131364 188763.725   64  351 188893.508 188556.036  0.18%   180 11960s
 271678 131420 188624.141   44  463 188893.508 188556.148  0.18%   180 11965s
 271822 131488 188792.574   68  248 188893.508 188556.211  0.18%   180 11970s
 271999 131562 188661.466   57  406 188893.508 188556.279  0.18%   180 11975s
 272163 131633 188846.328   42  380 188893.508 188556.316  0.18%   180 11980s
 272248 131649 188881.406   53  341 188893.508 188556.366  0.18%   180 11985s
 272344 131670 188874.177   56  280 188893.508 188556.458  0.18%   180 11990s
 272459 131723 188876.934   58  271 188893.508 188556.539  0.18%   180 11995s
 272614 131792 188633.605   63  295 188893.508 188556.591  0.18%   180 12000s
 272697 131812     cutoff   41      188893.508 188556.655  0.18%   180 12005s
 272768 131820 188819.959   62  378 188893.508 188556.746  0.18%   180 12010s
 272910 131889 188817.712   90  254 188893.508 188556.810  0.18%   180 12015s
 272961 131898 188783.142   63  387 188893.508 188556.870  0.18%   180 12020s
 273099 131927     cutoff   66      188893.508 188556.937  0.18%   180 12025s
 273229 131989 188696.940   47  439 188893.508 188557.001  0.18%   180 12030s
 273346 132050 188598.378   51  441 188893.508 188557.043  0.18%   180 12035s
 273453 132105 188847.746   68  407 188893.508 188557.071  0.18%   180 12040s
 273614 132190 188778.422   54  362 188893.508 188557.129  0.18%   180 12045s
 273764 132265 188654.824   52  431 188893.508 188557.208  0.18%   180 12050s
 273887 132313 188777.887   46  343 188893.508 188557.271  0.18%   180 12055s
 273998 132344 188703.812   45  457 188893.508 188557.320  0.18%   180 12060s
 274143 132441 188787.508   76  323 188893.508 188557.360  0.18%   180 12065s
 274323 132523     cutoff   57      188893.508 188557.419  0.18%   180 12070s
 274365 132516     cutoff   54      188893.508 188557.519  0.18%   180 12075s
 274405 132517 188660.405   69  368 188893.508 188557.578  0.18%   180 12080s
 274537 132564 188641.212   43  455 188893.508 188557.664  0.18%   180 12085s
 274639 132604     cutoff   41      188893.508 188557.720  0.18%   180 12090s
 274716 132644 188783.618   70  441 188893.508 188557.815  0.18%   180 12095s
 274838 132696     cutoff   58      188893.508 188557.856  0.18%   180 12100s
 274854 132704 188719.849   53  403 188893.508 188557.872  0.18%   180 12114s
 274859 132709 188752.202   58  381 188893.508 188557.872  0.18%   180 12116s
 274943 132742 188617.114   51  427 188893.508 188557.935  0.18%   180 12120s
 275095 132807     cutoff   69      188893.508 188557.962  0.18%   180 12125s
 275257 132902 infeasible   44      188893.508 188558.018  0.18%   180 12130s
 275387 132964 188707.345   66  355 188893.508 188558.065  0.18%   180 12135s
 275529 133028 188604.977   49  475 188893.508 188558.195  0.18%   180 12140s
 275614 133044     cutoff   55      188893.508 188558.261  0.18%   180 12145s
 275756 133098 188790.965   70  271 188893.508 188558.289  0.18%   180 12150s
 275884 133120 188745.543   58  506 188893.508 188558.374  0.18%   180 12155s
 276039 133192 188728.488   51  481 188893.508 188558.391  0.18%   180 12160s
 276158 133241 188613.479   50  457 188893.508 188558.426  0.18%   180 12165s
 276225 133281     cutoff   50      188893.508 188558.439  0.18%   180 12170s
 276395 133338 188693.731   67  343 188893.508 188558.485  0.18%   180 12175s
 276501 133381 188765.640   66  397 188893.508 188558.541  0.18%   180 12180s
 276616 133442 188656.923   33  407 188893.508 188558.583  0.18%   180 12185s
 276754 133521 188803.955   59  441 188893.508 188558.656  0.18%   180 12190s
 276919 133580     cutoff   62      188893.508 188558.725  0.18%   180 12195s
 277003 133602 188887.353   50  383 188893.508 188558.778  0.18%   180 12200s
 277145 133675 188628.090   52  349 188893.508 188558.825  0.18%   180 12205s
 277235 133732     cutoff   57      188893.508 188558.858  0.18%   180 12210s
 277374 133784 188743.498   60  304 188893.508 188558.946  0.18%   180 12215s
 277524 133869 188834.699   68  348 188893.508 188559.071  0.18%   180 12220s
 277606 133894     cutoff   54      188893.508 188559.122  0.18%   180 12225s
 277697 133936 188705.898   44  489 188893.508 188559.142  0.18%   180 12230s
 277850 134005     cutoff   35      188893.508 188559.208  0.18%   180 12235s
 277997 134062     cutoff   59      188893.508 188559.296  0.18%   180 12240s
 278085 134082 188669.951   52  405 188893.508 188559.372  0.18%   180 12245s
 278196 134128 188874.330   61  362 188893.508 188559.457  0.18%   180 12250s
 278284 134157 188854.534   73  351 188893.508 188559.591  0.18%   180 12255s
 278373 134183 188888.343   72  229 188893.508 188559.682  0.18%   180 12260s
 278545 134215 188788.938   57  274 188893.508 188559.739  0.18%   180 12265s
 278652 134281 188821.434   49  276 188893.508 188559.760  0.18%   180 12270s
 278724 134298 188631.670   32  424 188893.508 188559.827  0.18%   180 12275s
 278867 134333 188778.463   74  333 188893.508 188559.893  0.18%   180 12280s
 279015 134407     cutoff   72      188893.508 188559.968  0.18%   180 12285s
 279140 134461     cutoff   58      188893.508 188560.014  0.18%   180 12290s
 279243 134505 188757.011   43  426 188893.508 188560.121  0.18%   180 12295s
 279345 134549     cutoff   65      188893.508 188560.166  0.18%   180 12300s
 279452 134611     cutoff   98      188893.508 188560.255  0.18%   180 12305s
 279587 134671 188762.676   48  463 188893.508 188560.318  0.18%   180 12310s
 279640 134676     cutoff   29      188893.508 188560.346  0.18%   180 12315s
 279755 134739 188670.761   64  353 188893.508 188560.435  0.18%   180 12320s
 279926 134820 188807.774   64  238 188893.508 188560.503  0.18%   180 12325s
 280036 134862     cutoff   50      188893.508 188560.557  0.18%   180 12330s
 280146 134905     cutoff   85      188893.508 188560.614  0.18%   180 12335s
 280242 134943 188614.988   50  450 188893.508 188560.668  0.18%   180 12340s
 280354 135003 188752.043   65  425 188893.508 188560.725  0.18%   180 12365s
 280444 135013 188865.209   46  372 188893.508 188560.757  0.18%   180 12370s
 280545 135033     cutoff   41      188893.508 188560.880  0.18%   180 12375s
 280618 135056 188862.389   55  294 188893.508 188560.960  0.18%   180 12380s
 280720 135108 188765.101   72  372 188893.508 188561.006  0.18%   180 12385s
 280829 135134 188706.512   56  430 188893.508 188561.074  0.18%   180 12390s
 280958 135184 188838.734   44  436 188893.508 188561.114  0.18%   180 12395s
 281069 135230 188633.399   65  398 188893.508 188561.160  0.18%   180 12400s
 281194 135249 188787.632   49  318 188893.508 188561.245  0.18%   180 12407s
 281235 135261     cutoff   66      188893.508 188561.281  0.18%   180 12410s
 281349 135306 188711.263   44  382 188893.508 188561.356  0.18%   180 12415s
 281509 135399     cutoff   58      188893.508 188561.431  0.18%   180 12420s
 281590 135427     cutoff   51      188893.508 188561.485  0.18%   180 12425s
 281694 135460 188806.904   56  457 188893.508 188561.587  0.18%   180 12430s
 281770 135486 188745.414   62  377 188893.508 188561.698  0.18%   180 12435s
 281882 135505 188647.843   44  489 188893.508 188561.725  0.18%   180 12440s
 282088 135620 188878.218   64  249 188893.508 188561.770  0.18%   180 12445s
 282212 135663 188695.354   76  288 188893.508 188561.835  0.18%   180 12450s
 282293 135679     cutoff   63      188893.508 188561.925  0.18%   180 12455s
 282357 135685 188584.737   50  444 188893.508 188562.035  0.18%   180 12460s
 282455 135727 188643.237   49  417 188893.508 188562.091  0.18%   180 12465s
 282564 135781 188725.887   70  392 188893.508 188562.144  0.18%   180 12470s
 282707 135830     cutoff   48      188893.508 188562.187  0.18%   180 12475s
 282775 135832 188691.402   71  400 188893.508 188562.297  0.18%   180 12480s
 282875 135868     cutoff   57      188893.508 188562.335  0.18%   180 12485s
 282998 135941 188759.573   50  296 188893.508 188562.372  0.18%   180 12490s
 283063 135958 188776.062   62  346 188893.508 188562.474  0.18%   180 12495s
 283221 136012     cutoff   65      188893.508 188562.577  0.18%   180 12500s
 283315 136046     cutoff   48      188893.508 188562.635  0.18%   180 12505s
 283442 136098     cutoff   64      188893.508 188562.683  0.18%   180 12510s
 283589 136148 188690.984   64  324 188893.508 188562.709  0.18%   180 12515s
 283769 136235 188848.027   55  405 188893.508 188562.758  0.18%   180 12520s
 283932 136335 188675.890   61  389 188893.508 188562.826  0.18%   180 12525s
 284110 136431 188722.427   60  398 188893.508 188562.899  0.18%   180 12530s
 284171 136447 188754.594   55  363 188893.508 188563.040  0.17%   180 12535s
 284291 136500 188842.052   89  276 188893.508 188563.108  0.17%   180 12540s
 284414 136565 infeasible   65      188893.508 188563.138  0.17%   179 12545s
 284541 136596     cutoff   55      188893.508 188563.201  0.17%   180 12550s
 284639 136627 188867.112   58  296 188893.508 188563.325  0.17%   180 12555s
 284775 136695     cutoff   63      188893.508 188563.369  0.17%   180 12560s
 284890 136736 188786.507   66  379 188893.508 188563.525  0.17%   180 12565s
 285010 136769     cutoff   60      188893.508 188563.616  0.17%   179 12570s
 285088 136796 188838.706   64  346 188893.508 188563.671  0.17%   180 12575s
 285234 136856 188867.829   77  196 188893.508 188563.695  0.17%   179 12580s
 285347 136898     cutoff   85      188893.508 188563.755  0.17%   179 12585s
 285514 136977 188814.614   66  271 188893.508 188563.793  0.17%   179 12590s
 285644 137025 188627.023   55  425 188893.508 188563.872  0.17%   179 12595s
 285798 137083 188853.562   50  398 188893.508 188563.928  0.17%   179 12600s
 285910 137127 188854.343   65  267 188893.508 188563.999  0.17%   179 12605s
 286038 137181     cutoff   27      188893.508 188564.084  0.17%   179 12610s
 286118 137188     cutoff   49      188893.508 188564.137  0.17%   179 12615s
 286234 137245 188773.566   44  340 188893.508 188564.207  0.17%   179 12620s
 286351 137258 infeasible   75      188893.508 188564.231  0.17%   179 12625s
 286504 137330 188644.936   42  424 188893.508 188564.329  0.17%   179 12630s
 286575 137357     cutoff   60      188893.508 188564.372  0.17%   179 12635s
 286695 137393 infeasible   58      188893.508 188564.443  0.17%   179 12640s
 286860 137493 188800.389   64  405 188893.508 188564.536  0.17%   179 12645s
 286948 137489 188687.189   55  458 188893.508 188564.613  0.17%   179 12650s
 287075 137543 188768.037   54  300 188893.508 188564.656  0.17%   179 12655s
 287199 137604 188786.328   73  288 188893.508 188564.738  0.17%   179 12660s
 287304 137657 188652.693   56  425 188893.508 188564.774  0.17%   179 12665s
 287411 137711     cutoff   61      188893.508 188564.822  0.17%   179 12670s
 287532 137761 188689.610   53  318 188893.508 188564.917  0.17%   179 12675s
 287644 137805 188792.313   42  424 188893.508 188564.975  0.17%   179 12680s
 287739 137841 188790.912   64  328 188893.508 188565.007  0.17%   179 12685s
 287868 137890 188723.787   66  337 188893.508 188565.080  0.17%   179 12690s
 287984 137936 188865.650   72  346 188893.508 188565.116  0.17%   179 12695s
 288076 137960 188655.924   72  405 188893.508 188565.216  0.17%   179 12700s
 288247 138059 188755.323   51  354 188893.508 188565.266  0.17%   179 12705s
 288428 138108 188789.402   60  365 188893.508 188565.288  0.17%   179 12710s
 288525 138152 188834.661   83  304 188893.508 188565.352  0.17%   179 12715s
 288654 138185 188757.111   57  461 188893.508 188565.395  0.17%   179 12720s
 288742 138225 infeasible   42      188893.508 188565.456  0.17%   179 12725s
 288898 138294 infeasible   39      188893.508 188565.504  0.17%   179 12730s
 289028 138342     cutoff   67      188893.508 188565.621  0.17%   179 12735s
 289170 138392 188860.618   61  289 188893.508 188565.691  0.17%   179 12740s
 289273 138425 188619.811   47  463 188893.508 188565.786  0.17%   179 12745s
 289387 138493 188640.961   59  377 188893.508 188565.859  0.17%   179 12750s
 289515 138547 188880.241   56  322 188893.508 188565.912  0.17%   179 12755s
 289606 138559     cutoff   53      188893.508 188566.057  0.17%   179 12760s
 289775 138633 188795.062   66  345 188893.508 188566.136  0.17%   179 12765s
 289854 138645 188725.990   51  368 188893.508 188566.232  0.17%   179 12770s
 289999 138694 188793.459   68  371 188893.508 188566.375  0.17%   179 12775s
 290091 138730     cutoff   59      188893.508 188566.426  0.17%   179 12780s
 290184 138757 188873.823   43  322 188893.508 188566.489  0.17%   179 12785s
 290270 138780 188739.723   46  489 188893.508 188566.537  0.17%   179 12790s
 290378 138839 infeasible   87      188893.508 188566.578  0.17%   179 12795s
 290517 138873 188829.781   57  319 188893.508 188566.671  0.17%   179 12800s
 290586 138882 188762.640   43  316 188893.508 188566.744  0.17%   179 12805s
 290732 138915 188708.110   57  520 188893.508 188566.837  0.17%   179 12810s
 290794 138924     cutoff   53      188893.508 188566.875  0.17%   179 12815s
 290902 138955 188665.332   48  383 188893.508 188566.930  0.17%   179 12820s
 291050 139031 188788.608   53  192 188893.508 188567.071  0.17%   179 12825s
 291230 139075 188822.162   61  275 188893.508 188567.185  0.17%   179 12830s
 291296 139074 188699.901   44  407 188893.508 188567.291  0.17%   179 12835s
 291391 139113 188840.799   66  472 188893.508 188567.345  0.17%   179 12840s
 291515 139174     cutoff   50      188893.508 188567.440  0.17%   179 12845s
 291583 139202 188751.120   57  407 188893.508 188567.503  0.17%   179 12850s
 291663 139210     cutoff   72      188893.508 188567.618  0.17%   179 12855s
 291780 139233 188607.019   61  427 188893.508 188567.686  0.17%   179 12860s
 291896 139288 188759.118   48  443 188893.508 188567.747  0.17%   179 12865s
 292007 139326     cutoff   61      188893.508 188567.812  0.17%   179 12870s
 292124 139382 188817.882   64  420 188893.508 188567.909  0.17%   179 12875s
 292250 139456 188804.451   51  308 188893.508 188567.941  0.17%   179 12880s
 292368 139484     cutoff   55      188893.508 188568.003  0.17%   179 12885s
 292443 139517 188756.845   76  310 188893.508 188568.056  0.17%   179 12890s
 292560 139563     cutoff   87      188893.508 188568.122  0.17%   179 12895s
 292685 139613     cutoff   66      188893.508 188568.172  0.17%   179 12900s
 292851 139696 188800.046   58  302 188893.508 188568.243  0.17%   179 12905s
 292995 139736     cutoff   41      188893.508 188568.298  0.17%   179 12910s
 293118 139788 188686.267   55  358 188893.508 188568.383  0.17%   179 12915s
 293258 139837     cutoff   66      188893.508 188568.443  0.17%   179 12920s
 293365 139876 188866.263   62  361 188893.508 188568.487  0.17%   179 12925s
 293508 139937 188670.745   65  434 188893.508 188568.581  0.17%   179 12930s
 293674 140003 188670.344   48  467 188893.508 188568.652  0.17%   179 12935s
 293806 140047 infeasible   70      188893.508 188568.708  0.17%   179 12940s
 293980 140133 188622.996   54  419 188893.508 188568.756  0.17%   179 12945s
 294068 140175 188811.279   63  367 188893.508 188568.817  0.17%   179 12950s
 294200 140220 188724.884   67  424 188893.508 188568.872  0.17%   179 12955s
 294329 140281 188818.293   56  384 188893.508 188568.927  0.17%   179 12960s
 294472 140349 188661.125   39  455 188893.508 188568.973  0.17%   179 12965s
 294591 140384 188701.524   76  338 188893.508 188569.037  0.17%   179 12970s
 294665 140397     cutoff   42      188893.508 188569.119  0.17%   179 12975s
 294731 140398 188814.937   59  415 188893.508 188569.165  0.17%   179 12980s
 294846 140459 188748.080   53  394 188893.508 188569.199  0.17%   179 12985s
 294999 140539 188877.586   56  432 188893.508 188569.244  0.17%   179 12990s
 295079 140557 188826.141   43  389 188893.508 188569.337  0.17%   179 12995s
 295168 140595 188797.409   56  238 188893.508 188569.402  0.17%   179 13000s
 295279 140650 188613.876   70  427 188893.508 188569.481  0.17%   179 13005s
 295404 140715 188849.897   39  385 188893.508 188569.569  0.17%   179 13010s
 295552 140781 188696.699   55  338 188893.508 188569.607  0.17%   179 13015s
 295711 140859 188659.882   53  454 188893.508 188569.656  0.17%   179 13020s
 295785 140876 188683.521   55  395 188893.508 188569.715  0.17%   179 13025s
 295964 140989 infeasible   61      188893.508 188569.777  0.17%   179 13030s
 296089 141036 188629.355   59  415 188893.508 188569.853  0.17%   179 13035s
 296261 141141 188713.052   54  337 188893.508 188569.906  0.17%   179 13040s
 296380 141199 188819.484   77  276 188893.508 188569.937  0.17%   179 13045s
 296592 141302 188681.751   53  392 188893.508 188569.991  0.17%   179 13050s
 296753 141373 188763.225   65  357 188893.508 188570.021  0.17%   179 13055s
 296889 141422 188870.987   56  333 188893.508 188570.038  0.17%   179 13060s
 296981 141445     cutoff   57      188893.508 188570.120  0.17%   179 13065s
 297049 141453     cutoff   39      188893.508 188570.163  0.17%   179 13070s
 297153 141495 188654.319   57  417 188893.508 188570.243  0.17%   179 13075s
 297289 141537     cutoff   70      188893.508 188570.273  0.17%   179 13080s
 297379 141579 188869.790   88  311 188893.508 188570.312  0.17%   179 13085s
 297474 141616 188847.268   54  363 188893.508 188570.382  0.17%   179 13090s
 297576 141637 188620.119   57  406 188893.508 188570.440  0.17%   179 13095s
 297757 141713 188720.871   45  404 188893.508 188570.479  0.17%   179 13100s
 297928 141787 188639.509   50  365 188893.508 188570.543  0.17%   179 13105s
 298052 141838 188691.718   51  426 188893.508 188570.624  0.17%   179 13110s
 298133 141872 188861.558   53  364 188893.508 188570.637  0.17%   179 13115s
 298198 141896 188883.902   50  406 188893.508 188570.678  0.17%   179 13120s
 298309 141940 188769.658   45  430 188893.508 188570.768  0.17%   179 13125s
 298385 141961 188848.130   62  194 188893.508 188570.800  0.17%   179 13130s
 298507 142014 188758.768   43  399 188893.508 188570.858  0.17%   179 13135s
 298638 142074 188694.969   66  420 188893.508 188570.893  0.17%   179 13140s
 298770 142142     cutoff   59      188893.508 188570.960  0.17%   179 13145s
 298873 142170 188830.694   63  474 188893.508 188571.047  0.17%   179 13150s
 299012 142222     cutoff   52      188893.508 188571.110  0.17%   179 13155s
 299152 142288 188789.986   66  438 188893.508 188571.167  0.17%   179 13160s
 299216 142295 188796.979   59  305 188893.508 188571.256  0.17%   179 13165s
 299293 142302 188846.207   54  450 188893.508 188571.346  0.17%   179 13170s
 299374 142338 188800.952   64  322 188893.508 188571.364  0.17%   179 13175s
 299471 142388     cutoff   62      188893.508 188571.396  0.17%   179 13180s
 299574 142430     cutoff   45      188893.508 188571.432  0.17%   179 13185s
 299743 142530     cutoff   51      188893.508 188571.443  0.17%   179 13190s
 299797 142538 188645.241   53  526 188893.508 188571.498  0.17%   179 13195s
 299906 142582 188762.724   53  404 188893.508 188571.539  0.17%   179 13200s
 300049 142637 188690.989   57  338 188893.508 188571.633  0.17%   179 13205s
 300142 142674 188814.494   64  372 188893.508 188571.676  0.17%   179 13210s
 300220 142689 188778.753   56  426 188893.508 188571.727  0.17%   179 13215s
 300376 142746 188669.247   48  442 188893.508 188571.754  0.17%   179 13220s
 300487 142790 188680.377   63  422 188893.508 188571.795  0.17%   179 13225s
 300615 142868 188789.453   66  357 188893.508 188571.823  0.17%   179 13230s
 300729 142904     cutoff   26      188893.508 188571.884  0.17%   179 13235s
 300831 142923     cutoff   57      188893.508 188571.963  0.17%   179 13240s
 300898 142954 188712.478   73  385 188893.508 188571.984  0.17%   179 13245s
 300997 142994     cutoff   40      188893.508 188572.030  0.17%   179 13250s
 301100 143000 188646.387   44  403 188893.508 188572.117  0.17%   179 13255s
 301220 143050 188736.595   68  430 188893.508 188572.177  0.17%   179 13260s
 301410 143131 188751.898   61  382 188893.508 188572.285  0.17%   179 13265s
 301580 143178     cutoff   34      188893.508 188572.339  0.17%   179 13270s
 301704 143230 infeasible   46      188893.508 188572.383  0.17%   179 13275s
 301807 143270 188837.457   44  446 188893.508 188572.471  0.17%   179 13280s
 301880 143289 188805.294   61  398 188893.508 188572.523  0.17%   179 13285s
 302009 143322     cutoff   66      188893.508 188572.573  0.17%   179 13290s
 302134 143377     cutoff   52      188893.508 188572.713  0.17%   179 13295s
 302202 143382 188684.857   60  371 188893.508 188572.817  0.17%   179 13300s
 302357 143450 188865.064   75  275 188893.508 188572.876  0.17%   179 13305s
 302479 143501     cutoff   46      188893.508 188572.905  0.17%   179 13310s
 302644 143573     cutoff   46      188893.508 188572.947  0.17%   179 13315s
 302779 143623 188867.463   67  404 188893.508 188573.019  0.17%   179 13320s
 302895 143673 188792.393   60  439 188893.508 188573.080  0.17%   179 13325s
 303031 143734 188686.605   53  396 188893.508 188573.156  0.17%   179 13330s
 303151 143787 188730.123   59  368 188893.508 188573.214  0.17%   179 13335s
 303232 143805 188599.875   48  402 188893.508 188573.274  0.17%   179 13340s
 303385 143872 188699.571   78  297 188893.508 188573.358  0.17%   179 13345s
 303455 143880 188849.789   44  442 188893.508 188573.407  0.17%   179 13350s
 303561 143891     cutoff   52      188893.508 188573.438  0.17%   179 13355s
 303606 143895 188701.711   64  383 188893.508 188573.482  0.17%   179 13360s
 303726 143947 188703.472   45  461 188893.508 188573.547  0.17%   179 13365s
 303791 143974 188818.610   68  318 188893.508 188573.632  0.17%   179 13370s
 303885 143993 188891.209   70  337 188893.508 188573.738  0.17%   179 13375s
 303994 144005 188599.623   52  477 188893.508 188573.818  0.17%   179 13380s
 304052 144019 188846.960   60  310 188893.508 188573.867  0.17%   179 13385s
 304168 144076 188786.256   50  403 188893.508 188573.923  0.17%   179 13390s
 304267 144119 188733.971   61  411 188893.508 188574.006  0.17%   179 13395s
 304407 144199 188770.168   57  366 188893.508 188574.043  0.17%   179 13400s
 304494 144240 188870.993   54  389 188893.508 188574.080  0.17%   179 13407s
 304572 144284 188798.035   46  341 188893.508 188574.104  0.17%   179 13410s
 304674 144324 188703.516   58  339 188893.508 188574.153  0.17%   179 13415s
 304823 144381     cutoff   70      188893.508 188574.197  0.17%   179 13420s
 305000 144472     cutoff   38      188893.508 188574.283  0.17%   179 13425s
 305082 144515 188749.063   71  390 188893.508 188574.330  0.17%   179 13430s
 305218 144569 188720.919   52  456 188893.508 188574.382  0.17%   179 13435s
 305284 144591 188695.390   63  368 188893.508 188574.420  0.17%   179 13445s
 305400 144633     cutoff   38      188893.508 188574.459  0.17%   179 13450s
 305461 144635 188839.477   60  268 188893.508 188574.520  0.17%   179 13455s
 305592 144700 188867.740   52  378 188893.508 188574.603  0.17%   179 13460s
 305668 144710     cutoff   48      188893.508 188574.678  0.17%   179 13465s
 305762 144738 188730.441   54  414 188893.508 188574.730  0.17%   179 13470s
 305854 144750 188877.107   35  329 188893.508 188574.781  0.17%   179 13475s
 305931 144770 188810.300   63  467 188893.508 188574.832  0.17%   179 13480s
 306041 144796 188751.133   52  367 188893.508 188574.854  0.17%   179 13485s
 306113 144807 188783.934   79  351 188893.508 188574.900  0.17%   179 13490s
 306226 144862 188724.317   69  356 188893.508 188574.926  0.17%   179 13495s
 306371 144929     cutoff   58      188893.508 188574.985  0.17%   179 13500s
 306454 144953 188732.292   61  454 188893.508 188575.062  0.17%   179 13505s
 306658 145064 188703.527   59  384 188893.508 188575.137  0.17%   179 13510s
 306765 145110 188819.214   65  350 188893.508 188575.207  0.17%   179 13515s
 306879 145169 188873.541   51  339 188893.508 188575.240  0.17%   179 13520s
 306975 145198     cutoff   59      188893.508 188575.295  0.17%   179 13525s
 307076 145237 188790.693   38  449 188893.508 188575.347  0.17%   179 13530s
 307170 145269 188740.303   59  367 188893.508 188575.358  0.17%   179 13535s
 307344 145337 188704.828   56  428 188893.508 188575.416  0.17%   179 13540s
 307421 145358     cutoff   24      188893.508 188575.470  0.17%   179 13547s
 307438 145351 188796.611   49  262 188893.508 188575.568  0.17%   179 13550s
 307616 145397 188797.551   43  363 188893.508 188575.682  0.17%   179 13555s
 307734 145454 188851.081   51  278 188893.508 188575.738  0.17%   179 13560s
 307880 145513 188682.064   46  442 188893.508 188575.800  0.17%   179 13565s
 307986 145533 188816.265   69  374 188893.508 188575.834  0.17%   179 13570s
 308098 145584 188865.007   51  345 188893.508 188575.890  0.17%   179 13575s
 308214 145623 188864.396   58  187 188893.508 188575.954  0.17%   179 13580s
 308367 145701 188782.486   60  399 188893.508 188575.996  0.17%   179 13585s
 308464 145732 188672.607   55  427 188893.508 188576.036  0.17%   179 13590s
 308616 145820 188826.710   63  284 188893.508 188576.070  0.17%   179 13595s
 308700 145833 188627.162   55  368 188893.508 188576.153  0.17%   179 13600s
 308792 145873 188854.728   54  325 188893.508 188576.197  0.17%   179 13605s
 308926 145906 188784.606   43  460 188893.508 188576.268  0.17%   179 13610s
 308999 145907 188712.107   55  311 188893.508 188576.345  0.17%   179 13615s
 309076 145935 188609.129   49  368 188893.508 188576.389  0.17%   179 13620s
 309147 145947     cutoff   67      188893.508 188576.467  0.17%   179 13625s
 309283 145999 infeasible   53      188893.508 188576.497  0.17%   179 13630s
 309367 146026 188857.959   63  297 188893.508 188576.594  0.17%   179 13635s
 309489 146085     cutoff   44      188893.508 188576.637  0.17%   179 13640s
 309618 146111 188661.438   48  418 188893.508 188576.713  0.17%   179 13645s
 309722 146150 188702.187   49  442 188893.508 188576.743  0.17%   179 13650s
 309842 146181 188866.056   64  300 188893.508 188576.777  0.17%   179 13655s
 309903 146191 188792.582   68  482 188893.508 188576.818  0.17%   179 13660s
 310011 146223 188804.872   62  329 188893.508 188576.866  0.17%   179 13665s
 310110 146267     cutoff   49      188893.508 188576.913  0.17%   179 13670s
 310191 146285 188883.798   90  305 188893.508 188576.975  0.17%   179 13675s
 310333 146356 188842.998   61  375 188893.508 188577.046  0.17%   179 13680s
 310405 146363 188789.656   59  320 188893.508 188577.114  0.17%   179 13685s
 310493 146377 188801.230   67  419 188893.508 188577.169  0.17%   179 13690s
 310631 146437 188876.491   54  304 188893.508 188577.249  0.17%   179 13695s
 310772 146491 188701.598   46  411 188893.508 188577.317  0.17%   179 13700s
 310895 146553     cutoff   52      188893.508 188577.377  0.17%   179 13705s
 310956 146557     cutoff   55      188893.508 188577.439  0.17%   179 13710s
 311035 146580     cutoff   65      188893.508 188577.474  0.17%   179 13715s
 311138 146631     cutoff   42      188893.508 188577.553  0.17%   179 13720s
 311295 146706 188877.492   53  273 188893.508 188577.602  0.17%   179 13725s
 311432 146742     cutoff   36      188893.508 188577.752  0.17%   179 13730s
 311559 146811 188839.572   60  391 188893.508 188577.819  0.17%   179 13735s
 311633 146833 188881.890   63  330 188893.508 188577.835  0.17%   179 13740s
 311752 146895 188860.491   59  387 188893.508 188577.866  0.17%   179 13745s
 311866 146933 188856.332   99  248 188893.508 188577.944  0.17%   179 13750s
 312057 147013 188651.850   54  457 188893.508 188578.001  0.17%   179 13755s
 312152 147046 188712.960   63  427 188893.508 188578.074  0.17%   179 13760s
 312314 147105 188771.562   52  375 188893.508 188578.168  0.17%   179 13765s
 312441 147146     cutoff   50      188893.508 188578.274  0.17%   179 13770s
 312554 147211     cutoff   53      188893.508 188578.332  0.17%   179 13775s
 312624 147243 188719.265   70  375 188893.508 188578.359  0.17%   179 13780s
 312742 147270     cutoff   62      188893.508 188578.403  0.17%   179 13785s
 312857 147324     cutoff   66      188893.508 188578.471  0.17%   179 13790s
 312968 147375 188761.705   59  307 188893.508 188578.508  0.17%   179 13795s
 313132 147462     cutoff   38      188893.508 188578.591  0.17%   179 13800s
 313291 147516 infeasible   77      188893.508 188578.668  0.17%   179 13805s
 313314 147517 188717.690   43  218 188893.508 188578.732  0.17%   179 13814s
 313343 147530     cutoff   46      188893.508 188578.741  0.17%   179 13815s
 313458 147568 188872.166   52  338 188893.508 188578.815  0.17%   179 13820s
 313577 147602     cutoff   35      188893.508 188578.855  0.17%   179 13825s
 313666 147635 188689.969   59  289 188893.508 188578.911  0.17%   179 13830s
 313790 147694 188682.689   50  451 188893.508 188578.966  0.17%   179 13835s
 313895 147733 188709.339   62  336 188893.508 188579.015  0.17%   179 13840s
 314073 147835     cutoff   41      188893.508 188579.059  0.17%   179 13845s
 314214 147902 188799.994   65  362 188893.508 188579.101  0.17%   179 13850s
 314340 147952     cutoff   50      188893.508 188579.210  0.17%   179 13855s
 314410 147959     cutoff   46      188893.508 188579.299  0.17%   179 13860s
 314501 148003 188795.143   73  404 188893.508 188579.347  0.17%   179 13865s
 314591 148015     cutoff   56      188893.508 188579.424  0.17%   179 13870s
 314700 148054 188803.823   55  407 188893.508 188579.464  0.17%   179 13875s
 314804 148103 188823.759   65  345 188893.508 188579.513  0.17%   179 13880s
 314939 148151 188712.332   52  498 188893.508 188579.584  0.17%   179 13885s
 315085 148212 188679.182   48  336 188893.508 188579.647  0.17%   179 13890s
 315164 148247 188740.477   37  419 188893.508 188579.675  0.17%   179 13895s
 315258 148285 188724.386   53  361 188893.508 188579.756  0.17%   179 13900s
 315356 148319 188659.774   62  493 188893.508 188579.815  0.17%   179 13905s
 315426 148334 188750.923   58  396 188893.508 188579.874  0.17%   179 13910s
 315535 148373     cutoff   69      188893.508 188579.900  0.17%   179 13915s
 315635 148412 188806.874   66  335 188893.508 188579.981  0.17%   179 13920s
 315749 148428     cutoff   56      188893.508 188580.030  0.17%   179 13925s
 315876 148478 188766.301   50  455 188893.508 188580.080  0.17%   179 13930s
 315968 148507     cutoff   63      188893.508 188580.104  0.17%   179 13935s
 315974 148509 188824.129   67  348 188893.508 188580.116  0.17%   179 13940s
 316120 148518     cutoff   58      188893.508 188580.158  0.17%   179 13945s
 316255 148577 188836.613   67  296 188893.508 188580.210  0.17%   179 13950s
 316341 148596 188815.283   61  377 188893.508 188580.266  0.17%   179 13955s
 316379 148588 188785.445   54  410 188893.508 188580.314  0.17%   179 13960s
 316469 148615     cutoff   47      188893.508 188580.354  0.17%   179 13965s
 316564 148639     cutoff   48      188893.508 188580.389  0.17%   179 13970s
 316709 148707 188866.290   67  261 188893.508 188580.431  0.17%   179 13975s
 316935 148831     cutoff   71      188893.508 188580.479  0.17%   179 13980s
 317056 148837 188789.016   54  275 188893.508 188580.519  0.17%   179 13985s
 317151 148865     cutoff   48      188893.508 188580.603  0.17%   179 13990s
 317239 148869 188685.576   63  437 188893.508 188580.667  0.17%   179 13995s
 317343 148907     cutoff   57      188893.508 188580.734  0.17%   179 14000s
 317443 148937 188863.340   49  313 188893.508 188580.754  0.17%   179 14005s
 317547 148970 188773.121   59  342 188893.508 188580.798  0.17%   179 14010s
 317634 148982 188732.136   58  348 188893.508 188580.895  0.17%   179 14015s
 317814 149020     cutoff   76      188893.508 188580.963  0.17%   179 14020s
 317895 149054 188776.881   58  313 188893.508 188581.002  0.17%   179 14025s
 318024 149110 infeasible   62      188893.508 188581.051  0.17%   179 14030s
 318131 149136     cutoff   64      188893.508 188581.111  0.17%   179 14035s
 318240 149190 188726.921   56  464 188893.508 188581.202  0.17%   179 14040s
 318323 149215 188740.887   75  383 188893.508 188581.271  0.17%   179 14045s
 318487 149306     cutoff   48      188893.508 188581.348  0.17%   179 14050s
 318563 149327 infeasible   41      188893.508 188581.424  0.17%   179 14055s
 318640 149356 188795.285   83  297 188893.508 188581.449  0.17%   179 14060s
 318812 149434 188798.759   67  387 188893.508 188581.477  0.17%   179 14065s
 318909 149470 infeasible   63      188893.508 188581.533  0.17%   179 14070s
 319056 149519 188719.719   49  443 188893.508 188581.580  0.17%   179 14075s
 319198 149606 188816.566   54  305 188893.508 188581.642  0.17%   179 14080s
 319350 149657 188886.906   78  375 188893.508 188581.700  0.17%   178 14085s
 319441 149695 188757.107   73  418 188893.508 188581.752  0.17%   178 14090s
 319602 149777 188796.466   66  370 188893.508 188581.791  0.17%   178 14095s
 319724 149825 188732.620   48  354 188893.508 188581.842  0.16%   178 14100s
 319854 149874 188844.390   70  410 188893.508 188581.908  0.16%   178 14105s
 319917 149880 infeasible   61      188893.508 188581.963  0.16%   178 14110s
 320030 149936 188837.748   87  326 188893.508 188582.001  0.16%   178 14115s
 320169 149986 infeasible   47      188893.508 188582.079  0.16%   178 14120s
 320299 150047 188784.339   62  340 188893.508 188582.117  0.16%   178 14125s
 320426 150107 188683.648   56  399 188893.508 188582.142  0.16%   178 14130s
 320527 150153 188721.631   58  397 188893.508 188582.194  0.16%   178 14135s
 320665 150215 188668.541   51  405 188893.508 188582.231  0.16%   178 14140s
 320881 150266 188886.619   82  227 188893.508 188582.264  0.16%   178 14145s
 321047 150352 188816.257   45  317 188893.508 188582.302  0.16%   178 14150s
 321207 150401 188868.294   63  129 188893.508 188582.343  0.16%   178 14155s
 321295 150413 188669.365   54  417 188893.508 188582.401  0.16%   178 14160s
 321406 150444 188704.819   48  442 188893.508 188582.471  0.16%   178 14165s
 321543 150506 188710.892   48  347 188893.508 188582.528  0.16%   178 14170s
 321659 150555 188880.830   54  422 188893.508 188582.621  0.16%   178 14175s
 321736 150560 188717.656   38  440 188893.508 188582.690  0.16%   178 14180s
 321878 150623 188744.692   55  398 188893.508 188582.740  0.16%   178 14185s
 321969 150679 188764.611   50  435 188893.508 188582.755  0.16%   178 14195s
 322170 150752     cutoff   59      188893.508 188582.824  0.16%   178 14200s
 322265 150772     cutoff   63      188893.508 188582.863  0.16%   178 14205s
 322354 150806 188798.532   67  290 188893.508 188582.925  0.16%   178 14210s
 322437 150818 188745.012   55  382 188893.508 188582.984  0.16%   178 14215s
 322529 150835     cutoff   71      188893.508 188583.042  0.16%   178 14220s
 322603 150847     cutoff   58      188893.508 188583.129  0.16%   178 14225s
 322737 150897 188827.482   69  323 188893.508 188583.199  0.16%   178 14230s
 322862 150936 188846.709   53  419 188893.508 188583.221  0.16%   178 14235s
 322960 150968     cutoff   56      188893.508 188583.341  0.16%   178 14240s
 323035 151008 188809.720   70  363 188893.508 188583.371  0.16%   178 14245s
 323123 151035 188649.822   60  409 188893.508 188583.413  0.16%   178 14250s
 323234 151089 188731.735   54  385 188893.508 188583.497  0.16%   178 14255s
 323391 151140 188793.427   48  379 188893.508 188583.562  0.16%   178 14260s
 323549 151225     cutoff   62      188893.508 188583.600  0.16%   178 14265s
 323658 151297 188737.157   51  381 188893.508 188583.638  0.16%   178 14270s
 323768 151352     cutoff   60      188893.508 188583.663  0.16%   178 14275s
 323928 151396 188733.653   60  365 188893.508 188583.735  0.16%   178 14280s
 324069 151439 188824.752   68  336 188893.508 188583.774  0.16%   178 14285s
 324202 151496 188648.301   59  413 188893.508 188583.819  0.16%   178 14290s
 324300 151536 188667.829   53  410 188893.508 188583.883  0.16%   178 14295s
 324493 151608 188785.225   66  350 188893.508 188583.963  0.16%   178 14300s
 324603 151645     cutoff   49      188893.508 188584.013  0.16%   178 14305s
 324694 151667 188780.262   50  328 188893.508 188584.092  0.16%   178 14310s
 324800 151711     cutoff   46      188893.508 188584.136  0.16%   178 14315s
 324954 151788 188681.237   53  368 188893.508 188584.211  0.16%   178 14320s
 325092 151849 188752.185   56  348 188893.508 188584.275  0.16%   178 14325s
 325195 151903 188738.326   84  333 188893.508 188584.306  0.16%   178 14330s
 325278 151919     cutoff   69      188893.508 188584.330  0.16%   178 14335s
 325388 151964 188691.008   55  400 188893.508 188584.360  0.16%   178 14340s
 325491 152022 188828.406   50  460 188893.508 188584.375  0.16%   178 14345s
 325606 152060 188873.096   71  379 188893.508 188584.431  0.16%   178 14350s
 325778 152153 188839.253   80  348 188893.508 188584.482  0.16%   178 14355s
 325912 152206 188778.290   62  353 188893.508 188584.595  0.16%   178 14360s
 326025 152260 188661.411   48  447 188893.508 188584.651  0.16%   178 14365s
 326143 152289 188671.205   60  408 188893.508 188584.693  0.16%   178 14370s
 326213 152311 188823.929   69  329 188893.508 188584.753  0.16%   178 14375s
 326318 152338 188847.900   72  284 188893.508 188584.842  0.16%   178 14380s
 326445 152364     cutoff   63      188893.508 188584.884  0.16%   178 14385s
 326523 152380     cutoff   58      188893.508 188584.960  0.16%   178 14390s
 326633 152433     cutoff   72      188893.508 188585.056  0.16%   178 14395s

Cutting planes:
  User: 1021
  Gomory: 16
  Implied bound: 77
  MIR: 496
  Flow cover: 2841
  RLT: 21
  Relax-and-lift: 543
  Lazy constraints: 560

Explored 326811 nodes (58246278 simplex iterations) in 14400.00 seconds (16934.93 work units)
Thread count was 1 (of 52 available processors)

Solution count 10: 188894 188894 188894 ... 189147

Time limit reached
Best objective 1.888935080000e+05, best bound 1.885851105444e+05, gap 0.1633%

User-callback calls 1744606, time in user-callback 6.41 sec
Instance: data/CCMPPData/20-1000-0.ccmpp
Setting: BASE+DB
Epsilon: 0.2
Dimension: 20
NumScenario: 1000
NumAggScenario: 989
BasicNumScenario: 988
NumBasicDomIneqs: 6481
NumNonReDomIneqs: 3275
NumEdge:        16627
NumBiEdge:      47
NumDomIneqs:    16580
DominanceRatio: 0.0332
MixingCuts: on
MixingScope: root
DominanceLazy: 3
TerminationStatus: TIME_LIMIT
PrimalStatus: FEASIBLE_POINT
RawStatus: Optimization terminated because the time expended exceeded the value specified in the TimeLimit parameter.
SolvingTime: 14400.00123500824
NodeCount: 326811
MixingCutsSubmitted: 1909
ObjectiveValue: 188893.50799999977
ObjectiveBound: 188585.11054442197
RelativeGap: 0.0016326524868064665
