***************************************
*         SCIP-based CCP Solver       *
*                                     *
*    Wei Lv and Wei-Kun Chen (2024)   *
***************************************
/beegfs/home/30150120/SCIP-CCP/build/ccp -f data/CCMPPData/10-3000-0.ccmpp -s settings/CCMPPSetting/BASE1.set 
SCIP version 9.1.0 [precision: 8 byte] [memory: block] [mode: optimized] [LP solver: Soplex 7.1.0] [GitHash: 8cab0278ba]
Copyright (c) 2002-2024 Zuse Institute Berlin (ZIB)

External libraries: 
  Soplex 7.1.0         Linear Programming Solver developed at Zuse Institute Berlin (soplex.zib.de) [GitHash: 595bfac9]
  CppAD 20180000.0     Algorithmic Differentiation of C++ algorithms developed by B. Bell (github.com/coin-or/CppAD)
  ZLIB 1.2.7           General purpose compression library by J. Gailly and M. Adler (zlib.net)
  GMP 6.2.1            GNU Multiple Precision Arithmetic Library developed by T. Granlund (gmplib.org)
  AMPL/MP 690e9e7      AMPL .nl file reader library (github.com/ampl/mp)
  PaPILO 2.3.0         parallel presolve for integer and linear optimization (github.com/scipopt/papilo) (built with TBB) [GitHash: 4b8ce6ed]
  Nauty 2.8.8          Computing Graph Automorphism Groups by Brendan D. McKay (users.cecs.anu.edu.au/~bdm/nauty)
  sassy 1.1            Symmetry preprocessor by Markus Anders (github.com/markusa4/sassy)

reading user parameter file <settings/CCMPPSetting/BASE1.set>

read problem <data/CCMPPData/10-3000-0.ccmpp>
============

File name: 	data/CCMPPData/10-3000-0.ccmpp
Problem name:	CCMPPData/10-3000-0
Dimension: 	10
NumScenario: 	3000
ConfidenceParameter: 	0.10
IsEqualProbability: 	1
BASE+DI: 	0
BASE+sDI: 	0
BASE+DB: 	0
BASE+DB+OPF: 	0
Dominance and Aggregation Statistics......
NumEdge:        10256
NumBiEdge: 	0
NumDomIneqs: 	10256
DominanceRatio: 0.0023
NumAggScenario: 3000 
BasicNumScenario: 1971 
original problem has 3050 variables (3000 bin, 0 int, 0 impl, 50 cont) and 3042 constraints

solve problem
=============

presolving:
(round 1, fast)       1033 del vars, 35 del conss, 0 add conss, 10 chg bounds, 0 chg sides, 0 chg coeffs, 0 upgd conss, 0 impls, 0 clqs
   (0.0s) running MILP presolver
   (0.1s) MILP presolver (3 rounds): 12 aggregations, 3 fixings, 3 bound changes
(round 2, medium)     1048 del vars, 35 del conss, 0 add conss, 13 chg bounds, 0 chg sides, 0 chg coeffs, 0 upgd conss, 0 impls, 0 clqs
(round 3, fast)       1048 del vars, 47 del conss, 0 add conss, 13 chg bounds, 0 chg sides, 0 chg coeffs, 0 upgd conss, 0 impls, 0 clqs
(round 4, exhaustive) 1048 del vars, 47 del conss, 0 add conss, 13 chg bounds, 0 chg sides, 0 chg coeffs, 2969 upgd conss, 0 impls, 0 clqs
   (0.2s) probing: 661/1971 (33.5%) - 0 fixings, 0 aggregations, 52 implications, 0 bound changes
   (0.2s) probing aborted: 50/50 successive totally useless probings
   (0.2s) symmetry computation started: requiring (bin +, int +, cont +), (fixed: bin -, int -, cont -)
   Symmetry detection interrupted: constraints of type chancecons do not provide symmetry information.
   If symmetries shall be detected, implement the CONSGETPERMSYMGRAPH callback.
   (0.2s) could not compute symmetry
presolving (5 rounds: 5 fast, 3 medium, 2 exhaustive):
 1048 deleted vars, 47 deleted constraints, 0 added constraints, 13 tightened bounds, 0 added holes, 0 changed sides, 0 changed coefficients
 3021 implications, 0 cliques
presolved problem has 2002 variables (1971 bin, 0 int, 0 impl, 31 cont) and 2995 constraints
      1 constraints of type <chancecons>
   2969 constraints of type <varbound>
      1 constraints of type <knapsack>
     24 constraints of type <linear>
Presolving Time: 0.18

 time | node  | left  |LP iter|LP it/n|mem/heur|mdpt |vars |cons |rows |cuts |sepa|confs|strbr|  dualbound   | primalbound  |  gap   | compl. 
p 0.2s|     1 |     0 |    17 |     - |   locks|   0 |2002 |2995 |2994 |   0 |  0 |   0 |   0 | 0.000000e+00 | 1.075161e+05 |    Inf | unknown
  0.3s|     1 |     0 |  1266 |     - |    28M |   0 |2002 |2995 |2994 |   0 |  0 |   0 |   0 | 1.029907e+05 | 1.075161e+05 |   4.39%| unknown
  0.3s|     1 |     0 |  1314 |     - |    30M |   0 |2002 |2995 |3029 |  35 |  1 |   0 |   0 | 1.030704e+05 | 1.075161e+05 |   4.31%| unknown
  0.4s|     1 |     0 |  1383 |     - |    30M |   0 |2002 |2995 |3069 |  75 |  2 |   0 |   0 | 1.031190e+05 | 1.075161e+05 |   4.26%| unknown
  0.5s|     1 |     0 |  1515 |     - |    31M |   0 |2002 |2995 |3117 | 123 |  3 |   0 |   0 | 1.032119e+05 | 1.075161e+05 |   4.17%| unknown
  0.6s|     1 |     0 |  1632 |     - |    31M |   0 |2002 |2995 |3153 | 159 |  4 |   0 |   0 | 1.033068e+05 | 1.075161e+05 |   4.07%| unknown
  0.7s|     1 |     0 |  1812 |     - |    33M |   0 |2002 |2995 |3185 | 191 |  5 |   0 |   0 | 1.034340e+05 | 1.075161e+05 |   3.95%| unknown
  0.7s|     1 |     0 |  2028 |     - |    34M |   0 |2002 |2995 |3236 | 242 |  6 |   0 |   0 | 1.034721e+05 | 1.075161e+05 |   3.91%| unknown
  0.8s|     1 |     0 |  2298 |     - |    34M |   0 |2002 |2995 |3273 | 279 |  7 |   0 |   0 | 1.035690e+05 | 1.075161e+05 |   3.81%| unknown
  0.9s|     1 |     0 |  2599 |     - |    35M |   0 |2002 |2995 |3301 | 307 |  8 |   0 |   0 | 1.036302e+05 | 1.075161e+05 |   3.75%| unknown
  1.0s|     1 |     0 |  2879 |     - |    37M |   0 |2002 |2995 |3333 | 339 |  9 |   0 |   0 | 1.036892e+05 | 1.075161e+05 |   3.69%| unknown
  1.0s|     1 |     0 |  3146 |     - |    39M |   0 |2002 |2995 |3365 | 371 | 10 |   0 |   0 | 1.037599e+05 | 1.075161e+05 |   3.62%| unknown
  1.1s|     1 |     0 |  3531 |     - |    39M |   0 |2002 |2995 |3413 | 419 | 11 |   0 |   0 | 1.038087e+05 | 1.075161e+05 |   3.57%| unknown
  1.2s|     1 |     0 |  3787 |     - |    40M |   0 |2002 |2995 |3445 | 451 | 12 |   0 |   0 | 1.038506e+05 | 1.075161e+05 |   3.53%| unknown
  1.3s|     1 |     0 |  4033 |     - |    41M |   0 |2002 |2995 |3478 | 484 | 13 |   0 |   0 | 1.038862e+05 | 1.075161e+05 |   3.49%| unknown
 time | node  | left  |LP iter|LP it/n|mem/heur|mdpt |vars |cons |rows |cuts |sepa|confs|strbr|  dualbound   | primalbound  |  gap   | compl. 
  1.4s|     1 |     0 |  4320 |     - |    41M |   0 |2002 |2995 |3484 | 520 | 14 |   0 |   0 | 1.039192e+05 | 1.075161e+05 |   3.46%| unknown
  1.5s|     1 |     0 |  4568 |     - |    42M |   0 |2002 |2995 |3529 | 565 | 15 |   0 |   0 | 1.039452e+05 | 1.075161e+05 |   3.44%| unknown
  1.5s|     1 |     0 |  4746 |     - |    43M |   0 |2002 |2995 |3561 | 597 | 16 |   0 |   0 | 1.039706e+05 | 1.075161e+05 |   3.41%| unknown
  1.6s|     1 |     0 |  5014 |     - |    45M |   0 |2002 |2995 |3599 | 635 | 17 |   0 |   0 | 1.040044e+05 | 1.075161e+05 |   3.38%| unknown
  1.7s|     1 |     0 |  5343 |     - |    45M |   0 |2002 |2995 |3639 | 675 | 18 |   0 |   0 | 1.040409e+05 | 1.075161e+05 |   3.34%| unknown
  1.8s|     1 |     0 |  5737 |     - |    48M |   0 |2002 |2995 |3689 | 725 | 19 |   0 |   0 | 1.040735e+05 | 1.075161e+05 |   3.31%| unknown
  1.9s|     1 |     0 |  6112 |     - |    48M |   0 |2002 |2995 |3645 | 759 | 20 |   0 |   0 | 1.041079e+05 | 1.075161e+05 |   3.27%| unknown
  2.0s|     1 |     0 |  6496 |     - |    49M |   0 |2002 |2995 |3679 | 793 | 21 |   0 |   0 | 1.041380e+05 | 1.075161e+05 |   3.24%| unknown
  2.1s|     1 |     0 |  6830 |     - |    49M |   0 |2002 |2995 |3744 | 858 | 22 |   0 |   0 | 1.041640e+05 | 1.075161e+05 |   3.22%| unknown
  2.2s|     1 |     0 |  7206 |     - |    51M |   0 |2002 |2995 |3786 | 900 | 23 |   0 |   0 | 1.041860e+05 | 1.075161e+05 |   3.20%| unknown
  2.4s|     1 |     0 |  7659 |     - |    53M |   0 |2002 |2995 |3826 | 940 | 24 |   0 |   0 | 1.042178e+05 | 1.075161e+05 |   3.16%| unknown
  2.5s|     1 |     0 |  8140 |     - |    54M |   0 |2002 |2995 |3868 | 982 | 25 |   0 |   0 | 1.042482e+05 | 1.075161e+05 |   3.13%| unknown
  2.6s|     1 |     0 |  8683 |     - |    54M |   0 |2002 |2995 |3799 |1024 | 26 |   0 |   0 | 1.042698e+05 | 1.075161e+05 |   3.11%| unknown
  2.8s|     1 |     0 |  9110 |     - |    55M |   0 |2002 |2995 |3840 |1065 | 27 |   0 |   0 | 1.042949e+05 | 1.075161e+05 |   3.09%| unknown
  2.9s|     1 |     0 |  9736 |     - |    55M |   0 |2002 |2995 |3899 |1124 | 28 |   0 |   0 | 1.043227e+05 | 1.075161e+05 |   3.06%| unknown
 time | node  | left  |LP iter|LP it/n|mem/heur|mdpt |vars |cons |rows |cuts |sepa|confs|strbr|  dualbound   | primalbound  |  gap   | compl. 
  3.1s|     1 |     0 | 10327 |     - |    55M |   0 |2002 |2995 |3933 |1158 | 29 |   0 |   0 | 1.043446e+05 | 1.075161e+05 |   3.04%| unknown
  3.2s|     1 |     0 | 10884 |     - |    57M |   0 |2002 |2995 |3972 |1197 | 30 |   0 |   0 | 1.043663e+05 | 1.075161e+05 |   3.02%| unknown
  3.4s|     1 |     0 | 11381 |     - |    57M |   0 |2002 |2995 |4015 |1240 | 31 |   0 |   0 | 1.043819e+05 | 1.075161e+05 |   3.00%| unknown
  3.5s|     1 |     0 | 11861 |     - |    57M |   0 |2002 |2995 |3901 |1278 | 32 |   0 |   0 | 1.043953e+05 | 1.075161e+05 |   2.99%| unknown
  3.7s|     1 |     0 | 12458 |     - |    57M |   0 |2002 |2995 |3941 |1318 | 33 |   0 |   0 | 1.044064e+05 | 1.075161e+05 |   2.98%| unknown
  3.8s|     1 |     0 | 12995 |     - |    58M |   0 |2002 |2995 |3986 |1363 | 34 |   0 |   0 | 1.044264e+05 | 1.075161e+05 |   2.96%| unknown
  4.0s|     1 |     0 | 13472 |     - |    58M |   0 |2002 |2995 |4018 |1395 | 35 |   0 |   0 | 1.044390e+05 | 1.075161e+05 |   2.95%| unknown
  4.2s|     1 |     0 | 14200 |     - |    58M |   0 |2002 |2995 |4066 |1443 | 36 |   0 |   0 | 1.044580e+05 | 1.075161e+05 |   2.93%| unknown
  4.4s|     1 |     0 | 14847 |     - |    60M |   0 |2002 |2995 |4107 |1484 | 37 |   0 |   0 | 1.044788e+05 | 1.075161e+05 |   2.91%| unknown
  4.5s|     1 |     0 | 15448 |     - |    61M |   0 |2002 |2995 |4034 |1541 | 38 |   0 |   0 | 1.044940e+05 | 1.075161e+05 |   2.89%| unknown
  4.8s|     1 |     0 | 16308 |     - |    61M |   0 |2002 |2995 |4086 |1593 | 39 |   0 |   0 | 1.045135e+05 | 1.075161e+05 |   2.87%| unknown
  4.9s|     1 |     0 | 17011 |     - |    63M |   0 |2002 |2995 |4140 |1647 | 40 |   0 |   0 | 1.045266e+05 | 1.075161e+05 |   2.86%| unknown
  5.1s|     1 |     0 | 17689 |     - |    63M |   0 |2002 |2995 |4187 |1694 | 41 |   0 |   0 | 1.045426e+05 | 1.075161e+05 |   2.84%| unknown
  5.3s|     1 |     0 | 18344 |     - |    65M |   0 |2002 |2995 |4239 |1746 | 42 |   0 |   0 | 1.045610e+05 | 1.075161e+05 |   2.83%| unknown
  5.6s|     1 |     0 | 19174 |     - |    68M |   0 |2002 |2995 |4312 |1819 | 43 |   0 |   0 | 1.045735e+05 | 1.075161e+05 |   2.81%| unknown
 time | node  | left  |LP iter|LP it/n|mem/heur|mdpt |vars |cons |rows |cuts |sepa|confs|strbr|  dualbound   | primalbound  |  gap   | compl. 
  5.8s|     1 |     0 | 19889 |     - |    68M |   0 |2002 |2995 |4198 |1862 | 44 |   0 |   0 | 1.045850e+05 | 1.075161e+05 |   2.80%| unknown
  6.1s|     1 |     0 | 20980 |     - |    69M |   0 |2002 |2995 |4242 |1906 | 45 |   0 |   0 | 1.046008e+05 | 1.075161e+05 |   2.79%| unknown
  6.4s|     1 |     0 | 22045 |     - |    69M |   0 |2002 |2995 |4298 |1962 | 46 |   0 |   0 | 1.046132e+05 | 1.075161e+05 |   2.77%| unknown
  6.6s|     1 |     0 | 22858 |     - |    69M |   0 |2002 |2995 |4357 |2021 | 47 |   0 |   0 | 1.046253e+05 | 1.075161e+05 |   2.76%| unknown
  6.8s|     1 |     0 | 23753 |     - |    69M |   0 |2002 |2995 |4399 |2063 | 48 |   0 |   0 | 1.046370e+05 | 1.075161e+05 |   2.75%| unknown
  7.1s|     1 |     0 | 24714 |     - |    70M |   0 |2002 |2995 |4442 |2106 | 49 |   0 |   0 | 1.046473e+05 | 1.075161e+05 |   2.74%| unknown
  7.4s|     1 |     0 | 25563 |     - |    71M |   0 |2002 |2995 |4274 |2151 | 50 |   0 |   0 | 1.046564e+05 | 1.075161e+05 |   2.73%| unknown
  7.7s|     1 |     0 | 26654 |     - |    71M |   0 |2002 |2995 |4319 |2196 | 51 |   0 |   0 | 1.046679e+05 | 1.075161e+05 |   2.72%| unknown
  8.0s|     1 |     0 | 27726 |     - |    71M |   0 |2002 |2995 |4364 |2241 | 52 |   0 |   0 | 1.046802e+05 | 1.075161e+05 |   2.71%| unknown
  8.3s|     1 |     0 | 28663 |     - |    71M |   0 |2002 |2995 |4402 |2279 | 53 |   0 |   0 | 1.046882e+05 | 1.075161e+05 |   2.70%| unknown
  8.6s|     1 |     0 | 29884 |     - |    72M |   0 |2002 |2995 |4450 |2327 | 54 |   0 |   0 | 1.047030e+05 | 1.075161e+05 |   2.69%| unknown
  8.9s|     1 |     0 | 30940 |     - |    72M |   0 |2002 |2995 |4514 |2391 | 55 |   0 |   0 | 1.047118e+05 | 1.075161e+05 |   2.68%| unknown
  9.3s|     1 |     0 | 32024 |     - |    75M |   0 |2002 |2995 |4344 |2434 | 56 |   0 |   0 | 1.047229e+05 | 1.075161e+05 |   2.67%| unknown
  9.6s|     1 |     0 | 33167 |     - |    77M |   0 |2002 |2995 |4393 |2483 | 57 |   0 |   0 | 1.047319e+05 | 1.075161e+05 |   2.66%| unknown
 10.0s|     1 |     0 | 34396 |     - |    77M |   0 |2002 |2995 |4438 |2528 | 58 |   0 |   0 | 1.047387e+05 | 1.075161e+05 |   2.65%| unknown
 time | node  | left  |LP iter|LP it/n|mem/heur|mdpt |vars |cons |rows |cuts |sepa|confs|strbr|  dualbound   | primalbound  |  gap   | compl. 
 10.3s|     1 |     0 | 35349 |     - |    77M |   0 |2002 |2995 |4489 |2579 | 59 |   0 |   0 | 1.047503e+05 | 1.075161e+05 |   2.64%| unknown
 10.6s|     1 |     0 | 36475 |     - |    78M |   0 |2002 |2995 |4544 |2634 | 60 |   0 |   0 | 1.047621e+05 | 1.075161e+05 |   2.63%| unknown
 11.0s|     1 |     0 | 37598 |     - |    78M |   0 |2002 |2995 |4596 |2686 | 61 |   0 |   0 | 1.047668e+05 | 1.075161e+05 |   2.62%| unknown
 11.4s|     1 |     0 | 38880 |     - |    79M |   0 |2002 |2995 |4446 |2735 | 62 |   0 |   0 | 1.047733e+05 | 1.075161e+05 |   2.62%| unknown
 11.9s|     1 |     0 | 40399 |     - |    80M |   0 |2002 |2995 |4497 |2786 | 63 |   0 |   0 | 1.047818e+05 | 1.075161e+05 |   2.61%| unknown
 12.2s|     1 |     0 | 41345 |     - |    82M |   0 |2002 |2995 |4548 |2837 | 64 |   0 |   0 | 1.047869e+05 | 1.075161e+05 |   2.60%| unknown
 12.5s|     1 |     0 | 42167 |     - |    82M |   0 |2002 |2995 |4600 |2889 | 65 |   0 |   0 | 1.047912e+05 | 1.075161e+05 |   2.60%| unknown
 12.9s|     1 |     0 | 43165 |     - |    82M |   0 |2002 |2995 |4639 |2928 | 66 |   0 |   0 | 1.047978e+05 | 1.075161e+05 |   2.59%| unknown
 13.2s|     1 |     0 | 44033 |     - |    82M |   0 |2002 |2995 |4686 |2975 | 67 |   0 |   0 | 1.048039e+05 | 1.075161e+05 |   2.59%| unknown
 13.6s|     1 |     0 | 45086 |     - |    83M |   0 |2002 |2995 |4511 |3027 | 68 |   0 |   0 | 1.048110e+05 | 1.075161e+05 |   2.58%| unknown
 14.0s|     1 |     0 | 46079 |     - |    84M |   0 |2002 |2995 |4558 |3074 | 69 |   0 |   0 | 1.048153e+05 | 1.075161e+05 |   2.58%| unknown
 14.5s|     1 |     0 | 47493 |     - |    86M |   0 |2002 |2995 |4612 |3128 | 70 |   0 |   0 | 1.048213e+05 | 1.075161e+05 |   2.57%| unknown
o16.8s|     1 |     0 | 59152 |     - |feaspump|   0 |2002 |2995 |4612 |3128 | 70 |   0 |   0 | 1.048213e+05 | 1.071969e+05 |   2.27%| unknown
L18.6s|     1 |     0 | 59152 |     - |    rens|   0 |2002 |2995 |4612 |3128 | 70 |   0 |   0 | 1.048213e+05 | 1.056989e+05 |   0.84%| unknown
 18.6s|     1 |     0 | 59152 |     - |    87M |   0 |2002 |2995 |4612 |3128 | 70 |   0 |   0 | 1.048213e+05 | 1.056989e+05 |   0.84%| unknown
 time | node  | left  |LP iter|LP it/n|mem/heur|mdpt |vars |cons |rows |cuts |sepa|confs|strbr|  dualbound   | primalbound  |  gap   | compl. 
 19.2s|     1 |     0 | 60783 |     - |    87M |   0 |2002 |2995 |4660 |3176 | 71 |   0 |   0 | 1.048297e+05 | 1.056989e+05 |   0.83%| unknown
 19.5s|     1 |     0 | 61572 |     - |    88M |   0 |2002 |2995 |4710 |3226 | 72 |   0 |   0 | 1.048311e+05 | 1.056989e+05 |   0.83%| unknown
 27.1s|     1 |     2 | 61572 |     - |    88M |   0 |2002 |2995 |4710 |3226 | 72 |   0 |  24 | 1.048338e+05 | 1.056989e+05 |   0.83%| unknown
 57.6s|   100 |    19 | 90015 | 405.5 |    90M |  17 |2002 |3091 |3936 |3524 |  1 | 176 | 528 | 1.048410e+05 | 1.056989e+05 |   0.82%|  47.26%
 64.1s|   200 |    53 |107010 | 287.1 |    92M |  60 |2002 |3162 |4052 |3743 |  1 | 282 | 543 | 1.048410e+05 | 1.056989e+05 |   0.82%|  47.26%
L64.3s|   202 |    41 |107050 | 284.5 |    rins|  60 |2002 |3166 |4052 |3743 |  1 | 286 | 543 | 1.048410e+05 | 1.055999e+05 |   0.72%|  47.26%
 67.4s|   300 |    49 |124391 | 249.2 |    96M |  60 |2002 |3218 |   0 |4059 |  0 | 429 | 543 | 1.048443e+05 | 1.055999e+05 |   0.72%|  49.75%
 79.4s|   400 |    49 |172880 | 308.3 |   102M |  60 |2002 |3295 |4006 |5120 |  1 | 761 | 732 | 1.048446e+05 | 1.055999e+05 |   0.72%|  54.83%
L85.5s|   455 |    29 |199780 | 330.2 |    rins|  60 |2002 |3306 |4071 |5395 |  4 | 856 | 777 | 1.048446e+05 | 1.055339e+05 |   0.66%|  60.85%
 90.9s|   500 |    37 |220524 | 342.0 |   105M |  60 |2002 |3281 |3844 |5550 |  1 | 888 | 807 | 1.048446e+05 | 1.055339e+05 |   0.66%|  64.73%
 98.8s|   600 |    49 |254399 | 341.4 |   106M |  60 |2002 |3242 |4023 |6212 |  1 |1017 | 863 | 1.048446e+05 | 1.055339e+05 |   0.66%|  70.70%
  109s|   700 |    75 |292917 | 347.7 |   107M |  60 |2002 |3272 |   0 |6447 |  0 |1102 | 903 | 1.048446e+05 | 1.055339e+05 |   0.66%|  76.52%
  116s|   800 |    85 |319187 | 337.1 |   108M |  60 |2002 |3367 |3934 |6617 |  1 |1253 | 929 | 1.048479e+05 | 1.055339e+05 |   0.65%|  76.56%
  140s|   900 |    93 |401218 | 390.8 |   111M |  60 |2002 |3292 |3955 |7599 |  1 |1345 |1008 | 1.048515e+05 | 1.055339e+05 |   0.65%|  76.94%
* 160s|   991 |   101 |473165 | 427.6 |    LP  |  60 |2002 |3355 |3984 |8345 |  1 |1516 |1175 | 1.048553e+05 | 1.055161e+05 |   0.63%|  77.37%
 time | node  | left  |LP iter|LP it/n|mem/heur|mdpt |vars |cons |rows |cuts |sepa|confs|strbr|  dualbound   | primalbound  |  gap   | compl. 
  161s|  1000 |   100 |477086 | 427.6 |   113M |  60 |2002 |3363 |3984 |8345 |  1 |1529 |1189 | 1.048553e+05 | 1.055161e+05 |   0.63%|  77.40%
* 171s|  1098 |    97 |509522 | 419.0 |    LP  |  60 |2002 |3402 |4021 |8646 |  1 |1590 |1270 | 1.048555e+05 | 1.055119e+05 |   0.63%|  77.71%
  171s|  1100 |    99 |509538 | 418.3 |   113M |  60 |2002 |3402 |4021 |8646 |  1 |1590 |1270 | 1.048555e+05 | 1.055119e+05 |   0.63%|  77.71%
  180s|  1200 |   115 |538856 | 407.8 |   114M |  60 |2002 |3405 |4028 |8991 |  0 |1600 |1299 | 1.048569e+05 | 1.055119e+05 |   0.62%|  77.74%
* 188s|  1214 |    91 |557378 | 418.4 |    LP  |  60 |2002 |3401 |4036 |9292 |  1 |1610 |1332 | 1.048576e+05 | 1.055069e+05 |   0.62%|  77.79%
  207s|  1300 |   133 |620359 | 439.2 |   117M |  60 |2002 |3439 |4055 |9680 |  1 |1697 |1395 | 1.048624e+05 | 1.055069e+05 |   0.61%|  77.85%
d 210s|  1320 |    96 |632732 | 441.9 |linesear|  60 |2002 |3440 |3972 |   0 |  1 |1703 |1407 | 1.048636e+05 | 1.054743e+05 |   0.58%|  78.16%
  223s|  1400 |   108 |689652 | 457.3 |   124M |  60 |2002 |3581 |4062 |9893 |  2 |1948 |1598 | 1.048639e+05 | 1.054743e+05 |   0.58%|  78.18%
  242s|  1500 |   150 |744787 | 463.6 |   129M |  60 |2002 |3544 |4149 |  10k|  1 |2097 |1656 | 1.048803e+05 | 1.054743e+05 |   0.57%|  78.22%
  251s|  1600 |   166 |771413 | 451.2 |   130M |  60 |2002 |3525 |3998 |  10k|  1 |2149 |1678 | 1.048848e+05 | 1.054743e+05 |   0.56%|  78.23%
  269s|  1700 |   181 |834644 | 461.9 |   130M |  60 |2002 |3521 |3981 |  10k|  1 |2267 |1756 | 1.048930e+05 | 1.054743e+05 |   0.55%|  78.26%
  273s|  1800 |   200 |855569 | 447.9 |   131M |  60 |2002 |3634 |4105 |  10k|  0 |2411 |1767 | 1.048939e+05 | 1.054743e+05 |   0.55%|  78.36%
  284s|  1900 |   213 |895604 | 445.4 |   132M |  60 |2002 |3707 |   0 |  10k|  0 |2625 |1809 | 1.048966e+05 | 1.054743e+05 |   0.55%|  78.39%
  287s|  2000 |   211 |910192 | 430.4 |   132M |  60 |2002 |3748 |4030 |  10k|  0 |2761 |1919 | 1.048967e+05 | 1.054743e+05 |   0.55%|  78.39%
  302s|  2100 |   219 |958911 | 433.1 |   133M |  60 |2002 |3657 |4041 |  11k|  0 |2851 |2000 | 1.048971e+05 | 1.054743e+05 |   0.55%|  78.42%
 time | node  | left  |LP iter|LP it/n|mem/heur|mdpt |vars |cons |rows |cuts |sepa|confs|strbr|  dualbound   | primalbound  |  gap   | compl. 
  307s|  2200 |   225 |974779 | 420.6 |   133M |  60 |2002 |3681 |4020 |  11k|  1 |2905 |2026 | 1.048987e+05 | 1.054743e+05 |   0.55%|  78.43%
  316s|  2300 |   223 |  1011k| 418.5 |   134M |  60 |2002 |3705 |4027 |  11k|  1 |3030 |2113 | 1.049001e+05 | 1.054743e+05 |   0.55%|  78.47%
* 321s|  2342 |   216 |  1030k| 418.9 |strongbr|  60 |2002 |3746 |4092 |  11k|  1 |3185 |2223 | 1.049004e+05 | 1.054697e+05 |   0.54%|  78.48%
  328s|  2400 |   219 |  1056k| 419.4 |   135M |  60 |2002 |3740 |   0 |  12k|  0 |3241 |2270 | 1.049014e+05 | 1.054697e+05 |   0.54%|  78.52%
  350s|  2500 |   235 |  1142k| 437.2 |   135M |  60 |2002 |3695 |   0 |  12k|  0 |3364 |2400 | 1.049118e+05 | 1.054697e+05 |   0.53%|  78.72%
  361s|  2600 |   247 |  1181k| 435.4 |   135M |  60 |2002 |3785 |4158 |  12k|  2 |3495 |2471 | 1.049126e+05 | 1.054697e+05 |   0.53%|  78.93%
  363s|  2700 |   245 |  1188k| 421.9 |   137M |  60 |2002 |3800 |4143 |  12k|  2 |3572 |2507 | 1.049126e+05 | 1.054697e+05 |   0.53%|  78.93%
  377s|  2800 |   259 |  1237k| 424.4 |   137M |  60 |2002 |3717 |   0 |  12k|  0 |3694 |2564 | 1.049154e+05 | 1.054697e+05 |   0.53%|  78.96%
  388s|  2900 |   273 |  1284k| 426.0 |   138M |  60 |2002 |3829 |4072 |  13k|  1 |3921 |2646 | 1.049179e+05 | 1.054697e+05 |   0.53%|  79.01%
  397s|  3000 |   278 |  1321k| 424.0 |   138M |  60 |2002 |3803 |4150 |  13k|  1 |4024 |2729 | 1.049200e+05 | 1.054697e+05 |   0.52%|  79.16%
  410s|  3100 |   290 |  1364k| 424.1 |   141M |  60 |2002 |3719 |4153 |  13k|  0 |4127 |2804 | 1.049240e+05 | 1.054697e+05 |   0.52%|  79.18%
  426s|  3200 |   306 |  1421k| 428.8 |   141M |  60 |2002 |3697 |4223 |  14k|  2 |4214 |2922 | 1.049286e+05 | 1.054697e+05 |   0.52%|  79.24%
  436s|  3300 |   308 |  1462k| 428.1 |   142M |  60 |2002 |3782 |4052 |  14k|  1 |4418 |3000 | 1.049315e+05 | 1.054697e+05 |   0.51%|  79.25%
  440s|  3400 |   305 |  1475k| 419.6 |   143M |  60 |2002 |3839 |   0 |  14k|  0 |4498 |3139 | 1.049315e+05 | 1.054697e+05 |   0.51%|  79.25%
  443s|  3500 |   312 |  1491k| 412.0 |   144M |  60 |2002 |3931 |4094 |  14k|  1 |4623 |3172 | 1.049320e+05 | 1.054697e+05 |   0.51%|  79.28%
 time | node  | left  |LP iter|LP it/n|mem/heur|mdpt |vars |cons |rows |cuts |sepa|confs|strbr|  dualbound   | primalbound  |  gap   | compl. 
  456s|  3600 |   329 |  1547k| 416.2 |   144M |  60 |2002 |3822 |4101 |  14k|  3 |4756 |3217 | 1.049365e+05 | 1.054697e+05 |   0.51%|  79.34%
  465s|  3700 |   326 |  1591k| 416.7 |   145M |  60 |2002 |3846 |4133 |  15k|  1 |4880 |3242 | 1.049378e+05 | 1.054697e+05 |   0.51%|  79.39%
  468s|  3800 |   322 |  1605k| 409.4 |   145M |  60 |2002 |3948 |4115 |  15k|  2 |5033 |3253 | 1.049379e+05 | 1.054697e+05 |   0.51%|  79.39%
  471s|  3900 |   335 |  1626k| 404.4 |   146M |  60 |2002 |3903 |4073 |  15k|  1 |5082 |3270 | 1.049384e+05 | 1.054697e+05 |   0.51%|  79.40%
  486s|  4000 |   353 |  1704k| 413.7 |   146M |  60 |2002 |3813 |4076 |  16k|  2 |5228 |3283 | 1.049413e+05 | 1.054697e+05 |   0.50%|  79.48%
  491s|  4100 |   353 |  1732k| 410.5 |   147M |  60 |2002 |3767 |3962 |  16k|  1 |5279 |3294 | 1.049440e+05 | 1.054697e+05 |   0.50%|  79.56%
  496s|  4200 |   365 |  1760k| 407.5 |   148M |  60 |2002 |3754 |4118 |  16k|  1 |5340 |3308 | 1.049446e+05 | 1.054697e+05 |   0.50%|  79.57%
  505s|  4300 |   377 |  1809k| 409.2 |   148M |  60 |2002 |3734 |   0 |  16k|  0 |5427 |3334 | 1.049477e+05 | 1.054697e+05 |   0.50%|  79.60%
  509s|  4400 |   393 |  1830k| 404.7 |   149M |  60 |2002 |3773 |4126 |  16k|  1 |5513 |3339 | 1.049481e+05 | 1.054697e+05 |   0.50%|  79.74%
  510s|  4500 |   391 |  1836k| 397.1 |   151M |  60 |2002 |3839 |   0 |  16k|  0 |5639 |3352 | 1.049481e+05 | 1.054697e+05 |   0.50%|  79.92%
  512s|  4600 |   389 |  1845k| 390.5 |   152M |  60 |2002 |3837 |4212 |  16k|  1 |5735 |3354 | 1.049481e+05 | 1.054697e+05 |   0.50%|  79.92%
  516s|  4700 |   387 |  1865k| 386.4 |   154M |  60 |2002 |3886 |   0 |  17k|  0 |5859 |3359 | 1.049493e+05 | 1.054697e+05 |   0.50%|  80.09%
  525s|  4800 |   397 |  1912k| 388.0 |   155M |  60 |2002 |3850 |   0 |  17k|  0 |5959 |3371 | 1.049509e+05 | 1.054697e+05 |   0.49%|  80.14%
  532s|  4900 |   407 |  1954k| 388.7 |   156M |  60 |2002 |3900 |4126 |  17k|  1 |6110 |3373 | 1.049515e+05 | 1.054697e+05 |   0.49%|  80.16%
  540s|  5000 |   415 |  1996k| 389.5 |   157M |  60 |2002 |3895 |   0 |  17k|  0 |6206 |3377 | 1.049533e+05 | 1.054697e+05 |   0.49%|  80.16%
 time | node  | left  |LP iter|LP it/n|mem/heur|mdpt |vars |cons |rows |cuts |sepa|confs|strbr|  dualbound   | primalbound  |  gap   | compl. 
  549s|  5100 |   419 |  2040k| 390.3 |   157M |  60 |2002 |3824 |4085 |  18k|  1 |6300 |3394 | 1.049559e+05 | 1.054697e+05 |   0.49%|  80.42%
  560s|  5200 |   419 |  2074k| 389.5 |   157M |  60 |2002 |3745 |4055 |  18k|  0 |6396 |3454 | 1.049570e+05 | 1.054697e+05 |   0.49%|  80.64%
  578s|  5300 |   433 |  2151k| 396.7 |   158M |  60 |2002 |3726 |   0 |  18k|  0 |6759 |3579 | 1.049598e+05 | 1.054697e+05 |   0.49%|  80.77%
* 582s|  5367 |   443 |  2172k| 395.5 |    LP  |  60 |2002 |3784 |4054 |  18k|  1 |6867 |3646 | 1.049601e+05 | 1.054657e+05 |   0.48%|  80.81%
  582s|  5400 |   444 |  2172k| 393.2 |   158M |  60 |2002 |3783 |4062 |  18k|  0 |6867 |3646 | 1.049601e+05 | 1.054657e+05 |   0.48%|  80.82%
  586s|  5500 |   444 |  2190k| 389.3 |   158M |  60 |2002 |3697 |4059 |  18k|  0 |6883 |3690 | 1.049618e+05 | 1.054657e+05 |   0.48%|  80.91%
  588s|  5600 |   442 |  2200k| 384.0 |   158M |  60 |2002 |3684 |4058 |  18k|  0 |6889 |3720 | 1.049619e+05 | 1.054657e+05 |   0.48%|  81.01%
  590s|  5700 |   438 |  2209k| 379.0 |   159M |  60 |2002 |3688 |4052 |  18k|  1 |6921 |3775 | 1.049619e+05 | 1.054657e+05 |   0.48%|  81.11%
  599s|  5800 |   440 |  2244k| 378.4 |   159M |  60 |2002 |3591 |4148 |  18k|  0 |7000 |3823 | 1.049624e+05 | 1.054657e+05 |   0.48%|  81.14%
  606s|  5900 |   438 |  2275k| 377.2 |   162M |  60 |2002 |3660 |4198 |  19k|  0 |7132 |3892 | 1.049627e+05 | 1.054657e+05 |   0.48%|  81.21%
  615s|  6000 |   438 |  2310k| 376.8 |   162M |  60 |2002 |3672 |   0 |  19k|  0 |7261 |3912 | 1.049634e+05 | 1.054657e+05 |   0.48%|  81.30%
  634s|  6100 |   459 |  2374k| 381.2 |   162M |  60 |2002 |3535 |   0 |  19k|  0 |7434 |3969 | 1.049681e+05 | 1.054657e+05 |   0.47%|  81.39%
  650s|  6200 |   482 |  2445k| 386.5 |   165M |  60 |2002 |3532 |4191 |  19k|  1 |7514 |4014 | 1.049683e+05 | 1.054657e+05 |   0.47%|  81.45%
  657s|  6300 |   488 |  2474k| 385.0 |   166M |  60 |2002 |3572 |4090 |  19k|  1 |7605 |4078 | 1.049688e+05 | 1.054657e+05 |   0.47%|  81.49%
  668s|  6400 |   508 |  2522k| 386.4 |   166M |  60 |2002 |3575 |3949 |  20k|  1 |7720 |4118 | 1.049714e+05 | 1.054657e+05 |   0.47%|  81.54%
 time | node  | left  |LP iter|LP it/n|mem/heur|mdpt |vars |cons |rows |cuts |sepa|confs|strbr|  dualbound   | primalbound  |  gap   | compl. 
  671s|  6500 |   506 |  2536k| 382.6 |   167M |  60 |2002 |3540 |   0 |  20k|  0 |7762 |4158 | 1.049722e+05 | 1.054657e+05 |   0.47%|  81.55%
  687s|  6600 |   528 |  2593k| 385.5 |   168M |  60 |2002 |3430 |   0 |  20k|  0 |8022 |4216 | 1.049739e+05 | 1.054657e+05 |   0.47%|  81.56%
  694s|  6700 |   534 |  2624k| 384.4 |   169M |  60 |2002 |3445 |4221 |  20k|  0 |8210 |4265 | 1.049749e+05 | 1.054657e+05 |   0.47%|  81.56%
  705s|  6800 |   560 |  2683k| 387.4 |   170M |  60 |2002 |3440 |4097 |  20k|  0 |8311 |4308 | 1.049765e+05 | 1.054657e+05 |   0.47%|  81.64%
  712s|  6900 |   566 |  2711k| 385.8 |   170M |  60 |2002 |3474 |   0 |  20k|  0 |8411 |4431 | 1.049767e+05 | 1.054657e+05 |   0.47%|  81.65%
  716s|  7000 |   576 |  2727k| 382.6 |   171M |  60 |2002 |3529 |   0 |  20k|  0 |8562 |4476 | 1.049769e+05 | 1.054657e+05 |   0.47%|  81.68%
  726s|  7100 |   590 |  2778k| 384.4 |   172M |  60 |2002 |3528 |4054 |  20k|  2 |8760 |4497 | 1.049781e+05 | 1.054657e+05 |   0.46%|  81.73%
  733s|  7200 |   601 |  2821k| 385.0 |   176M |  60 |2002 |3609 |   0 |  21k|  0 |8965 |4506 | 1.049790e+05 | 1.054657e+05 |   0.46%|  81.81%
  738s|  7300 |   613 |  2848k| 383.4 |   177M |  60 |2002 |3610 |4203 |  21k|  1 |9038 |4521 | 1.049799e+05 | 1.054657e+05 |   0.46%|  81.83%
  754s|  7400 |   625 |  2918k| 387.7 |   179M |  60 |2002 |3468 |   0 |  21k|  0 |9111 |4541 | 1.049823e+05 | 1.054657e+05 |   0.46%|  81.84%
  763s|  7500 |   639 |  2963k| 388.6 |   179M |  60 |2002 |3470 |4236 |  21k|  0 |9176 |4550 | 1.049839e+05 | 1.054657e+05 |   0.46%|  81.91%
  778s|  7600 |   663 |  3045k| 394.2 |   182M |  60 |2002 |3491 |4245 |  22k|  1 |9311 |4561 | 1.049866e+05 | 1.054657e+05 |   0.46%|  81.99%
L 782s|  7637 |   644 |  3066k| 395.1 |crossove|  60 |2002 |3508 |4319 |  22k|  2 |9416 |4563 | 1.049881e+05 | 1.054437e+05 |   0.43%|  82.00%
  787s|  7700 |   645 |  3089k| 394.8 |   185M |  60 |2002 |3512 |   0 |  22k|  0 |9453 |4565 | 1.049882e+05 | 1.054437e+05 |   0.43%|  82.11%
  804s|  7800 |   667 |  3178k| 401.2 |   186M |  60 |2002 |3529 |4268 |  22k|  1 |9696 |4571 | 1.049898e+05 | 1.054437e+05 |   0.43%|  82.19%
 time | node  | left  |LP iter|LP it/n|mem/heur|mdpt |vars |cons |rows |cuts |sepa|confs|strbr|  dualbound   | primalbound  |  gap   | compl. 
  813s|  7900 |   675 |  3230k| 402.7 |   187M |  60 |2002 |3523 |   0 |  23k|  0 |9766 |4579 | 1.049901e+05 | 1.054437e+05 |   0.43%|  82.26%
  817s|  8000 |   699 |  3255k| 400.7 |   187M |  60 |2002 |3518 |4095 |  23k|  1 |9814 |4580 | 1.049910e+05 | 1.054437e+05 |   0.43%|  82.37%
  829s|  8100 |   717 |  3317k| 403.5 |   187M |  60 |2002 |3508 |4091 |  23k|  1 |9911 |4587 | 1.049920e+05 | 1.054437e+05 |   0.43%|  82.40%
  834s|  8200 |   721 |  3346k| 402.1 |   187M |  60 |2002 |3529 |4186 |  24k|  1 |  10k|4601 | 1.049925e+05 | 1.054437e+05 |   0.43%|  82.46%
  847s|  8300 |   733 |  3402k| 403.9 |   188M |  60 |2002 |3510 |4141 |  24k|  2 |  10k|4689 | 1.049939e+05 | 1.054437e+05 |   0.43%|  82.56%
  872s|  8400 |   747 |  3503k| 411.2 |   189M |  60 |2002 |3505 |   0 |  24k|  0 |  10k|4775 | 1.049959e+05 | 1.054437e+05 |   0.43%|  82.62%
  896s|  8500 |   767 |  3603k| 418.1 |   189M |  60 |2002 |3524 |4307 |  24k|  3 |  10k|4870 | 1.049973e+05 | 1.054437e+05 |   0.43%|  82.73%
  907s|  8600 |   773 |  3647k| 418.3 |   189M |  60 |2002 |3543 |4208 |  25k|  0 |  10k|4914 | 1.049980e+05 | 1.054437e+05 |   0.42%|  82.88%
  921s|  8700 |   769 |  3715k| 421.4 |   189M |  60 |2002 |3499 |   0 |  25k|  0 |  10k|4963 | 1.049987e+05 | 1.054437e+05 |   0.42%|  82.92%
  938s|  8800 |   785 |  3784k| 424.4 |   190M |  60 |2002 |3461 |4124 |  25k|  1 |  10k|5059 | 1.050006e+05 | 1.054437e+05 |   0.42%|  83.14%
  951s|  8900 |   791 |  3836k| 425.5 |   191M |  60 |2002 |3435 |4174 |  26k|  2 |  10k|5119 | 1.050018e+05 | 1.054437e+05 |   0.42%|  83.22%
  960s|  9000 |   797 |  3881k| 425.7 |   191M |  60 |2002 |3481 |4208 |  26k|  1 |  10k|5191 | 1.050035e+05 | 1.054437e+05 |   0.42%|  83.23%
  970s|  9100 |   809 |  3923k| 425.7 |   193M |  60 |2002 |3430 |4138 |  26k|  0 |  11k|5247 | 1.050054e+05 | 1.054437e+05 |   0.42%|  83.28%
  983s|  9200 |   823 |  3980k| 427.3 |   193M |  60 |2002 |3499 |   0 |  27k|  0 |  11k|5304 | 1.050069e+05 | 1.054437e+05 |   0.42%|  83.31%
 1007s|  9300 |   835 |  4075k| 433.0 |   195M |  60 |2002 |3528 |4211 |  27k|  2 |  11k|5352 | 1.050078e+05 | 1.054437e+05 |   0.42%|  83.32%
 time | node  | left  |LP iter|LP it/n|mem/heur|mdpt |vars |cons |rows |cuts |sepa|confs|strbr|  dualbound   | primalbound  |  gap   | compl. 
 1016s|  9400 |   845 |  4107k| 431.7 |   196M |  60 |2002 |3519 |4173 |  27k|  1 |  11k|5430 | 1.050083e+05 | 1.054437e+05 |   0.41%|  83.32%
 1021s|  9500 |   839 |  4130k| 429.5 |   199M |  60 |2002 |3580 |   0 |  27k|  0 |  11k|5485 | 1.050083e+05 | 1.054437e+05 |   0.41%|  83.33%
 1036s|  9600 |   863 |  4183k| 430.7 |   200M |  60 |2002 |3445 |4288 |  28k|  1 |  12k|5577 | 1.050096e+05 | 1.054437e+05 |   0.41%|  83.42%
 1045s|  9700 |   871 |  4220k| 430.0 |   201M |  60 |2002 |3378 |4364 |  28k|  1 |  12k|5598 | 1.050103e+05 | 1.054437e+05 |   0.41%|  83.44%
 1053s|  9800 |   880 |  4264k| 430.1 |   201M |  60 |2002 |3415 |   0 |  28k|  0 |  12k|5623 | 1.050114e+05 | 1.054437e+05 |   0.41%|  83.46%
 1057s|  9900 |   880 |  4285k| 427.9 |   201M |  60 |2002 |3427 |   0 |  29k|  0 |  12k|5639 | 1.050120e+05 | 1.054437e+05 |   0.41%|  83.48%
 1073s| 10000 |   898 |  4359k| 431.0 |   202M |  60 |2002 |3382 |4132 |  29k|  0 |  12k|5662 | 1.050126e+05 | 1.054437e+05 |   0.41%|  83.51%
 1082s| 10100 |   902 |  4404k| 431.1 |   202M |  60 |2002 |3401 |   0 |  29k|  0 |  12k|5674 | 1.050142e+05 | 1.054437e+05 |   0.41%|  83.60%
 1088s| 10200 |   914 |  4431k| 429.6 |   202M |  60 |2002 |3497 |   0 |  29k|  0 |  12k|5707 | 1.050147e+05 | 1.054437e+05 |   0.41%|  83.67%
 1099s| 10300 |   932 |  4486k| 430.7 |   202M |  60 |2002 |3430 |4151 |  30k|  1 |  12k|5713 | 1.050155e+05 | 1.054437e+05 |   0.41%|  83.68%
Restart triggered after 50 consecutive estimations that the remaining tree will be large
(run 1, node 10342) performing user restart

(restart) converted 544 cuts from the global cut pool into linear constraints

presolving:
(round 1, fast)       10 del vars, 16 del conss, 0 add conss, 7 chg bounds, 11 chg sides, 207 chg coeffs, 0 upgd conss, 3021 impls, 0 clqs
(round 2, exhaustive) 10 del vars, 31 del conss, 0 add conss, 7 chg bounds, 11 chg sides, 207 chg coeffs, 0 upgd conss, 3021 impls, 0 clqs
(round 3, exhaustive) 10 del vars, 31 del conss, 0 add conss, 7 chg bounds, 11 chg sides, 207 chg coeffs, 9 upgd conss, 3021 impls, 0 clqs
(round 4, medium)     10 del vars, 37 del conss, 0 add conss, 7 chg bounds, 11 chg sides, 207 chg coeffs, 9 upgd conss, 3024 impls, 0 clqs
(round 5, exhaustive) 10 del vars, 42 del conss, 0 add conss, 7 chg bounds, 11 chg sides, 216 chg coeffs, 9 upgd conss, 3024 impls, 0 clqs
presolving (6 rounds: 6 fast, 5 medium, 4 exhaustive):
 10 deleted vars, 42 deleted constraints, 0 added constraints, 7 tightened bounds, 0 added holes, 11 changed sides, 216 changed coefficients
 3024 implications, 0 cliques
presolved problem has 1992 variables (1961 bin, 0 int, 0 impl, 31 cont) and 3906 constraints
      1 constraints of type <chancecons>
   2953 constraints of type <varbound>
      1 constraints of type <knapsack>
    563 constraints of type <linear>
     41 constraints of type <logicor>
    347 constraints of type <bounddisjunction>
Presolving Time: 0.23
transformed 47/55 original solutions to the transformed problem space

 time | node  | left  |LP iter|LP it/n|mem/heur|mdpt |vars |cons |rows |cuts |sepa|confs|strbr|  dualbound   | primalbound  |  gap   | compl. 
 1104s|     1 |     0 |  4514k|     - |   195M |   0 |1992 |3906 |3508 |   0 |  0 |  12k|5769 | 1.050157e+05 | 1.054437e+05 |   0.41%| unknown
 1105s|     1 |     0 |  4514k|     - |   195M |   0 |1992 |3906 |3525 |  17 |  1 |  12k|5769 | 1.050157e+05 | 1.054437e+05 |   0.41%| unknown
 1105s|     1 |     0 |  4514k|     - |   196M |   0 |1992 |3906 |3549 |  41 |  2 |  12k|5769 | 1.050157e+05 | 1.054437e+05 |   0.41%| unknown
 1105s|     1 |     0 |  4515k|     - |   196M |   0 |1992 |3912 |3575 |  67 |  3 |  12k|5769 | 1.050157e+05 | 1.054437e+05 |   0.41%| unknown
 1105s|     1 |     0 |  4515k|     - |   196M |   0 |1992 |3912 |3604 |  96 |  4 |  12k|5769 | 1.050157e+05 | 1.054437e+05 |   0.41%| unknown
 1105s|     1 |     0 |  4516k|     - |   199M |   0 |1992 |3915 |3628 | 120 |  5 |  12k|5769 | 1.050157e+05 | 1.054437e+05 |   0.41%| unknown
 1105s|     1 |     0 |  4516k|     - |   200M |   0 |1992 |3909 |3661 | 153 |  6 |  12k|5769 | 1.050157e+05 | 1.054437e+05 |   0.41%| unknown
 1105s|     1 |     0 |  4517k|     - |   200M |   0 |1992 |3913 |3690 | 182 |  7 |  12k|5769 | 1.050157e+05 | 1.054437e+05 |   0.41%| unknown
 1106s|     1 |     0 |  4517k|     - |   201M |   0 |1992 |3908 |3734 | 226 |  8 |  12k|5769 | 1.050157e+05 | 1.054437e+05 |   0.41%| unknown
 1106s|     1 |     0 |  4518k|     - |   201M |   0 |1992 |3909 |3769 | 261 |  9 |  12k|5769 | 1.050157e+05 | 1.054437e+05 |   0.41%| unknown
 1106s|     1 |     0 |  4519k|     - |   202M |   0 |1992 |3908 |3806 | 298 | 10 |  12k|5769 | 1.050157e+05 | 1.054437e+05 |   0.41%| unknown
 1106s|     1 |     0 |  4520k|     - |   202M |   0 |1992 |3908 |3841 | 333 | 11 |  12k|5769 | 1.050157e+05 | 1.054437e+05 |   0.41%| unknown
 1106s|     1 |     0 |  4521k|     - |   203M |   0 |1992 |3910 |3879 | 371 | 12 |  12k|5769 | 1.050157e+05 | 1.054437e+05 |   0.41%| unknown
 1107s|     1 |     0 |  4521k|     - |   204M |   0 |1992 |3908 |3915 | 407 | 13 |  12k|5769 | 1.050157e+05 | 1.054437e+05 |   0.41%| unknown
 1107s|     1 |     0 |  4523k|     - |   204M |   0 |1992 |3901 |3958 | 450 | 14 |  12k|5769 | 1.050157e+05 | 1.054437e+05 |   0.41%| unknown
 time | node  | left  |LP iter|LP it/n|mem/heur|mdpt |vars |cons |rows |cuts |sepa|confs|strbr|  dualbound   | primalbound  |  gap   | compl. 
 1107s|     1 |     0 |  4524k|     - |   205M |   0 |1992 |3898 |3868 | 485 | 15 |  12k|5769 | 1.050157e+05 | 1.054437e+05 |   0.41%| unknown
 1107s|     1 |     0 |  4524k|     - |   205M |   0 |1992 |3893 |3906 | 523 | 16 |  12k|5769 | 1.050157e+05 | 1.054437e+05 |   0.41%| unknown
 1108s|     1 |     0 |  4526k|     - |   205M |   0 |1992 |3891 |3947 | 564 | 17 |  12k|5769 | 1.050157e+05 | 1.054437e+05 |   0.41%| unknown
 1108s|     1 |     0 |  4527k|     - |   206M |   0 |1992 |3887 |3984 | 601 | 18 |  12k|5769 | 1.050157e+05 | 1.054437e+05 |   0.41%| unknown
 1108s|     1 |     0 |  4529k|     - |   207M |   0 |1992 |3887 |4018 | 635 | 19 |  12k|5769 | 1.050157e+05 | 1.054437e+05 |   0.41%| unknown
 1109s|     1 |     0 |  4530k|     - |   207M |   0 |1992 |3884 |4057 | 674 | 20 |  12k|5769 | 1.050157e+05 | 1.054437e+05 |   0.41%| unknown
 1109s|     1 |     0 |  4531k|     - |   207M |   0 |1992 |3881 |3981 | 712 | 21 |  12k|5769 | 1.050157e+05 | 1.054437e+05 |   0.41%| unknown
 1109s|     1 |     0 |  4533k|     - |   207M |   0 |1992 |3878 |4011 | 742 | 22 |  12k|5769 | 1.050157e+05 | 1.054437e+05 |   0.41%| unknown
 1110s|     1 |     0 |  4534k|     - |   207M |   0 |1992 |3863 |4061 | 792 | 23 |  12k|5769 | 1.050157e+05 | 1.054437e+05 |   0.41%| unknown
 1110s|     1 |     0 |  4536k|     - |   207M |   0 |1992 |3859 |4103 | 834 | 24 |  12k|5769 | 1.050157e+05 | 1.054437e+05 |   0.41%| unknown
 1110s|     1 |     0 |  4537k|     - |   208M |   0 |1992 |3852 |4141 | 872 | 25 |  12k|5769 | 1.050157e+05 | 1.054437e+05 |   0.41%| unknown
 1111s|     1 |     0 |  4539k|     - |   208M |   0 |1992 |3845 |4176 | 907 | 26 |  12k|5769 | 1.050157e+05 | 1.054437e+05 |   0.41%| unknown
 1111s|     1 |     0 |  4541k|     - |   208M |   0 |1992 |3839 |4081 | 946 | 27 |  12k|5769 | 1.050157e+05 | 1.054437e+05 |   0.41%| unknown
 1112s|     1 |     0 |  4543k|     - |   208M |   0 |1992 |3833 |4117 | 982 | 28 |  12k|5769 | 1.050157e+05 | 1.054437e+05 |   0.41%| unknown
 1112s|     1 |     0 |  4545k|     - |   208M |   0 |1992 |3823 |4163 |1028 | 29 |  12k|5769 | 1.050157e+05 | 1.054437e+05 |   0.41%| unknown
 time | node  | left  |LP iter|LP it/n|mem/heur|mdpt |vars |cons |rows |cuts |sepa|confs|strbr|  dualbound   | primalbound  |  gap   | compl. 
 1112s|     1 |     0 |  4547k|     - |   208M |   0 |1992 |3818 |4205 |1070 | 30 |  12k|5769 | 1.050157e+05 | 1.054437e+05 |   0.41%| unknown
 1113s|     1 |     0 |  4549k|     - |   208M |   0 |1992 |3807 |4251 |1116 | 31 |  12k|5769 | 1.050157e+05 | 1.054437e+05 |   0.41%| unknown
 1113s|     1 |     0 |  4550k|     - |   209M |   0 |1992 |3799 |4287 |1152 | 32 |  12k|5769 | 1.050157e+05 | 1.054437e+05 |   0.41%| unknown
 1114s|     1 |     0 |  4552k|     - |   209M |   0 |1992 |3790 |4180 |1189 | 33 |  12k|5769 | 1.050157e+05 | 1.054437e+05 |   0.41%| unknown
 1114s|     1 |     0 |  4555k|     - |   209M |   0 |1992 |3775 |4215 |1224 | 34 |  12k|5769 | 1.050157e+05 | 1.054437e+05 |   0.41%| unknown
 1115s|     1 |     0 |  4557k|     - |   209M |   0 |1992 |3762 |4252 |1261 | 35 |  12k|5769 | 1.050157e+05 | 1.054437e+05 |   0.41%| unknown
 1115s|     1 |     0 |  4559k|     - |   209M |   0 |1992 |3758 |4281 |1290 | 36 |  12k|5769 | 1.050157e+05 | 1.054437e+05 |   0.41%| unknown
 1116s|     1 |     0 |  4561k|     - |   209M |   0 |1992 |3757 |4322 |1331 | 37 |  12k|5769 | 1.050157e+05 | 1.054437e+05 |   0.41%| unknown
 1116s|     1 |     0 |  4563k|     - |   209M |   0 |1992 |3755 |4362 |1371 | 38 |  12k|5769 | 1.050157e+05 | 1.054437e+05 |   0.41%| unknown
 1124s|     1 |     2 |  4569k|     - |   209M |   0 |1992 |3671 |4362 |1371 | 38 |  12k|5796 | 1.050157e+05 | 1.054437e+05 |   0.41%| unknown
 1149s|   100 |    25 |  4602k| 431.0 |   213M |  30 |1992 |3740 |3840 |1861 |  1 |  13k|6152 | 1.050157e+05 | 1.054437e+05 |   0.41%|  17.97%
 1161s|   200 |    15 |  4634k| 429.9 |   214M |  33 |1992 |3737 |3826 |2355 |  1 |  13k|6464 | 1.050157e+05 | 1.054437e+05 |   0.41%|  28.31%
 1186s|   300 |    19 |  4677k| 429.9 |   215M |  33 |1992 |3695 |3926 |2827 |  3 |  13k|7005 | 1.050157e+05 | 1.054437e+05 |   0.41%|  40.44%
 1210s|   400 |    17 |  4709k| 428.9 |   216M |  33 |1992 |3701 |3893 |3141 |  1 |  14k|7495 | 1.050157e+05 | 1.054437e+05 |   0.41%|  60.58%
 1219s|   500 |    24 |  4733k| 427.2 |   216M |  34 |1992 |3775 |   0 |3509 |  0 |  14k|7784 | 1.050157e+05 | 1.054437e+05 |   0.41%|  60.58%
 time | node  | left  |LP iter|LP it/n|mem/heur|mdpt |vars |cons |rows |cuts |sepa|confs|strbr|  dualbound   | primalbound  |  gap   | compl. 
 1230s|   600 |    34 |  4753k| 425.1 |   221M |  45 |1992 |3810 |3919 |3929 |  1 |  14k|8226 | 1.050157e+05 | 1.054437e+05 |   0.41%|  60.58%
 1234s|   700 |    32 |  4767k| 422.5 |   222M |  49 |1992 |3871 |   0 |4033 |  0 |  14k|8361 | 1.050157e+05 | 1.054437e+05 |   0.41%|  60.58%
 1241s|   800 |    46 |  4794k| 421.1 |   226M |  49 |1992 |3839 |3999 |4587 |  0 |  14k|8527 | 1.050157e+05 | 1.054437e+05 |   0.41%|  60.58%
 1248s|   900 |    54 |  4826k| 420.2 |   228M |  49 |1992 |3820 |3984 |5258 |  1 |  14k|8630 | 1.050157e+05 | 1.054437e+05 |   0.41%|  60.58%
 1256s|  1000 |    50 |  4862k| 419.7 |   232M |  49 |1992 |3852 |   0 |6268 |  0 |  15k|8733 | 1.050157e+05 | 1.054437e+05 |   0.41%|  60.58%
 1261s|  1100 |    62 |  4885k| 418.0 |   233M |  49 |1992 |3882 |   0 |6860 |  0 |  15k|8836 | 1.050157e+05 | 1.054437e+05 |   0.41%|  62.88%
 1268s|  1200 |    60 |  4909k| 416.5 |   235M |  49 |1992 |3840 |   0 |7222 |  0 |  15k|8953 | 1.050157e+05 | 1.054437e+05 |   0.41%|  63.20%
 1277s|  1300 |    70 |  4944k| 415.9 |   237M |  49 |1992 |3836 |   0 |7763 |  0 |  15k|9109 | 1.050157e+05 | 1.054437e+05 |   0.41%|  63.85%
 1283s|  1400 |    72 |  4968k| 414.4 |   238M |  49 |1992 |3835 |4008 |8152 |  1 |  15k|9216 | 1.050157e+05 | 1.054437e+05 |   0.41%|  63.85%
 1292s|  1500 |    76 |  5004k| 414.0 |   239M |  49 |1992 |3824 |   0 |8822 |  0 |  15k|9307 | 1.050157e+05 | 1.054437e+05 |   0.41%|  63.85%
 1297s|  1600 |    92 |  5032k| 412.8 |   241M |  49 |1992 |3815 |4018 |9244 |  1 |  15k|9370 | 1.050157e+05 | 1.054437e+05 |   0.41%|  63.85%
 1305s|  1700 |    78 |  5066k| 412.2 |   241M |  49 |1992 |3831 |   0 |9734 |  0 |  16k|9441 | 1.050157e+05 | 1.054437e+05 |   0.41%|  63.86%
 1309s|  1800 |    84 |  5079k| 409.9 |   242M |  49 |1992 |3838 |4009 |9924 |  3 |  16k|9565 | 1.050157e+05 | 1.054437e+05 |   0.41%|  63.86%
 1313s|  1900 |    88 |  5095k| 407.9 |   243M |  60 |1992 |3837 |   0 |  10k|  0 |  16k|9659 | 1.050157e+05 | 1.054437e+05 |   0.41%|  63.86%
 1316s|  2000 |    94 |  5108k| 405.6 |   246M |  60 |1992 |3876 |4070 |  10k|  0 |  16k|9702 | 1.050157e+05 | 1.054437e+05 |   0.41%|  63.86%
 time | node  | left  |LP iter|LP it/n|mem/heur|mdpt |vars |cons |rows |cuts |sepa|confs|strbr|  dualbound   | primalbound  |  gap   | compl. 
 1322s|  2100 |    90 |  5135k| 404.5 |   247M |  60 |1992 |3885 |   0 |  10k|  0 |  16k|9757 | 1.050157e+05 | 1.054437e+05 |   0.41%|  63.86%
 1325s|  2200 |    92 |  5149k| 402.4 |   248M |  60 |1992 |3853 |4077 |  11k|  1 |  17k|9828 | 1.050157e+05 | 1.054437e+05 |   0.41%|  63.86%
 1329s|  2300 |    92 |  5166k| 400.6 |   249M |  60 |1992 |3891 |4102 |  11k|  0 |  17k|9871 | 1.050157e+05 | 1.054437e+05 |   0.41%|  63.86%
 1333s|  2400 |    98 |  5186k| 399.0 |   249M |  60 |1992 |3844 |3950 |  11k|  1 |  17k|9913 | 1.050157e+05 | 1.054437e+05 |   0.41%|  63.86%
 1338s|  2500 |   108 |  5209k| 397.7 |   250M |  60 |1992 |3860 |4019 |  12k|  2 |  17k|9968 | 1.050157e+05 | 1.054437e+05 |   0.41%|  63.86%
 1348s|  2600 |   102 |  5239k| 396.9 |   251M |  60 |1992 |3840 |   0 |  12k|  0 |  17k|  10k| 1.050157e+05 | 1.054437e+05 |   0.41%|  63.86%
 1352s|  2700 |   122 |  5264k| 395.8 |   252M |  60 |1992 |3849 |3949 |  13k|  1 |  17k|  10k| 1.050157e+05 | 1.054437e+05 |   0.41%|  63.94%
 1361s|  2800 |   142 |  5294k| 395.1 |   253M |  60 |1992 |3844 |4127 |  14k|  1 |  17k|  10k| 1.050157e+05 | 1.054437e+05 |   0.41%|  64.00%
 1364s|  2900 |   146 |  5308k| 393.2 |   253M |  63 |1992 |3838 |4159 |  14k|  1 |  18k|  10k| 1.050157e+05 | 1.054437e+05 |   0.41%|  64.00%
 1373s|  3000 |   168 |  5357k| 393.8 |   253M |  63 |1992 |3815 |4031 |  14k|  1 |  18k|  10k| 1.050157e+05 | 1.054437e+05 |   0.41%|  64.00%
 1384s|  3100 |   170 |  5404k| 394.5 |   253M |  63 |1992 |3790 |4210 |  15k|  1 |  18k|  10k| 1.050157e+05 | 1.054437e+05 |   0.41%|  64.00%
 1388s|  3200 |   176 |  5421k| 392.8 |   253M |  63 |1992 |3805 |4265 |  15k|  2 |  18k|  10k| 1.050157e+05 | 1.054437e+05 |   0.41%|  64.00%
 1393s|  3300 |   178 |  5446k| 391.8 |   253M |  63 |1992 |3807 |   0 |  16k|  0 |  18k|  10k| 1.050157e+05 | 1.054437e+05 |   0.41%|  64.00%
 1398s|  3400 |   182 |  5467k| 390.4 |   253M |  63 |1992 |3820 |4013 |  16k|  0 |  18k|  10k| 1.050157e+05 | 1.054437e+05 |   0.41%|  64.03%
 1403s|  3500 |   190 |  5491k| 389.3 |   253M |  63 |1992 |3813 |   0 |  16k|  0 |  18k|  10k| 1.050157e+05 | 1.054437e+05 |   0.41%|  64.03%
 time | node  | left  |LP iter|LP it/n|mem/heur|mdpt |vars |cons |rows |cuts |sepa|confs|strbr|  dualbound   | primalbound  |  gap   | compl. 
 1407s|  3600 |   188 |  5514k| 388.2 |   253M |  63 |1992 |3773 |4107 |  17k|  1 |  18k|  10k| 1.050157e+05 | 1.054437e+05 |   0.41%|  64.03%
 1413s|  3700 |   184 |  5544k| 387.5 |   254M |  63 |1992 |3790 |3968 |  17k|  2 |  19k|  10k| 1.050157e+05 | 1.054437e+05 |   0.41%|  64.03%
 1417s|  3800 |   189 |  5566k| 386.4 |   254M |  63 |1992 |3796 |4203 |  17k|  1 |  19k|  10k| 1.050157e+05 | 1.054437e+05 |   0.41%|  64.06%
 1421s|  3900 |   193 |  5591k| 385.4 |   254M |  63 |1992 |3777 |4296 |  18k|  0 |  19k|  10k| 1.050157e+05 | 1.054437e+05 |   0.41%|  64.06%
 1428s|  4000 |   195 |  5627k| 385.2 |   254M |  63 |1992 |3790 |   0 |  18k|  0 |  19k|  10k| 1.050157e+05 | 1.054437e+05 |   0.41%|  64.06%
 1435s|  4100 |   209 |  5661k| 385.0 |   255M |  63 |1992 |3773 |4071 |  19k|  0 |  19k|  10k| 1.050157e+05 | 1.054437e+05 |   0.41%|  64.11%
 1444s|  4200 |   207 |  5705k| 385.3 |   255M |  63 |1992 |3764 |   0 |  19k|  0 |  19k|  10k| 1.050157e+05 | 1.054437e+05 |   0.41%|  64.18%
 1448s|  4300 |   211 |  5729k| 384.3 |   255M |  63 |1992 |3761 |3943 |  19k|  1 |  19k|  10k| 1.050157e+05 | 1.054437e+05 |   0.41%|  64.18%
 1451s|  4400 |   223 |  5744k| 382.7 |   255M |  63 |1992 |3781 |4234 |  20k|  1 |  19k|  10k| 1.050157e+05 | 1.054437e+05 |   0.41%|  64.18%
 1463s|  4500 |   239 |  5794k| 383.5 |   255M |  66 |1992 |3737 |   0 |  20k|  0 |  19k|  10k| 1.050157e+05 | 1.054437e+05 |   0.41%|  64.22%
 1471s|  4600 |   243 |  5842k| 384.2 |   255M |  66 |1992 |3784 |   0 |  21k|  0 |  19k|  10k| 1.050157e+05 | 1.054437e+05 |   0.41%|  64.22%
 1475s|  4700 |   253 |  5867k| 383.3 |   256M |  66 |1992 |3795 |3978 |  21k|  0 |  19k|  10k| 1.050157e+05 | 1.054437e+05 |   0.41%|  64.23%
 1481s|  4800 |   267 |  5894k| 382.5 |   256M |  66 |1992 |3756 |   0 |  22k|  0 |  19k|  10k| 1.050157e+05 | 1.054437e+05 |   0.41%|  64.23%
 1490s|  4900 |   285 |  5940k| 383.0 |   257M |  66 |1992 |3730 |3899 |  22k|  1 |  20k|  10k| 1.050157e+05 | 1.054437e+05 |   0.41%|  64.23%
 1493s|  5000 |   285 |  5950k| 381.2 |   258M |  66 |1992 |3726 |   0 |  22k|  0 |  20k|  11k| 1.050157e+05 | 1.054437e+05 |   0.41%|  64.23%
 time | node  | left  |LP iter|LP it/n|mem/heur|mdpt |vars |cons |rows |cuts |sepa|confs|strbr|  dualbound   | primalbound  |  gap   | compl. 
 1494s|  5100 |   284 |  5956k| 379.1 |   259M |  66 |1992 |3728 |4013 |  22k|  1 |  20k|  11k| 1.050157e+05 | 1.054437e+05 |   0.41%|  64.23%
 1499s|  5200 |   284 |  5974k| 377.8 |   259M |  66 |1992 |3720 |4035 |  22k|  0 |  20k|  11k| 1.050157e+05 | 1.054437e+05 |   0.41%|  64.23%
 1501s|  5300 |   288 |  5989k| 376.4 |   260M |  66 |1992 |3724 |4256 |  23k|  1 |  20k|  11k| 1.050157e+05 | 1.054437e+05 |   0.41%|  64.23%
 1507s|  5400 |   290 |  6018k| 375.8 |   261M |  66 |1992 |3734 |   0 |  23k|  0 |  20k|  11k| 1.050157e+05 | 1.054437e+05 |   0.41%|  64.23%
 1515s|  5500 |   293 |  6054k| 375.7 |   262M |  66 |1992 |3762 |   0 |  23k|  0 |  20k|  11k| 1.050157e+05 | 1.054437e+05 |   0.41%|  64.23%
 1525s|  5600 |   308 |  6104k| 376.5 |   265M |  66 |1992 |3783 |4107 |  24k|  1 |  20k|  11k| 1.050157e+05 | 1.054437e+05 |   0.41%|  64.56%
 1527s|  5700 |   312 |  6111k| 374.6 |   265M |  66 |1992 |3792 |4142 |  24k|  1 |  20k|  11k| 1.050157e+05 | 1.054437e+05 |   0.41%|  64.56%
 1531s|  5800 |   326 |  6133k| 373.6 |   266M |  66 |1992 |3769 |4197 |  24k|  0 |  20k|  11k| 1.050157e+05 | 1.054437e+05 |   0.41%|  64.56%
 1535s|  5900 |   328 |  6154k| 372.6 |   267M |  66 |1992 |3749 |4217 |  24k|  0 |  21k|  11k| 1.050157e+05 | 1.054437e+05 |   0.41%|  64.64%
 1542s|  6000 |   340 |  6185k| 372.3 |   268M |  66 |1992 |3775 |4205 |  25k|  2 |  21k|  11k| 1.050157e+05 | 1.054437e+05 |   0.41%|  64.68%
 1553s|  6100 |   352 |  6232k| 372.8 |   269M |  66 |1992 |3763 |4295 |  25k|  1 |  21k|  11k| 1.050157e+05 | 1.054437e+05 |   0.41%|  64.71%
 1558s|  6200 |   352 |  6252k| 371.8 |   269M |  66 |1992 |3772 |4177 |  25k|  1 |  21k|  11k| 1.050157e+05 | 1.054437e+05 |   0.41%|  64.72%
 1561s|  6300 |   348 |  6264k| 370.3 |   269M |  66 |1992 |3817 |4243 |  25k|  0 |  21k|  11k| 1.050157e+05 | 1.054437e+05 |   0.41%|  64.72%
 1566s|  6400 |   356 |  6295k| 369.9 |   269M |  66 |1992 |3846 |4064 |  26k|  1 |  21k|  11k| 1.050157e+05 | 1.054437e+05 |   0.41%|  64.73%
 1570s|  6500 |   360 |  6315k| 368.9 |   269M |  66 |1992 |3872 |3919 |  26k|  1 |  21k|  11k| 1.050157e+05 | 1.054437e+05 |   0.41%|  64.73%
 time | node  | left  |LP iter|LP it/n|mem/heur|mdpt |vars |cons |rows |cuts |sepa|confs|strbr|  dualbound   | primalbound  |  gap   | compl. 
 1573s|  6600 |   354 |  6329k| 367.6 |   269M |  66 |1992 |3942 |4124 |  26k|  1 |  21k|  11k| 1.050157e+05 | 1.054437e+05 |   0.41%|  64.73%
 1577s|  6700 |   366 |  6356k| 367.0 |   269M |  66 |1992 |3917 |   0 |  26k|  0 |  21k|  11k| 1.050157e+05 | 1.054437e+05 |   0.41%|  64.73%
 1582s|  6800 |   368 |  6383k| 366.4 |   270M |  66 |1992 |3904 |   0 |  26k|  0 |  21k|  11k| 1.050157e+05 | 1.054437e+05 |   0.41%|  64.73%
 1590s|  6900 |   388 |  6416k| 366.2 |   270M |  66 |1992 |3884 |4269 |  26k|  2 |  21k|  11k| 1.050157e+05 | 1.054437e+05 |   0.41%|  64.73%
 1592s|  7000 |   388 |  6427k| 364.7 |   270M |  66 |1992 |3883 |4128 |  27k|  2 |  22k|  11k| 1.050157e+05 | 1.054437e+05 |   0.41%|  64.74%
 1599s|  7100 |   394 |  6464k| 364.8 |   270M |  66 |1992 |3862 |   0 |  27k|  0 |  22k|  11k| 1.050157e+05 | 1.054437e+05 |   0.41%|  64.74%
 1601s|  7200 |   396 |  6476k| 363.4 |   271M |  66 |1992 |3907 |4125 |  27k|  2 |  22k|  11k| 1.050157e+05 | 1.054437e+05 |   0.41%|  64.74%
 1607s|  7300 |   408 |  6510k| 363.2 |   271M |  66 |1992 |3863 |4212 |  27k|  1 |  22k|  11k| 1.050157e+05 | 1.054437e+05 |   0.41%|  64.74%
 1610s|  7400 |   408 |  6529k| 362.2 |   271M |  66 |1992 |3859 |4141 |  27k|  2 |  22k|  11k| 1.050157e+05 | 1.054437e+05 |   0.41%|  64.74%
 1617s|  7500 |   422 |  6560k| 362.0 |   272M |  66 |1992 |3847 |   0 |  27k|  0 |  22k|  11k| 1.050157e+05 | 1.054437e+05 |   0.41%|  64.74%
 1621s|  7600 |   429 |  6579k| 361.0 |   273M |  66 |1992 |3859 |4180 |  28k|  1 |  22k|  11k| 1.050157e+05 | 1.054437e+05 |   0.41%|  64.74%
 1628s|  7700 |   433 |  6611k| 360.8 |   273M |  66 |1992 |3910 |4148 |  28k|  1 |  22k|  11k| 1.050157e+05 | 1.054437e+05 |   0.41%|  64.74%
 1640s|  7800 |   427 |  6667k| 361.9 |   273M |  66 |1992 |3866 |   0 |  28k|  0 |  22k|  11k| 1.050157e+05 | 1.054437e+05 |   0.41%|  64.74%
 1647s|  7900 |   441 |  6704k| 361.9 |   274M |  66 |1992 |3855 |4223 |  28k|  1 |  22k|  11k| 1.050157e+05 | 1.054437e+05 |   0.41%|  64.74%
 1649s|  8000 |   433 |  6715k| 360.5 |   274M |  66 |1992 |3881 |4214 |  28k|  1 |  23k|  11k| 1.050157e+05 | 1.054437e+05 |   0.41%|  64.74%
 time | node  | left  |LP iter|LP it/n|mem/heur|mdpt |vars |cons |rows |cuts |sepa|confs|strbr|  dualbound   | primalbound  |  gap   | compl. 
 1658s|  8100 |   445 |  6750k| 360.5 |   275M |  66 |1992 |3860 |4273 |  29k|  1 |  23k|  11k| 1.050157e+05 | 1.054437e+05 |   0.41%|  64.74%
 1661s|  8200 |   447 |  6765k| 359.3 |   275M |  66 |1992 |3837 |4221 |  29k|  1 |  23k|  11k| 1.050157e+05 | 1.054437e+05 |   0.41%|  64.74%
 1666s|  8300 |   453 |  6786k| 358.6 |   276M |  66 |1992 |3843 |4218 |  29k|  3 |  23k|  11k| 1.050157e+05 | 1.054437e+05 |   0.41%|  64.74%
 1673s|  8400 |   460 |  6815k| 358.2 |   276M |  66 |1992 |3844 |4238 |  29k|  2 |  23k|  11k| 1.050157e+05 | 1.054437e+05 |   0.41%|  64.74%
 1676s|  8500 |   462 |  6830k| 357.1 |   276M |  66 |1992 |3846 |   0 |  29k|  0 |  23k|  11k| 1.050157e+05 | 1.054437e+05 |   0.41%|  64.74%
 1684s|  8600 |   478 |  6865k| 357.1 |   277M |  66 |1992 |3839 |4157 |  29k|  1 |  23k|  11k| 1.050157e+05 | 1.054437e+05 |   0.41%|  64.74%
 1688s|  8700 |   483 |  6888k| 356.4 |   277M |  66 |1992 |3843 |4187 |  30k|  2 |  23k|  11k| 1.050157e+05 | 1.054437e+05 |   0.41%|  64.74%
 1690s|  8800 |   487 |  6899k| 355.1 |   277M |  66 |1992 |3859 |4197 |  30k|  1 |  23k|  11k| 1.050157e+05 | 1.054437e+05 |   0.41%|  64.74%
 1698s|  8900 |   484 |  6936k| 355.2 |   278M |  66 |1992 |3856 |   0 |  30k|  0 |  23k|  11k| 1.050157e+05 | 1.054437e+05 |   0.41%|  64.74%
 1703s|  9000 |   504 |  6962k| 354.7 |   280M |  66 |1992 |3826 |4322 |  30k|  1 |  24k|  11k| 1.050157e+05 | 1.054437e+05 |   0.41%|  64.74%
 1705s|  9100 |   504 |  6977k| 353.6 |   281M |  66 |1992 |3848 |4259 |  30k|  2 |  24k|  11k| 1.050157e+05 | 1.054437e+05 |   0.41%|  64.74%
 1708s|  9200 |   500 |  6996k| 352.8 |   281M |  66 |1992 |3844 |4243 |  30k|  1 |  24k|  11k| 1.050157e+05 | 1.054437e+05 |   0.41%|  64.74%
 1711s|  9300 |   494 |  7010k| 351.7 |   281M |  66 |1992 |3876 |   0 |  30k|  0 |  24k|  11k| 1.050157e+05 | 1.054437e+05 |   0.41%|  64.74%
 1718s|  9400 |   500 |  7043k| 351.6 |   281M |  66 |1992 |3869 |4171 |  31k|  1 |  24k|  11k| 1.050157e+05 | 1.054437e+05 |   0.41%|  64.74%
 1724s|  9500 |   511 |  7065k| 350.9 |   282M |  73 |1992 |3886 |4279 |  31k|  1 |  24k|  11k| 1.050157e+05 | 1.054437e+05 |   0.41%|  64.74%
 time | node  | left  |LP iter|LP it/n|mem/heur|mdpt |vars |cons |rows |cuts |sepa|confs|strbr|  dualbound   | primalbound  |  gap   | compl. 
 1731s|  9600 |   529 |  7089k| 350.4 |   282M |  84 |1992 |3956 |4322 |  31k|  1 |  24k|  12k| 1.050157e+05 | 1.054437e+05 |   0.41%|  64.74%
 1735s|  9700 |   539 |  7107k| 349.5 |   282M |  84 |1992 |3923 |4291 |  31k|  2 |  25k|  12k| 1.050157e+05 | 1.054437e+05 |   0.41%|  64.74%
 1737s|  9800 |   545 |  7117k| 348.3 |   283M |  87 |1992 |3936 |4295 |  31k|  1 |  25k|  12k| 1.050157e+05 | 1.054437e+05 |   0.41%|  64.74%
 1739s|  9900 |   547 |  7125k| 347.0 |   283M |  87 |1992 |3933 |4300 |  31k|  3 |  25k|  12k| 1.050157e+05 | 1.054437e+05 |   0.41%|  64.74%
 1747s| 10000 |   551 |  7157k| 346.8 |   283M |  87 |1992 |3950 |4242 |  32k|  1 |  25k|  12k| 1.050157e+05 | 1.054437e+05 |   0.41%|  64.74%
 1751s| 10100 |   559 |  7173k| 345.9 |   284M |  87 |1992 |3990 |4319 |  32k|  3 |  25k|  12k| 1.050157e+05 | 1.054437e+05 |   0.41%|  64.74%
 1755s| 10200 |   553 |  7188k| 344.9 |   284M |  87 |1992 |3939 |3988 |  32k|  0 |  25k|  12k| 1.050157e+05 | 1.054437e+05 |   0.41%|  64.74%
 1760s| 10300 |   561 |  7212k| 344.5 |   285M |  87 |1992 |3984 |4183 |  32k|  2 |  25k|  12k| 1.050157e+05 | 1.054437e+05 |   0.41%|  64.74%
 1769s| 10400 |   557 |  7249k| 344.6 |   286M |  87 |1992 |3977 |   0 |  32k|  0 |  25k|  12k| 1.050157e+05 | 1.054437e+05 |   0.41%|  64.74%
 1776s| 10500 |   571 |  7274k| 344.1 |   286M |  87 |1992 |3924 |   0 |  32k|  0 |  26k|  12k| 1.050157e+05 | 1.054437e+05 |   0.41%|  64.88%
 1781s| 10600 |   581 |  7295k| 343.5 |   287M |  87 |1992 |3885 |4163 |  33k|  2 |  26k|  12k| 1.050157e+05 | 1.054437e+05 |   0.41%|  64.99%
 1784s| 10700 |   576 |  7308k| 342.5 |   288M |  87 |1992 |3888 |4212 |  33k|  1 |  26k|  12k| 1.050157e+05 | 1.054437e+05 |   0.41%|  64.99%
 1788s| 10800 |   578 |  7326k| 341.7 |   288M |  87 |1992 |3889 |4205 |  33k|  3 |  26k|  12k| 1.050157e+05 | 1.054437e+05 |   0.41%|  64.99%
 1795s| 10900 |   572 |  7355k| 341.5 |   288M |  87 |1992 |3930 |   0 |  33k|  0 |  26k|  12k| 1.050157e+05 | 1.054437e+05 |   0.41%|  65.00%
 1804s| 11000 |   574 |  7387k| 341.4 |   288M |  87 |1992 |3916 |4320 |  33k|  2 |  26k|  12k| 1.050157e+05 | 1.054437e+05 |   0.41%|  65.00%
 time | node  | left  |LP iter|LP it/n|mem/heur|mdpt |vars |cons |rows |cuts |sepa|confs|strbr|  dualbound   | primalbound  |  gap   | compl. 
 1808s| 11100 |   572 |  7401k| 340.4 |   288M |  87 |1992 |3967 |4274 |  33k|  1 |  26k|  12k| 1.050157e+05 | 1.054437e+05 |   0.41%|  65.00%
 1812s| 11200 |   578 |  7419k| 339.7 |   289M |  87 |1992 |3964 |4137 |  33k|  1 |  26k|  12k| 1.050157e+05 | 1.054437e+05 |   0.41%|  65.00%
 1819s| 11300 |   568 |  7455k| 339.8 |   289M |  87 |1992 |3931 |4453 |  34k|  0 |  27k|  12k| 1.050157e+05 | 1.054437e+05 |   0.41%|  65.00%
 1825s| 11400 |   571 |  7480k| 339.4 |   290M |  87 |1992 |3958 |4050 |  34k|  3 |  27k|  12k| 1.050157e+05 | 1.054437e+05 |   0.41%|  65.00%
 1829s| 11500 |   569 |  7496k| 338.5 |   291M |  87 |1992 |3957 |4186 |  34k|  3 |  27k|  12k| 1.050157e+05 | 1.054437e+05 |   0.41%|  65.00%
 1841s| 11600 |   579 |  7546k| 339.3 |   292M |  87 |1992 |3892 |4252 |  34k|  1 |  27k|  12k| 1.050157e+05 | 1.054437e+05 |   0.41%|  65.00%
 1850s| 11700 |   583 |  7587k| 339.6 |   292M |  87 |1992 |3909 |4246 |  35k|  1 |  27k|  13k| 1.050157e+05 | 1.054437e+05 |   0.41%|  65.00%
 1863s| 11800 |   601 |  7647k| 340.7 |   293M |  87 |1992 |3912 |4303 |  35k|  1 |  27k|  13k| 1.050157e+05 | 1.054437e+05 |   0.41%|  65.00%
 1875s| 11900 |   595 |  7699k| 341.6 |   295M |  87 |1992 |3931 |4324 |  35k|  1 |  27k|  13k| 1.050157e+05 | 1.054437e+05 |   0.41%|  65.00%
 1880s| 12000 |   611 |  7721k| 341.0 |   296M |  87 |1992 |3895 |4179 |  35k|  1 |  27k|  13k| 1.050157e+05 | 1.054437e+05 |   0.41%|  65.00%
 1894s| 12100 |   619 |  7784k| 342.3 |   296M |  87 |1992 |3879 |   0 |  36k|  0 |  27k|  13k| 1.050157e+05 | 1.054437e+05 |   0.41%|  65.00%
 1905s| 12200 |   633 |  7833k| 342.9 |   297M |  87 |1992 |3879 |4261 |  36k|  1 |  27k|  13k| 1.050157e+05 | 1.054437e+05 |   0.41%|  65.00%
 1911s| 12300 |   649 |  7864k| 342.8 |   297M |  87 |1992 |3839 |   0 |  36k|  0 |  27k|  13k| 1.050157e+05 | 1.054437e+05 |   0.41%|  65.00%
 1927s| 12400 |   679 |  7925k| 344.0 |   298M |  87 |1992 |3845 |4238 |  36k|  1 |  28k|  13k| 1.050157e+05 | 1.054437e+05 |   0.41%|  65.00%
 1935s| 12500 |   683 |  7960k| 344.0 |   298M |  87 |1992 |3844 |4231 |  37k|  1 |  28k|  13k| 1.050157e+05 | 1.054437e+05 |   0.41%|  65.00%
 time | node  | left  |LP iter|LP it/n|mem/heur|mdpt |vars |cons |rows |cuts |sepa|confs|strbr|  dualbound   | primalbound  |  gap   | compl. 
 1940s| 12600 |   687 |  7979k| 343.4 |   299M |  87 |1992 |3852 |   0 |  37k|  0 |  28k|  13k| 1.050157e+05 | 1.054437e+05 |   0.41%|  65.00%
 1951s| 12700 |   697 |  8030k| 344.1 |   299M |  87 |1992 |3818 |   0 |  37k|  0 |  28k|  13k| 1.050157e+05 | 1.054437e+05 |   0.41%|  65.00%
 1965s| 12800 |   691 |  8088k| 345.1 |   299M |  87 |1992 |3877 |   0 |  37k|  0 |  28k|  13k| 1.050157e+05 | 1.054437e+05 |   0.41%|  65.00%
 1977s| 12900 |   693 |  8132k| 345.5 |   301M |  87 |1992 |3902 |4144 |  38k|  2 |  28k|  13k| 1.050157e+05 | 1.054437e+05 |   0.41%|  65.00%
 1982s| 13000 |   697 |  8155k| 345.0 |   302M |  87 |1992 |3925 |   0 |  38k|  0 |  28k|  13k| 1.050157e+05 | 1.054437e+05 |   0.41%|  65.00%
 1988s| 13100 |   707 |  8185k| 344.8 |   303M |  87 |1992 |3894 |4404 |  38k|  0 |  28k|  13k| 1.050157e+05 | 1.054437e+05 |   0.41%|  65.00%
 1996s| 13200 |   715 |  8218k| 344.8 |   304M |  87 |1992 |3921 |   0 |  38k|  0 |  28k|  13k| 1.050157e+05 | 1.054437e+05 |   0.41%|  65.00%
 1998s| 13300 |   721 |  8231k| 343.8 |   305M |  87 |1992 |3911 |   0 |  38k|  0 |  28k|  13k| 1.050157e+05 | 1.054437e+05 |   0.41%|  65.00%
 2001s| 13400 |   719 |  8245k| 343.0 |   305M |  87 |1992 |3917 |4453 |  39k|  0 |  28k|  13k| 1.050157e+05 | 1.054437e+05 |   0.41%|  65.00%
 2008s| 13500 |   713 |  8274k| 342.7 |   305M |  87 |1992 |3923 |   0 |  39k|  0 |  29k|  13k| 1.050157e+05 | 1.054437e+05 |   0.41%|  65.00%
 2013s| 13600 |   737 |  8297k| 342.3 |   305M |  87 |1992 |3877 |   0 |  39k|  0 |  29k|  13k| 1.050157e+05 | 1.054437e+05 |   0.41%|  65.01%
 2015s| 13700 |   731 |  8307k| 341.3 |   305M |  87 |1992 |3869 |   0 |  39k|  0 |  29k|  13k| 1.050157e+05 | 1.054437e+05 |   0.41%|  65.01%
 2025s| 13800 |   741 |  8352k| 341.7 |   305M |  87 |1992 |3862 |4250 |  39k|  1 |  29k|  13k| 1.050157e+05 | 1.054437e+05 |   0.41%|  65.01%
 2035s| 13900 |   748 |  8398k| 342.2 |   305M |  87 |1992 |3842 |4248 |  40k|  3 |  29k|  13k| 1.050157e+05 | 1.054437e+05 |   0.41%|  65.02%
 2045s| 14000 |   766 |  8444k| 342.7 |   305M |  87 |1992 |3818 |   0 |  40k|  0 |  29k|  13k| 1.050157e+05 | 1.054437e+05 |   0.41%|  65.02%
 time | node  | left  |LP iter|LP it/n|mem/heur|mdpt |vars |cons |rows |cuts |sepa|confs|strbr|  dualbound   | primalbound  |  gap   | compl. 
 2047s| 14100 |   762 |  8455k| 341.8 |   305M |  87 |1992 |3838 |4241 |  40k|  1 |  29k|  13k| 1.050157e+05 | 1.054437e+05 |   0.41%|  65.02%
 2057s| 14200 |   771 |  8500k| 342.2 |   305M |  87 |1992 |3810 |4261 |  40k|  1 |  29k|  13k| 1.050157e+05 | 1.054437e+05 |   0.41%|  65.02%
 2064s| 14300 |   771 |  8533k| 342.1 |   305M |  87 |1992 |3828 |4271 |  40k|  1 |  29k|  13k| 1.050157e+05 | 1.054437e+05 |   0.41%|  65.02%
 2075s| 14400 |   791 |  8588k| 343.0 |   306M |  87 |1992 |3845 |4385 |  41k|  1 |  29k|  13k| 1.050165e+05 | 1.054437e+05 |   0.41%|  65.07%
 2082s| 14500 |   794 |  8620k| 342.9 |   306M |  87 |1992 |3876 |4281 |  41k|  2 |  29k|  13k| 1.050192e+05 | 1.054437e+05 |   0.40%|  65.28%
 2084s| 14600 |   790 |  8633k| 342.0 |   306M |  87 |1992 |3879 |4291 |  41k|  1 |  29k|  13k| 1.050193e+05 | 1.054437e+05 |   0.40%|  65.28%
 2088s| 14700 |   798 |  8656k| 341.6 |   306M |  87 |1992 |3900 |4285 |  41k|  1 |  29k|  13k| 1.050198e+05 | 1.054437e+05 |   0.40%|  65.32%
 2095s| 14800 |   802 |  8691k| 341.6 |   307M |  87 |1992 |3873 |   0 |  41k|  0 |  29k|  13k| 1.050203e+05 | 1.054437e+05 |   0.40%|  65.36%
 2101s| 14900 |   806 |  8717k| 341.3 |   307M |  87 |1992 |3884 |   0 |  41k|  0 |  29k|  13k| 1.050209e+05 | 1.054437e+05 |   0.40%|  65.40%
 2106s| 15000 |   813 |  8741k| 340.9 |   307M |  87 |1992 |3889 |4306 |  41k|  1 |  30k|  13k| 1.050216e+05 | 1.054437e+05 |   0.40%|  65.45%
 2110s| 15100 |   816 |  8765k| 340.5 |   307M |  87 |1992 |3918 |4177 |  42k|  1 |  30k|  13k| 1.050221e+05 | 1.054437e+05 |   0.40%|  65.49%
 2112s| 15200 |   832 |  8774k| 339.5 |   307M |  87 |1992 |3909 |4291 |  42k|  1 |  30k|  13k| 1.050221e+05 | 1.054437e+05 |   0.40%|  65.49%
 2116s| 15300 |   832 |  8790k| 338.8 |   308M |  87 |1992 |3906 |4303 |  42k|  0 |  30k|  13k| 1.050226e+05 | 1.054437e+05 |   0.40%|  65.52%
 2120s| 15400 |   844 |  8811k| 338.3 |   308M |  87 |1992 |3932 |4311 |  42k|  2 |  30k|  13k| 1.050233e+05 | 1.054437e+05 |   0.40%|  65.58%
 2127s| 15500 |   860 |  8845k| 338.3 |   308M |  87 |1992 |3946 |4318 |  42k|  2 |  30k|  13k| 1.050239e+05 | 1.054437e+05 |   0.40%|  65.62%
 time | node  | left  |LP iter|LP it/n|mem/heur|mdpt |vars |cons |rows |cuts |sepa|confs|strbr|  dualbound   | primalbound  |  gap   | compl. 
 2130s| 15600 |   859 |  8864k| 337.7 |   308M |  87 |1992 |3942 |4314 |  42k|  2 |  30k|  13k| 1.050243e+05 | 1.054437e+05 |   0.40%|  65.65%
 2140s| 15700 |   865 |  8906k| 338.1 |   310M |  87 |1992 |3978 |4341 |  43k|  0 |  30k|  13k| 1.050254e+05 | 1.054437e+05 |   0.40%|  65.74%
 2143s| 15800 |   862 |  8926k| 337.5 |   310M |  87 |1992 |3935 |4336 |  43k|  1 |  30k|  13k| 1.050264e+05 | 1.054437e+05 |   0.40%|  65.80%
 2149s| 15900 |   866 |  8953k| 337.3 |   310M |  87 |1992 |3931 |4354 |  43k|  1 |  30k|  13k| 1.050282e+05 | 1.054437e+05 |   0.40%|  65.94%
 2151s| 16000 |   862 |  8967k| 336.5 |   311M |  87 |1992 |3967 |4305 |  43k|  0 |  31k|  13k| 1.050294e+05 | 1.054437e+05 |   0.39%|  66.03%
 2153s| 16100 |   868 |  8976k| 335.6 |   312M |  87 |1992 |3954 |   0 |  43k|  0 |  31k|  13k| 1.050294e+05 | 1.054437e+05 |   0.39%|  66.03%
 2157s| 16200 |   876 |  8995k| 335.1 |   312M |  87 |1992 |3884 |4106 |  43k|  0 |  31k|  13k| 1.050304e+05 | 1.054437e+05 |   0.39%|  66.10%
 2159s| 16300 |   876 |  9011k| 334.4 |   312M |  87 |1992 |3927 |4318 |  43k|  2 |  31k|  13k| 1.050304e+05 | 1.054437e+05 |   0.39%|  66.10%
 2161s| 16400 |   868 |  9022k| 333.5 |   312M |  87 |1992 |4010 |   0 |  43k|  0 |  31k|  13k| 1.050304e+05 | 1.054437e+05 |   0.39%|  66.10%
 2174s| 16500 |   890 |  9079k| 334.4 |   312M |  87 |1992 |4040 |4319 |  44k|  0 |  31k|  13k| 1.050317e+05 | 1.054437e+05 |   0.39%|  66.20%
 2178s| 16600 |   892 |  9097k| 333.9 |   313M |  87 |1992 |3939 |   0 |  44k|  0 |  31k|  13k| 1.050317e+05 | 1.054437e+05 |   0.39%|  66.20%
 2182s| 16700 |   890 |  9117k| 333.4 |   313M |  87 |1992 |3997 |4274 |  44k|  1 |  31k|  13k| 1.050323e+05 | 1.054437e+05 |   0.39%|  66.25%
 2185s| 16800 |   892 |  9135k| 332.8 |   313M |  87 |1992 |3990 |4306 |  44k|  1 |  32k|  13k| 1.050326e+05 | 1.054437e+05 |   0.39%|  66.26%
 2198s| 16900 |   904 |  9178k| 333.2 |   313M |  87 |1992 |3967 |4322 |  44k|  1 |  32k|  13k| 1.050329e+05 | 1.054437e+05 |   0.39%|  66.28%
 2204s| 17000 |   910 |  9200k| 332.7 |   314M |  87 |1992 |3976 |4356 |  45k|  2 |  32k|  13k| 1.050329e+05 | 1.054437e+05 |   0.39%|  66.29%
 time | node  | left  |LP iter|LP it/n|mem/heur|mdpt |vars |cons |rows |cuts |sepa|confs|strbr|  dualbound   | primalbound  |  gap   | compl. 
 2211s| 17100 |   916 |  9230k| 332.6 |   314M |  87 |1992 |3960 |4349 |  45k|  1 |  32k|  13k| 1.050335e+05 | 1.054437e+05 |   0.39%|  66.33%
 2228s| 17200 |   916 |  9288k| 333.5 |   314M |  87 |1992 |3871 |   0 |  45k|  0 |  32k|  13k| 1.050347e+05 | 1.054437e+05 |   0.39%|  66.42%
 2239s| 17300 |   913 |  9335k| 334.0 |   315M |  87 |1992 |3915 |4322 |  45k|  1 |  33k|  13k| 1.050369e+05 | 1.054437e+05 |   0.39%|  66.58%
 2249s| 17400 |   910 |  9364k| 333.9 |   315M |  87 |1992 |3893 |4311 |  45k|  1 |  33k|  13k| 1.050376e+05 | 1.054437e+05 |   0.39%|  66.63%
 2259s| 17500 |   914 |  9404k| 334.1 |   315M |  87 |1992 |3860 |4209 |  46k|  1 |  33k|  13k| 1.050397e+05 | 1.054437e+05 |   0.38%|  66.79%
 2273s| 17600 |   914 |  9460k| 334.9 |   316M |  87 |1992 |3891 |4251 |  46k|  2 |  33k|  13k| 1.050400e+05 | 1.054437e+05 |   0.38%|  66.81%
 2279s| 17700 |   924 |  9483k| 334.5 |   316M |  87 |1992 |3908 |4273 |  46k|  1 |  33k|  14k| 1.050404e+05 | 1.054437e+05 |   0.38%|  66.84%
 2290s| 17800 |   918 |  9508k| 334.3 |   316M |  87 |1992 |3886 |   0 |  46k|  0 |  33k|  14k| 1.050405e+05 | 1.054437e+05 |   0.38%|  66.85%
 2298s| 17900 |   932 |  9547k| 334.4 |   316M |  87 |1992 |3884 |4059 |  46k|  1 |  33k|  14k| 1.050413e+05 | 1.054437e+05 |   0.38%|  66.91%
 2304s| 18000 |   934 |  9576k| 334.3 |   316M |  87 |1992 |3907 |4281 |  47k|  0 |  33k|  14k| 1.050416e+05 | 1.054437e+05 |   0.38%|  66.93%
 2313s| 18100 |   952 |  9612k| 334.4 |   316M |  87 |1992 |3954 |4419 |  47k|  0 |  33k|  14k| 1.050419e+05 | 1.054437e+05 |   0.38%|  66.96%
 2320s| 18200 |   950 |  9644k| 334.3 |   317M |  87 |1992 |3958 |4474 |  47k|  1 |  34k|  14k| 1.050421e+05 | 1.054437e+05 |   0.38%|  66.96%
 2332s| 18300 |   944 |  9683k| 334.5 |   317M |  87 |1992 |3969 |4305 |  47k|  0 |  34k|  14k| 1.050423e+05 | 1.054437e+05 |   0.38%|  66.98%
 2338s| 18400 |   946 |  9708k| 334.2 |   317M |  87 |1992 |3964 |4334 |  47k|  1 |  34k|  14k| 1.050424e+05 | 1.054437e+05 |   0.38%|  66.99%
 2345s| 18500 |   944 |  9739k| 334.1 |   317M |  87 |1992 |3947 |4380 |  47k|  1 |  34k|  14k| 1.050429e+05 | 1.054437e+05 |   0.38%|  67.03%
 time | node  | left  |LP iter|LP it/n|mem/heur|mdpt |vars |cons |rows |cuts |sepa|confs|strbr|  dualbound   | primalbound  |  gap   | compl. 
 2355s| 18600 |   944 |  9784k| 334.5 |   317M |  87 |1992 |3972 |4419 |  47k|  0 |  34k|  14k| 1.050433e+05 | 1.054437e+05 |   0.38%|  67.06%
 2361s| 18700 |   940 |  9818k| 334.6 |   317M |  87 |1992 |3977 |4344 |  48k|  1 |  34k|  14k| 1.050435e+05 | 1.054437e+05 |   0.38%|  67.07%
 2364s| 18800 |   938 |  9834k| 333.9 |   317M |  87 |1992 |3984 |4462 |  48k|  2 |  35k|  14k| 1.050439e+05 | 1.054437e+05 |   0.38%|  67.10%
 2374s| 18900 |   936 |  9874k| 334.2 |   318M |  87 |1992 |3981 |   0 |  48k|  0 |  35k|  14k| 1.050445e+05 | 1.054437e+05 |   0.38%|  67.15%
 2377s| 19000 |   942 |  9886k| 333.4 |   318M |  87 |1992 |3981 |   0 |  48k|  0 |  35k|  14k| 1.050447e+05 | 1.054437e+05 |   0.38%|  67.16%
 2381s| 19100 |   944 |  9899k| 332.8 |   318M |  87 |1992 |3996 |4245 |  48k|  1 |  35k|  14k| 1.050453e+05 | 1.054437e+05 |   0.38%|  67.21%
 2383s| 19200 |   938 |  9909k| 332.0 |   318M |  87 |1992 |4022 |   0 |  48k|  0 |  35k|  14k| 1.050453e+05 | 1.054437e+05 |   0.38%|  67.21%
 2387s| 19300 |   935 |  9929k| 331.5 |   319M |  87 |1992 |4019 |   0 |  49k|  0 |  35k|  14k| 1.050455e+05 | 1.054437e+05 |   0.38%|  67.22%
 2390s| 19400 |   937 |  9941k| 330.8 |   319M |  87 |1992 |4022 |4237 |  49k|  1 |  35k|  14k| 1.050455e+05 | 1.054437e+05 |   0.38%|  67.22%
 2398s| 19500 |   939 |  9979k| 331.0 |   320M |  87 |1992 |3988 |4163 |  49k|  1 |  35k|  14k| 1.050459e+05 | 1.054437e+05 |   0.38%|  67.25%
 2405s| 19600 |   949 | 10012k| 331.0 |   320M |  87 |1992 |3987 |4152 |  49k|  1 |  35k|  14k| 1.050473e+05 | 1.054437e+05 |   0.38%|  67.36%
 2410s| 19700 |   943 | 10038k| 330.7 |   320M |  87 |1992 |4016 |4271 |  49k|  1 |  36k|  14k| 1.050479e+05 | 1.054437e+05 |   0.38%|  67.40%
 2416s| 19800 |   945 | 10065k| 330.6 |   320M |  87 |1992 |4003 |4204 |  50k|  1 |  36k|  14k| 1.050483e+05 | 1.054437e+05 |   0.38%|  67.43%
 2420s| 19900 |   945 | 10081k| 330.0 |   320M |  87 |1992 |4024 |4226 |  50k|  2 |  36k|  14k| 1.050485e+05 | 1.054437e+05 |   0.38%|  67.44%
 2429s| 20000 |   947 | 10123k| 330.3 |   321M |  87 |1992 |3974 |4360 |  50k|  1 |  36k|  14k| 1.050487e+05 | 1.054437e+05 |   0.38%|  67.46%
 time | node  | left  |LP iter|LP it/n|mem/heur|mdpt |vars |cons |rows |cuts |sepa|confs|strbr|  dualbound   | primalbound  |  gap   | compl. 
 2438s| 20100 |   943 | 10168k| 330.7 |   322M |  87 |1992 |3984 |   0 |  50k|  0 |  36k|  14k| 1.050500e+05 | 1.054437e+05 |   0.37%|  67.56%
 2444s| 20200 |   943 | 10197k| 330.5 |   322M |  87 |1992 |3921 |4451 |  51k|  1 |  36k|  14k| 1.050503e+05 | 1.054437e+05 |   0.37%|  67.59%
 2453s| 20300 |   943 | 10233k| 330.6 |   322M |  89 |1992 |3943 |4512 |  51k|  0 |  36k|  15k| 1.050506e+05 | 1.054437e+05 |   0.37%|  67.62%
 2455s| 20400 |   949 | 10244k| 329.9 |   322M | 112 |1992 |3931 |4557 |  51k|  0 |  36k|  15k| 1.050506e+05 | 1.054437e+05 |   0.37%|  67.62%
 2460s| 20500 |   945 | 10262k| 329.4 |   322M | 112 |1992 |3931 |4226 |  51k|  1 |  36k|  15k| 1.050506e+05 | 1.054437e+05 |   0.37%|  67.62%
*2463s| 20549 |   942 | 10277k| 329.4 |    LP  | 112 |1992 |3990 |4131 |  51k|  1 |  36k|  15k| 1.050506e+05 | 1.054393e+05 |   0.37%|  67.62%
 2472s| 20600 |   945 | 10315k| 330.1 |   323M | 112 |1992 |3897 |4254 |  51k|  0 |  36k|  15k| 1.050510e+05 | 1.054393e+05 |   0.37%|  67.63%
 2488s| 20700 |   959 | 10391k| 331.5 |   323M | 112 |1992 |3896 |4217 |  51k|  1 |  37k|  15k| 1.050511e+05 | 1.054393e+05 |   0.37%|  67.75%
 2490s| 20800 |   955 | 10404k| 330.8 |   323M | 112 |1992 |3947 |   0 |  52k|  0 |  37k|  15k| 1.050511e+05 | 1.054393e+05 |   0.37%|  70.14%
 2497s| 20900 |   973 | 10435k| 330.7 |   324M | 112 |1992 |3977 |4329 |  52k|  0 |  37k|  15k| 1.050512e+05 | 1.054393e+05 |   0.37%|  70.15%
 2503s| 21000 |   969 | 10468k| 330.7 |   325M | 112 |1992 |3997 |   0 |  52k|  0 |  37k|  15k| 1.050521e+05 | 1.054393e+05 |   0.37%|  70.29%
 2509s| 21100 |   970 | 10493k| 330.5 |   326M | 112 |1992 |4009 |   0 |  52k|  0 |  37k|  15k| 1.050531e+05 | 1.054393e+05 |   0.37%|  70.60%
 2511s| 21200 |   986 | 10505k| 329.8 |   326M | 112 |1992 |4003 |   0 |  53k|  0 |  37k|  15k| 1.050531e+05 | 1.054393e+05 |   0.37%|  70.63%
 2528s| 21300 |   988 | 10573k| 330.9 |   327M | 112 |1992 |3940 |4183 |  53k|  1 |  37k|  15k| 1.050551e+05 | 1.054393e+05 |   0.37%|  70.66%
 2532s| 21400 |   990 | 10592k| 330.5 |   328M | 112 |1992 |3946 |4439 |  53k|  0 |  37k|  15k| 1.050552e+05 | 1.054393e+05 |   0.37%|  70.71%
 time | node  | left  |LP iter|LP it/n|mem/heur|mdpt |vars |cons |rows |cuts |sepa|confs|strbr|  dualbound   | primalbound  |  gap   | compl. 
 2538s| 21500 |  1004 | 10622k| 330.4 |   331M | 112 |1992 |3979 |   0 |  53k|  0 |  37k|  15k| 1.050553e+05 | 1.054393e+05 |   0.37%|  70.77%
 2541s| 21600 |   997 | 10637k| 329.8 |   331M | 112 |1992 |3987 |4220 |  54k|  2 |  38k|  15k| 1.050555e+05 | 1.054393e+05 |   0.37%|  70.90%
 2554s| 21700 |   999 | 10693k| 330.5 |   332M | 112 |1992 |4020 |4436 |  54k|  1 |  38k|  15k| 1.050568e+05 | 1.054393e+05 |   0.36%|  71.00%
 2577s| 21800 |  1017 | 10792k| 332.6 |   333M | 112 |1992 |3953 |4262 |  54k|  1 |  38k|  15k| 1.050588e+05 | 1.054393e+05 |   0.36%|  71.16%
 2581s| 21900 |  1031 | 10810k| 332.1 |   333M | 112 |1992 |3968 |4422 |  55k|  2 |  38k|  15k| 1.050588e+05 | 1.054393e+05 |   0.36%|  71.20%
 2587s| 22000 |  1033 | 10836k| 331.9 |   333M | 112 |1992 |3961 |4302 |  55k|  1 |  38k|  15k| 1.050603e+05 | 1.054393e+05 |   0.36%|  71.29%
 2594s| 22100 |  1047 | 10868k| 331.8 |   333M | 112 |1992 |3947 |   0 |  55k|  0 |  38k|  15k| 1.050605e+05 | 1.054393e+05 |   0.36%|  71.30%
 2599s| 22200 |  1038 | 10894k| 331.6 |   334M | 112 |1992 |3917 |4309 |  55k|  1 |  38k|  15k| 1.050622e+05 | 1.054393e+05 |   0.36%|  71.57%
 2605s| 22300 |  1046 | 10918k| 331.4 |   334M | 112 |1992 |3908 |4331 |  55k|  1 |  38k|  15k| 1.050630e+05 | 1.054393e+05 |   0.36%|  71.57%
 2609s| 22400 |  1050 | 10937k| 330.9 |   334M | 112 |1992 |3923 |4403 |  56k|  1 |  38k|  15k| 1.050632e+05 | 1.054393e+05 |   0.36%|  71.58%
 2614s| 22500 |  1052 | 10960k| 330.6 |   334M | 112 |1992 |3900 |4408 |  56k|  1 |  38k|  15k| 1.050633e+05 | 1.054393e+05 |   0.36%|  71.58%
 2626s| 22600 |  1056 | 11007k| 331.0 |   335M | 112 |1992 |3898 |   0 |  56k|  0 |  38k|  15k| 1.050660e+05 | 1.054393e+05 |   0.36%|  71.61%
 2628s| 22700 |  1060 | 11018k| 330.4 |   335M | 112 |1992 |3900 |4275 |  56k|  1 |  38k|  15k| 1.050660e+05 | 1.054393e+05 |   0.36%|  71.70%
 2632s| 22800 |  1068 | 11040k| 330.0 |   335M | 112 |1992 |3919 |4205 |  57k|  2 |  39k|  15k| 1.050663e+05 | 1.054393e+05 |   0.36%|  71.78%
 2639s| 22900 |  1066 | 11072k| 330.0 |   335M | 112 |1992 |3937 |4334 |  57k|  1 |  39k|  15k| 1.050668e+05 | 1.054393e+05 |   0.35%|  71.86%
 time | node  | left  |LP iter|LP it/n|mem/heur|mdpt |vars |cons |rows |cuts |sepa|confs|strbr|  dualbound   | primalbound  |  gap   | compl. 
 2650s| 23000 |  1088 | 11128k| 330.7 |   336M | 112 |1992 |3939 |4266 |  57k|  0 |  39k|  15k| 1.050681e+05 | 1.054393e+05 |   0.35%|  71.88%
 2664s| 23100 |  1102 | 11179k| 331.2 |   336M | 112 |1992 |3918 |   0 |  57k|  0 |  39k|  15k| 1.050693e+05 | 1.054393e+05 |   0.35%|  71.89%
 2673s| 23200 |  1116 | 11221k| 331.5 |   337M | 112 |1992 |3946 |4397 |  58k|  1 |  39k|  15k| 1.050705e+05 | 1.054393e+05 |   0.35%|  71.92%
 2677s| 23300 |  1120 | 11243k| 331.2 |   337M | 112 |1992 |3931 |   0 |  58k|  0 |  39k|  15k| 1.050715e+05 | 1.054393e+05 |   0.35%|  72.00%
 2687s| 23400 |  1131 | 11291k| 331.6 |   337M | 112 |1992 |3979 |   0 |  58k|  0 |  39k|  15k| 1.050723e+05 | 1.054393e+05 |   0.35%|  72.14%
 2698s| 23500 |  1141 | 11347k| 332.3 |   338M | 112 |1992 |3974 |   0 |  58k|  0 |  39k|  15k| 1.050725e+05 | 1.054393e+05 |   0.35%|  72.21%
 2703s| 23600 |  1149 | 11370k| 332.0 |   339M | 112 |1992 |3966 |4348 |  59k|  1 |  39k|  15k| 1.050726e+05 | 1.054393e+05 |   0.35%|  72.21%
 2707s| 23700 |  1145 | 11392k| 331.7 |   339M | 112 |1992 |3972 |4355 |  59k|  1 |  39k|  15k| 1.050730e+05 | 1.054393e+05 |   0.35%|  72.29%
 2715s| 23800 |  1160 | 11431k| 331.8 |   341M | 112 |1992 |3958 |   0 |  59k|  0 |  39k|  15k| 1.050734e+05 | 1.054393e+05 |   0.35%|  72.30%
 2730s| 23900 |  1162 | 11490k| 332.6 |   342M | 112 |1992 |3914 |4440 |  59k|  1 |  39k|  15k| 1.050746e+05 | 1.054393e+05 |   0.35%|  72.36%
 2739s| 24000 |  1178 | 11533k| 332.9 |   342M | 112 |1992 |3890 |   0 |  60k|  0 |  40k|  15k| 1.050757e+05 | 1.054393e+05 |   0.35%|  72.41%
 2746s| 24100 |  1162 | 11567k| 332.9 |   343M | 112 |1992 |3925 |   0 |  60k|  0 |  40k|  15k| 1.050760e+05 | 1.054393e+05 |   0.35%|  72.48%
 2751s| 24200 |  1170 | 11592k| 332.6 |   343M | 112 |1992 |3947 |   0 |  60k|  0 |  40k|  15k| 1.050767e+05 | 1.054393e+05 |   0.35%|  72.49%
 2761s| 24300 |  1164 | 11639k| 333.0 |   343M | 112 |1992 |3969 |4273 |  61k|  1 |  40k|  15k| 1.050769e+05 | 1.054393e+05 |   0.34%|  72.57%
 2772s| 24400 |  1170 | 11693k| 333.6 |   344M | 112 |1992 |3986 |4198 |  61k|  2 |  40k|  15k| 1.050774e+05 | 1.054393e+05 |   0.34%|  72.64%
 time | node  | left  |LP iter|LP it/n|mem/heur|mdpt |vars |cons |rows |cuts |sepa|confs|strbr|  dualbound   | primalbound  |  gap   | compl. 
 2787s| 24500 |  1174 | 11755k| 334.4 |   345M | 112 |1992 |3995 |   0 |  61k|  0 |  40k|  15k| 1.050780e+05 | 1.054393e+05 |   0.34%|  72.72%
 2796s| 24600 |  1178 | 11795k| 334.6 |   345M | 112 |1992 |4009 |   0 |  62k|  0 |  40k|  15k| 1.050781e+05 | 1.054393e+05 |   0.34%|  72.75%
 2813s| 24700 |  1188 | 11864k| 335.7 |   345M | 112 |1992 |3945 |4374 |  62k|  1 |  40k|  15k| 1.050788e+05 | 1.054393e+05 |   0.34%|  72.91%
 2820s| 24800 |  1194 | 11896k| 335.6 |   345M | 112 |1992 |3977 |4392 |  62k|  2 |  40k|  15k| 1.050794e+05 | 1.054393e+05 |   0.34%|  72.93%
 2836s| 24900 |  1200 | 11963k| 336.5 |   346M | 112 |1992 |3969 |4237 |  63k|  2 |  40k|  15k| 1.050796e+05 | 1.054393e+05 |   0.34%|  72.95%
 2846s| 25000 |  1200 | 12012k| 337.0 |   346M | 112 |1992 |3956 |4380 |  63k|  0 |  40k|  15k| 1.050808e+05 | 1.054393e+05 |   0.34%|  73.04%
 2853s| 25100 |  1218 | 12050k| 337.1 |   347M | 112 |1992 |3949 |4300 |  63k|  2 |  41k|  15k| 1.050813e+05 | 1.054393e+05 |   0.34%|  73.08%
 2861s| 25200 |  1216 | 12090k| 337.3 |   348M | 112 |1992 |3971 |   0 |  64k|  0 |  41k|  15k| 1.050814e+05 | 1.054393e+05 |   0.34%|  73.10%
 2876s| 25300 |  1224 | 12152k| 338.1 |   348M | 112 |1992 |3943 |4331 |  64k|  0 |  41k|  15k| 1.050820e+05 | 1.054393e+05 |   0.34%|  73.17%
 2885s| 25400 |  1228 | 12192k| 338.3 |   348M | 112 |1992 |3989 |4278 |  64k|  2 |  41k|  15k| 1.050822e+05 | 1.054393e+05 |   0.34%|  73.20%
 2893s| 25500 |  1232 | 12227k| 338.3 |   348M | 112 |1992 |4033 |4266 |  65k|  1 |  41k|  15k| 1.050822e+05 | 1.054393e+05 |   0.34%|  73.21%
 2902s| 25600 |  1222 | 12265k| 338.4 |   348M | 112 |1992 |3996 |4184 |  65k|  4 |  41k|  15k| 1.050824e+05 | 1.054393e+05 |   0.34%|  73.33%
 2908s| 25700 |  1224 | 12287k| 338.1 |   348M | 112 |1992 |4015 |4314 |  65k|  1 |  41k|  15k| 1.050825e+05 | 1.054393e+05 |   0.34%|  73.34%
 2926s| 25800 |  1226 | 12351k| 338.9 |   349M | 112 |1992 |3951 |   0 |  66k|  0 |  41k|  15k| 1.050827e+05 | 1.054393e+05 |   0.34%|  73.45%
 2943s| 25900 |  1213 | 12416k| 339.8 |   349M | 112 |1992 |3958 |4398 |  66k|  1 |  42k|  15k| 1.050830e+05 | 1.054393e+05 |   0.34%|  73.81%
 time | node  | left  |LP iter|LP it/n|mem/heur|mdpt |vars |cons |rows |cuts |sepa|confs|strbr|  dualbound   | primalbound  |  gap   | compl. 
 2956s| 26000 |  1215 | 12465k| 340.2 |   349M | 112 |1992 |3952 |4280 |  66k|  1 |  42k|  16k| 1.050833e+05 | 1.054393e+05 |   0.34%|  73.97%
 2966s| 26100 |  1235 | 12507k| 340.4 |   350M | 112 |1992 |4036 |4306 |  66k|  0 |  42k|  16k| 1.050836e+05 | 1.054393e+05 |   0.34%|  73.98%
 2975s| 26200 |  1229 | 12548k| 340.6 |   350M | 112 |1992 |4072 |4265 |  67k|  1 |  42k|  16k| 1.050840e+05 | 1.054393e+05 |   0.34%|  74.13%
 2988s| 26300 |  1233 | 12596k| 341.0 |   350M | 112 |1992 |4001 |4398 |  67k|  1 |  42k|  16k| 1.050841e+05 | 1.054393e+05 |   0.34%|  74.14%
 2996s| 26400 |  1225 | 12628k| 340.9 |   351M | 112 |1992 |4038 |   0 |  67k|  0 |  42k|  16k| 1.050844e+05 | 1.054393e+05 |   0.34%|  74.27%
 3007s| 26500 |  1235 | 12660k| 340.9 |   351M | 112 |1992 |4050 |   0 |  68k|  0 |  42k|  16k| 1.050847e+05 | 1.054393e+05 |   0.34%|  74.28%
 3014s| 26600 |  1231 | 12689k| 340.7 |   353M | 112 |1992 |4043 |   0 |  68k|  0 |  42k|  16k| 1.050849e+05 | 1.054393e+05 |   0.34%|  74.34%
 3018s| 26700 |  1233 | 12710k| 340.4 |   355M | 112 |1992 |4038 |   0 |  68k|  0 |  43k|  16k| 1.050849e+05 | 1.054393e+05 |   0.34%|  74.36%
 3027s| 26800 |  1247 | 12745k| 340.4 |   355M | 112 |1992 |3995 |4447 |  68k|  1 |  43k|  16k| 1.050850e+05 | 1.054393e+05 |   0.34%|  74.37%
 3032s| 26900 |  1233 | 12773k| 340.2 |   356M | 112 |1992 |4006 |4427 |  69k|  1 |  43k|  16k| 1.050850e+05 | 1.054393e+05 |   0.34%|  74.48%
 3051s| 27000 |  1233 | 12838k| 341.1 |   356M | 112 |1992 |4002 |4557 |  69k|  1 |  43k|  16k| 1.050854e+05 | 1.054393e+05 |   0.34%|  74.58%
 3065s| 27100 |  1240 | 12893k| 341.6 |   357M | 112 |1992 |4018 |   0 |  69k|  0 |  43k|  16k| 1.050854e+05 | 1.054393e+05 |   0.34%|  74.68%
 3072s| 27200 |  1252 | 12923k| 341.5 |   357M | 112 |1992 |3998 |4247 |  70k|  0 |  43k|  16k| 1.050856e+05 | 1.054393e+05 |   0.34%|  74.68%
 3086s| 27300 |  1262 | 12973k| 341.9 |   357M | 112 |1992 |4020 |4175 |  70k|  1 |  43k|  16k| 1.050864e+05 | 1.054393e+05 |   0.34%|  74.79%
 3095s| 27400 |  1272 | 13012k| 342.1 |   357M | 112 |1992 |4034 |4483 |  70k|  1 |  43k|  16k| 1.050874e+05 | 1.054393e+05 |   0.33%|  74.85%
 time | node  | left  |LP iter|LP it/n|mem/heur|mdpt |vars |cons |rows |cuts |sepa|confs|strbr|  dualbound   | primalbound  |  gap   | compl. 
L3113s| 27494 |  1271 | 13076k| 342.9 |crossove| 112 |1992 |4018 |4339 |  71k|  1 |  43k|  16k| 1.050876e+05 | 1.054327e+05 |   0.33%|  74.87%
 3113s| 27500 |  1275 | 13076k| 342.9 |   357M | 112 |1992 |4020 |4360 |  71k|  2 |  43k|  16k| 1.050876e+05 | 1.054327e+05 |   0.33%|  74.87%
 3134s| 27600 |  1265 | 13151k| 343.9 |   359M | 112 |1992 |4025 |   0 |  71k|  0 |  43k|  16k| 1.050883e+05 | 1.054327e+05 |   0.33%|  74.99%
 3142s| 27700 |  1269 | 13186k| 343.9 |   359M | 112 |1992 |4008 |   0 |  71k|  0 |  43k|  16k| 1.050883e+05 | 1.054327e+05 |   0.33%|  75.06%
 3146s| 27800 |  1265 | 13207k| 343.6 |   359M | 112 |1992 |4021 |4315 |  71k|  2 |  44k|  16k| 1.050885e+05 | 1.054327e+05 |   0.33%|  75.10%
 3160s| 27900 |  1275 | 13265k| 344.2 |   360M | 112 |1992 |4018 |4533 |  72k|  0 |  44k|  16k| 1.050890e+05 | 1.054327e+05 |   0.33%|  75.11%
 3177s| 28000 |  1277 | 13325k| 344.9 |   362M | 112 |1992 |3973 |4244 |  72k|  2 |  44k|  16k| 1.050894e+05 | 1.054327e+05 |   0.33%|  75.25%
 3189s| 28100 |  1282 | 13379k| 345.4 |   362M | 112 |1992 |4016 |4467 |  73k|  1 |  44k|  16k| 1.050896e+05 | 1.054327e+05 |   0.33%|  75.33%
 3196s| 28200 |  1284 | 13408k| 345.2 |   362M | 112 |1992 |4003 |4190 |  73k|  1 |  44k|  16k| 1.050910e+05 | 1.054327e+05 |   0.33%|  75.37%
 3202s| 28300 |  1288 | 13433k| 345.0 |   362M | 112 |1992 |3971 |4280 |  73k|  1 |  44k|  16k| 1.050911e+05 | 1.054327e+05 |   0.33%|  75.43%
 3212s| 28400 |  1284 | 13480k| 345.3 |   363M | 112 |1992 |3958 |4605 |  73k|  1 |  44k|  16k| 1.050914e+05 | 1.054327e+05 |   0.32%|  75.53%
 3231s| 28500 |  1294 | 13549k| 346.2 |   364M | 112 |1992 |3980 |4355 |  74k|  4 |  44k|  16k| 1.050917e+05 | 1.054327e+05 |   0.32%|  75.57%
 3236s| 28600 |  1289 | 13577k| 346.0 |   364M | 112 |1992 |3996 |   0 |  74k|  0 |  44k|  16k| 1.050919e+05 | 1.054327e+05 |   0.32%|  75.67%
 3240s| 28700 |  1285 | 13597k| 345.7 |   364M | 112 |1992 |4043 |   0 |  74k|  0 |  44k|  16k| 1.050923e+05 | 1.054327e+05 |   0.32%|  75.76%
 3248s| 28800 |  1297 | 13633k| 345.7 |   364M | 112 |1992 |4055 |4620 |  75k|  1 |  45k|  16k| 1.050925e+05 | 1.054327e+05 |   0.32%|  75.76%
 time | node  | left  |LP iter|LP it/n|mem/heur|mdpt |vars |cons |rows |cuts |sepa|confs|strbr|  dualbound   | primalbound  |  gap   | compl. 
 3254s| 28900 |  1295 | 13660k| 345.5 |   364M | 112 |1992 |4077 |4595 |  75k|  1 |  45k|  16k| 1.050928e+05 | 1.054327e+05 |   0.32%|  75.81%
 3259s| 29000 |  1291 | 13688k| 345.3 |   364M | 112 |1992 |4092 |4146 |  75k|  2 |  45k|  16k| 1.050931e+05 | 1.054327e+05 |   0.32%|  75.82%
 3262s| 29100 |  1293 | 13708k| 345.0 |   364M | 112 |1992 |4058 |   0 |  75k|  0 |  45k|  16k| 1.050932e+05 | 1.054327e+05 |   0.32%|  75.86%
 3271s| 29200 |  1297 | 13741k| 344.9 |   364M | 112 |1992 |4053 |4380 |  76k|  1 |  45k|  17k| 1.050934e+05 | 1.054327e+05 |   0.32%|  75.88%
 3278s| 29300 |  1305 | 13772k| 344.8 |   365M | 112 |1992 |4059 |4152 |  76k|  1 |  45k|  17k| 1.050934e+05 | 1.054327e+05 |   0.32%|  75.91%
 3280s| 29400 |  1297 | 13781k| 344.2 |   365M | 112 |1992 |4121 |   0 |  76k|  0 |  45k|  17k| 1.050938e+05 | 1.054327e+05 |   0.32%|  75.99%
 3290s| 29500 |  1305 | 13827k| 344.5 |   365M | 112 |1992 |4158 |   0 |  76k|  0 |  45k|  17k| 1.050939e+05 | 1.054327e+05 |   0.32%|  76.05%
 3300s| 29600 |  1315 | 13870k| 344.7 |   365M | 112 |1992 |4088 |   0 |  77k|  0 |  45k|  17k| 1.050941e+05 | 1.054327e+05 |   0.32%|  76.06%
 3311s| 29700 |  1321 | 13919k| 345.1 |   365M | 112 |1992 |4093 |4632 |  77k|  2 |  45k|  17k| 1.050945e+05 | 1.054327e+05 |   0.32%|  76.13%
 3318s| 29800 |  1321 | 13957k| 345.1 |   365M | 112 |1992 |4060 |4408 |  77k|  1 |  45k|  17k| 1.050945e+05 | 1.054327e+05 |   0.32%|  76.18%
 3327s| 29900 |  1321 | 13998k| 345.3 |   366M | 112 |1992 |4047 |4133 |  78k|  0 |  46k|  17k| 1.050948e+05 | 1.054327e+05 |   0.32%|  76.25%
 3334s| 30000 |  1327 | 14034k| 345.3 |   366M | 112 |1992 |4067 |   0 |  78k|  0 |  46k|  17k| 1.050950e+05 | 1.054327e+05 |   0.32%|  76.36%
 3342s| 30100 |  1335 | 14066k| 345.3 |   366M | 112 |1992 |4122 |4289 |  78k|  1 |  46k|  17k| 1.050955e+05 | 1.054327e+05 |   0.32%|  76.38%
 3351s| 30200 |  1339 | 14109k| 345.5 |   366M | 112 |1992 |4110 |   0 |  78k|  0 |  46k|  17k| 1.050959e+05 | 1.054327e+05 |   0.32%|  76.42%
 3357s| 30300 |  1343 | 14140k| 345.4 |   367M | 112 |1992 |4074 |4134 |  79k|  1 |  46k|  17k| 1.050961e+05 | 1.054327e+05 |   0.32%|  76.50%
 time | node  | left  |LP iter|LP it/n|mem/heur|mdpt |vars |cons |rows |cuts |sepa|confs|strbr|  dualbound   | primalbound  |  gap   | compl. 
 3364s| 30400 |  1337 | 14183k| 345.6 |   367M | 112 |1992 |4068 |4200 |  79k|  1 |  46k|  17k| 1.050964e+05 | 1.054327e+05 |   0.32%|  76.57%
 3375s| 30500 |  1341 | 14226k| 345.8 |   367M | 112 |1992 |4109 |4229 |  79k|  1 |  46k|  17k| 1.050970e+05 | 1.054327e+05 |   0.32%|  76.59%
 3387s| 30600 |  1365 | 14276k| 346.2 |   367M | 112 |1992 |4070 |4449 |  80k|  2 |  46k|  17k| 1.050974e+05 | 1.054327e+05 |   0.32%|  76.70%
 3393s| 30700 |  1373 | 14305k| 346.1 |   367M | 112 |1992 |4106 |4465 |  80k|  1 |  46k|  17k| 1.050982e+05 | 1.054327e+05 |   0.32%|  76.74%
 3399s| 30800 |  1375 | 14330k| 345.8 |   367M | 112 |1992 |4107 |4518 |  80k|  1 |  47k|  17k| 1.050985e+05 | 1.054327e+05 |   0.32%|  76.78%
 3408s| 30900 |  1361 | 14374k| 346.1 |   368M | 112 |1992 |4090 |   0 |  80k|  0 |  47k|  17k| 1.050990e+05 | 1.054327e+05 |   0.32%|  76.83%
 3420s| 31000 |  1361 | 14419k| 346.3 |   368M | 112 |1992 |4107 |   0 |  81k|  0 |  47k|  17k| 1.050993e+05 | 1.054327e+05 |   0.32%|  76.86%
 3431s| 31100 |  1351 | 14469k| 346.7 |   368M | 112 |1992 |4070 |4194 |  81k|  1 |  47k|  17k| 1.050998e+05 | 1.054327e+05 |   0.32%|  77.01%
 3439s| 31200 |  1345 | 14508k| 346.8 |   371M | 112 |1992 |4057 |4192 |  82k|  2 |  47k|  17k| 1.051004e+05 | 1.054327e+05 |   0.32%|  77.06%
 3446s| 31300 |  1333 | 14540k| 346.7 |   371M | 112 |1992 |4023 |4522 |  82k|  1 |  47k|  17k| 1.051008e+05 | 1.054327e+05 |   0.32%|  77.30%
 3450s| 31400 |  1343 | 14560k| 346.4 |   372M | 121 |1992 |4044 |   0 |  82k|  0 |  47k|  17k| 1.051008e+05 | 1.054327e+05 |   0.32%|  77.31%
 3466s| 31500 |  1353 | 14625k| 347.1 |   372M | 129 |1992 |4024 |4581 |  82k|  1 |  47k|  17k| 1.051013e+05 | 1.054327e+05 |   0.32%|  77.34%
 3470s| 31600 |  1347 | 14638k| 346.6 |   372M | 130 |1992 |4038 |   0 |  82k|  0 |  47k|  17k| 1.051013e+05 | 1.054327e+05 |   0.32%|  77.34%
 3478s| 31700 |  1361 | 14677k| 346.7 |   372M | 130 |1992 |4026 |4435 |  83k|  2 |  47k|  17k| 1.051016e+05 | 1.054327e+05 |   0.32%|  77.38%
 3487s| 31800 |  1361 | 14721k| 346.9 |   372M | 130 |1992 |4032 |   0 |  83k|  0 |  47k|  17k| 1.051022e+05 | 1.054327e+05 |   0.31%|  77.41%
 time | node  | left  |LP iter|LP it/n|mem/heur|mdpt |vars |cons |rows |cuts |sepa|confs|strbr|  dualbound   | primalbound  |  gap   | compl. 
 3499s| 31900 |  1375 | 14772k| 347.3 |   372M | 130 |1992 |4012 |   0 |  83k|  0 |  47k|  17k| 1.051030e+05 | 1.054327e+05 |   0.31%|  77.42%
 3512s| 32000 |  1389 | 14830k| 347.8 |   372M | 130 |1992 |4018 |   0 |  83k|  0 |  48k|  17k| 1.051034e+05 | 1.054327e+05 |   0.31%|  77.43%
 3522s| 32100 |  1385 | 14870k| 348.0 |   372M | 130 |1992 |4028 |4480 |  84k|  1 |  48k|  17k| 1.051036e+05 | 1.054327e+05 |   0.31%|  77.44%
 3529s| 32200 |  1397 | 14900k| 347.9 |   373M | 130 |1992 |4017 |   0 |  84k|  0 |  48k|  17k| 1.051038e+05 | 1.054327e+05 |   0.31%|  77.45%
 3537s| 32300 |  1400 | 14945k| 348.1 |   373M | 130 |1992 |4021 |4540 |  84k|  1 |  48k|  17k| 1.051041e+05 | 1.054327e+05 |   0.31%|  77.47%
 3546s| 32400 |  1410 | 14986k| 348.2 |   373M | 130 |1992 |4030 |4612 |  84k|  0 |  48k|  17k| 1.051044e+05 | 1.054327e+05 |   0.31%|  77.51%
 3554s| 32500 |  1406 | 15023k| 348.3 |   374M | 130 |1992 |4023 |   0 |  85k|  0 |  48k|  17k| 1.051050e+05 | 1.054327e+05 |   0.31%|  77.55%
 3557s| 32600 |  1416 | 15043k| 347.9 |   374M | 130 |1992 |4022 |4491 |  85k|  1 |  48k|  17k| 1.051051e+05 | 1.054327e+05 |   0.31%|  77.55%
 3563s| 32700 |  1414 | 15070k| 347.7 |   374M | 130 |1992 |4080 |4483 |  85k|  1 |  48k|  17k| 1.051056e+05 | 1.054327e+05 |   0.31%|  77.56%
 3571s| 32800 |  1412 | 15103k| 347.7 |   374M | 130 |1992 |4085 |4486 |  85k|  1 |  48k|  17k| 1.051058e+05 | 1.054327e+05 |   0.31%|  77.56%
 3575s| 32900 |  1424 | 15127k| 347.5 |   374M | 130 |1992 |4082 |   0 |  85k|  0 |  48k|  17k| 1.051058e+05 | 1.054327e+05 |   0.31%|  77.57%
 3583s| 33000 |  1418 | 15154k| 347.3 |   374M | 130 |1992 |4065 |4551 |  86k|  1 |  48k|  17k| 1.051063e+05 | 1.054327e+05 |   0.31%|  77.61%
 3591s| 33100 |  1410 | 15188k| 347.3 |   374M | 130 |1992 |4034 |4456 |  86k|  3 |  49k|  17k| 1.051068e+05 | 1.054327e+05 |   0.31%|  77.61%
 3604s| 33200 |  1414 | 15237k| 347.6 |   377M | 130 |1992 |4093 |4514 |  86k|  1 |  49k|  17k| 1.051073e+05 | 1.054327e+05 |   0.31%|  77.62%
 3608s| 33300 |  1414 | 15254k| 347.2 |   377M | 130 |1992 |4108 |4484 |  86k|  1 |  49k|  17k| 1.051078e+05 | 1.054327e+05 |   0.31%|  77.65%
 time | node  | left  |LP iter|LP it/n|mem/heur|mdpt |vars |cons |rows |cuts |sepa|confs|strbr|  dualbound   | primalbound  |  gap   | compl. 
 3622s| 33400 |  1419 | 15302k| 347.5 |   377M | 130 |1992 |4050 |4428 |  87k|  1 |  49k|  17k| 1.051081e+05 | 1.054327e+05 |   0.31%|  77.67%
 3628s| 33500 |  1427 | 15323k| 347.2 |   377M | 130 |1992 |4095 |4473 |  87k|  1 |  49k|  17k| 1.051081e+05 | 1.054327e+05 |   0.31%|  77.67%
 3630s| 33600 |  1431 | 15338k| 346.7 |   377M | 130 |1992 |4151 |   0 |  87k|  0 |  49k|  17k| 1.051082e+05 | 1.054327e+05 |   0.31%|  77.74%
 3635s| 33700 |  1424 | 15357k| 346.4 |   377M | 130 |1992 |4153 |   0 |  87k|  0 |  49k|  17k| 1.051083e+05 | 1.054327e+05 |   0.31%|  77.74%
 3641s| 33800 |  1434 | 15384k| 346.2 |   378M | 130 |1992 |4077 |4533 |  87k|  1 |  49k|  17k| 1.051086e+05 | 1.054327e+05 |   0.31%|  77.74%
 3645s| 33900 |  1436 | 15405k| 345.9 |   378M | 130 |1992 |4106 |4582 |  87k|  1 |  49k|  17k| 1.051086e+05 | 1.054327e+05 |   0.31%|  77.74%
 3670s| 34000 |  1442 | 15488k| 347.0 |   378M | 130 |1992 |4037 |4479 |  88k|  0 |  49k|  17k| 1.051095e+05 | 1.054327e+05 |   0.31%|  77.81%
 3683s| 34100 |  1442 | 15544k| 347.5 |   378M | 130 |1992 |4080 |4597 |  88k|  1 |  50k|  17k| 1.051095e+05 | 1.054327e+05 |   0.31%|  77.84%
 3694s| 34200 |  1446 | 15585k| 347.6 |   378M | 130 |1992 |4075 |4641 |  88k|  2 |  50k|  17k| 1.051096e+05 | 1.054327e+05 |   0.31%|  77.85%
 3701s| 34300 |  1440 | 15619k| 347.6 |   379M | 130 |1992 |4091 |   0 |  88k|  0 |  50k|  17k| 1.051097e+05 | 1.054327e+05 |   0.31%|  77.88%
 3715s| 34400 |  1440 | 15667k| 347.9 |   380M | 130 |1992 |4074 |   0 |  88k|  0 |  50k|  17k| 1.051099e+05 | 1.054327e+05 |   0.31%|  77.89%
 3727s| 34500 |  1436 | 15712k| 348.1 |   380M | 130 |1992 |4040 |   0 |  89k|  0 |  50k|  18k| 1.051100e+05 | 1.054327e+05 |   0.31%|  77.89%
 3732s| 34600 |  1444 | 15734k| 347.8 |   380M | 130 |1992 |4059 |4487 |  89k|  2 |  50k|  18k| 1.051100e+05 | 1.054327e+05 |   0.31%|  77.89%
 3741s| 34700 |  1445 | 15765k| 347.7 |   380M | 130 |1992 |4042 |4526 |  89k|  1 |  50k|  18k| 1.051101e+05 | 1.054327e+05 |   0.31%|  77.89%
 3745s| 34800 |  1445 | 15781k| 347.3 |   380M | 130 |1992 |4052 |   0 |  89k|  0 |  50k|  18k| 1.051101e+05 | 1.054327e+05 |   0.31%|  77.89%
 time | node  | left  |LP iter|LP it/n|mem/heur|mdpt |vars |cons |rows |cuts |sepa|confs|strbr|  dualbound   | primalbound  |  gap   | compl. 
 3757s| 34900 |  1443 | 15815k| 347.3 |   380M | 130 |1992 |4017 |4629 |  89k|  1 |  50k|  18k| 1.051103e+05 | 1.054327e+05 |   0.31%|  77.89%
 3762s| 35000 |  1447 | 15838k| 347.1 |   381M | 130 |1992 |4050 |4582 |  89k|  0 |  50k|  18k| 1.051103e+05 | 1.054327e+05 |   0.31%|  77.89%
 3772s| 35100 |  1443 | 15873k| 347.1 |   381M | 130 |1992 |4047 |4421 |  90k|  2 |  50k|  18k| 1.051104e+05 | 1.054327e+05 |   0.31%|  77.90%
 3778s| 35200 |  1455 | 15900k| 346.9 |   381M | 130 |1992 |4061 |4539 |  90k|  1 |  50k|  18k| 1.051107e+05 | 1.054327e+05 |   0.31%|  77.95%
 3789s| 35300 |  1461 | 15946k| 347.1 |   381M | 130 |1992 |4065 |4137 |  90k|  1 |  51k|  18k| 1.051109e+05 | 1.054327e+05 |   0.31%|  77.97%
 3800s| 35400 |  1461 | 15995k| 347.4 |   381M | 130 |1992 |4007 |   0 |  90k|  0 |  51k|  18k| 1.051111e+05 | 1.054327e+05 |   0.31%|  77.98%
 3810s| 35500 |  1459 | 16033k| 347.5 |   381M | 130 |1992 |3980 |4534 |  91k|  1 |  51k|  18k| 1.051115e+05 | 1.054327e+05 |   0.31%|  78.10%
 3822s| 35600 |  1461 | 16074k| 347.7 |   381M | 130 |1992 |4010 |4643 |  91k|  1 |  51k|  18k| 1.051121e+05 | 1.054327e+05 |   0.31%|  78.10%
 3827s| 35700 |  1463 | 16096k| 347.4 |   381M | 130 |1992 |4030 |4611 |  91k|  2 |  51k|  18k| 1.051124e+05 | 1.054327e+05 |   0.30%|  78.14%
 3838s| 35800 |  1455 | 16139k| 347.6 |   382M | 130 |1992 |4009 |4622 |  91k|  1 |  51k|  18k| 1.051126e+05 | 1.054327e+05 |   0.30%|  78.21%
 3843s| 35900 |  1457 | 16161k| 347.3 |   382M | 130 |1992 |4014 |4607 |  91k|  0 |  51k|  18k| 1.051126e+05 | 1.054327e+05 |   0.30%|  78.21%
 3855s| 36000 |  1461 | 16207k| 347.5 |   382M | 130 |1992 |4011 |   0 |  91k|  0 |  51k|  18k| 1.051129e+05 | 1.054327e+05 |   0.30%|  78.21%
 3862s| 36100 |  1467 | 16232k| 347.3 |   382M | 130 |1992 |4064 |4663 |  91k|  1 |  51k|  18k| 1.051129e+05 | 1.054327e+05 |   0.30%|  78.21%
 3866s| 36200 |  1475 | 16249k| 346.9 |   382M | 139 |1992 |4061 |   0 |  91k|  0 |  51k|  18k| 1.051133e+05 | 1.054327e+05 |   0.30%|  78.21%
 3874s| 36300 |  1477 | 16280k| 346.9 |   382M | 139 |1992 |4086 |   0 |  92k|  0 |  51k|  18k| 1.051136e+05 | 1.054327e+05 |   0.30%|  78.25%
 time | node  | left  |LP iter|LP it/n|mem/heur|mdpt |vars |cons |rows |cuts |sepa|confs|strbr|  dualbound   | primalbound  |  gap   | compl. 
 3882s| 36400 |  1469 | 16306k| 346.7 |   382M | 139 |1992 |4068 |   0 |  92k|  0 |  52k|  18k| 1.051140e+05 | 1.054327e+05 |   0.30%|  78.27%
 3887s| 36500 |  1479 | 16331k| 346.5 |   382M | 139 |1992 |4074 |   0 |  92k|  0 |  52k|  18k| 1.051140e+05 | 1.054327e+05 |   0.30%|  78.28%
 3897s| 36600 |  1493 | 16366k| 346.5 |   382M | 139 |1992 |4066 |4214 |  92k|  2 |  52k|  18k| 1.051141e+05 | 1.054327e+05 |   0.30%|  78.28%
 3909s| 36700 |  1499 | 16411k| 346.7 |   383M | 139 |1992 |4023 |4350 |  92k|  2 |  52k|  18k| 1.051147e+05 | 1.054327e+05 |   0.30%|  78.33%
 3918s| 36800 |  1501 | 16448k| 346.7 |   383M | 139 |1992 |4043 |   0 |  92k|  0 |  52k|  18k| 1.051149e+05 | 1.054327e+05 |   0.30%|  78.36%
 3925s| 36900 |  1499 | 16479k| 346.7 |   383M | 139 |1992 |4070 |4762 |  92k|  1 |  52k|  18k| 1.051155e+05 | 1.054327e+05 |   0.30%|  78.37%
 3933s| 37000 |  1497 | 16512k| 346.6 |   383M | 139 |1992 |4063 |4778 |  93k|  1 |  52k|  18k| 1.051156e+05 | 1.054327e+05 |   0.30%|  78.38%
 3938s| 37100 |  1495 | 16537k| 346.4 |   383M | 139 |1992 |4102 |   0 |  93k|  0 |  52k|  18k| 1.051156e+05 | 1.054327e+05 |   0.30%|  78.38%
 3953s| 37200 |  1489 | 16575k| 346.5 |   383M | 139 |1992 |4059 |4791 |  93k|  2 |  52k|  18k| 1.051160e+05 | 1.054327e+05 |   0.30%|  78.38%
 3964s| 37300 |  1469 | 16622k| 346.8 |   383M | 139 |1992 |4048 |4357 |  93k|  2 |  52k|  18k| 1.051163e+05 | 1.054327e+05 |   0.30%|  78.39%
 3980s| 37400 |  1479 | 16675k| 347.1 |   384M | 139 |1992 |4047 |4690 |  93k|  1 |  52k|  18k| 1.051169e+05 | 1.054327e+05 |   0.30%|  78.42%
 3988s| 37500 |  1483 | 16704k| 347.0 |   384M | 139 |1992 |4025 |4885 |  93k|  3 |  53k|  18k| 1.051175e+05 | 1.054327e+05 |   0.30%|  78.42%
 4009s| 37600 |  1479 | 16779k| 347.8 |   385M | 139 |1992 |4029 |   0 |  94k|  0 |  53k|  18k| 1.051181e+05 | 1.054327e+05 |   0.30%|  78.45%
 4020s| 37700 |  1483 | 16818k| 348.0 |   385M | 139 |1992 |3963 |4344 |  94k|  2 |  53k|  19k| 1.051183e+05 | 1.054327e+05 |   0.30%|  78.50%
 4029s| 37800 |  1471 | 16855k| 348.0 |   385M | 139 |1992 |3958 |4516 |  94k|  2 |  53k|  19k| 1.051190e+05 | 1.054327e+05 |   0.30%|  78.53%
 time | node  | left  |LP iter|LP it/n|mem/heur|mdpt |vars |cons |rows |cuts |sepa|confs|strbr|  dualbound   | primalbound  |  gap   | compl. 
 4040s| 37900 |  1481 | 16899k| 348.2 |   385M | 139 |1992 |3950 |4534 |  94k|  3 |  53k|  19k| 1.051195e+05 | 1.054327e+05 |   0.30%|  78.56%
 4050s| 38000 |  1470 | 16942k| 348.4 |   385M | 139 |1992 |3958 |5263 |  94k|  1 |  53k|  19k| 1.051197e+05 | 1.054327e+05 |   0.30%|  78.57%
 4061s| 38100 |  1480 | 16984k| 348.5 |   385M | 139 |1992 |3959 |4558 |  94k|  1 |  53k|  19k| 1.051200e+05 | 1.054327e+05 |   0.30%|  78.58%
 4073s| 38200 |  1473 | 17018k| 348.5 |   386M | 139 |1992 |3954 |4674 |  95k|  1 |  53k|  19k| 1.051205e+05 | 1.054327e+05 |   0.30%|  78.61%
 4087s| 38300 |  1485 | 17075k| 348.9 |   386M | 139 |1992 |3977 |4618 |  95k|  1 |  53k|  19k| 1.051208e+05 | 1.054327e+05 |   0.30%|  78.61%
 4092s| 38400 |  1475 | 17100k| 348.7 |   386M | 139 |1992 |4028 |   0 |  95k|  0 |  53k|  19k| 1.051209e+05 | 1.054327e+05 |   0.30%|  78.63%
 4098s| 38500 |  1481 | 17124k| 348.5 |   386M | 139 |1992 |4030 |4405 |  95k|  1 |  53k|  19k| 1.051210e+05 | 1.054327e+05 |   0.30%|  78.63%
 4104s| 38600 |  1489 | 17150k| 348.3 |   386M | 139 |1992 |4033 |   0 |  95k|  0 |  54k|  19k| 1.051210e+05 | 1.054327e+05 |   0.30%|  78.64%
 4112s| 38700 |  1495 | 17184k| 348.3 |   386M | 139 |1992 |4087 |4442 |  95k|  1 |  54k|  19k| 1.051212e+05 | 1.054327e+05 |   0.30%|  78.64%
 4122s| 38800 |  1497 | 17221k| 348.4 |   386M | 139 |1992 |3989 |4444 |  96k|  2 |  54k|  19k| 1.051214e+05 | 1.054327e+05 |   0.30%|  78.69%
 4125s| 38900 |  1489 | 17235k| 347.9 |   386M | 139 |1992 |3982 |4472 |  96k|  0 |  54k|  19k| 1.051214e+05 | 1.054327e+05 |   0.30%|  78.73%
 4129s| 39000 |  1485 | 17251k| 347.6 |   386M | 139 |1992 |3983 |4448 |  96k|  0 |  54k|  19k| 1.051214e+05 | 1.054327e+05 |   0.30%|  78.76%
 4135s| 39100 |  1489 | 17281k| 347.5 |   388M | 139 |1992 |3989 |4473 |  96k|  2 |  54k|  19k| 1.051216e+05 | 1.054327e+05 |   0.30%|  78.77%
 4143s| 39200 |  1485 | 17315k| 347.4 |   388M | 139 |1992 |3980 |   0 |  96k|  0 |  54k|  19k| 1.051218e+05 | 1.054327e+05 |   0.30%|  78.78%
 4160s| 39300 |  1487 | 17377k| 348.0 |   388M | 139 |1992 |3971 |   0 |  96k|  0 |  54k|  19k| 1.051221e+05 | 1.054327e+05 |   0.30%|  78.82%
 time | node  | left  |LP iter|LP it/n|mem/heur|mdpt |vars |cons |rows |cuts |sepa|confs|strbr|  dualbound   | primalbound  |  gap   | compl. 
 4169s| 39400 |  1485 | 17411k| 348.0 |   388M | 139 |1992 |3991 |   0 |  96k|  0 |  54k|  19k| 1.051223e+05 | 1.054327e+05 |   0.30%|  78.85%
 4182s| 39500 |  1491 | 17459k| 348.2 |   388M | 139 |1992 |4026 |   0 |  97k|  0 |  54k|  19k| 1.051226e+05 | 1.054327e+05 |   0.29%|  78.87%
 4196s| 39600 |  1495 | 17511k| 348.6 |   388M | 139 |1992 |4012 |4507 |  97k|  2 |  55k|  19k| 1.051229e+05 | 1.054327e+05 |   0.29%|  78.87%
 4217s| 39700 |  1503 | 17578k| 349.2 |   388M | 139 |1992 |4001 |   0 |  97k|  0 |  55k|  19k| 1.051233e+05 | 1.054327e+05 |   0.29%|  78.88%
 4236s| 39800 |  1503 | 17656k| 350.1 |   388M | 139 |1992 |3957 |   0 |  97k|  0 |  55k|  19k| 1.051242e+05 | 1.054327e+05 |   0.29%|  78.96%
 4244s| 39900 |  1533 | 17696k| 350.2 |   388M | 139 |1992 |3984 |4414 |  98k|  1 |  55k|  19k| 1.051242e+05 | 1.054327e+05 |   0.29%|  78.98%
 4250s| 40000 |  1529 | 17723k| 350.0 |   388M | 139 |1992 |4002 |   0 |  98k|  0 |  55k|  19k| 1.051244e+05 | 1.054327e+05 |   0.29%|  79.04%
 4262s| 40100 |  1531 | 17767k| 350.2 |   389M | 139 |1992 |3977 |4443 |  98k|  0 |  55k|  19k| 1.051248e+05 | 1.054327e+05 |   0.29%|  79.06%
 4268s| 40200 |  1533 | 17792k| 350.0 |   390M | 139 |1992 |3981 |4453 |  98k|  0 |  55k|  19k| 1.051249e+05 | 1.054327e+05 |   0.29%|  79.09%
 4280s| 40300 |  1515 | 17839k| 350.2 |   390M | 139 |1992 |3995 |   0 |  98k|  0 |  55k|  19k| 1.051249e+05 | 1.054327e+05 |   0.29%|  79.10%
 4302s| 40400 |  1519 | 17921k| 351.2 |   390M | 139 |1992 |4009 |4714 |  98k|  1 |  55k|  19k| 1.051252e+05 | 1.054327e+05 |   0.29%|  79.15%
 4312s| 40500 |  1535 | 17966k| 351.4 |   390M | 139 |1992 |4003 |4732 |  99k|  1 |  55k|  19k| 1.051253e+05 | 1.054327e+05 |   0.29%|  79.15%
 4321s| 40600 |  1535 | 17999k| 351.3 |   390M | 139 |1992 |4025 |4367 |  99k|  0 |  56k|  19k| 1.051257e+05 | 1.054327e+05 |   0.29%|  79.19%
 4333s| 40700 |  1537 | 18047k| 351.6 |   390M | 139 |1992 |4012 |4744 |  99k|  1 |  56k|  19k| 1.051258e+05 | 1.054327e+05 |   0.29%|  79.20%
 4349s| 40800 |  1541 | 18103k| 352.0 |   390M | 139 |1992 |3980 |   0 |  99k|  0 |  56k|  19k| 1.051260e+05 | 1.054327e+05 |   0.29%|  79.21%
 time | node  | left  |LP iter|LP it/n|mem/heur|mdpt |vars |cons |rows |cuts |sepa|confs|strbr|  dualbound   | primalbound  |  gap   | compl. 
 4358s| 40900 |  1532 | 18139k| 352.0 |   390M | 139 |1992 |3989 |   0 | 100k|  0 |  56k|  19k| 1.051262e+05 | 1.054327e+05 |   0.29%|  79.22%
 4371s| 41000 |  1544 | 18183k| 352.2 |   390M | 139 |1992 |3965 |4723 | 100k|  1 |  56k|  19k| 1.051263e+05 | 1.054327e+05 |   0.29%|  79.24%
 4383s| 41100 |  1542 | 18214k| 352.1 |   390M | 139 |1992 |3935 |4466 | 100k|  0 |  56k|  19k| 1.051265e+05 | 1.054327e+05 |   0.29%|  79.24%
 4396s| 41200 |  1548 | 18262k| 352.3 |   390M | 139 |1992 |3939 |4488 | 100k|  1 |  56k|  19k| 1.051273e+05 | 1.054327e+05 |   0.29%|  79.30%
 4411s| 41300 |  1538 | 18319k| 352.8 |   391M | 139 |1992 |3939 |   0 | 100k|  0 |  56k|  19k| 1.051277e+05 | 1.054327e+05 |   0.29%|  79.31%
 4437s| 41400 |  1546 | 18403k| 353.7 |   391M | 139 |1992 |3889 |4543 | 100k|  2 |  56k|  19k| 1.051280e+05 | 1.054327e+05 |   0.29%|  79.32%
 4453s| 41500 |  1554 | 18464k| 354.2 |   391M | 139 |1992 |3905 |4502 | 100k|  1 |  56k|  19k| 1.051282e+05 | 1.054327e+05 |   0.29%|  79.32%
 4461s| 41600 |  1540 | 18499k| 354.2 |   391M | 139 |1992 |3928 |4170 | 101k|  1 |  56k|  19k| 1.051283e+05 | 1.054327e+05 |   0.29%|  79.46%
 4468s| 41700 |  1548 | 18530k| 354.1 |   391M | 139 |1992 |3969 |4630 | 101k|  0 |  56k|  20k| 1.051283e+05 | 1.054327e+05 |   0.29%|  79.47%
 4478s| 41800 |  1553 | 18569k| 354.2 |   392M | 139 |1992 |3984 |   0 | 101k|  0 |  57k|  20k| 1.051289e+05 | 1.054327e+05 |   0.29%|  79.49%
 4482s| 41900 |  1547 | 18586k| 353.8 |   392M | 139 |1992 |4004 |   0 | 101k|  0 |  57k|  20k| 1.051292e+05 | 1.054327e+05 |   0.29%|  79.56%
 4490s| 42000 |  1545 | 18620k| 353.8 |   392M | 139 |1992 |3945 |4427 | 102k|  1 |  57k|  20k| 1.051294e+05 | 1.054327e+05 |   0.29%|  79.58%
 4498s| 42100 |  1546 | 18651k| 353.7 |   392M | 139 |1992 |3970 |4430 | 102k|  0 |  57k|  20k| 1.051296e+05 | 1.054327e+05 |   0.29%|  79.61%
 4511s| 42200 |  1554 | 18710k| 354.2 |   392M | 139 |1992 |3955 |4451 | 102k|  0 |  57k|  20k| 1.051297e+05 | 1.054327e+05 |   0.29%|  79.64%
 4514s| 42300 |  1552 | 18727k| 353.8 |   392M | 139 |1992 |3964 |4471 | 102k|  0 |  57k|  20k| 1.051297e+05 | 1.054327e+05 |   0.29%|  79.64%
 time | node  | left  |LP iter|LP it/n|mem/heur|mdpt |vars |cons |rows |cuts |sepa|confs|strbr|  dualbound   | primalbound  |  gap   | compl. 
 4529s| 42400 |  1564 | 18786k| 354.2 |   392M | 139 |1992 |4017 |4524 | 102k|  1 |  57k|  20k| 1.051300e+05 | 1.054327e+05 |   0.29%|  79.70%
 4538s| 42500 |  1566 | 18823k| 354.3 |   393M | 139 |1992 |3986 |   0 | 102k|  0 |  57k|  20k| 1.051304e+05 | 1.054327e+05 |   0.29%|  79.71%
 4548s| 42600 |  1568 | 18862k| 354.3 |   393M | 139 |1992 |4008 |   0 | 103k|  0 |  57k|  20k| 1.051305e+05 | 1.054327e+05 |   0.29%|  79.71%
 4555s| 42700 |  1566 | 18894k| 354.3 |   393M | 139 |1992 |4015 |   0 | 103k|  0 |  57k|  20k| 1.051305e+05 | 1.054327e+05 |   0.29%|  79.72%
 4563s| 42800 |  1568 | 18926k| 354.2 |   393M | 139 |1992 |4016 |   0 | 103k|  0 |  57k|  20k| 1.051308e+05 | 1.054327e+05 |   0.29%|  79.76%
 4575s| 42900 |  1568 | 18976k| 354.5 |   393M | 139 |1992 |4018 |4463 | 103k|  1 |  57k|  20k| 1.051309e+05 | 1.054327e+05 |   0.29%|  79.76%
 4580s| 43000 |  1574 | 18995k| 354.2 |   393M | 139 |1992 |4020 |4482 | 103k|  1 |  58k|  20k| 1.051309e+05 | 1.054327e+05 |   0.29%|  79.77%
 4587s| 43100 |  1568 | 19029k| 354.2 |   394M | 139 |1992 |4028 |4476 | 104k|  1 |  58k|  20k| 1.051312e+05 | 1.054327e+05 |   0.29%|  79.81%
 4602s| 43200 |  1582 | 19091k| 354.6 |   394M | 139 |1992 |4021 |4538 | 104k|  1 |  58k|  20k| 1.051314e+05 | 1.054327e+05 |   0.29%|  79.82%
 4619s| 43300 |  1586 | 19153k| 355.2 |   394M | 139 |1992 |4013 |4536 | 104k|  1 |  58k|  20k| 1.051320e+05 | 1.054327e+05 |   0.29%|  79.83%
 4627s| 43400 |  1590 | 19189k| 355.2 |   394M | 139 |1992 |4045 |   0 | 104k|  0 |  58k|  20k| 1.051320e+05 | 1.054327e+05 |   0.29%|  79.83%
 4631s| 43500 |  1588 | 19206k| 354.8 |   394M | 139 |1992 |4040 |4562 | 104k|  1 |  58k|  20k| 1.051320e+05 | 1.054327e+05 |   0.29%|  79.83%
 4639s| 43600 |  1590 | 19236k| 354.7 |   394M | 139 |1992 |4043 |4579 | 104k|  1 |  58k|  20k| 1.051322e+05 | 1.054327e+05 |   0.29%|  79.84%
 4642s| 43700 |  1588 | 19249k| 354.3 |   394M | 139 |1992 |4054 |4602 | 104k|  1 |  58k|  20k| 1.051322e+05 | 1.054327e+05 |   0.29%|  79.84%
 4648s| 43800 |  1590 | 19275k| 354.1 |   394M | 139 |1992 |4000 |3999 | 105k|  4 |  58k|  20k| 1.051325e+05 | 1.054327e+05 |   0.29%|  79.85%
 time | node  | left  |LP iter|LP it/n|mem/heur|mdpt |vars |cons |rows |cuts |sepa|confs|strbr|  dualbound   | primalbound  |  gap   | compl. 
 4656s| 43900 |  1592 | 19310k| 354.1 |   394M | 139 |1992 |3993 |   0 | 105k|  0 |  58k|  20k| 1.051329e+05 | 1.054327e+05 |   0.29%|  79.89%
 4667s| 44000 |  1590 | 19355k| 354.3 |   394M | 139 |1992 |3992 |   0 | 105k|  0 |  58k|  20k| 1.051338e+05 | 1.054327e+05 |   0.28%|  79.94%
 4673s| 44100 |  1596 | 19379k| 354.1 |   394M | 139 |1992 |4001 |4578 | 105k|  2 |  58k|  20k| 1.051338e+05 | 1.054327e+05 |   0.28%|  79.94%
 4681s| 44200 |  1594 | 19415k| 354.1 |   394M | 139 |1992 |3997 |4602 | 105k|  1 |  58k|  20k| 1.051339e+05 | 1.054327e+05 |   0.28%|  79.94%
 4685s| 44300 |  1591 | 19432k| 353.8 |   394M | 139 |1992 |3990 |4551 | 105k|  1 |  58k|  20k| 1.051341e+05 | 1.054327e+05 |   0.28%|  79.98%
 4699s| 44400 |  1595 | 19491k| 354.2 |   394M | 139 |1992 |3964 |4566 | 106k|  1 |  58k|  20k| 1.051346e+05 | 1.054327e+05 |   0.28%|  79.98%
 4703s| 44500 |  1595 | 19505k| 353.8 |   395M | 139 |1992 |3966 |4586 | 106k|  0 |  58k|  20k| 1.051346e+05 | 1.054327e+05 |   0.28%|  79.98%
 4709s| 44600 |  1595 | 19532k| 353.6 |   395M | 139 |1992 |3982 |4590 | 106k|  1 |  58k|  20k| 1.051349e+05 | 1.054327e+05 |   0.28%|  79.99%
 4717s| 44700 |  1595 | 19565k| 353.6 |   395M | 139 |1992 |4003 |   0 | 106k|  0 |  58k|  20k| 1.051349e+05 | 1.054327e+05 |   0.28%|  79.99%
 4728s| 44800 |  1593 | 19612k| 353.8 |   395M | 139 |1992 |3984 |4607 | 106k|  1 |  59k|  20k| 1.051354e+05 | 1.054327e+05 |   0.28%|  80.00%
 4743s| 44900 |  1601 | 19664k| 354.1 |   395M | 139 |1992 |4016 |4476 | 106k|  1 |  59k|  20k| 1.051358e+05 | 1.054327e+05 |   0.28%|  80.04%
 4755s| 45000 |  1591 | 19720k| 354.5 |   396M | 139 |1992 |4013 |   0 | 107k|  0 |  59k|  20k| 1.051358e+05 | 1.054327e+05 |   0.28%|  80.09%
 4767s| 45100 |  1589 | 19767k| 354.7 |   396M | 139 |1992 |3994 |   0 | 107k|  0 |  59k|  20k| 1.051360e+05 | 1.054327e+05 |   0.28%|  80.12%
 4778s| 45200 |  1586 | 19817k| 355.0 |   396M | 139 |1992 |4025 |   0 | 107k|  0 |  59k|  20k| 1.051360e+05 | 1.054327e+05 |   0.28%|  80.30%
 4788s| 45300 |  1592 | 19856k| 355.0 |   396M | 139 |1992 |4036 |4524 | 107k|  0 |  59k|  20k| 1.051365e+05 | 1.054327e+05 |   0.28%|  80.31%
 time | node  | left  |LP iter|LP it/n|mem/heur|mdpt |vars |cons |rows |cuts |sepa|confs|strbr|  dualbound   | primalbound  |  gap   | compl. 
 4795s| 45400 |  1586 | 19885k| 354.9 |   396M | 139 |1992 |4051 |4365 | 107k|  1 |  59k|  20k| 1.051365e+05 | 1.054327e+05 |   0.28%|  80.34%
 4800s| 45500 |  1586 | 19911k| 354.7 |   396M | 139 |1992 |4049 |4433 | 108k|  1 |  59k|  20k| 1.051365e+05 | 1.054327e+05 |   0.28%|  80.34%
 4811s| 45600 |  1579 | 19962k| 355.0 |   396M | 139 |1992 |4041 |   0 | 108k|  0 |  59k|  20k| 1.051366e+05 | 1.054327e+05 |   0.28%|  80.43%
 4814s| 45700 |  1599 | 19976k| 354.6 |   396M | 139 |1992 |4073 |4451 | 108k|  1 |  59k|  20k| 1.051366e+05 | 1.054327e+05 |   0.28%|  80.43%
 4822s| 45800 |  1601 | 20011k| 354.6 |   397M | 139 |1992 |4023 |4519 | 108k|  0 |  60k|  20k| 1.051371e+05 | 1.054327e+05 |   0.28%|  80.44%
 4829s| 45900 |  1595 | 20044k| 354.6 |   397M | 139 |1992 |4025 |4517 | 108k|  1 |  60k|  20k| 1.051377e+05 | 1.054327e+05 |   0.28%|  80.44%
 4838s| 46000 |  1603 | 20086k| 354.7 |   397M | 139 |1992 |4005 |4474 | 109k|  0 |  60k|  20k| 1.051379e+05 | 1.054327e+05 |   0.28%|  80.45%
 4841s| 46100 |  1609 | 20102k| 354.4 |   397M | 139 |1992 |4011 |4508 | 109k|  1 |  60k|  20k| 1.051379e+05 | 1.054327e+05 |   0.28%|  80.45%
 4850s| 46200 |  1623 | 20140k| 354.4 |   397M | 139 |1992 |4012 |4390 | 109k|  1 |  60k|  20k| 1.051381e+05 | 1.054327e+05 |   0.28%|  80.47%
 4860s| 46300 |  1625 | 20182k| 354.5 |   397M | 139 |1992 |4034 |   0 | 109k|  0 |  60k|  20k| 1.051382e+05 | 1.054327e+05 |   0.28%|  80.52%
 4872s| 46400 |  1623 | 20225k| 354.6 |   398M | 139 |1992 |4004 |4493 | 109k|  2 |  60k|  20k| 1.051384e+05 | 1.054327e+05 |   0.28%|  80.52%
 4879s| 46500 |  1627 | 20253k| 354.5 |   398M | 139 |1992 |3991 |4539 | 109k|  1 |  60k|  20k| 1.051390e+05 | 1.054327e+05 |   0.28%|  80.52%
 4886s| 46600 |  1621 | 20282k| 354.4 |   398M | 139 |1992 |4005 |4362 | 110k|  0 |  60k|  20k| 1.051392e+05 | 1.054327e+05 |   0.28%|  80.52%
 4894s| 46700 |  1614 | 20318k| 354.4 |   398M | 139 |1992 |4034 |   0 | 110k|  0 |  60k|  20k| 1.051397e+05 | 1.054327e+05 |   0.28%|  80.53%
 4905s| 46800 |  1628 | 20360k| 354.5 |   398M | 139 |1992 |4053 |4496 | 110k|  1 |  60k|  20k| 1.051399e+05 | 1.054327e+05 |   0.28%|  80.55%
 time | node  | left  |LP iter|LP it/n|mem/heur|mdpt |vars |cons |rows |cuts |sepa|confs|strbr|  dualbound   | primalbound  |  gap   | compl. 
 4919s| 46900 |  1634 | 20406k| 354.7 |   398M | 139 |1992 |4039 |   0 | 110k|  0 |  61k|  20k| 1.051400e+05 | 1.054327e+05 |   0.28%|  80.56%
 4927s| 47000 |  1642 | 20442k| 354.7 |   398M | 139 |1992 |4044 |4573 | 111k|  0 |  61k|  20k| 1.051402e+05 | 1.054327e+05 |   0.28%|  80.56%
 4939s| 47100 |  1650 | 20494k| 355.0 |   398M | 139 |1992 |4058 |4568 | 111k|  2 |  61k|  20k| 1.051404e+05 | 1.054327e+05 |   0.28%|  80.58%
 4952s| 47200 |  1640 | 20540k| 355.2 |   398M | 139 |1992 |4059 |   0 | 111k|  0 |  61k|  21k| 1.051404e+05 | 1.054327e+05 |   0.28%|  80.58%
 4970s| 47300 |  1648 | 20598k| 355.6 |   398M | 139 |1992 |4040 |4547 | 111k|  3 |  61k|  21k| 1.051405e+05 | 1.054327e+05 |   0.28%|  80.59%
 4990s| 47400 |  1646 | 20663k| 356.1 |   398M | 139 |1992 |4030 |4484 | 112k|  2 |  61k|  21k| 1.051411e+05 | 1.054327e+05 |   0.28%|  80.63%
 5007s| 47500 |  1654 | 20729k| 356.6 |   398M | 139 |1992 |4038 |4455 | 112k|  1 |  61k|  21k| 1.051414e+05 | 1.054327e+05 |   0.28%|  80.67%
 5011s| 47600 |  1654 | 20749k| 356.3 |   398M | 139 |1992 |4050 |   0 | 112k|  0 |  61k|  21k| 1.051414e+05 | 1.054327e+05 |   0.28%|  80.68%
 5019s| 47700 |  1660 | 20784k| 356.3 |   398M | 139 |1992 |4055 |4292 | 112k|  1 |  62k|  21k| 1.051414e+05 | 1.054327e+05 |   0.28%|  80.70%
 5035s| 47800 |  1666 | 20844k| 356.7 |   398M | 139 |1992 |4037 |   0 | 113k|  0 |  62k|  21k| 1.051416e+05 | 1.054327e+05 |   0.28%|  80.71%
 5050s| 47900 |  1670 | 20906k| 357.2 |   399M | 139 |1992 |4051 |4508 | 113k|  3 |  62k|  21k| 1.051424e+05 | 1.054327e+05 |   0.28%|  80.74%
 5055s| 48000 |  1676 | 20934k| 357.1 |   399M | 139 |1992 |4094 |4569 | 113k|  2 |  62k|  21k| 1.051425e+05 | 1.054327e+05 |   0.28%|  80.78%
 5067s| 48100 |  1674 | 20980k| 357.2 |   399M | 139 |1992 |4077 |   0 | 113k|  0 |  62k|  21k| 1.051430e+05 | 1.054327e+05 |   0.28%|  80.81%
 5083s| 48200 |  1668 | 21039k| 357.6 |   399M | 139 |1992 |4031 |4564 | 114k|  0 |  62k|  21k| 1.051435e+05 | 1.054327e+05 |   0.28%|  80.82%
 5093s| 48300 |  1664 | 21084k| 357.8 |   401M | 139 |1992 |4066 |4400 | 114k|  0 |  62k|  21k| 1.051437e+05 | 1.054327e+05 |   0.27%|  80.82%
 time | node  | left  |LP iter|LP it/n|mem/heur|mdpt |vars |cons |rows |cuts |sepa|confs|strbr|  dualbound   | primalbound  |  gap   | compl. 
 5104s| 48400 |  1680 | 21124k| 357.9 |   401M | 139 |1992 |4019 |4378 | 114k|  0 |  63k|  21k| 1.051443e+05 | 1.054327e+05 |   0.27%|  80.82%
 5123s| 48500 |  1688 | 21195k| 358.5 |   403M | 139 |1992 |4047 |4529 | 114k|  2 |  63k|  21k| 1.051445e+05 | 1.054327e+05 |   0.27%|  80.84%
 5135s| 48600 |  1692 | 21245k| 358.7 |   403M | 139 |1992 |4057 |4469 | 115k|  4 |  63k|  21k| 1.051448e+05 | 1.054327e+05 |   0.27%|  80.86%
 5163s| 48700 |  1702 | 21337k| 359.7 |   403M | 139 |1992 |4003 |4604 | 115k|  1 |  63k|  21k| 1.051452e+05 | 1.054327e+05 |   0.27%|  80.86%
 5176s| 48800 |  1710 | 21392k| 360.0 |   403M | 139 |1992 |4053 |4485 | 115k|  1 |  63k|  21k| 1.051455e+05 | 1.054327e+05 |   0.27%|  80.93%
 5193s| 48900 |  1718 | 21434k| 360.1 |   403M | 139 |1992 |4077 |   0 | 115k|  0 |  63k|  21k| 1.051455e+05 | 1.054327e+05 |   0.27%|  80.93%
 5197s| 49000 |  1712 | 21457k| 359.9 |   403M | 139 |1992 |4078 |   0 | 116k|  0 |  63k|  21k| 1.051456e+05 | 1.054327e+05 |   0.27%|  80.97%
 5199s| 49100 |  1718 | 21467k| 359.4 |   403M | 139 |1992 |4083 |   0 | 116k|  0 |  63k|  21k| 1.051456e+05 | 1.054327e+05 |   0.27%|  80.97%
 5211s| 49200 |  1710 | 21516k| 359.6 |   403M | 139 |1992 |4128 |4720 | 116k|  1 |  64k|  21k| 1.051458e+05 | 1.054327e+05 |   0.27%|  80.97%
 5222s| 49300 |  1712 | 21562k| 359.8 |   403M | 139 |1992 |4134 |4491 | 116k|  3 |  64k|  21k| 1.051463e+05 | 1.054327e+05 |   0.27%|  80.98%
 5239s| 49400 |  1714 | 21631k| 360.4 |   403M | 139 |1992 |4104 |4651 | 116k|  1 |  64k|  22k| 1.051464e+05 | 1.054327e+05 |   0.27%|  81.00%
 5253s| 49500 |  1712 | 21694k| 360.8 |   404M | 139 |1992 |4066 |   0 | 116k|  0 |  64k|  22k| 1.051472e+05 | 1.054327e+05 |   0.27%|  81.03%
 5263s| 49600 |  1708 | 21738k| 360.9 |   404M | 139 |1992 |4066 |   0 | 117k|  0 |  64k|  22k| 1.051472e+05 | 1.054327e+05 |   0.27%|  81.10%
 5273s| 49700 |  1720 | 21778k| 361.0 |   404M | 139 |1992 |4067 |4125 | 117k|  1 |  64k|  22k| 1.051472e+05 | 1.054327e+05 |   0.27%|  81.11%
 5291s| 49800 |  1730 | 21851k| 361.6 |   404M | 139 |1992 |4021 |4152 | 117k|  1 |  64k|  22k| 1.051477e+05 | 1.054327e+05 |   0.27%|  81.12%
 time | node  | left  |LP iter|LP it/n|mem/heur|mdpt |vars |cons |rows |cuts |sepa|confs|strbr|  dualbound   | primalbound  |  gap   | compl. 
 5306s| 49900 |  1726 | 21908k| 362.0 |   404M | 139 |1992 |4041 |   0 | 118k|  0 |  64k|  22k| 1.051485e+05 | 1.054327e+05 |   0.27%|  81.12%
 5310s| 50000 |  1732 | 21930k| 361.7 |   404M | 139 |1992 |4063 |   0 | 118k|  0 |  64k|  22k| 1.051486e+05 | 1.054327e+05 |   0.27%|  81.13%
 5315s| 50100 |  1734 | 21955k| 361.6 |   404M | 139 |1992 |4059 |4231 | 118k|  1 |  64k|  22k| 1.051487e+05 | 1.054327e+05 |   0.27%|  81.13%
 5326s| 50200 |  1726 | 21999k| 361.7 |   404M | 139 |1992 |4052 |4510 | 118k|  0 |  65k|  22k| 1.051490e+05 | 1.054327e+05 |   0.27%|  81.17%
 5336s| 50300 |  1726 | 22045k| 361.9 |   404M | 139 |1992 |4058 |4224 | 118k|  1 |  65k|  22k| 1.051490e+05 | 1.054327e+05 |   0.27%|  81.18%
 5344s| 50400 |  1719 | 22081k| 361.8 |   405M | 139 |1992 |4084 |   0 | 119k|  0 |  65k|  22k| 1.051494e+05 | 1.054327e+05 |   0.27%|  81.30%
 5353s| 50500 |  1719 | 22125k| 362.0 |   405M | 139 |1992 |4135 |   0 | 119k|  0 |  65k|  22k| 1.051495e+05 | 1.054327e+05 |   0.27%|  81.35%
 5361s| 50600 |  1719 | 22161k| 362.0 |   405M | 139 |1992 |4109 |4535 | 119k|  1 |  65k|  22k| 1.051497e+05 | 1.054327e+05 |   0.27%|  81.39%
 5368s| 50700 |  1733 | 22190k| 361.9 |   405M | 139 |1992 |4128 |   0 | 119k|  0 |  65k|  22k| 1.051498e+05 | 1.054327e+05 |   0.27%|  81.42%
 5383s| 50800 |  1741 | 22244k| 362.1 |   405M | 139 |1992 |4127 |   0 | 120k|  0 |  65k|  22k| 1.051501e+05 | 1.054327e+05 |   0.27%|  81.43%
 5387s| 50900 |  1745 | 22266k| 361.9 |   405M | 139 |1992 |4178 |   0 | 120k|  0 |  66k|  22k| 1.051502e+05 | 1.054327e+05 |   0.27%|  81.43%
 5394s| 51000 |  1743 | 22292k| 361.8 |   405M | 139 |1992 |4155 |   0 | 120k|  0 |  66k|  22k| 1.051504e+05 | 1.054327e+05 |   0.27%|  81.46%
 5398s| 51100 |  1745 | 22310k| 361.5 |   405M | 139 |1992 |4183 |4329 | 120k|  1 |  66k|  22k| 1.051505e+05 | 1.054327e+05 |   0.27%|  81.52%
 5408s| 51200 |  1741 | 22347k| 361.5 |   406M | 139 |1992 |4143 |   0 | 120k|  0 |  66k|  22k| 1.051509e+05 | 1.054327e+05 |   0.27%|  81.53%
 5411s| 51300 |  1743 | 22363k| 361.1 |   406M | 139 |1992 |4202 |4448 | 120k|  1 |  66k|  22k| 1.051510e+05 | 1.054327e+05 |   0.27%|  81.57%
 time | node  | left  |LP iter|LP it/n|mem/heur|mdpt |vars |cons |rows |cuts |sepa|confs|strbr|  dualbound   | primalbound  |  gap   | compl. 
 5423s| 51400 |  1737 | 22407k| 361.3 |   406M | 139 |1992 |4116 |   0 | 121k|  0 |  67k|  22k| 1.051515e+05 | 1.054327e+05 |   0.27%|  81.63%
 5433s| 51500 |  1737 | 22452k| 361.4 |   406M | 139 |1992 |4092 |   0 | 121k|  0 |  67k|  22k| 1.051520e+05 | 1.054327e+05 |   0.27%|  81.65%
 5438s| 51600 |  1747 | 22468k| 361.1 |   406M | 139 |1992 |4104 |   0 | 121k|  0 |  67k|  22k| 1.051520e+05 | 1.054327e+05 |   0.27%|  81.65%
 5450s| 51700 |  1751 | 22514k| 361.2 |   406M | 139 |1992 |4077 |4684 | 121k|  1 |  67k|  22k| 1.051521e+05 | 1.054327e+05 |   0.27%|  81.66%
 5458s| 51800 |  1755 | 22551k| 361.3 |   406M | 139 |1992 |4096 |4691 | 122k|  1 |  67k|  22k| 1.051522e+05 | 1.054327e+05 |   0.27%|  81.68%
 5464s| 51900 |  1745 | 22579k| 361.1 |   406M | 139 |1992 |4108 |4433 | 122k|  2 |  67k|  22k| 1.051524e+05 | 1.054327e+05 |   0.27%|  81.75%
 5472s| 52000 |  1755 | 22609k| 361.0 |   406M | 139 |1992 |4035 |4346 | 122k|  1 |  67k|  22k| 1.051524e+05 | 1.054327e+05 |   0.27%|  81.76%
 5476s| 52100 |  1759 | 22628k| 360.8 |   406M | 139 |1992 |4066 |   0 | 122k|  0 |  67k|  22k| 1.051524e+05 | 1.054327e+05 |   0.27%|  81.76%
 5485s| 52200 |  1763 | 22663k| 360.7 |   406M | 139 |1992 |4055 |4598 | 122k|  1 |  67k|  22k| 1.051527e+05 | 1.054327e+05 |   0.27%|  81.76%
 5490s| 52300 |  1763 | 22691k| 360.6 |   406M | 139 |1992 |4051 |   0 | 122k|  0 |  67k|  22k| 1.051529e+05 | 1.054327e+05 |   0.27%|  81.77%
 5499s| 52400 |  1763 | 22724k| 360.6 |   406M | 139 |1992 |4022 |   0 | 122k|  0 |  68k|  22k| 1.051531e+05 | 1.054327e+05 |   0.27%|  81.79%
 5505s| 52500 |  1769 | 22752k| 360.4 |   406M | 139 |1992 |4010 |4522 | 123k|  1 |  68k|  22k| 1.051531e+05 | 1.054327e+05 |   0.27%|  81.79%
 5513s| 52600 |  1769 | 22785k| 360.4 |   406M | 139 |1992 |4017 |4556 | 123k|  0 |  68k|  22k| 1.051533e+05 | 1.054327e+05 |   0.27%|  81.82%
 5522s| 52700 |  1775 | 22830k| 360.5 |   406M | 139 |1992 |3999 |   0 | 123k|  0 |  68k|  22k| 1.051538e+05 | 1.054327e+05 |   0.27%|  81.83%
 5535s| 52800 |  1785 | 22879k| 360.7 |   406M | 139 |1992 |4003 |4264 | 123k|  3 |  68k|  22k| 1.051540e+05 | 1.054327e+05 |   0.27%|  81.85%
 time | node  | left  |LP iter|LP it/n|mem/heur|mdpt |vars |cons |rows |cuts |sepa|confs|strbr|  dualbound   | primalbound  |  gap   | compl. 
 5549s| 52900 |  1761 | 22930k| 361.0 |   406M | 139 |1992 |3980 |5533 | 123k|  0 |  68k|  22k| 1.051542e+05 | 1.054327e+05 |   0.26%|  81.89%
 5571s| 53000 |  1771 | 23023k| 361.9 |   407M | 139 |1992 |3969 |   0 | 124k|  0 |  68k|  22k| 1.051543e+05 | 1.054327e+05 |   0.26%|  81.90%
 5576s| 53100 |  1775 | 23052k| 361.8 |   407M | 139 |1992 |3972 |4544 | 124k|  2 |  68k|  22k| 1.051543e+05 | 1.054327e+05 |   0.26%|  81.90%
 5591s| 53200 |  1775 | 23109k| 362.1 |   407M | 139 |1992 |3956 |4559 | 124k|  0 |  68k|  22k| 1.051544e+05 | 1.054327e+05 |   0.26%|  81.90%
 5602s| 53300 |  1773 | 23149k| 362.1 |   407M | 139 |1992 |3943 |4674 | 124k|  0 |  68k|  22k| 1.051546e+05 | 1.054327e+05 |   0.26%|  81.91%
 5613s| 53400 |  1779 | 23192k| 362.2 |   407M | 139 |1992 |4007 |4344 | 124k|  1 |  68k|  22k| 1.051546e+05 | 1.054327e+05 |   0.26%|  81.92%
 5617s| 53500 |  1783 | 23216k| 362.0 |   407M | 139 |1992 |4009 |4449 | 124k|  0 |  68k|  22k| 1.051546e+05 | 1.054327e+05 |   0.26%|  81.92%
 5622s| 53600 |  1785 | 23240k| 361.9 |   407M | 139 |1992 |4061 |   0 | 125k|  0 |  68k|  22k| 1.051548e+05 | 1.054327e+05 |   0.26%|  81.92%
 5630s| 53700 |  1789 | 23271k| 361.8 |   407M | 139 |1992 |4056 |4647 | 125k|  1 |  69k|  22k| 1.051552e+05 | 1.054327e+05 |   0.26%|  81.92%
 5633s| 53800 |  1785 | 23286k| 361.4 |   407M | 139 |1992 |4129 |   0 | 125k|  0 |  69k|  22k| 1.051552e+05 | 1.054327e+05 |   0.26%|  81.92%
 5639s| 53900 |  1795 | 23313k| 361.3 |   407M | 139 |1992 |4053 |   0 | 125k|  0 |  69k|  22k| 1.051553e+05 | 1.054327e+05 |   0.26%|  81.93%
 5643s| 54000 |  1805 | 23331k| 361.0 |   407M | 139 |1992 |4039 |4060 | 125k|  1 |  69k|  22k| 1.051554e+05 | 1.054327e+05 |   0.26%|  81.93%
 5652s| 54100 |  1809 | 23365k| 361.0 |   407M | 139 |1992 |4050 |   0 | 125k|  0 |  69k|  22k| 1.051557e+05 | 1.054327e+05 |   0.26%|  81.97%
 5659s| 54200 |  1807 | 23399k| 361.0 |   407M | 139 |1992 |4095 |4424 | 125k|  1 |  69k|  23k| 1.051558e+05 | 1.054327e+05 |   0.26%|  82.02%
 5669s| 54300 |  1805 | 23439k| 361.0 |   407M | 139 |1992 |4088 |4705 | 126k|  1 |  69k|  23k| 1.051559e+05 | 1.054327e+05 |   0.26%|  82.03%
 time | node  | left  |LP iter|LP it/n|mem/heur|mdpt |vars |cons |rows |cuts |sepa|confs|strbr|  dualbound   | primalbound  |  gap   | compl. 
 5676s| 54400 |  1811 | 23468k| 360.9 |   407M | 139 |1992 |4141 |4627 | 126k|  1 |  70k|  23k| 1.051564e+05 | 1.054327e+05 |   0.26%|  82.03%
 5683s| 54500 |  1809 | 23491k| 360.7 |   407M | 139 |1992 |4156 |4646 | 126k|  1 |  70k|  23k| 1.051564e+05 | 1.054327e+05 |   0.26%|  82.04%
 5696s| 54600 |  1801 | 23532k| 360.8 |   408M | 139 |1992 |4126 |4466 | 126k|  2 |  70k|  23k| 1.051565e+05 | 1.054327e+05 |   0.26%|  82.06%
 5706s| 54700 |  1809 | 23572k| 360.8 |   408M | 139 |1992 |4099 |4586 | 126k|  1 |  70k|  23k| 1.051568e+05 | 1.054327e+05 |   0.26%|  82.07%
 5710s| 54800 |  1807 | 23586k| 360.5 |   408M | 139 |1992 |4145 |4374 | 126k|  2 |  70k|  23k| 1.051569e+05 | 1.054327e+05 |   0.26%|  82.07%
 5718s| 54900 |  1809 | 23621k| 360.5 |   408M | 139 |1992 |4122 |   0 | 127k|  0 |  70k|  23k| 1.051570e+05 | 1.054327e+05 |   0.26%|  82.08%
 5732s| 55000 |  1817 | 23666k| 360.6 |   408M | 139 |1992 |4143 |   0 | 127k|  0 |  70k|  23k| 1.051571e+05 | 1.054327e+05 |   0.26%|  82.08%
 5737s| 55100 |  1820 | 23693k| 360.5 |   408M | 139 |1992 |4138 |4601 | 127k|  1 |  70k|  23k| 1.051572e+05 | 1.054327e+05 |   0.26%|  82.08%
 5744s| 55200 |  1822 | 23719k| 360.3 |   408M | 139 |1992 |4109 |4593 | 127k|  1 |  71k|  23k| 1.051574e+05 | 1.054327e+05 |   0.26%|  82.09%
 5748s| 55300 |  1825 | 23741k| 360.1 |   408M | 139 |1992 |4110 |4564 | 127k|  1 |  71k|  23k| 1.051574e+05 | 1.054327e+05 |   0.26%|  82.09%
 5754s| 55400 |  1821 | 23765k| 359.9 |   408M | 139 |1992 |4122 |   0 | 127k|  0 |  71k|  23k| 1.051574e+05 | 1.054327e+05 |   0.26%|  82.09%
 5757s| 55500 |  1823 | 23780k| 359.6 |   408M | 139 |1992 |4114 |4597 | 127k|  1 |  71k|  23k| 1.051574e+05 | 1.054327e+05 |   0.26%|  82.09%
 5771s| 55600 |  1835 | 23836k| 359.9 |   408M | 139 |1992 |4107 |4505 | 128k|  1 |  71k|  23k| 1.051576e+05 | 1.054327e+05 |   0.26%|  82.10%
 5777s| 55700 |  1833 | 23864k| 359.8 |   409M | 139 |1992 |4129 |   0 | 128k|  0 |  71k|  23k| 1.051580e+05 | 1.054327e+05 |   0.26%|  82.39%
 5788s| 55800 |  1827 | 23910k| 360.0 |   410M | 139 |1992 |4111 |4511 | 128k|  1 |  71k|  23k| 1.051586e+05 | 1.054327e+05 |   0.26%|  82.42%
 time | node  | left  |LP iter|LP it/n|mem/heur|mdpt |vars |cons |rows |cuts |sepa|confs|strbr|  dualbound   | primalbound  |  gap   | compl. 
 5799s| 55900 |  1835 | 23953k| 360.1 |   411M | 139 |1992 |4130 |4380 | 128k|  2 |  71k|  23k| 1.051588e+05 | 1.054327e+05 |   0.26%|  82.43%
 5802s| 56000 |  1831 | 23968k| 359.7 |   411M | 139 |1992 |4149 |4359 | 128k|  1 |  71k|  23k| 1.051588e+05 | 1.054327e+05 |   0.26%|  82.43%
 5807s| 56100 |  1817 | 23994k| 359.6 |   411M | 139 |1992 |4180 |4356 | 128k|  1 |  72k|  23k| 1.051588e+05 | 1.054327e+05 |   0.26%|  82.46%
 5815s| 56200 |  1813 | 24030k| 359.6 |   411M | 139 |1992 |4084 |4306 | 129k|  0 |  72k|  23k| 1.051588e+05 | 1.054327e+05 |   0.26%|  82.47%
 5822s| 56300 |  1813 | 24058k| 359.5 |   411M | 139 |1992 |4099 |   0 | 129k|  0 |  72k|  23k| 1.051589e+05 | 1.054327e+05 |   0.26%|  82.47%
 5844s| 56400 |  1837 | 24144k| 360.2 |   411M | 139 |1992 |4034 |4221 | 129k|  0 |  72k|  23k| 1.051594e+05 | 1.054327e+05 |   0.26%|  82.49%
 5853s| 56500 |  1841 | 24184k| 360.3 |   413M | 139 |1992 |4045 |4747 | 129k|  1 |  72k|  23k| 1.051596e+05 | 1.054327e+05 |   0.26%|  82.49%
 5875s| 56600 |  1857 | 24263k| 360.9 |   414M | 139 |1992 |4018 |   0 | 129k|  0 |  72k|  23k| 1.051601e+05 | 1.054327e+05 |   0.26%|  82.50%
 5892s| 56700 |  1849 | 24329k| 361.4 |   415M | 139 |1992 |4035 |4619 | 130k|  2 |  72k|  23k| 1.051604e+05 | 1.054327e+05 |   0.26%|  82.53%
 5905s| 56800 |  1853 | 24381k| 361.6 |   415M | 139 |1992 |4002 |4500 | 130k|  2 |  72k|  23k| 1.051606e+05 | 1.054327e+05 |   0.26%|  82.53%
 5911s| 56900 |  1857 | 24406k| 361.4 |   415M | 139 |1992 |4055 |4450 | 130k|  1 |  72k|  23k| 1.051606e+05 | 1.054327e+05 |   0.26%|  82.53%
 5915s| 57000 |  1843 | 24427k| 361.2 |   415M | 139 |1992 |4047 |   0 | 130k|  0 |  72k|  23k| 1.051609e+05 | 1.054327e+05 |   0.26%|  82.56%
 5924s| 57100 |  1849 | 24468k| 361.3 |   415M | 139 |1992 |4049 |   0 | 130k|  0 |  72k|  23k| 1.051609e+05 | 1.054327e+05 |   0.26%|  82.59%
 5936s| 57200 |  1841 | 24520k| 361.5 |   415M | 139 |1992 |4053 |4581 | 131k|  1 |  73k|  23k| 1.051612e+05 | 1.054327e+05 |   0.26%|  82.66%
 5941s| 57300 |  1841 | 24544k| 361.4 |   415M | 139 |1992 |4059 |   0 | 131k|  0 |  73k|  23k| 1.051612e+05 | 1.054327e+05 |   0.26%|  82.66%
 time | node  | left  |LP iter|LP it/n|mem/heur|mdpt |vars |cons |rows |cuts |sepa|confs|strbr|  dualbound   | primalbound  |  gap   | compl. 
 5951s| 57400 |  1851 | 24587k| 361.4 |   415M | 139 |1992 |4048 |4311 | 131k|  1 |  73k|  23k| 1.051616e+05 | 1.054327e+05 |   0.26%|  82.69%
 5964s| 57500 |  1859 | 24637k| 361.7 |   415M | 139 |1992 |4023 |4565 | 131k|  1 |  73k|  23k| 1.051618e+05 | 1.054327e+05 |   0.26%|  82.71%
 5974s| 57600 |  1861 | 24677k| 361.7 |   415M | 139 |1992 |4012 |   0 | 131k|  0 |  73k|  23k| 1.051620e+05 | 1.054327e+05 |   0.26%|  82.72%
 5981s| 57700 |  1850 | 24710k| 361.7 |   415M | 139 |1992 |4017 |4544 | 132k|  2 |  73k|  23k| 1.051621e+05 | 1.054327e+05 |   0.26%|  82.83%
 5988s| 57800 |  1854 | 24744k| 361.6 |   415M | 139 |1992 |4011 |4582 | 132k|  0 |  73k|  23k| 1.051621e+05 | 1.054327e+05 |   0.26%|  82.83%
 5996s| 57900 |  1858 | 24779k| 361.6 |   415M | 139 |1992 |3982 |4616 | 132k|  1 |  73k|  23k| 1.051627e+05 | 1.054327e+05 |   0.26%|  82.86%
 6005s| 58000 |  1866 | 24817k| 361.6 |   415M | 139 |1992 |4007 |4699 | 132k|  0 |  73k|  23k| 1.051630e+05 | 1.054327e+05 |   0.26%|  82.86%
 6016s| 58100 |  1854 | 24865k| 361.8 |   415M | 139 |1992 |3997 |4225 | 132k|  3 |  73k|  23k| 1.051632e+05 | 1.054327e+05 |   0.26%|  82.90%
 6020s| 58200 |  1846 | 24884k| 361.6 |   415M | 139 |1992 |4072 |   0 | 132k|  0 |  74k|  23k| 1.051632e+05 | 1.054327e+05 |   0.26%|  82.92%
 6028s| 58300 |  1860 | 24928k| 361.7 |   415M | 139 |1992 |4058 |   0 | 133k|  0 |  74k|  23k| 1.051633e+05 | 1.054327e+05 |   0.26%|  82.95%
 6036s| 58400 |  1864 | 24971k| 361.8 |   415M | 139 |1992 |4046 |4478 | 133k|  0 |  74k|  23k| 1.051635e+05 | 1.054327e+05 |   0.26%|  82.97%
 6039s| 58500 |  1864 | 24981k| 361.4 |   416M | 139 |1992 |4073 |4144 | 133k|  2 |  74k|  23k| 1.051635e+05 | 1.054327e+05 |   0.26%|  82.97%
 6047s| 58600 |  1858 | 25019k| 361.4 |   416M | 139 |1992 |4061 |4568 | 133k|  1 |  74k|  23k| 1.051636e+05 | 1.054327e+05 |   0.26%|  82.98%
 6064s| 58700 |  1868 | 25084k| 361.8 |   416M | 139 |1992 |3999 |4582 | 134k|  0 |  74k|  23k| 1.051640e+05 | 1.054327e+05 |   0.26%|  82.99%
 6071s| 58800 |  1862 | 25116k| 361.8 |   416M | 139 |1992 |4027 |4616 | 134k|  2 |  74k|  23k| 1.051644e+05 | 1.054327e+05 |   0.26%|  82.99%
 time | node  | left  |LP iter|LP it/n|mem/heur|mdpt |vars |cons |rows |cuts |sepa|confs|strbr|  dualbound   | primalbound  |  gap   | compl. 
 6084s| 58900 |  1872 | 25171k| 362.0 |   416M | 139 |1992 |4056 |4351 | 134k|  1 |  74k|  23k| 1.051645e+05 | 1.054327e+05 |   0.26%|  83.03%
 6103s| 59000 |  1856 | 25241k| 362.5 |   417M | 139 |1992 |4027 |4506 | 134k|  3 |  75k|  23k| 1.051648e+05 | 1.054327e+05 |   0.25%|  83.08%
 6121s| 59100 |  1878 | 25310k| 363.0 |   417M | 139 |1992 |4011 |4611 | 135k|  3 |  75k|  23k| 1.051648e+05 | 1.054327e+05 |   0.25%|  83.09%
 6147s| 59200 |  1876 | 25401k| 363.8 |   417M | 139 |1992 |3971 |4592 | 135k|  1 |  75k|  23k| 1.051651e+05 | 1.054327e+05 |   0.25%|  83.09%
 6154s| 59300 |  1880 | 25438k| 363.8 |   418M | 139 |1992 |3974 |4643 | 135k|  0 |  75k|  23k| 1.051651e+05 | 1.054327e+05 |   0.25%|  83.39%
 6184s| 59400 |  1882 | 25544k| 364.8 |   418M | 139 |1992 |3978 |4592 | 136k|  1 |  75k|  24k| 1.051656e+05 | 1.054327e+05 |   0.25%|  83.42%
 6190s| 59500 |  1880 | 25573k| 364.7 |   418M | 139 |1992 |3999 |4651 | 136k|  0 |  75k|  24k| 1.051656e+05 | 1.054327e+05 |   0.25%|  83.42%
 6204s| 59600 |  1880 | 25623k| 364.9 |   418M | 139 |1992 |4018 |4636 | 136k|  1 |  75k|  24k| 1.051657e+05 | 1.054327e+05 |   0.25%|  83.45%
 6215s| 59700 |  1876 | 25665k| 365.0 |   418M | 139 |1992 |4008 |4494 | 136k|  0 |  75k|  24k| 1.051659e+05 | 1.054327e+05 |   0.25%|  83.46%
 6240s| 59800 |  1861 | 25751k| 365.7 |   418M | 139 |1992 |3981 |   0 | 137k|  0 |  75k|  24k| 1.051661e+05 | 1.054327e+05 |   0.25%|  83.51%
 6273s| 59900 |  1863 | 25863k| 366.8 |   420M | 139 |1992 |3985 |4581 | 137k|  1 |  75k|  24k| 1.051663e+05 | 1.054327e+05 |   0.25%|  83.59%
 6283s| 60000 |  1852 | 25901k| 366.8 |   420M | 139 |1992 |4030 |4259 | 137k|  2 |  76k|  24k| 1.051665e+05 | 1.054327e+05 |   0.25%|  83.69%
 6300s| 60100 |  1846 | 25973k| 367.3 |   420M | 139 |1992 |4000 |4391 | 138k|  2 |  76k|  24k| 1.051669e+05 | 1.054327e+05 |   0.25%|  83.77%
 6308s| 60200 |  1846 | 26006k| 367.2 |   420M | 139 |1992 |4005 |4316 | 138k|  4 |  76k|  24k| 1.051669e+05 | 1.054327e+05 |   0.25%|  83.79%
 6315s| 60300 |  1848 | 26038k| 367.1 |   420M | 139 |1992 |3997 |4300 | 138k|  3 |  76k|  24k| 1.051669e+05 | 1.054327e+05 |   0.25%|  83.79%
 time | node  | left  |LP iter|LP it/n|mem/heur|mdpt |vars |cons |rows |cuts |sepa|confs|strbr|  dualbound   | primalbound  |  gap   | compl. 
 6324s| 60400 |  1855 | 26074k| 367.1 |   420M | 139 |1992 |3982 |4378 | 138k|  0 |  76k|  24k| 1.051670e+05 | 1.054327e+05 |   0.25%|  83.79%
 6344s| 60500 |  1861 | 26136k| 367.5 |   420M | 139 |1992 |3956 |4468 | 139k|  2 |  76k|  24k| 1.051673e+05 | 1.054327e+05 |   0.25%|  83.82%
 6354s| 60600 |  1867 | 26170k| 367.5 |   420M | 139 |1992 |3952 |4381 | 139k|  2 |  76k|  24k| 1.051674e+05 | 1.054327e+05 |   0.25%|  83.86%
 6368s| 60700 |  1878 | 26220k| 367.6 |   420M | 139 |1992 |3993 |4407 | 139k|  1 |  76k|  24k| 1.051684e+05 | 1.054327e+05 |   0.25%|  83.86%
 6378s| 60800 |  1876 | 26259k| 367.7 |   420M | 139 |1992 |4030 |   0 | 139k|  0 |  77k|  24k| 1.051688e+05 | 1.054327e+05 |   0.25%|  83.90%
 6393s| 60900 |  1896 | 26324k| 368.1 |   420M | 139 |1992 |4025 |4573 | 139k|  1 |  77k|  24k| 1.051689e+05 | 1.054327e+05 |   0.25%|  83.91%
 6402s| 61000 |  1900 | 26363k| 368.1 |   421M | 139 |1992 |4046 |4580 | 140k|  0 |  77k|  24k| 1.051693e+05 | 1.054327e+05 |   0.25%|  83.93%
 6405s| 61100 |  1902 | 26376k| 367.8 |   421M | 139 |1992 |4053 |   0 | 140k|  0 |  77k|  24k| 1.051693e+05 | 1.054327e+05 |   0.25%|  83.93%
 6430s| 61200 |  1908 | 26468k| 368.5 |   421M | 139 |1992 |3962 |4437 | 140k|  1 |  77k|  24k| 1.051699e+05 | 1.054327e+05 |   0.25%|  83.95%
 6438s| 61300 |  1914 | 26494k| 368.4 |   421M | 139 |1992 |3968 |4488 | 141k|  1 |  77k|  24k| 1.051700e+05 | 1.054327e+05 |   0.25%|  83.96%
 6457s| 61400 |  1924 | 26562k| 368.8 |   421M | 139 |1992 |3964 |4620 | 141k|  1 |  77k|  24k| 1.051703e+05 | 1.054327e+05 |   0.25%|  83.96%
 6467s| 61500 |  1920 | 26600k| 368.8 |   421M | 139 |1992 |3993 |4543 | 141k|  1 |  77k|  25k| 1.051705e+05 | 1.054327e+05 |   0.25%|  83.99%
 6476s| 61600 |  1922 | 26638k| 368.9 |   421M | 139 |1992 |4042 |4647 | 141k|  1 |  77k|  25k| 1.051705e+05 | 1.054327e+05 |   0.25%|  84.00%
 6481s| 61700 |  1932 | 26657k| 368.6 |   421M | 139 |1992 |4099 |   0 | 141k|  0 |  78k|  25k| 1.051708e+05 | 1.054327e+05 |   0.25%|  84.00%
 6486s| 61800 |  1934 | 26677k| 368.4 |   421M | 139 |1992 |4094 |   0 | 141k|  0 |  78k|  25k| 1.051709e+05 | 1.054327e+05 |   0.25%|  84.03%
 time | node  | left  |LP iter|LP it/n|mem/heur|mdpt |vars |cons |rows |cuts |sepa|confs|strbr|  dualbound   | primalbound  |  gap   | compl. 
 6495s| 61900 |  1920 | 26712k| 368.3 |   421M | 139 |1992 |4024 |4586 | 141k|  1 |  78k|  25k| 1.051715e+05 | 1.054327e+05 |   0.25%|  84.06%
 6501s| 62000 |  1924 | 26739k| 368.2 |   421M | 139 |1992 |4018 |   0 | 142k|  0 |  78k|  25k| 1.051715e+05 | 1.054327e+05 |   0.25%|  84.06%
 6504s| 62100 |  1924 | 26756k| 367.9 |   421M | 139 |1992 |4014 |4509 | 142k|  0 |  78k|  25k| 1.051716e+05 | 1.054327e+05 |   0.25%|  84.06%
 6517s| 62200 |  1923 | 26809k| 368.2 |   421M | 139 |1992 |4030 |   0 | 142k|  0 |  78k|  25k| 1.051720e+05 | 1.054327e+05 |   0.25%|  84.07%
 6529s| 62300 |  1917 | 26863k| 368.4 |   421M | 139 |1992 |4026 |4612 | 142k|  0 |  78k|  25k| 1.051721e+05 | 1.054327e+05 |   0.25%|  84.09%
 6543s| 62400 |  1923 | 26921k| 368.7 |   421M | 139 |1992 |4051 |4571 | 142k|  2 |  78k|  25k| 1.051723e+05 | 1.054327e+05 |   0.25%|  84.12%
 6553s| 62500 |  1923 | 26960k| 368.7 |   421M | 139 |1992 |4093 |4294 | 143k|  0 |  78k|  25k| 1.051723e+05 | 1.054327e+05 |   0.25%|  84.13%
 6565s| 62600 |  1919 | 27010k| 368.9 |   421M | 139 |1992 |4088 |   0 | 143k|  0 |  79k|  25k| 1.051729e+05 | 1.054327e+05 |   0.25%|  84.15%
 6581s| 62700 |  1935 | 27070k| 369.2 |   421M | 139 |1992 |4062 |4608 | 143k|  2 |  79k|  25k| 1.051730e+05 | 1.054327e+05 |   0.25%|  84.16%
 6591s| 62800 |  1927 | 27106k| 369.2 |   421M | 139 |1992 |4060 |   0 | 143k|  0 |  79k|  25k| 1.051731e+05 | 1.054327e+05 |   0.25%|  84.16%
 6605s| 62900 |  1921 | 27164k| 369.5 |   421M | 139 |1992 |4044 |5337 | 143k|  1 |  79k|  25k| 1.051736e+05 | 1.054327e+05 |   0.25%|  84.17%
 6611s| 63000 |  1931 | 27194k| 369.4 |   421M | 139 |1992 |4073 |4666 | 143k|  1 |  79k|  25k| 1.051736e+05 | 1.054327e+05 |   0.25%|  84.18%
 6617s| 63100 |  1927 | 27217k| 369.2 |   421M | 139 |1992 |4055 |4703 | 144k|  0 |  79k|  25k| 1.051736e+05 | 1.054327e+05 |   0.25%|  84.18%
 6625s| 63200 |  1929 | 27253k| 369.2 |   422M | 139 |1992 |4076 |4713 | 144k|  1 |  79k|  25k| 1.051736e+05 | 1.054327e+05 |   0.25%|  84.18%
 6637s| 63300 |  1925 | 27296k| 369.3 |   422M | 139 |1992 |4076 |   0 | 144k|  0 |  79k|  25k| 1.051738e+05 | 1.054327e+05 |   0.25%|  84.18%
 time | node  | left  |LP iter|LP it/n|mem/heur|mdpt |vars |cons |rows |cuts |sepa|confs|strbr|  dualbound   | primalbound  |  gap   | compl. 
 6646s| 63400 |  1931 | 27343k| 369.4 |   422M | 139 |1992 |4066 |4671 | 144k|  0 |  79k|  25k| 1.051741e+05 | 1.054327e+05 |   0.25%|  84.18%
 6667s| 63500 |  1947 | 27422k| 370.0 |   422M | 139 |1992 |4028 |4686 | 144k|  1 |  79k|  25k| 1.051743e+05 | 1.054327e+05 |   0.25%|  84.19%
 6676s| 63600 |  1947 | 27456k| 369.9 |   422M | 139 |1992 |4079 |4702 | 144k|  1 |  79k|  25k| 1.051747e+05 | 1.054327e+05 |   0.25%|  84.20%
 6691s| 63700 |  1937 | 27519k| 370.3 |   422M | 139 |1992 |4077 |4453 | 145k|  1 |  80k|  25k| 1.051748e+05 | 1.054327e+05 |   0.25%|  84.21%
 6714s| 63800 |  1935 | 27601k| 370.9 |   422M | 139 |1992 |4030 |4765 | 145k|  1 |  80k|  25k| 1.051753e+05 | 1.054327e+05 |   0.24%|  84.22%
 6740s| 63900 |  1923 | 27690k| 371.6 |   422M | 139 |1992 |4084 |4560 | 145k|  0 |  80k|  25k| 1.051756e+05 | 1.054327e+05 |   0.24%|  84.37%
 6754s| 64000 |  1935 | 27749k| 371.9 |   424M | 139 |1992 |4084 |4349 | 146k|  1 |  80k|  25k| 1.051758e+05 | 1.054327e+05 |   0.24%|  84.39%
 6764s| 64100 |  1935 | 27779k| 371.8 |   424M | 139 |1992 |4071 |4635 | 146k|  0 |  80k|  25k| 1.051758e+05 | 1.054327e+05 |   0.24%|  84.39%
 6769s| 64200 |  1939 | 27806k| 371.7 |   424M | 139 |1992 |4094 |4274 | 146k|  0 |  80k|  25k| 1.051759e+05 | 1.054327e+05 |   0.24%|  84.40%
 6777s| 64300 |  1939 | 27839k| 371.6 |   424M | 139 |1992 |4103 |4304 | 146k|  1 |  80k|  25k| 1.051760e+05 | 1.054327e+05 |   0.24%|  84.41%
 6783s| 64400 |  1949 | 27866k| 371.5 |   424M | 139 |1992 |4126 |   0 | 146k|  0 |  80k|  25k| 1.051764e+05 | 1.054327e+05 |   0.24%|  84.45%
 6796s| 64500 |  1953 | 27922k| 371.7 |   424M | 139 |1992 |4108 |4299 | 147k|  1 |  81k|  25k| 1.051766e+05 | 1.054327e+05 |   0.24%|  84.48%
 6806s| 64600 |  1947 | 27965k| 371.8 |   425M | 139 |1992 |4133 |4238 | 147k|  1 |  81k|  25k| 1.051767e+05 | 1.054327e+05 |   0.24%|  84.48%
 6815s| 64700 |  1957 | 28009k| 371.9 |   425M | 139 |1992 |4129 |   0 | 147k|  0 |  81k|  25k| 1.051769e+05 | 1.054327e+05 |   0.24%|  84.48%
 6828s| 64800 |  1969 | 28066k| 372.1 |   425M | 139 |1992 |4099 |4379 | 148k|  3 |  81k|  25k| 1.051771e+05 | 1.054327e+05 |   0.24%|  84.49%
 time | node  | left  |LP iter|LP it/n|mem/heur|mdpt |vars |cons |rows |cuts |sepa|confs|strbr|  dualbound   | primalbound  |  gap   | compl. 
 6846s| 64900 |  1975 | 28137k| 372.6 |   425M | 139 |1992 |4124 |4554 | 148k|  1 |  81k|  25k| 1.051773e+05 | 1.054327e+05 |   0.24%|  84.50%
 6858s| 65000 |  1973 | 28174k| 372.6 |   425M | 139 |1992 |4169 |   0 | 148k|  0 |  81k|  25k| 1.051775e+05 | 1.054327e+05 |   0.24%|  84.50%
 6873s| 65100 |  1979 | 28239k| 373.0 |   426M | 139 |1992 |4154 |   0 | 148k|  0 |  81k|  25k| 1.051776e+05 | 1.054327e+05 |   0.24%|  84.52%
 6897s| 65200 |  1977 | 28312k| 373.4 |   426M | 139 |1992 |4094 |4859 | 149k|  1 |  81k|  25k| 1.051779e+05 | 1.054327e+05 |   0.24%|  84.53%
 6915s| 65300 |  1979 | 28383k| 373.9 |   426M | 139 |1992 |4135 |4665 | 149k|  0 |  82k|  25k| 1.051781e+05 | 1.054327e+05 |   0.24%|  84.54%
 6933s| 65400 |  1989 | 28455k| 374.3 |   427M | 139 |1992 |4137 |   0 | 149k|  0 |  82k|  25k| 1.051782e+05 | 1.054327e+05 |   0.24%|  84.54%
 6944s| 65500 |  1987 | 28501k| 374.5 |   427M | 139 |1992 |4095 |   0 | 149k|  0 |  82k|  25k| 1.051783e+05 | 1.054327e+05 |   0.24%|  84.54%
 6954s| 65600 |  1995 | 28545k| 374.5 |   427M | 139 |1992 |4079 |4699 | 149k|  1 |  82k|  25k| 1.051783e+05 | 1.054327e+05 |   0.24%|  84.55%
 6968s| 65700 |  2001 | 28598k| 374.7 |   427M | 139 |1992 |4226 |4728 | 149k|  0 |  82k|  25k| 1.051783e+05 | 1.054327e+05 |   0.24%|  84.55%
 6980s| 65800 |  1999 | 28647k| 374.9 |   427M | 139 |1992 |4187 |4484 | 150k|  1 |  82k|  25k| 1.051786e+05 | 1.054327e+05 |   0.24%|  84.58%
 6988s| 65900 |  2003 | 28683k| 374.9 |   427M | 139 |1992 |4160 |4642 | 150k|  0 |  82k|  25k| 1.051788e+05 | 1.054327e+05 |   0.24%|  84.58%
 7008s| 66000 |  2003 | 28760k| 375.4 |   428M | 139 |1992 |4052 |4773 | 150k|  2 |  82k|  26k| 1.051790e+05 | 1.054327e+05 |   0.24%|  84.59%
 7033s| 66100 |  2013 | 28849k| 376.1 |   428M | 139 |1992 |4087 |   0 | 150k|  0 |  82k|  26k| 1.051792e+05 | 1.054327e+05 |   0.24%|  84.59%
 7040s| 66200 |  2015 | 28880k| 376.0 |   428M | 139 |1992 |4104 |4420 | 150k|  1 |  82k|  26k| 1.051794e+05 | 1.054327e+05 |   0.24%|  84.61%
 7052s| 66300 |  2006 | 28924k| 376.1 |   428M | 139 |1992 |4131 |4595 | 151k|  1 |  83k|  26k| 1.051794e+05 | 1.054327e+05 |   0.24%|  84.66%
 time | node  | left  |LP iter|LP it/n|mem/heur|mdpt |vars |cons |rows |cuts |sepa|confs|strbr|  dualbound   | primalbound  |  gap   | compl. 
 7071s| 66400 |  2006 | 28999k| 376.6 |   429M | 139 |1992 |4088 |4577 | 151k|  1 |  83k|  26k| 1.051796e+05 | 1.054327e+05 |   0.24%|  84.72%
 7086s| 66500 |  2008 | 29055k| 376.8 |   429M | 139 |1992 |4093 |   0 | 151k|  0 |  83k|  26k| 1.051797e+05 | 1.054327e+05 |   0.24%|  84.77%
 7109s| 66600 |  1991 | 29131k| 377.3 |   429M | 139 |1992 |4064 |4726 | 151k|  2 |  83k|  26k| 1.051799e+05 | 1.054327e+05 |   0.24%|  84.87%
 7124s| 66700 |  1991 | 29195k| 377.6 |   429M | 139 |1992 |4079 |4414 | 152k|  0 |  83k|  26k| 1.051799e+05 | 1.054327e+05 |   0.24%|  84.89%
 7133s| 66800 |  1999 | 29233k| 377.6 |   429M | 139 |1992 |4114 |4921 | 152k|  1 |  83k|  26k| 1.051799e+05 | 1.054327e+05 |   0.24%|  84.91%
 7150s| 66900 |  1982 | 29305k| 378.1 |   429M | 139 |1992 |4099 |   0 | 152k|  0 |  83k|  26k| 1.051802e+05 | 1.054327e+05 |   0.24%|  84.96%
 7170s| 67000 |  1980 | 29373k| 378.5 |   429M | 139 |1992 |4053 |4664 | 152k|  1 |  83k|  26k| 1.051803e+05 | 1.054327e+05 |   0.24%|  84.98%
 7175s| 67100 |  1974 | 29395k| 378.3 |   429M | 139 |1992 |4102 |4753 | 152k|  0 |  83k|  26k| 1.051803e+05 | 1.054327e+05 |   0.24%|  85.00%
 7189s| 67200 |  1976 | 29448k| 378.5 |   430M | 139 |1992 |4108 |4396 | 152k|  0 |  83k|  26k| 1.051804e+05 | 1.054327e+05 |   0.24%|  85.04%
 7196s| 67300 |  1984 | 29482k| 378.4 |   430M | 139 |1992 |4109 |4626 | 153k|  0 |  83k|  26k| 1.051805e+05 | 1.054327e+05 |   0.24%|  85.04%
 7208s| 67400 |  1972 | 29535k| 378.6 |   430M | 139 |1992 |4115 |4488 | 153k|  1 |  83k|  26k| 1.051805e+05 | 1.054327e+05 |   0.24%|  85.06%
 7222s| 67500 |  1966 | 29593k| 378.9 |   430M | 139 |1992 |4142 |4379 | 153k|  1 |  84k|  26k| 1.051806e+05 | 1.054327e+05 |   0.24%|  85.14%
 7237s| 67600 |  1976 | 29658k| 379.2 |   431M | 139 |1992 |4149 |4815 | 153k|  2 |  84k|  26k| 1.051808e+05 | 1.054327e+05 |   0.24%|  85.15%
 7249s| 67700 |  1978 | 29706k| 379.3 |   431M | 139 |1992 |4173 |   0 | 153k|  0 |  84k|  26k| 1.051811e+05 | 1.054327e+05 |   0.24%|  85.15%
 7259s| 67800 |  1988 | 29748k| 379.4 |   433M | 139 |1992 |4191 |4550 | 154k|  1 |  84k|  26k| 1.051812e+05 | 1.054327e+05 |   0.24%|  85.16%
 time | node  | left  |LP iter|LP it/n|mem/heur|mdpt |vars |cons |rows |cuts |sepa|confs|strbr|  dualbound   | primalbound  |  gap   | compl. 
 7268s| 67900 |  1980 | 29792k| 379.5 |   433M | 139 |1992 |4194 |4582 | 154k|  0 |  84k|  26k| 1.051814e+05 | 1.054327e+05 |   0.24%|  85.17%
 7275s| 68000 |  1982 | 29821k| 379.4 |   433M | 139 |1992 |4170 |   0 | 154k|  0 |  84k|  26k| 1.051815e+05 | 1.054327e+05 |   0.24%|  85.21%
 7283s| 68100 |  1984 | 29858k| 379.3 |   433M | 139 |1992 |4155 |4419 | 154k|  1 |  84k|  26k| 1.051819e+05 | 1.054327e+05 |   0.24%|  85.22%
 7303s| 68200 |  1972 | 29945k| 380.0 |   433M | 139 |1992 |4120 |4810 | 155k|  1 |  84k|  26k| 1.051819e+05 | 1.054327e+05 |   0.24%|  85.25%
 7316s| 68300 |  1966 | 29995k| 380.1 |   433M | 139 |1992 |4121 |   0 | 155k|  0 |  84k|  26k| 1.051820e+05 | 1.054327e+05 |   0.24%|  85.27%
 7334s| 68400 |  1974 | 30062k| 380.5 |   433M | 139 |1992 |4129 |4501 | 155k|  1 |  84k|  26k| 1.051820e+05 | 1.054327e+05 |   0.24%|  85.29%
 7344s| 68500 |  1984 | 30107k| 380.6 |   433M | 139 |1992 |4096 |   0 | 155k|  0 |  85k|  26k| 1.051823e+05 | 1.054327e+05 |   0.24%|  85.29%
 7356s| 68600 |  1986 | 30154k| 380.7 |   434M | 139 |1992 |4113 |4795 | 156k|  1 |  85k|  26k| 1.051825e+05 | 1.054327e+05 |   0.24%|  85.31%
 7361s| 68700 |  1982 | 30178k| 380.5 |   434M | 139 |1992 |4104 |   0 | 156k|  0 |  85k|  26k| 1.051826e+05 | 1.054327e+05 |   0.24%|  85.31%
 7371s| 68800 |  1973 | 30224k| 380.6 |   434M | 139 |1992 |4125 |4639 | 156k|  1 |  85k|  26k| 1.051827e+05 | 1.054327e+05 |   0.24%|  85.33%
 7385s| 68900 |  1977 | 30281k| 380.9 |   434M | 139 |1992 |4116 |   0 | 156k|  0 |  85k|  26k| 1.051828e+05 | 1.054327e+05 |   0.24%|  85.36%
 7405s| 69000 |  1960 | 30353k| 381.3 |   434M | 139 |1992 |4079 |4454 | 156k|  0 |  85k|  26k| 1.051832e+05 | 1.054327e+05 |   0.24%|  85.48%
 7419s| 69100 |  1962 | 30413k| 381.6 |   434M | 139 |1992 |4114 |4598 | 156k|  0 |  85k|  26k| 1.051832e+05 | 1.054327e+05 |   0.24%|  85.53%
 7423s| 69200 |  1964 | 30430k| 381.3 |   434M | 139 |1992 |4124 |4659 | 157k|  1 |  85k|  26k| 1.051832e+05 | 1.054327e+05 |   0.24%|  85.53%
 7441s| 69300 |  1967 | 30492k| 381.6 |   435M | 139 |1992 |4109 |4643 | 157k|  1 |  85k|  26k| 1.051837e+05 | 1.054327e+05 |   0.24%|  85.56%
 time | node  | left  |LP iter|LP it/n|mem/heur|mdpt |vars |cons |rows |cuts |sepa|confs|strbr|  dualbound   | primalbound  |  gap   | compl. 
 7450s| 69400 |  1983 | 30528k| 381.6 |   435M | 139 |1992 |4108 |4501 | 157k|  1 |  85k|  26k| 1.051839e+05 | 1.054327e+05 |   0.24%|  85.57%
 7462s| 69500 |  1985 | 30575k| 381.7 |   435M | 139 |1992 |4096 |   0 | 157k|  0 |  85k|  26k| 1.051842e+05 | 1.054327e+05 |   0.24%|  85.60%
 7473s| 69600 |  1983 | 30616k| 381.7 |   435M | 139 |1992 |4090 |   0 | 157k|  0 |  85k|  26k| 1.051843e+05 | 1.054327e+05 |   0.24%|  85.61%
 7487s| 69700 |  1985 | 30670k| 381.9 |   435M | 139 |1992 |4110 |4630 | 158k|  1 |  86k|  26k| 1.051844e+05 | 1.054327e+05 |   0.24%|  85.61%
 7514s| 69800 |  1979 | 30767k| 382.6 |   435M | 139 |1992 |4072 |   0 | 158k|  0 |  86k|  26k| 1.051845e+05 | 1.054327e+05 |   0.24%|  85.62%
 7524s| 69900 |  1985 | 30807k| 382.7 |   435M | 139 |1992 |4077 |4671 | 158k|  2 |  86k|  26k| 1.051847e+05 | 1.054327e+05 |   0.24%|  85.62%
 7545s| 70000 |  1971 | 30886k| 383.2 |   435M | 139 |1992 |4088 |4620 | 158k|  0 |  86k|  26k| 1.051848e+05 | 1.054327e+05 |   0.24%|  85.63%
 7561s| 70100 |  1972 | 30946k| 383.4 |   435M | 139 |1992 |4057 |4718 | 159k|  1 |  86k|  26k| 1.051849e+05 | 1.054327e+05 |   0.24%|  85.73%
 7570s| 70200 |  1968 | 30988k| 383.5 |   435M | 139 |1992 |4106 |   0 | 159k|  0 |  86k|  26k| 1.051851e+05 | 1.054327e+05 |   0.24%|  85.78%
 7594s| 70300 |  1972 | 31066k| 384.0 |   435M | 139 |1992 |4044 |4827 | 159k|  1 |  86k|  27k| 1.051853e+05 | 1.054327e+05 |   0.24%|  85.79%
 7605s| 70400 |  1976 | 31117k| 384.1 |   435M | 139 |1992 |4109 |4632 | 159k|  1 |  86k|  27k| 1.051855e+05 | 1.054327e+05 |   0.24%|  85.80%
 7614s| 70500 |  1978 | 31151k| 384.1 |   435M | 139 |1992 |4107 |4827 | 159k|  1 |  87k|  27k| 1.051856e+05 | 1.054327e+05 |   0.23%|  85.80%
 7625s| 70600 |  1970 | 31194k| 384.1 |   435M | 139 |1992 |4124 |4717 | 160k|  1 |  87k|  27k| 1.051856e+05 | 1.054327e+05 |   0.23%|  85.80%
 7637s| 70700 |  1970 | 31245k| 384.3 |   435M | 139 |1992 |4152 |4746 | 160k|  1 |  87k|  27k| 1.051857e+05 | 1.054327e+05 |   0.23%|  85.80%
 7650s| 70800 |  1970 | 31290k| 384.4 |   435M | 139 |1992 |4135 |4511 | 160k|  2 |  87k|  27k| 1.051857e+05 | 1.054327e+05 |   0.23%|  85.81%
 time | node  | left  |LP iter|LP it/n|mem/heur|mdpt |vars |cons |rows |cuts |sepa|confs|strbr|  dualbound   | primalbound  |  gap   | compl. 
 7659s| 70900 |  1976 | 31328k| 384.4 |   435M | 139 |1992 |4136 |4554 | 160k|  0 |  87k|  27k| 1.051858e+05 | 1.054327e+05 |   0.23%|  85.81%
 7664s| 71000 |  1980 | 31351k| 384.2 |   435M | 139 |1992 |4143 |4548 | 160k|  2 |  87k|  27k| 1.051858e+05 | 1.054327e+05 |   0.23%|  85.81%
 7688s| 71100 |  1978 | 31436k| 384.7 |   435M | 139 |1992 |4124 |4757 | 160k|  1 |  87k|  27k| 1.051859e+05 | 1.054327e+05 |   0.23%|  85.82%
 7708s| 71200 |  1974 | 31505k| 385.1 |   435M | 139 |1992 |4061 |4460 | 161k|  1 |  87k|  27k| 1.051861e+05 | 1.054327e+05 |   0.23%|  85.87%
 7726s| 71300 |  1986 | 31572k| 385.5 |   436M | 139 |1992 |4095 |4481 | 161k|  1 |  87k|  27k| 1.051862e+05 | 1.054327e+05 |   0.23%|  85.88%
 7731s| 71400 |  1981 | 31591k| 385.2 |   436M | 139 |1992 |4132 |4574 | 161k|  1 |  88k|  27k| 1.051862e+05 | 1.054327e+05 |   0.23%|  85.89%
 7736s| 71500 |  1991 | 31613k| 385.0 |   436M | 139 |1992 |4101 |4521 | 161k|  1 |  88k|  27k| 1.051864e+05 | 1.054327e+05 |   0.23%|  85.92%
 7740s| 71600 |  1987 | 31631k| 384.8 |   436M | 139 |1992 |4100 |4540 | 161k|  1 |  88k|  27k| 1.051864e+05 | 1.054327e+05 |   0.23%|  85.92%
 7750s| 71700 |  1991 | 31671k| 384.8 |   436M | 139 |1992 |4078 |4368 | 161k|  2 |  88k|  27k| 1.051867e+05 | 1.054327e+05 |   0.23%|  85.92%
 7766s| 71800 |  1989 | 31724k| 385.0 |   436M | 139 |1992 |4066 |4465 | 161k|  1 |  88k|  27k| 1.051868e+05 | 1.054327e+05 |   0.23%|  85.92%
 7773s| 71900 |  1987 | 31757k| 384.9 |   436M | 139 |1992 |4076 |   0 | 162k|  0 |  88k|  27k| 1.051868e+05 | 1.054327e+05 |   0.23%|  85.92%
 7793s| 72000 |  1991 | 31826k| 385.3 |   436M | 139 |1992 |4053 |4640 | 162k|  1 |  88k|  27k| 1.051868e+05 | 1.054327e+05 |   0.23%|  85.92%
 7804s| 72100 |  1999 | 31873k| 385.4 |   436M | 139 |1992 |4071 |4672 | 162k|  1 |  88k|  27k| 1.051873e+05 | 1.054327e+05 |   0.23%|  85.92%
 7825s| 72200 |  1995 | 31933k| 385.6 |   436M | 139 |1992 |4083 |4702 | 162k|  2 |  88k|  27k| 1.051873e+05 | 1.054327e+05 |   0.23%|  85.92%
 7836s| 72300 |  2003 | 31976k| 385.7 |   436M | 139 |1992 |4104 |4809 | 162k|  4 |  89k|  27k| 1.051874e+05 | 1.054327e+05 |   0.23%|  85.92%
 time | node  | left  |LP iter|LP it/n|mem/heur|mdpt |vars |cons |rows |cuts |sepa|confs|strbr|  dualbound   | primalbound  |  gap   | compl. 
 7843s| 72400 |  2009 | 32011k| 385.6 |   436M | 139 |1992 |4127 |   0 | 162k|  0 |  89k|  27k| 1.051874e+05 | 1.054327e+05 |   0.23%|  85.92%
 7852s| 72500 |  2011 | 32048k| 385.6 |   436M | 139 |1992 |4139 |4637 | 163k|  1 |  89k|  27k| 1.051876e+05 | 1.054327e+05 |   0.23%|  85.93%
 7860s| 72600 |  1999 | 32086k| 385.6 |   436M | 139 |1992 |4148 |   0 | 163k|  0 |  89k|  27k| 1.051877e+05 | 1.054327e+05 |   0.23%|  85.96%
 7884s| 72700 |  2001 | 32166k| 386.1 |   436M | 139 |1992 |4156 |4395 | 163k|  1 |  89k|  27k| 1.051882e+05 | 1.054327e+05 |   0.23%|  85.98%
 7894s| 72800 |  2011 | 32206k| 386.1 |   436M | 139 |1992 |4123 |4640 | 163k|  1 |  89k|  28k| 1.051882e+05 | 1.054327e+05 |   0.23%|  85.98%
 7901s| 72900 |  2011 | 32237k| 386.0 |   436M | 139 |1992 |4146 |   0 | 163k|  0 |  89k|  28k| 1.051884e+05 | 1.054327e+05 |   0.23%|  85.98%
 7918s| 73000 |  2001 | 32300k| 386.3 |   436M | 139 |1992 |4142 |4790 | 164k|  2 |  89k|  28k| 1.051886e+05 | 1.054327e+05 |   0.23%|  86.04%
 7924s| 73100 |  1997 | 32329k| 386.2 |   436M | 139 |1992 |4118 |5138 | 164k|  0 |  89k|  28k| 1.051887e+05 | 1.054327e+05 |   0.23%|  86.07%
 7934s| 73200 |  2011 | 32371k| 386.3 |   436M | 139 |1992 |4136 |   0 | 164k|  0 |  90k|  28k| 1.051888e+05 | 1.054327e+05 |   0.23%|  86.07%
 7945s| 73300 |  2003 | 32413k| 386.3 |   436M | 139 |1992 |4118 |4682 | 164k|  1 |  90k|  28k| 1.051888e+05 | 1.054327e+05 |   0.23%|  86.07%
 7959s| 73400 |  2005 | 32469k| 386.5 |   436M | 139 |1992 |4156 |4594 | 164k|  0 |  90k|  28k| 1.051888e+05 | 1.054327e+05 |   0.23%|  86.07%
 7983s| 73500 |  2001 | 32550k| 387.0 |   436M | 139 |1992 |4120 |4756 | 165k|  0 |  90k|  28k| 1.051889e+05 | 1.054327e+05 |   0.23%|  86.13%
 7995s| 73600 |  1997 | 32597k| 387.1 |   436M | 139 |1992 |4150 |   0 | 165k|  0 |  90k|  28k| 1.051890e+05 | 1.054327e+05 |   0.23%|  86.14%
 8009s| 73700 |  2011 | 32648k| 387.3 |   437M | 139 |1992 |4125 |   0 | 165k|  0 |  90k|  28k| 1.051891e+05 | 1.054327e+05 |   0.23%|  86.15%
 8026s| 73800 |  2006 | 32719k| 387.6 |   437M | 139 |1992 |4075 |4769 | 165k|  0 |  90k|  28k| 1.051894e+05 | 1.054327e+05 |   0.23%|  86.15%
 time | node  | left  |LP iter|LP it/n|mem/heur|mdpt |vars |cons |rows |cuts |sepa|confs|strbr|  dualbound   | primalbound  |  gap   | compl. 
 8037s| 73900 |  2014 | 32763k| 387.7 |   437M | 139 |1992 |4141 |   0 | 165k|  0 |  90k|  28k| 1.051895e+05 | 1.054327e+05 |   0.23%|  86.16%
 8064s| 74000 |  2020 | 32857k| 388.4 |   437M | 139 |1992 |4081 |   0 | 166k|  0 |  90k|  28k| 1.051897e+05 | 1.054327e+05 |   0.23%|  86.18%
 8085s| 74100 |  2038 | 32943k| 388.9 |   437M | 139 |1992 |4094 |4812 | 166k|  1 |  91k|  28k| 1.051901e+05 | 1.054327e+05 |   0.23%|  86.19%
 8093s| 74200 |  2025 | 32978k| 388.9 |   437M | 139 |1992 |4122 |4841 | 166k|  1 |  91k|  28k| 1.051902e+05 | 1.054327e+05 |   0.23%|  86.19%
 8113s| 74300 |  2025 | 33051k| 389.3 |   437M | 139 |1992 |4078 |4725 | 166k|  2 |  91k|  28k| 1.051902e+05 | 1.054327e+05 |   0.23%|  86.19%
 8128s| 74400 |  2019 | 33108k| 389.5 |   438M | 139 |1992 |4070 |4332 | 166k|  1 |  91k|  28k| 1.051903e+05 | 1.054327e+05 |   0.23%|  86.21%
 8140s| 74500 |  2025 | 33160k| 389.6 |   438M | 139 |1992 |4113 |4373 | 167k|  0 |  91k|  28k| 1.051904e+05 | 1.054327e+05 |   0.23%|  86.23%
 8152s| 74600 |  2027 | 33209k| 389.8 |   438M | 139 |1992 |4089 |4359 | 167k|  1 |  91k|  28k| 1.051905e+05 | 1.054327e+05 |   0.23%|  86.24%
 8168s| 74700 |  2016 | 33277k| 390.1 |   439M | 139 |1992 |4083 |4620 | 167k|  0 |  91k|  28k| 1.051907e+05 | 1.054327e+05 |   0.23%|  86.31%
 8180s| 74800 |  2022 | 33331k| 390.3 |   439M | 139 |1992 |4067 |4604 | 167k|  1 |  91k|  28k| 1.051907e+05 | 1.054327e+05 |   0.23%|  86.31%
 8188s| 74900 |  2032 | 33367k| 390.2 |   439M | 139 |1992 |4079 |4690 | 168k|  2 |  91k|  28k| 1.051907e+05 | 1.054327e+05 |   0.23%|  86.31%
 8199s| 75000 |  2034 | 33417k| 390.4 |   439M | 139 |1992 |4103 |   0 | 168k|  0 |  91k|  28k| 1.051908e+05 | 1.054327e+05 |   0.23%|  86.32%
 8216s| 75100 |  2034 | 33487k| 390.7 |   439M | 139 |1992 |4096 |4780 | 168k|  0 |  91k|  28k| 1.051909e+05 | 1.054327e+05 |   0.23%|  86.33%
 8235s| 75200 |  2028 | 33565k| 391.2 |   439M | 139 |1992 |4084 |4174 | 168k|  2 |  91k|  28k| 1.051915e+05 | 1.054327e+05 |   0.23%|  86.35%
 8257s| 75300 |  2030 | 33644k| 391.7 |   439M | 139 |1992 |4053 |4692 | 169k|  1 |  92k|  28k| 1.051916e+05 | 1.054327e+05 |   0.23%|  86.35%
 time | node  | left  |LP iter|LP it/n|mem/heur|mdpt |vars |cons |rows |cuts |sepa|confs|strbr|  dualbound   | primalbound  |  gap   | compl. 
 8274s| 75400 |  2038 | 33708k| 391.9 |   440M | 139 |1992 |4095 |4798 | 169k|  1 |  92k|  28k| 1.051916e+05 | 1.054327e+05 |   0.23%|  86.36%
 8287s| 75500 |  2042 | 33763k| 392.1 |   441M | 139 |1992 |4107 |4513 | 169k|  2 |  92k|  28k| 1.051917e+05 | 1.054327e+05 |   0.23%|  86.39%
 8303s| 75600 |  2044 | 33821k| 392.4 |   441M | 139 |1992 |4182 |4828 | 169k|  2 |  92k|  28k| 1.051918e+05 | 1.054327e+05 |   0.23%|  86.39%
 8316s| 75700 |  2052 | 33874k| 392.5 |   441M | 139 |1992 |4127 |4403 | 170k|  2 |  92k|  28k| 1.051921e+05 | 1.054327e+05 |   0.23%|  86.39%
 8329s| 75800 |  2058 | 33929k| 392.7 |   441M | 139 |1992 |4121 |4609 | 170k|  2 |  92k|  28k| 1.051922e+05 | 1.054327e+05 |   0.23%|  86.43%
 8344s| 75900 |  2054 | 33983k| 392.9 |   441M | 139 |1992 |4085 |4613 | 170k|  1 |  92k|  28k| 1.051925e+05 | 1.054327e+05 |   0.23%|  86.43%
 8352s| 76000 |  2050 | 34022k| 392.9 |   441M | 139 |1992 |4095 |4419 | 170k|  2 |  92k|  28k| 1.051927e+05 | 1.054327e+05 |   0.23%|  86.43%
 8356s| 76100 |  2058 | 34041k| 392.6 |   441M | 139 |1992 |4107 |4533 | 170k|  1 |  92k|  28k| 1.051927e+05 | 1.054327e+05 |   0.23%|  86.43%
 8362s| 76200 |  2058 | 34071k| 392.5 |   441M | 139 |1992 |4104 |4641 | 171k|  1 |  92k|  28k| 1.051928e+05 | 1.054327e+05 |   0.23%|  86.44%
 8369s| 76300 |  2062 | 34106k| 392.5 |   441M | 139 |1992 |4107 |4488 | 171k|  1 |  93k|  28k| 1.051930e+05 | 1.054327e+05 |   0.23%|  86.45%
 8380s| 76400 |  2072 | 34156k| 392.6 |   441M | 139 |1992 |4127 |4523 | 171k|  1 |  93k|  28k| 1.051931e+05 | 1.054327e+05 |   0.23%|  86.45%
 8387s| 76500 |  2070 | 34190k| 392.5 |   442M | 139 |1992 |4145 |   0 | 171k|  0 |  93k|  29k| 1.051931e+05 | 1.054327e+05 |   0.23%|  86.45%
 8407s| 76600 |  2060 | 34265k| 392.9 |   442M | 139 |1992 |4125 |4872 | 171k|  0 |  93k|  29k| 1.051932e+05 | 1.054327e+05 |   0.23%|  86.46%
 8418s| 76700 |  2058 | 34308k| 393.0 |   442M | 139 |1992 |4087 |   0 | 172k|  0 |  93k|  29k| 1.051936e+05 | 1.054327e+05 |   0.23%|  86.47%
 8442s| 76800 |  2050 | 34402k| 393.6 |   442M | 139 |1992 |4025 |4663 | 172k|  1 |  93k|  29k| 1.051937e+05 | 1.054327e+05 |   0.23%|  86.49%
 time | node  | left  |LP iter|LP it/n|mem/heur|mdpt |vars |cons |rows |cuts |sepa|confs|strbr|  dualbound   | primalbound  |  gap   | compl. 
 8457s| 76900 |  2064 | 34461k| 393.8 |   442M | 139 |1992 |4008 |   0 | 172k|  0 |  93k|  29k| 1.051938e+05 | 1.054327e+05 |   0.23%|  86.49%
 8470s| 77000 |  2080 | 34520k| 394.1 |   443M | 139 |1992 |4058 |4547 | 172k|  1 |  93k|  29k| 1.051939e+05 | 1.054327e+05 |   0.23%|  86.51%
 8476s| 77100 |  2076 | 34543k| 393.9 |   443M | 139 |1992 |4065 |4416 | 173k|  1 |  93k|  29k| 1.051942e+05 | 1.054327e+05 |   0.23%|  86.56%
 8498s| 77200 |  2076 | 34626k| 394.4 |   444M | 139 |1992 |4109 |4871 | 173k|  0 |  93k|  29k| 1.051945e+05 | 1.054327e+05 |   0.23%|  86.57%
 8505s| 77300 |  2082 | 34657k| 394.3 |   446M | 139 |1992 |4082 |4605 | 173k|  1 |  93k|  29k| 1.051947e+05 | 1.054327e+05 |   0.23%|  86.58%
 8512s| 77400 |  2073 | 34687k| 394.2 |   446M | 139 |1992 |4085 |4499 | 173k|  1 |  94k|  29k| 1.051949e+05 | 1.054327e+05 |   0.23%|  86.58%
 8535s| 77500 |  2089 | 34775k| 394.7 |   446M | 139 |1992 |4067 |   0 | 173k|  0 |  94k|  29k| 1.051950e+05 | 1.054327e+05 |   0.23%|  86.58%
 8557s| 77600 |  2079 | 34856k| 395.2 |   446M | 139 |1992 |4050 |   0 | 174k|  0 |  94k|  29k| 1.051953e+05 | 1.054327e+05 |   0.23%|  86.60%
 8573s| 77700 |  2077 | 34921k| 395.5 |   448M | 139 |1992 |4089 |4735 | 174k|  1 |  94k|  29k| 1.051955e+05 | 1.054327e+05 |   0.23%|  86.66%
 8586s| 77800 |  2079 | 34974k| 395.6 |   448M | 139 |1992 |4089 |4764 | 174k|  2 |  94k|  29k| 1.051955e+05 | 1.054327e+05 |   0.23%|  86.66%
 8598s| 77900 |  2083 | 35025k| 395.8 |   448M | 139 |1992 |4085 |   0 | 175k|  0 |  94k|  29k| 1.051957e+05 | 1.054327e+05 |   0.23%|  86.66%
 8617s| 78000 |  2085 | 35105k| 396.2 |   448M | 139 |1992 |4071 |4873 | 175k|  3 |  94k|  29k| 1.051961e+05 | 1.054327e+05 |   0.22%|  86.70%
 8635s| 78100 |  2085 | 35172k| 396.5 |   448M | 139 |1992 |4048 |4810 | 175k|  1 |  94k|  29k| 1.051963e+05 | 1.054327e+05 |   0.22%|  86.70%
 8654s| 78200 |  2092 | 35239k| 396.8 |   448M | 139 |1992 |4053 |4995 | 175k|  2 |  94k|  29k| 1.051964e+05 | 1.054327e+05 |   0.22%|  86.70%
 8674s| 78300 |  2094 | 35321k| 397.3 |   448M | 139 |1992 |4031 |4799 | 175k|  0 |  94k|  29k| 1.051965e+05 | 1.054327e+05 |   0.22%|  86.70%
 time | node  | left  |LP iter|LP it/n|mem/heur|mdpt |vars |cons |rows |cuts |sepa|confs|strbr|  dualbound   | primalbound  |  gap   | compl. 
 8691s| 78400 |  2104 | 35388k| 397.6 |   452M | 139 |1992 |4066 |4671 | 176k|  1 |  94k|  29k| 1.051967e+05 | 1.054327e+05 |   0.22%|  86.74%
 8702s| 78500 |  2094 | 35433k| 397.7 |   452M | 139 |1992 |4060 |   0 | 176k|  0 |  94k|  29k| 1.051968e+05 | 1.054327e+05 |   0.22%|  86.74%
 8712s| 78600 |  2098 | 35479k| 397.8 |   452M | 139 |1992 |4049 |4626 | 176k|  0 |  94k|  29k| 1.051974e+05 | 1.054327e+05 |   0.22%|  86.74%
 8732s| 78700 |  2112 | 35554k| 398.2 |   452M | 139 |1992 |4041 |4661 | 176k|  0 |  95k|  29k| 1.051977e+05 | 1.054327e+05 |   0.22%|  86.74%
 8742s| 78800 |  2110 | 35597k| 398.2 |   452M | 139 |1992 |4030 |4650 | 176k|  2 |  95k|  29k| 1.051978e+05 | 1.054327e+05 |   0.22%|  86.75%
 8756s| 78900 |  2114 | 35653k| 398.4 |   452M | 139 |1992 |4025 |4682 | 177k|  1 |  95k|  29k| 1.051979e+05 | 1.054327e+05 |   0.22%|  86.75%
 8771s| 79000 |  2122 | 35717k| 398.6 |   452M | 139 |1992 |4010 |4697 | 177k|  3 |  95k|  29k| 1.051980e+05 | 1.054327e+05 |   0.22%|  86.76%
 8782s| 79100 |  2126 | 35759k| 398.7 |   452M | 139 |1992 |4019 |4828 | 177k|  0 |  95k|  29k| 1.051980e+05 | 1.054327e+05 |   0.22%|  86.77%
 8810s| 79200 |  2124 | 35866k| 399.4 |   452M | 139 |1992 |4015 |4675 | 177k|  1 |  95k|  29k| 1.051984e+05 | 1.054327e+05 |   0.22%|  86.81%
 8829s| 79300 |  2138 | 35933k| 399.7 |   452M | 139 |1992 |4026 |4590 | 177k|  0 |  95k|  29k| 1.051985e+05 | 1.054327e+05 |   0.22%|  86.81%
 8857s| 79400 |  2142 | 36025k| 400.3 |   452M | 139 |1992 |4077 |5011 | 178k|  1 |  95k|  29k| 1.051987e+05 | 1.054327e+05 |   0.22%|  86.82%
 8878s| 79500 |  2154 | 36109k| 400.8 |   453M | 139 |1992 |4067 |4658 | 178k|  1 |  95k|  29k| 1.051990e+05 | 1.054327e+05 |   0.22%|  86.82%
 8906s| 79600 |  2172 | 36209k| 401.4 |   453M | 139 |1992 |4059 |4780 | 178k|  1 |  95k|  29k| 1.051994e+05 | 1.054327e+05 |   0.22%|  86.83%
 8917s| 79700 |  2176 | 36254k| 401.5 |   453M | 139 |1992 |4055 |4843 | 178k|  2 |  95k|  29k| 1.051995e+05 | 1.054327e+05 |   0.22%|  86.83%
 8931s| 79800 |  2184 | 36313k| 401.7 |   453M | 139 |1992 |4062 |4844 | 179k|  2 |  95k|  29k| 1.051996e+05 | 1.054327e+05 |   0.22%|  86.83%
 time | node  | left  |LP iter|LP it/n|mem/heur|mdpt |vars |cons |rows |cuts |sepa|confs|strbr|  dualbound   | primalbound  |  gap   | compl. 
 8948s| 79900 |  2194 | 36377k| 402.0 |   453M | 139 |1992 |4005 |4867 | 179k|  1 |  95k|  29k| 1.051997e+05 | 1.054327e+05 |   0.22%|  86.85%
 8960s| 80000 |  2202 | 36434k| 402.2 |   453M | 139 |1992 |4067 |4359 | 179k|  2 |  95k|  29k| 1.052000e+05 | 1.054327e+05 |   0.22%|  86.86%
 8974s| 80100 |  2196 | 36488k| 402.3 |   455M | 139 |1992 |4076 |5464 | 179k|  0 |  95k|  29k| 1.052004e+05 | 1.054327e+05 |   0.22%|  86.87%
 8986s| 80200 |  2208 | 36535k| 402.4 |   455M | 139 |1992 |4065 |   0 | 179k|  0 |  96k|  29k| 1.052006e+05 | 1.054327e+05 |   0.22%|  86.87%
 8997s| 80300 |  2210 | 36583k| 402.5 |   455M | 139 |1992 |4073 |4773 | 180k|  0 |  96k|  29k| 1.052006e+05 | 1.054327e+05 |   0.22%|  86.88%
 9025s| 80400 |  2220 | 36686k| 403.2 |   455M | 139 |1992 |4039 |   0 | 180k|  0 |  96k|  29k| 1.052009e+05 | 1.054327e+05 |   0.22%|  86.88%
 9039s| 80500 |  2228 | 36740k| 403.3 |   457M | 139 |1992 |4080 |4691 | 180k|  1 |  96k|  29k| 1.052012e+05 | 1.054327e+05 |   0.22%|  86.88%
 9054s| 80600 |  2218 | 36800k| 403.5 |   457M | 139 |1992 |4050 |4826 | 180k|  0 |  96k|  29k| 1.052012e+05 | 1.054327e+05 |   0.22%|  86.89%
 9069s| 80700 |  2224 | 36855k| 403.7 |   457M | 139 |1992 |4043 |4441 | 181k|  2 |  96k|  29k| 1.052014e+05 | 1.054327e+05 |   0.22%|  86.89%
 9082s| 80800 |  2216 | 36905k| 403.8 |   457M | 139 |1992 |4048 |   0 | 181k|  0 |  96k|  29k| 1.052014e+05 | 1.054327e+05 |   0.22%|  86.89%
 9099s| 80900 |  2206 | 36966k| 404.0 |   457M | 139 |1992 |4037 |6088 | 181k|  0 |  96k|  29k| 1.052017e+05 | 1.054327e+05 |   0.22%|  86.90%
 9113s| 81000 |  2214 | 37020k| 404.2 |   458M | 139 |1992 |4071 |4667 | 181k|  1 |  96k|  29k| 1.052019e+05 | 1.054327e+05 |   0.22%|  86.91%
 9134s| 81100 |  2201 | 37088k| 404.5 |   458M | 139 |1992 |4079 |4693 | 181k|  0 |  97k|  30k| 1.052020e+05 | 1.054327e+05 |   0.22%|  86.91%
 9148s| 81200 |  2197 | 37134k| 404.5 |   458M | 139 |1992 |4107 |4710 | 182k|  1 |  97k|  30k| 1.052020e+05 | 1.054327e+05 |   0.22%|  86.95%
 9171s| 81300 |  2206 | 37216k| 405.0 |   458M | 139 |1992 |4062 |4807 | 182k|  2 |  97k|  30k| 1.052025e+05 | 1.054327e+05 |   0.22%|  87.00%
 time | node  | left  |LP iter|LP it/n|mem/heur|mdpt |vars |cons |rows |cuts |sepa|confs|strbr|  dualbound   | primalbound  |  gap   | compl. 
 9189s| 81400 |  2226 | 37277k| 405.2 |   458M | 139 |1992 |4145 |4775 | 182k|  0 |  97k|  30k| 1.052026e+05 | 1.054327e+05 |   0.22%|  87.01%
 9204s| 81500 |  2232 | 37326k| 405.3 |   458M | 139 |1992 |4063 |   0 | 182k|  0 |  97k|  30k| 1.052028e+05 | 1.054327e+05 |   0.22%|  87.01%
 9218s| 81600 |  2232 | 37381k| 405.5 |   458M | 139 |1992 |4101 |4782 | 182k|  1 |  97k|  30k| 1.052031e+05 | 1.054327e+05 |   0.22%|  87.01%
 9234s| 81700 |  2226 | 37441k| 405.7 |   458M | 139 |1992 |4076 |4853 | 183k|  1 |  97k|  30k| 1.052033e+05 | 1.054327e+05 |   0.22%|  87.02%
 9242s| 81800 |  2224 | 37476k| 405.6 |   458M | 139 |1992 |4121 |4778 | 183k|  1 |  97k|  30k| 1.052034e+05 | 1.054327e+05 |   0.22%|  87.02%
 9259s| 81900 |  2222 | 37540k| 405.9 |   458M | 139 |1992 |4109 |4801 | 183k|  1 |  97k|  30k| 1.052035e+05 | 1.054327e+05 |   0.22%|  87.02%
 9276s| 82000 |  2224 | 37601k| 406.1 |   458M | 139 |1992 |4093 |   0 | 183k|  0 |  98k|  30k| 1.052039e+05 | 1.054327e+05 |   0.22%|  87.03%
 9283s| 82100 |  2226 | 37635k| 406.0 |   458M | 139 |1992 |4106 |4386 | 183k|  0 |  98k|  30k| 1.052040e+05 | 1.054327e+05 |   0.22%|  87.07%
 9311s| 82200 |  2244 | 37712k| 406.4 |   458M | 139 |1992 |4046 |4810 | 184k|  0 |  98k|  30k| 1.052040e+05 | 1.054327e+05 |   0.22%|  87.07%
 9323s| 82300 |  2254 | 37761k| 406.5 |   459M | 139 |1992 |4089 |4541 | 184k|  2 |  98k|  30k| 1.052040e+05 | 1.054327e+05 |   0.22%|  87.07%
 9343s| 82400 |  2248 | 37829k| 406.8 |   459M | 139 |1992 |4098 |4820 | 184k|  1 |  98k|  30k| 1.052043e+05 | 1.054327e+05 |   0.22%|  87.09%
 9364s| 82500 |  2260 | 37903k| 407.2 |   460M | 139 |1992 |4140 |4681 | 185k|  0 |  98k|  30k| 1.052046e+05 | 1.054327e+05 |   0.22%|  87.11%
 9370s| 82600 |  2258 | 37928k| 407.0 |   460M | 139 |1992 |4140 |4627 | 185k|  1 |  98k|  30k| 1.052046e+05 | 1.054327e+05 |   0.22%|  87.11%
 9399s| 82700 |  2260 | 38006k| 407.4 |   460M | 139 |1992 |4089 |4536 | 185k|  1 |  98k|  30k| 1.052046e+05 | 1.054327e+05 |   0.22%|  87.11%
 9408s| 82800 |  2260 | 38046k| 407.4 |   461M | 139 |1992 |4112 |   0 | 185k|  0 |  98k|  30k| 1.052047e+05 | 1.054327e+05 |   0.22%|  87.12%
 time | node  | left  |LP iter|LP it/n|mem/heur|mdpt |vars |cons |rows |cuts |sepa|confs|strbr|  dualbound   | primalbound  |  gap   | compl. 
 9421s| 82900 |  2262 | 38096k| 407.5 |   461M | 139 |1992 |4101 |4563 | 185k|  0 |  98k|  30k| 1.052047e+05 | 1.054327e+05 |   0.22%|  87.12%
 9430s| 83000 |  2266 | 38132k| 407.4 |   461M | 139 |1992 |4068 |4592 | 185k|  0 |  98k|  30k| 1.052048e+05 | 1.054327e+05 |   0.22%|  87.14%
 9441s| 83100 |  2258 | 38180k| 407.5 |   461M | 139 |1992 |4066 |4655 | 185k|  0 |  98k|  30k| 1.052049e+05 | 1.054327e+05 |   0.22%|  87.17%
 9456s| 83200 |  2244 | 38235k| 407.7 |   461M | 139 |1992 |4056 |5336 | 186k|  0 |  98k|  30k| 1.052053e+05 | 1.054327e+05 |   0.22%|  87.20%
 9481s| 83300 |  2250 | 38323k| 408.2 |   461M | 139 |1992 |4035 |4877 | 186k|  1 |  99k|  30k| 1.052056e+05 | 1.054327e+05 |   0.22%|  87.24%
 9506s| 83400 |  2250 | 38404k| 408.6 |   461M | 139 |1992 |4039 |4442 | 186k|  1 |  99k|  30k| 1.052058e+05 | 1.054327e+05 |   0.22%|  87.25%
 9523s| 83500 |  2249 | 38458k| 408.7 |   461M | 139 |1992 |4051 |4744 | 186k|  1 |  99k|  30k| 1.052059e+05 | 1.054327e+05 |   0.22%|  87.27%
 9536s| 83600 |  2261 | 38515k| 408.9 |   461M | 139 |1992 |4059 |4801 | 186k|  1 |  99k|  30k| 1.052060e+05 | 1.054327e+05 |   0.22%|  87.27%
 9553s| 83700 |  2241 | 38576k| 409.1 |   461M | 139 |1992 |4044 |4850 | 187k|  0 |  99k|  30k| 1.052066e+05 | 1.054327e+05 |   0.21%|  87.28%
 9564s| 83800 |  2253 | 38624k| 409.2 |   461M | 139 |1992 |4048 |4296 | 187k|  2 |  99k|  30k| 1.052068e+05 | 1.054327e+05 |   0.21%|  87.30%
 9583s| 83900 |  2245 | 38697k| 409.5 |   461M | 139 |1992 |4050 |4749 | 187k|  3 |  99k|  30k| 1.052073e+05 | 1.054327e+05 |   0.21%|  87.33%
 9605s| 84000 |  2247 | 38783k| 410.0 |   461M | 139 |1992 |4049 |4763 | 188k|  1 |  99k|  31k| 1.052074e+05 | 1.054327e+05 |   0.21%|  87.34%
 9619s| 84100 |  2241 | 38841k| 410.2 |   461M | 139 |1992 |4059 |4806 | 188k|  0 |  99k|  31k| 1.052075e+05 | 1.054327e+05 |   0.21%|  87.34%
 9639s| 84200 |  2239 | 38915k| 410.5 |   461M | 139 |1992 |4135 |4446 | 188k|  0 |  99k|  31k| 1.052075e+05 | 1.054327e+05 |   0.21%|  87.36%
 9648s| 84300 |  2243 | 38954k| 410.5 |   461M | 139 |1992 |4131 |4656 | 188k|  0 |  99k|  31k| 1.052076e+05 | 1.054327e+05 |   0.21%|  87.36%
 time | node  | left  |LP iter|LP it/n|mem/heur|mdpt |vars |cons |rows |cuts |sepa|confs|strbr|  dualbound   | primalbound  |  gap   | compl. 
 9655s| 84400 |  2241 | 38985k| 410.4 |   461M | 139 |1992 |4125 |4714 | 188k|  1 | 100k|  31k| 1.052076e+05 | 1.054327e+05 |   0.21%|  87.36%
 9670s| 84500 |  2251 | 39047k| 410.6 |   461M | 139 |1992 |4154 |4594 | 189k|  1 | 100k|  31k| 1.052076e+05 | 1.054327e+05 |   0.21%|  87.36%
 9685s| 84600 |  2257 | 39110k| 410.9 |   461M | 139 |1992 |4175 |4609 | 189k|  2 | 100k|  31k| 1.052078e+05 | 1.054327e+05 |   0.21%|  87.37%
 9696s| 84700 |  2263 | 39158k| 410.9 |   461M | 139 |1992 |4139 |4673 | 189k|  2 | 100k|  31k| 1.052079e+05 | 1.054327e+05 |   0.21%|  87.37%
 9709s| 84800 |  2267 | 39211k| 411.1 |   462M | 139 |1992 |4177 |4611 | 189k|  2 | 100k|  31k| 1.052084e+05 | 1.054327e+05 |   0.21%|  87.40%
 9716s| 84900 |  2263 | 39252k| 411.1 |   462M | 139 |1992 |4190 |4692 | 189k|  1 | 100k|  31k| 1.052084e+05 | 1.054327e+05 |   0.21%|  87.40%
 9738s| 85000 |  2253 | 39329k| 411.4 |   462M | 139 |1992 |4152 |5223 | 190k|  0 | 100k|  31k| 1.052085e+05 | 1.054327e+05 |   0.21%|  87.41%
 9749s| 85100 |  2255 | 39379k| 411.5 |   462M | 139 |1992 |4161 |   0 | 190k|  0 | 100k|  31k| 1.052086e+05 | 1.054327e+05 |   0.21%|  87.41%
 9758s| 85200 |  2253 | 39421k| 411.5 |   462M | 139 |1992 |4152 |4419 | 190k|  0 | 100k|  31k| 1.052086e+05 | 1.054327e+05 |   0.21%|  87.45%
 9781s| 85300 |  2255 | 39499k| 411.9 |   462M | 139 |1992 |4116 |4792 | 190k|  1 | 100k|  31k| 1.052090e+05 | 1.054327e+05 |   0.21%|  87.47%
 9803s| 85400 |  2265 | 39569k| 412.2 |   462M | 139 |1992 |4078 |4686 | 190k|  1 | 100k|  31k| 1.052092e+05 | 1.054327e+05 |   0.21%|  87.47%
 9809s| 85500 |  2255 | 39591k| 412.0 |   462M | 139 |1992 |4088 |5241 | 191k|  0 | 101k|  31k| 1.052092e+05 | 1.054327e+05 |   0.21%|  87.49%
 9833s| 85600 |  2267 | 39664k| 412.4 |   462M | 139 |1992 |4138 |4418 | 191k|  1 | 101k|  31k| 1.052096e+05 | 1.054327e+05 |   0.21%|  87.52%
 9844s| 85700 |  2269 | 39709k| 412.4 |   462M | 139 |1992 |4195 |4703 | 191k|  1 | 101k|  31k| 1.052099e+05 | 1.054327e+05 |   0.21%|  87.53%
 9859s| 85800 |  2271 | 39769k| 412.6 |   462M | 139 |1992 |4210 |4726 | 191k|  1 | 101k|  31k| 1.052104e+05 | 1.054327e+05 |   0.21%|  87.55%
 time | node  | left  |LP iter|LP it/n|mem/heur|mdpt |vars |cons |rows |cuts |sepa|confs|strbr|  dualbound   | primalbound  |  gap   | compl. 
 9870s| 85900 |  2295 | 39811k| 412.6 |   462M | 139 |1992 |4255 |   0 | 192k|  0 | 101k|  31k| 1.052108e+05 | 1.054327e+05 |   0.21%|  87.56%
 9886s| 86000 |  2307 | 39871k| 412.8 |   462M | 139 |1992 |4236 |   0 | 192k|  0 | 101k|  31k| 1.052110e+05 | 1.054327e+05 |   0.21%|  87.57%
 9898s| 86100 |  2310 | 39917k| 412.8 |   462M | 139 |1992 |4203 |   0 | 192k|  0 | 101k|  31k| 1.052110e+05 | 1.054327e+05 |   0.21%|  87.60%
 9915s| 86200 |  2310 | 39984k| 413.1 |   462M | 139 |1992 |4181 |4797 | 192k|  1 | 101k|  31k| 1.052112e+05 | 1.054327e+05 |   0.21%|  87.60%
 9934s| 86300 |  2298 | 40052k| 413.4 |   462M | 139 |1992 |4180 |4567 | 193k|  0 | 102k|  31k| 1.052114e+05 | 1.054327e+05 |   0.21%|  87.64%
 9947s| 86400 |  2304 | 40103k| 413.5 |   462M | 139 |1992 |4181 |4705 | 193k|  1 | 102k|  31k| 1.052116e+05 | 1.054327e+05 |   0.21%|  87.67%
 9962s| 86500 |  2312 | 40163k| 413.7 |   462M | 139 |1992 |4182 |4497 | 193k|  1 | 102k|  31k| 1.052117e+05 | 1.054327e+05 |   0.21%|  87.70%
 9981s| 86600 |  2296 | 40227k| 413.9 |   463M | 139 |1992 |4162 |4956 | 193k|  0 | 102k|  31k| 1.052118e+05 | 1.054327e+05 |   0.21%|  87.70%
 9994s| 86700 |  2298 | 40279k| 414.0 |   463M | 139 |1992 |4208 |   0 | 193k|  0 | 102k|  31k| 1.052118e+05 | 1.054327e+05 |   0.21%|  87.70%
  167m| 86800 |  2308 | 40306k| 413.9 |   463M | 139 |1992 |4234 |   0 | 193k|  0 | 102k|  31k| 1.052119e+05 | 1.054327e+05 |   0.21%|  87.72%
  167m| 86900 |  2316 | 40377k| 414.2 |   463M | 139 |1992 |4194 |4671 | 194k|  1 | 102k|  31k| 1.052121e+05 | 1.054327e+05 |   0.21%|  87.72%
  167m| 87000 |  2316 | 40420k| 414.2 |   463M | 139 |1992 |4199 |   0 | 194k|  0 | 102k|  31k| 1.052125e+05 | 1.054327e+05 |   0.21%|  87.73%
  167m| 87100 |  2326 | 40469k| 414.3 |   463M | 139 |1992 |4176 |4896 | 194k|  1 | 102k|  31k| 1.052126e+05 | 1.054327e+05 |   0.21%|  87.73%
  168m| 87200 |  2308 | 40553k| 414.7 |   464M | 139 |1992 |4182 |4691 | 194k|  1 | 102k|  31k| 1.052127e+05 | 1.054327e+05 |   0.21%|  87.76%
  168m| 87300 |  2308 | 40604k| 414.8 |   464M | 139 |1992 |4200 |4823 | 194k|  0 | 103k|  31k| 1.052129e+05 | 1.054327e+05 |   0.21%|  87.77%
 time | node  | left  |LP iter|LP it/n|mem/heur|mdpt |vars |cons |rows |cuts |sepa|confs|strbr|  dualbound   | primalbound  |  gap   | compl. 
  168m| 87400 |  2290 | 40694k| 415.3 |   464M | 139 |1992 |4150 |4728 | 194k|  1 | 103k|  31k| 1.052130e+05 | 1.054327e+05 |   0.21%|  87.79%
  169m| 87500 |  2306 | 40730k| 415.2 |   464M | 139 |1992 |4180 |4764 | 195k|  2 | 103k|  31k| 1.052131e+05 | 1.054327e+05 |   0.21%|  87.79%
  169m| 87600 |  2308 | 40790k| 415.4 |   464M | 139 |1992 |4113 |6224 | 195k|  0 | 103k|  32k| 1.052131e+05 | 1.054327e+05 |   0.21%|  87.80%
  169m| 87700 |  2308 | 40877k| 415.9 |   465M | 139 |1992 |4104 |5551 | 195k|  0 | 103k|  32k| 1.052132e+05 | 1.054327e+05 |   0.21%|  87.81%
  170m| 87800 |  2310 | 40960k| 416.3 |   465M | 139 |1992 |4135 |4789 | 195k|  1 | 103k|  32k| 1.052132e+05 | 1.054327e+05 |   0.21%|  87.83%
  170m| 87900 |  2314 | 41030k| 416.6 |   465M | 139 |1992 |4136 |4730 | 196k|  1 | 103k|  32k| 1.052132e+05 | 1.054327e+05 |   0.21%|  87.84%
  170m| 88000 |  2310 | 41091k| 416.8 |   465M | 139 |1992 |4113 |4599 | 196k|  1 | 103k|  32k| 1.052133e+05 | 1.054327e+05 |   0.21%|  87.86%
  170m| 88100 |  2308 | 41149k| 417.0 |   465M | 139 |1992 |4125 |   0 | 196k|  0 | 103k|  32k| 1.052134e+05 | 1.054327e+05 |   0.21%|  87.92%
  171m| 88200 |  2310 | 41219k| 417.3 |   465M | 139 |1992 |4124 |   0 | 196k|  0 | 103k|  32k| 1.052137e+05 | 1.054327e+05 |   0.21%|  87.92%
  171m| 88300 |  2312 | 41278k| 417.4 |   465M | 139 |1992 |4128 |4698 | 196k|  0 | 103k|  32k| 1.052139e+05 | 1.054327e+05 |   0.21%|  87.95%
  171m| 88400 |  2314 | 41351k| 417.7 |   465M | 139 |1992 |4095 |4649 | 197k|  1 | 103k|  32k| 1.052139e+05 | 1.054327e+05 |   0.21%|  87.98%
  172m| 88500 |  2316 | 41396k| 417.8 |   465M | 139 |1992 |4138 |   0 | 197k|  0 | 104k|  32k| 1.052139e+05 | 1.054327e+05 |   0.21%|  88.01%
  172m| 88600 |  2322 | 41426k| 417.7 |   466M | 139 |1992 |4193 |   0 | 197k|  0 | 104k|  32k| 1.052139e+05 | 1.054327e+05 |   0.21%|  88.01%
  172m| 88700 |  2320 | 41468k| 417.7 |   466M | 139 |1992 |4205 |4663 | 197k|  0 | 104k|  32k| 1.052140e+05 | 1.054327e+05 |   0.21%|  88.01%
  172m| 88800 |  2330 | 41519k| 417.8 |   466M | 139 |1992 |4187 |4706 | 197k|  1 | 104k|  32k| 1.052142e+05 | 1.054327e+05 |   0.21%|  88.02%
 time | node  | left  |LP iter|LP it/n|mem/heur|mdpt |vars |cons |rows |cuts |sepa|confs|strbr|  dualbound   | primalbound  |  gap   | compl. 
  172m| 88900 |  2335 | 41533k| 417.5 |   466M | 139 |1992 |4230 |4765 | 197k|  1 | 104k|  32k| 1.052142e+05 | 1.054327e+05 |   0.21%|  88.02%
  172m| 89000 |  2323 | 41579k| 417.5 |   466M | 139 |1992 |4210 |4707 | 197k|  0 | 104k|  32k| 1.052143e+05 | 1.054327e+05 |   0.21%|  88.03%
  173m| 89100 |  2333 | 41635k| 417.7 |   466M | 139 |1992 |4152 |4712 | 198k|  1 | 104k|  32k| 1.052144e+05 | 1.054327e+05 |   0.21%|  88.04%
  173m| 89200 |  2347 | 41690k| 417.8 |   466M | 139 |1992 |4137 |4601 | 198k|  1 | 104k|  32k| 1.052148e+05 | 1.054327e+05 |   0.21%|  88.04%
  173m| 89300 |  2347 | 41725k| 417.7 |   467M | 139 |1992 |4158 |4657 | 198k|  1 | 104k|  32k| 1.052150e+05 | 1.054327e+05 |   0.21%|  88.07%
  173m| 89400 |  2347 | 41765k| 417.7 |   467M | 139 |1992 |4148 |4780 | 198k|  1 | 105k|  32k| 1.052150e+05 | 1.054327e+05 |   0.21%|  88.07%
  173m| 89500 |  2341 | 41827k| 417.9 |   467M | 139 |1992 |4155 |4678 | 198k|  1 | 105k|  32k| 1.052151e+05 | 1.054327e+05 |   0.21%|  88.08%
  173m| 89600 |  2351 | 41850k| 417.7 |   468M | 139 |1992 |4149 |4619 | 198k|  1 | 105k|  32k| 1.052151e+05 | 1.054327e+05 |   0.21%|  88.08%
  174m| 89700 |  2353 | 41893k| 417.7 |   470M | 139 |1992 |4154 |   0 | 199k|  0 | 105k|  32k| 1.052151e+05 | 1.054327e+05 |   0.21%|  88.10%
  174m| 89800 |  2353 | 41948k| 417.9 |   470M | 139 |1992 |4163 |4685 | 199k|  1 | 105k|  32k| 1.052154e+05 | 1.054327e+05 |   0.21%|  88.12%
  174m| 89900 |  2353 | 42001k| 418.0 |   472M | 139 |1992 |4164 |4834 | 199k|  2 | 105k|  32k| 1.052159e+05 | 1.054327e+05 |   0.21%|  88.13%
  174m| 90000 |  2349 | 42065k| 418.2 |   472M | 139 |1992 |4141 |4862 | 199k|  1 | 105k|  32k| 1.052161e+05 | 1.054327e+05 |   0.21%|  88.14%
  175m| 90100 |  2353 | 42136k| 418.5 |   472M | 139 |1992 |4090 |4527 | 199k|  1 | 105k|  32k| 1.052161e+05 | 1.054327e+05 |   0.21%|  88.14%
  175m| 90200 |  2341 | 42188k| 418.6 |   472M | 139 |1992 |4078 |4843 | 200k|  1 | 105k|  32k| 1.052162e+05 | 1.054327e+05 |   0.21%|  88.15%
  175m| 90300 |  2379 | 42274k| 419.0 |   472M | 139 |1992 |4086 |4882 | 200k|  0 | 105k|  32k| 1.052164e+05 | 1.054327e+05 |   0.21%|  88.15%
 time | node  | left  |LP iter|LP it/n|mem/heur|mdpt |vars |cons |rows |cuts |sepa|confs|strbr|  dualbound   | primalbound  |  gap   | compl. 
  176m| 90400 |  2371 | 42333k| 419.2 |   472M | 139 |1992 |4080 |4730 | 200k|  1 | 105k|  32k| 1.052165e+05 | 1.054327e+05 |   0.21%|  88.18%
  176m| 90500 |  2383 | 42398k| 419.4 |   472M | 139 |1992 |4106 |   0 | 200k|  0 | 105k|  32k| 1.052170e+05 | 1.054327e+05 |   0.21%|  88.18%
  176m| 90600 |  2381 | 42486k| 419.9 |   472M | 139 |1992 |4060 |   0 | 201k|  0 | 105k|  32k| 1.052170e+05 | 1.054327e+05 |   0.21%|  88.18%
  177m| 90700 |  2403 | 42561k| 420.2 |   473M | 139 |1992 |4067 |4823 | 201k|  2 | 106k|  32k| 1.052171e+05 | 1.054327e+05 |   0.20%|  88.20%
  177m| 90800 |  2393 | 42605k| 420.2 |   473M | 139 |1992 |4148 |4389 | 201k|  0 | 106k|  32k| 1.052173e+05 | 1.054327e+05 |   0.20%|  88.21%
  177m| 90900 |  2403 | 42652k| 420.3 |   473M | 139 |1992 |4170 |4758 | 201k|  0 | 106k|  32k| 1.052175e+05 | 1.054327e+05 |   0.20%|  88.22%
  177m| 91000 |  2403 | 42732k| 420.7 |   473M | 139 |1992 |4217 |4842 | 201k|  1 | 106k|  32k| 1.052176e+05 | 1.054327e+05 |   0.20%|  88.22%
  177m| 91100 |  2401 | 42797k| 420.9 |   473M | 139 |1992 |4194 |4849 | 202k|  0 | 106k|  32k| 1.052178e+05 | 1.054327e+05 |   0.20%|  88.22%
  178m| 91200 |  2401 | 42859k| 421.1 |   473M | 139 |1992 |4213 |4834 | 202k|  1 | 106k|  32k| 1.052179e+05 | 1.054327e+05 |   0.20%|  88.22%
  178m| 91300 |  2395 | 42898k| 421.0 |   473M | 139 |1992 |4162 |   0 | 202k|  0 | 106k|  32k| 1.052179e+05 | 1.054327e+05 |   0.20%|  88.22%
  178m| 91400 |  2397 | 42951k| 421.2 |   473M | 139 |1992 |4126 |4382 | 202k|  0 | 106k|  32k| 1.052182e+05 | 1.054327e+05 |   0.20%|  88.26%
  178m| 91500 |  2399 | 42995k| 421.2 |   473M | 139 |1992 |4124 |4789 | 202k|  1 | 107k|  32k| 1.052184e+05 | 1.054327e+05 |   0.20%|  88.26%
  179m| 91600 |  2399 | 43068k| 421.5 |   474M | 139 |1992 |4150 |4896 | 202k|  1 | 107k|  32k| 1.052187e+05 | 1.054327e+05 |   0.20%|  88.26%
  179m| 91700 |  2401 | 43125k| 421.6 |   474M | 139 |1992 |4145 |4905 | 202k|  1 | 107k|  32k| 1.052190e+05 | 1.054327e+05 |   0.20%|  88.27%
  179m| 91800 |  2404 | 43168k| 421.6 |   475M | 139 |1992 |4183 |   0 | 203k|  0 | 107k|  32k| 1.052192e+05 | 1.054327e+05 |   0.20%|  88.27%
 time | node  | left  |LP iter|LP it/n|mem/heur|mdpt |vars |cons |rows |cuts |sepa|confs|strbr|  dualbound   | primalbound  |  gap   | compl. 
  179m| 91900 |  2388 | 43241k| 421.9 |   475M | 139 |1992 |4162 |4777 | 203k|  1 | 107k|  33k| 1.052194e+05 | 1.054327e+05 |   0.20%|  88.28%
  180m| 92000 |  2396 | 43301k| 422.1 |   475M | 139 |1992 |4116 |4815 | 203k|  1 | 107k|  33k| 1.052194e+05 | 1.054327e+05 |   0.20%|  88.29%
  180m| 92100 |  2406 | 43362k| 422.3 |   475M | 139 |1992 |4080 |4852 | 203k|  1 | 107k|  33k| 1.052195e+05 | 1.054327e+05 |   0.20%|  88.29%
  180m| 92200 |  2406 | 43411k| 422.4 |   475M | 139 |1992 |4091 |   0 | 204k|  0 | 107k|  33k| 1.052196e+05 | 1.054327e+05 |   0.20%|  88.29%
  180m| 92300 |  2404 | 43442k| 422.3 |   475M | 139 |1992 |4110 |   0 | 204k|  0 | 107k|  33k| 1.052198e+05 | 1.054327e+05 |   0.20%|  88.30%
  180m| 92400 |  2413 | 43509k| 422.5 |   475M | 139 |1992 |4127 |4457 | 204k|  3 | 107k|  33k| 1.052198e+05 | 1.054327e+05 |   0.20%|  88.30%
  180m| 92500 |  2421 | 43530k| 422.3 |   475M | 139 |1992 |4170 |   0 | 204k|  0 | 108k|  33k| 1.052198e+05 | 1.054327e+05 |   0.20%|  88.30%
  181m| 92600 |  2431 | 43577k| 422.3 |   476M | 139 |1992 |4157 |4494 | 204k|  4 | 108k|  33k| 1.052201e+05 | 1.054327e+05 |   0.20%|  88.30%
  181m| 92700 |  2443 | 43606k| 422.2 |   476M | 139 |1992 |4195 |   0 | 204k|  0 | 108k|  33k| 1.052201e+05 | 1.054327e+05 |   0.20%|  88.31%
  181m| 92800 |  2435 | 43670k| 422.4 |   476M | 139 |1992 |4191 |   0 | 205k|  0 | 108k|  33k| 1.052203e+05 | 1.054327e+05 |   0.20%|  88.31%
  181m| 92900 |  2428 | 43767k| 422.9 |   476M | 139 |1992 |4145 |   0 | 205k|  0 | 108k|  33k| 1.052206e+05 | 1.054327e+05 |   0.20%|  88.34%
  182m| 93000 |  2428 | 43853k| 423.4 |   476M | 139 |1992 |4136 |   0 | 205k|  0 | 108k|  33k| 1.052207e+05 | 1.054327e+05 |   0.20%|  88.35%
  182m| 93100 |  2422 | 43939k| 423.8 |   477M | 139 |1992 |4146 |   0 | 205k|  0 | 108k|  33k| 1.052209e+05 | 1.054327e+05 |   0.20%|  88.36%
  183m| 93200 |  2424 | 44000k| 424.0 |   477M | 139 |1992 |4129 |4760 | 206k|  1 | 108k|  33k| 1.052209e+05 | 1.054327e+05 |   0.20%|  88.37%
  183m| 93300 |  2420 | 44060k| 424.1 |   478M | 139 |1992 |4108 |4834 | 206k|  0 | 108k|  33k| 1.052209e+05 | 1.054327e+05 |   0.20%|  88.38%
 time | node  | left  |LP iter|LP it/n|mem/heur|mdpt |vars |cons |rows |cuts |sepa|confs|strbr|  dualbound   | primalbound  |  gap   | compl. 
  183m| 93400 |  2426 | 44135k| 424.4 |   478M | 139 |1992 |4133 |   0 | 206k|  0 | 108k|  33k| 1.052210e+05 | 1.054327e+05 |   0.20%|  88.40%
  183m| 93500 |  2430 | 44168k| 424.4 |   478M | 139 |1992 |4163 |4740 | 206k|  0 | 109k|  33k| 1.052211e+05 | 1.054327e+05 |   0.20%|  88.40%
  183m| 93600 |  2450 | 44194k| 424.2 |   478M | 139 |1992 |4192 |4760 | 206k|  1 | 109k|  33k| 1.052213e+05 | 1.054327e+05 |   0.20%|  88.40%
  184m| 93700 |  2446 | 44240k| 424.2 |   478M | 139 |1992 |4200 |   0 | 206k|  0 | 109k|  33k| 1.052213e+05 | 1.054327e+05 |   0.20%|  88.40%
  184m| 93800 |  2460 | 44282k| 424.2 |   478M | 139 |1992 |4173 |4784 | 206k|  1 | 109k|  33k| 1.052213e+05 | 1.054327e+05 |   0.20%|  88.40%
  184m| 93900 |  2464 | 44343k| 424.4 |   478M | 139 |1992 |4169 |4763 | 207k|  1 | 109k|  33k| 1.052214e+05 | 1.054327e+05 |   0.20%|  88.41%
  184m| 94000 |  2454 | 44400k| 424.5 |   478M | 139 |1992 |4172 |   0 | 207k|  0 | 109k|  33k| 1.052215e+05 | 1.054327e+05 |   0.20%|  88.41%
  185m| 94100 |  2452 | 44485k| 425.0 |   478M | 139 |1992 |4124 |4891 | 207k|  1 | 109k|  33k| 1.052217e+05 | 1.054327e+05 |   0.20%|  88.44%
  185m| 94200 |  2446 | 44543k| 425.1 |   478M | 139 |1992 |4081 |4759 | 207k|  0 | 109k|  33k| 1.052219e+05 | 1.054327e+05 |   0.20%|  88.49%
  185m| 94300 |  2442 | 44591k| 425.2 |   478M | 139 |1992 |4113 |4482 | 207k|  1 | 110k|  33k| 1.052220e+05 | 1.054327e+05 |   0.20%|  88.51%
  186m| 94400 |  2446 | 44643k| 425.2 |   478M | 139 |1992 |4115 |4438 | 207k|  2 | 110k|  33k| 1.052221e+05 | 1.054327e+05 |   0.20%|  88.51%
  186m| 94500 |  2436 | 44678k| 425.2 |   478M | 139 |1992 |4093 |4767 | 208k|  1 | 110k|  33k| 1.052221e+05 | 1.054327e+05 |   0.20%|  88.51%
  186m| 94600 |  2428 | 44772k| 425.7 |   478M | 139 |1992 |4079 |4768 | 208k|  1 | 110k|  33k| 1.052225e+05 | 1.054327e+05 |   0.20%|  88.57%
  186m| 94700 |  2426 | 44835k| 425.9 |   478M | 139 |1992 |4101 |4501 | 208k|  1 | 110k|  33k| 1.052226e+05 | 1.054327e+05 |   0.20%|  88.59%
  187m| 94800 |  2436 | 44887k| 425.9 |   478M | 139 |1992 |4077 |4649 | 208k|  1 | 110k|  33k| 1.052227e+05 | 1.054327e+05 |   0.20%|  88.60%
 time | node  | left  |LP iter|LP it/n|mem/heur|mdpt |vars |cons |rows |cuts |sepa|confs|strbr|  dualbound   | primalbound  |  gap   | compl. 
  187m| 94900 |  2432 | 44939k| 426.0 |   478M | 139 |1992 |4101 |4621 | 209k|  0 | 110k|  34k| 1.052228e+05 | 1.054327e+05 |   0.20%|  88.61%
  187m| 95000 |  2432 | 44983k| 426.1 |   478M | 139 |1992 |4110 |4663 | 209k|  0 | 110k|  34k| 1.052228e+05 | 1.054327e+05 |   0.20%|  88.61%
  188m| 95100 |  2428 | 45071k| 426.5 |   478M | 139 |1992 |4067 |4719 | 209k|  0 | 110k|  34k| 1.052232e+05 | 1.054327e+05 |   0.20%|  88.66%
  188m| 95200 |  2440 | 45148k| 426.8 |   478M | 139 |1992 |4081 |4988 | 209k|  0 | 110k|  34k| 1.052232e+05 | 1.054327e+05 |   0.20%|  88.66%
  188m| 95300 |  2440 | 45193k| 426.8 |   478M | 139 |1992 |4133 |   0 | 209k|  0 | 111k|  34k| 1.052232e+05 | 1.054327e+05 |   0.20%|  88.67%
  188m| 95400 |  2448 | 45247k| 426.9 |   478M | 139 |1992 |4178 |   0 | 209k|  0 | 111k|  34k| 1.052235e+05 | 1.054327e+05 |   0.20%|  88.68%
  189m| 95500 |  2464 | 45373k| 427.7 |   479M | 139 |1992 |4098 |4815 | 210k|  1 | 111k|  34k| 1.052238e+05 | 1.054327e+05 |   0.20%|  88.68%
  189m| 95600 |  2470 | 45413k| 427.7 |   479M | 139 |1992 |4092 |4869 | 210k|  2 | 111k|  34k| 1.052240e+05 | 1.054327e+05 |   0.20%|  88.70%
  190m| 95700 |  2458 | 45512k| 428.2 |   479M | 139 |1992 |4087 |5609 | 210k|  0 | 111k|  34k| 1.052240e+05 | 1.054327e+05 |   0.20%|  88.72%
  190m| 95800 |  2480 | 45622k| 428.9 |   479M | 139 |1992 |4113 |4689 | 210k|  1 | 111k|  34k| 1.052246e+05 | 1.054327e+05 |   0.20%|  88.74%
  191m| 95900 |  2480 | 45712k| 429.3 |   479M | 139 |1992 |4149 |4527 | 210k|  1 | 111k|  34k| 1.052248e+05 | 1.054327e+05 |   0.20%|  88.75%
  191m| 96000 |  2480 | 45794k| 429.7 |   479M | 139 |1992 |4110 |5133 | 210k|  0 | 111k|  34k| 1.052248e+05 | 1.054327e+05 |   0.20%|  88.75%
  192m| 96100 |  2498 | 45860k| 429.9 |   479M | 139 |1992 |4087 |4275 | 211k|  0 | 111k|  34k| 1.052249e+05 | 1.054327e+05 |   0.20%|  88.78%
  192m| 96200 |  2496 | 45934k| 430.2 |   480M | 139 |1992 |4074 |4923 | 211k|  1 | 111k|  34k| 1.052251e+05 | 1.054327e+05 |   0.20%|  88.80%
  192m| 96300 |  2494 | 46000k| 430.4 |   481M | 139 |1992 |4080 |   0 | 211k|  0 | 112k|  34k| 1.052254e+05 | 1.054327e+05 |   0.20%|  88.83%
 time | node  | left  |LP iter|LP it/n|mem/heur|mdpt |vars |cons |rows |cuts |sepa|confs|strbr|  dualbound   | primalbound  |  gap   | compl. 
  193m| 96400 |  2504 | 46085k| 430.8 |   481M | 139 |1992 |4079 |   0 | 211k|  0 | 112k|  34k| 1.052256e+05 | 1.054327e+05 |   0.20%|  88.85%
  193m| 96500 |  2500 | 46141k| 430.9 |   481M | 139 |1992 |4090 |5012 | 212k|  2 | 112k|  34k| 1.052259e+05 | 1.054327e+05 |   0.20%|  88.88%
  193m| 96600 |  2494 | 46208k| 431.1 |   481M | 139 |1992 |4108 |4800 | 212k|  1 | 112k|  34k| 1.052261e+05 | 1.054327e+05 |   0.20%|  88.89%
  193m| 96700 |  2494 | 46274k| 431.3 |   481M | 139 |1992 |4055 |5202 | 212k|  1 | 112k|  34k| 1.052262e+05 | 1.054327e+05 |   0.20%|  88.90%
  194m| 96800 |  2484 | 46347k| 431.6 |   481M | 139 |1992 |4071 |4459 | 212k|  0 | 112k|  34k| 1.052264e+05 | 1.054327e+05 |   0.20%|  88.92%
  194m| 96900 |  2496 | 46383k| 431.6 |   481M | 139 |1992 |4093 |4517 | 212k|  1 | 112k|  34k| 1.052264e+05 | 1.054327e+05 |   0.20%|  88.94%
  194m| 97000 |  2508 | 46418k| 431.5 |   481M | 139 |1992 |4121 |5058 | 212k|  1 | 112k|  34k| 1.052266e+05 | 1.054327e+05 |   0.20%|  88.95%
  194m| 97100 |  2514 | 46493k| 431.8 |   481M | 139 |1992 |4103 |4838 | 213k|  1 | 112k|  34k| 1.052267e+05 | 1.054327e+05 |   0.20%|  88.95%
  195m| 97200 |  2530 | 46543k| 431.8 |   481M | 139 |1992 |4117 |4679 | 213k|  2 | 112k|  34k| 1.052270e+05 | 1.054327e+05 |   0.20%|  88.95%
  195m| 97300 |  2522 | 46593k| 431.9 |   481M | 139 |1992 |4118 |4503 | 213k|  2 | 112k|  34k| 1.052270e+05 | 1.054327e+05 |   0.20%|  88.96%
  195m| 97400 |  2530 | 46661k| 432.1 |   482M | 139 |1992 |4099 |   0 | 213k|  0 | 113k|  34k| 1.052271e+05 | 1.054327e+05 |   0.20%|  88.98%
  195m| 97500 |  2532 | 46695k| 432.0 |   483M | 139 |1992 |4120 |   0 | 213k|  0 | 113k|  34k| 1.052274e+05 | 1.054327e+05 |   0.20%|  88.99%
  196m| 97600 |  2536 | 46746k| 432.1 |   483M | 139 |1992 |4125 |4888 | 213k|  1 | 113k|  34k| 1.052275e+05 | 1.054327e+05 |   0.20%|  88.99%
  196m| 97700 |  2524 | 46796k| 432.2 |   483M | 139 |1992 |4119 |   0 | 213k|  0 | 113k|  34k| 1.052277e+05 | 1.054327e+05 |   0.19%|  88.99%
  196m| 97800 |  2536 | 46926k| 433.0 |   483M | 139 |1992 |4084 |4747 | 214k|  1 | 113k|  35k| 1.052283e+05 | 1.054327e+05 |   0.19%|  88.99%
 time | node  | left  |LP iter|LP it/n|mem/heur|mdpt |vars |cons |rows |cuts |sepa|confs|strbr|  dualbound   | primalbound  |  gap   | compl. 
  197m| 97900 |  2534 | 47018k| 433.4 |   483M | 139 |1992 |4049 |4909 | 214k|  2 | 113k|  35k| 1.052284e+05 | 1.054327e+05 |   0.19%|  89.01%
  197m| 98000 |  2528 | 47088k| 433.7 |   483M | 139 |1992 |4056 |4574 | 214k|  0 | 113k|  35k| 1.052285e+05 | 1.054327e+05 |   0.19%|  89.02%
  198m| 98100 |  2518 | 47180k| 434.1 |   483M | 139 |1992 |4037 |   0 | 214k|  0 | 113k|  35k| 1.052285e+05 | 1.054327e+05 |   0.19%|  89.05%
  198m| 98200 |  2524 | 47243k| 434.3 |   483M | 139 |1992 |4061 |4600 | 214k|  1 | 113k|  35k| 1.052288e+05 | 1.054327e+05 |   0.19%|  89.05%
  198m| 98300 |  2540 | 47284k| 434.3 |   483M | 139 |1992 |4053 |4840 | 215k|  0 | 113k|  35k| 1.052289e+05 | 1.054327e+05 |   0.19%|  89.05%
  198m| 98400 |  2548 | 47347k| 434.5 |   483M | 139 |1992 |4056 |4850 | 215k|  0 | 113k|  35k| 1.052290e+05 | 1.054327e+05 |   0.19%|  89.05%
  199m| 98500 |  2554 | 47397k| 434.5 |   483M | 139 |1992 |4030 |4864 | 215k|  0 | 113k|  35k| 1.052291e+05 | 1.054327e+05 |   0.19%|  89.07%
  199m| 98600 |  2552 | 47476k| 434.9 |   483M | 139 |1992 |4051 |4742 | 215k|  0 | 114k|  35k| 1.052294e+05 | 1.054327e+05 |   0.19%|  89.07%
  199m| 98700 |  2556 | 47526k| 434.9 |   484M | 139 |1992 |4069 |4936 | 215k|  1 | 114k|  35k| 1.052295e+05 | 1.054327e+05 |   0.19%|  89.07%
  199m| 98800 |  2568 | 47581k| 435.0 |   484M | 139 |1992 |4058 |4786 | 216k|  1 | 114k|  35k| 1.052296e+05 | 1.054327e+05 |   0.19%|  89.08%
  200m| 98900 |  2572 | 47619k| 435.0 |   484M | 139 |1992 |4055 |   0 | 216k|  0 | 114k|  35k| 1.052296e+05 | 1.054327e+05 |   0.19%|  89.08%
  200m| 99000 |  2572 | 47675k| 435.1 |   484M | 139 |1992 |4045 |4806 | 216k|  2 | 114k|  35k| 1.052298e+05 | 1.054327e+05 |   0.19%|  89.09%
  200m| 99100 |  2568 | 47736k| 435.2 |   484M | 139 |1992 |4038 |5803 | 216k|  0 | 114k|  35k| 1.052300e+05 | 1.054327e+05 |   0.19%|  89.09%
  200m| 99200 |  2574 | 47814k| 435.6 |   484M | 139 |1992 |4087 |4836 | 216k|  1 | 114k|  35k| 1.052302e+05 | 1.054327e+05 |   0.19%|  89.09%
  201m| 99300 |  2578 | 47867k| 435.7 |   484M | 139 |1992 |4110 |4934 | 216k|  0 | 114k|  35k| 1.052303e+05 | 1.054327e+05 |   0.19%|  89.09%
 time | node  | left  |LP iter|LP it/n|mem/heur|mdpt |vars |cons |rows |cuts |sepa|confs|strbr|  dualbound   | primalbound  |  gap   | compl. 
  201m| 99400 |  2580 | 47913k| 435.7 |   484M | 139 |1992 |4127 |4641 | 217k|  2 | 114k|  35k| 1.052303e+05 | 1.054327e+05 |   0.19%|  89.10%
  201m| 99500 |  2586 | 48010k| 436.2 |   484M | 139 |1992 |4134 |4824 | 217k|  1 | 114k|  35k| 1.052306e+05 | 1.054327e+05 |   0.19%|  89.11%
  201m| 99600 |  2578 | 48044k| 436.1 |   484M | 139 |1992 |4136 |4671 | 217k|  3 | 114k|  35k| 1.052306e+05 | 1.054327e+05 |   0.19%|  89.11%
  202m| 99700 |  2586 | 48076k| 436.0 |   484M | 139 |1992 |4112 |4656 | 217k|  0 | 114k|  35k| 1.052307e+05 | 1.054327e+05 |   0.19%|  89.11%
  202m| 99800 |  2590 | 48129k| 436.0 |   484M | 139 |1992 |4074 |5354 | 217k|  0 | 114k|  35k| 1.052308e+05 | 1.054327e+05 |   0.19%|  89.11%
  202m| 99900 |  2594 | 48170k| 436.0 |   484M | 139 |1992 |4068 |4699 | 217k|  0 | 114k|  35k| 1.052310e+05 | 1.054327e+05 |   0.19%|  89.11%
  202m|100000 |  2602 | 48235k| 436.2 |   484M | 139 |1992 |4085 |4966 | 217k|  1 | 115k|  35k| 1.052311e+05 | 1.054327e+05 |   0.19%|  89.13%
  202m|100100 |  2622 | 48288k| 436.3 |   484M | 139 |1992 |4104 |4466 | 217k|  1 | 115k|  35k| 1.052312e+05 | 1.054327e+05 |   0.19%|  89.13%
  203m|100200 |  2618 | 48320k| 436.2 |   484M | 139 |1992 |4137 |4530 | 218k|  1 | 115k|  35k| 1.052313e+05 | 1.054327e+05 |   0.19%|  89.13%
  203m|100300 |  2608 | 48350k| 436.1 |   485M | 139 |1992 |4081 |5869 | 218k|  0 | 115k|  35k| 1.052313e+05 | 1.054327e+05 |   0.19%|  89.15%
  203m|100400 |  2608 | 48469k| 436.8 |   485M | 139 |1992 |4041 |4604 | 218k|  2 | 115k|  35k| 1.052315e+05 | 1.054327e+05 |   0.19%|  89.16%
  204m|100500 |  2620 | 48528k| 436.9 |   486M | 139 |1992 |4048 |4956 | 218k|  2 | 115k|  35k| 1.052315e+05 | 1.054327e+05 |   0.19%|  89.17%
  204m|100600 |  2614 | 48577k| 436.9 |   486M | 139 |1992 |4050 |   0 | 218k|  0 | 115k|  35k| 1.052315e+05 | 1.054327e+05 |   0.19%|  89.19%
  204m|100700 |  2622 | 48653k| 437.2 |   487M | 139 |1992 |4036 |4572 | 219k|  0 | 115k|  35k| 1.052317e+05 | 1.054327e+05 |   0.19%|  89.24%
  205m|100800 |  2626 | 48725k| 437.5 |   487M | 139 |1992 |4008 |4854 | 219k|  0 | 115k|  35k| 1.052319e+05 | 1.054327e+05 |   0.19%|  89.24%
 time | node  | left  |LP iter|LP it/n|mem/heur|mdpt |vars |cons |rows |cuts |sepa|confs|strbr|  dualbound   | primalbound  |  gap   | compl. 
  205m|100900 |  2644 | 48779k| 437.6 |   487M | 139 |1992 |4037 |4846 | 219k|  1 | 115k|  35k| 1.052320e+05 | 1.054327e+05 |   0.19%|  89.24%
  205m|101000 |  2646 | 48809k| 437.5 |   487M | 139 |1992 |4058 |   0 | 219k|  0 | 115k|  35k| 1.052322e+05 | 1.054327e+05 |   0.19%|  89.24%
  205m|101100 |  2662 | 48873k| 437.6 |   487M | 139 |1992 |4095 |4694 | 219k|  1 | 116k|  35k| 1.052322e+05 | 1.054327e+05 |   0.19%|  89.25%
  206m|101200 |  2668 | 48969k| 438.1 |   487M | 139 |1992 |4018 |4528 | 219k|  2 | 116k|  35k| 1.052324e+05 | 1.054327e+05 |   0.19%|  89.26%
  206m|101300 |  2658 | 49011k| 438.1 |   487M | 139 |1992 |4046 |   0 | 219k|  0 | 116k|  35k| 1.052325e+05 | 1.054327e+05 |   0.19%|  89.26%
  206m|101400 |  2680 | 49063k| 438.2 |   487M | 139 |1992 |4056 |4528 | 220k|  0 | 116k|  35k| 1.052325e+05 | 1.054327e+05 |   0.19%|  89.27%
  206m|101500 |  2678 | 49103k| 438.1 |   487M | 139 |1992 |4089 |4660 | 220k|  2 | 116k|  35k| 1.052327e+05 | 1.054327e+05 |   0.19%|  89.28%
  206m|101600 |  2682 | 49146k| 438.1 |   487M | 139 |1992 |4058 |   0 | 220k|  0 | 116k|  35k| 1.052328e+05 | 1.054327e+05 |   0.19%|  89.29%
  207m|101700 |  2666 | 49195k| 438.2 |   487M | 139 |1992 |4064 |4640 | 220k|  2 | 116k|  35k| 1.052329e+05 | 1.054327e+05 |   0.19%|  89.30%
  207m|101800 |  2664 | 49233k| 438.1 |   487M | 139 |1992 |4056 |4771 | 220k|  1 | 116k|  35k| 1.052329e+05 | 1.054327e+05 |   0.19%|  89.30%
  207m|101900 |  2668 | 49279k| 438.1 |   487M | 139 |1992 |4060 |4624 | 220k|  1 | 116k|  35k| 1.052330e+05 | 1.054327e+05 |   0.19%|  89.30%
  207m|102000 |  2660 | 49348k| 438.4 |   487M | 139 |1992 |4013 |5017 | 220k|  0 | 116k|  35k| 1.052331e+05 | 1.054327e+05 |   0.19%|  89.31%
  208m|102100 |  2664 | 49399k| 438.4 |   487M | 139 |1992 |4019 |5049 | 221k|  1 | 116k|  35k| 1.052331e+05 | 1.054327e+05 |   0.19%|  89.31%
  208m|102200 |  2664 | 49451k| 438.5 |   487M | 139 |1992 |4061 |4570 | 221k|  0 | 116k|  35k| 1.052331e+05 | 1.054327e+05 |   0.19%|  89.32%
  208m|102300 |  2652 | 49517k| 438.7 |   487M | 139 |1992 |4008 |5022 | 221k|  0 | 116k|  35k| 1.052336e+05 | 1.054327e+05 |   0.19%|  89.34%
 time | node  | left  |LP iter|LP it/n|mem/heur|mdpt |vars |cons |rows |cuts |sepa|confs|strbr|  dualbound   | primalbound  |  gap   | compl. 
  208m|102400 |  2662 | 49578k| 438.8 |   487M | 139 |1992 |4041 |4848 | 221k|  1 | 117k|  36k| 1.052337e+05 | 1.054327e+05 |   0.19%|  89.36%
  209m|102500 |  2666 | 49643k| 439.0 |   487M | 139 |1992 |3981 |4557 | 221k|  0 | 117k|  36k| 1.052338e+05 | 1.054327e+05 |   0.19%|  89.41%
  209m|102600 |  2678 | 49697k| 439.1 |   487M | 139 |1992 |3974 |4725 | 221k|  1 | 117k|  36k| 1.052339e+05 | 1.054327e+05 |   0.19%|  89.43%
  209m|102700 |  2690 | 49742k| 439.1 |   488M | 139 |1992 |4026 |   0 | 222k|  0 | 117k|  36k| 1.052340e+05 | 1.054327e+05 |   0.19%|  89.44%
  209m|102800 |  2688 | 49786k| 439.1 |   488M | 139 |1992 |4025 |4632 | 222k|  1 | 117k|  36k| 1.052343e+05 | 1.054327e+05 |   0.19%|  89.46%
  210m|102900 |  2701 | 49843k| 439.2 |   488M | 139 |1992 |3995 |   0 | 222k|  0 | 117k|  36k| 1.052343e+05 | 1.054327e+05 |   0.19%|  89.48%
  210m|103000 |  2693 | 49897k| 439.3 |   489M | 139 |1992 |3985 |5695 | 222k|  0 | 117k|  36k| 1.052344e+05 | 1.054327e+05 |   0.19%|  89.49%
  210m|103100 |  2699 | 49971k| 439.6 |   489M | 139 |1992 |4053 |   0 | 222k|  0 | 117k|  36k| 1.052346e+05 | 1.054327e+05 |   0.19%|  89.50%
  211m|103200 |  2703 | 50049k| 439.9 |   489M | 139 |1992 |4019 |4867 | 222k|  1 | 117k|  36k| 1.052347e+05 | 1.054327e+05 |   0.19%|  89.52%
  211m|103300 |  2711 | 50111k| 440.1 |   489M | 139 |1992 |4034 |4616 | 223k|  0 | 117k|  36k| 1.052348e+05 | 1.054327e+05 |   0.19%|  89.53%
  211m|103400 |  2714 | 50161k| 440.1 |   489M | 139 |1992 |4023 |   0 | 223k|  0 | 117k|  36k| 1.052348e+05 | 1.054327e+05 |   0.19%|  89.56%
  211m|103500 |  2710 | 50219k| 440.2 |   489M | 139 |1992 |4003 |4657 | 223k|  1 | 117k|  36k| 1.052350e+05 | 1.054327e+05 |   0.19%|  89.59%
  212m|103600 |  2716 | 50297k| 440.5 |   489M | 139 |1992 |4003 |4642 | 223k|  0 | 117k|  36k| 1.052350e+05 | 1.054327e+05 |   0.19%|  89.60%
  212m|103700 |  2734 | 50347k| 440.6 |   489M | 139 |1992 |4008 |4546 | 223k|  2 | 118k|  36k| 1.052351e+05 | 1.054327e+05 |   0.19%|  89.61%
  212m|103800 |  2730 | 50428k| 440.9 |   489M | 139 |1992 |3995 |4734 | 223k|  1 | 118k|  36k| 1.052352e+05 | 1.054327e+05 |   0.19%|  89.63%
 time | node  | left  |LP iter|LP it/n|mem/heur|mdpt |vars |cons |rows |cuts |sepa|confs|strbr|  dualbound   | primalbound  |  gap   | compl. 
  212m|103900 |  2736 | 50470k| 440.9 |   489M | 139 |1992 |3993 |4677 | 224k|  0 | 118k|  36k| 1.052352e+05 | 1.054327e+05 |   0.19%|  89.63%
  213m|104000 |  2740 | 50523k| 441.0 |   489M | 139 |1992 |4008 |4546 | 224k|  2 | 118k|  36k| 1.052352e+05 | 1.054327e+05 |   0.19%|  89.68%
  213m|104100 |  2738 | 50589k| 441.2 |   489M | 139 |1992 |3999 |4567 | 224k|  3 | 118k|  36k| 1.052354e+05 | 1.054327e+05 |   0.19%|  89.71%
  213m|104200 |  2714 | 50651k| 441.3 |   489M | 139 |1992 |3975 |4855 | 224k|  1 | 118k|  36k| 1.052355e+05 | 1.054327e+05 |   0.19%|  89.71%
  213m|104300 |  2720 | 50699k| 441.3 |   489M | 139 |1992 |3988 |4587 | 224k|  1 | 118k|  36k| 1.052356e+05 | 1.054327e+05 |   0.19%|  89.72%
  214m|104400 |  2708 | 50751k| 441.4 |   489M | 139 |1992 |4020 |5812 | 225k|  0 | 118k|  36k| 1.052356e+05 | 1.054327e+05 |   0.19%|  89.72%
  214m|104500 |  2716 | 50853k| 441.9 |   489M | 139 |1992 |4033 |5074 | 225k|  2 | 118k|  36k| 1.052357e+05 | 1.054327e+05 |   0.19%|  89.73%
  214m|104600 |  2712 | 50920k| 442.1 |   490M | 139 |1992 |4046 |5109 | 225k|  0 | 118k|  36k| 1.052357e+05 | 1.054327e+05 |   0.19%|  89.73%
  215m|104700 |  2730 | 51003k| 442.5 |   490M | 139 |1992 |4017 |5254 | 225k|  0 | 118k|  36k| 1.052361e+05 | 1.054327e+05 |   0.19%|  89.73%
  215m|104800 |  2732 | 51119k| 443.1 |   490M | 139 |1992 |4031 |4710 | 225k|  0 | 118k|  36k| 1.052363e+05 | 1.054327e+05 |   0.19%|  89.76%
  216m|104900 |  2738 | 51198k| 443.4 |   490M | 139 |1992 |4033 |4994 | 225k|  0 | 118k|  36k| 1.052366e+05 | 1.054327e+05 |   0.19%|  89.76%
  216m|105000 |  2746 | 51247k| 443.4 |   490M | 145 |1992 |4055 |   0 | 225k|  0 | 118k|  36k| 1.052366e+05 | 1.054327e+05 |   0.19%|  89.76%
  216m|105100 |  2746 | 51334k| 443.8 |   490M | 145 |1992 |4054 |4869 | 226k|  1 | 119k|  36k| 1.052367e+05 | 1.054327e+05 |   0.19%|  89.77%
  217m|105200 |  2747 | 51378k| 443.8 |   491M | 145 |1992 |4090 |5083 | 226k|  3 | 119k|  36k| 1.052368e+05 | 1.054327e+05 |   0.19%|  89.79%
  217m|105300 |  2745 | 51450k| 444.0 |   491M | 145 |1992 |4085 |   0 | 226k|  0 | 119k|  36k| 1.052368e+05 | 1.054327e+05 |   0.19%|  89.80%
 time | node  | left  |LP iter|LP it/n|mem/heur|mdpt |vars |cons |rows |cuts |sepa|confs|strbr|  dualbound   | primalbound  |  gap   | compl. 
  217m|105400 |  2755 | 51507k| 444.1 |   491M | 145 |1992 |4109 |4782 | 226k|  1 | 119k|  36k| 1.052371e+05 | 1.054327e+05 |   0.19%|  89.80%
  217m|105500 |  2741 | 51555k| 444.2 |   491M | 145 |1992 |4121 |5291 | 226k|  1 | 119k|  36k| 1.052371e+05 | 1.054327e+05 |   0.19%|  89.81%
  218m|105600 |  2751 | 51629k| 444.4 |   491M | 145 |1992 |4105 |4718 | 226k|  3 | 119k|  36k| 1.052371e+05 | 1.054327e+05 |   0.19%|  89.81%
  218m|105700 |  2767 | 51680k| 444.5 |   491M | 145 |1992 |4123 |4771 | 226k|  0 | 119k|  36k| 1.052372e+05 | 1.054327e+05 |   0.19%|  89.82%
  218m|105800 |  2763 | 51736k| 444.6 |   491M | 145 |1992 |4126 |4778 | 227k|  1 | 119k|  36k| 1.052373e+05 | 1.054327e+05 |   0.19%|  89.83%
  218m|105900 |  2753 | 51777k| 444.5 |   491M | 145 |1992 |4125 |4752 | 227k|  0 | 119k|  36k| 1.052373e+05 | 1.054327e+05 |   0.19%|  89.83%
  219m|106000 |  2759 | 51830k| 444.6 |   492M | 145 |1992 |4115 |4699 | 227k|  0 | 119k|  36k| 1.052373e+05 | 1.054327e+05 |   0.19%|  89.83%
  219m|106100 |  2761 | 51863k| 444.5 |   492M | 145 |1992 |4113 |4739 | 227k|  1 | 120k|  36k| 1.052373e+05 | 1.054327e+05 |   0.19%|  89.83%
  219m|106200 |  2757 | 51926k| 444.7 |   493M | 145 |1992 |4103 |   0 | 227k|  0 | 120k|  36k| 1.052374e+05 | 1.054327e+05 |   0.19%|  89.85%
  219m|106300 |  2749 | 51976k| 444.7 |   493M | 145 |1992 |4144 |   0 | 227k|  0 | 120k|  36k| 1.052375e+05 | 1.054327e+05 |   0.19%|  89.85%
  220m|106400 |  2757 | 52045k| 444.9 |   493M | 145 |1992 |4113 |4960 | 228k|  1 | 120k|  37k| 1.052375e+05 | 1.054327e+05 |   0.19%|  89.86%
  220m|106500 |  2744 | 52167k| 445.6 |   493M | 145 |1992 |4107 |4778 | 228k|  3 | 120k|  37k| 1.052380e+05 | 1.054327e+05 |   0.19%|  89.87%
  220m|106600 |  2748 | 52200k| 445.5 |   493M | 145 |1992 |4127 |   0 | 228k|  0 | 120k|  37k| 1.052380e+05 | 1.054327e+05 |   0.19%|  89.90%
  221m|106700 |  2742 | 52292k| 445.9 |   494M | 145 |1992 |4136 |4894 | 228k|  1 | 120k|  37k| 1.052383e+05 | 1.054327e+05 |   0.18%|  89.90%
  221m|106800 |  2740 | 52348k| 446.0 |   494M | 145 |1992 |4120 |4655 | 228k|  2 | 120k|  37k| 1.052383e+05 | 1.054327e+05 |   0.18%|  89.90%
 time | node  | left  |LP iter|LP it/n|mem/heur|mdpt |vars |cons |rows |cuts |sepa|confs|strbr|  dualbound   | primalbound  |  gap   | compl. 
  221m|106900 |  2744 | 52401k| 446.1 |   494M | 145 |1992 |4103 |4687 | 228k|  0 | 121k|  37k| 1.052384e+05 | 1.054327e+05 |   0.18%|  89.90%
  222m|107000 |  2752 | 52457k| 446.2 |   495M | 145 |1992 |4137 |4668 | 228k|  2 | 121k|  37k| 1.052389e+05 | 1.054327e+05 |   0.18%|  89.93%
  222m|107100 |  2762 | 52491k| 446.1 |   495M | 145 |1992 |4141 |4657 | 229k|  0 | 121k|  37k| 1.052389e+05 | 1.054327e+05 |   0.18%|  89.93%
  222m|107200 |  2758 | 52549k| 446.2 |   495M | 145 |1992 |4121 |4704 | 229k|  0 | 121k|  37k| 1.052391e+05 | 1.054327e+05 |   0.18%|  89.93%
  222m|107300 |  2754 | 52595k| 446.2 |   495M | 145 |1992 |4135 |5110 | 229k|  1 | 121k|  37k| 1.052393e+05 | 1.054327e+05 |   0.18%|  89.95%
  223m|107400 |  2752 | 52665k| 446.4 |   495M | 145 |1992 |4133 |4895 | 229k|  1 | 121k|  37k| 1.052394e+05 | 1.054327e+05 |   0.18%|  89.95%
  223m|107500 |  2756 | 52736k| 446.6 |   495M | 145 |1992 |4157 |4704 | 229k|  2 | 121k|  37k| 1.052394e+05 | 1.054327e+05 |   0.18%|  89.96%
  223m|107600 |  2750 | 52779k| 446.6 |   495M | 145 |1992 |4173 |4820 | 229k|  1 | 121k|  37k| 1.052394e+05 | 1.054327e+05 |   0.18%|  89.96%
  223m|107700 |  2754 | 52838k| 446.8 |   495M | 145 |1992 |4165 |4782 | 229k|  0 | 121k|  37k| 1.052394e+05 | 1.054327e+05 |   0.18%|  89.98%
  224m|107800 |  2748 | 52927k| 447.1 |   495M | 145 |1992 |4182 |5082 | 230k|  1 | 121k|  37k| 1.052398e+05 | 1.054327e+05 |   0.18%|  90.03%
  224m|107900 |  2744 | 52985k| 447.2 |   495M | 145 |1992 |4173 |   0 | 230k|  0 | 122k|  37k| 1.052399e+05 | 1.054327e+05 |   0.18%|  90.04%
  224m|108000 |  2750 | 53045k| 447.4 |   495M | 145 |1992 |4194 |4758 | 230k|  1 | 122k|  37k| 1.052399e+05 | 1.054327e+05 |   0.18%|  90.05%
  225m|108100 |  2748 | 53082k| 447.3 |   495M | 145 |1992 |4201 |4772 | 230k|  0 | 122k|  37k| 1.052400e+05 | 1.054327e+05 |   0.18%|  90.06%
  225m|108200 |  2742 | 53138k| 447.4 |   495M | 145 |1992 |4186 |5072 | 230k|  0 | 122k|  37k| 1.052402e+05 | 1.054327e+05 |   0.18%|  90.11%
  225m|108300 |  2754 | 53216k| 447.7 |   495M | 145 |1992 |4209 |5033 | 231k|  4 | 122k|  37k| 1.052403e+05 | 1.054327e+05 |   0.18%|  90.13%
 time | node  | left  |LP iter|LP it/n|mem/heur|mdpt |vars |cons |rows |cuts |sepa|confs|strbr|  dualbound   | primalbound  |  gap   | compl. 
  226m|108400 |  2752 | 53300k| 448.0 |   495M | 145 |1992 |4216 |4732 | 231k|  1 | 122k|  37k| 1.052404e+05 | 1.054327e+05 |   0.18%|  90.14%
  226m|108500 |  2758 | 53349k| 448.0 |   495M | 145 |1992 |4221 |4793 | 231k|  0 | 122k|  37k| 1.052405e+05 | 1.054327e+05 |   0.18%|  90.14%
  226m|108600 |  2758 | 53419k| 448.3 |   495M | 145 |1992 |4237 |5036 | 231k|  1 | 122k|  37k| 1.052407e+05 | 1.054327e+05 |   0.18%|  90.16%
  227m|108700 |  2776 | 53504k| 448.6 |   495M | 145 |1992 |4168 |4502 | 231k|  0 | 122k|  38k| 1.052408e+05 | 1.054327e+05 |   0.18%|  90.17%
  227m|108800 |  2786 | 53561k| 448.7 |   495M | 145 |1992 |4203 |   0 | 231k|  0 | 123k|  38k| 1.052413e+05 | 1.054327e+05 |   0.18%|  90.17%
  227m|108900 |  2784 | 53613k| 448.8 |   495M | 145 |1992 |4149 |   0 | 231k|  0 | 123k|  38k| 1.052414e+05 | 1.054327e+05 |   0.18%|  90.19%
  227m|109000 |  2780 | 53683k| 449.0 |   495M | 145 |1992 |4131 |   0 | 232k|  0 | 123k|  38k| 1.052415e+05 | 1.054327e+05 |   0.18%|  90.21%
  228m|109100 |  2784 | 53743k| 449.1 |   495M | 145 |1992 |4158 |   0 | 232k|  0 | 123k|  38k| 1.052415e+05 | 1.054327e+05 |   0.18%|  90.21%
  228m|109200 |  2784 | 53815k| 449.3 |   495M | 145 |1992 |4171 |4812 | 232k|  1 | 123k|  38k| 1.052418e+05 | 1.054327e+05 |   0.18%|  90.22%
  228m|109300 |  2776 | 53903k| 449.7 |   496M | 145 |1992 |4183 |4821 | 232k|  2 | 123k|  38k| 1.052419e+05 | 1.054327e+05 |   0.18%|  90.27%
  229m|109400 |  2786 | 53953k| 449.7 |   496M | 145 |1992 |4187 |   0 | 232k|  0 | 123k|  38k| 1.052419e+05 | 1.054327e+05 |   0.18%|  90.27%
  229m|109500 |  2780 | 54007k| 449.8 |   496M | 145 |1992 |4156 |   0 | 232k|  0 | 123k|  38k| 1.052421e+05 | 1.054327e+05 |   0.18%|  90.29%
  229m|109600 |  2780 | 54075k| 450.0 |   496M | 145 |1992 |4177 |4787 | 232k|  3 | 124k|  38k| 1.052423e+05 | 1.054327e+05 |   0.18%|  90.31%
  230m|109700 |  2784 | 54122k| 450.0 |   497M | 145 |1992 |4189 |4560 | 232k|  1 | 124k|  38k| 1.052423e+05 | 1.054327e+05 |   0.18%|  90.31%
  230m|109800 |  2784 | 54165k| 450.0 |   497M | 145 |1992 |4159 |4839 | 233k|  1 | 124k|  38k| 1.052425e+05 | 1.054327e+05 |   0.18%|  90.31%
 time | node  | left  |LP iter|LP it/n|mem/heur|mdpt |vars |cons |rows |cuts |sepa|confs|strbr|  dualbound   | primalbound  |  gap   | compl. 
  230m|109900 |  2784 | 54194k| 449.9 |   497M | 145 |1992 |4155 |   0 | 233k|  0 | 124k|  38k| 1.052427e+05 | 1.054327e+05 |   0.18%|  90.32%
  230m|110000 |  2784 | 54234k| 449.8 |   497M | 145 |1992 |4182 |4898 | 233k|  1 | 124k|  38k| 1.052427e+05 | 1.054327e+05 |   0.18%|  90.34%
  230m|110100 |  2778 | 54296k| 450.0 |   497M | 145 |1992 |4100 |   0 | 233k|  0 | 124k|  38k| 1.052429e+05 | 1.054327e+05 |   0.18%|  90.36%
  231m|110200 |  2784 | 54362k| 450.1 |   497M | 145 |1992 |4086 |4944 | 233k|  1 | 124k|  38k| 1.052431e+05 | 1.054327e+05 |   0.18%|  90.38%
  231m|110300 |  2784 | 54429k| 450.3 |   497M | 145 |1992 |4071 |4887 | 233k|  1 | 124k|  38k| 1.052434e+05 | 1.054327e+05 |   0.18%|  90.38%
  231m|110400 |  2788 | 54526k| 450.7 |   497M | 145 |1992 |4091 |4966 | 233k|  1 | 124k|  38k| 1.052437e+05 | 1.054327e+05 |   0.18%|  90.38%
  232m|110500 |  2788 | 54606k| 451.0 |   497M | 145 |1992 |4132 |4865 | 234k|  1 | 124k|  38k| 1.052439e+05 | 1.054327e+05 |   0.18%|  90.41%
  232m|110600 |  2782 | 54656k| 451.1 |   499M | 145 |1992 |4118 |4609 | 234k|  1 | 125k|  38k| 1.052442e+05 | 1.054327e+05 |   0.18%|  90.41%
  232m|110700 |  2796 | 54689k| 451.0 |   499M | 145 |1992 |4119 |4724 | 234k|  1 | 125k|  38k| 1.052442e+05 | 1.054327e+05 |   0.18%|  90.41%
  232m|110800 |  2796 | 54746k| 451.1 |   499M | 145 |1992 |4095 |4721 | 234k|  0 | 125k|  38k| 1.052445e+05 | 1.054327e+05 |   0.18%|  90.41%
  232m|110900 |  2804 | 54783k| 451.0 |   499M | 145 |1992 |4094 |4807 | 234k|  1 | 125k|  38k| 1.052445e+05 | 1.054327e+05 |   0.18%|  90.42%
  232m|111000 |  2804 | 54812k| 450.9 |   499M | 145 |1992 |4113 |   0 | 234k|  0 | 125k|  38k| 1.052445e+05 | 1.054327e+05 |   0.18%|  90.42%
  233m|111100 |  2810 | 54890k| 451.1 |   499M | 145 |1992 |4111 |5088 | 234k|  2 | 125k|  38k| 1.052446e+05 | 1.054327e+05 |   0.18%|  90.42%
  233m|111200 |  2808 | 54978k| 451.5 |   499M | 145 |1992 |4124 |4576 | 234k|  0 | 125k|  38k| 1.052447e+05 | 1.054327e+05 |   0.18%|  90.44%
  233m|111300 |  2824 | 55010k| 451.4 |   499M | 145 |1992 |4135 |   0 | 234k|  0 | 125k|  38k| 1.052448e+05 | 1.054327e+05 |   0.18%|  90.47%
 time | node  | left  |LP iter|LP it/n|mem/heur|mdpt |vars |cons |rows |cuts |sepa|confs|strbr|  dualbound   | primalbound  |  gap   | compl. 
  234m|111400 |  2820 | 55059k| 451.4 |   499M | 145 |1992 |4173 |   0 | 235k|  0 | 125k|  38k| 1.052451e+05 | 1.054327e+05 |   0.18%|  90.49%
  234m|111500 |  2824 | 55110k| 451.5 |   499M | 145 |1992 |4175 |5031 | 235k|  0 | 125k|  38k| 1.052454e+05 | 1.054327e+05 |   0.18%|  90.51%
  234m|111600 |  2806 | 55186k| 451.7 |   499M | 145 |1992 |4149 |4877 | 235k|  1 | 125k|  38k| 1.052455e+05 | 1.054327e+05 |   0.18%|  90.52%
  234m|111700 |  2812 | 55241k| 451.8 |   499M | 145 |1992 |4133 |4772 | 235k|  1 | 125k|  38k| 1.052455e+05 | 1.054327e+05 |   0.18%|  90.52%
  235m|111800 |  2812 | 55287k| 451.8 |   499M | 145 |1992 |4134 |4801 | 235k|  0 | 125k|  38k| 1.052455e+05 | 1.054327e+05 |   0.18%|  90.52%
  235m|111900 |  2808 | 55368k| 452.1 |   500M | 145 |1992 |4146 |5825 | 235k|  0 | 126k|  38k| 1.052458e+05 | 1.054327e+05 |   0.18%|  90.55%
  235m|112000 |  2818 | 55455k| 452.4 |   500M | 145 |1992 |4140 |5041 | 235k|  1 | 126k|  38k| 1.052459e+05 | 1.054327e+05 |   0.18%|  90.55%
  236m|112100 |  2824 | 55550k| 452.8 |   500M | 145 |1992 |4140 |5077 | 235k|  0 | 126k|  38k| 1.052459e+05 | 1.054327e+05 |   0.18%|  90.56%
  236m|112200 |  2836 | 55631k| 453.1 |   500M | 145 |1992 |4141 |4995 | 235k|  1 | 126k|  38k| 1.052461e+05 | 1.054327e+05 |   0.18%|  90.57%
  237m|112300 |  2846 | 55696k| 453.3 |   500M | 145 |1992 |4152 |5030 | 236k|  0 | 126k|  38k| 1.052462e+05 | 1.054327e+05 |   0.18%|  90.57%
  237m|112400 |  2852 | 55768k| 453.5 |   501M | 145 |1992 |4155 |5087 | 236k|  3 | 126k|  39k| 1.052462e+05 | 1.054327e+05 |   0.18%|  90.58%
  237m|112500 |  2834 | 55848k| 453.8 |   501M | 145 |1992 |4160 |4767 | 236k|  1 | 126k|  39k| 1.052466e+05 | 1.054327e+05 |   0.18%|  90.58%
  237m|112600 |  2836 | 55911k| 453.9 |   501M | 145 |1992 |4168 |4780 | 236k|  0 | 126k|  39k| 1.052466e+05 | 1.054327e+05 |   0.18%|  90.59%
  238m|112700 |  2840 | 55972k| 454.1 |   502M | 145 |1992 |4202 |4647 | 236k|  2 | 126k|  39k| 1.052467e+05 | 1.054327e+05 |   0.18%|  90.61%
  238m|112800 |  2846 | 56022k| 454.1 |   503M | 145 |1992 |4182 |   0 | 236k|  0 | 126k|  39k| 1.052468e+05 | 1.054327e+05 |   0.18%|  90.62%
 time | node  | left  |LP iter|LP it/n|mem/heur|mdpt |vars |cons |rows |cuts |sepa|confs|strbr|  dualbound   | primalbound  |  gap   | compl. 
  238m|112900 |  2873 | 56085k| 454.3 |   504M | 145 |1992 |4202 |4810 | 236k|  1 | 126k|  39k| 1.052470e+05 | 1.054327e+05 |   0.18%|  90.62%
  239m|113000 |  2858 | 56140k| 454.3 |   504M | 145 |1992 |4182 |   0 | 237k|  0 | 126k|  39k| 1.052470e+05 | 1.054327e+05 |   0.18%|  90.63%
  239m|113100 |  2875 | 56187k| 454.3 |   504M | 145 |1992 |4192 |4810 | 237k|  1 | 127k|  39k| 1.052471e+05 | 1.054327e+05 |   0.18%|  90.63%
  239m|113200 |  2850 | 56240k| 454.4 |   505M | 145 |1992 |4203 |4798 | 237k|  0 | 127k|  39k| 1.052471e+05 | 1.054327e+05 |   0.18%|  90.63%
  239m|113300 |  2854 | 56295k| 454.5 |   505M | 145 |1992 |4108 |4810 | 237k|  0 | 127k|  39k| 1.052473e+05 | 1.054327e+05 |   0.18%|  90.64%
  240m|113400 |  2860 | 56374k| 454.8 |   505M | 145 |1992 |4123 |4806 | 237k|  1 | 127k|  39k| 1.052474e+05 | 1.054327e+05 |   0.18%|  90.65%
  240m|113500 |  2880 | 56433k| 454.9 |   505M | 145 |1992 |4132 |4833 | 237k|  1 | 127k|  39k| 1.052475e+05 | 1.054327e+05 |   0.18%|  90.65%

SCIP Status        : solving was interrupted [time limit reached]
Solving Time (sec) : 14400.00
Solving Nodes      : 113576 (total of 123918 nodes in 2 runs)
Primal Bound       : +1.05432716000000e+05 (139 solutions)
Dual Bound         : +1.05247634898503e+05
Gap                : 0.18 %

primal solution (original space):
=================================

objective value:                           105432.716
z#5                                                 1 	(obj:0)
z#7                                                 1 	(obj:0)
z#37                                                1 	(obj:0)
z#68                                                1 	(obj:0)
z#84                                                1 	(obj:0)
z#85                                                1 	(obj:0)
z#90                                                1 	(obj:0)
z#94                                                1 	(obj:0)
z#96                                                1 	(obj:0)
z#99                                                1 	(obj:0)
z#100                                               1 	(obj:0)
z#113                                               1 	(obj:0)
z#114                                               1 	(obj:0)
z#116                                               1 	(obj:0)
z#120                                               1 	(obj:0)
z#133                                               1 	(obj:0)
z#139                                               1 	(obj:0)
z#141                                               1 	(obj:0)
z#143                                               1 	(obj:0)
z#146                                               1 	(obj:0)
z#148                                               1 	(obj:0)
z#163                                               1 	(obj:0)
z#170                                               1 	(obj:0)
z#177                                               1 	(obj:0)
z#204                                               1 	(obj:0)
z#214                                               1 	(obj:0)
z#216                                               1 	(obj:0)
z#217                                               1 	(obj:0)
z#233                                               1 	(obj:0)
z#238                                               1 	(obj:0)
z#243                                               1 	(obj:0)
z#260                                               1 	(obj:0)
z#263                                               1 	(obj:0)
z#264                                               1 	(obj:0)
z#266                                               1 	(obj:0)
z#271                                               1 	(obj:0)
z#275                                               1 	(obj:0)
z#285                                               1 	(obj:0)
z#298                                               1 	(obj:0)
z#322                                               1 	(obj:0)
z#337                                               1 	(obj:0)
z#348                                               1 	(obj:0)
z#349                                               1 	(obj:0)
z#363                                               1 	(obj:0)
z#378                                               1 	(obj:0)
z#381                                               1 	(obj:0)
z#382                                               1 	(obj:0)
z#384                                               1 	(obj:0)
z#405                                               1 	(obj:0)
z#412                                               1 	(obj:0)
z#457                                               1 	(obj:0)
z#462                                               1 	(obj:0)
z#485                                               1 	(obj:0)
z#489                                               1 	(obj:0)
z#492                                               1 	(obj:0)
z#508                                               1 	(obj:0)
z#514                                               1 	(obj:0)
z#523                                               1 	(obj:0)
z#534                                               1 	(obj:0)
z#541                                               1 	(obj:0)
z#560                                               1 	(obj:0)
z#577                                               1 	(obj:0)
z#586                                               1 	(obj:0)
z#593                                               1 	(obj:0)
z#621                                               1 	(obj:0)
z#627                                               1 	(obj:0)
z#633                                               1 	(obj:0)
z#636                                               1 	(obj:0)
z#650                                               1 	(obj:0)
z#685                                               1 	(obj:0)
z#696                                               1 	(obj:0)
z#708                                               1 	(obj:0)
z#709                                               1 	(obj:0)
z#722                                               1 	(obj:0)
z#723                                               1 	(obj:0)
z#724                                               1 	(obj:0)
z#731                                               1 	(obj:0)
z#745                                               1 	(obj:0)
z#746                                               1 	(obj:0)
z#754                                               1 	(obj:0)
z#755                                               1 	(obj:0)
z#756                                               1 	(obj:0)
z#760                                               1 	(obj:0)
z#762                                               1 	(obj:0)
z#768                                               1 	(obj:0)
z#772                                               1 	(obj:0)
z#775                                               1 	(obj:0)
z#788                                               1 	(obj:0)
z#798                                               1 	(obj:0)
z#817                                               1 	(obj:0)
z#818                                               1 	(obj:0)
z#821                                               1 	(obj:0)
z#825                                               1 	(obj:0)
z#826                                               1 	(obj:0)
z#845                                               1 	(obj:0)
z#849                                               1 	(obj:0)
z#860                                               1 	(obj:0)
z#889                                               1 	(obj:0)
z#909                                               1 	(obj:0)
z#920                                               1 	(obj:0)
z#935                                               1 	(obj:0)
z#936                                               1 	(obj:0)
z#938                                               1 	(obj:0)
z#942                                               1 	(obj:0)
z#943                                               1 	(obj:0)
z#952                                               1 	(obj:0)
z#970                                               1 	(obj:0)
z#977                                               1 	(obj:0)
z#996                                               1 	(obj:0)
z#1040                                              1 	(obj:0)
z#1047                                              1 	(obj:0)
z#1064                                              1 	(obj:0)
z#1075                                              1 	(obj:0)
z#1091                                              1 	(obj:0)
z#1106                                              1 	(obj:0)
z#1123                                              1 	(obj:0)
z#1126                                              1 	(obj:0)
z#1129                                              1 	(obj:0)
z#1130                                              1 	(obj:0)
z#1146                                              1 	(obj:0)
z#1162                                              1 	(obj:0)
z#1168                                              1 	(obj:0)
z#1174                                              1 	(obj:0)
z#1175                                              1 	(obj:0)
z#1190                                              1 	(obj:0)
z#1193                                              1 	(obj:0)
z#1194                                              1 	(obj:0)
z#1225                                              1 	(obj:0)
z#1232                                              1 	(obj:0)
z#1235                                              1 	(obj:0)
z#1252                                              1 	(obj:0)
z#1258                                              1 	(obj:0)
z#1263                                              1 	(obj:0)
z#1282                                              1 	(obj:0)
z#1287                                              1 	(obj:0)
z#1294                                              1 	(obj:0)
z#1298                                              1 	(obj:0)
z#1318                                              1 	(obj:0)
z#1322                                              1 	(obj:0)
z#1338                                              1 	(obj:0)
z#1340                                              1 	(obj:0)
z#1346                                              1 	(obj:0)
z#1360                                              1 	(obj:0)
z#1364                                              1 	(obj:0)
z#1383                                              1 	(obj:0)
z#1386                                              1 	(obj:0)
z#1412                                              1 	(obj:0)
z#1415                                              1 	(obj:0)
z#1439                                              1 	(obj:0)
z#1442                                              1 	(obj:0)
z#1464                                              1 	(obj:0)
z#1477                                              1 	(obj:0)
z#1528                                              1 	(obj:0)
z#1531                                              1 	(obj:0)
z#1545                                              1 	(obj:0)
z#1546                                              1 	(obj:0)
z#1553                                              1 	(obj:0)
z#1556                                              1 	(obj:0)
z#1560                                              1 	(obj:0)
z#1566                                              1 	(obj:0)
z#1572                                              1 	(obj:0)
z#1583                                              1 	(obj:0)
z#1598                                              1 	(obj:0)
z#1643                                              1 	(obj:0)
z#1651                                              1 	(obj:0)
z#1663                                              1 	(obj:0)
z#1668                                              1 	(obj:0)
z#1670                                              1 	(obj:0)
z#1678                                              1 	(obj:0)
z#1680                                              1 	(obj:0)
z#1690                                              1 	(obj:0)
z#1698                                              1 	(obj:0)
z#1706                                              1 	(obj:0)
z#1712                                              1 	(obj:0)
z#1731                                              1 	(obj:0)
z#1754                                              1 	(obj:0)
z#1764                                              1 	(obj:0)
z#1792                                              1 	(obj:0)
z#1820                                              1 	(obj:0)
z#1829                                              1 	(obj:0)
z#1842                                              1 	(obj:0)
z#1860                                              1 	(obj:0)
z#1862                                              1 	(obj:0)
z#1865                                              1 	(obj:0)
z#1871                                              1 	(obj:0)
z#1873                                              1 	(obj:0)
z#1874                                              1 	(obj:0)
z#1879                                              1 	(obj:0)
z#1881                                              1 	(obj:0)
z#1890                                              1 	(obj:0)
z#1901                                              1 	(obj:0)
z#1918                                              1 	(obj:0)
z#1932                                              1 	(obj:0)
z#1944                                              1 	(obj:0)
z#1949                                              1 	(obj:0)
z#1958                                              1 	(obj:0)
z#1975                                              1 	(obj:0)
z#1985                                              1 	(obj:0)
z#2006                                              1 	(obj:0)
z#2008                                              1 	(obj:0)
z#2010                                              1 	(obj:0)
z#2015                                              1 	(obj:0)
z#2028                                              1 	(obj:0)
z#2032                                              1 	(obj:0)
z#2054                                              1 	(obj:0)
z#2062                                              1 	(obj:0)
z#2084                                              1 	(obj:0)
z#2102                                              1 	(obj:0)
z#2104                                              1 	(obj:0)
z#2107                                              1 	(obj:0)
z#2119                                              1 	(obj:0)
z#2123                                              1 	(obj:0)
z#2161                                              1 	(obj:0)
z#2165                                              1 	(obj:0)
z#2171                                              1 	(obj:0)
z#2175                                              1 	(obj:0)
z#2177                                              1 	(obj:0)
z#2194                                              1 	(obj:0)
z#2201                                              1 	(obj:0)
z#2212                                              1 	(obj:0)
z#2216                                              1 	(obj:0)
z#2238                                              1 	(obj:0)
z#2243                                              1 	(obj:0)
z#2248                                              1 	(obj:0)
z#2256                                              1 	(obj:0)
z#2259                                              1 	(obj:0)
z#2285                                              1 	(obj:0)
z#2288                                              1 	(obj:0)
z#2317                                              1 	(obj:0)
z#2319                                              1 	(obj:0)
z#2332                                              1 	(obj:0)
z#2339                                              1 	(obj:0)
z#2343                                              1 	(obj:0)
z#2355                                              1 	(obj:0)
z#2370                                              1 	(obj:0)
z#2376                                              1 	(obj:0)
z#2384                                              1 	(obj:0)
z#2390                                              1 	(obj:0)
z#2392                                              1 	(obj:0)
z#2397                                              1 	(obj:0)
z#2401                                              1 	(obj:0)
z#2413                                              1 	(obj:0)
z#2414                                              1 	(obj:0)
z#2430                                              1 	(obj:0)
z#2431                                              1 	(obj:0)
z#2478                                              1 	(obj:0)
z#2494                                              1 	(obj:0)
z#2503                                              1 	(obj:0)
z#2506                                              1 	(obj:0)
z#2515                                              1 	(obj:0)
z#2521                                              1 	(obj:0)
z#2522                                              1 	(obj:0)
z#2532                                              1 	(obj:0)
z#2537                                              1 	(obj:0)
z#2541                                              1 	(obj:0)
z#2572                                              1 	(obj:0)
z#2576                                              1 	(obj:0)
z#2580                                              1 	(obj:0)
z#2591                                              1 	(obj:0)
z#2592                                              1 	(obj:0)
z#2593                                              1 	(obj:0)
z#2602                                              1 	(obj:0)
z#2610                                              1 	(obj:0)
z#2619                                              1 	(obj:0)
z#2651                                              1 	(obj:0)
z#2660                                              1 	(obj:0)
z#2667                                              1 	(obj:0)
z#2698                                              1 	(obj:0)
z#2701                                              1 	(obj:0)
z#2716                                              1 	(obj:0)
z#2724                                              1 	(obj:0)
z#2725                                              1 	(obj:0)
z#2741                                              1 	(obj:0)
z#2757                                              1 	(obj:0)
z#2760                                              1 	(obj:0)
z#2774                                              1 	(obj:0)
z#2784                                              1 	(obj:0)
z#2799                                              1 	(obj:0)
z#2801                                              1 	(obj:0)
z#2804                                              1 	(obj:0)
z#2814                                              1 	(obj:0)
z#2815                                              1 	(obj:0)
z#2820                                              1 	(obj:0)
z#2828                                              1 	(obj:0)
z#2875                                              1 	(obj:0)
z#2888                                              1 	(obj:0)
z#2919                                              1 	(obj:0)
z#2926                                              1 	(obj:0)
z#2932                                              1 	(obj:0)
z#2937                                              1 	(obj:0)
z#2954                                              1 	(obj:0)
z#2957                                              1 	(obj:0)
z#2960                                              1 	(obj:0)
z#2972                                              1 	(obj:0)
z#2973                                              1 	(obj:0)
z#2975                                              1 	(obj:0)
z#2981                                              1 	(obj:0)
z#2991                                              1 	(obj:0)
z#2998                                              1 	(obj:0)
z#2999                                              1 	(obj:0)
x#0                                           430.053 	(obj:181)
x#2                                            81.193 	(obj:104)
y#0                                           113.947 	(obj:145)
y#1                                            23.453 	(obj:112)
u#0                                           430.053 	(obj:0)
u#1                                           430.053 	(obj:0)
u#2                                           511.246 	(obj:0)
u#3                                           511.246 	(obj:0)
u#4                                           511.246 	(obj:0)
u#5                                           511.246 	(obj:0)
u#6                                           511.246 	(obj:0)
u#7                                           511.246 	(obj:0)
u#8                                           511.246 	(obj:0)
u#9                                           511.246 	(obj:0)
v#0                                           113.947 	(obj:0)
v#1                                             137.4 	(obj:0)
v#2                                             137.4 	(obj:0)
v#3                                             137.4 	(obj:0)
v#4                                             137.4 	(obj:0)
v#5                                             137.4 	(obj:0)
v#6                                             137.4 	(obj:0)
v#7                                             137.4 	(obj:0)
v#8                                             137.4 	(obj:0)
v#9                                             137.4 	(obj:0)
w#0                                               544 	(obj:0)
w#1                                           567.453 	(obj:0)
w#2                                           648.646 	(obj:0)
w#3                                           648.646 	(obj:0)
w#4                                           648.646 	(obj:0)
w#5                                           648.646 	(obj:0)
w#6                                           648.646 	(obj:0)
w#7                                           648.646 	(obj:0)
w#8                                           648.646 	(obj:0)
w#9                                           648.646 	(obj:0)

Statistics
==========

SCIP Status        : solving was interrupted [time limit reached]
Total Time         :   14400.20
  solving          :   14400.00
  presolving       :       0.23 (included in solving)
  reading          :       0.20
  copying          :       0.67 (70 #copies) (minimal 0.01, maximal 0.01, average 0.01)
Original Problem   :
  Problem name     : CCMPPData/10-3000-0
  Variables        : 3050 (3000 binary, 0 integer, 0 implicit integer, 50 continuous)
  Constraints      : 3042 initial, 3042 maximal
  Objective        : minimize, 20 non-zeros (abs.min = 100, abs.max = 272)
Presolved Problem  :
  Problem name     : t_CCMPPData/10-3000-0
  Variables        : 1992 (1961 binary, 0 integer, 0 implicit integer, 31 continuous)
  Constraints      : 3906 initial, 4270 maximal
  Objective        : minimize, 17 non-zeros (abs.min = 100, abs.max = 272)
  Nonzeros         : 30304 constraint, 0 clique table
Presolvers         :   ExecTime  SetupTime  Calls  FixedVars   AggrVars   ChgTypes  ChgBounds   AddHoles    DelCons    AddCons   ChgSides   ChgCoefs
  boundshift       :       0.00       0.00      0          0          0          0          0          0          0          0          0          0
  convertinttobin  :       0.00       0.00      0          0          0          0          0          0          0          0          0          0
  domcol           :       0.04       0.00      2          0          0          0          0          0          0          0          0          0
  dualagg          :       0.00       0.00      0          0          0          0          0          0          0          0          0          0
  dualcomp         :       0.01       0.00      2          0          0          0          0          0          0          0          0          0
  dualinfer        :       0.00       0.00      0          0          0          0          0          0          0          0          0          0
  dualsparsify     :       0.01       0.00      1          0          0          0          0          0          0          0          0          0
  gateextraction   :       0.00       0.00      0          0          0          0          0          0          0          0          0          0
  implics          :       0.00       0.00      8          0          0          0          0          0          0          0          0          0
  inttobinary      :       0.00       0.00      0          0          0          0          0          0          0          0          0          0
  milp             :       0.09       0.00      1          3         12          0          3          0          0          0          0          0
  qpkktref         :       0.00       0.00      0          0          0          0          0          0          0          0          0          0
  redvub           :       0.00       0.00      0          0          0          0          0          0          0          0          0          0
  sparsify         :       0.00       0.00      1          0          0          0          0          0          0          0          0          0
  stuffing         :       0.00       0.00      0          0          0          0          0          0          0          0          0          0
  trivial          :       0.00       0.00     11          3          0          0          0          0          0          0          0          0
  tworowbnd        :       0.00       0.00      0          0          0          0          0          0          0          0          0          0
  dualfix          :       0.00       0.00     11       1029          0          0          0          0          0          0          0          0
  genvbounds       :       0.00       0.00      0          0          0          0          0          0          0          0          0          0
  probing          :       0.04       0.00      1          0          0          0          0          0          0          0          0          0
  pseudoobj        :       0.00       0.00      1          0          0          0          0          0          0          0          0          0
  symmetry         :       0.00       0.00      1          0          0          0          0          0          0          0          0          0
  vbounds          :       0.00       0.00      0          0          0          0          0          0          0          0          0          0
  chancecons       :       0.00       0.00      0          0          0          0          0          0          0          0          0          0
  varbound         :       0.00       0.00     13          0          0          0          7          0         22          0         11          0
  knapsack         :       0.00       0.00     15          0          0          0          0          0          0          0          0          0
  linear           :       0.01       0.00     17          7          4          0         10          0         62          0          0          0
  logicor          :       0.00       0.00     13          0          0          0          0          0          5          0          0        216
  bounddisjunction :       0.00       0.00      6          0          0          0          0          0          0          0          0          0
  benders          :       0.00       0.00      0          0          0          0          0          0          0          0          0          0
  components       :       0.00       0.00      2          0          0          0          0          0          0          0          0          0
  root node        :          -          -      -          6          -          -        275          -          -          -          -          -
Constraints        :     Number  MaxNumber  #Separate #Propagate    #EnfoLP    #EnfoRelax  #EnfoPS    #Check   #ResProp    Cutoffs    DomReds       Cuts    Applied      Conss   Children
  benderslp        :          0          0          0          0      78315          0          0      12328          0          0          0          0          0          0          0
  chancecons       :          1          1      14689          0          0          0          0          0          0          0          0      62087      59545          0          0
  integral         :          0          0          0          0      78315          0          0      12328          0          0      33025          0          0      27027     128094
  varbound         :       2953       2953        109     597906          2          0          0      12322   10140505        556    3868144          0          0          0          0
  knapsack         :          1          1        109     598125          2          0          0        186       3588      42670    1530680          0          0          0          0
  linear           :        563+       566        109     557316          5          0          0        184     431776       8665    2144535        125         58          0          0
  logicor          :         41+       167         38      80993          0          0          0          0      31516         51        453          0          0          0          0
  bounddisjunction :        347+       604          0     181162          0          0          0          0     113164        749      26771          0          0          0          0
  benders          :          0          0          0          0          5          0          0        182          0          0          0          0          0          0          0
  fixedvar         :          0          0          0          0          5          0          0        182          0          0          0          0          0          0          0
  countsols        :          0          0          0          0          5          0          0        182          0          0          0          0          0          0          0
  components       :          0          0          0          0          0          0          0          0          0          0          0          0          0          0          0
Constraint Timings :  TotalTime  SetupTime   Separate  Propagate     EnfoLP     EnfoPS     EnfoRelax   Check    ResProp    SB-Prop
  benderslp        :       0.05       0.00       0.00       0.00       0.05       0.00       0.00       0.00       0.00       0.00
  chancecons       :       4.71       0.00       4.71       0.00       0.00       0.00       0.00       0.00       0.00       0.00
  integral         :    1784.59       0.00       0.00       0.00    1784.58       0.00       0.00       0.01       0.00       0.00
  varbound         :      29.80       0.00       0.02      19.04       0.00       0.00       0.00       0.16       0.82       9.76
  knapsack         :      13.35       0.00       1.56       8.54       0.00       0.00       0.00       0.00       0.09       3.16
  linear           :      21.04       0.00       0.13      15.00       0.00       0.00       0.00       0.00       0.20       5.71
  logicor          :       0.42       0.00       0.00       0.25       0.00       0.00       0.00       0.00       0.13       0.04
  bounddisjunction :       5.14       0.00       0.00       4.06       0.00       0.00       0.00       0.00       0.14       0.94
  benders          :       0.00       0.00       0.00       0.00       0.00       0.00       0.00       0.00       0.00       0.00
  fixedvar         :       0.01       0.00       0.00       0.00       0.00       0.00       0.00       0.01       0.00       0.00
  countsols        :       0.00       0.00       0.00       0.00       0.00       0.00       0.00       0.00       0.00       0.00
  components       :       0.08       0.00       0.00       0.06       0.00       0.00       0.00       0.00       0.00       0.02
Propagators        : #Propagate   #ResProp    Cutoffs    DomReds
  dualfix          :          9          0          0          0
  genvbounds       :          0          0          0          0
  nlobbt           :          0          0          0          0
  obbt             :          0          0          0          0
  probing          :          0          0          0          0
  pseudoobj        :     418337          0          0       5038
  redcost          :     206286          0          0    9964752
  rootredcost      :         13          0          0         55
  symmetry         :          0          0          0          0
  vbounds          :     225448          0          0          0
Propagator Timings :  TotalTime  SetupTime   Presolve  Propagate    ResProp    SB-Prop
  dualfix          :       0.00       0.00       0.00       0.00       0.00       0.00
  genvbounds       :       0.16       0.00       0.00       0.13       0.00       0.03
  nlobbt           :       0.00       0.00       0.00       0.00       0.00       0.00
  obbt             :       0.00       0.00       0.00       0.00       0.00       0.00
  probing          :       0.04       0.00       0.04       0.00       0.00       0.00
  pseudoobj        :       0.80       0.00       0.00       0.79       0.00       0.02
  redcost          :      16.70       0.00       0.00      16.67       0.00       0.03
  rootredcost      :       0.18       0.00       0.00       0.15       0.00       0.03
  symmetry         :       0.25       0.00       0.00       0.19       0.00       0.06
  vbounds          :       2.11       0.00       0.00       2.01       0.00       0.10
Symmetry           :
  orbitopal red.   :          0 reductions applied,          0 cutoffs
  orbital reduction:          0 reductions applied,          0 cutoffs
  lexicographic red:          0 reductions applied,          0 cutoffs
  shadow tree time :       0.00 s
Conflict Analysis  :       Time      Calls    Success    DomReds  Conflicts   Literals    Reconvs ReconvLits   Dualrays   Nonzeros   LP Iters   (pool size: [10000,10000])
  propagation      :       5.91      44077      43682          -     246976      142.9       1104        6.6          -          -          -
  infeasible LP    :       0.05         77         76          -        450      163.5          1        2.0          2        2.0          0
  bound exceed. LP :      37.73      16138       2364          -      16361      174.5          4        2.2         82        5.8     124574
  strong branching :       0.00          0          0          -          0        0.0          0        0.0          -          -          0
  pseudo solution  :       0.00          0          0          -          0        0.0          0        0.0          -          -          -
  applied globally :       1.85          -          -         55     127472      130.0          -          -         84          -          -
  applied locally  :          -          -          -          0          3      296.0          -          -          0          -          -
Separators         :   ExecTime  SetupTime      Calls  RootCalls    Cutoffs    DomReds  FoundCuts ViaPoolAdd  DirectAdd    Applied ViaPoolApp  DirectApp      Conss
  cut pool         :       7.10          -      18511        217          -          -     184718    1839017          -          -          -          -          -    (maximal pool size:      37193)
  aggregation      :       7.61       0.00       1416        109          0          0     161537    1543252          1     163927     163927          0          0
  > cmir           :          -          -          -          -          -          -          -    1543010          1     163909     163909          0          -
  > flowcover      :          -          -          -          -          -          -          -        227          0          4          4          0          -
  > knapsackcover  :          -          -          -          -          -          -          -         15          0         14         14          0          -
  cgmip            :       0.00       0.00          0          0          0          0          0          0          0          0          0          0          0
  clique           :       0.00       0.00          2          2          0          0          0          0          0          0          0          0          0
  closecuts        :       0.00       0.00          0          0          0          0          0          0          0          0          0          0          0
  convexproj       :       0.00       0.00          0          0          0          0          0          0          0          0          0          0          0
  disjunctive      :       0.00       0.00          0          0          0          0          0          0          0          0          0          0          0
  eccuts           :       0.00       0.00          0          0          0          0          0          0          0          0          0          0          0
  gauge            :       0.00       0.00          0          0          0          0          0          0          0          0          0          0          0
  gomory           :      17.06       0.00       1326         20          0          0      23182     295765          0      44944      44944          0          0
  > gomorymi       :          -          -          -          -          -          -          -     295765          0      44944      44944          0          -
  > strongcg       :          -          -          -          -          -          -          -          0          0          0          0          0          -
  impliedbounds    :       0.08       0.00       1416        109          0          0          0          0          0          0          0          0          0
  interminor       :       0.00       0.00          0          0          0          0          0          0          0          0          0          0          0
  intobj           :       0.00       0.00          0          0          0          0          0          0          0          0          0          0          0
  lagromory        :       0.00       0.00          0          0          0          0          0          0          0          0          0          0          0
  mcf              :       0.00       0.00          2          2          0          0          0          0          0          0          0          0          0
  minor            :       0.00       0.00         20         20          0          0          0          0          0          0          0          0          0
  mixing           :       0.00       0.00          0          0          0          0          0          0          0          0          0          0          0
  oddcycle         :       0.00       0.00          0          0          0          0          0          0          0          0          0          0          0
  rapidlearning    :       0.00       0.00          0          0          0          0          0          0          0          0          0          0          0
  rlt              :       0.00       0.00         20         20          0          0          0          0          0          0          0          0          0
  zerohalf         :       0.96       0.00       1346         40          0          0          0          0          0          0          0          0          0
Cutselectors       :   ExecTime  SetupTime      Calls  RootCalls   Selected     Forced   Filtered  RootSelec   RootForc   RootFilt 
  hybrid           :       2.22       0.00      17109        110     268474          0    1632756       4597          0     109613
  ensemble         :       0.00       0.00          0          0          0          0          0          0          0          0
  dynamic          :       0.00       0.00          0          0          0          0          0          0          0          0
Pricers            :   ExecTime  SetupTime      Calls       Vars
  problem variables:       0.00          -          0          0
Branching Rules    :   ExecTime  SetupTime   BranchLP  BranchExt   BranchPS    Cutoffs    DomReds       Cuts      Conss   Children
  allfullstrong    :       0.00       0.00          0          0          0          0          0          0          0          0
  cloud            :       0.00       0.00          0          0          0          0          0          0          0          0
  distribution     :       0.00       0.00          0          0          0          0          0          0          0          0
  fullstrong       :       0.00       0.00          0          0          0          0          0          0          0          0
  gomory           :       0.00       0.00          0          0          0          0          0          0          0          0
  inference        :       0.00       0.00          0          0          0          0          0          0          0          0
  leastinf         :       0.00       0.00          0          0          0          0          0          0          0          0
  lookahead        :       0.00       0.00          0          0          0          0          0          0          0          0
  mostinf          :       0.00       0.00          0          0          0          0          0          0          0          0
  multaggr         :       0.00       0.00          0          0          0          0          0          0          0          0
  nodereopt        :       0.00       0.00          0          0          0          0          0          0          0          0
  pscost           :       0.00       0.00          0          0          0          0          0          0          0          0
  random           :       0.00       0.00          0          0          0          0          0          0          0          0
  relpscost        :    1784.47       0.00      78310          0          0          0      33025          0      37302     128094
  vanillafullstrong:       0.00       0.00          0          0          0          0          0          0          0          0
Primal Heuristics  :   ExecTime  SetupTime      Calls      Found       Best
  LP solutions     :       0.00          -          -          5          5
  relax solutions  :       0.00          -          -          0          0
  pseudo solutions :       0.00          -          -          0          0
  strong branching :       0.13          -          -          1          1
  actconsdiving    :       0.00       0.00          0          0          0
  adaptivediving   :      16.47       0.00         64          0          0
  alns             :       0.59       0.00         10          0          0
  bound            :       0.00       0.00          0          0          0
  clique           :       0.00       0.00          0          0          0
  coefdiving       :       0.00       0.00          0          0          0
  completesol      :       0.00       0.00          0          0          0
  conflictdiving   :       2.07       0.00         97          0          0
  crossover        :       3.28       0.00         26         19          2
  dins             :       0.00       0.00          0          0          0
  distributiondivin:      21.02       0.00         97          0          0
  dps              :       0.00       0.00          0          0          0
  dualval          :       0.00       0.00          0          0          0
  farkasdiving     :       0.00       0.00          0          0          0
  feaspump         :       2.08       0.00          1          1          1
  fixandinfer      :       0.00       0.00          0          0          0
  fracdiving       :      29.32       0.00         98          0          0
  gins             :       0.05       0.00          0          0          0
  guideddiving     :      42.15       0.00         98          0          0
  indicator        :       0.06       0.00          0          0          0
  indicatordiving  :       0.00       0.00          0          0          0
  intdiving        :       0.00       0.00          0          0          0
  intshifting      :       1.30       0.00         23          0          0
  linesearchdiving :      28.47       0.00         98          1          1
  localbranching   :       0.00       0.00          0          0          0
  locks            :       0.01       0.00          1          1          1
  lpface           :       0.06       0.00          0          0          0
  mpec             :       0.00       0.00          0          0          0
  multistart       :       0.00       0.00          0          0          0
  mutation         :       0.00       0.00          0          0          0
  nlpdiving        :       0.00       0.00          0          0          0
  objpscostdiving  :     107.75       0.00         49         43          0
  octane           :       0.00       0.00          0          0          0
  ofins            :       0.04       0.00          0          0          0
  oneopt           :       0.08       0.00         13          0          0
  padm             :       0.00       0.00          0          0          0
  proximity        :       0.00       0.00          0          0          0
  pscostdiving     :      30.32       0.00         98          0          0
  randrounding     :       1.37       0.00      12168          0          0
  rens             :       2.35       0.00          2          2          1
  reoptsols        :       0.00       0.00          0          0          0
  repair           :       0.00       0.00          0          0          0
  rins             :       3.05       0.00         32         30          2
  rootsoldiving    :      24.73       0.00         49         30          0
  rounding         :       1.88       0.00       4376          0          0
  scheduler        :       0.00       0.00          0          0          0
  shiftandpropagate:       0.00       0.00          0          0          0
  shifting         :      45.62       0.00       5475          6          0
  simplerounding   :       0.09       0.00          0          0          0
  subnlp           :       0.09       0.00          0          0          0
  trivial          :       0.00       0.00          4          0          0
  trivialnegation  :       0.00       0.00          0          0          0
  trustregion      :       0.00       0.00          0          0          0
  trysol           :       0.05       0.00          0          0          0
  twoopt           :       0.00       0.00          0          0          0
  undercover       :       0.00       0.00          0          0          0
  vbounds          :       0.01       0.00          2          0          0
  veclendiving     :       1.02       0.00         97          0          0
  zeroobj          :       0.00       0.00          0          0          0
  zirounding       :       0.20       0.00       1000          0          0
  other solutions  :          -          -          -          0          -
LNS (Scheduler)    :      Calls  SetupTime  SolveTime SolveNodes       Sols       Best       Exp3    Exp3-IX  EpsGreedy        UCB TgtFixRate  Opt  Inf Node Stal  Sol  Usr Othr Actv
  rens             :          0       0.00       0.00          0          0          0    0.00000    0.12500   -1.00000    1.00000      0.900    0    0    0    0    0    0    0    1
  rins             :          0       0.00       0.00          0          0          0    0.00000    0.12500   -1.00000    1.00000      0.900    0    0    0    0    0    0    0    1
  mutation         :          0       0.00       0.00          0          0          0    0.00000    0.12500   -1.00000    1.00000      0.900    0    0    0    0    0    0    0    1
  localbranching   :          0       0.00       0.00          0          0          0    0.00000    0.12500   -1.00000    1.00000      0.900    0    0    0    0    0    0    0    1
  crossover        :          0       0.00       0.00          0          0          0    0.00000    0.12500   -1.00000    1.00000      0.900    0    0    0    0    0    0    0    1
  proximity        :          0       0.00       0.00          0          0          0    0.00000    0.12500   -1.00000    1.00000      0.900    0    0    0    0    0    0    0    1
  zeroobjective    :          0       0.00       0.00          0          0          0    0.00000    0.12500   -1.00000    1.00000      0.900    0    0    0    0    0    0    0    1
  dins             :          0       0.00       0.00          0          0          0    0.00000    0.12500   -1.00000    1.00000      0.900    0    0    0    0    0    0    0    1
  trustregion      :          0       0.00       0.00          0          0          0    0.00000    0.00000   -1.00000    1.00000      0.900    0    0    0    0    0    0    0    0
LP                 :       Time      Calls Iterations  Iter/call   Iter/sec  Time-0-It Calls-0-It    ItLimit
  primal LP        :       8.12      11003          1       1.00       0.12       8.12      11002
  dual LP          :   11959.90     148552   54814906     430.01    4583.22      18.16      21078
  lex dual LP      :       0.00          0          0       0.00          -
  barrier LP       :       0.00          0          0       0.00          -       0.00          0
  resolve instable :       0.00          0          0       0.00          -
  diving/probing LP:     366.96      11595    1658800     143.06    4520.34
  strong branching :    1594.97      39274    7114278     181.14    4460.44          -          -       4795
    (at root node) :          -         51      44006     862.86          -
  conflict analysis:      27.98      12472     124574       9.99    4452.03
B&B Tree           :
  number of runs   :          2
  nodes            :     113576 (58295 internal, 55281 leaves)
  feasible leaves  :          1
  infeas. leaves   :      29290
  objective leaves :      25989
  nodes (total)    :     123918 (64047 internal, 59871 leaves)
  nodes left       :       2879
  max depth        :        145
  max depth (total):        145
  backtracks       :      20176 (17.8%)
  early backtracks :          0 (0.0%)
  nodes exc. ref.  :          0 (0.0%)
  delayed cutoffs  :        128
  repropagations   :      26223 (54070 domain reductions, 47 cutoffs)
  avg switch length:       8.11
  switching time   :      36.18
Root Node          :
  First LP value   : +1.02990679603853e+05
  First LP Iters   :       1225 (17576.58 Iter/sec)
  First LP Time    :       0.07
  Final Dual Bound : +1.05015719844015e+05
  Final Root Iters :     102792
  Root LP Estimate : +1.07351270087843e+05
Solution           :
  Solutions found  :        139 (14 improvements)
  First Solution   : +1.07516116000000e+05   (in run 1, after 1 nodes, 0.20 seconds, depth 301, found by <locks>)
  Gap First Sol.   :   infinite
  Gap Last Sol.    :       0.33 %
  Primal Bound     : +1.05432716000000e+05   (in run 2, after 27494 nodes, 3112.77 seconds, depth 47, found by <crossover>)
  Dual Bound       : +1.05247634898503e+05
  Gap              :       0.18 %
Integrals          :      Total       Avg%
  primal-dual      :    1514.86       0.11
  primal-ref       :          -          - (not evaluated)
  dual-ref         :          -          - (not evaluated)

 Branching Statistics...

 Total number of propagations -> 0

 Number of cutoffs of KnaCons -> 0

 Total number of variables fixed to 1 by the propagator -> 0

 Total number of variables fixed to 0 by the propagator -> 0

 Maximum number of rounds of the approximation algorithm -> 0

 Runtime of the exact algorithm -> 0.0000 s

 Total number of variables fixed to 1 in the exact algorithm -> 0

 Total number of variables fixed to 0 in the exact algorithm -> 0

 Number of cutoffs in the exact algorithm -> 0

 Number of cutoffs in the approximation algorithm -> 0

 PS:  
