***************************************
*         SCIP-based CCP Solver       *
*                                     *
*    Wei Lv and Wei-Kun Chen (2024)   *
***************************************
/beegfs/home/30150120/SCIP-CCP/build/ccp -f data/CCMPPData/150-3000-4.ccmpp -s settings/CCMPPSetting/BASE2.set 
SCIP version 9.1.0 [precision: 8 byte] [memory: block] [mode: optimized] [LP solver: Soplex 7.1.0] [GitHash: 8cab0278ba]
Copyright (c) 2002-2024 Zuse Institute Berlin (ZIB)

External libraries: 
  Soplex 7.1.0         Linear Programming Solver developed at Zuse Institute Berlin (soplex.zib.de) [GitHash: 595bfac9]
  CppAD 20180000.0     Algorithmic Differentiation of C++ algorithms developed by B. Bell (github.com/coin-or/CppAD)
  ZLIB 1.2.7           General purpose compression library by J. Gailly and M. Adler (zlib.net)
  GMP 6.2.1            GNU Multiple Precision Arithmetic Library developed by T. Granlund (gmplib.org)
  AMPL/MP 690e9e7      AMPL .nl file reader library (github.com/ampl/mp)
  PaPILO 2.3.0         parallel presolve for integer and linear optimization (github.com/scipopt/papilo) (built with TBB) [GitHash: 4b8ce6ed]
  Nauty 2.8.8          Computing Graph Automorphism Groups by Brendan D. McKay (users.cecs.anu.edu.au/~bdm/nauty)
  sassy 1.1            Symmetry preprocessor by Markus Anders (github.com/markusa4/sassy)

reading user parameter file <settings/CCMPPSetting/BASE2.set>

read problem <data/CCMPPData/150-3000-4.ccmpp>
============

File name: 	data/CCMPPData/150-3000-4.ccmpp
Problem name:	CCMPPData/150-3000-4
Dimension: 	150
NumScenario: 	3000
ConfidenceParameter: 	0.20
IsEqualProbability: 	1
BASE+DI: 	0
BASE+sDI: 	0
BASE+DB: 	0
BASE+DB+OPF: 	0
Dominance and Aggregation Statistics......
NumEdge:        0
NumBiEdge: 	0
NumDomIneqs: 	0
DominanceRatio: 0.0000
NumAggScenario: 3000 
BasicNumScenario: 3000 
original problem has 3750 variables (3000 bin, 0 int, 0 impl, 750 cont) and 90602 constraints

solve problem
=============

presolving:
(round 1, fast)       4 del vars, 517 del conss, 0 add conss, 150 chg bounds, 0 chg sides, 0 chg coeffs, 0 upgd conss, 0 impls, 0 clqs
   (0.4s) running MILP presolver
   (0.6s) MILP presolver (3 rounds): 152 aggregations, 2 fixings, 73 bound changes
(round 2, medium)     158 del vars, 517 del conss, 0 add conss, 223 chg bounds, 0 chg sides, 0 chg coeffs, 0 upgd conss, 0 impls, 0 clqs
(round 3, fast)       158 del vars, 669 del conss, 0 add conss, 223 chg bounds, 0 chg sides, 0 chg coeffs, 0 upgd conss, 0 impls, 0 clqs
(round 4, exhaustive) 158 del vars, 669 del conss, 0 add conss, 223 chg bounds, 0 chg sides, 0 chg coeffs, 89488 upgd conss, 0 impls, 0 clqs
   (4.0s) probing: 1000/3000 (33.3%) - 0 fixings, 0 aggregations, 7353 implications, 0 bound changes
   (4.0s) probing: 1001/3000 (33.4%) - 0 fixings, 0 aggregations, 7359 implications, 0 bound changes
   (4.0s) probing aborted: 1000/1000 successive useless probings
   (4.1s) symmetry computation started: requiring (bin +, int +, cont +), (fixed: bin -, int -, cont -)
   Symmetry detection interrupted: constraints of type chancecons do not provide symmetry information.
   If symmetries shall be detected, implement the CONSGETPERMSYMGRAPH callback.
   (4.1s) could not compute symmetry
presolving (5 rounds: 5 fast, 3 medium, 2 exhaustive):
 158 deleted vars, 669 deleted constraints, 0 added constraints, 223 tightened bounds, 0 added holes, 0 changed sides, 0 changed coefficients
 96846 implications, 0 cliques
presolved problem has 3592 variables (3000 bin, 0 int, 0 impl, 592 cont) and 89933 constraints
      1 constraints of type <chancecons>
  89487 constraints of type <varbound>
      1 constraints of type <knapsack>
    444 constraints of type <linear>
Presolving Time: 3.96

 time | node  | left  |LP iter|LP it/n|mem/heur|mdpt |vars |cons |rows |cuts |sepa|confs|strbr|  dualbound   | primalbound  |  gap   | compl. 
p 5.0s|     1 |     0 |   315 |     - |   locks|   0 |3592 |  89k|  89k|   0 |  0 |   0 |   0 | 0.000000e+00 | 1.202102e+06 |    Inf | unknown
 41.1s|     1 |     0 | 17901 |     - |   295M |   0 |3592 |  89k|  89k|   0 |  0 |   0 |   0 | 1.166131e+06 | 1.202102e+06 |   3.08%| unknown
 43.8s|     1 |     0 | 18696 |     - |   307M |   0 |3592 |  89k|  90k|  95 |  1 |   0 |   0 | 1.166560e+06 | 1.202102e+06 |   3.05%| unknown
 46.2s|     1 |     0 | 19362 |     - |   317M |   0 |3592 |  89k|  90k| 199 |  2 |   0 |   0 | 1.166779e+06 | 1.202102e+06 |   3.03%| unknown
 49.1s|     1 |     0 | 20272 |     - |   326M |   0 |3592 |  89k|  90k| 301 |  3 |   0 |   0 | 1.166956e+06 | 1.202102e+06 |   3.01%| unknown
 51.1s|     1 |     0 | 20732 |     - |   336M |   0 |3592 |  89k|  90k| 395 |  4 |   0 |   0 | 1.167107e+06 | 1.202102e+06 |   3.00%| unknown
 53.2s|     1 |     0 | 21204 |     - |   346M |   0 |3592 |  89k|  90k| 496 |  5 |   0 |   0 | 1.167265e+06 | 1.202102e+06 |   2.98%| unknown
 55.4s|     1 |     0 | 21742 |     - |   355M |   0 |3592 |  89k|  90k| 591 |  6 |   0 |   0 | 1.167459e+06 | 1.202102e+06 |   2.97%| unknown
 57.5s|     1 |     0 | 22231 |     - |   367M |   0 |3592 |  89k|  90k| 695 |  7 |   0 |   0 | 1.167606e+06 | 1.202102e+06 |   2.95%| unknown
 60.0s|     1 |     0 | 22943 |     - |   376M |   0 |3592 |  89k|  90k| 814 |  8 |   0 |   0 | 1.167790e+06 | 1.202102e+06 |   2.94%| unknown
 62.3s|     1 |     0 | 23521 |     - |   385M |   0 |3592 |  89k|  90k| 909 |  9 |   0 |   0 | 1.167913e+06 | 1.202102e+06 |   2.93%| unknown
 64.4s|     1 |     0 | 24031 |     - |   395M |   0 |3592 |  89k|  90k|1014 | 10 |   0 |   0 | 1.168009e+06 | 1.202102e+06 |   2.92%| unknown
 65.9s|     1 |     0 | 24608 |     - |   404M |   0 |3592 |  89k|  91k|1110 | 11 |   0 |   0 | 1.168123e+06 | 1.202102e+06 |   2.91%| unknown
 67.4s|     1 |     0 | 25186 |     - |   413M |   0 |3592 |  89k|  91k|1215 | 12 |   0 |   0 | 1.168243e+06 | 1.202102e+06 |   2.90%| unknown
 69.1s|     1 |     0 | 25856 |     - |   424M |   0 |3592 |  89k|  91k|1319 | 13 |   0 |   0 | 1.168373e+06 | 1.202102e+06 |   2.89%| unknown
 time | node  | left  |LP iter|LP it/n|mem/heur|mdpt |vars |cons |rows |cuts |sepa|confs|strbr|  dualbound   | primalbound  |  gap   | compl. 
 71.0s|     1 |     0 | 26661 |     - |   434M |   0 |3592 |  89k|  91k|1435 | 14 |   0 |   0 | 1.168485e+06 | 1.202102e+06 |   2.88%| unknown
 72.7s|     1 |     0 | 27407 |     - |   443M |   0 |3592 |  89k|  91k|1562 | 15 |   0 |   0 | 1.168587e+06 | 1.202102e+06 |   2.87%| unknown
 74.6s|     1 |     0 | 28233 |     - |   452M |   0 |3592 |  89k|  91k|1702 | 16 |   0 |   0 | 1.168678e+06 | 1.202102e+06 |   2.86%| unknown
 76.7s|     1 |     0 | 29134 |     - |   462M |   0 |3592 |  89k|  91k|1844 | 17 |   0 |   0 | 1.168785e+06 | 1.202102e+06 |   2.85%| unknown
 79.0s|     1 |     0 | 30131 |     - |   471M |   0 |3592 |  89k|  91k|1991 | 18 |   0 |   0 | 1.168902e+06 | 1.202102e+06 |   2.84%| unknown
 81.6s|     1 |     0 | 31323 |     - |   482M |   0 |3592 |  89k|  92k|2134 | 19 |   0 |   0 | 1.168964e+06 | 1.202102e+06 |   2.83%| unknown
 84.3s|     1 |     0 | 32548 |     - |   491M |   0 |3592 |  89k|  92k|2259 | 20 |   0 |   0 | 1.169093e+06 | 1.202102e+06 |   2.82%| unknown
 87.3s|     1 |     0 | 33895 |     - |   493M |   0 |3592 |  89k|  92k|2367 | 21 |   0 |   0 | 1.169194e+06 | 1.202102e+06 |   2.81%| unknown
 89.7s|     1 |     0 | 34916 |     - |   493M |   0 |3592 |  89k|  92k|2487 | 22 |   0 |   0 | 1.169254e+06 | 1.202102e+06 |   2.81%| unknown
 92.8s|     1 |     0 | 36373 |     - |   493M |   0 |3592 |  89k|  92k|2616 | 23 |   0 |   0 | 1.169375e+06 | 1.202102e+06 |   2.80%| unknown
 95.1s|     1 |     0 | 37352 |     - |   494M |   0 |3592 |  89k|  92k|2803 | 24 |   0 |   0 | 1.169471e+06 | 1.202102e+06 |   2.79%| unknown
 98.7s|     1 |     0 | 39024 |     - |   495M |   0 |3592 |  89k|  92k|2939 | 25 |   0 |   0 | 1.169580e+06 | 1.202102e+06 |   2.78%| unknown
  102s|     1 |     0 | 40404 |     - |   495M |   0 |3592 |  89k|  92k|3111 | 26 |   0 |   0 | 1.169669e+06 | 1.202102e+06 |   2.77%| unknown
  105s|     1 |     0 | 41819 |     - |   496M |   0 |3592 |  89k|  92k|3303 | 27 |   0 |   0 | 1.169747e+06 | 1.202102e+06 |   2.77%| unknown
  109s|     1 |     0 | 43638 |     - |   496M |   0 |3592 |  89k|  92k|3482 | 28 |   0 |   0 | 1.169840e+06 | 1.202102e+06 |   2.76%| unknown
 time | node  | left  |LP iter|LP it/n|mem/heur|mdpt |vars |cons |rows |cuts |sepa|confs|strbr|  dualbound   | primalbound  |  gap   | compl. 
  113s|     1 |     0 | 45445 |     - |   496M |   0 |3592 |  89k|  93k|3611 | 29 |   0 |   0 | 1.169944e+06 | 1.202102e+06 |   2.75%| unknown
  116s|     1 |     0 | 46967 |     - |   498M |   0 |3592 |  89k|  93k|3730 | 30 |   0 |   0 | 1.170024e+06 | 1.202102e+06 |   2.74%| unknown
  120s|     1 |     0 | 48850 |     - |   498M |   0 |3592 |  89k|  93k|3865 | 31 |   0 |   0 | 1.170105e+06 | 1.202102e+06 |   2.73%| unknown
  123s|     1 |     0 | 50232 |     - |   498M |   0 |3592 |  89k|  93k|3977 | 32 |   0 |   0 | 1.170185e+06 | 1.202102e+06 |   2.73%| unknown
  127s|     1 |     0 | 52205 |     - |   499M |   0 |3592 |  89k|  93k|4111 | 33 |   0 |   0 | 1.170287e+06 | 1.202102e+06 |   2.72%| unknown
o 165s|     1 |     0 | 79889 |     - |feaspump|   0 |3592 |  89k|  93k|4111 | 33 |   0 |   0 | 1.170287e+06 | 1.202098e+06 |   2.72%| unknown
  166s|     1 |     0 | 79889 |     - |   504M |   0 |3592 |  89k|  93k|4111 | 33 |   0 |   0 | 1.170287e+06 | 1.202098e+06 |   2.72%| unknown
  169s|     1 |     0 | 81467 |     - |   504M |   0 |3592 |  89k|  93k|4261 | 34 |   0 |   0 | 1.170360e+06 | 1.202098e+06 |   2.71%| unknown
  170s|     1 |     0 | 81770 |     - |   504M |   0 |3592 |  89k|  93k|4310 | 35 |   0 |   0 | 1.170362e+06 | 1.202098e+06 |   2.71%| unknown
  204s|     1 |     2 | 81770 |     - |   505M |   0 |3592 |  89k|  93k|4310 | 35 |   0 |  19 | 1.170388e+06 | 1.202098e+06 |   2.71%| unknown
d 298s|     4 |     5 | 95094 |13998.7 |pscostdi|   2 |3592 |  89k|  91k|   0 |  1 |   0 |  78 | 1.170431e+06 | 1.200667e+06 |   2.58%| unknown
d 375s|     5 |     6 |108374 |13819.0 |pscostdi|   2 |3592 |  89k|  91k|   0 |  1 |   0 | 129 | 1.170431e+06 | 1.200506e+06 |   2.57%| unknown
d 644s|    12 |    13 |180433 |11575.9 |adaptive|   6 |3592 |  89k|  91k|   0 |  1 |   3 | 260 | 1.170471e+06 | 1.200495e+06 |   2.57%| unknown
d 700s|    24 |    25 |198760 |6333.1 |fracdivi|  14 |3592 |  89k|  92k|   0 |  1 |   4 | 283 | 1.170471e+06 | 1.200492e+06 |   2.56%| unknown
d 890s|    51 |    52 |308250 |5103.0 |guideddi|  26 |3592 |  89k|  92k|   0 |  1 |   8 | 296 | 1.170471e+06 | 1.200472e+06 |   2.56%| unknown
 time | node  | left  |LP iter|LP it/n|mem/heur|mdpt |vars |cons |rows |cuts |sepa|confs|strbr|  dualbound   | primalbound  |  gap   | compl. 
d 906s|    57 |    58 |316764 |4708.3 |adaptive|  29 |3592 |  89k|  92k|   0 |  1 |   8 | 296 | 1.170471e+06 | 1.200404e+06 |   2.56%| unknown
d 999s|    83 |    84 |384364 |4039.8 |linesear|  35 |3592 |  89k|  92k|   0 |  1 |  22 | 312 | 1.170471e+06 | 1.200403e+06 |   2.56%| unknown
d1019s|    88 |    89 |392114 |3896.7 |guideddi|  36 |3592 |  89k|  92k|   0 |  1 |  22 | 321 | 1.170471e+06 | 1.200370e+06 |   2.55%| unknown
 1145s|   100 |   101 |417992 |3685.8 |   547M |  38 |3592 |  89k|  92k|5710 |  1 |  23 | 327 | 1.170471e+06 | 1.200370e+06 |   2.55%| unknown
d1313s|   143 |   144 |529453 |3354.6 |guideddi|  48 |3592 |  90k|  93k|   0 |  1 | 147 | 376 | 1.170471e+06 | 1.200369e+06 |   2.55%| unknown
d1511s|   186 |   187 |672003 |3345.4 |linesear|  54 |3592 |  89k|  91k|   0 |  1 | 452 | 439 | 1.170471e+06 | 1.200367e+06 |   2.55%| unknown
d1539s|   192 |   193 |686630 |3316.9 |guideddi|  54 |3592 |  89k|  93k|   0 |  1 | 453 | 449 | 1.170471e+06 | 1.200364e+06 |   2.55%| unknown
 1548s|   200 |   201 |699755 |3249.5 |   608M |  61 |3592 |  89k|  93k|8297 |  1 | 453 | 449 | 1.170471e+06 | 1.200364e+06 |   2.55%| unknown
 1578s|   300 |   277 |756631 |2353.0 |   613M | 122 |3592 |  89k|  93k|9304 |  1 | 456 | 449 | 1.170471e+06 | 1.200364e+06 |   2.55%| unknown
L1584s|   392 |   220 |761570 |1811.9 |    rins| 159 |3592 |  89k|  93k|9606 |  1 | 458 | 449 | 1.170471e+06 | 1.199512e+06 |   2.48%| unknown
 1585s|   400 |   224 |761606 |1775.7 |   617M | 159 |3592 |  89k|  93k|9606 |  1 | 458 | 449 | 1.170471e+06 | 1.199512e+06 |   2.48%| unknown
 1617s|   500 |   284 |782992 |1462.7 |   619M | 159 |3592 |  89k|  93k|  10k|  1 | 459 | 449 | 1.170471e+06 | 1.199512e+06 |   2.48%| unknown
L1764s|   592 |   227 |815571 |1290.1 |crossove| 159 |3592 |  89k|  92k|  11k|  1 | 460 | 550 | 1.170500e+06 | 1.198662e+06 |   2.41%| unknown
 1774s|   600 |   231 |822233 |1284.0 |   623M | 159 |3592 |  89k|  93k|  11k|  0 | 461 | 550 | 1.170500e+06 | 1.198662e+06 |   2.41%| unknown
 1803s|   700 |   285 |853656 |1145.3 |   625M | 159 |3592 |  89k|  93k|  12k|  1 | 462 | 550 | 1.170500e+06 | 1.198662e+06 |   2.41%| unknown
 time | node  | left  |LP iter|LP it/n|mem/heur|mdpt |vars |cons |rows |cuts |sepa|confs|strbr|  dualbound   | primalbound  |  gap   | compl. 
L1815s|   792 |   221 |870937 |1033.9 |    rins| 159 |3592 |  89k|  93k|  12k|  1 | 463 | 550 | 1.170500e+06 | 1.197869e+06 |   2.34%| unknown
 1816s|   800 |   225 |873478 |1026.8 |   629M | 159 |3592 |  89k|  93k|  12k|  1 | 463 | 550 | 1.170500e+06 | 1.197869e+06 |   2.34%| unknown
 1827s|   900 |   235 |893489 | 934.8 |   629M | 159 |3592 |  89k|  93k|  13k|  0 | 463 | 550 | 1.170500e+06 | 1.197869e+06 |   2.34%| unknown
 1839s|  1000 |   267 |912130 | 859.9 |   630M | 159 |3592 |  89k|  93k|  14k|  1 | 463 | 550 | 1.170500e+06 | 1.197869e+06 |   2.34%| unknown
 1850s|  1100 |   297 |916987 | 786.1 |   632M | 159 |3592 |  89k|   0 |  15k|  0 | 473 | 550 | 1.170500e+06 | 1.197869e+06 |   2.34%| unknown
L1850s|  1102 |   223 |916988 | 784.6 |crossove| 159 |3592 |  89k|   0 |  15k|  0 | 473 | 550 | 1.170500e+06 | 1.197521e+06 |   2.31%| unknown
 2041s|  1200 |   255 |986960 | 778.9 |   635M | 159 |3592 |  89k|  93k|  16k|  1 | 494 | 677 | 1.170534e+06 | 1.197521e+06 |   2.31%| unknown
 2076s|  1300 |   281 |  1031k| 753.3 |   636M | 159 |3592 |  90k|  93k|  17k|  1 | 575 | 677 | 1.170534e+06 | 1.197521e+06 |   2.31%| unknown
 2095s|  1400 |   281 |  1059k| 719.4 |   636M | 159 |3592 |  90k|  93k|  18k|  1 | 682 | 677 | 1.170534e+06 | 1.197521e+06 |   2.31%| unknown
L2308s|  1499 |   257 |  1114k| 708.5 |crossove| 159 |3592 |  89k|  94k|  19k|  2 | 801 | 788 | 1.170631e+06 | 1.197378e+06 |   2.28%| unknown
 2308s|  1500 |   258 |  1114k| 708.0 |   668M | 159 |3592 |  89k|  93k|  19k|  1 | 801 | 788 | 1.170631e+06 | 1.197378e+06 |   2.28%| unknown
 2321s|  1600 |   294 |  1142k| 681.5 |   669M | 159 |3592 |  89k|  93k|  20k|  1 | 811 | 788 | 1.170631e+06 | 1.197378e+06 |   2.28%| unknown
 2327s|  1700 |   308 |  1152k| 647.0 |   669M | 159 |3592 |  90k|  93k|  20k|  1 | 818 | 788 | 1.170631e+06 | 1.197378e+06 |   2.28%| unknown
 2334s|  1800 |   322 |  1167k| 619.5 |   669M | 159 |3592 |  90k|  93k|  20k|  2 | 838 | 788 | 1.170631e+06 | 1.197378e+06 |   2.28%| unknown
 2451s|  1900 |   342 |  1213k| 610.9 |   671M | 159 |3592 |  90k|  93k|  21k|  1 | 888 | 871 | 1.170654e+06 | 1.197378e+06 |   2.28%| unknown
 time | node  | left  |LP iter|LP it/n|mem/heur|mdpt |vars |cons |rows |cuts |sepa|confs|strbr|  dualbound   | primalbound  |  gap   | compl. 
 2541s|  2000 |   368 |  1252k| 600.1 |   674M | 159 |3592 |  90k|   0 |  21k|  0 | 909 | 915 | 1.170654e+06 | 1.197378e+06 |   2.28%| unknown
 2551s|  2100 |   376 |  1266k| 577.9 |   675M | 159 |3592 |  90k|  93k|  22k|  0 | 920 | 915 | 1.170654e+06 | 1.197378e+06 |   2.28%| unknown
 2670s|  2200 |   410 |  1310k| 571.9 |   715M | 177 |3592 |  89k|  93k|  22k|  1 | 921 | 979 | 1.170719e+06 | 1.197378e+06 |   2.28%| unknown
 2675s|  2300 |   422 |  1322k| 552.0 |   716M | 177 |3592 |  89k|  93k|  23k|  0 | 931 | 979 | 1.170719e+06 | 1.197378e+06 |   2.28%| unknown
 2683s|  2400 |   432 |  1337k| 535.4 |   734M | 189 |3592 |  90k|  94k|  23k|  1 |1061 | 979 | 1.170719e+06 | 1.197378e+06 |   2.28%| unknown
 2692s|  2500 |   442 |  1355k| 521.2 |   753M | 212 |3592 |  90k|  93k|  23k|  1 |1191 | 979 | 1.170719e+06 | 1.197378e+06 |   2.28%| unknown
 2705s|  2600 |   456 |  1379k| 510.2 |   763M | 212 |3592 |  90k|  93k|  24k|  2 |1272 | 979 | 1.170719e+06 | 1.197378e+06 |   2.28%| unknown
 2952s|  2700 |   471 |  1445k| 515.9 |   812M | 212 |3592 |  90k|  94k|  25k|  1 |1482 |1076 | 1.170752e+06 | 1.197378e+06 |   2.27%| unknown
 2959s|  2800 |   469 |  1461k| 503.3 |   812M | 212 |3592 |  90k|  93k|  25k|  0 |1532 |1076 | 1.170752e+06 | 1.197378e+06 |   2.27%| unknown
 3069s|  2900 |   500 |  1504k| 500.7 |   828M | 212 |3592 |  90k|  93k|  26k|  2 |1642 |1143 | 1.170780e+06 | 1.197378e+06 |   2.27%| unknown
 3212s|  3000 |   530 |  1566k| 504.7 |   831M | 212 |3592 |  90k|  92k|  27k|  1 |1745 |1191 | 1.170993e+06 | 1.197378e+06 |   2.25%| unknown
 3251s|  3100 |   538 |  1622k| 506.3 |   848M | 212 |3592 |  90k|   0 |  28k|  0 |2029 |1199 | 1.170993e+06 | 1.197378e+06 |   2.25%| unknown
 3257s|  3200 |   548 |  1631k| 493.4 |   858M | 212 |3592 |  90k|   0 |  28k|  0 |2229 |1199 | 1.170993e+06 | 1.197378e+06 |   2.25%| unknown
 3335s|  3300 |   547 |  1668k| 489.7 |   884M | 212 |3592 |  90k|  92k|  29k|  1 |2600 |1245 | 1.171048e+06 | 1.197378e+06 |   2.25%| unknown
 3465s|  3400 |   571 |  1761k| 502.6 |   901M | 212 |3592 |  90k|  93k|  30k|  1 |2938 |1283 | 1.171088e+06 | 1.197378e+06 |   2.24%| unknown
 time | node  | left  |LP iter|LP it/n|mem/heur|mdpt |vars |cons |rows |cuts |sepa|confs|strbr|  dualbound   | primalbound  |  gap   | compl. 
 3472s|  3500 |   579 |  1776k| 492.6 |   901M | 212 |3592 |  90k|  94k|  31k|  0 |3138 |1283 | 1.171088e+06 | 1.197378e+06 |   2.24%| unknown
 3478s|  3600 |   595 |  1787k| 481.9 |   902M | 212 |3592 |  90k|  94k|  31k|  1 |3298 |1283 | 1.171088e+06 | 1.197378e+06 |   2.24%| unknown
 3555s|  3700 |   611 |  1834k| 481.7 |   908M | 212 |3592 |  90k|  94k|  32k|  0 |3369 |1309 | 1.171127e+06 | 1.197378e+06 |   2.24%| unknown
 3681s|  3800 |   647 |  1912k| 489.6 |   924M | 212 |3592 |  90k|   0 |  33k|  0 |3481 |1337 | 1.171152e+06 | 1.197378e+06 |   2.24%| unknown
 3747s|  3900 |   665 |  1956k| 488.2 |   926M | 212 |3592 |  90k|   0 |  34k|  0 |3701 |1358 | 1.171275e+06 | 1.197378e+06 |   2.23%| unknown
 3870s|  4000 |   705 |  2025k| 493.3 |   933M | 212 |3592 |  90k|   0 |  35k|  0 |3839 |1393 | 1.171343e+06 | 1.197378e+06 |   2.22%| unknown
 3963s|  4100 |   727 |  2079k| 494.2 |   935M | 212 |3592 |  90k|  93k|  36k|  0 |3950 |1419 | 1.171378e+06 | 1.197378e+06 |   2.22%| unknown
 3970s|  4200 |   733 |  2096k| 486.7 |   944M | 212 |3592 |  90k|  93k|  36k|  1 |4050 |1419 | 1.171378e+06 | 1.197378e+06 |   2.22%| unknown
 3993s|  4300 |   745 |  2133k| 483.9 |   962M | 212 |3592 |  90k|   0 |  36k|  0 |4282 |1419 | 1.171378e+06 | 1.197378e+06 |   2.22%| unknown
 4060s|  4400 |   759 |  2168k| 480.8 |   964M | 212 |3592 |  90k|  92k|  37k|  1 |4542 |1432 | 1.171433e+06 | 1.197378e+06 |   2.21%| unknown
 4139s|  4500 |   787 |  2230k| 484.1 |   966M | 212 |3592 |  90k|  92k|  38k|  1 |4750 |1432 | 1.171433e+06 | 1.197378e+06 |   2.21%| unknown
 4273s|  4600 |   819 |  2313k| 491.5 |   970M | 212 |3592 |  90k|  92k|  39k|  1 |5013 |1455 | 1.171448e+06 | 1.197378e+06 |   2.21%| unknown
 4301s|  4700 |   833 |  2337k| 486.0 |   973M | 212 |3592 |  90k|  94k|  39k|  1 |5356 |1459 | 1.171448e+06 | 1.197378e+06 |   2.21%| unknown
 4309s|  4800 |   845 |  2351k| 478.9 |   973M | 212 |3592 |  90k|  94k|  40k|  1 |5536 |1459 | 1.171448e+06 | 1.197378e+06 |   2.21%| unknown
 4689s|  4900 |   897 |  2462k| 491.7 |   981M | 212 |3592 |  90k|  94k|  41k|  1 |5608 |1524 | 1.171471e+06 | 1.197378e+06 |   2.21%| unknown
 time | node  | left  |LP iter|LP it/n|mem/heur|mdpt |vars |cons |rows |cuts |sepa|confs|strbr|  dualbound   | primalbound  |  gap   | compl. 
 4761s|  5000 |   923 |  2509k| 491.3 |   987M | 216 |3592 |  90k|   0 |  42k|  0 |5829 |1535 | 1.171471e+06 | 1.197378e+06 |   2.21%| unknown
 4877s|  5100 |   953 |  2586k| 496.8 |   992M | 216 |3592 |  90k|  92k|  43k|  1 |6042 |1542 | 1.171591e+06 | 1.197378e+06 |   2.20%| unknown
 4897s|  5200 |   945 |  2602k| 490.4 |   993M | 220 |3592 |  90k|  94k|  43k|  1 |6295 |1542 | 1.171591e+06 | 1.197378e+06 |   2.20%| unknown
 4915s|  5300 |   939 |  2636k| 487.5 |   994M | 220 |3592 |  90k|  94k|  43k|  1 |6573 |1542 | 1.171591e+06 | 1.197378e+06 |   2.20%| unknown
 5003s|  5400 |   940 |  2710k| 492.2 |  1018M | 220 |3592 |  90k|  92k|  44k|  1 |6789 |1546 | 1.171613e+06 | 1.197378e+06 |   2.20%| unknown
 5115s|  5500 |   969 |  2779k| 495.8 |  1039M | 220 |3592 |  90k|  93k|  45k|  0 |6917 |1595 | 1.171625e+06 | 1.197378e+06 |   2.20%| unknown
 5127s|  5600 |   975 |  2803k| 491.2 |  1048M | 220 |3592 |  90k|  94k|  46k|  1 |7047 |1595 | 1.171625e+06 | 1.197378e+06 |   2.20%| unknown
 5134s|  5700 |   979 |  2816k| 484.9 |  1058M | 220 |3592 |  90k|  94k|  46k|  1 |7137 |1595 | 1.171625e+06 | 1.197378e+06 |   2.20%| unknown
 5238s|  5800 |  1019 |  2884k| 488.3 |  1093M | 220 |3592 |  90k|  92k|  48k|  1 |7168 |1614 | 1.171637e+06 | 1.197378e+06 |   2.20%| unknown
 5330s|  5900 |  1039 |  2961k| 493.1 |  1116M | 220 |3592 |  90k|  94k|  49k|  1 |7207 |1623 | 1.171642e+06 | 1.197378e+06 |   2.20%| unknown
 5341s|  6000 |  1047 |  2986k| 489.0 |  1116M | 220 |3592 |  90k|  94k|  49k|  0 |7217 |1623 | 1.171642e+06 | 1.197378e+06 |   2.20%| unknown
 5352s|  6100 |  1061 |  3011k| 485.0 |  1116M | 220 |3592 |  90k|   0 |  50k|  0 |7217 |1623 | 1.171642e+06 | 1.197378e+06 |   2.20%| unknown
 5443s|  6200 |  1081 |  3069k| 486.6 |  1138M | 220 |3592 |  90k|  94k|  51k|  1 |7260 |1658 | 1.171685e+06 | 1.197378e+06 |   2.19%| unknown
 5511s|  6300 |  1093 |  3114k| 486.1 |  1140M | 220 |3592 |  90k|  92k|  51k|  1 |7270 |1671 | 1.171699e+06 | 1.197378e+06 |   2.19%| unknown
 5559s|  6400 |  1103 |  3147k| 483.6 |  1152M | 220 |3592 |  90k|  94k|  52k|  0 |7331 |1699 | 1.171699e+06 | 1.197378e+06 |   2.19%| unknown
 time | node  | left  |LP iter|LP it/n|mem/heur|mdpt |vars |cons |rows |cuts |sepa|confs|strbr|  dualbound   | primalbound  |  gap   | compl. 
 5572s|  6500 |  1111 |  3174k| 480.3 |  1153M | 220 |3592 |  90k|  94k|  52k|  1 |7341 |1699 | 1.171699e+06 | 1.197378e+06 |   2.19%| unknown
 5677s|  6600 |  1139 |  3268k| 487.2 |  1183M | 220 |3592 |  90k|  94k|  53k|  1 |7636 |1722 | 1.171699e+06 | 1.197378e+06 |   2.19%| unknown
 5715s|  6700 |  1145 |  3319k| 487.6 |  1184M | 220 |3592 |  90k|  94k|  54k|  1 |7916 |1722 | 1.171699e+06 | 1.197378e+06 |   2.19%| unknown
 5784s|  6800 |  1162 |  3375k| 488.7 |  1188M | 220 |3592 |  90k|   0 |  54k|  0 |8181 |1739 | 1.171719e+06 | 1.197378e+06 |   2.19%| unknown
 5808s|  6900 |  1161 |  3408k| 486.4 |  1188M | 220 |3592 |  90k|  94k|  55k|  0 |8441 |1739 | 1.171719e+06 | 1.197378e+06 |   2.19%| unknown
 5892s|  7000 |  1170 |  3459k| 486.8 |  1189M | 220 |3592 |  90k|  92k|  55k|  1 |8621 |1767 | 1.171721e+06 | 1.197378e+06 |   2.19%| unknown
 6184s|  7100 |  1198 |  3561k| 494.2 |  1202M | 220 |3592 |  90k|  94k|  56k|  2 |8721 |1771 | 1.171737e+06 | 1.197378e+06 |   2.19%| unknown
 6263s|  7200 |  1217 |  3626k| 496.4 |  1214M | 220 |3592 |  90k|  94k|  57k|  1 |8882 |1772 | 1.171749e+06 | 1.197378e+06 |   2.19%| unknown
 6287s|  7300 |  1219 |  3661k| 494.4 |  1214M | 220 |3592 |  90k|   0 |  57k|  0 |9122 |1772 | 1.171749e+06 | 1.197378e+06 |   2.19%| unknown
 6302s|  7400 |  1221 |  3686k| 491.1 |  1214M | 220 |3592 |  90k|  94k|  57k|  0 |9342 |1772 | 1.171749e+06 | 1.197378e+06 |   2.19%| unknown
 6339s|  7500 |  1221 |  3732k| 490.7 |  1215M | 220 |3592 |  90k|  94k|  58k|  1 |9633 |1772 | 1.171749e+06 | 1.197378e+06 |   2.19%| unknown
 6364s|  7600 |  1223 |  3774k| 489.8 |  1217M | 220 |3592 |  90k|  93k|  58k|  1 |9936 |1832 | 1.171749e+06 | 1.197378e+06 |   2.19%| unknown
 6561s|  7700 |  1291 |  3877k| 496.7 |  1239M | 220 |3592 |  90k|  92k|  60k|  1 |  10k|1939 | 1.171842e+06 | 1.197378e+06 |   2.18%| unknown
 6595s|  7800 |  1295 |  3927k| 496.8 |  1250M | 220 |3592 |  90k|   0 |  61k|  0 |  10k|2082 | 1.171842e+06 | 1.197378e+06 |   2.18%| unknown
 6606s|  7900 |  1299 |  3954k| 493.9 |  1250M | 220 |3592 |  90k|   0 |  61k|  0 |  10k|2082 | 1.171842e+06 | 1.197378e+06 |   2.18%| unknown
 time | node  | left  |LP iter|LP it/n|mem/heur|mdpt |vars |cons |rows |cuts |sepa|confs|strbr|  dualbound   | primalbound  |  gap   | compl. 
 6617s|  8000 |  1309 |  3977k| 490.6 |  1250M | 220 |3592 |  90k|  93k|  61k|  0 |  10k|2082 | 1.171842e+06 | 1.197378e+06 |   2.18%| unknown
 6626s|  8100 |  1335 |  3992k| 486.4 |  1251M | 220 |3592 |  90k|   0 |  62k|  0 |  10k|2082 | 1.171842e+06 | 1.197378e+06 |   2.18%| unknown
 6802s|  8200 |  1375 |  4089k| 492.4 |  1275M | 220 |3592 |  90k|  94k|  63k|  1 |  10k|2148 | 1.171868e+06 | 1.197378e+06 |   2.18%| unknown
 6808s|  8300 |  1366 |  4104k| 488.2 |  1275M | 220 |3592 |  90k|  93k|  63k|  1 |  11k|2148 | 1.171868e+06 | 1.197378e+06 |   2.18%| unknown
 6816s|  8400 |  1370 |  4124k| 484.7 |  1275M | 220 |3592 |  90k|  93k|  63k|  1 |  11k|2148 | 1.171868e+06 | 1.197378e+06 |   2.18%| unknown
 6825s|  8500 |  1388 |  4145k| 481.6 |  1275M | 220 |3592 |  90k|  93k|  64k|  1 |  11k|2148 | 1.171868e+06 | 1.197378e+06 |   2.18%| unknown
 6833s|  8600 |  1406 |  4160k| 477.7 |  1276M | 220 |3592 |  90k|  94k|  64k|  1 |  11k|2148 | 1.171868e+06 | 1.197378e+06 |   2.18%| unknown
 6983s|  8700 |  1450 |  4249k| 482.4 |  1299M | 220 |3592 |  90k|  92k|  65k|  1 |  11k|2165 | 1.171909e+06 | 1.197378e+06 |   2.17%| unknown
 7001s|  8800 |  1460 |  4266k| 478.8 |  1300M | 220 |3592 |  90k|  94k|  66k|  1 |  11k|2165 | 1.171909e+06 | 1.197378e+06 |   2.17%| unknown
 7140s|  8900 |  1498 |  4364k| 484.5 |  1313M | 220 |3592 |  90k|  94k|  67k|  0 |  11k|2166 | 1.171925e+06 | 1.197378e+06 |   2.17%| unknown
 7178s|  9000 |  1516 |  4397k| 482.7 |  1323M | 220 |3592 |  90k|  92k|  67k|  1 |  11k|2166 | 1.171954e+06 | 1.197378e+06 |   2.17%| unknown
 7260s|  9100 |  1555 |  4442k| 482.4 |  1348M | 220 |3592 |  90k|  94k|  68k|  1 |  11k|2225 | 1.171954e+06 | 1.197378e+06 |   2.17%| unknown
 7312s|  9200 |  1555 |  4468k| 480.0 |  1359M | 220 |3592 |  90k|  92k|  69k|  1 |  11k|2258 | 1.171954e+06 | 1.197378e+06 |   2.17%| unknown
 7519s|  9300 |  1597 |  4591k| 488.1 |  1365M | 220 |3592 |  90k|  94k|  70k|  2 |  11k|2269 | 1.171990e+06 | 1.197378e+06 |   2.17%| unknown
 7609s|  9400 |  1604 |  4674k| 491.7 |  1369M | 220 |3592 |  90k|  93k|  71k|  0 |  12k|2308 | 1.172006e+06 | 1.197378e+06 |   2.16%| unknown
 time | node  | left  |LP iter|LP it/n|mem/heur|mdpt |vars |cons |rows |cuts |sepa|confs|strbr|  dualbound   | primalbound  |  gap   | compl. 
 7630s|  9500 |  1604 |  4704k| 489.6 |  1370M | 220 |3592 |  90k|  93k|  71k|  1 |  12k|2348 | 1.172006e+06 | 1.197378e+06 |   2.16%| unknown
 7722s|  9600 |  1608 |  4766k| 491.1 |  1421M | 220 |3592 |  90k|  93k|  72k|  1 |  12k|2388 | 1.172011e+06 | 1.197378e+06 |   2.16%| unknown
 7727s|  9700 |  1616 |  4777k| 487.1 |  1421M | 220 |3592 |  90k|  93k|  72k|  2 |  12k|2388 | 1.172011e+06 | 1.197378e+06 |   2.16%| unknown
 7733s|  9800 |  1624 |  4791k| 483.5 |  1430M | 220 |3592 |  90k|   0 |  73k|  0 |  12k|2388 | 1.172011e+06 | 1.197378e+06 |   2.16%| unknown
 7744s|  9900 |  1656 |  4815k| 481.1 |  1441M | 220 |3592 |  90k|  94k|  73k|  0 |  12k|2388 | 1.172011e+06 | 1.197378e+06 |   2.16%| unknown
 7815s| 10000 |  1696 |  4868k| 481.6 |  1453M | 220 |3592 |  90k|  94k|  74k|  1 |  13k|2400 | 1.172017e+06 | 1.197378e+06 |   2.16%| unknown
 7907s| 10100 |  1720 |  4935k| 483.4 |  1457M | 220 |3592 |  90k|  94k|  74k|  0 |  13k|2417 | 1.172018e+06 | 1.197378e+06 |   2.16%| unknown
 7968s| 10200 |  1731 |  4979k| 483.1 |  1461M | 220 |3592 |  90k|   0 |  75k|  0 |  13k|2452 | 1.172036e+06 | 1.197378e+06 |   2.16%| unknown
 7972s| 10300 |  1741 |  4987k| 479.1 |  1479M | 220 |3592 |  90k|   0 |  75k|  0 |  13k|2452 | 1.172036e+06 | 1.197378e+06 |   2.16%| unknown
 7980s| 10400 |  1775 |  5005k| 476.2 |  1481M | 228 |3592 |  90k|  94k|  76k|  1 |  13k|2452 | 1.172036e+06 | 1.197378e+06 |   2.16%| unknown
 8082s| 10500 |  1815 |  5064k| 477.3 |  1487M | 228 |3592 |  90k|  92k|  77k|  1 |  13k|2509 | 1.172054e+06 | 1.197378e+06 |   2.16%| unknown
 8244s| 10600 |  1861 |  5169k| 482.7 |  1494M | 228 |3592 |  90k|  92k|  78k|  1 |  13k|2543 | 1.172062e+06 | 1.197378e+06 |   2.16%| unknown
 8270s| 10700 |  1889 |  5210k| 482.0 |  1495M | 228 |3592 |  90k|   0 |  79k|  0 |  13k|2543 | 1.172062e+06 | 1.197378e+06 |   2.16%| unknown
 8368s| 10800 |  1937 |  5280k| 484.1 |  1500M | 229 |3592 |  90k|  94k|  80k|  0 |  13k|2569 | 1.172089e+06 | 1.197378e+06 |   2.16%| unknown
 8381s| 10900 |  1941 |  5306k| 482.0 |  1502M | 230 |3592 |  90k|  94k|  80k|  1 |  13k|2569 | 1.172089e+06 | 1.197378e+06 |   2.16%| unknown
 time | node  | left  |LP iter|LP it/n|mem/heur|mdpt |vars |cons |rows |cuts |sepa|confs|strbr|  dualbound   | primalbound  |  gap   | compl. 
 8459s| 11000 |  1987 |  5350k| 481.6 |  1505M | 230 |3592 |  90k|   0 |  81k|  0 |  13k|2634 | 1.172098e+06 | 1.197378e+06 |   2.16%| unknown
 8522s| 11100 |  1997 |  5398k| 481.6 |  1507M | 230 |3592 |  90k|  92k|  81k|  1 |  13k|2641 | 1.172103e+06 | 1.197378e+06 |   2.16%| unknown
 8576s| 11200 |  2017 |  5440k| 481.0 |  1510M | 230 |3592 |  90k|   0 |  82k|  0 |  13k|2676 | 1.172103e+06 | 1.197378e+06 |   2.16%| unknown
 8585s| 11300 |  2027 |  5457k| 478.4 |  1511M | 230 |3592 |  90k|  94k|  82k|  1 |  13k|2676 | 1.172103e+06 | 1.197378e+06 |   2.16%| unknown
 8650s| 11400 |  2049 |  5508k| 478.6 |  1513M | 230 |3592 |  90k|  94k|  83k|  1 |  14k|2680 | 1.172116e+06 | 1.197378e+06 |   2.16%| unknown
 8709s| 11500 |  2081 |  5550k| 478.1 |  1520M | 230 |3592 |  90k|  94k|  84k|  1 |  14k|2725 | 1.172142e+06 | 1.197378e+06 |   2.15%| unknown
 8957s| 11600 |  2125 |  5655k| 483.0 |  1543M | 230 |3592 |  90k|  93k|  85k|  1 |  14k|2743 | 1.172148e+06 | 1.197378e+06 |   2.15%| unknown
 9010s| 11700 |  2153 |  5711k| 483.7 |  1547M | 230 |3592 |  90k|  94k|  86k|  0 |  14k|2761 | 1.172176e+06 | 1.197378e+06 |   2.15%| unknown
 9167s| 11800 |  2199 |  5814k| 488.3 |  1565M | 230 |3592 |  90k|  92k|  87k|  1 |  15k|2825 | 1.172189e+06 | 1.197378e+06 |   2.15%| unknown
 9226s| 11900 |  2213 |  5867k| 488.6 |  1578M | 230 |3592 |  90k|  94k|  88k|  1 |  15k|2848 | 1.172235e+06 | 1.197378e+06 |   2.14%| unknown
 9280s| 12000 |  2241 |  5911k| 488.2 |  1580M | 230 |3592 |  90k|  94k|  89k|  1 |  15k|2859 | 1.172245e+06 | 1.197378e+06 |   2.14%| unknown
 9293s| 12100 |  2238 |  5935k| 486.2 |  1581M | 230 |3592 |  90k|   0 |  89k|  0 |  15k|2869 | 1.172245e+06 | 1.197378e+06 |   2.14%| unknown
 9394s| 12200 |  2285 |  6009k| 488.3 |  1590M | 230 |3592 |  90k|  93k|  90k|  1 |  15k|2897 | 1.172260e+06 | 1.197378e+06 |   2.14%| unknown
 9401s| 12300 |  2297 |  6027k| 485.7 |  1599M | 230 |3592 |  90k|  94k|  90k|  1 |  15k|2897 | 1.172260e+06 | 1.197378e+06 |   2.14%| unknown
 9408s| 12400 |  2317 |  6042k| 483.1 |  1599M | 230 |3592 |  90k|  94k|  91k|  1 |  15k|2897 | 1.172260e+06 | 1.197378e+06 |   2.14%| unknown
 time | node  | left  |LP iter|LP it/n|mem/heur|mdpt |vars |cons |rows |cuts |sepa|confs|strbr|  dualbound   | primalbound  |  gap   | compl. 
 9416s| 12500 |  2325 |  6061k| 480.7 |  1608M | 230 |3592 |  90k|  94k|  91k|  0 |  16k|2897 | 1.172260e+06 | 1.197378e+06 |   2.14%| unknown
 9465s| 12600 |  2367 |  6111k| 480.9 |  1616M | 230 |3592 |  91k|  94k|  92k|  0 |  17k|2897 | 1.172260e+06 | 1.197378e+06 |   2.14%| unknown
 9474s| 12700 |  2387 |  6133k| 478.8 |  1617M | 230 |3592 |  91k|  94k|  92k|  1 |  17k|2897 | 1.172260e+06 | 1.197378e+06 |   2.14%| unknown
 9515s| 12800 |  2422 |  6169k| 477.9 |  1621M | 233 |3592 |  91k|   0 |  93k|  0 |  17k|2897 | 1.172261e+06 | 1.197378e+06 |   2.14%| unknown
 9525s| 12900 |  2440 |  6195k| 476.2 |  1621M | 233 |3592 |  91k|  94k|  93k|  1 |  18k|2897 | 1.172261e+06 | 1.197378e+06 |   2.14%| unknown
 9535s| 13000 |  2456 |  6216k| 474.2 |  1622M | 233 |3592 |  91k|  94k|  94k|  1 |  18k|2897 | 1.172261e+06 | 1.197378e+06 |   2.14%| unknown
 9590s| 13100 |  2492 |  6270k| 474.6 |  1626M | 233 |3592 |  91k|  94k|  95k|  1 |  18k|2903 | 1.172270e+06 | 1.197378e+06 |   2.14%| unknown
 9598s| 13200 |  2510 |  6286k| 472.3 |  1628M | 233 |3592 |  91k|   0 |  95k|  0 |  18k|2916 | 1.172270e+06 | 1.197378e+06 |   2.14%| unknown
 9676s| 13300 |  2540 |  6344k| 473.0 |  1640M | 233 |3592 |  91k|  93k|  96k|  1 |  18k|2927 | 1.172276e+06 | 1.197378e+06 |   2.14%| unknown
 9686s| 13400 |  2552 |  6365k| 471.1 |  1642M | 233 |3592 |  91k|  94k|  96k|  1 |  18k|2934 | 1.172276e+06 | 1.197378e+06 |   2.14%| unknown
 9693s| 13500 |  2564 |  6380k| 468.8 |  1643M | 233 |3592 |  91k|   0 |  97k|  0 |  18k|2939 | 1.172276e+06 | 1.197378e+06 |   2.14%| unknown
 9748s| 13600 |  2594 |  6422k| 468.3 |  1659M | 233 |3592 |  90k|   0 |  97k|  0 |  18k|2973 | 1.172277e+06 | 1.197378e+06 |   2.14%| unknown
 9755s| 13700 |  2609 |  6435k| 465.9 |  1660M | 233 |3592 |  90k|  94k|  98k|  1 |  18k|2990 | 1.172277e+06 | 1.197378e+06 |   2.14%| unknown
 9814s| 13800 |  2636 |  6483k| 466.0 |  1711M | 233 |3592 |  90k|   0 |  99k|  0 |  19k|2995 | 1.172277e+06 | 1.197378e+06 |   2.14%| unknown
 9820s| 13900 |  2650 |  6493k| 463.3 |  1711M | 233 |3592 |  90k|  94k|  99k|  1 |  19k|2995 | 1.172277e+06 | 1.197378e+06 |   2.14%| unknown
 time | node  | left  |LP iter|LP it/n|mem/heur|mdpt |vars |cons |rows |cuts |sepa|confs|strbr|  dualbound   | primalbound  |  gap   | compl. 
 9828s| 14000 |  2664 |  6508k| 461.1 |  1714M | 233 |3592 |  90k|   0 | 100k|  0 |  19k|3009 | 1.172277e+06 | 1.197378e+06 |   2.14%| unknown
 9873s| 14100 |  2684 |  6549k| 460.8 |  1719M | 233 |3592 |  90k|  92k| 100k|  1 |  19k|3059 | 1.172285e+06 | 1.197378e+06 |   2.14%| unknown
  168m| 14200 |  2703 |  6646k| 464.3 |  1784M | 233 |3592 |  90k|  94k| 102k|  0 |  19k|3192 | 1.172307e+06 | 1.197378e+06 |   2.14%| unknown
  169m| 14300 |  2744 |  6722k| 466.4 |  1790M | 233 |3592 |  90k|   0 | 103k|  0 |  19k|3212 | 1.172324e+06 | 1.197378e+06 |   2.14%| unknown
  170m| 14400 |  2759 |  6766k| 466.3 |  1794M | 233 |3592 |  90k|  93k| 104k|  1 |  19k|3218 | 1.172325e+06 | 1.197378e+06 |   2.14%| unknown
  170m| 14500 |  2775 |  6785k| 464.3 |  1794M | 233 |3592 |  90k|  94k| 104k|  1 |  19k|3218 | 1.172325e+06 | 1.197378e+06 |   2.14%| unknown
  171m| 14600 |  2797 |  6804k| 462.4 |  1794M | 241 |3592 |  90k|  94k| 104k|  1 |  19k|3218 | 1.172325e+06 | 1.197378e+06 |   2.14%| unknown
  171m| 14700 |  2811 |  6829k| 461.0 |  1795M | 241 |3592 |  90k|  94k| 105k|  1 |  19k|3218 | 1.172325e+06 | 1.197378e+06 |   2.14%| unknown
  172m| 14800 |  2843 |  6870k| 460.7 |  1796M | 241 |3592 |  90k|  92k| 105k|  1 |  19k|3218 | 1.172327e+06 | 1.197378e+06 |   2.14%| unknown
  172m| 14900 |  2857 |  6897k| 459.4 |  1798M | 241 |3592 |  90k|  94k| 106k|  1 |  19k|3218 | 1.172327e+06 | 1.197378e+06 |   2.14%| unknown
  173m| 15000 |  2861 |  6919k| 457.8 |  1799M | 241 |3592 |  90k|   0 | 106k|  0 |  19k|3225 | 1.172327e+06 | 1.197378e+06 |   2.14%| unknown
  173m| 15100 |  2871 |  6938k| 456.0 |  1800M | 241 |3592 |  90k|  94k| 106k|  1 |  19k|3234 | 1.172327e+06 | 1.197378e+06 |   2.14%| unknown
  173m| 15200 |  2883 |  6958k| 454.3 |  1801M | 244 |3592 |  90k|  94k| 106k|  1 |  19k|3240 | 1.172327e+06 | 1.197378e+06 |   2.14%| unknown
  174m| 15300 |  2907 |  7013k| 455.0 |  1813M | 244 |3592 |  90k|  94k| 107k|  2 |  19k|3272 | 1.172339e+06 | 1.197378e+06 |   2.14%| unknown
  176m| 15400 |  2922 |  7070k| 455.7 |  1835M | 244 |3592 |  90k|  94k| 108k|  1 |  20k|3329 | 1.172340e+06 | 1.197378e+06 |   2.14%| unknown
 time | node  | left  |LP iter|LP it/n|mem/heur|mdpt |vars |cons |rows |cuts |sepa|confs|strbr|  dualbound   | primalbound  |  gap   | compl. 
  178m| 15500 |  2931 |  7143k| 457.5 |  1874M | 244 |3592 |  90k|  94k| 108k|  0 |  20k|3385 | 1.172343e+06 | 1.197378e+06 |   2.14%| unknown
  178m| 15600 |  2955 |  7181k| 457.0 |  1877M | 244 |3592 |  90k|  92k| 109k|  1 |  20k|3388 | 1.172359e+06 | 1.197378e+06 |   2.13%| unknown
  179m| 15700 |  2967 |  7217k| 456.4 |  1878M | 244 |3592 |  90k|  92k| 110k|  1 |  20k|3388 | 1.172360e+06 | 1.197378e+06 |   2.13%| unknown
  179m| 15800 |  2989 |  7240k| 454.9 |  1879M | 244 |3592 |  90k|  94k| 110k|  1 |  20k|3388 | 1.172360e+06 | 1.197378e+06 |   2.13%| unknown
  179m| 15900 |  2997 |  7252k| 452.8 |  1879M | 244 |3592 |  90k|   0 | 110k|  0 |  20k|3388 | 1.172360e+06 | 1.197378e+06 |   2.13%| unknown
  181m| 16000 |  3027 |  7296k| 452.7 |  1883M | 244 |3592 |  90k|  94k| 111k|  1 |  20k|3408 | 1.172361e+06 | 1.197378e+06 |   2.13%| unknown
  181m| 16100 |  3031 |  7306k| 450.6 |  1883M | 244 |3592 |  90k|  94k| 111k|  0 |  20k|3408 | 1.172361e+06 | 1.197378e+06 |   2.13%| unknown
  182m| 16200 |  3059 |  7367k| 451.6 |  1895M | 244 |3592 |  90k|  94k| 112k|  0 |  20k|3416 | 1.172365e+06 | 1.197378e+06 |   2.13%| unknown
  182m| 16300 |  3049 |  7391k| 450.2 |  1895M | 244 |3592 |  90k|   0 | 112k|  0 |  20k|3416 | 1.172365e+06 | 1.197378e+06 |   2.13%| unknown
  186m| 16400 |  3113 |  7515k| 455.0 |  1913M | 244 |3592 |  90k|  94k| 114k|  0 |  21k|3444 | 1.172394e+06 | 1.197378e+06 |   2.13%| unknown
  187m| 16500 |  3135 |  7564k| 455.3 |  1917M | 244 |3592 |  90k|  94k| 115k|  0 |  21k|3448 | 1.172396e+06 | 1.197378e+06 |   2.13%| unknown
  188m| 16600 |  3169 |  7614k| 455.5 |  1921M | 244 |3592 |  90k|  94k| 115k|  1 |  21k|3521 | 1.172399e+06 | 1.197378e+06 |   2.13%| unknown
  188m| 16700 |  3173 |  7633k| 454.0 |  1924M | 244 |3592 |  90k|  94k| 116k|  1 |  21k|3538 | 1.172399e+06 | 1.197378e+06 |   2.13%| unknown
  188m| 16800 |  3185 |  7651k| 452.3 |  1925M | 244 |3592 |  90k|  94k| 116k|  1 |  21k|3538 | 1.172399e+06 | 1.197378e+06 |   2.13%| unknown
  188m| 16900 |  3181 |  7673k| 451.0 |  1926M | 244 |3592 |  90k|  94k| 116k|  1 |  21k|3546 | 1.172399e+06 | 1.197378e+06 |   2.13%| unknown
 time | node  | left  |LP iter|LP it/n|mem/heur|mdpt |vars |cons |rows |cuts |sepa|confs|strbr|  dualbound   | primalbound  |  gap   | compl. 
  192m| 17000 |  3185 |  7742k| 452.4 |  1929M | 244 |3592 |  90k|  94k| 117k|  0 |  21k|3554 | 1.172401e+06 | 1.197378e+06 |   2.13%| unknown
  192m| 17100 |  3190 |  7791k| 452.6 |  1951M | 244 |3592 |  90k|  94k| 118k|  0 |  22k|3557 | 1.172402e+06 | 1.197378e+06 |   2.13%| unknown
  193m| 17200 |  3213 |  7840k| 452.8 |  1963M | 244 |3592 |  90k|  94k| 119k|  1 |  22k|3568 | 1.172407e+06 | 1.197378e+06 |   2.13%| unknown
  196m| 17300 |  3237 |  7960k| 457.1 |  2003M | 244 |3592 |  90k|  94k| 120k|  1 |  22k|3593 | 1.172415e+06 | 1.197378e+06 |   2.13%| unknown
  197m| 17400 |  3261 |  8009k| 457.3 |  2007M | 244 |3592 |  90k|  94k| 121k|  2 |  22k|3615 | 1.172422e+06 | 1.197378e+06 |   2.13%| unknown
  199m| 17500 |  3307 |  8089k| 459.3 |  2021M | 244 |3592 |  90k|   0 | 122k|  0 |  22k|3621 | 1.172429e+06 | 1.197378e+06 |   2.13%| unknown
  202m| 17600 |  3326 |  8163k| 460.8 |  2061M | 244 |3592 |  90k|  94k| 123k|  1 |  22k|3680 | 1.172430e+06 | 1.197378e+06 |   2.13%| unknown
  203m| 17700 |  3361 |  8239k| 462.5 |  2068M | 244 |3592 |  90k|  94k| 124k|  0 |  23k|3701 | 1.172437e+06 | 1.197378e+06 |   2.13%| unknown
  203m| 17800 |  3358 |  8258k| 461.0 |  2069M | 244 |3592 |  90k|   0 | 124k|  0 |  23k|3706 | 1.172437e+06 | 1.197378e+06 |   2.13%| unknown
  205m| 17900 |  3382 |  8320k| 461.9 |  2073M | 244 |3592 |  90k|  94k| 125k|  1 |  23k|3755 | 1.172439e+06 | 1.197378e+06 |   2.13%| unknown
  205m| 18000 |  3404 |  8359k| 461.5 |  2078M | 244 |3592 |  90k|  94k| 125k|  1 |  23k|3769 | 1.172444e+06 | 1.197378e+06 |   2.13%| unknown
  206m| 18100 |  3381 |  8392k| 460.7 |  2080M | 244 |3592 |  90k|   0 | 126k|  0 |  23k|3786 | 1.172444e+06 | 1.197378e+06 |   2.13%| unknown
  206m| 18200 |  3380 |  8427k| 460.2 |  2116M | 244 |3592 |  90k|   0 | 126k|  0 |  23k|3786 | 1.172444e+06 | 1.197378e+06 |   2.13%| unknown
  207m| 18300 |  3355 |  8479k| 460.5 |  2128M | 244 |3592 |  90k|  94k| 127k|  1 |  24k|3796 | 1.172459e+06 | 1.197378e+06 |   2.13%| unknown
  209m| 18400 |  3369 |  8548k| 461.7 |  2135M | 244 |3592 |  90k|   0 | 128k|  0 |  24k|3862 | 1.172459e+06 | 1.197378e+06 |   2.13%| unknown
 time | node  | left  |LP iter|LP it/n|mem/heur|mdpt |vars |cons |rows |cuts |sepa|confs|strbr|  dualbound   | primalbound  |  gap   | compl. 
  212m| 18500 |  3390 |  8648k| 464.6 |  2143M | 244 |3592 |  90k|   0 | 129k|  0 |  24k|3922 | 1.172465e+06 | 1.197378e+06 |   2.12%| unknown
  214m| 18600 |  3429 |  8717k| 465.9 |  2146M | 244 |3592 |  90k|  94k| 130k|  1 |  24k|3960 | 1.172467e+06 | 1.197378e+06 |   2.12%| unknown
  216m| 18700 |  3447 |  8793k| 467.5 |  2148M | 244 |3592 |  90k|  94k| 131k|  1 |  24k|4017 | 1.172471e+06 | 1.197378e+06 |   2.12%| unknown
  217m| 18800 |  3451 |  8832k| 467.0 |  2150M | 244 |3592 |  90k|  92k| 132k|  1 |  25k|4018 | 1.172478e+06 | 1.197378e+06 |   2.12%| unknown
  218m| 18900 |  3479 |  8895k| 467.9 |  2165M | 244 |3592 |  91k|  94k| 133k|  1 |  26k|4032 | 1.172492e+06 | 1.197378e+06 |   2.12%| unknown
  219m| 19000 |  3507 |  8949k| 468.3 |  2186M | 244 |3592 |  91k|   0 | 134k|  0 |  26k|4044 | 1.172495e+06 | 1.197378e+06 |   2.12%| unknown
  219m| 19100 |  3507 |  8974k| 467.1 |  2189M | 244 |3592 |  91k|   0 | 134k|  0 |  26k|4066 | 1.172495e+06 | 1.197378e+06 |   2.12%| unknown
  220m| 19200 |  3527 |  9026k| 467.4 |  2191M | 244 |3592 |  91k|  92k| 135k|  1 |  26k|4081 | 1.172496e+06 | 1.197378e+06 |   2.12%| unknown
  220m| 19300 |  3549 |  9054k| 466.4 |  2192M | 244 |3592 |  91k|  93k| 135k|  0 |  26k|4081 | 1.172496e+06 | 1.197378e+06 |   2.12%| unknown
  221m| 19400 |  3579 |  9102k| 466.5 |  2194M | 244 |3592 |  91k|  92k| 136k|  1 |  26k|4081 | 1.172497e+06 | 1.197378e+06 |   2.12%| unknown
  224m| 19500 |  3627 |  9197k| 469.0 |  2220M | 244 |3592 |  91k|  93k| 137k|  1 |  26k|4084 | 1.172497e+06 | 1.197378e+06 |   2.12%| unknown
  225m| 19600 |  3641 |  9234k| 468.5 |  2223M | 244 |3592 |  91k|  93k| 138k|  1 |  26k|4084 | 1.172500e+06 | 1.197378e+06 |   2.12%| unknown
  225m| 19700 |  3667 |  9278k| 468.3 |  2235M | 244 |3592 |  91k|   0 | 139k|  0 |  26k|4087 | 1.172504e+06 | 1.197378e+06 |   2.12%| unknown
  226m| 19800 |  3667 |  9295k| 466.8 |  2235M | 244 |3592 |  91k|   0 | 139k|  0 |  26k|4087 | 1.172504e+06 | 1.197378e+06 |   2.12%| unknown
  227m| 19900 |  3685 |  9348k| 467.1 |  2239M | 244 |3592 |  91k|  93k| 140k|  1 |  27k|4105 | 1.172504e+06 | 1.197378e+06 |   2.12%| unknown
 time | node  | left  |LP iter|LP it/n|mem/heur|mdpt |vars |cons |rows |cuts |sepa|confs|strbr|  dualbound   | primalbound  |  gap   | compl. 
  227m| 20000 |  3686 |  9363k| 465.5 |  2239M | 244 |3592 |  91k|   0 | 140k|  0 |  27k|4105 | 1.172504e+06 | 1.197378e+06 |   2.12%| unknown
  228m| 20100 |  3714 |  9426k| 466.4 |  2241M | 244 |3592 |  91k|  93k| 141k|  0 |  27k|4108 | 1.172513e+06 | 1.197378e+06 |   2.12%| unknown
  229m| 20200 |  3748 |  9487k| 467.1 |  2243M | 244 |3592 |  91k|  93k| 141k|  2 |  27k|4108 | 1.172518e+06 | 1.197378e+06 |   2.12%| unknown
  230m| 20300 |  3780 |  9531k| 466.9 |  2255M | 244 |3592 |  91k|  93k| 142k|  1 |  27k|4165 | 1.172522e+06 | 1.197378e+06 |   2.12%| unknown
  232m| 20400 |  3826 |  9613k| 468.7 |  2285M | 244 |3592 |  91k|  93k| 144k|  1 |  27k|4277 | 1.172526e+06 | 1.197378e+06 |   2.12%| unknown
  233m| 20500 |  3852 |  9655k| 468.4 |  2286M | 244 |3592 |  91k|   0 | 144k|  0 |  27k|4400 | 1.172527e+06 | 1.197378e+06 |   2.12%| unknown
  235m| 20600 |  3902 |  9735k| 470.1 |  2292M | 244 |3592 |  91k|   0 | 146k|  0 |  28k|4451 | 1.172530e+06 | 1.197378e+06 |   2.12%| unknown
  236m| 20700 |  3944 |  9805k| 471.1 |  2306M | 244 |3592 |  91k|  92k| 147k|  1 |  28k|4542 | 1.172540e+06 | 1.197378e+06 |   2.12%| unknown
  238m| 20800 |  3970 |  9865k| 471.8 |  2313M | 244 |3592 |  90k|  94k| 148k|  4 |  28k|4698 | 1.172541e+06 | 1.197378e+06 |   2.12%| unknown
  240m| 20900 |  4016 |  9958k| 474.0 |  2319M | 244 |3592 |  90k|   0 | 149k|  0 |  29k|4752 | 1.172545e+06 | 1.197378e+06 |   2.12%| unknown

SCIP Status        : solving was interrupted [time limit reached]
Solving Time (sec) : 14400.00
Solving Nodes      : 20932
Primal Bound       : +1.19737774300015e+06 (52 solutions)
Dual Bound         : +1.17255729250908e+06
Gap                : 2.12 %

primal solution (original space):
=================================

objective value:                     1197377.74300015
z#0                                                 1 	(obj:0)
z#10                                                1 	(obj:0)
z#12                                                1 	(obj:0)
z#16                                                1 	(obj:0)
z#18                                                1 	(obj:0)
z#24                                                1 	(obj:0)
z#26                                                1 	(obj:0)
z#30                                                1 	(obj:0)
z#33                                                1 	(obj:0)
z#34                                                1 	(obj:0)
z#35                                                1 	(obj:0)
z#38                                                1 	(obj:0)
z#44                                                1 	(obj:0)
z#48                                                1 	(obj:0)
z#53                                                1 	(obj:0)
z#76                                                1 	(obj:0)
z#78                                                1 	(obj:0)
z#79                                                1 	(obj:0)
z#87                                                1 	(obj:0)
z#88                                                1 	(obj:0)
z#90                                                1 	(obj:0)
z#92                                                1 	(obj:0)
z#99                                                1 	(obj:0)
z#101                                               1 	(obj:0)
z#105                                               1 	(obj:0)
z#111                                               1 	(obj:0)
z#116                                               1 	(obj:0)
z#119                                               1 	(obj:0)
z#121                                               1 	(obj:0)
z#126                                               1 	(obj:0)
z#128                                               1 	(obj:0)
z#129                                               1 	(obj:0)
z#131                                               1 	(obj:0)
z#143                                               1 	(obj:0)
z#146                                               1 	(obj:0)
z#149                                               1 	(obj:0)
z#152                                               1 	(obj:0)
z#153                                               1 	(obj:0)
z#154                                               1 	(obj:0)
z#157                                               1 	(obj:0)
z#171                                               1 	(obj:0)
z#174                                               1 	(obj:0)
z#177                                               1 	(obj:0)
z#179                                               1 	(obj:0)
z#183                                               1 	(obj:0)
z#190                                               1 	(obj:0)
z#193                                               1 	(obj:0)
z#204                                               1 	(obj:0)
z#207                                               1 	(obj:0)
z#218                                               1 	(obj:0)
z#220                                               1 	(obj:0)
z#222                                               1 	(obj:0)
z#224                                               1 	(obj:0)
z#225                                               1 	(obj:0)
z#232                                               1 	(obj:0)
z#233                                               1 	(obj:0)
z#234                                               1 	(obj:0)
z#237                                               1 	(obj:0)
z#240                                               1 	(obj:0)
z#241                                               1 	(obj:0)
z#245                                               1 	(obj:0)
z#247                                               1 	(obj:0)
z#250                                               1 	(obj:0)
z#251                                               1 	(obj:0)
z#254                                               1 	(obj:0)
z#256                                               1 	(obj:0)
z#258                                               1 	(obj:0)
z#264                                               1 	(obj:0)
z#267                                               1 	(obj:0)
z#268                                               1 	(obj:0)
z#289                                               1 	(obj:0)
z#292                                               1 	(obj:0)
z#294                                               1 	(obj:0)
z#296                                               1 	(obj:0)
z#303                                               1 	(obj:0)
z#304                                               1 	(obj:0)
z#309                                               1 	(obj:0)
z#315                                               1 	(obj:0)
z#316                                               1 	(obj:0)
z#325                                               1 	(obj:0)
z#335                                               1 	(obj:0)
z#353                                               1 	(obj:0)
z#354                                               1 	(obj:0)
z#368                                               1 	(obj:0)
z#373                                               1 	(obj:0)
z#381                                               1 	(obj:0)
z#387                                               1 	(obj:0)
z#388                                               1 	(obj:0)
z#391                                               1 	(obj:0)
z#392                                               1 	(obj:0)
z#414                                               1 	(obj:0)
z#420                                               1 	(obj:0)
z#431                                               1 	(obj:0)
z#441                                               1 	(obj:0)
z#450                                               1 	(obj:0)
z#463                                               1 	(obj:0)
z#467                                               1 	(obj:0)
z#479                                               1 	(obj:0)
z#484                                               1 	(obj:0)
z#498                                               1 	(obj:0)
z#502                                               1 	(obj:0)
z#509                                               1 	(obj:0)
z#519                                               1 	(obj:0)
z#539                                               1 	(obj:0)
z#544                                               1 	(obj:0)
z#550                                               1 	(obj:0)
z#551                                               1 	(obj:0)
z#553                                               1 	(obj:0)
z#554                                               1 	(obj:0)
z#558                                               1 	(obj:0)
z#559                                               1 	(obj:0)
z#566                                               1 	(obj:0)
z#567                                               1 	(obj:0)
z#570                                               1 	(obj:0)
z#573                                               1 	(obj:0)
z#575                                               1 	(obj:0)
z#579                                               1 	(obj:0)
z#592                                               1 	(obj:0)
z#596                                               1 	(obj:0)
z#597                                               1 	(obj:0)
z#614                                               1 	(obj:0)
z#622                                               1 	(obj:0)
z#633                                               1 	(obj:0)
z#635                                               1 	(obj:0)
z#641                                               1 	(obj:0)
z#644                                               1 	(obj:0)
z#646                                               1 	(obj:0)
z#648                                               1 	(obj:0)
z#653                                               1 	(obj:0)
z#663                                               1 	(obj:0)
z#665                                               1 	(obj:0)
z#670                                               1 	(obj:0)
z#676                                               1 	(obj:0)
z#689                                               1 	(obj:0)
z#697                                               1 	(obj:0)
z#698                                               1 	(obj:0)
z#710                                               1 	(obj:0)
z#714                                               1 	(obj:0)
z#717                                               1 	(obj:0)
z#720                                               1 	(obj:0)
z#725                                               1 	(obj:0)
z#729                                               1 	(obj:0)
z#733                                               1 	(obj:0)
z#736                                               1 	(obj:0)
z#738                                               1 	(obj:0)
z#739                                               1 	(obj:0)
z#747                                               1 	(obj:0)
z#749                                               1 	(obj:0)
z#755                                               1 	(obj:0)
z#760                                               1 	(obj:0)
z#764                                               1 	(obj:0)
z#771                                               1 	(obj:0)
z#772                                               1 	(obj:0)
z#773                                               1 	(obj:0)
z#776                                               1 	(obj:0)
z#782                                               1 	(obj:0)
z#783                                               1 	(obj:0)
z#788                                               1 	(obj:0)
z#791                                               1 	(obj:0)
z#792                                               1 	(obj:0)
z#800                                               1 	(obj:0)
z#801                                               1 	(obj:0)
z#805                                               1 	(obj:0)
z#810                                               1 	(obj:0)
z#811                                               1 	(obj:0)
z#814                                               1 	(obj:0)
z#816                                               1 	(obj:0)
z#817                                               1 	(obj:0)
z#818                                               1 	(obj:0)
z#838                                               1 	(obj:0)
z#839                                               1 	(obj:0)
z#852                                               1 	(obj:0)
z#855                                               1 	(obj:0)
z#860                                               1 	(obj:0)
z#867                                               1 	(obj:0)
z#870                                               1 	(obj:0)
z#871                                               1 	(obj:0)
z#879                                               1 	(obj:0)
z#882                                               1 	(obj:0)
z#883                                               1 	(obj:0)
z#886                                               1 	(obj:0)
z#893                                               1 	(obj:0)
z#896                                               1 	(obj:0)
z#909                                               1 	(obj:0)
z#910                                               1 	(obj:0)
z#912                                               1 	(obj:0)
z#913                                               1 	(obj:0)
z#918                                               1 	(obj:0)
z#923                                               1 	(obj:0)
z#931                                               1 	(obj:0)
z#943                                               1 	(obj:0)
z#944                                               1 	(obj:0)
z#946                                               1 	(obj:0)
z#958                                               1 	(obj:0)
z#963                                               1 	(obj:0)
z#965                                               1 	(obj:0)
z#967                                               1 	(obj:0)
z#969                                               1 	(obj:0)
z#983                                               1 	(obj:0)
z#987                                               1 	(obj:0)
z#988                                               1 	(obj:0)
z#989                                               1 	(obj:0)
z#999                                               1 	(obj:0)
z#1015                                              1 	(obj:0)
z#1020                                              1 	(obj:0)
z#1023                                              1 	(obj:0)
z#1024                                              1 	(obj:0)
z#1035                                              1 	(obj:0)
z#1039                                              1 	(obj:0)
z#1040                                              1 	(obj:0)
z#1043                                              1 	(obj:0)
z#1052                                              1 	(obj:0)
z#1061                                              1 	(obj:0)
z#1062                                              1 	(obj:0)
z#1073                                              1 	(obj:0)
z#1087                                              1 	(obj:0)
z#1091                                              1 	(obj:0)
z#1092                                              1 	(obj:0)
z#1102                                              1 	(obj:0)
z#1110                                              1 	(obj:0)
z#1111                                              1 	(obj:0)
z#1124                                              1 	(obj:0)
z#1126                                              1 	(obj:0)
z#1127                                              1 	(obj:0)
z#1133                                              1 	(obj:0)
z#1137                                              1 	(obj:0)
z#1139                                              1 	(obj:0)
z#1143                                              1 	(obj:0)
z#1147                                              1 	(obj:0)
z#1153                                              1 	(obj:0)
z#1155                                              1 	(obj:0)
z#1156                                              1 	(obj:0)
z#1159                                              1 	(obj:0)
z#1161                                              1 	(obj:0)
z#1164                                              1 	(obj:0)
z#1167                                              1 	(obj:0)
z#1172                                              1 	(obj:0)
z#1174                                              1 	(obj:0)
z#1175                                              1 	(obj:0)
z#1178                                              1 	(obj:0)
z#1189                                              1 	(obj:0)
z#1199                                              1 	(obj:0)
z#1201                                              1 	(obj:0)
z#1204                                              1 	(obj:0)
z#1213                                              1 	(obj:0)
z#1226                                              1 	(obj:0)
z#1228                                              1 	(obj:0)
z#1236                                              1 	(obj:0)
z#1245                                              1 	(obj:0)
z#1246                                              1 	(obj:0)
z#1250                                              1 	(obj:0)
z#1258                                              1 	(obj:0)
z#1263                                              1 	(obj:0)
z#1266                                              1 	(obj:0)
z#1275                                              1 	(obj:0)
z#1284                                              1 	(obj:0)
z#1289                                              1 	(obj:0)
z#1290                                              1 	(obj:0)
z#1301                                              1 	(obj:0)
z#1305                                              1 	(obj:0)
z#1307                                              1 	(obj:0)
z#1312                                              1 	(obj:0)
z#1313                                              1 	(obj:0)
z#1315                                              1 	(obj:0)
z#1318                                              1 	(obj:0)
z#1321                                              1 	(obj:0)
z#1324                                              1 	(obj:0)
z#1326                                              1 	(obj:0)
z#1328                                              1 	(obj:0)
z#1329                                              1 	(obj:0)
z#1337                                              1 	(obj:0)
z#1341                                              1 	(obj:0)
z#1343                                              1 	(obj:0)
z#1365                                              1 	(obj:0)
z#1371                                              1 	(obj:0)
z#1383                                              1 	(obj:0)
z#1388                                              1 	(obj:0)
z#1390                                              1 	(obj:0)
z#1392                                              1 	(obj:0)
z#1397                                              1 	(obj:0)
z#1409                                              1 	(obj:0)
z#1425                                              1 	(obj:0)
z#1432                                              1 	(obj:0)
z#1439                                              1 	(obj:0)
z#1442                                              1 	(obj:0)
z#1445                                              1 	(obj:0)
z#1448                                              1 	(obj:0)
z#1453                                              1 	(obj:0)
z#1460                                              1 	(obj:0)
z#1475                                              1 	(obj:0)
z#1477                                              1 	(obj:0)
z#1478                                              1 	(obj:0)
z#1480                                              1 	(obj:0)
z#1485                                              1 	(obj:0)
z#1492                                              1 	(obj:0)
z#1513                                              1 	(obj:0)
z#1518                                              1 	(obj:0)
z#1520                                              1 	(obj:0)
z#1522                                              1 	(obj:0)
z#1525                                              1 	(obj:0)
z#1531                                              1 	(obj:0)
z#1536                                              1 	(obj:0)
z#1539                                              1 	(obj:0)
z#1546                                              1 	(obj:0)
z#1551                                              1 	(obj:0)
z#1555                                              1 	(obj:0)
z#1556                                              1 	(obj:0)
z#1565                                              1 	(obj:0)
z#1569                                              1 	(obj:0)
z#1580                                              1 	(obj:0)
z#1582                                              1 	(obj:0)
z#1586                                              1 	(obj:0)
z#1589                                              1 	(obj:0)
z#1597                                              1 	(obj:0)
z#1599                                              1 	(obj:0)
z#1608                                              1 	(obj:0)
z#1612                                              1 	(obj:0)
z#1618                                              1 	(obj:0)
z#1622                                              1 	(obj:0)
z#1632                                              1 	(obj:0)
z#1633                                              1 	(obj:0)
z#1634                                              1 	(obj:0)
z#1635                                              1 	(obj:0)
z#1640                                              1 	(obj:0)
z#1644                                              1 	(obj:0)
z#1646                                              1 	(obj:0)
z#1649                                              1 	(obj:0)
z#1661                                              1 	(obj:0)
z#1666                                              1 	(obj:0)
z#1672                                              1 	(obj:0)
z#1676                                              1 	(obj:0)
z#1683                                              1 	(obj:0)
z#1685                                              1 	(obj:0)
z#1686                                              1 	(obj:0)
z#1693                                              1 	(obj:0)
z#1695                                              1 	(obj:0)
z#1696                                              1 	(obj:0)
z#1701                                              1 	(obj:0)
z#1706                                              1 	(obj:0)
z#1707                                              1 	(obj:0)
z#1710                                              1 	(obj:0)
z#1714                                              1 	(obj:0)
z#1716                                              1 	(obj:0)
z#1717                                              1 	(obj:0)
z#1719                                              1 	(obj:0)
z#1735                                              1 	(obj:0)
z#1739                                              1 	(obj:0)
z#1743                                              1 	(obj:0)
z#1746                                              1 	(obj:0)
z#1747                                              1 	(obj:0)
z#1748                                              1 	(obj:0)
z#1751                                              1 	(obj:0)
z#1754                                              1 	(obj:0)
z#1755                                              1 	(obj:0)
z#1763                                              1 	(obj:0)
z#1765                                              1 	(obj:0)
z#1770                                              1 	(obj:0)
z#1788                                              1 	(obj:0)
z#1789                                              1 	(obj:0)
z#1793                                              1 	(obj:0)
z#1794                                              1 	(obj:0)
z#1797                                              1 	(obj:0)
z#1808                                              1 	(obj:0)
z#1810                                              1 	(obj:0)
z#1812                                              1 	(obj:0)
z#1813                                              1 	(obj:0)
z#1817                                              1 	(obj:0)
z#1822                                              1 	(obj:0)
z#1823                                              1 	(obj:0)
z#1843                                              1 	(obj:0)
z#1848                                              1 	(obj:0)
z#1857                                              1 	(obj:0)
z#1858                                              1 	(obj:0)
z#1873                                              1 	(obj:0)
z#1877                                              1 	(obj:0)
z#1882                                              1 	(obj:0)
z#1885                                              1 	(obj:0)
z#1887                                              1 	(obj:0)
z#1888                                              1 	(obj:0)
z#1900                                              1 	(obj:0)
z#1903                                              1 	(obj:0)
z#1909                                              1 	(obj:0)
z#1911                                              1 	(obj:0)
z#1914                                              1 	(obj:0)
z#1917                                              1 	(obj:0)
z#1926                                              1 	(obj:0)
z#1927                                              1 	(obj:0)
z#1934                                              1 	(obj:0)
z#1941                                              1 	(obj:0)
z#1948                                              1 	(obj:0)
z#1973                                              1 	(obj:0)
z#1982                                              1 	(obj:0)
z#1989                                              1 	(obj:0)
z#1990                                              1 	(obj:0)
z#1992                                              1 	(obj:0)
z#1999                                              1 	(obj:0)
z#2002                                              1 	(obj:0)
z#2008                                              1 	(obj:0)
z#2011                                              1 	(obj:0)
z#2013                                              1 	(obj:0)
z#2025                                              1 	(obj:0)
z#2029                                              1 	(obj:0)
z#2036                                              1 	(obj:0)
z#2038                                              1 	(obj:0)
z#2040                                              1 	(obj:0)
z#2058                                              1 	(obj:0)
z#2061                                              1 	(obj:0)
z#2062                                              1 	(obj:0)
z#2067                                              1 	(obj:0)
z#2072                                              1 	(obj:0)
z#2073                                              1 	(obj:0)
z#2078                                              1 	(obj:0)
z#2081                                              1 	(obj:0)
z#2083                                              1 	(obj:0)
z#2087                                              1 	(obj:0)
z#2093                                              1 	(obj:0)
z#2095                                              1 	(obj:0)
z#2101                                              1 	(obj:0)
z#2104                                              1 	(obj:0)
z#2107                                              1 	(obj:0)
z#2116                                              1 	(obj:0)
z#2119                                              1 	(obj:0)
z#2124                                              1 	(obj:0)
z#2150                                              1 	(obj:0)
z#2153                                              1 	(obj:0)
z#2157                                              1 	(obj:0)
z#2171                                              1 	(obj:0)
z#2173                                              1 	(obj:0)
z#2179                                              1 	(obj:0)
z#2182                                              1 	(obj:0)
z#2191                                              1 	(obj:0)
z#2193                                              1 	(obj:0)
z#2198                                              1 	(obj:0)
z#2209                                              1 	(obj:0)
z#2212                                              1 	(obj:0)
z#2225                                              1 	(obj:0)
z#2227                                              1 	(obj:0)
z#2234                                              1 	(obj:0)
z#2236                                              1 	(obj:0)
z#2238                                              1 	(obj:0)
z#2243                                              1 	(obj:0)
z#2260                                              1 	(obj:0)
z#2265                                              1 	(obj:0)
z#2268                                              1 	(obj:0)
z#2273                                              1 	(obj:0)
z#2280                                              1 	(obj:0)
z#2283                                              1 	(obj:0)
z#2287                                              1 	(obj:0)
z#2288                                              1 	(obj:0)
z#2295                                              1 	(obj:0)
z#2297                                              1 	(obj:0)
z#2299                                              1 	(obj:0)
z#2306                                              1 	(obj:0)
z#2309                                              1 	(obj:0)
z#2317                                              1 	(obj:0)
z#2319                                              1 	(obj:0)
z#2325                                              1 	(obj:0)
z#2330                                              1 	(obj:0)
z#2331                                              1 	(obj:0)
z#2333                                              1 	(obj:0)
z#2334                                              1 	(obj:0)
z#2335                                              1 	(obj:0)
z#2336                                              1 	(obj:0)
z#2338                                              1 	(obj:0)
z#2342                                              1 	(obj:0)
z#2344                                              1 	(obj:0)
z#2345                                              1 	(obj:0)
z#2350                                              1 	(obj:0)
z#2358                                              1 	(obj:0)
z#2359                                              1 	(obj:0)
z#2363                                              1 	(obj:0)
z#2366                                              1 	(obj:0)
z#2369                                              1 	(obj:0)
z#2371                                              1 	(obj:0)
z#2374                                              1 	(obj:0)
z#2376                                              1 	(obj:0)
z#2377                                              1 	(obj:0)
z#2379                                              1 	(obj:0)
z#2384                                              1 	(obj:0)
z#2390                                              1 	(obj:0)
z#2395                                              1 	(obj:0)
z#2418                                              1 	(obj:0)
z#2423                                              1 	(obj:0)
z#2436                                              1 	(obj:0)
z#2441                                              1 	(obj:0)
z#2444                                              1 	(obj:0)
z#2446                                              1 	(obj:0)
z#2447                                              1 	(obj:0)
z#2454                                              1 	(obj:0)
z#2455                                              1 	(obj:0)
z#2483                                              1 	(obj:0)
z#2484                                              1 	(obj:0)
z#2488                                              1 	(obj:0)
z#2497                                              1 	(obj:0)
z#2509                                              1 	(obj:0)
z#2510                                              1 	(obj:0)
z#2518                                              1 	(obj:0)
z#2521                                              1 	(obj:0)
z#2523                                              1 	(obj:0)
z#2524                                              1 	(obj:0)
z#2535                                              1 	(obj:0)
z#2537                                              1 	(obj:0)
z#2541                                              1 	(obj:0)
z#2543                                              1 	(obj:0)
z#2544                                              1 	(obj:0)
z#2545                                              1 	(obj:0)
z#2549                                              1 	(obj:0)
z#2555                                              1 	(obj:0)
z#2556                                              1 	(obj:0)
z#2559                                              1 	(obj:0)
z#2560                                              1 	(obj:0)
z#2573                                              1 	(obj:0)
z#2579                                              1 	(obj:0)
z#2589                                              1 	(obj:0)
z#2591                                              1 	(obj:0)
z#2595                                              1 	(obj:0)
z#2596                                              1 	(obj:0)
z#2602                                              1 	(obj:0)
z#2613                                              1 	(obj:0)
z#2619                                              1 	(obj:0)
z#2623                                              1 	(obj:0)
z#2624                                              1 	(obj:0)
z#2627                                              1 	(obj:0)
z#2629                                              1 	(obj:0)
z#2631                                              1 	(obj:0)
z#2632                                              1 	(obj:0)
z#2650                                              1 	(obj:0)
z#2651                                              1 	(obj:0)
z#2654                                              1 	(obj:0)
z#2661                                              1 	(obj:0)
z#2663                                              1 	(obj:0)
z#2668                                              1 	(obj:0)
z#2669                                              1 	(obj:0)
z#2671                                              1 	(obj:0)
z#2673                                              1 	(obj:0)
z#2680                                              1 	(obj:0)
z#2683                                              1 	(obj:0)
z#2685                                              1 	(obj:0)
z#2693                                              1 	(obj:0)
z#2700                                              1 	(obj:0)
z#2703                                              1 	(obj:0)
z#2705                                              1 	(obj:0)
z#2712                                              1 	(obj:0)
z#2722                                              1 	(obj:0)
z#2730                                              1 	(obj:0)
z#2738                                              1 	(obj:0)
z#2743                                              1 	(obj:0)
z#2745                                              1 	(obj:0)
z#2748                                              1 	(obj:0)
z#2759                                              1 	(obj:0)
z#2760                                              1 	(obj:0)
z#2766                                              1 	(obj:0)
z#2769                                              1 	(obj:0)
z#2772                                              1 	(obj:0)
z#2777                                              1 	(obj:0)
z#2779                                              1 	(obj:0)
z#2784                                              1 	(obj:0)
z#2790                                              1 	(obj:0)
z#2799                                              1 	(obj:0)
z#2805                                              1 	(obj:0)
z#2815                                              1 	(obj:0)
z#2816                                              1 	(obj:0)
z#2818                                              1 	(obj:0)
z#2819                                              1 	(obj:0)
z#2824                                              1 	(obj:0)
z#2825                                              1 	(obj:0)
z#2833                                              1 	(obj:0)
z#2834                                              1 	(obj:0)
z#2836                                              1 	(obj:0)
z#2840                                              1 	(obj:0)
z#2851                                              1 	(obj:0)
z#2854                                              1 	(obj:0)
z#2857                                              1 	(obj:0)
z#2863                                              1 	(obj:0)
z#2871                                              1 	(obj:0)
z#2874                                              1 	(obj:0)
z#2888                                              1 	(obj:0)
z#2893                                              1 	(obj:0)
z#2896                                              1 	(obj:0)
z#2897                                              1 	(obj:0)
z#2902                                              1 	(obj:0)
z#2905                                              1 	(obj:0)
z#2907                                              1 	(obj:0)
z#2911                                              1 	(obj:0)
z#2913                                              1 	(obj:0)
z#2914                                              1 	(obj:0)
z#2919                                              1 	(obj:0)
z#2920                                              1 	(obj:0)
z#2921                                              1 	(obj:0)
z#2940                                              1 	(obj:0)
z#2950                                              1 	(obj:0)
z#2960                                              1 	(obj:0)
z#2968                                              1 	(obj:0)
z#2971                                              1 	(obj:0)
z#2974                                              1 	(obj:0)
z#2980                                              1 	(obj:0)
z#2984                                              1 	(obj:0)
z#2986                                              1 	(obj:0)
z#2990                                              1 	(obj:0)
x#0                                           446.406 	(obj:262)
x#1                                  4.45299999999997 	(obj:259)
x#3                                  29.0650000000001 	(obj:132)
x#5                                            21.203 	(obj:162)
x#7                                  15.0799999999999 	(obj:152)
x#9                                           125.358 	(obj:137)
x#13                                          355.912 	(obj:130)
x#17                                 30.5600000000002 	(obj:170)
x#19                                 280.738000000955 	(obj:119)
x#25                                0.581999999996697 	(obj:167)
x#26                                 361.847000000008 	(obj:154)
x#33                                 2.89300000159903 	(obj:160)
x#34                                 194.125999998396 	(obj:192)
x#39                                 3.56899999999621 	(obj:170)
x#41                                 347.903000000008 	(obj:164)
x#42                                   151.2510000016 	(obj:143)
x#49                                 197.191999998396 	(obj:143)
x#54                                 342.495000000004 	(obj:113)
x#56                                 2.99900000000002 	(obj:158)
x#57                                 157.284000001599 	(obj:166)
x#59                              0.00400000000013279 	(obj:153)
x#60                               0.0069999999996071 	(obj:142)
x#63                                 197.196999998394 	(obj:139)
x#65                                 342.501000000007 	(obj:177)
x#72                                 160.286000001599 	(obj:137)
x#73                               0.0130000024252013 	(obj:153)
x#78                                 197.197999995969 	(obj:122)
x#80                                 342.502000000007 	(obj:183)
x#86                                 160.287000001599 	(obj:201)
x#88                               0.0130000024252013 	(obj:184)
x#91                                               24 	(obj:190)
x#93                                 30.7979999959691 	(obj:258)
x#95                                 345.502000000007 	(obj:156)
x#100                                299.700000004024 	(obj:109)
x#106                                              15 	(obj:132)
x#107                                385.299999995976 	(obj:119)
x#113                                297.700000004024 	(obj:129)
x#114                                               2 	(obj:138)
x#121                                               1 	(obj:177)
x#122                                399.299999995976 	(obj:138)
x#127                                156.500000004024 	(obj:181)
x#131                                               4 	(obj:113)
x#134                                               1 	(obj:166)
x#137                                538.499999995976 	(obj:179)
x#142                                156.500000004024 	(obj:115)
y#0                                           110.594 	(obj:195)
y#2                                            28.806 	(obj:137)
y#12                                             32.7 	(obj:113)
y#13                                 100.276999999995 	(obj:100)
y#16                                 6.62300000000459 	(obj:126)
y#24                                 21.8889999990398 	(obj:117)
y#29                                 2.84699999999975 	(obj:103)
y#32                                 28.7690000000005 	(obj:127)
y#33                                   108.2970000016 	(obj:105)
y#38                               0.0869999984000742 	(obj:146)
y#47                               0.0229999999992287 	(obj:109)
y#62                              0.00200000000040745 	(obj:119)
y#70                             0.000999999999976353 	(obj:161)
y#93                                            139.4 	(obj:103)
y#128                                           139.2 	(obj:111)
y#144                                               4 	(obj:101)
u#0                                           446.406 	(obj:0)
u#1                                           450.859 	(obj:0)
u#2                                           450.859 	(obj:0)
u#3                                           479.924 	(obj:0)
u#4                                           479.924 	(obj:0)
u#5                                           501.127 	(obj:0)
u#6                                           501.127 	(obj:0)
u#7                                           516.207 	(obj:0)
u#8                                           516.207 	(obj:0)
u#9                                           641.565 	(obj:0)
u#10                                          641.565 	(obj:0)
u#11                                          641.565 	(obj:0)
u#12                                          641.565 	(obj:0)
u#13                                          997.477 	(obj:0)
u#14                                          997.477 	(obj:0)
u#15                                          551.071 	(obj:0)
u#16                                          546.618 	(obj:0)
u#17                                          577.178 	(obj:0)
u#18                                          548.113 	(obj:0)
u#19                                 828.851000000955 	(obj:0)
u#20                                 807.648000000955 	(obj:0)
u#21                                 807.648000000955 	(obj:0)
u#22                                 792.568000000955 	(obj:0)
u#23                                 792.568000000955 	(obj:0)
u#24                                 667.210000000955 	(obj:0)
u#25                                 667.792000000952 	(obj:0)
u#26                                 1029.63900000096 	(obj:0)
u#27                                 1029.63900000096 	(obj:0)
u#28                                  673.72700000096 	(obj:0)
u#29                                  673.72700000096 	(obj:0)
u#30                                  673.72700000096 	(obj:0)
u#31                                  673.72700000096 	(obj:0)
u#32                                  643.16700000096 	(obj:0)
u#33                                 646.060000002559 	(obj:0)
u#34                                          559.448 	(obj:0)
u#35                                          559.448 	(obj:0)
u#36                                          559.448 	(obj:0)
u#37                                          559.448 	(obj:0)
u#38                                          559.448 	(obj:0)
u#39                                 563.016999999996 	(obj:0)
u#40                                 562.434999999999 	(obj:0)
u#41                                          548.491 	(obj:0)
u#42                                   699.7420000016 	(obj:0)
u#43                                   699.7420000016 	(obj:0)
u#44                                   699.7420000016 	(obj:0)
u#45                                   699.7420000016 	(obj:0)
u#46                                   699.7420000016 	(obj:0)
u#47                                   699.7420000016 	(obj:0)
u#48                                 696.849000000001 	(obj:0)
u#49                                 699.915000000001 	(obj:0)
u#50                                 699.915000000001 	(obj:0)
u#51                                 699.915000000001 	(obj:0)
u#52                                 699.915000000001 	(obj:0)
u#53                                 699.915000000001 	(obj:0)
u#54                                 1038.84100000001 	(obj:0)
u#55                                 1038.84100000001 	(obj:0)
u#56                                 693.937000000001 	(obj:0)
u#57                                           699.97 	(obj:0)
u#58                                           699.97 	(obj:0)
u#59                                          699.974 	(obj:0)
u#60                                          699.981 	(obj:0)
u#61                                          699.981 	(obj:0)
u#62                                          699.981 	(obj:0)
u#63                                 897.177999998394 	(obj:0)
u#64                                 699.985999999997 	(obj:0)
u#65                                         1042.487 	(obj:0)
u#66                                         1042.487 	(obj:0)
u#67                                         1042.487 	(obj:0)
u#68                                         1042.487 	(obj:0)
u#69                                          699.992 	(obj:0)
u#70                                          699.992 	(obj:0)
u#71                                          696.993 	(obj:0)
u#72                                 699.994999999999 	(obj:0)
u#73                                 700.008000002424 	(obj:0)
u#74                                 700.004000002424 	(obj:0)
u#75                                 699.997000002425 	(obj:0)
u#76                                 699.997000002425 	(obj:0)
u#77                                 699.997000002425 	(obj:0)
u#78                                          699.998 	(obj:0)
u#79                                          699.998 	(obj:0)
u#80                                 699.998999999996 	(obj:0)
u#81                                          699.999 	(obj:0)
u#82                                          699.999 	(obj:0)
u#83                                 699.998999999996 	(obj:0)
u#84                                          699.999 	(obj:0)
u#85                                          699.999 	(obj:0)
u#86                                 860.286000001599 	(obj:0)
u#87                                              700 	(obj:0)
u#88                                              700 	(obj:0)
u#89                                              700 	(obj:0)
u#90                                              700 	(obj:0)
u#91                                              724 	(obj:0)
u#92                                              724 	(obj:0)
u#93                                            557.6 	(obj:0)
u#94                                            557.6 	(obj:0)
u#95                                            560.6 	(obj:0)
u#96                                            560.6 	(obj:0)
u#97                                            560.6 	(obj:0)
u#98                                            560.6 	(obj:0)
u#99                                            560.6 	(obj:0)
u#100                                860.300000004024 	(obj:0)
u#101                                700.013000002425 	(obj:0)
u#102                                700.013000002425 	(obj:0)
u#103                                             700 	(obj:0)
u#104                                             700 	(obj:0)
u#105                                             700 	(obj:0)
u#106                                             691 	(obj:0)
u#107                                1076.29999999598 	(obj:0)
u#108                                1045.50200000001 	(obj:0)
u#109                                1045.50200000001 	(obj:0)
u#110                                             700 	(obj:0)
u#111                                             700 	(obj:0)
u#112                                             700 	(obj:0)
u#113                                997.700000004024 	(obj:0)
u#114                                999.700000004024 	(obj:0)
u#115                                             700 	(obj:0)
u#116                                             700 	(obj:0)
u#117                                             700 	(obj:0)
u#118                                             700 	(obj:0)
u#119                                             700 	(obj:0)
u#120                                             700 	(obj:0)
u#121                                             686 	(obj:0)
u#122                                             700 	(obj:0)
u#123                                             700 	(obj:0)
u#124                                             700 	(obj:0)
u#125                                             700 	(obj:0)
u#126                                             700 	(obj:0)
u#127                                856.500000004024 	(obj:0)
u#128                                           558.8 	(obj:0)
u#129                                           556.8 	(obj:0)
u#130                                           556.8 	(obj:0)
u#131                                           560.8 	(obj:0)
u#132                                           560.8 	(obj:0)
u#133                                           560.8 	(obj:0)
u#134                                           561.8 	(obj:0)
u#135                                           561.8 	(obj:0)
u#136                                           560.8 	(obj:0)
u#137                                             700 	(obj:0)
u#138                                             700 	(obj:0)
u#139                                             700 	(obj:0)
u#140                                             700 	(obj:0)
u#141                                             700 	(obj:0)
u#142                                             700 	(obj:0)
u#143                                             700 	(obj:0)
u#144                                             700 	(obj:0)
u#145                                             700 	(obj:0)
u#146                                             696 	(obj:0)
u#147                                             696 	(obj:0)
u#148                                             696 	(obj:0)
u#149                                             695 	(obj:0)
v#0                                           110.594 	(obj:0)
v#1                                           110.594 	(obj:0)
v#2                                             139.4 	(obj:0)
v#3                                             139.4 	(obj:0)
v#4                                             139.4 	(obj:0)
v#5                                             139.4 	(obj:0)
v#6                                             139.4 	(obj:0)
v#7                                             139.4 	(obj:0)
v#8                                             139.4 	(obj:0)
v#9                                             139.4 	(obj:0)
v#10                                           28.806 	(obj:0)
v#11                                           28.806 	(obj:0)
v#12                                             32.7 	(obj:0)
v#13                                 132.976999999995 	(obj:0)
v#14                                 132.976999999995 	(obj:0)
v#15                                 132.976999999995 	(obj:0)
v#16                                            139.6 	(obj:0)
v#17                                            139.6 	(obj:0)
v#18                                            139.6 	(obj:0)
v#19                                            139.6 	(obj:0)
v#20                                            139.6 	(obj:0)
v#21                                            139.6 	(obj:0)
v#22                                            106.9 	(obj:0)
v#23                                 6.62300000000459 	(obj:0)
v#24                                 28.5119999990444 	(obj:0)
v#25                                 28.5119999990444 	(obj:0)
v#26                                 21.8889999990398 	(obj:0)
v#27                                 21.8889999990398 	(obj:0)
v#28                                 21.8889999990398 	(obj:0)
v#29                                 24.7359999990396 	(obj:0)
v#30                                 24.7359999990396 	(obj:0)
v#31                                 24.7359999990396 	(obj:0)
v#32                                 53.5049999990401 	(obj:0)
v#33                                  161.80200000064 	(obj:0)
v#34                                   139.9130000016 	(obj:0)
v#35                                   139.9130000016 	(obj:0)
v#36                                   139.9130000016 	(obj:0)
v#37                                   139.9130000016 	(obj:0)
v#38                                              140 	(obj:0)
v#39                                          137.153 	(obj:0)
v#40                                          137.153 	(obj:0)
v#41                                          137.153 	(obj:0)
v#42                                          108.384 	(obj:0)
v#43                               0.0869999984000742 	(obj:0)
v#44                               0.0869999984000742 	(obj:0)
v#45                               0.0869999984000742 	(obj:0)
v#46                               0.0869999984000742 	(obj:0)
v#47                                0.109999998399303 	(obj:0)
v#48                               0.0229999999992287 	(obj:0)
v#49                               0.0229999999992287 	(obj:0)
v#50                               0.0229999999992287 	(obj:0)
v#51                               0.0229999999992287 	(obj:0)
v#52                               0.0229999999992287 	(obj:0)
v#53                               0.0229999999992287 	(obj:0)
v#54                               0.0229999999992287 	(obj:0)
v#55                               0.0229999999992287 	(obj:0)
v#56                               0.0229999999992287 	(obj:0)
v#62                              0.00200000000040745 	(obj:0)
v#63                              0.00200000000040745 	(obj:0)
v#64                              0.00200000000040745 	(obj:0)
v#65                              0.00200000000040745 	(obj:0)
v#66                              0.00200000000040745 	(obj:0)
v#67                              0.00200000000040745 	(obj:0)
v#68                              0.00200000000040745 	(obj:0)
v#69                              0.00200000000040745 	(obj:0)
v#70                              0.00300000000038381 	(obj:0)
v#71                              0.00300000000038381 	(obj:0)
v#72                             0.000999999999976353 	(obj:0)
v#73                             0.000999999999976353 	(obj:0)
v#74                             0.000999999999976353 	(obj:0)
v#75                             0.000999999999976353 	(obj:0)
v#76                             0.000999999999976353 	(obj:0)
v#77                             0.000999999999976353 	(obj:0)
v#78                             0.000999999999976353 	(obj:0)
v#79                             0.000999999999976353 	(obj:0)
v#93                                            139.4 	(obj:0)
v#94                                            139.4 	(obj:0)
v#95                                            139.4 	(obj:0)
v#96                                            139.4 	(obj:0)
v#97                                            139.4 	(obj:0)
v#98                                            139.4 	(obj:0)
v#99                                            139.4 	(obj:0)
v#100                                           139.4 	(obj:0)
v#101                                           139.4 	(obj:0)
v#102                                           139.4 	(obj:0)
v#128                                           139.2 	(obj:0)
v#129                                           139.2 	(obj:0)
v#130                                           139.2 	(obj:0)
v#131                                           139.2 	(obj:0)
v#132                                           139.2 	(obj:0)
v#133                                           139.2 	(obj:0)
v#134                                           139.2 	(obj:0)
v#135                                           139.2 	(obj:0)
v#136                                           139.2 	(obj:0)
v#137                                           139.2 	(obj:0)
v#144                                               4 	(obj:0)
v#145                                               4 	(obj:0)
v#146                                               4 	(obj:0)
v#147                                               4 	(obj:0)
v#148                                               4 	(obj:0)
v#149                                               4 	(obj:0)
w#0                                               557 	(obj:0)
w#1                                           561.453 	(obj:0)
w#2                                           590.259 	(obj:0)
w#3                                           619.324 	(obj:0)
w#4                                           619.324 	(obj:0)
w#5                                           640.527 	(obj:0)
w#6                                           640.527 	(obj:0)
w#7                                           655.607 	(obj:0)
w#8                                           655.607 	(obj:0)
w#9                                           780.965 	(obj:0)
w#10                                          670.371 	(obj:0)
w#11                                          670.371 	(obj:0)
w#12                                          674.265 	(obj:0)
w#13                                         1130.454 	(obj:0)
w#14                                         1130.454 	(obj:0)
w#15                                 684.047999999995 	(obj:0)
w#16                                          686.218 	(obj:0)
w#17                                          716.778 	(obj:0)
w#18                                          687.713 	(obj:0)
w#19                                 968.451000000955 	(obj:0)
w#20                                 947.248000000955 	(obj:0)
w#21                                 947.248000000955 	(obj:0)
w#22                                 899.468000000955 	(obj:0)
w#23                                  799.19100000096 	(obj:0)
w#24                                          695.722 	(obj:0)
w#25                                 696.303999999996 	(obj:0)
w#26                                         1051.528 	(obj:0)
w#27                                         1051.528 	(obj:0)
w#28                                          695.616 	(obj:0)
w#29                                          698.463 	(obj:0)
w#30                                          698.463 	(obj:0)
w#31                                          698.463 	(obj:0)
w#32                                          696.672 	(obj:0)
w#33                                 807.862000003199 	(obj:0)
w#34                                   699.3610000016 	(obj:0)
w#35                                   699.3610000016 	(obj:0)
w#36                                   699.3610000016 	(obj:0)
w#37                                   699.3610000016 	(obj:0)
w#38                                          699.448 	(obj:0)
w#39                                 700.169999999996 	(obj:0)
w#40                                          699.588 	(obj:0)
w#41                                          685.644 	(obj:0)
w#42                                 808.126000001599 	(obj:0)
w#43                                          699.829 	(obj:0)
w#44                                          699.829 	(obj:0)
w#45                                          699.829 	(obj:0)
w#46                                          699.829 	(obj:0)
w#47                                 699.851999999999 	(obj:0)
w#48                                          696.872 	(obj:0)
w#49                                          699.938 	(obj:0)
w#50                                          699.938 	(obj:0)
w#51                                          699.938 	(obj:0)
w#52                                          699.938 	(obj:0)
w#53                                          699.938 	(obj:0)
w#54                                 1038.86400000001 	(obj:0)
w#55                                 1038.86400000001 	(obj:0)
w#56                                           693.96 	(obj:0)
w#57                                           699.97 	(obj:0)
w#58                                           699.97 	(obj:0)
w#59                                          699.974 	(obj:0)
w#60                                          699.981 	(obj:0)
w#61                                          699.981 	(obj:0)
w#62                                          699.983 	(obj:0)
w#63                                 897.179999998394 	(obj:0)
w#64                                 699.987999999998 	(obj:0)
w#65                                         1042.489 	(obj:0)
w#66                                         1042.489 	(obj:0)
w#67                                         1042.489 	(obj:0)
w#68                                         1042.489 	(obj:0)
w#69                                          699.994 	(obj:0)
w#70                                          699.995 	(obj:0)
w#71                                          696.996 	(obj:0)
w#72                                 699.995999999999 	(obj:0)
w#73                                 700.009000002424 	(obj:0)
w#74                                 700.005000002424 	(obj:0)
w#75                                 699.998000002425 	(obj:0)
w#76                                 699.998000002425 	(obj:0)
w#77                                 699.998000002425 	(obj:0)
w#78                                          699.999 	(obj:0)
w#79                                          699.999 	(obj:0)
w#80                                 699.998999999996 	(obj:0)
w#81                                 699.998999999996 	(obj:0)
w#82                                 699.998999999996 	(obj:0)
w#83                                 699.998999999996 	(obj:0)
w#84                                          699.999 	(obj:0)
w#85                                          699.999 	(obj:0)
w#86                                 860.286000001599 	(obj:0)
w#87                                              700 	(obj:0)
w#88                                              700 	(obj:0)
w#89                                              700 	(obj:0)
w#90                                              700 	(obj:0)
w#91                                              724 	(obj:0)
w#92                                              724 	(obj:0)
w#93                                              697 	(obj:0)
w#94                                              697 	(obj:0)
w#95                                              700 	(obj:0)
w#96                                              700 	(obj:0)
w#97                                              700 	(obj:0)
w#98                                              700 	(obj:0)
w#99                                              700 	(obj:0)
w#100                                999.700000004024 	(obj:0)
w#101                                839.413000002425 	(obj:0)
w#102                                839.413000002425 	(obj:0)
w#103                                             700 	(obj:0)
w#104                                             700 	(obj:0)
w#105                                             700 	(obj:0)
w#106                                             691 	(obj:0)
w#107                                1076.29999999598 	(obj:0)
w#108                                1045.50200000001 	(obj:0)
w#109                                1045.50200000001 	(obj:0)
w#110                                             700 	(obj:0)
w#111                                             700 	(obj:0)
w#112                                             700 	(obj:0)
w#113                                997.700000004024 	(obj:0)
w#114                                999.700000004024 	(obj:0)
w#115                                             700 	(obj:0)
w#116                                             700 	(obj:0)
w#117                                             700 	(obj:0)
w#118                                             700 	(obj:0)
w#119                                             700 	(obj:0)
w#120                                             700 	(obj:0)
w#121                                             686 	(obj:0)
w#122                                             700 	(obj:0)
w#123                                             700 	(obj:0)
w#124                                             700 	(obj:0)
w#125                                             700 	(obj:0)
w#126                                             700 	(obj:0)
w#127                                856.500000004024 	(obj:0)
w#128                                             698 	(obj:0)
w#129                                             696 	(obj:0)
w#130                                             696 	(obj:0)
w#131                                             700 	(obj:0)
w#132                                             700 	(obj:0)
w#133                                             700 	(obj:0)
w#134                                             701 	(obj:0)
w#135                                             701 	(obj:0)
w#136                                             700 	(obj:0)
w#137                                           839.2 	(obj:0)
w#138                                             700 	(obj:0)
w#139                                             700 	(obj:0)
w#140                                             700 	(obj:0)
w#141                                             700 	(obj:0)
w#142                                             700 	(obj:0)
w#143                                             700 	(obj:0)
w#144                                             704 	(obj:0)
w#145                                             704 	(obj:0)
w#146                                             700 	(obj:0)
w#147                                             700 	(obj:0)
w#148                                             700 	(obj:0)
w#149                                             699 	(obj:0)

Statistics
==========

SCIP Status        : solving was interrupted [time limit reached]
Total Time         :   14401.34
  solving          :   14400.00
  presolving       :       3.96 (included in solving)
  reading          :       1.34
  copying          :       3.96 (28 #copies) (minimal 0.13, maximal 0.16, average 0.14)
Original Problem   :
  Problem name     : CCMPPData/150-3000-4
  Variables        : 3750 (3000 binary, 0 integer, 0 implicit integer, 750 continuous)
  Constraints      : 90602 initial, 90602 maximal
  Objective        : minimize, 300 non-zeros (abs.min = 100, abs.max = 299)
Presolved Problem  :
  Problem name     : t_CCMPPData/150-3000-4
  Variables        : 3592 (3000 binary, 0 integer, 0 implicit integer, 592 continuous)
  Constraints      : 89933 initial, 91831 maximal
  Objective        : minimize, 298 non-zeros (abs.min = 100, abs.max = 299)
  Nonzeros         : 186326 constraint, 0 clique table
Presolvers         :   ExecTime  SetupTime  Calls  FixedVars   AggrVars   ChgTypes  ChgBounds   AddHoles    DelCons    AddCons   ChgSides   ChgCoefs
  boundshift       :       0.00       0.00      0          0          0          0          0          0          0          0          0          0
  convertinttobin  :       0.00       0.00      0          0          0          0          0          0          0          0          0          0
  domcol           :       0.06       0.00      1          0          0          0          0          0          0          0          0          0
  dualagg          :       0.00       0.00      0          0          0          0          0          0          0          0          0          0
  dualcomp         :       0.04       0.00      1          0          0          0          0          0          0          0          0          0
  dualinfer        :       0.00       0.00      0          0          0          0          0          0          0          0          0          0
  dualsparsify     :       0.15       0.00      1          0          0          0          0          0          0          0          0          0
  gateextraction   :       0.00       0.00      0          0          0          0          0          0          0          0          0          0
  implics          :       0.00       0.00      3          0          0          0          0          0          0          0          0          0
  inttobinary      :       0.00       0.00      0          0          0          0          0          0          0          0          0          0
  milp             :       0.37       0.00      1          2        152          0         73          0          0          0          0          0
  qpkktref         :       0.00       0.00      0          0          0          0          0          0          0          0          0          0
  redvub           :       0.00       0.00      0          0          0          0          0          0          0          0          0          0
  sparsify         :       0.06       0.00      1          0          0          0          0          0          0          0          0          0
  stuffing         :       0.00       0.00      0          0          0          0          0          0          0          0          0          0
  trivial          :       0.00       0.00      5          0          0          0          0          0          0          0          0          0
  tworowbnd        :       0.00       0.00      0          0          0          0          0          0          0          0          0          0
  dualfix          :       0.00       0.00      5          0          0          0          0          0          0          0          0          0
  genvbounds       :       0.00       0.00      0          0          0          0          0          0          0          0          0          0
  probing          :       2.82       0.00      1          0          0          0          0          0          0          0          0          0
  pseudoobj        :       0.00       0.00      0          0          0          0          0          0          0          0          0          0
  symmetry         :       0.00       0.00      1          0          0          0          0          0          0          0          0          0
  vbounds          :       0.00       0.00      0          0          0          0          0          0          0          0          0          0
  chancecons       :       0.00       0.00      0          0          0          0          0          0          0          0          0          0
  varbound         :       0.13       0.00      2          0          0          0          0          0          0          0          0          0
  knapsack         :       0.00       0.00      3          0          0          0          0          0          0          0          0          0
  linear           :       0.27       0.03      7          0          4          0        150          0        669          0          0          0
  bounddisjunction :       0.00       0.00      0          0          0          0          0          0          0          0          0          0
  benders          :       0.00       0.00      0          0          0          0          0          0          0          0          0          0
  components       :       0.00       0.00      1          0          0          0          0          0          0          0          0          0
  root node        :          -          -      -          0          -          -       3142          -          -          -          -          -
Constraints        :     Number  MaxNumber  #Separate #Propagate    #EnfoLP    #EnfoRelax  #EnfoPS    #Check   #ResProp    Cutoffs    DomReds       Cuts    Applied      Conss   Children
  benderslp        :          0          0          0          0      13170          0          0       2177          0          0          0          0          0          0          0
  chancecons       :          1          1       2424          0          0          0          0          0          0          0          0     130851      54771          0          0
  integral         :          0          0          0          0      13170          0          0       2177          0          0       1090          0          0        630      25742
  varbound         :      89487      89487         34     302736          0          0          0       2172    1711066          6     766195          0          0          0          0
  knapsack         :          1          1         34     314645          0          0          0         54         25       2888      33850          0          0          0          0
  linear           :        444+       494         34     312609          0          0          0         55     124485       3207    4493756          0          0          0          0
  bounddisjunction :          0+      1860          0      22508          0          0          0          0          0          0          0          0          0          0          0
  benders          :          0          0          0          0          0          0          0         53          0          0          0          0          0          0          0
  fixedvar         :          0          0          0          0          0          0          0         53          0          0          0          0          0          0          0
  countsols        :          0          0          0          0          0          0          0         53          0          0          0          0          0          0          0
  components       :          0          0          0          0          0          0          0          0          0          0          0          0          0          0          0
Constraint Timings :  TotalTime  SetupTime   Separate  Propagate     EnfoLP     EnfoPS     EnfoRelax   Check    ResProp    SB-Prop
  benderslp        :       0.01       0.00       0.00       0.00       0.01       0.00       0.00       0.00       0.00       0.00
  chancecons       :      16.44       0.00      16.44       0.00       0.00       0.00       0.00       0.00       0.00       0.00
  integral         :    2318.92       0.00       0.00       0.00    2318.92       0.00       0.00       0.00       0.00       0.00
  varbound         :      32.27       0.00       0.27      21.76       0.00       0.00       0.00       0.24       0.25       9.74
  knapsack         :       9.35       0.00       5.30       3.88       0.00       0.00       0.00       0.00       0.00       0.16
  linear           :      47.99       0.03       0.13      38.41       0.00       0.00       0.00       0.00       0.49       8.93
  bounddisjunction :       1.00       0.00       0.00       0.83       0.00       0.00       0.00       0.00       0.00       0.17
  benders          :       0.00       0.00       0.00       0.00       0.00       0.00       0.00       0.00       0.00       0.00
  fixedvar         :       0.00       0.00       0.00       0.00       0.00       0.00       0.00       0.00       0.00       0.00
  countsols        :       0.00       0.00       0.00       0.00       0.00       0.00       0.00       0.00       0.00       0.00
  components       :       0.02       0.00       0.00       0.02       0.00       0.00       0.00       0.00       0.00       0.00
Propagators        : #Propagate   #ResProp    Cutoffs    DomReds
  dualfix          :          8          0          0          0
  genvbounds       :          0          0          0          0
  nlobbt           :          0          0          0          0
  obbt             :          0          0          0          0
  probing          :          0          0          0          0
  pseudoobj        :      73858          0          0        298
  redcost          :      30268          0          0     321423
  rootredcost      :         17          0          0        690
  symmetry         :          0          0          0          0
  vbounds          :     154758          0          0          0
Propagator Timings :  TotalTime  SetupTime   Presolve  Propagate    ResProp    SB-Prop
  dualfix          :       0.00       0.00       0.00       0.00       0.00       0.00
  genvbounds       :       0.04       0.00       0.00       0.03       0.00       0.01
  nlobbt           :       0.00       0.00       0.00       0.00       0.00       0.00
  obbt             :       0.00       0.00       0.00       0.00       0.00       0.00
  probing          :       2.82       0.00       2.82       0.00       0.00       0.00
  pseudoobj        :       0.55       0.00       0.00       0.54       0.00       0.00
  redcost          :       2.62       0.00       0.00       2.62       0.00       0.01
  rootredcost      :       0.06       0.00       0.00       0.05       0.00       0.01
  symmetry         :       0.07       0.00       0.00       0.05       0.00       0.01
  vbounds          :       0.33       0.00       0.00       0.31       0.00       0.02
Symmetry           :
  orbitopal red.   :          0 reductions applied,          0 cutoffs
  orbital reduction:          0 reductions applied,          0 cutoffs
  lexicographic red:          0 reductions applied,          0 cutoffs
  shadow tree time :       0.00 s
Conflict Analysis  :       Time      Calls    Success    DomReds  Conflicts   Literals    Reconvs ReconvLits   Dualrays   Nonzeros   LP Iters   (pool size: [10000,10000])
  propagation      :       2.70       2895       2895          -      87534      266.5        350       56.7          -          -          -
  infeasible LP    :       0.30         72         70          -       2541      325.6          0        0.0          2        4.0          0
  bound exceed. LP :       7.37       1291        766          -       3502      145.5          0        0.0        643       79.8       6073
  strong branching :       0.00          0          0          -          0        0.0          0        0.0          -          -          0
  pseudo solution  :       0.00          0          0          -          0        0.0          0        0.0          -          -          -
  applied globally :       3.52          -          -        468      28441      165.5          -          -        645          -          -
  applied locally  :          -          -          -          0         13      566.8          -          -          0          -          -
Separators         :   ExecTime  SetupTime      Calls  RootCalls    Cutoffs    DomReds  FoundCuts ViaPoolAdd  DirectAdd    Applied ViaPoolApp  DirectApp      Conss
  cut pool         :       1.14          -       3291         68          -          -      36338     473772          -          -          -          -          -    (maximal pool size:      17750)
  aggregation      :       3.24       0.00        172         34          0          0      29726     325001          0      72764      72764          0          0
  > cmir           :          -          -          -          -          -          -          -     325001          0      72764      72764          0          -
  > flowcover      :          -          -          -          -          -          -          -          0          0          0          0          0          -
  > knapsackcover  :          -          -          -          -          -          -          -          0          0          0          0          0          -
  cgmip            :       0.00       0.00          0          0          0          0          0          0          0          0          0          0          0
  clique           :       0.00       0.00          1          1          0          0          0          0          0          0          0          0          0
  closecuts        :       0.00       0.00          0          0          0          0          0          0          0          0          0          0          0
  convexproj       :       0.00       0.00          0          0          0          0          0          0          0          0          0          0          0
  disjunctive      :       0.00       0.00          0          0          0          0          0          0          0          0          0          0          0
  eccuts           :       0.00       0.00          0          0          0          0          0          0          0          0          0          0          0
  gauge            :       0.00       0.00          0          0          0          0          0          0          0          0          0          0          0
  gomory           :      20.28       0.00        141         10          0          0       6612     148771          0      22100      22100          0          0
  > gomorymi       :          -          -          -          -          -          -          -     148771          0      22100      22100          0          -
  > strongcg       :          -          -          -          -          -          -          -          0          0          0          0          0          -
  impliedbounds    :       0.19       0.00        172         34          0          0          0          0          0          0          0          0          0
  interminor       :       0.00       0.00          0          0          0          0          0          0          0          0          0          0          0
  intobj           :       0.00       0.00          0          0          0          0          0          0          0          0          0          0          0
  lagromory        :       0.00       0.00          0          0          0          0          0          0          0          0          0          0          0
  mcf              :       0.02       0.00          1          1          0          0          0          0          0          0          0          0          0
  minor            :       0.00       0.00         10         10          0          0          0          0          0          0          0          0          0
  mixing           :       0.00       0.00          0          0          0          0          0          0          0          0          0          0          0
  oddcycle         :       0.00       0.00          0          0          0          0          0          0          0          0          0          0          0
  rapidlearning    :       0.00       0.00          0          0          0          0          0          0          0          0          0          0          0
  rlt              :       0.00       0.00         10         10          0          0          0          0          0          0          0          0          0
  zerohalf         :       0.70       0.00        151         20          0          0          0          0          0          0          0          0          0
Cutselectors       :   ExecTime  SetupTime      Calls  RootCalls   Selected     Forced   Filtered  RootSelec   RootForc   RootFilt 
  hybrid           :       1.05       0.00       3120         35     149635          0     454988       4310          0      27142
  ensemble         :       0.00       0.00          0          0          0          0          0          0          0          0
  dynamic          :       0.00       0.00          0          0          0          0          0          0          0          0
Pricers            :   ExecTime  SetupTime      Calls       Vars
  problem variables:       0.00          -          0          0
Branching Rules    :   ExecTime  SetupTime   BranchLP  BranchExt   BranchPS    Cutoffs    DomReds       Cuts      Conss   Children
  allfullstrong    :       0.00       0.00          0          0          0          0          0          0          0          0
  cloud            :       0.00       0.00          0          0          0          0          0          0          0          0
  distribution     :       0.00       0.00          0          0          0          0          0          0          0          0
  fullstrong       :       0.00       0.00          0          0          0          0          0          0          0          0
  gomory           :       0.00       0.00          0          0          0          0          0          0          0          0
  inference        :       0.00       0.00          0          0          0          0          0          0          0          0
  leastinf         :       0.00       0.00          0          0          0          0          0          0          0          0
  lookahead        :       0.00       0.00          0          0          0          0          0          0          0          0
  mostinf          :       0.00       0.00          0          0          0          0          0          0          0          0
  multaggr         :       0.00       0.00          0          0          0          0          0          0          0          0
  nodereopt        :       0.00       0.00          0          0          0          0          0          0          0          0
  pscost           :       0.00       0.00          0          0          0          0          0          0          0          0
  random           :       0.00       0.00          0          0          0          0          0          0          0          0
  relpscost        :    2318.89       0.00      13170          0          0          0       1090          0        881      25742
  vanillafullstrong:       0.00       0.00          0          0          0          0          0          0          0          0
Primal Heuristics  :   ExecTime  SetupTime      Calls      Found       Best
  LP solutions     :       0.00          -          -          0          0
  relax solutions  :       0.00          -          -          0          0
  pseudo solutions :       0.00          -          -          0          0
  strong branching :       0.02          -          -          0          0
  actconsdiving    :       0.00       0.00          0          0          0
  adaptivediving   :     385.46       0.00         43          2          2
  alns             :       2.86       0.00          7          0          0
  bound            :       0.00       0.00          0          0          0
  clique           :       0.00       0.00          0          0          0
  coefdiving       :       0.00       0.00          0          0          0
  completesol      :       0.00       0.00          0          0          0
  conflictdiving   :     151.54       0.00         22          0          0
  crossover        :       6.85       0.00          6          4          3
  dins             :       0.00       0.00          0          0          0
  distributiondivin:     120.03       0.00         21          0          0
  dps              :       0.00       0.00          0          0          0
  dualval          :       0.00       0.00          0          0          0
  farkasdiving     :       0.00       0.00          0          0          0
  feaspump         :      23.03       0.00          1          1          1
  fixandinfer      :       0.00       0.00          0          0          0
  fracdiving       :     203.18       0.00         22          1          1
  gins             :       0.17       0.00          0          0          0
  guideddiving     :     252.47       0.00         22          4          4
  indicator        :       0.01       0.00          0          0          0
  indicatordiving  :       0.00       0.00          0          0          0
  intdiving        :       0.00       0.00          0          0          0
  intshifting      :      60.62       0.00         15          0          0
  linesearchdiving :     226.52       0.00         22          2          2
  localbranching   :       0.00       0.00          0          0          0
  locks            :       0.86       0.00          1          1          1
  lpface           :       0.01       0.00          0          0          0
  mpec             :       0.00       0.00          0          0          0
  multistart       :       0.00       0.00          0          0          0
  mutation         :       0.00       0.00          0          0          0
  nlpdiving        :       0.00       0.00          0          0          0
  objpscostdiving  :    1114.46       0.00         11         10          0
  octane           :       0.00       0.00          0          0          0
  ofins            :       0.01       0.00          0          0          0
  oneopt           :       0.14       0.00         18          0          0
  padm             :       0.00       0.00          0          0          0
  proximity        :       0.00       0.00          0          0          0
  pscostdiving     :     165.68       0.00         22          2          2
  randrounding     :       2.98       0.00       2117          0          0
  rens             :       0.00       0.00          0          0          0
  reoptsols        :       0.00       0.00          0          0          0
  repair           :       0.00       0.00          0          0          0
  rins             :      19.73       0.00         15         15          2
  rootsoldiving    :      43.18       0.00         11         10          0
  rounding         :       6.13       0.00       1730          0          0
  scheduler        :       0.00       0.00          0          0          0
  shiftandpropagate:       0.00       0.00          0          0          0
  shifting         :      63.92       0.00        900          0          0
  simplerounding   :       0.01       0.00          0          0          0
  subnlp           :       0.02       0.00          0          0          0
  trivial          :       0.01       0.00          2          0          0
  trivialnegation  :       0.00       0.00          0          0          0
  trustregion      :       0.00       0.00          0          0          0
  trysol           :       0.01       0.00          0          0          0
  twoopt           :       0.00       0.00          0          0          0
  undercover       :       0.00       0.00          0          0          0
  vbounds          :       0.22       0.00          1          0          0
  veclendiving     :     224.39       0.00         22          0          0
  zeroobj          :       0.00       0.00          0          0          0
  zirounding       :       7.97       0.00       1000          0          0
  other solutions  :          -          -          -          0          -
LNS (Scheduler)    :      Calls  SetupTime  SolveTime SolveNodes       Sols       Best       Exp3    Exp3-IX  EpsGreedy        UCB TgtFixRate  Opt  Inf Node Stal  Sol  Usr Othr Actv
  rens             :          0       0.00       0.00          0          0          0    0.00000    0.12500   -1.00000    1.00000      0.900    0    0    0    0    0    0    0    1
  rins             :          0       0.00       0.00          0          0          0    0.00000    0.12500   -1.00000    1.00000      0.900    0    0    0    0    0    0    0    1
  mutation         :          0       0.00       0.00          0          0          0    0.00000    0.12500   -1.00000    1.00000      0.900    0    0    0    0    0    0    0    1
  localbranching   :          0       0.00       0.00          0          0          0    0.00000    0.12500   -1.00000    1.00000      0.900    0    0    0    0    0    0    0    1
  crossover        :          0       0.00       0.00          0          0          0    0.00000    0.12500   -1.00000    1.00000      0.900    0    0    0    0    0    0    0    1
  proximity        :          0       0.00       0.00          0          0          0    0.00000    0.12500   -1.00000    1.00000      0.900    0    0    0    0    0    0    0    1
  zeroobjective    :          0       0.00       0.00          0          0          0    0.00000    0.12500   -1.00000    1.00000      0.900    0    0    0    0    0    0    0    1
  dins             :          0       0.00       0.00          0          0          0    0.00000    0.12500   -1.00000    1.00000      0.900    0    0    0    0    0    0    0    1
  trustregion      :          0       0.00       0.00          0          0          0    0.00000    0.00000   -1.00000    1.00000      0.900    0    0    0    0    0    0    0    0
LP                 :       Time      Calls Iterations  Iter/call   Iter/sec  Time-0-It Calls-0-It    ItLimit
  primal LP        :       7.76       1582          0       0.00       0.00       7.76       1582
  dual LP          :    8748.82      20394    8371120     456.79     956.83      10.96       2068
  lex dual LP      :       0.00          0          0       0.00          -
  barrier LP       :       0.00          0          0       0.00          -       0.00          0
  resolve instable :       0.00          0          0       0.00          -
  diving/probing LP:    2902.96       8098    1603206     197.98     552.27
  strong branching :    2214.44       4753    1520098     319.82     686.45          -          -       2441
    (at root node) :          -         19      16375     861.84          -
  conflict analysis:       5.19        623       6073       9.75    1169.72
B&B Tree           :
  number of runs   :          1
  nodes            :      20932 (12871 internal, 8061 leaves)
  feasible leaves  :          0
  infeas. leaves   :       4624
  objective leaves :       3436
  nodes (total)    :      20932 (12871 internal, 8061 leaves)
  nodes left       :       4017
  max depth        :        244
  max depth (total):        244
  backtracks       :       1630 (7.8%)
  early backtracks :          0 (0.0%)
  nodes exc. ref.  :          0 (0.0%)
  delayed cutoffs  :        340
  repropagations   :       4524 (117554 domain reductions, 61 cutoffs)
  avg switch length:       6.70
  switching time   :      29.96
Root Node          :
  First LP value   : +1.16613115256254e+06
  First LP Iters   :      16913 (471.90 Iter/sec)
  First LP Time    :      35.84
  Final Dual Bound : +1.17038801777310e+06
  Final Root Iters :      53098
  Root LP Estimate : +1.20387896143611e+06
Solution           :
  Solutions found  :         52 (18 improvements)
  First Solution   : +1.20210247840000e+06   (in run 1, after 1 nodes, 5.00 seconds, depth 601, found by <locks>)
  Gap First Sol.   :   infinite
  Gap Last Sol.    :       2.28 %
  Primal Bound     : +1.19737774300015e+06   (in run 1, after 1499 nodes, 2307.81 seconds, depth 120, found by <crossover>)
  Dual Bound       : +1.17255729250908e+06
  Gap              :       2.12 %
Integrals          :      Total       Avg%
  primal-dual      :   35350.68       2.45
  primal-ref       :          -          - (not evaluated)
  dual-ref         :          -          - (not evaluated)

 Branching Statistics...

 Total number of propagations -> 0

 Number of cutoffs of KnaCons -> 0

 Total number of variables fixed to 1 by the propagator -> 0

 Total number of variables fixed to 0 by the propagator -> 0

 Maximum number of rounds of the approximation algorithm -> 0

 Runtime of the exact algorithm -> 0.0000 s

 Total number of variables fixed to 1 in the exact algorithm -> 0

 Total number of variables fixed to 0 in the exact algorithm -> 0

 Number of cutoffs in the exact algorithm -> 0

 Number of cutoffs in the approximation algorithm -> 0

 PS:  
