***************************************
*         SCIP-based CCP Solver       *
*                                     *
*    Wei Lv and Wei-Kun Chen (2024)   *
***************************************
/beegfs/home/30150120/SCIP-CCP/build/ccp -f data/CCMPPData/150-1000-1.ccmpp -s settings/CCMPPSetting/BASE1.set 
SCIP version 9.1.0 [precision: 8 byte] [memory: block] [mode: optimized] [LP solver: Soplex 7.1.0] [GitHash: 8cab0278ba]
Copyright (c) 2002-2024 Zuse Institute Berlin (ZIB)

External libraries: 
  Soplex 7.1.0         Linear Programming Solver developed at Zuse Institute Berlin (soplex.zib.de) [GitHash: 595bfac9]
  CppAD 20180000.0     Algorithmic Differentiation of C++ algorithms developed by B. Bell (github.com/coin-or/CppAD)
  ZLIB 1.2.7           General purpose compression library by J. Gailly and M. Adler (zlib.net)
  GMP 6.2.1            GNU Multiple Precision Arithmetic Library developed by T. Granlund (gmplib.org)
  AMPL/MP 690e9e7      AMPL .nl file reader library (github.com/ampl/mp)
  PaPILO 2.3.0         parallel presolve for integer and linear optimization (github.com/scipopt/papilo) (built with TBB) [GitHash: 4b8ce6ed]
  Nauty 2.8.8          Computing Graph Automorphism Groups by Brendan D. McKay (users.cecs.anu.edu.au/~bdm/nauty)
  sassy 1.1            Symmetry preprocessor by Markus Anders (github.com/markusa4/sassy)

reading user parameter file <settings/CCMPPSetting/BASE1.set>

read problem <data/CCMPPData/150-1000-1.ccmpp>
============

File name: 	data/CCMPPData/150-1000-1.ccmpp
Problem name:	CCMPPData/150-1000-1
Dimension: 	150
NumScenario: 	1000
ConfidenceParameter: 	0.10
IsEqualProbability: 	1
BASE+DI: 	0
BASE+sDI: 	0
BASE+DB: 	0
BASE+DB+OPF: 	0
Dominance and Aggregation Statistics......
NumEdge:        0
NumBiEdge: 	0
NumDomIneqs: 	0
DominanceRatio: 0.0000
NumAggScenario: 1000 
BasicNumScenario: 1000 
original problem has 1750 variables (1000 bin, 0 int, 0 impl, 750 cont) and 15602 constraints

solve problem
=============

presolving:
(round 1, fast)       4 del vars, 182 del conss, 0 add conss, 150 chg bounds, 0 chg sides, 0 chg coeffs, 0 upgd conss, 0 impls, 0 clqs
   (0.1s) running MILP presolver
   (0.1s) MILP presolver (3 rounds): 152 aggregations, 2 fixings, 71 bound changes
(round 2, medium)     158 del vars, 182 del conss, 0 add conss, 221 chg bounds, 0 chg sides, 0 chg coeffs, 0 upgd conss, 0 impls, 0 clqs
(round 3, fast)       158 del vars, 334 del conss, 0 add conss, 221 chg bounds, 0 chg sides, 0 chg coeffs, 0 upgd conss, 0 impls, 0 clqs
(round 4, exhaustive) 158 del vars, 334 del conss, 0 add conss, 221 chg bounds, 0 chg sides, 0 chg coeffs, 14823 upgd conss, 0 impls, 0 clqs
   (0.4s) probing: 1000/1000 (100.0%) - 0 fixings, 0 aggregations, 1233 implications, 0 bound changes
   (0.4s) probing cycle finished: starting next cycle
   (0.4s) probing: 1/1000 (0.1%) - 0 fixings, 0 aggregations, 1235 implications, 0 bound changes
   (0.4s) probing aborted: 1000/1000 successive useless probings
   (0.5s) symmetry computation started: requiring (bin +, int +, cont +), (fixed: bin -, int -, cont -)
   Symmetry detection interrupted: constraints of type chancecons do not provide symmetry information.
   If symmetries shall be detected, implement the CONSGETPERMSYMGRAPH callback.
   (0.5s) could not compute symmetry
presolving (5 rounds: 5 fast, 3 medium, 2 exhaustive):
 158 deleted vars, 334 deleted constraints, 0 added constraints, 221 tightened bounds, 0 added holes, 0 changed sides, 0 changed coefficients
 16057 implications, 0 cliques
presolved problem has 1592 variables (1000 bin, 0 int, 0 impl, 592 cont) and 15268 constraints
      1 constraints of type <chancecons>
  14822 constraints of type <varbound>
      1 constraints of type <knapsack>
    444 constraints of type <linear>
Presolving Time: 0.49

 time | node  | left  |LP iter|LP it/n|mem/heur|mdpt |vars |cons |rows |cuts |sepa|confs|strbr|  dualbound   | primalbound  |  gap   | compl. 
p 0.6s|     1 |     0 |   293 |     - |   locks|   0 |1592 |  15k|  15k|   0 |  0 |   0 |   0 | 0.000000e+00 | 1.088145e+06 |    Inf | unknown
  1.8s|     1 |     0 |  5745 |     - |    97M |   0 |1592 |  15k|  15k|   0 |  0 |   0 |   0 | 1.075293e+06 | 1.088145e+06 |   1.20%| unknown
  2.0s|     1 |     0 |  6356 |     - |    99M |   0 |1592 |  15k|  15k| 116 |  1 |   0 |   0 | 1.076536e+06 | 1.088145e+06 |   1.08%| unknown
  2.3s|     1 |     0 |  7045 |     - |   103M |   0 |1592 |  15k|  15k| 235 |  2 |   0 |   0 | 1.077372e+06 | 1.088145e+06 |   1.00%| unknown
  2.6s|     1 |     0 |  7938 |     - |   105M |   0 |1592 |  15k|  15k| 360 |  3 |   0 |   0 | 1.078058e+06 | 1.088145e+06 |   0.94%| unknown
  3.0s|     1 |     0 |  9046 |     - |   106M |   0 |1592 |  15k|  15k| 482 |  4 |   0 |   0 | 1.078752e+06 | 1.088145e+06 |   0.87%| unknown
  3.4s|     1 |     0 | 10006 |     - |   109M |   0 |1592 |  15k|  15k| 635 |  5 |   0 |   0 | 1.079196e+06 | 1.088145e+06 |   0.83%| unknown
  3.9s|     1 |     0 | 11415 |     - |   112M |   0 |1592 |  15k|  16k| 796 |  6 |   0 |   0 | 1.079627e+06 | 1.088145e+06 |   0.79%| unknown
  4.5s|     1 |     0 | 12973 |     - |   114M |   0 |1592 |  15k|  16k| 952 |  7 |   0 |   0 | 1.079996e+06 | 1.088145e+06 |   0.75%| unknown
  5.2s|     1 |     0 | 14841 |     - |   116M |   0 |1592 |  15k|  16k|1100 |  8 |   0 |   0 | 1.080296e+06 | 1.088145e+06 |   0.73%| unknown
  6.0s|     1 |     0 | 16652 |     - |   117M |   0 |1592 |  15k|  16k|1277 |  9 |   0 |   0 | 1.080535e+06 | 1.088145e+06 |   0.70%| unknown
  7.4s|     1 |     0 | 20424 |     - |   120M |   0 |1592 |  15k|  16k|1425 | 10 |   0 |   0 | 1.080728e+06 | 1.088145e+06 |   0.69%| unknown
  8.9s|     1 |     0 | 24484 |     - |   122M |   0 |1592 |  15k|  16k|1592 | 11 |   0 |   0 | 1.080908e+06 | 1.088145e+06 |   0.67%| unknown
 10.7s|     1 |     0 | 29116 |     - |   125M |   0 |1592 |  15k|  17k|1744 | 12 |   0 |   0 | 1.081053e+06 | 1.088145e+06 |   0.66%| unknown
 12.3s|     1 |     0 | 33181 |     - |   127M |   0 |1592 |  15k|  17k|1894 | 13 |   0 |   0 | 1.081213e+06 | 1.088145e+06 |   0.64%| unknown
 time | node  | left  |LP iter|LP it/n|mem/heur|mdpt |vars |cons |rows |cuts |sepa|confs|strbr|  dualbound   | primalbound  |  gap   | compl. 
 14.0s|     1 |     0 | 37300 |     - |   130M |   0 |1592 |  15k|  17k|2059 | 14 |   0 |   0 | 1.081322e+06 | 1.088145e+06 |   0.63%| unknown
 16.4s|     1 |     0 | 42757 |     - |   132M |   0 |1592 |  15k|  17k|2194 | 15 |   0 |   0 | 1.081408e+06 | 1.088145e+06 |   0.62%| unknown
 19.1s|     1 |     0 | 48804 |     - |   134M |   0 |1592 |  15k|  17k|2353 | 16 |   0 |   0 | 1.081486e+06 | 1.088145e+06 |   0.62%| unknown
 21.4s|     1 |     0 | 54006 |     - |   136M |   0 |1592 |  15k|  17k|2491 | 17 |   0 |   0 | 1.081551e+06 | 1.088145e+06 |   0.61%| unknown
 24.0s|     1 |     0 | 59574 |     - |   139M |   0 |1592 |  15k|  17k|2620 | 18 |   0 |   0 | 1.081605e+06 | 1.088145e+06 |   0.60%| unknown
 26.3s|     1 |     0 | 64162 |     - |   141M |   0 |1592 |  15k|  17k|2750 | 19 |   0 |   0 | 1.081648e+06 | 1.088145e+06 |   0.60%| unknown
 29.1s|     1 |     0 | 69915 |     - |   143M |   0 |1592 |  15k|  17k|2869 | 20 |   0 |   0 | 1.081699e+06 | 1.088145e+06 |   0.60%| unknown
 31.6s|     1 |     0 | 74901 |     - |   143M |   0 |1592 |  15k|  18k|2992 | 21 |   0 |   0 | 1.081733e+06 | 1.088145e+06 |   0.59%| unknown
 34.4s|     1 |     0 | 80462 |     - |   144M |   0 |1592 |  15k|  17k|3117 | 22 |   0 |   0 | 1.081773e+06 | 1.088145e+06 |   0.59%| unknown
 36.8s|     1 |     0 | 85053 |     - |   144M |   0 |1592 |  15k|  17k|3240 | 23 |   0 |   0 | 1.081819e+06 | 1.088145e+06 |   0.58%| unknown
 40.0s|     1 |     0 | 91471 |     - |   146M |   0 |1592 |  15k|  18k|3393 | 24 |   0 |   0 | 1.081843e+06 | 1.088145e+06 |   0.58%| unknown
o47.3s|     1 |     0 |108989 |     - |feaspump|   0 |1592 |  15k|  18k|3393 | 24 |   0 |   0 | 1.081843e+06 | 1.087837e+06 |   0.55%| unknown
L47.4s|     1 |     0 |108989 |     - |    alns|   0 |1592 |  15k|  18k|3393 | 24 |   0 |   0 | 1.081843e+06 | 1.087570e+06 |   0.53%| unknown
 47.4s|     1 |     0 |108989 |     - |   147M |   0 |1592 |  15k|  18k|3393 | 24 |   0 |   0 | 1.081843e+06 | 1.087570e+06 |   0.53%| unknown
 51.0s|     1 |     0 |115813 |     - |   147M |   0 |1592 |  15k|  18k|3551 | 25 |   0 |   0 | 1.081870e+06 | 1.087570e+06 |   0.53%| unknown
 time | node  | left  |LP iter|LP it/n|mem/heur|mdpt |vars |cons |rows |cuts |sepa|confs|strbr|  dualbound   | primalbound  |  gap   | compl. 
 53.4s|     1 |     0 |120430 |     - |   147M |   0 |1592 |  15k|  17k|3651 | 26 |   0 |   0 | 1.081877e+06 | 1.087570e+06 |   0.53%| unknown
 65.9s|     1 |     2 |120430 |     - |   147M |   0 |1592 |  15k|  17k|3651 | 26 |   0 |  24 | 1.081912e+06 | 1.087570e+06 |   0.52%| unknown
d 129s|     7 |     8 |133438 |5136.5 |pscostdi|   4 |1592 |  15k|  16k|   0 |  1 |   0 | 208 | 1.081923e+06 | 1.087062e+06 |   0.47%| unknown
o 159s|    13 |    14 |216845 |9518.8 |objpscos|   5 |1592 |  15k|  16k|3651 |  1 | 305 | 220 | 1.081923e+06 | 1.086388e+06 |   0.41%| unknown
L 196s|    48 |    49 |302076 |4243.8 |    alns|  22 |1592 |  15k|  16k|4251 |  2 | 404 | 255 | 1.081952e+06 | 1.086344e+06 |   0.41%| unknown
  245s|   100 |   101 |423371 |3239.9 |   154M |  39 |1592 |  15k|  16k|4928 |  1 | 456 | 294 | 1.081952e+06 | 1.086344e+06 |   0.41%| unknown
L 246s|   102 |   103 |425029 |3192.2 |    alns|  40 |1592 |  15k|  17k|5104 |  2 | 456 | 294 | 1.081952e+06 | 1.086249e+06 |   0.40%| unknown
  330s|   200 |   201 |607815 |2538.7 |   159M |  63 |1592 |  15k|  17k|6754 |  1 | 496 | 393 | 1.081966e+06 | 1.086249e+06 |   0.40%| unknown
  395s|   300 |   301 |738672 |2127.3 |   163M |  81 |1592 |  15k|  17k|8284 |  1 | 530 | 494 | 1.081977e+06 | 1.086249e+06 |   0.39%| unknown
L 397s|   302 |   190 |740792 |2120.2 |    rins|  82 |1592 |  15k|  17k|8284 |  1 | 531 | 494 | 1.081977e+06 | 1.084912e+06 |   0.27%| unknown
  483s|   400 |   226 |908425 |2019.6 |   168M |  82 |1592 |  15k|  17k|9744 |  1 | 595 | 599 | 1.082075e+06 | 1.084912e+06 |   0.26%| unknown
  534s|   500 |   266 |  1018k|1835.5 |   171M |  82 |1592 |  15k|  17k|  10k|  2 | 638 | 676 | 1.082090e+06 | 1.084912e+06 |   0.26%| unknown
L 535s|   502 |   238 |  1019k|1830.6 |crossove|  82 |1592 |  15k|  17k|  10k|  0 | 645 | 680 | 1.082090e+06 | 1.084788e+06 |   0.25%| unknown
  578s|   600 |   262 |  1105k|1674.8 |   173M |  82 |1592 |  15k|  17k|  11k|  2 | 671 | 726 | 1.082107e+06 | 1.084788e+06 |   0.25%| unknown
  631s|   700 |   272 |  1225k|1606.4 |   174M |  82 |1592 |  15k|  17k|  12k|  0 | 686 | 762 | 1.082117e+06 | 1.084788e+06 |   0.25%| unknown
 time | node  | left  |LP iter|LP it/n|mem/heur|mdpt |vars |cons |rows |cuts |sepa|confs|strbr|  dualbound   | primalbound  |  gap   | compl. 
  689s|   800 |   324 |  1352k|1563.8 |   176M |  82 |1592 |  15k|  17k|  14k|  1 | 732 | 812 | 1.082151e+06 | 1.084788e+06 |   0.24%| unknown
  747s|   900 |   364 |  1487k|1540.3 |   178M |  82 |1592 |  15k|  17k|  15k|  1 | 758 | 851 | 1.082170e+06 | 1.084788e+06 |   0.24%| unknown
  810s|  1000 |   408 |  1617k|1516.3 |   179M |  82 |1592 |  15k|  17k|  16k|  0 | 771 | 926 | 1.082196e+06 | 1.084788e+06 |   0.24%| unknown
  870s|  1100 |   444 |  1734k|1485.0 |   181M |  82 |1592 |  15k|  17k|  17k|  1 | 786 |1009 | 1.082214e+06 | 1.084788e+06 |   0.24%| unknown
L 871s|  1102 |   437 |  1735k|1482.7 |crossove|  82 |1592 |  15k|  17k|  17k|  1 | 786 |1010 | 1.082214e+06 | 1.084708e+06 |   0.23%| unknown
  937s|  1200 |   491 |  1891k|1492.3 |   184M |  82 |1592 |  15k|  17k|  19k|  0 | 839 |1053 | 1.082238e+06 | 1.084708e+06 |   0.23%| unknown
 1001s|  1300 |   529 |  2018k|1474.9 |   186M |  82 |1592 |  15k|  17k|  20k|  1 | 856 |1116 | 1.082240e+06 | 1.084708e+06 |   0.23%| unknown
 1065s|  1400 |   591 |  2114k|1438.1 |   191M |  82 |1592 |  15k|  17k|  22k|  2 | 890 |1297 | 1.082261e+06 | 1.084708e+06 |   0.23%| unknown
 1094s|  1500 |   601 |  2171k|1380.1 |   194M |  82 |1592 |  15k|  17k|  22k|  0 | 895 |1337 | 1.082262e+06 | 1.084708e+06 |   0.23%| unknown
 1151s|  1600 |   639 |  2304k|1377.1 |   196M |  82 |1592 |  15k|  17k|  23k|  0 | 927 |1374 | 1.082275e+06 | 1.084708e+06 |   0.22%| unknown
 1218s|  1700 |   681 |  2440k|1375.9 |   197M |  82 |1592 |  15k|  17k|  25k|  0 | 963 |1477 | 1.082294e+06 | 1.084708e+06 |   0.22%| unknown
 1280s|  1800 |   701 |  2562k|1367.3 |   200M |  82 |1592 |  15k|  17k|  26k|  0 | 993 |1563 | 1.082308e+06 | 1.084708e+06 |   0.22%| unknown
 1318s|  1900 |   723 |  2652k|1342.7 |   202M |  82 |1592 |  15k|  17k|  26k|  4 |1010 |1621 | 1.082310e+06 | 1.084708e+06 |   0.22%| unknown
 1342s|  2000 |   727 |  2691k|1295.1 |   204M |  82 |1592 |  15k|  17k|  27k|  0 |1023 |1717 | 1.082311e+06 | 1.084708e+06 |   0.22%| unknown
 1382s|  2100 |   757 |  2782k|1276.7 |   208M |  82 |1592 |  15k|  17k|  28k|  0 |1065 |1773 | 1.082312e+06 | 1.084708e+06 |   0.22%| unknown
 time | node  | left  |LP iter|LP it/n|mem/heur|mdpt |vars |cons |rows |cuts |sepa|confs|strbr|  dualbound   | primalbound  |  gap   | compl. 
 1420s|  2200 |   781 |  2876k|1261.2 |   211M |  82 |1592 |  15k|  17k|  29k|  0 |1090 |1805 | 1.082328e+06 | 1.084708e+06 |   0.22%| unknown
 1471s|  2300 |   825 |  3009k|1264.2 |   212M |  82 |1592 |  15k|  17k|  30k|  0 |1106 |1818 | 1.082335e+06 | 1.084708e+06 |   0.22%| unknown
 1526s|  2400 |   871 |  3148k|1269.7 |   215M |  82 |1592 |  15k|  17k|  31k|  1 |1118 |1833 | 1.082343e+06 | 1.084708e+06 |   0.22%| unknown
 1555s|  2500 |   943 |  3230k|1251.7 |   220M |  82 |1592 |  15k|  17k|  32k|  1 |1119 |1840 | 1.082343e+06 | 1.084708e+06 |   0.22%| unknown
 1644s|  2600 |  1007 |  3445k|1286.2 |   223M |  82 |1592 |  15k|  17k|  34k|  1 |1139 |1865 | 1.082357e+06 | 1.084708e+06 |   0.22%| unknown
 1697s|  2700 |  1017 |  3566k|1283.5 |   227M |  82 |1592 |  15k|  17k|  35k|  4 |1165 |1929 | 1.082365e+06 | 1.084708e+06 |   0.22%| unknown
 1751s|  2800 |  1029 |  3716k|1291.0 |   229M |  82 |1592 |  15k|  17k|  36k|  2 |1181 |1950 | 1.082371e+06 | 1.084708e+06 |   0.22%| unknown
L1868s|  2898 |  1066 |  3962k|1332.3 |    rins|  82 |1592 |  15k|  17k|  37k|  3 |1197 |1986 | 1.082390e+06 | 1.084664e+06 |   0.21%| unknown
 1869s|  2900 |  1068 |  3963k|1331.9 |   239M |  82 |1592 |  15k|  17k|  37k|  1 |1197 |1987 | 1.082390e+06 | 1.084664e+06 |   0.21%| unknown
 1918s|  3000 |  1102 |  4101k|1333.2 |   247M |  82 |1592 |  15k|  17k|  39k|  0 |1198 |1992 | 1.082403e+06 | 1.084664e+06 |   0.21%| unknown
L1991s|  3098 |  1122 |  4277k|1347.9 |    rins|  82 |1592 |  15k|  17k|  40k|  1 |1215 |2024 | 1.082408e+06 | 1.084538e+06 |   0.20%| unknown
 1993s|  3100 |  1122 |  4281k|1348.3 |   250M |  82 |1592 |  15k|  17k|  40k|  4 |1215 |2025 | 1.082408e+06 | 1.084538e+06 |   0.20%| unknown
Restart triggered after 50 consecutive estimations that the remaining tree will be large
(run 1, node 3135) performing user restart

(restart) converted 741 cuts from the global cut pool into linear constraints

presolving:
(round 1, fast)       0 del vars, 0 del conss, 0 add conss, 75 chg bounds, 0 chg sides, 0 chg coeffs, 0 upgd conss, 16057 impls, 0 clqs
(round 2, fast)       0 del vars, 0 del conss, 0 add conss, 94 chg bounds, 0 chg sides, 0 chg coeffs, 0 upgd conss, 16057 impls, 0 clqs
presolving (3 rounds: 3 fast, 1 medium, 1 exhaustive):
 0 deleted vars, 0 deleted constraints, 0 added constraints, 102 tightened bounds, 0 added holes, 0 changed sides, 0 changed coefficients
 16057 implications, 0 cliques
presolved problem has 1592 variables (1000 bin, 0 int, 0 impl, 592 cont) and 16118 constraints
      1 constraints of type <chancecons>
  14822 constraints of type <varbound>
      1 constraints of type <knapsack>
   1185 constraints of type <linear>
      8 constraints of type <logicor>
    101 constraints of type <bounddisjunction>
Presolving Time: 0.54
transformed 32/32 original solutions to the transformed problem space

 time | node  | left  |LP iter|LP it/n|mem/heur|mdpt |vars |cons |rows |cuts |sepa|confs|strbr|  dualbound   | primalbound  |  gap   | compl. 
 2032s|     1 |     0 |  4360k|     - |   250M |   0 |1592 |  16k|  16k|   0 |  0 |1219 |2054 | 1.082411e+06 | 1.084538e+06 |   0.20%| unknown
 2033s|     1 |     0 |  4362k|     - |   251M |   0 |1592 |  16k|  16k| 106 |  1 |1219 |2054 | 1.082411e+06 | 1.084538e+06 |   0.20%| unknown
 2034s|     1 |     0 |  4364k|     - |   253M |   0 |1592 |  16k|  16k| 214 |  2 |1219 |2054 | 1.082411e+06 | 1.084538e+06 |   0.20%| unknown
 2034s|     1 |     0 |  4366k|     - |   256M |   0 |1592 |  16k|  16k| 319 |  3 |1219 |2054 | 1.082411e+06 | 1.084538e+06 |   0.20%| unknown
 2035s|     1 |     0 |  4368k|     - |   257M |   0 |1592 |  16k|  16k| 430 |  4 |1219 |2054 | 1.082411e+06 | 1.084538e+06 |   0.20%| unknown
 2036s|     1 |     0 |  4371k|     - |   259M |   0 |1592 |  16k|  16k| 536 |  5 |1219 |2054 | 1.082411e+06 | 1.084538e+06 |   0.20%| unknown
 2038s|     1 |     0 |  4375k|     - |   259M |   0 |1592 |  16k|  16k| 650 |  6 |1219 |2054 | 1.082411e+06 | 1.084538e+06 |   0.20%| unknown
 2040s|     1 |     0 |  4380k|     - |   261M |   0 |1592 |  16k|  16k| 766 |  7 |1219 |2054 | 1.082411e+06 | 1.084538e+06 |   0.20%| unknown
 2041s|     1 |     0 |  4384k|     - |   262M |   0 |1592 |  16k|  16k| 872 |  8 |1219 |2054 | 1.082411e+06 | 1.084538e+06 |   0.20%| unknown
 2043s|     1 |     0 |  4388k|     - |   265M |   0 |1592 |  16k|  16k| 975 |  9 |1219 |2054 | 1.082411e+06 | 1.084538e+06 |   0.20%| unknown
 2046s|     1 |     0 |  4394k|     - |   267M |   0 |1592 |  16k|  17k|1083 | 10 |1219 |2054 | 1.082411e+06 | 1.084538e+06 |   0.20%| unknown
 2048s|     1 |     0 |  4400k|     - |   269M |   0 |1592 |  16k|  17k|1199 | 11 |1219 |2054 | 1.082411e+06 | 1.084538e+06 |   0.20%| unknown
 2051s|     1 |     0 |  4406k|     - |   270M |   0 |1592 |  16k|  17k|1304 | 12 |1219 |2054 | 1.082411e+06 | 1.084538e+06 |   0.20%| unknown
 2054s|     1 |     0 |  4411k|     - |   272M |   0 |1592 |  16k|  17k|1410 | 13 |1219 |2054 | 1.082411e+06 | 1.084538e+06 |   0.20%| unknown
 2056s|     1 |     0 |  4416k|     - |   274M |   0 |1592 |  16k|  17k|1527 | 14 |1219 |2054 | 1.082411e+06 | 1.084538e+06 |   0.20%| unknown
 time | node  | left  |LP iter|LP it/n|mem/heur|mdpt |vars |cons |rows |cuts |sepa|confs|strbr|  dualbound   | primalbound  |  gap   | compl. 
 2058s|     1 |     0 |  4420k|     - |   277M |   0 |1592 |  16k|  17k|1655 | 15 |1219 |2054 | 1.082411e+06 | 1.084538e+06 |   0.20%| unknown
 2061s|     1 |     0 |  4425k|     - |   279M |   0 |1592 |  16k|  17k|1788 | 16 |1219 |2054 | 1.082411e+06 | 1.084538e+06 |   0.20%| unknown
 2063s|     1 |     0 |  4431k|     - |   281M |   0 |1592 |  16k|  17k|1935 | 17 |1219 |2054 | 1.082411e+06 | 1.084538e+06 |   0.20%| unknown
 2066s|     1 |     2 |  4436k|     - |   281M |   0 |1592 |  16k|  17k|1935 | 17 |1219 |2056 | 1.082411e+06 | 1.084538e+06 |   0.20%| unknown
 2152s|   100 |    63 |  4518k|1340.5 |   286M |  50 |1592 |  16k|  16k|3287 |  1 |1348 |2516 | 1.082411e+06 | 1.084538e+06 |   0.20%| unknown
 2207s|   200 |    75 |  4619k|1330.5 |   296M |  50 |1592 |  16k|  17k|4227 |  0 |1458 |2736 | 1.082411e+06 | 1.084538e+06 |   0.20%| unknown
 2295s|   300 |    93 |  4778k|1338.2 |   300M |  50 |1592 |  16k|  17k|5584 |  0 |1559 |3042 | 1.082411e+06 | 1.084538e+06 |   0.20%| unknown
 2338s|   400 |   119 |  4871k|1326.7 |   305M |  50 |1592 |  16k|  17k|6500 |  2 |1595 |3146 | 1.082411e+06 | 1.084538e+06 |   0.20%| unknown
 2388s|   500 |   135 |  4949k|1311.5 |   307M |  50 |1592 |  16k|  17k|6906 |  0 |1649 |3321 | 1.082411e+06 | 1.084538e+06 |   0.20%| unknown
 2430s|   600 |   159 |  5047k|1302.8 |   311M |  50 |1592 |  16k|  17k|7789 |  0 |1678 |3392 | 1.082411e+06 | 1.084538e+06 |   0.20%| unknown
 2467s|   700 |   181 |  5145k|1294.3 |   312M |  50 |1592 |  16k|  17k|8187 |  1 |1683 |3432 | 1.082411e+06 | 1.084538e+06 |   0.20%| unknown
 2494s|   800 |   189 |  5202k|1275.9 |   315M |  50 |1592 |  16k|  17k|8670 |  0 |1707 |3482 | 1.082411e+06 | 1.084538e+06 |   0.20%| unknown
 2544s|   900 |   223 |  5331k|1276.2 |   317M |  50 |1592 |  16k|  17k|  10k|  1 |1725 |3515 | 1.082411e+06 | 1.084538e+06 |   0.20%| unknown
 2598s|  1000 |   245 |  5474k|1279.8 |   319M |  50 |1592 |  16k|  17k|  11k|  2 |1809 |3554 | 1.082411e+06 | 1.084538e+06 |   0.20%| unknown
 2634s|  1100 |   259 |  5557k|1269.3 |   320M |  50 |1592 |  16k|  17k|  13k|  1 |1818 |3606 | 1.082411e+06 | 1.084538e+06 |   0.20%| unknown
 time | node  | left  |LP iter|LP it/n|mem/heur|mdpt |vars |cons |rows |cuts |sepa|confs|strbr|  dualbound   | primalbound  |  gap   | compl. 
 2677s|  1200 |   269 |  5641k|1259.4 |   323M |  50 |1592 |  16k|  17k|  13k|  1 |1844 |3699 | 1.082411e+06 | 1.084538e+06 |   0.20%| unknown
 2707s|  1300 |   269 |  5716k|1247.8 |   326M |  50 |1592 |  16k|  17k|  14k|  2 |1865 |3742 | 1.082411e+06 | 1.084538e+06 |   0.20%| unknown
 2766s|  1400 |   293 |  5855k|1251.1 |   327M |  50 |1592 |  16k|  17k|  15k|  4 |1877 |3803 | 1.082411e+06 | 1.084538e+06 |   0.20%| unknown
 2797s|  1500 |   283 |  5931k|1240.4 |   328M |  50 |1592 |  16k|  17k|  16k|  2 |1892 |3852 | 1.082411e+06 | 1.084538e+06 |   0.20%| unknown
 2851s|  1600 |   315 |  6069k|1243.4 |   329M |  50 |1592 |  16k|  17k|  17k|  0 |1916 |3906 | 1.082411e+06 | 1.084538e+06 |   0.20%| unknown
 2862s|  1700 |   317 |  6094k|1222.8 |   330M |  50 |1592 |  16k|  17k|  17k|  3 |1930 |3958 | 1.082411e+06 | 1.084538e+06 |   0.20%| unknown
 2897s|  1800 |   335 |  6181k|1215.7 |   331M |  50 |1592 |  16k|  17k|  18k|  0 |1973 |4021 | 1.082411e+06 | 1.084538e+06 |   0.20%| unknown
 2930s|  1900 |   351 |  6270k|1209.1 |   334M |  50 |1592 |  16k|  17k|  19k|  0 |1994 |4076 | 1.082411e+06 | 1.084538e+06 |   0.20%| unknown
 2998s|  2000 |   385 |  6429k|1216.5 |   335M |  50 |1592 |  16k|  17k|  20k|  4 |2015 |4142 | 1.082411e+06 | 1.084538e+06 |   0.20%| unknown
 3058s|  2100 |   403 |  6599k|1225.9 |   337M |  50 |1592 |  16k|  16k|  22k|  1 |2034 |4173 | 1.082411e+06 | 1.084538e+06 |   0.20%| unknown
 3121s|  2200 |   467 |  6737k|1228.7 |   341M |  50 |1592 |  16k|  17k|  24k|  1 |2047 |4251 | 1.082411e+06 | 1.084538e+06 |   0.20%| unknown
 3163s|  2300 |   463 |  6818k|1221.0 |   343M |  50 |1592 |  16k|  17k|  24k|  0 |2056 |4329 | 1.082411e+06 | 1.084538e+06 |   0.20%| unknown
 3184s|  2400 |   465 |  6873k|1208.9 |   344M |  50 |1592 |  16k|  17k|  25k|  2 |2060 |4344 | 1.082411e+06 | 1.084538e+06 |   0.20%| unknown
 3215s|  2500 |   477 |  6957k|1202.3 |   344M |  50 |1592 |  16k|  17k|  25k|  1 |2073 |4352 | 1.082411e+06 | 1.084538e+06 |   0.20%| unknown
 3269s|  2600 |   491 |  7101k|1206.5 |   348M |  50 |1592 |  16k|  17k|  26k|  0 |2095 |4392 | 1.082411e+06 | 1.084538e+06 |   0.20%| unknown
 time | node  | left  |LP iter|LP it/n|mem/heur|mdpt |vars |cons |rows |cuts |sepa|confs|strbr|  dualbound   | primalbound  |  gap   | compl. 
 3310s|  2700 |   509 |  7204k|1203.5 |   349M |  50 |1592 |  16k|  17k|  27k|  1 |2103 |4403 | 1.082411e+06 | 1.084538e+06 |   0.20%| unknown
 3342s|  2800 |   507 |  7283k|1196.5 |   349M |  50 |1592 |  16k|  17k|  27k|  0 |2109 |4431 | 1.082411e+06 | 1.084538e+06 |   0.20%| unknown
 3368s|  2900 |   509 |  7348k|1187.5 |   352M |  50 |1592 |  16k|  17k|  28k|  2 |2116 |4456 | 1.082411e+06 | 1.084538e+06 |   0.20%| unknown
 3411s|  3000 |   541 |  7454k|1185.3 |   354M |  50 |1592 |  16k|  17k|  29k|  0 |2125 |4493 | 1.082411e+06 | 1.084538e+06 |   0.20%| unknown
 3452s|  3100 |   555 |  7557k|1182.9 |   355M |  50 |1592 |  16k|  17k|  29k|  2 |2128 |4507 | 1.082411e+06 | 1.084538e+06 |   0.20%| unknown
 3486s|  3200 |   575 |  7639k|1177.2 |   356M |  50 |1592 |  16k|  17k|  30k|  2 |2147 |4528 | 1.082411e+06 | 1.084538e+06 |   0.20%| unknown
L3543s|  3298 |   588 |  7799k|1184.1 |crossove|  50 |1592 |  16k|  17k|  30k|  0 |2155 |4550 | 1.082411e+06 | 1.084433e+06 |   0.19%| unknown
 3546s|  3300 |   586 |  7807k|1185.0 |   358M |  50 |1592 |  16k|  17k|  30k|  3 |2155 |4550 | 1.082411e+06 | 1.084433e+06 |   0.19%| unknown
 3607s|  3400 |   628 |  7964k|1190.9 |   359M |  50 |1592 |  16k|  17k|  32k|  1 |2173 |4578 | 1.082411e+06 | 1.084433e+06 |   0.19%| unknown
 3626s|  3500 |   628 |  8013k|1180.3 |   359M |  50 |1592 |  16k|  17k|  32k|  2 |2189 |4600 | 1.082411e+06 | 1.084433e+06 |   0.19%| unknown
 3672s|  3600 |   654 |  8139k|1181.4 |   360M |  50 |1592 |  16k|  17k|  33k|  0 |2191 |4605 | 1.082412e+06 | 1.084433e+06 |   0.19%| unknown
 3716s|  3700 |   682 |  8256k|1181.3 |   362M |  50 |1592 |  16k|  17k|  34k|  0 |2193 |4619 | 1.082417e+06 | 1.084433e+06 |   0.19%| unknown
 3769s|  3800 |   710 |  8383k|1182.6 |   363M |  50 |1592 |  16k|  17k|  35k|  0 |2197 |4647 | 1.082427e+06 | 1.084433e+06 |   0.19%| unknown
 3833s|  3900 |   754 |  8563k|1191.4 |   364M |  50 |1592 |  16k|  17k|  37k|  1 |2204 |4658 | 1.082431e+06 | 1.084433e+06 |   0.18%| unknown
 3901s|  4000 |   784 |  8697k|1193.5 |   368M |  50 |1592 |  16k|  17k|  38k|  2 |2210 |4735 | 1.082432e+06 | 1.084433e+06 |   0.18%| unknown
 time | node  | left  |LP iter|LP it/n|mem/heur|mdpt |vars |cons |rows |cuts |sepa|confs|strbr|  dualbound   | primalbound  |  gap   | compl. 
 4000s|  4100 |   826 |  8938k|1210.2 |   375M |  50 |1592 |  16k|  17k|  40k|  1 |2218 |4790 | 1.082439e+06 | 1.084433e+06 |   0.18%| unknown
 4063s|  4200 |   852 |  9101k|1216.0 |   375M |  50 |1592 |  16k|  17k|  41k|  1 |2223 |4805 | 1.082444e+06 | 1.084433e+06 |   0.18%| unknown
 4144s|  4300 |   900 |  9301k|1226.5 |   376M |  50 |1592 |  16k|  17k|  43k|  1 |2234 |4837 | 1.082449e+06 | 1.084433e+06 |   0.18%| unknown
 4253s|  4400 |   946 |  9598k|1249.6 |   377M |  50 |1592 |  16k|  17k|  46k|  1 |2256 |4867 | 1.082453e+06 | 1.084433e+06 |   0.18%| unknown
 4322s|  4500 |   976 |  9773k|1256.2 |   380M |  50 |1592 |  16k|  17k|  48k|  0 |2299 |4885 | 1.082466e+06 | 1.084433e+06 |   0.18%| unknown
 4380s|  4600 |  1004 |  9898k|1256.2 |   380M |  50 |1592 |  16k|  17k|  49k|  0 |2320 |4930 | 1.082469e+06 | 1.084433e+06 |   0.18%| unknown
 4402s|  4700 |  1014 |  9953k|1247.2 |   381M |  50 |1592 |  16k|  17k|  49k|  0 |2336 |4953 | 1.082469e+06 | 1.084433e+06 |   0.18%| unknown
 4455s|  4800 |  1030 | 10104k|1250.4 |   381M |  50 |1592 |  16k|  16k|  50k|  1 |2338 |4957 | 1.082472e+06 | 1.084433e+06 |   0.18%| unknown
 4513s|  4900 |  1070 | 10257k|1254.0 |   382M |  50 |1592 |  16k|  17k|  52k|  2 |2346 |4971 | 1.082476e+06 | 1.084433e+06 |   0.18%| unknown
 4598s|  5000 |  1154 | 10491k|1267.3 |   384M |  50 |1592 |  16k|  17k|  55k|  1 |2365 |4975 | 1.082476e+06 | 1.084433e+06 |   0.18%| unknown
 4698s|  5100 |  1230 | 10758k|1284.4 |   385M |  50 |1592 |  16k|  17k|  57k|  1 |2382 |4975 | 1.082478e+06 | 1.084433e+06 |   0.18%| unknown
 4767s|  5200 |  1300 | 10928k|1289.3 |   388M |  50 |1592 |  16k|  17k|  58k|  1 |2389 |4991 | 1.082481e+06 | 1.084433e+06 |   0.18%| unknown
 4847s|  5300 |  1332 | 11125k|1297.3 |   397M |  50 |1592 |  16k|  17k|  59k|  1 |2391 |5017 | 1.082486e+06 | 1.084433e+06 |   0.18%| unknown
 4922s|  5400 |  1358 | 11299k|1302.5 |   408M |  50 |1592 |  16k|  17k|  61k|  1 |2395 |5051 | 1.082491e+06 | 1.084433e+06 |   0.18%| unknown
 4986s|  5500 |  1368 | 11442k|1304.1 |   409M |  50 |1592 |  16k|  17k|  62k|  1 |2404 |5068 | 1.082501e+06 | 1.084433e+06 |   0.18%| unknown
 time | node  | left  |LP iter|LP it/n|mem/heur|mdpt |vars |cons |rows |cuts |sepa|confs|strbr|  dualbound   | primalbound  |  gap   | compl. 
 5099s|  5600 |  1406 | 11758k|1325.2 |   410M |  50 |1592 |  16k|  17k|  63k|  0 |2414 |5082 | 1.082505e+06 | 1.084433e+06 |   0.18%| unknown
 5156s|  5700 |  1434 | 11892k|1325.5 |   417M |  50 |1592 |  16k|  17k|  64k|  0 |2423 |5103 | 1.082514e+06 | 1.084433e+06 |   0.18%| unknown
 5234s|  5800 |  1458 | 12086k|1332.3 |   420M |  50 |1592 |  16k|  17k|  65k|  0 |2429 |5105 | 1.082521e+06 | 1.084433e+06 |   0.18%| unknown
 5310s|  5900 |  1492 | 12255k|1336.3 |   426M |  50 |1592 |  16k|  17k|  66k|  0 |2431 |5136 | 1.082524e+06 | 1.084433e+06 |   0.18%| unknown
 5370s|  6000 |  1520 | 12391k|1336.5 |   427M |  50 |1592 |  16k|  17k|  67k|  0 |2438 |5153 | 1.082527e+06 | 1.084433e+06 |   0.18%| unknown
 5435s|  6100 |  1550 | 12552k|1339.5 |   431M |  50 |1592 |  16k|  17k|  67k|  0 |2441 |5163 | 1.082531e+06 | 1.084433e+06 |   0.18%| unknown
 5509s|  6200 |  1620 | 12734k|1344.6 |   432M |  50 |1592 |  16k|  17k|  69k|  1 |2457 |5179 | 1.082532e+06 | 1.084433e+06 |   0.18%| unknown
 5567s|  6300 |  1632 | 12876k|1345.5 |   442M |  50 |1592 |  16k|  16k|  70k|  1 |2480 |5199 | 1.082536e+06 | 1.084433e+06 |   0.18%| unknown
 5627s|  6400 |  1684 | 13047k|1349.3 |   450M |  50 |1592 |  16k|  17k|  71k|  1 |2486 |5206 | 1.082537e+06 | 1.084433e+06 |   0.18%| unknown
 5656s|  6500 |  1702 | 13126k|1343.5 |   450M |  50 |1592 |  16k|  17k|  71k|  0 |2586 |5207 | 1.082539e+06 | 1.084433e+06 |   0.17%| unknown
 5772s|  6600 |  1726 | 13443k|1362.2 |   458M |  50 |1592 |  16k|  17k|  73k|  2 |2589 |5226 | 1.082544e+06 | 1.084433e+06 |   0.17%| unknown
 5824s|  6700 |  1744 | 13569k|1361.1 |   463M |  50 |1592 |  16k|  17k|  74k|  0 |2603 |5243 | 1.082545e+06 | 1.084433e+06 |   0.17%| unknown
 5870s|  6800 |  1748 | 13678k|1358.4 |   464M |  50 |1592 |  16k|  17k|  74k|  0 |2604 |5266 | 1.082545e+06 | 1.084433e+06 |   0.17%| unknown
 5940s|  6900 |  1806 | 13855k|1362.6 |   464M |  50 |1592 |  16k|  17k|  76k|  1 |2607 |5276 | 1.082546e+06 | 1.084433e+06 |   0.17%| unknown
 6014s|  7000 |  1842 | 14062k|1369.6 |   470M |  50 |1592 |  16k|  17k|  77k|  1 |2612 |5283 | 1.082547e+06 | 1.084433e+06 |   0.17%| unknown
 time | node  | left  |LP iter|LP it/n|mem/heur|mdpt |vars |cons |rows |cuts |sepa|confs|strbr|  dualbound   | primalbound  |  gap   | compl. 
 6057s|  7100 |  1878 | 14177k|1367.4 |   478M |  50 |1592 |  16k|  17k|  78k|  1 |2619 |5285 | 1.082552e+06 | 1.084433e+06 |   0.17%| unknown
 6096s|  7200 |  1896 | 14277k|1363.8 |   483M |  50 |1592 |  16k|  17k|  78k|  0 |2621 |5286 | 1.082555e+06 | 1.084433e+06 |   0.17%| unknown
 6182s|  7300 |  1926 | 14513k|1373.4 |   492M |  50 |1592 |  16k|  17k|  79k|  1 |2627 |5287 | 1.082562e+06 | 1.084433e+06 |   0.17%| unknown
 6205s|  7400 |  1934 | 14575k|1366.2 |   497M |  50 |1592 |  16k|  17k|  80k|  0 |2629 |5289 | 1.082562e+06 | 1.084433e+06 |   0.17%| unknown
 6244s|  7500 |  1944 | 14672k|1362.5 |   499M |  50 |1592 |  16k|  17k|  80k|  0 |2629 |5291 | 1.082564e+06 | 1.084433e+06 |   0.17%| unknown
 6283s|  7600 |  1972 | 14773k|1359.2 |   503M |  50 |1592 |  16k|  17k|  81k|  2 |2635 |5298 | 1.082565e+06 | 1.084433e+06 |   0.17%| unknown
 6353s|  7700 |  1994 | 14938k|1361.9 |   506M |  50 |1592 |  16k|  17k|  81k|  0 |2643 |5303 | 1.082569e+06 | 1.084433e+06 |   0.17%| unknown
 6393s|  7800 |  2008 | 15037k|1358.6 |   508M |  50 |1592 |  16k|  17k|  82k|  0 |2655 |5304 | 1.082570e+06 | 1.084433e+06 |   0.17%| unknown
 6460s|  7900 |  2022 | 15204k|1361.4 |   510M |  50 |1592 |  16k|  17k|  83k|  1 |2659 |5314 | 1.082570e+06 | 1.084433e+06 |   0.17%| unknown
 6522s|  8000 |  2064 | 15374k|1364.4 |   515M |  50 |1592 |  16k|  17k|  84k|  0 |2661 |5337 | 1.082573e+06 | 1.084433e+06 |   0.17%| unknown
 6582s|  8100 |  2086 | 15524k|1365.6 |   517M |  50 |1592 |  16k|  17k|  85k|  2 |2662 |5346 | 1.082577e+06 | 1.084433e+06 |   0.17%| unknown
 6615s|  8200 |  2094 | 15603k|1360.5 |   518M |  50 |1592 |  16k|  17k|  85k|  0 |2665 |5358 | 1.082578e+06 | 1.084433e+06 |   0.17%| unknown
 6655s|  8300 |  2108 | 15706k|1357.6 |   520M |  50 |1592 |  16k|  17k|  86k|  2 |2674 |5374 | 1.082579e+06 | 1.084433e+06 |   0.17%| unknown
 6707s|  8400 |  2144 | 15830k|1356.6 |   522M |  50 |1592 |  16k|  17k|  87k|  0 |2684 |5391 | 1.082581e+06 | 1.084433e+06 |   0.17%| unknown
 6764s|  8500 |  2160 | 15987k|1358.5 |   524M |  50 |1592 |  16k|  17k|  87k|  0 |2688 |5398 | 1.082585e+06 | 1.084433e+06 |   0.17%| unknown
 time | node  | left  |LP iter|LP it/n|mem/heur|mdpt |vars |cons |rows |cuts |sepa|confs|strbr|  dualbound   | primalbound  |  gap   | compl. 
 6824s|  8600 |  2174 | 16131k|1359.1 |   527M |  50 |1592 |  16k|  17k|  88k|  2 |2697 |5403 | 1.082587e+06 | 1.084433e+06 |   0.17%| unknown
 6865s|  8700 |  2194 | 16235k|1356.5 |   527M |  50 |1592 |  16k|  17k|  88k|  0 |2703 |5412 | 1.082589e+06 | 1.084433e+06 |   0.17%| unknown
 6902s|  8800 |  2216 | 16328k|1352.9 |   528M |  50 |1592 |  16k|  17k|  88k|  0 |2703 |5420 | 1.082591e+06 | 1.084433e+06 |   0.17%| unknown
 6951s|  8900 |  2232 | 16459k|1352.5 |   533M |  50 |1592 |  16k|  17k|  89k|  2 |2705 |5425 | 1.082593e+06 | 1.084433e+06 |   0.17%| unknown
 7004s|  9000 |  2248 | 16580k|1351.3 |   534M |  50 |1592 |  16k|  17k|  89k|  2 |2715 |5453 | 1.082594e+06 | 1.084433e+06 |   0.17%| unknown
 7046s|  9100 |  2264 | 16687k|1349.0 |   534M |  50 |1592 |  16k|  17k|  90k|  0 |2724 |5461 | 1.082595e+06 | 1.084433e+06 |   0.17%| unknown
 7097s|  9200 |  2276 | 16804k|1347.6 |   535M |  50 |1592 |  16k|  17k|  90k|  0 |2726 |5477 | 1.082597e+06 | 1.084433e+06 |   0.17%| unknown
 7142s|  9300 |  2300 | 16919k|1346.0 |   535M |  50 |1592 |  16k|  17k|  91k|  0 |2761 |5478 | 1.082601e+06 | 1.084433e+06 |   0.17%| unknown
 7214s|  9400 |  2320 | 17094k|1349.2 |   536M |  50 |1592 |  16k|  17k|  91k|  1 |2772 |5503 | 1.082604e+06 | 1.084433e+06 |   0.17%| unknown
 7288s|  9500 |  2334 | 17271k|1352.6 |   537M |  50 |1592 |  16k|  17k|  92k|  1 |2775 |5510 | 1.082609e+06 | 1.084433e+06 |   0.17%| unknown
 7350s|  9600 |  2358 | 17450k|1356.0 |   537M |  50 |1592 |  16k|  17k|  93k|  0 |2778 |5517 | 1.082610e+06 | 1.084433e+06 |   0.17%| unknown
 7416s|  9700 |  2370 | 17612k|1358.0 |   541M |  50 |1592 |  16k|  17k|  93k|  0 |2784 |5523 | 1.082614e+06 | 1.084433e+06 |   0.17%| unknown
 7461s|  9800 |  2388 | 17702k|1354.5 |   543M |  50 |1592 |  16k|  17k|  94k|  2 |2804 |5564 | 1.082614e+06 | 1.084433e+06 |   0.17%| unknown
 7529s|  9900 |  2400 | 17875k|1357.4 |   543M |  50 |1592 |  16k|  17k|  95k|  1 |2815 |5592 | 1.082616e+06 | 1.084433e+06 |   0.17%| unknown
 7599s| 10000 |  2426 | 18040k|1359.6 |   544M |  50 |1592 |  16k|  17k|  96k|  0 |2822 |5621 | 1.082617e+06 | 1.084433e+06 |   0.17%| unknown
 time | node  | left  |LP iter|LP it/n|mem/heur|mdpt |vars |cons |rows |cuts |sepa|confs|strbr|  dualbound   | primalbound  |  gap   | compl. 
 7645s| 10100 |  2436 | 18153k|1357.9 |   546M |  50 |1592 |  16k|  17k|  97k|  1 |2825 |5632 | 1.082617e+06 | 1.084433e+06 |   0.17%| unknown
 7755s| 10200 |  2472 | 18443k|1369.5 |   546M |  50 |1592 |  16k|  17k|  98k|  1 |2835 |5639 | 1.082618e+06 | 1.084433e+06 |   0.17%| unknown
 7854s| 10300 |  2532 | 18652k|1374.8 |   550M |  50 |1592 |  16k|  17k|  99k|  0 |2849 |5662 | 1.082620e+06 | 1.084433e+06 |   0.17%| unknown
 7942s| 10400 |  2568 | 18849k|1379.2 |   555M |  50 |1592 |  16k|  17k|  99k|  0 |2887 |5663 | 1.082620e+06 | 1.084433e+06 |   0.17%| unknown
 8040s| 10500 |  2612 | 19111k|1388.3 |   557M |  50 |1592 |  16k|  17k| 100k|  0 |2904 |5667 | 1.082629e+06 | 1.084433e+06 |   0.17%| unknown
 8153s| 10600 |  2634 | 19355k|1396.0 |   564M |  50 |1592 |  16k|  17k| 101k|  0 |2913 |5668 | 1.082632e+06 | 1.084433e+06 |   0.17%| unknown
 8299s| 10700 |  2658 | 19682k|1409.5 |   565M |  50 |1592 |  16k|  17k| 103k|  2 |2917 |5669 | 1.082634e+06 | 1.084433e+06 |   0.17%| unknown
 8449s| 10800 |  2702 | 20023k|1423.8 |   571M |  50 |1592 |  16k|  17k| 104k|  0 |2937 |5681 | 1.082635e+06 | 1.084433e+06 |   0.17%| unknown
 8548s| 10900 |  2718 | 20240k|1429.2 |   571M |  50 |1592 |  16k|  17k| 104k|  1 |2962 |5693 | 1.082636e+06 | 1.084433e+06 |   0.17%| unknown
 8635s| 11000 |  2742 | 20433k|1432.7 |   574M |  50 |1592 |  16k|  17k| 105k|  2 |2979 |5709 | 1.082636e+06 | 1.084433e+06 |   0.17%| unknown
 8768s| 11100 |  2776 | 20717k|1442.6 |   585M |  50 |1592 |  16k|  17k| 106k|  1 |2997 |5714 | 1.082639e+06 | 1.084433e+06 |   0.17%| unknown
 8870s| 11200 |  2790 | 20928k|1447.2 |   587M |  50 |1592 |  16k|  17k| 107k|  0 |3023 |5734 | 1.082639e+06 | 1.084433e+06 |   0.17%| unknown
 9000s| 11300 |  2824 | 21232k|1458.3 |   589M |  50 |1592 |  16k|  17k| 108k|  0 |3041 |5743 | 1.082640e+06 | 1.084433e+06 |   0.17%| unknown
 9076s| 11400 |  2836 | 21402k|1459.9 |   590M |  50 |1592 |  16k|  17k| 109k|  1 |3080 |5755 | 1.082641e+06 | 1.084433e+06 |   0.17%| unknown
 9191s| 11500 |  2868 | 21657k|1467.4 |   590M |  50 |1592 |  16k|  17k| 110k|  2 |3111 |5765 | 1.082642e+06 | 1.084433e+06 |   0.17%| unknown
 time | node  | left  |LP iter|LP it/n|mem/heur|mdpt |vars |cons |rows |cuts |sepa|confs|strbr|  dualbound   | primalbound  |  gap   | compl. 
 9270s| 11600 |  2900 | 21835k|1469.5 |   591M |  50 |1592 |  16k|  17k| 111k|  0 |3136 |5785 | 1.082644e+06 | 1.084433e+06 |   0.17%| unknown
 9377s| 11700 |  2938 | 22122k|1478.9 |   592M |  50 |1592 |  16k|  17k| 113k|  0 |3147 |5798 | 1.082646e+06 | 1.084433e+06 |   0.17%| unknown
 9498s| 11800 |  3004 | 22414k|1488.6 |   594M |  50 |1592 |  16k|  17k| 115k|  1 |3165 |5800 | 1.082647e+06 | 1.084433e+06 |   0.16%| unknown
 9618s| 11900 |  3024 | 22672k|1495.9 |   599M |  50 |1592 |  16k|  17k| 116k|  1 |3169 |5806 | 1.082648e+06 | 1.084433e+06 |   0.16%| unknown
 9700s| 12000 |  3088 | 22882k|1499.8 |   599M |  50 |1592 |  16k|  17k| 118k|  1 |3175 |5807 | 1.082651e+06 | 1.084433e+06 |   0.16%| unknown
 9752s| 12100 |  3116 | 23017k|1498.9 |   600M |  50 |1592 |  16k|  17k| 118k|  1 |3187 |5813 | 1.082654e+06 | 1.084433e+06 |   0.16%| unknown
 9837s| 12200 |  3168 | 23239k|1503.6 |   602M |  50 |1592 |  16k|  17k| 120k|  4 |3194 |5826 | 1.082654e+06 | 1.084433e+06 |   0.16%| unknown
 9901s| 12300 |  3218 | 23399k|1504.2 |   604M |  50 |1592 |  16k|  17k| 120k|  1 |3201 |5840 | 1.082655e+06 | 1.084433e+06 |   0.16%| unknown
 9949s| 12400 |  3248 | 23526k|1502.7 |   605M |  50 |1592 |  16k|  17k| 121k|  2 |3212 |5854 | 1.082657e+06 | 1.084433e+06 |   0.16%| unknown
 9983s| 12500 |  3260 | 23611k|1498.5 |   606M |  50 |1592 |  16k|  17k| 122k|  0 |3214 |5871 | 1.082659e+06 | 1.084433e+06 |   0.16%| unknown
  167m| 12600 |  3292 | 23750k|1497.8 |   607M |  50 |1592 |  16k|  17k| 123k|  0 |3215 |5886 | 1.082661e+06 | 1.084433e+06 |   0.16%| unknown
  169m| 12700 |  3332 | 23956k|1501.4 |   610M |  50 |1592 |  16k|  17k| 124k|  2 |3221 |5894 | 1.082665e+06 | 1.084433e+06 |   0.16%| unknown
  170m| 12800 |  3366 | 24124k|1502.5 |   610M |  50 |1592 |  16k|  17k| 125k|  0 |3239 |5904 | 1.082668e+06 | 1.084433e+06 |   0.16%| unknown
  171m| 12900 |  3388 | 24300k|1504.1 |   615M |  50 |1592 |  16k|  17k| 126k|  2 |3244 |5914 | 1.082670e+06 | 1.084433e+06 |   0.16%| unknown
  172m| 13000 |  3400 | 24448k|1504.0 |   615M |  50 |1592 |  16k|  17k| 127k|  0 |3245 |5941 | 1.082671e+06 | 1.084433e+06 |   0.16%| unknown
 time | node  | left  |LP iter|LP it/n|mem/heur|mdpt |vars |cons |rows |cuts |sepa|confs|strbr|  dualbound   | primalbound  |  gap   | compl. 
  173m| 13100 |  3424 | 24599k|1504.0 |   617M |  50 |1592 |  16k|  17k| 128k|  0 |3256 |5969 | 1.082672e+06 | 1.084433e+06 |   0.16%| unknown
  174m| 13200 |  3466 | 24741k|1503.5 |   621M |  50 |1592 |  16k|  17k| 129k|  0 |3267 |5973 | 1.082675e+06 | 1.084433e+06 |   0.16%| unknown
  175m| 13300 |  3516 | 24969k|1508.2 |   621M |  50 |1592 |  16k|  17k| 131k|  2 |3276 |5977 | 1.082678e+06 | 1.084433e+06 |   0.16%| unknown
  176m| 13400 |  3568 | 25103k|1507.2 |   627M |  50 |1592 |  16k|  17k| 132k|  1 |3283 |5990 | 1.082679e+06 | 1.084433e+06 |   0.16%| unknown
  177m| 13500 |  3592 | 25244k|1506.6 |   636M |  50 |1592 |  16k|  17k| 132k|  0 |3291 |6032 | 1.082679e+06 | 1.084433e+06 |   0.16%| unknown
  178m| 13600 |  3602 | 25341k|1503.4 |   643M |  50 |1592 |  16k|  17k| 133k|  2 |3296 |6042 | 1.082684e+06 | 1.084433e+06 |   0.16%| unknown
  179m| 13700 |  3622 | 25484k|1503.0 |   657M |  50 |1592 |  16k|  17k| 134k|  0 |3304 |6061 | 1.082685e+06 | 1.084433e+06 |   0.16%| unknown
  180m| 13800 |  3656 | 25667k|1504.9 |   661M |  50 |1592 |  16k|  17k| 135k|  2 |3345 |6083 | 1.082687e+06 | 1.084433e+06 |   0.16%| unknown
  181m| 13900 |  3674 | 25819k|1505.0 |   674M |  50 |1592 |  16k|  17k| 136k|  0 |3350 |6096 | 1.082689e+06 | 1.084433e+06 |   0.16%| unknown
  182m| 14000 |  3692 | 25906k|1501.3 |   677M |  50 |1592 |  16k|  17k| 136k|  2 |3351 |6112 | 1.082691e+06 | 1.084433e+06 |   0.16%| unknown
L 182m| 14010 |  3657 | 25908k|1500.5 |    alns|  50 |1592 |  16k|  17k| 136k|  0 |3351 |6112 | 1.082691e+06 | 1.084415e+06 |   0.16%| unknown
  182m| 14100 |  3677 | 26049k|1500.9 |   685M |  50 |1592 |  16k|  17k| 137k|  2 |3357 |6122 | 1.082692e+06 | 1.084415e+06 |   0.16%| unknown
  183m| 14200 |  3699 | 26158k|1498.5 |   694M |  50 |1592 |  16k|  17k| 138k|  1 |3359 |6128 | 1.082692e+06 | 1.084415e+06 |   0.16%| unknown
  184m| 14300 |  3721 | 26287k|1497.3 |   699M |  50 |1592 |  16k|  17k| 139k|  2 |3391 |6144 | 1.082693e+06 | 1.084415e+06 |   0.16%| unknown
  185m| 14400 |  3723 | 26422k|1496.5 |   707M |  50 |1592 |  16k|  17k| 139k|  1 |3397 |6148 | 1.082694e+06 | 1.084415e+06 |   0.16%| unknown
 time | node  | left  |LP iter|LP it/n|mem/heur|mdpt |vars |cons |rows |cuts |sepa|confs|strbr|  dualbound   | primalbound  |  gap   | compl. 
  186m| 14500 |  3767 | 26598k|1498.0 |   707M |  50 |1592 |  16k|  17k| 140k|  2 |3399 |6152 | 1.082696e+06 | 1.084415e+06 |   0.16%| unknown
  187m| 14600 |  3767 | 26699k|1495.2 |   709M |  50 |1592 |  16k|  17k| 140k|  0 |3404 |6154 | 1.082697e+06 | 1.084415e+06 |   0.16%| unknown
  187m| 14700 |  3769 | 26807k|1492.9 |   709M |  50 |1592 |  16k|  17k| 141k|  0 |3407 |6162 | 1.082700e+06 | 1.084415e+06 |   0.16%| unknown
  188m| 14800 |  3791 | 26905k|1490.0 |   711M |  50 |1592 |  16k|  17k| 141k|  2 |3407 |6166 | 1.082701e+06 | 1.084415e+06 |   0.16%| unknown
  189m| 14900 |  3809 | 27065k|1490.6 |   715M |  50 |1592 |  16k|  17k| 143k|  0 |3411 |6171 | 1.082702e+06 | 1.084415e+06 |   0.16%| unknown
  189m| 15000 |  3823 | 27111k|1484.9 |   715M |  50 |1592 |  16k|  17k| 143k|  2 |3413 |6173 | 1.082702e+06 | 1.084415e+06 |   0.16%| unknown
  190m| 15100 |  3849 | 27266k|1485.3 |   715M |  50 |1592 |  16k|  17k| 144k|  0 |3422 |6173 | 1.082703e+06 | 1.084415e+06 |   0.16%| unknown
  191m| 15200 |  3867 | 27379k|1483.4 |   715M |  50 |1592 |  16k|  17k| 144k|  0 |3444 |6175 | 1.082704e+06 | 1.084415e+06 |   0.16%| unknown
  191m| 15300 |  3871 | 27429k|1478.1 |   716M |  50 |1592 |  16k|  17k| 144k|  1 |3453 |6183 | 1.082704e+06 | 1.084415e+06 |   0.16%| unknown
  193m| 15400 |  3931 | 27668k|1482.9 |   721M |  50 |1592 |  16k|  17k| 146k|  1 |3488 |6184 | 1.082704e+06 | 1.084415e+06 |   0.16%| unknown
  197m| 15500 |  4027 | 28186k|1502.8 |   731M |  50 |1592 |  16k|  17k| 147k|  1 |3628 |6193 | 1.082704e+06 | 1.084415e+06 |   0.16%| unknown
  199m| 15600 |  4077 | 28565k|1515.0 |   738M |  50 |1592 |  16k|  17k| 148k|  1 |3648 |6196 | 1.082704e+06 | 1.084415e+06 |   0.16%| unknown
  202m| 15700 |  4165 | 28988k|1529.4 |   751M |  50 |1592 |  16k|  17k| 149k|  1 |3698 |6196 | 1.082705e+06 | 1.084415e+06 |   0.16%| unknown
  204m| 15800 |  4215 | 29156k|1530.2 |   756M |  50 |1592 |  16k|  17k| 150k|  1 |3712 |6201 | 1.082705e+06 | 1.084415e+06 |   0.16%| unknown
  204m| 15900 |  4245 | 29271k|1528.2 |   761M |  50 |1592 |  16k|  17k| 150k|  0 |3715 |6217 | 1.082705e+06 | 1.084415e+06 |   0.16%| unknown
 time | node  | left  |LP iter|LP it/n|mem/heur|mdpt |vars |cons |rows |cuts |sepa|confs|strbr|  dualbound   | primalbound  |  gap   | compl. 
  205m| 16000 |  4253 | 29389k|1526.4 |   761M |  50 |1592 |  16k|  17k| 151k|  2 |3720 |6228 | 1.082705e+06 | 1.084415e+06 |   0.16%| unknown
  206m| 16100 |  4257 | 29498k|1524.1 |   761M |  50 |1592 |  16k|  17k| 151k|  0 |3722 |6235 | 1.082706e+06 | 1.084415e+06 |   0.16%| unknown
  208m| 16200 |  4309 | 29829k|1533.4 |   764M |  50 |1592 |  16k|  17k| 153k|  1 |3743 |6245 | 1.082706e+06 | 1.084415e+06 |   0.16%| unknown
  210m| 16300 |  4343 | 30090k|1538.9 |   770M |  50 |1592 |  16k|  17k| 154k|  1 |3764 |6248 | 1.082706e+06 | 1.084415e+06 |   0.16%| unknown
  212m| 16400 |  4367 | 30248k|1539.1 |   774M |  50 |1592 |  16k|  17k| 155k|  0 |3765 |6254 | 1.082707e+06 | 1.084415e+06 |   0.16%| unknown
  213m| 16500 |  4395 | 30498k|1544.0 |   775M |  50 |1592 |  16k|  17k| 156k|  1 |3778 |6259 | 1.082710e+06 | 1.084415e+06 |   0.16%| unknown
  214m| 16600 |  4401 | 30641k|1543.4 |   775M |  50 |1592 |  16k|  17k| 157k|  1 |3778 |6263 | 1.082710e+06 | 1.084415e+06 |   0.16%| unknown
  216m| 16700 |  4421 | 30851k|1546.2 |   783M |  50 |1592 |  16k|  17k| 158k|  0 |3782 |6268 | 1.082710e+06 | 1.084415e+06 |   0.16%| unknown
  217m| 16800 |  4465 | 31074k|1549.7 |   783M |  50 |1592 |  16k|  17k| 158k|  0 |3792 |6271 | 1.082711e+06 | 1.084415e+06 |   0.16%| unknown
  219m| 16900 |  4477 | 31288k|1552.6 |   785M |  50 |1592 |  16k|  17k| 159k|  0 |3794 |6278 | 1.082711e+06 | 1.084415e+06 |   0.16%| unknown
  221m| 17000 |  4505 | 31543k|1557.6 |   797M |  50 |1592 |  16k|  17k| 160k|  2 |3809 |6281 | 1.082712e+06 | 1.084415e+06 |   0.16%| unknown
  223m| 17100 |  4565 | 31810k|1563.1 |   806M |  50 |1592 |  16k|  17k| 162k|  0 |3841 |6284 | 1.082712e+06 | 1.084415e+06 |   0.16%| unknown
  225m| 17200 |  4609 | 32115k|1570.4 |   821M |  50 |1592 |  16k|  17k| 163k|  0 |3854 |6297 | 1.082713e+06 | 1.084415e+06 |   0.16%| unknown
  226m| 17300 |  4617 | 32231k|1568.4 |   821M |  50 |1592 |  16k|  17k| 164k|  2 |3855 |6301 | 1.082713e+06 | 1.084415e+06 |   0.16%| unknown
  227m| 17400 |  4627 | 32425k|1570.2 |   822M |  50 |1592 |  16k|  17k| 164k|  0 |3946 |6302 | 1.082714e+06 | 1.084415e+06 |   0.16%| unknown
 time | node  | left  |LP iter|LP it/n|mem/heur|mdpt |vars |cons |rows |cuts |sepa|confs|strbr|  dualbound   | primalbound  |  gap   | compl. 
  228m| 17500 |  4659 | 32526k|1567.5 |   824M |  50 |1592 |  16k|  17k| 165k|  4 |3953 |6332 | 1.082715e+06 | 1.084415e+06 |   0.16%| unknown
  229m| 17600 |  4671 | 32656k|1566.2 |   826M |  50 |1592 |  16k|  17k| 165k|  0 |3961 |6355 | 1.082716e+06 | 1.084415e+06 |   0.16%| unknown
  230m| 17700 |  4697 | 32765k|1563.9 |   829M |  50 |1592 |  16k|  17k| 166k|  0 |3971 |6380 | 1.082718e+06 | 1.084415e+06 |   0.16%| unknown
  231m| 17800 |  4723 | 32933k|1564.5 |   829M |  50 |1592 |  16k|  17k| 166k|  1 |3973 |6390 | 1.082720e+06 | 1.084415e+06 |   0.16%| unknown
  232m| 17900 |  4743 | 33099k|1564.9 |   830M |  50 |1592 |  16k|  17k| 167k|  0 |3974 |6390 | 1.082721e+06 | 1.084415e+06 |   0.16%| unknown
  233m| 18000 |  4769 | 33270k|1565.6 |   831M |  50 |1592 |  16k|  17k| 168k|  2 |3974 |6392 | 1.082723e+06 | 1.084415e+06 |   0.16%| unknown
  233m| 18100 |  4795 | 33351k|1562.0 |   836M |  50 |1592 |  16k|  17k| 169k|  0 |3979 |6405 | 1.082724e+06 | 1.084415e+06 |   0.16%| unknown
  235m| 18200 |  4833 | 33575k|1565.2 |   861M |  50 |1592 |  16k|  17k| 171k|  1 |3983 |6420 | 1.082725e+06 | 1.084415e+06 |   0.16%| unknown
  236m| 18300 |  4847 | 33799k|1568.3 |   866M |  50 |1592 |  16k|  17k| 171k|  1 |3987 |6427 | 1.082727e+06 | 1.084415e+06 |   0.16%| unknown
  237m| 18400 |  4867 | 33957k|1568.4 |   877M |  50 |1592 |  16k|  17k| 172k|  1 |3987 |6433 | 1.082728e+06 | 1.084415e+06 |   0.16%| unknown
  239m| 18500 |  4891 | 34175k|1571.2 |   892M |  50 |1592 |  16k|  17k| 173k|  0 |3987 |6437 | 1.082731e+06 | 1.084415e+06 |   0.16%| unknown
  240m| 18600 |  4925 | 34340k|1571.6 |   894M |  50 |1592 |  16k|  17k| 174k|  2 |3995 |6446 | 1.082733e+06 | 1.084415e+06 |   0.16%| unknown

SCIP Status        : solving was interrupted [time limit reached]
Solving Time (sec) : 14400.00
Solving Nodes      : 18601 (total of 21736 nodes in 2 runs)
Primal Bound       : +1.08441452300000e+06 (128 solutions)
Dual Bound         : +1.08273310006308e+06
Gap                : 0.16 %

primal solution (original space):
=================================

objective value:                          1084414.523
z#4                                                 1 	(obj:0)
z#14                                                1 	(obj:0)
z#17                                                1 	(obj:0)
z#31                                                1 	(obj:0)
z#74                                                1 	(obj:0)
z#77                                                1 	(obj:0)
z#84                                                1 	(obj:0)
z#95                                                1 	(obj:0)
z#99                                                1 	(obj:0)
z#115                                               1 	(obj:0)
z#148                                               1 	(obj:0)
z#152                                               1 	(obj:0)
z#159                                1.00000000001739 	(obj:0)
z#160                                               1 	(obj:0)
z#171                               0.999999999999886 	(obj:0)
z#186                                               1 	(obj:0)
z#213                                               1 	(obj:0)
z#215                                               1 	(obj:0)
z#220                                               1 	(obj:0)
z#223                                               1 	(obj:0)
z#226                                               1 	(obj:0)
z#228                                               1 	(obj:0)
z#234                                               1 	(obj:0)
z#238                                               1 	(obj:0)
z#278                                               1 	(obj:0)
z#279                                               1 	(obj:0)
z#294                                               1 	(obj:0)
z#304                                               1 	(obj:0)
z#310                                               1 	(obj:0)
z#312                                               1 	(obj:0)
z#318                                               1 	(obj:0)
z#331                                               1 	(obj:0)
z#333                                               1 	(obj:0)
z#336                                               1 	(obj:0)
z#357                                               1 	(obj:0)
z#368                                               1 	(obj:0)
z#374                                               1 	(obj:0)
z#385                                               1 	(obj:0)
z#410                                               1 	(obj:0)
z#417                                               1 	(obj:0)
z#425                                               1 	(obj:0)
z#436                                               1 	(obj:0)
z#440                                               1 	(obj:0)
z#441                                               1 	(obj:0)
z#445                                               1 	(obj:0)
z#455                                               1 	(obj:0)
z#456                                               1 	(obj:0)
z#482                                               1 	(obj:0)
z#532                                               1 	(obj:0)
z#543                                               1 	(obj:0)
z#545                                               1 	(obj:0)
z#549                                               1 	(obj:0)
z#550                                               1 	(obj:0)
z#556                                               1 	(obj:0)
z#565                                               1 	(obj:0)
z#583                                               1 	(obj:0)
z#588                                               1 	(obj:0)
z#596                                               1 	(obj:0)
z#597                                               1 	(obj:0)
z#611                                               1 	(obj:0)
z#633                                               1 	(obj:0)
z#654                                               1 	(obj:0)
z#662                                               1 	(obj:0)
z#665                                               1 	(obj:0)
z#672                                               1 	(obj:0)
z#688                                               1 	(obj:0)
z#690                                               1 	(obj:0)
z#698                                               1 	(obj:0)
z#706                                               1 	(obj:0)
z#716                                               1 	(obj:0)
z#720                                               1 	(obj:0)
z#737                                               1 	(obj:0)
z#740                                               1 	(obj:0)
z#755                                               1 	(obj:0)
z#761                                               1 	(obj:0)
z#765                                               1 	(obj:0)
z#781                                               1 	(obj:0)
z#782                                               1 	(obj:0)
z#796                                               1 	(obj:0)
z#803                                               1 	(obj:0)
z#812                                               1 	(obj:0)
z#813                                               1 	(obj:0)
z#817                                               1 	(obj:0)
z#825                                               1 	(obj:0)
z#842                                               1 	(obj:0)
z#868                               0.999999999999886 	(obj:0)
z#877                                               1 	(obj:0)
z#884                                               1 	(obj:0)
z#893                                               1 	(obj:0)
z#901                                               1 	(obj:0)
z#921                                0.99999999994327 	(obj:0)
z#926                                               1 	(obj:0)
z#939                                               1 	(obj:0)
z#943                                               1 	(obj:0)
z#945                                               1 	(obj:0)
z#949                                               1 	(obj:0)
z#959                                               1 	(obj:0)
z#961                                               1 	(obj:0)
z#989                                               1 	(obj:0)
z#995                                               1 	(obj:0)
x#104                                1.00200000000007 	(obj:123)
x#110                                         698.998 	(obj:148)
x#117                                1.00200000000007 	(obj:111)
x#124                                         698.998 	(obj:131)
x#132                                1.00200000000007 	(obj:122)
x#136                                         697.998 	(obj:137)
x#147                                1.00200000000007 	(obj:107)
y#0                                             134.8 	(obj:200)
y#2                                  2.99999999999994 	(obj:113)
y#23                                 1.77999999999975 	(obj:127)
y#86                                            139.8 	(obj:123)
y#140                                               1 	(obj:129)
x#0                                             396.2 	(obj:255)
x#1                                            73.779 	(obj:166)
x#4                                  42.7690000000001 	(obj:156)
x#7                                0.0979999999999563 	(obj:202)
x#10                                          168.691 	(obj:103)
x#15                                          523.532 	(obj:114)
x#21                                 1.04499999999996 	(obj:191)
x#24                                0.673999999999978 	(obj:129)
x#25                                          169.775 	(obj:127)
x#29                                          525.398 	(obj:221)
x#33                                 2.25099999999975 	(obj:135)
x#36                                          171.052 	(obj:119)
x#38                                0.990999999999985 	(obj:159)
x#43                                           697.94 	(obj:100)
x#51                                0.998000000000047 	(obj:143)
x#54                                  1.0089999999999 	(obj:123)
x#56                                          696.983 	(obj:105)
x#58                                0.999000000000024 	(obj:118)
x#67                             0.000999999999976353 	(obj:144)
x#68                                 2.01199999999983 	(obj:118)
x#71                                          696.984 	(obj:111)
x#73                                                1 	(obj:163)
x#75                              0.00100000000009004 	(obj:186)
x#79                             0.000999999999976353 	(obj:108)
x#80                                          559.198 	(obj:129)
x#90                                 1.00200000000007 	(obj:127)
x#95                                          698.998 	(obj:142)
u#0                                             396.2 	(obj:0)
u#1                                           469.979 	(obj:0)
u#2                                           469.979 	(obj:0)
u#3                                           469.979 	(obj:0)
u#4                                           512.748 	(obj:0)
u#5                                           512.748 	(obj:0)
u#6                                           512.748 	(obj:0)
u#7                                           512.846 	(obj:0)
u#8                                           512.846 	(obj:0)
u#9                                           512.846 	(obj:0)
u#10                                          681.537 	(obj:0)
u#11                                          681.537 	(obj:0)
u#12                                          681.537 	(obj:0)
u#13                                          681.537 	(obj:0)
u#14                                          681.537 	(obj:0)
u#15                                          808.869 	(obj:0)
u#16                                           735.09 	(obj:0)
u#17                                           735.09 	(obj:0)
u#18                                           735.09 	(obj:0)
u#19                                          692.321 	(obj:0)
u#20                                          692.321 	(obj:0)
u#21                                          693.366 	(obj:0)
u#22                                          693.268 	(obj:0)
u#23                                          693.268 	(obj:0)
u#24                                          693.942 	(obj:0)
u#25                                          695.026 	(obj:0)
u#26                                          695.026 	(obj:0)
u#27                                          695.026 	(obj:0)
u#28                                          695.026 	(obj:0)
u#29                                         1220.424 	(obj:0)
u#30                                          696.892 	(obj:0)
u#31                                          696.892 	(obj:0)
u#32                                          696.892 	(obj:0)
u#33                                          699.143 	(obj:0)
u#34                                          699.143 	(obj:0)
u#35                                          699.143 	(obj:0)
u#36                                           869.15 	(obj:0)
u#37                                           869.15 	(obj:0)
u#38                                          870.141 	(obj:0)
u#39                                          869.467 	(obj:0)
u#40                                 699.691999999989 	(obj:0)
u#41                                          699.692 	(obj:0)
u#42                                          699.692 	(obj:0)
u#43                                         1397.632 	(obj:0)
u#44                                          872.234 	(obj:0)
u#45                                          872.234 	(obj:0)
u#46                                          872.234 	(obj:0)
u#47                                          872.234 	(obj:0)
u#48                                          869.983 	(obj:0)
u#49                                          869.983 	(obj:0)
u#50                                          869.983 	(obj:0)
u#51                                          699.929 	(obj:0)
u#52                                          699.929 	(obj:0)
u#53                                          698.938 	(obj:0)
u#54                                          699.947 	(obj:0)
u#55                                          699.947 	(obj:0)
u#56                                          1396.93 	(obj:0)
u#57                                          1396.93 	(obj:0)
u#58                                          699.989 	(obj:0)
u#59                                          699.989 	(obj:0)
u#60                                          699.989 	(obj:0)
u#61                                          699.989 	(obj:0)
u#62                                          699.989 	(obj:0)
u#63                                          699.989 	(obj:0)
u#64                                          699.989 	(obj:0)
u#65                                          699.989 	(obj:0)
u#66                                          698.991 	(obj:0)
u#67                                          698.992 	(obj:0)
u#68                                          701.004 	(obj:0)
u#69                                          699.995 	(obj:0)
u#70                                          699.995 	(obj:0)
u#71                                          699.996 	(obj:0)
u#72                                          699.996 	(obj:0)
u#73                                          699.997 	(obj:0)
u#74                                          699.997 	(obj:0)
u#75                                          699.998 	(obj:0)
u#76                                          699.998 	(obj:0)
u#77                                          699.998 	(obj:0)
u#78                                          699.998 	(obj:0)
u#79                                          699.999 	(obj:0)
u#80                                         1259.197 	(obj:0)
u#81                                         1259.197 	(obj:0)
u#82                                         1259.196 	(obj:0)
u#83                                         1257.184 	(obj:0)
u#84                                         1257.184 	(obj:0)
u#85                                         1257.184 	(obj:0)
u#86                                            560.2 	(obj:0)
u#87                                            560.2 	(obj:0)
u#88                                            559.2 	(obj:0)
u#89                                            559.2 	(obj:0)
u#90                                          560.201 	(obj:0)
u#91                                          560.201 	(obj:0)
u#92                                          560.201 	(obj:0)
u#93                                          560.201 	(obj:0)
u#94                                            560.2 	(obj:0)
u#95                                              700 	(obj:0)
u#96                                              700 	(obj:0)
u#97                                              700 	(obj:0)
u#98                                              700 	(obj:0)
u#99                                              700 	(obj:0)
u#100                                             700 	(obj:0)
u#101                                             700 	(obj:0)
u#102                                             700 	(obj:0)
u#103                                             700 	(obj:0)
u#104                                         701.002 	(obj:0)
u#105                                             700 	(obj:0)
u#106                                             700 	(obj:0)
u#107                                             700 	(obj:0)
u#108                                             700 	(obj:0)
u#109                                             700 	(obj:0)
u#110                                             700 	(obj:0)
u#111                                             700 	(obj:0)
u#112                                             700 	(obj:0)
u#113                                             700 	(obj:0)
u#114                                             700 	(obj:0)
u#115                                             700 	(obj:0)
u#116                                             700 	(obj:0)
u#117                                         701.002 	(obj:0)
u#118                                         701.002 	(obj:0)
u#119                                             700 	(obj:0)
u#120                                             700 	(obj:0)
u#121                                             700 	(obj:0)
u#122                                             700 	(obj:0)
u#123                                             700 	(obj:0)
u#124                                        1398.998 	(obj:0)
u#125                                             700 	(obj:0)
u#126                                             700 	(obj:0)
u#127                                             700 	(obj:0)
u#128                                             700 	(obj:0)
u#129                                             700 	(obj:0)
u#130                                             700 	(obj:0)
u#131                                             700 	(obj:0)
u#132                                             700 	(obj:0)
u#133                                             700 	(obj:0)
u#134                                             700 	(obj:0)
u#135                                             700 	(obj:0)
u#136                                        1397.998 	(obj:0)
u#137                                        1397.998 	(obj:0)
u#138                                        1397.998 	(obj:0)
u#139                                             699 	(obj:0)
u#140                                             699 	(obj:0)
u#141                                             699 	(obj:0)
u#142                                             699 	(obj:0)
u#143                                             699 	(obj:0)
u#144                                             699 	(obj:0)
u#145                                             699 	(obj:0)
u#146                                             699 	(obj:0)
u#147                                             699 	(obj:0)
u#148                                             699 	(obj:0)
u#149                                             699 	(obj:0)
v#0                                             134.8 	(obj:0)
v#1                                             134.8 	(obj:0)
v#2                                             137.8 	(obj:0)
v#3                                             137.8 	(obj:0)
v#4                                             137.8 	(obj:0)
v#5                                             137.8 	(obj:0)
v#6                                             137.8 	(obj:0)
v#7                                             137.8 	(obj:0)
v#8                                             137.8 	(obj:0)
v#9                                             137.8 	(obj:0)
v#10                                 2.99999999999994 	(obj:0)
v#11                                 2.99999999999994 	(obj:0)
v#23                                 1.77999999999975 	(obj:0)
v#24                                 1.77999999999975 	(obj:0)
v#25                                 1.77999999999975 	(obj:0)
v#26                                 1.77999999999975 	(obj:0)
v#27                                 1.77999999999975 	(obj:0)
v#28                                 1.77999999999975 	(obj:0)
v#29                                 1.77999999999975 	(obj:0)
v#30                                 1.77999999999975 	(obj:0)
v#31                                 1.77999999999975 	(obj:0)
v#32                                 1.77999999999975 	(obj:0)
v#86                                            139.8 	(obj:0)
v#87                                            139.8 	(obj:0)
v#88                                            139.8 	(obj:0)
v#89                                            139.8 	(obj:0)
v#90                                            139.8 	(obj:0)
v#91                                            139.8 	(obj:0)
v#92                                            139.8 	(obj:0)
v#93                                            139.8 	(obj:0)
v#94                                            139.8 	(obj:0)
v#95                                            139.8 	(obj:0)
v#140                                               1 	(obj:0)
v#141                                               1 	(obj:0)
v#142                                               1 	(obj:0)
v#143                                               1 	(obj:0)
v#144                                               1 	(obj:0)
v#145                                               1 	(obj:0)
v#146                                               1 	(obj:0)
v#147                                               1 	(obj:0)
v#148                                               1 	(obj:0)
v#149                                               1 	(obj:0)
w#0                                               531 	(obj:0)
w#1                                           604.779 	(obj:0)
w#2                                           607.779 	(obj:0)
w#3                                           607.779 	(obj:0)
w#4                                           650.548 	(obj:0)
w#5                                           650.548 	(obj:0)
w#6                                           650.548 	(obj:0)
w#7                                           650.646 	(obj:0)
w#8                                           650.646 	(obj:0)
w#9                                           650.646 	(obj:0)
w#10                                          684.537 	(obj:0)
w#11                                          684.537 	(obj:0)
w#12                                          681.537 	(obj:0)
w#13                                          681.537 	(obj:0)
w#14                                          681.537 	(obj:0)
w#15                                          808.869 	(obj:0)
w#16                                           735.09 	(obj:0)
w#17                                           735.09 	(obj:0)
w#18                                           735.09 	(obj:0)
w#19                                          692.321 	(obj:0)
w#20                                          692.321 	(obj:0)
w#21                                          693.366 	(obj:0)
w#22                                          693.268 	(obj:0)
w#23                                          695.048 	(obj:0)
w#24                                          695.722 	(obj:0)
w#25                                          696.806 	(obj:0)
w#26                                          696.806 	(obj:0)
w#27                                          696.806 	(obj:0)
w#28                                          696.806 	(obj:0)
w#29                                         1222.204 	(obj:0)
w#30                                          698.672 	(obj:0)
w#31                                          698.672 	(obj:0)
w#32                                          698.672 	(obj:0)
w#33                                          699.143 	(obj:0)
w#34                                          699.143 	(obj:0)
w#35                                          699.143 	(obj:0)
w#36                                           869.15 	(obj:0)
w#37                                           869.15 	(obj:0)
w#38                                          870.141 	(obj:0)
w#39                                          869.467 	(obj:0)
w#40                                 699.691999999989 	(obj:0)
w#41                                          699.692 	(obj:0)
w#42                                          699.692 	(obj:0)
w#43                                         1397.632 	(obj:0)
w#44                                          872.234 	(obj:0)
w#45                                          872.234 	(obj:0)
w#46                                          872.234 	(obj:0)
w#47                                          872.234 	(obj:0)
w#48                                          869.983 	(obj:0)
w#49                                          869.983 	(obj:0)
w#50                                          869.983 	(obj:0)
w#51                                          699.929 	(obj:0)
w#52                                          699.929 	(obj:0)
w#53                                          698.938 	(obj:0)
w#54                                          699.947 	(obj:0)
w#55                                          699.947 	(obj:0)
w#56                                          1396.93 	(obj:0)
w#57                                          1396.93 	(obj:0)
w#58                                          699.989 	(obj:0)
w#59                                          699.989 	(obj:0)
w#60                                          699.989 	(obj:0)
w#61                                          699.989 	(obj:0)
w#62                                          699.989 	(obj:0)
w#63                                          699.989 	(obj:0)
w#64                                          699.989 	(obj:0)
w#65                                          699.989 	(obj:0)
w#66                                          698.991 	(obj:0)
w#67                                          698.992 	(obj:0)
w#68                                          701.004 	(obj:0)
w#69                                          699.995 	(obj:0)
w#70                                          699.995 	(obj:0)
w#71                                          699.996 	(obj:0)
w#72                                          699.996 	(obj:0)
w#73                                          699.997 	(obj:0)
w#74                                          699.997 	(obj:0)
w#75                                          699.998 	(obj:0)
w#76                                          699.998 	(obj:0)
w#77                                          699.998 	(obj:0)
w#78                                          699.998 	(obj:0)
w#79                                          699.999 	(obj:0)
w#80                                         1259.197 	(obj:0)
w#81                                         1259.197 	(obj:0)
w#82                                         1259.196 	(obj:0)
w#83                                         1257.184 	(obj:0)
w#84                                         1257.184 	(obj:0)
w#85                                         1257.184 	(obj:0)
w#86                                              700 	(obj:0)
w#87                                              700 	(obj:0)
w#88                                              699 	(obj:0)
w#89                                              699 	(obj:0)
w#90                                          700.001 	(obj:0)
w#91                                          700.001 	(obj:0)
w#92                                          700.001 	(obj:0)
w#93                                          700.001 	(obj:0)
w#94                                              700 	(obj:0)
w#95                                            839.8 	(obj:0)
w#96                                              700 	(obj:0)
w#97                                              700 	(obj:0)
w#98                                              700 	(obj:0)
w#99                                              700 	(obj:0)
w#100                                             700 	(obj:0)
w#101                                             700 	(obj:0)
w#102                                             700 	(obj:0)
w#103                                             700 	(obj:0)
w#104                                         701.002 	(obj:0)
w#105                                             700 	(obj:0)
w#106                                             700 	(obj:0)
w#107                                             700 	(obj:0)
w#108                                             700 	(obj:0)
w#109                                             700 	(obj:0)
w#110                                             700 	(obj:0)
w#111                                             700 	(obj:0)
w#112                                             700 	(obj:0)
w#113                                             700 	(obj:0)
w#114                                             700 	(obj:0)
w#115                                             700 	(obj:0)
w#116                                             700 	(obj:0)
w#117                                         701.002 	(obj:0)
w#118                                         701.002 	(obj:0)
w#119                                             700 	(obj:0)
w#120                                             700 	(obj:0)
w#121                                             700 	(obj:0)
w#122                                             700 	(obj:0)
w#123                                             700 	(obj:0)
w#124                                        1398.998 	(obj:0)
w#125                                             700 	(obj:0)
w#126                                             700 	(obj:0)
w#127                                             700 	(obj:0)
w#128                                             700 	(obj:0)
w#129                                             700 	(obj:0)
w#130                                             700 	(obj:0)
w#131                                             700 	(obj:0)
w#132                                             700 	(obj:0)
w#133                                             700 	(obj:0)
w#134                                             700 	(obj:0)
w#135                                             700 	(obj:0)
w#136                                        1397.998 	(obj:0)
w#137                                        1397.998 	(obj:0)
w#138                                        1397.998 	(obj:0)
w#139                                             699 	(obj:0)
w#140                                             700 	(obj:0)
w#141                                             700 	(obj:0)
w#142                                             700 	(obj:0)
w#143                                             700 	(obj:0)
w#144                                             700 	(obj:0)
w#145                                             700 	(obj:0)
w#146                                             700 	(obj:0)
w#147                                             700 	(obj:0)
w#148                                             700 	(obj:0)
w#149                                             700 	(obj:0)

Statistics
==========

SCIP Status        : solving was interrupted [time limit reached]
Total Time         :   14400.24
  solving          :   14400.00
  presolving       :       0.54 (included in solving)
  reading          :       0.24
  copying          :       0.78 (31 #copies) (minimal 0.02, maximal 0.03, average 0.03)
Original Problem   :
  Problem name     : CCMPPData/150-1000-1
  Variables        : 1750 (1000 binary, 0 integer, 0 implicit integer, 750 continuous)
  Constraints      : 15602 initial, 15602 maximal
  Objective        : minimize, 300 non-zeros (abs.min = 100, abs.max = 299)
Presolved Problem  :
  Problem name     : t_CCMPPData/150-1000-1
  Variables        : 1592 (1000 binary, 0 integer, 0 implicit integer, 592 continuous)
  Constraints      : 16118 initial, 16467 maximal
  Objective        : minimize, 298 non-zeros (abs.min = 100, abs.max = 299)
  Nonzeros         : 45180 constraint, 0 clique table
Presolvers         :   ExecTime  SetupTime  Calls  FixedVars   AggrVars   ChgTypes  ChgBounds   AddHoles    DelCons    AddCons   ChgSides   ChgCoefs
  boundshift       :       0.00       0.00      0          0          0          0          0          0          0          0          0          0
  convertinttobin  :       0.00       0.00      0          0          0          0          0          0          0          0          0          0
  domcol           :       0.03       0.00      2          0          0          0          0          0          0          0          0          0
  dualagg          :       0.00       0.00      0          0          0          0          0          0          0          0          0          0
  dualcomp         :       0.01       0.00      2          0          0          0          0          0          0          0          0          0
  dualinfer        :       0.00       0.00      0          0          0          0          0          0          0          0          0          0
  dualsparsify     :       0.07       0.00      1          0          0          0          0          0          0          0          0          0
  gateextraction   :       0.00       0.00      0          0          0          0          0          0          0          0          0          0
  implics          :       0.00       0.00      4          0          0          0          0          0          0          0          0          0
  inttobinary      :       0.00       0.00      0          0          0          0          0          0          0          0          0          0
  milp             :       0.11       0.00      1          2        152          0         71          0          0          0          0          0
  qpkktref         :       0.00       0.00      0          0          0          0          0          0          0          0          0          0
  redvub           :       0.00       0.00      0          0          0          0          0          0          0          0          0          0
  sparsify         :       0.01       0.00      1          0          0          0          0          0          0          0          0          0
  stuffing         :       0.00       0.00      0          0          0          0          0          0          0          0          0          0
  trivial          :       0.00       0.00      8          0          0          0          0          0          0          0          0          0
  tworowbnd        :       0.00       0.00      0          0          0          0          0          0          0          0          0          0
  dualfix          :       0.00       0.00      8          0          0          0          0          0          0          0          0          0
  genvbounds       :       0.00       0.00      0          0          0          0          0          0          0          0          0          0
  probing          :       0.21       0.00      1          0          0          0          0          0          0          0          0          0
  pseudoobj        :       0.00       0.00      1          0          0          0          0          0          0          0          0          0
  symmetry         :       0.00       0.00      1          0          0          0          0          0          0          0          0          0
  vbounds          :       0.00       0.00      0          0          0          0          0          0          0          0          0          0
  chancecons       :       0.00       0.00      0          0          0          0          0          0          0          0          0          0
  varbound         :       0.02       0.00      6          0          0          0          0          0          0          0          0          0
  knapsack         :       0.00       0.00      8          0          0          0          0          0          0          0          0          0
  linear           :       0.05       0.01     11          0          4          0        252          0        334          0          0          0
  logicor          :       0.00       0.00      5          0          0          0          0          0          0          0          0          0
  bounddisjunction :       0.00       0.00      3          0          0          0          0          0          0          0          0          0
  benders          :       0.00       0.00      0          0          0          0          0          0          0          0          0          0
  components       :       0.00       0.00      2          0          0          0          0          0          0          0          0          0
  root node        :          -          -      -          0          -          -       5392          -          -          -          -          -
Constraints        :     Number  MaxNumber  #Separate #Propagate    #EnfoLP    #EnfoRelax  #EnfoPS    #Check   #ResProp    Cutoffs    DomReds       Cuts    Applied      Conss   Children
  benderslp        :          0          0          0          0      15203          0          0       2439          0          0          0          0          0          0          0
  chancecons       :          1          1       2061          0          0          0          0          0          0          0          0     153407      60604          0          0
  integral         :          0          0          0          0      15203          0          0       2439          0          0       3450          0          0       1185      28016
  varbound         :      14822      14822         42     438894          0          0          0       2433      31694          0     587515          0          0          0          0
  knapsack         :          1          1         42     435702          0          0          0        166       6254          0          0          0          0          0          0
  linear           :       1185       1185         42     447318          0          0          0        163       1335          0     125199         22          8          0          0
  logicor          :          8+        55         17      14265          0          0          0          0          5          6         25          0          0          0          0
  bounddisjunction :        101+       450          0      47104          0          0          0          0         46          8        125          0          0          0          0
  benders          :          0          0          0          0          0          0          0        161          0          0          0          0          0          0          0
  fixedvar         :          0          0          0          0          0          0          0        161          0          0          0          0          0          0          0
  countsols        :          0          0          0          0          0          0          0        161          0          0          0          0          0          0          0
  components       :          0          0          0          0          0          0          0          0          0          0          0          0          0          0          0
Constraint Timings :  TotalTime  SetupTime   Separate  Propagate     EnfoLP     EnfoPS     EnfoRelax   Check    ResProp    SB-Prop
  benderslp        :       0.01       0.00       0.00       0.00       0.01       0.00       0.00       0.00       0.00       0.00
  chancecons       :       3.11       0.00       3.11       0.00       0.00       0.00       0.00       0.00       0.00       0.00
  integral         :    1169.01       0.00       0.00       0.00    1169.00       0.00       0.00       0.00       0.00       0.00
  varbound         :      13.35       0.00       0.06      12.43       0.00       0.00       0.00       0.09       0.01       0.75
  knapsack         :       5.57       0.00       0.31       5.19       0.00       0.00       0.00       0.00       0.05       0.02
  linear           :       3.28       0.01       0.08       3.03       0.00       0.00       0.00       0.01       0.00       0.16
  logicor          :       0.04       0.00       0.00       0.04       0.00       0.00       0.00       0.00       0.00       0.00
  bounddisjunction :       0.28       0.00       0.00       0.26       0.00       0.00       0.00       0.00       0.00       0.02
  benders          :       0.00       0.00       0.00       0.00       0.00       0.00       0.00       0.00       0.00       0.00
  fixedvar         :       0.01       0.00       0.00       0.00       0.00       0.00       0.00       0.01       0.00       0.00
  countsols        :       0.00       0.00       0.00       0.00       0.00       0.00       0.00       0.00       0.00       0.00
  components       :       0.03       0.00       0.00       0.02       0.00       0.00       0.00       0.00       0.00       0.01
Propagators        : #Propagate   #ResProp    Cutoffs    DomReds
  dualfix          :          9          0          0          0
  genvbounds       :          0          0          0          0
  nlobbt           :          0          0          0          0
  obbt             :          0          0          0          0
  probing          :          0          0          0          0
  pseudoobj        :      79242          0          0        306
  redcost          :      45560          0          0     319184
  rootredcost      :         13          0          0       1359
  symmetry         :          0          0          0          0
  vbounds          :     243015          0          0          0
Propagator Timings :  TotalTime  SetupTime   Presolve  Propagate    ResProp    SB-Prop
  dualfix          :       0.00       0.00       0.00       0.00       0.00       0.00
  genvbounds       :       0.05       0.00       0.00       0.04       0.00       0.01
  nlobbt           :       0.00       0.00       0.00       0.00       0.00       0.00
  obbt             :       0.00       0.00       0.00       0.00       0.00       0.00
  probing          :       0.21       0.00       0.21       0.00       0.00       0.00
  pseudoobj        :       0.70       0.00       0.00       0.70       0.00       0.00
  redcost          :       1.55       0.00       0.00       1.54       0.00       0.01
  rootredcost      :       0.06       0.00       0.00       0.06       0.00       0.01
  symmetry         :       0.08       0.00       0.00       0.07       0.00       0.01
  vbounds          :       0.45       0.00       0.00       0.43       0.00       0.01
Symmetry           :
  orbitopal red.   :          0 reductions applied,          0 cutoffs
  orbital reduction:          0 reductions applied,          0 cutoffs
  lexicographic red:          0 reductions applied,          0 cutoffs
  shadow tree time :       0.00 s
Conflict Analysis  :       Time      Calls    Success    DomReds  Conflicts   Literals    Reconvs ReconvLits   Dualrays   Nonzeros   LP Iters   (pool size: [10000,10000])
  propagation      :       0.00         14          9          -          9       41.2          0        0.0          -          -          -
  infeasible LP    :       0.00          0          0          -          0        0.0          0        0.0          0        0.0          0
  bound exceed. LP :      26.25       8360       3081          -      11000       52.8          2      101.0       1326        1.0      51288
  strong branching :       0.00          0          0          -          0        0.0          0        0.0          -          -          0
  pseudo solution  :       0.00          0          0          -          0        0.0          0        0.0          -          -          -
  applied globally :       0.08          -          -       1326       2664       61.2          -          -       1326          -          -
  applied locally  :          -          -          -          0          5      193.2          -          -          0          -          -
Separators         :   ExecTime  SetupTime      Calls  RootCalls    Cutoffs    DomReds  FoundCuts ViaPoolAdd  DirectAdd    Applied ViaPoolApp  DirectApp      Conss
  cut pool         :       1.62          -       3648         83          -          -      38716     822174          -          -          -          -          -    (maximal pool size:      14293)
  aggregation      :       4.03       0.00        443         42          0          0      34924     727075          0     139022     139022          0          0
  > cmir           :          -          -          -          -          -          -          -     727075          0     139022     139022          0          -
  > flowcover      :          -          -          -          -          -          -          -          0          0          0          0          0          -
  > knapsackcover  :          -          -          -          -          -          -          -          0          0          0          0          0          -
  cgmip            :       0.00       0.00          0          0          0          0          0          0          0          0          0          0          0
  clique           :       0.00       0.00          2          2          0          0          0          0          0          0          0          0          0
  closecuts        :       0.00       0.00          0          0          0          0          0          0          0          0          0          0          0
  convexproj       :       0.00       0.00          0          0          0          0          0          0          0          0          0          0          0
  disjunctive      :       0.00       0.00          0          0          0          0          0          0          0          0          0          0          0
  eccuts           :       0.00       0.00          0          0          0          0          0          0          0          0          0          0          0
  gauge            :       0.00       0.00          0          0          0          0          0          0          0          0          0          0          0
  gomory           :      17.46       0.00        419         20          0          0       3792      95099          0      16250      16250          0          0
  > gomorymi       :          -          -          -          -          -          -          -      95099          0      16250      16250          0          -
  > strongcg       :          -          -          -          -          -          -          -          0          0          0          0          0          -
  impliedbounds    :       0.12       0.00        443         42          0          0          0          0          0          0          0          0          0
  interminor       :       0.00       0.00          0          0          0          0          0          0          0          0          0          0          0
  intobj           :       0.00       0.00          0          0          0          0          0          0          0          0          0          0          0
  lagromory        :       0.00       0.00          0          0          0          0          0          0          0          0          0          0          0
  mcf              :       0.00       0.00          2          2          0          0          0          0          0          0          0          0          0
  minor            :       0.00       0.00         20         20          0          0          0          0          0          0          0          0          0
  mixing           :       0.00       0.00          0          0          0          0          0          0          0          0          0          0          0
  oddcycle         :       0.00       0.00          0          0          0          0          0          0          0          0          0          0          0
  rapidlearning    :       0.00       0.00          0          0          0          0          0          0          0          0          0          0          0
  rlt              :       0.00       0.00         20         20          0          0          0          0          0          0          0          0          0
  zerohalf         :       0.64       0.00        436         37          0          0          0          0          0          0          0          0          0
Cutselectors       :   ExecTime  SetupTime      Calls  RootCalls   Selected     Forced   Filtered  RootSelec   RootForc   RootFilt 
  hybrid           :       1.79       0.00       3251         43     215884          0     759719       5586          0      39595
  ensemble         :       0.00       0.00          0          0          0          0          0          0          0          0
  dynamic          :       0.00       0.00          0          0          0          0          0          0          0          0
Pricers            :   ExecTime  SetupTime      Calls       Vars
  problem variables:       0.00          -          0          0
Branching Rules    :   ExecTime  SetupTime   BranchLP  BranchExt   BranchPS    Cutoffs    DomReds       Cuts      Conss   Children
  allfullstrong    :       0.00       0.00          0          0          0          0          0          0          0          0
  cloud            :       0.00       0.00          0          0          0          0          0          0          0          0
  distribution     :       0.00       0.00          0          0          0          0          0          0          0          0
  fullstrong       :       0.00       0.00          0          0          0          0          0          0          0          0
  gomory           :       0.00       0.00          0          0          0          0          0          0          0          0
  inference        :       0.00       0.00          0          0          0          0          0          0          0          0
  leastinf         :       0.00       0.00          0          0          0          0          0          0          0          0
  lookahead        :       0.00       0.00          0          0          0          0          0          0          0          0
  mostinf          :       0.00       0.00          0          0          0          0          0          0          0          0
  multaggr         :       0.00       0.00          0          0          0          0          0          0          0          0
  nodereopt        :       0.00       0.00          0          0          0          0          0          0          0          0
  pscost           :       0.00       0.00          0          0          0          0          0          0          0          0
  random           :       0.00       0.00          0          0          0          0          0          0          0          0
  relpscost        :    1168.98       0.00      15203          0          0          0       3450          0       1193      28016
  vanillafullstrong:       0.00       0.00          0          0          0          0          0          0          0          0
Primal Heuristics  :   ExecTime  SetupTime      Calls      Found       Best
  LP solutions     :       0.00          -          -          0          0
  relax solutions  :       0.00          -          -          0          0
  pseudo solutions :       0.00          -          -          0          0
  strong branching :       0.03          -          -          0          0
  actconsdiving    :       0.00       0.00          0          0          0
  adaptivediving   :      35.20       0.00         31          0          0
  alns             :       0.95       0.00         10          6          4
  bound            :       0.00       0.00          0          0          0
  clique           :       0.00       0.00          0          0          0
  coefdiving       :       0.00       0.00          0          0          0
  completesol      :       0.00       0.00          0          0          0
  conflictdiving   :     160.52       0.00        112          0          0
  crossover        :       1.98       0.00         15          5          3
  dins             :       0.00       0.00          0          0          0
  distributiondivin:     134.17       0.00        112          0          0
  dps              :       0.00       0.00          0          0          0
  dualval          :       0.00       0.00          0          0          0
  farkasdiving     :       0.00       0.00          0          0          0
  feaspump         :       5.44       0.00          1          1          1
  fixandinfer      :       0.00       0.00          0          0          0
  fracdiving       :     146.13       0.00        112          0          0
  gins             :       0.03       0.00          0          0          0
  guideddiving     :     131.56       0.00        112          0          0
  indicator        :       0.01       0.00          0          0          0
  indicatordiving  :       0.00       0.00          0          0          0
  intdiving        :       0.00       0.00          0          0          0
  intshifting      :      17.27       0.00         32          0          0
  linesearchdiving :     122.76       0.00        112          0          0
  localbranching   :       0.00       0.00          0          0          0
  locks            :       0.05       0.00          1          1          1
  lpface           :       0.01       0.00          0          0          0
  mpec             :       0.00       0.00          0          0          0
  multistart       :       0.00       0.00          0          0          0
  mutation         :       0.00       0.00          0          0          0
  nlpdiving        :       0.00       0.00          0          0          0
  objpscostdiving  :     761.28       0.00         56         56          1
  octane           :       0.00       0.00          0          0          0
  ofins            :       0.01       0.00          0          0          0
  oneopt           :       0.03       0.00         13          0          0
  padm             :       0.00       0.00          0          0          0
  proximity        :       0.00       0.00          0          0          0
  pscostdiving     :     209.12       0.00        111          1          1
  randrounding     :       0.86       0.00       2264          0          0
  rens             :       0.00       0.00          0          0          0
  reoptsols        :       0.00       0.00          0          0          0
  repair           :       0.00       0.00          0          0          0
  rins             :       6.62       0.00          7          7          3
  rootsoldiving    :      96.62       0.00         56         51          0
  rounding         :       1.23       0.00       1826          0          0
  scheduler        :       0.00       0.00          0          0          0
  shiftandpropagate:       0.00       0.00          0          0          0
  shifting         :       8.23       0.00        886          0          0
  simplerounding   :       0.02       0.00          0          0          0
  subnlp           :       0.02       0.00          0          0          0
  trivial          :       0.00       0.00          4          0          0
  trivialnegation  :       0.00       0.00          0          0          0
  trustregion      :       0.00       0.00          0          0          0
  trysol           :       0.01       0.00          0          0          0
  twoopt           :       0.00       0.00          0          0          0
  undercover       :       0.00       0.00          0          0          0
  vbounds          :       0.00       0.00          0          0          0
  veclendiving     :     212.60       0.00        112          0          0
  zeroobj          :       0.00       0.00          0          0          0
  zirounding       :       1.21       0.00       1000          0          0
  other solutions  :          -          -          -          0          -
LNS (Scheduler)    :      Calls  SetupTime  SolveTime SolveNodes       Sols       Best       Exp3    Exp3-IX  EpsGreedy        UCB TgtFixRate  Opt  Inf Node Stal  Sol  Usr Othr Actv
  rens             :          0       0.00       0.00          0          0          0    0.00000    0.12500   -1.00000    1.00000      0.900    0    0    0    0    0    0    0    1
  rins             :          0       0.00       0.00          0          0          0    0.00000    0.12500   -1.00000    1.00000      0.900    0    0    0    0    0    0    0    1
  mutation         :          0       0.00       0.00          0          0          0    0.00000    0.12500   -1.00000    1.00000      0.900    0    0    0    0    0    0    0    1
  localbranching   :          0       0.00       0.00          0          0          0    0.00000    0.12500   -1.00000    1.00000      0.900    0    0    0    0    0    0    0    1
  crossover        :          0       0.00       0.00          0          0          0    0.00000    0.12500   -1.00000    1.00000      0.900    0    0    0    0    0    0    0    1
  proximity        :          0       0.00       0.00          0          0          0    0.00000    0.12500   -1.00000    1.00000      0.900    0    0    0    0    0    0    0    1
  zeroobjective    :          0       0.00       0.00          0          0          0    0.00000    0.12500   -1.00000    1.00000      0.900    0    0    0    0    0    0    0    1
  dins             :          0       0.00       0.00          0          0          0    0.00000    0.12500   -1.00000    1.00000      0.900    0    0    0    0    0    0    0    1
  trustregion      :          0       0.00       0.00          0          0          0    0.00000    0.00000   -1.00000    1.00000      0.900    0    0    0    0    0    0    0    0
LP                 :       Time      Calls Iterations  Iter/call   Iter/sec  Time-0-It Calls-0-It    ItLimit
  primal LP        :       4.67       3025          0       0.00       0.00       4.67       3025
  dual LP          :   11074.42      37867   28289593    1068.38    2554.50      17.96      11388
  lex dual LP      :       0.00          0          0       0.00          -
  barrier LP       :       0.00          0          0       0.00          -       0.00          0
  resolve instable :       0.00          0          0       0.00          -
  diving/probing LP:    1956.27      30493    6051102     198.44    3093.18
  strong branching :    1125.14       6446    3155466     489.52    2804.51          -          -       3318
    (at root node) :          -         26      25714     989.00          -
  conflict analysis:      20.39       5133      51288       9.99    2515.91
B&B Tree           :
  number of runs   :          2
  nodes            :      18601 (11780 internal, 6821 leaves)
  feasible leaves  :          0
  infeas. leaves   :         37
  objective leaves :       6783
  nodes (total)    :      21736 (14008 internal, 7728 leaves)
  nodes left       :       4925
  max depth        :         50
  max depth (total):         82
  backtracks       :       4961 (26.7%)
  early backtracks :          0 (0.0%)
  nodes exc. ref.  :          0 (0.0%)
  delayed cutoffs  :          0
  repropagations   :       7205 (2323 domain reductions, 0 cutoffs)
  avg switch length:       5.58
  switching time   :      11.57
Root Node          :
  First LP value   : +1.07529252035987e+06
  First LP Iters   :       5452 (4585.63 Iter/sec)
  First LP Time    :       1.19
  Final Dual Bound : +1.08241111288828e+06
  Final Root Iters :     183472
  Root LP Estimate : +1.08701161053480e+06
Solution           :
  Solutions found  :        128 (14 improvements)
  First Solution   : +1.08814455100000e+06   (in run 1, after 1 nodes, 0.57 seconds, depth 101, found by <locks>)
  Gap First Sol.   :   infinite
  Gap Last Sol.    :       0.16 %
  Primal Bound     : +1.08441452300000e+06   (in run 2, after 14010 nodes, 10893.07 seconds, depth 40, found by <alns>)
  Dual Bound       : +1.08273310006308e+06
  Gap              :       0.16 %
Integrals          :      Total       Avg%
  primal-dual      :    2831.74       0.20
  primal-ref       :          -          - (not evaluated)
  dual-ref         :          -          - (not evaluated)

 Branching Statistics...

 Total number of propagations -> 0

 Number of cutoffs of KnaCons -> 0

 Total number of variables fixed to 1 by the propagator -> 0

 Total number of variables fixed to 0 by the propagator -> 0

 Maximum number of rounds of the approximation algorithm -> 0

 Runtime of the exact algorithm -> 0.0000 s

 Total number of variables fixed to 1 in the exact algorithm -> 0

 Total number of variables fixed to 0 in the exact algorithm -> 0

 Number of cutoffs in the exact algorithm -> 0

 Number of cutoffs in the approximation algorithm -> 0

 PS:  
