***************************************
*         SCIP-based CCP Solver       *
*                                     *
*    Wei Lv and Wei-Kun Chen (2024)   *
***************************************
/beegfs/home/30150120/SCIP-CCP/build/ccp -f data/CCMPPData/20-3000-4.ccmpp -s settings/CCMPPSetting/BASE2.set 
SCIP version 9.1.0 [precision: 8 byte] [memory: block] [mode: optimized] [LP solver: Soplex 7.1.0] [GitHash: 8cab0278ba]
Copyright (c) 2002-2024 Zuse Institute Berlin (ZIB)

External libraries: 
  Soplex 7.1.0         Linear Programming Solver developed at Zuse Institute Berlin (soplex.zib.de) [GitHash: 595bfac9]
  CppAD 20180000.0     Algorithmic Differentiation of C++ algorithms developed by B. Bell (github.com/coin-or/CppAD)
  ZLIB 1.2.7           General purpose compression library by J. Gailly and M. Adler (zlib.net)
  GMP 6.2.1            GNU Multiple Precision Arithmetic Library developed by T. Granlund (gmplib.org)
  AMPL/MP 690e9e7      AMPL .nl file reader library (github.com/ampl/mp)
  PaPILO 2.3.0         parallel presolve for integer and linear optimization (github.com/scipopt/papilo) (built with TBB) [GitHash: 4b8ce6ed]
  Nauty 2.8.8          Computing Graph Automorphism Groups by Brendan D. McKay (users.cecs.anu.edu.au/~bdm/nauty)
  sassy 1.1            Symmetry preprocessor by Markus Anders (github.com/markusa4/sassy)

reading user parameter file <settings/CCMPPSetting/BASE2.set>

read problem <data/CCMPPData/20-3000-4.ccmpp>
============

File name: 	data/CCMPPData/20-3000-4.ccmpp
Problem name:	CCMPPData/20-3000-4
Dimension: 	20
NumScenario: 	3000
ConfidenceParameter: 	0.20
IsEqualProbability: 	1
BASE+DI: 	0
BASE+sDI: 	0
BASE+DB: 	0
BASE+DB+OPF: 	0
Dominance and Aggregation Statistics......
NumEdge:        1
NumBiEdge: 	0
NumDomIneqs: 	1
DominanceRatio: 0.0000
NumAggScenario: 3000 
BasicNumScenario: 2968 
original problem has 3100 variables (3000 bin, 0 int, 0 impl, 100 cont) and 12082 constraints

solve problem
=============

presolving:
(round 1, fast)       36 del vars, 65 del conss, 0 add conss, 20 chg bounds, 0 chg sides, 0 chg coeffs, 0 upgd conss, 0 impls, 0 clqs
   (0.0s) running MILP presolver
   (0.1s) MILP presolver (3 rounds): 22 aggregations, 1 fixings, 6 bound changes
(round 2, medium)     59 del vars, 65 del conss, 0 add conss, 26 chg bounds, 0 chg sides, 0 chg coeffs, 0 upgd conss, 0 impls, 0 clqs
(round 3, fast)       59 del vars, 87 del conss, 0 add conss, 26 chg bounds, 0 chg sides, 0 chg coeffs, 0 upgd conss, 0 impls, 0 clqs
(round 4, exhaustive) 59 del vars, 87 del conss, 0 add conss, 26 chg bounds, 0 chg sides, 0 chg coeffs, 11939 upgd conss, 0 impls, 0 clqs
   (0.4s) probing: 1000/2968 (33.7%) - 0 fixings, 0 aggregations, 464 implications, 0 bound changes
   (0.4s) probing: 1001/2968 (33.7%) - 0 fixings, 0 aggregations, 465 implications, 0 bound changes
   (0.4s) probing aborted: 1000/1000 successive useless probings
   (0.4s) symmetry computation started: requiring (bin +, int +, cont +), (fixed: bin -, int -, cont -)
   Symmetry detection interrupted: constraints of type chancecons do not provide symmetry information.
   If symmetries shall be detected, implement the CONSGETPERMSYMGRAPH callback.
   (0.4s) could not compute symmetry
presolving (5 rounds: 5 fast, 3 medium, 2 exhaustive):
 59 deleted vars, 87 deleted constraints, 0 added constraints, 26 tightened bounds, 0 added holes, 0 changed sides, 0 changed coefficients
 12404 implications, 0 cliques
presolved problem has 3041 variables (2968 bin, 0 int, 0 impl, 73 cont) and 11995 constraints
      1 constraints of type <chancecons>
  11939 constraints of type <varbound>
      1 constraints of type <knapsack>
     54 constraints of type <linear>
Presolving Time: 0.37

 time | node  | left  |LP iter|LP it/n|mem/heur|mdpt |vars |cons |rows |cuts |sepa|confs|strbr|  dualbound   | primalbound  |  gap   | compl. 
p 0.4s|     1 |     0 |    38 |     - |   locks|   0 |3041 |  11k|  11k|   0 |  0 |   0 |   0 | 0.000000e+00 | 2.600759e+05 |    Inf | unknown
  1.3s|     1 |     0 |  4354 |     - |    61M |   0 |3041 |  11k|  11k|   0 |  0 |   0 |   0 | 2.415545e+05 | 2.600759e+05 |   7.67%| unknown
  1.5s|     1 |     0 |  4515 |     - |    62M |   0 |3041 |  11k|  12k|  25 |  1 |   0 |   0 | 2.418217e+05 | 2.600759e+05 |   7.55%| unknown
  1.8s|     1 |     0 |  4679 |     - |    65M |   0 |3041 |  11k|  12k|  50 |  2 |   0 |   0 | 2.419896e+05 | 2.600759e+05 |   7.47%| unknown
  2.1s|     1 |     0 |  5217 |     - |    67M |   0 |3041 |  11k|  12k|  77 |  3 |   0 |   0 | 2.422601e+05 | 2.600759e+05 |   7.35%| unknown
  2.4s|     1 |     0 |  5500 |     - |    68M |   0 |3041 |  11k|  12k| 106 |  4 |   0 |   0 | 2.424004e+05 | 2.600759e+05 |   7.29%| unknown
  2.7s|     1 |     0 |  5728 |     - |    70M |   0 |3041 |  11k|  12k| 136 |  5 |   0 |   0 | 2.425502e+05 | 2.600759e+05 |   7.23%| unknown
  3.0s|     1 |     0 |  5872 |     - |    73M |   0 |3041 |  11k|  12k| 161 |  6 |   0 |   0 | 2.426926e+05 | 2.600759e+05 |   7.16%| unknown
  3.2s|     1 |     0 |  6042 |     - |    76M |   0 |3041 |  11k|  12k| 188 |  7 |   0 |   0 | 2.428232e+05 | 2.600759e+05 |   7.11%| unknown
  3.5s|     1 |     0 |  6256 |     - |    77M |   0 |3041 |  11k|  12k| 216 |  8 |   0 |   0 | 2.430562e+05 | 2.600759e+05 |   7.00%| unknown
  3.7s|     1 |     0 |  6415 |     - |    79M |   0 |3041 |  11k|  12k| 245 |  9 |   0 |   0 | 2.431585e+05 | 2.600759e+05 |   6.96%| unknown
  4.0s|     1 |     0 |  6540 |     - |    81M |   0 |3041 |  11k|  12k| 272 | 10 |   0 |   0 | 2.432692e+05 | 2.600759e+05 |   6.91%| unknown
  4.2s|     1 |     0 |  6723 |     - |    83M |   0 |3041 |  11k|  12k| 300 | 11 |   0 |   0 | 2.433822e+05 | 2.600759e+05 |   6.86%| unknown
  4.5s|     1 |     0 |  6996 |     - |    85M |   0 |3041 |  11k|  12k| 329 | 12 |   0 |   0 | 2.436855e+05 | 2.600759e+05 |   6.73%| unknown
  4.7s|     1 |     0 |  7166 |     - |    87M |   0 |3041 |  11k|  12k| 371 | 13 |   0 |   0 | 2.437917e+05 | 2.600759e+05 |   6.68%| unknown
 time | node  | left  |LP iter|LP it/n|mem/heur|mdpt |vars |cons |rows |cuts |sepa|confs|strbr|  dualbound   | primalbound  |  gap   | compl. 
  4.9s|     1 |     0 |  7415 |     - |    88M |   0 |3041 |  11k|  12k| 400 | 14 |   0 |   0 | 2.439281e+05 | 2.600759e+05 |   6.62%| unknown
  5.2s|     1 |     0 |  7722 |     - |    90M |   0 |3041 |  11k|  12k| 434 | 15 |   0 |   0 | 2.440292e+05 | 2.600759e+05 |   6.58%| unknown
  5.4s|     1 |     0 |  7918 |     - |    92M |   0 |3041 |  11k|  12k| 471 | 16 |   0 |   0 | 2.441286e+05 | 2.600759e+05 |   6.53%| unknown
  5.6s|     1 |     0 |  8165 |     - |    94M |   0 |3041 |  11k|  12k| 511 | 17 |   0 |   0 | 2.442102e+05 | 2.600759e+05 |   6.50%| unknown
  5.9s|     1 |     0 |  8365 |     - |    97M |   0 |3041 |  11k|  12k| 543 | 18 |   0 |   0 | 2.442938e+05 | 2.600759e+05 |   6.46%| unknown
  6.1s|     1 |     0 |  8634 |     - |    98M |   0 |3041 |  11k|  12k| 575 | 19 |   0 |   0 | 2.443982e+05 | 2.600759e+05 |   6.41%| unknown
  6.4s|     1 |     0 |  8874 |     - |   100M |   0 |3041 |  11k|  12k| 616 | 20 |   0 |   0 | 2.444884e+05 | 2.600759e+05 |   6.38%| unknown
  6.7s|     1 |     0 |  9162 |     - |   101M |   0 |3041 |  11k|  12k| 651 | 21 |   0 |   0 | 2.445883e+05 | 2.600759e+05 |   6.33%| unknown
  7.0s|     1 |     0 |  9564 |     - |   101M |   0 |3041 |  11k|  12k| 691 | 22 |   0 |   0 | 2.447138e+05 | 2.600759e+05 |   6.28%| unknown
  7.3s|     1 |     0 |  9964 |     - |   101M |   0 |3041 |  11k|  12k| 742 | 23 |   0 |   0 | 2.448322e+05 | 2.600759e+05 |   6.23%| unknown
  7.6s|     1 |     0 | 10286 |     - |   102M |   0 |3041 |  11k|  12k| 767 | 24 |   0 |   0 | 2.449047e+05 | 2.600759e+05 |   6.19%| unknown
  7.9s|     1 |     0 | 10634 |     - |   104M |   0 |3041 |  11k|  12k| 800 | 25 |   0 |   0 | 2.449946e+05 | 2.600759e+05 |   6.16%| unknown
  8.2s|     1 |     0 | 10988 |     - |   104M |   0 |3041 |  11k|  12k| 837 | 26 |   0 |   0 | 2.450508e+05 | 2.600759e+05 |   6.13%| unknown
  8.5s|     1 |     0 | 11387 |     - |   104M |   0 |3041 |  11k|  12k| 874 | 27 |   0 |   0 | 2.451206e+05 | 2.600759e+05 |   6.10%| unknown
  8.8s|     1 |     0 | 11738 |     - |   105M |   0 |3041 |  11k|  12k| 914 | 28 |   0 |   0 | 2.452142e+05 | 2.600759e+05 |   6.06%| unknown
 time | node  | left  |LP iter|LP it/n|mem/heur|mdpt |vars |cons |rows |cuts |sepa|confs|strbr|  dualbound   | primalbound  |  gap   | compl. 
  9.2s|     1 |     0 | 12251 |     - |   106M |   0 |3041 |  11k|  12k| 947 | 29 |   0 |   0 | 2.453211e+05 | 2.600759e+05 |   6.01%| unknown
  9.5s|     1 |     0 | 12668 |     - |   106M |   0 |3041 |  11k|  12k| 994 | 30 |   0 |   0 | 2.453953e+05 | 2.600759e+05 |   5.98%| unknown
  9.9s|     1 |     0 | 13168 |     - |   108M |   0 |3041 |  11k|  12k|1029 | 31 |   0 |   0 | 2.454836e+05 | 2.600759e+05 |   5.94%| unknown
 10.2s|     1 |     0 | 13640 |     - |   109M |   0 |3041 |  11k|  12k|1065 | 32 |   0 |   0 | 2.455427e+05 | 2.600759e+05 |   5.92%| unknown
 10.6s|     1 |     0 | 14096 |     - |   110M |   0 |3041 |  11k|  12k|1099 | 33 |   0 |   0 | 2.456132e+05 | 2.600759e+05 |   5.89%| unknown
 11.1s|     1 |     0 | 14819 |     - |   111M |   0 |3041 |  11k|  12k|1137 | 34 |   0 |   0 | 2.456860e+05 | 2.600759e+05 |   5.86%| unknown
 11.4s|     1 |     0 | 15318 |     - |   111M |   0 |3041 |  11k|  13k|1184 | 35 |   0 |   0 | 2.457441e+05 | 2.600759e+05 |   5.83%| unknown
 11.9s|     1 |     0 | 15983 |     - |   112M |   0 |3041 |  11k|  13k|1235 | 36 |   0 |   0 | 2.458007e+05 | 2.600759e+05 |   5.81%| unknown
 12.3s|     1 |     0 | 16586 |     - |   113M |   0 |3041 |  11k|  13k|1289 | 37 |   0 |   0 | 2.458636e+05 | 2.600759e+05 |   5.78%| unknown
 12.8s|     1 |     0 | 17205 |     - |   115M |   0 |3041 |  11k|  13k|1343 | 38 |   0 |   0 | 2.459287e+05 | 2.600759e+05 |   5.75%| unknown
 13.3s|     1 |     0 | 18018 |     - |   117M |   0 |3041 |  11k|  13k|1386 | 39 |   0 |   0 | 2.459860e+05 | 2.600759e+05 |   5.73%| unknown
 13.8s|     1 |     0 | 18799 |     - |   117M |   0 |3041 |  11k|  13k|1433 | 40 |   0 |   0 | 2.460567e+05 | 2.600759e+05 |   5.70%| unknown
 14.3s|     1 |     0 | 19454 |     - |   118M |   0 |3041 |  11k|  13k|1490 | 41 |   0 |   0 | 2.461390e+05 | 2.600759e+05 |   5.66%| unknown
 14.7s|     1 |     0 | 19933 |     - |   118M |   0 |3041 |  11k|  13k|1532 | 42 |   0 |   0 | 2.461983e+05 | 2.600759e+05 |   5.64%| unknown
 15.1s|     1 |     0 | 20540 |     - |   119M |   0 |3041 |  11k|  13k|1577 | 43 |   0 |   0 | 2.462437e+05 | 2.600759e+05 |   5.62%| unknown
 time | node  | left  |LP iter|LP it/n|mem/heur|mdpt |vars |cons |rows |cuts |sepa|confs|strbr|  dualbound   | primalbound  |  gap   | compl. 
 15.6s|     1 |     0 | 21175 |     - |   120M |   0 |3041 |  11k|  13k|1616 | 44 |   0 |   0 | 2.463125e+05 | 2.600759e+05 |   5.59%| unknown
 16.1s|     1 |     0 | 21816 |     - |   120M |   0 |3041 |  11k|  13k|1658 | 45 |   0 |   0 | 2.463726e+05 | 2.600759e+05 |   5.56%| unknown
 16.6s|     1 |     0 | 22620 |     - |   121M |   0 |3041 |  11k|  13k|1707 | 46 |   0 |   0 | 2.464079e+05 | 2.600759e+05 |   5.55%| unknown
 17.2s|     1 |     0 | 23634 |     - |   122M |   0 |3041 |  11k|  13k|1747 | 47 |   0 |   0 | 2.464745e+05 | 2.600759e+05 |   5.52%| unknown
 17.9s|     1 |     0 | 24737 |     - |   124M |   0 |3041 |  11k|  13k|1799 | 48 |   0 |   0 | 2.465557e+05 | 2.600759e+05 |   5.48%| unknown
 18.6s|     1 |     0 | 25689 |     - |   124M |   0 |3041 |  11k|  13k|1843 | 49 |   0 |   0 | 2.466082e+05 | 2.600759e+05 |   5.46%| unknown
 19.3s|     1 |     0 | 26936 |     - |   125M |   0 |3041 |  11k|  13k|1898 | 50 |   0 |   0 | 2.466666e+05 | 2.600759e+05 |   5.44%| unknown
 20.0s|     1 |     0 | 27966 |     - |   127M |   0 |3041 |  11k|  13k|1942 | 51 |   0 |   0 | 2.467193e+05 | 2.600759e+05 |   5.41%| unknown
 20.7s|     1 |     0 | 29057 |     - |   128M |   0 |3041 |  11k|  13k|1999 | 52 |   0 |   0 | 2.467706e+05 | 2.600759e+05 |   5.39%| unknown
 21.4s|     1 |     0 | 30110 |     - |   128M |   0 |3041 |  11k|  13k|2054 | 53 |   0 |   0 | 2.468409e+05 | 2.600759e+05 |   5.36%| unknown
 22.2s|     1 |     0 | 31344 |     - |   130M |   0 |3041 |  11k|  13k|2108 | 54 |   0 |   0 | 2.468832e+05 | 2.600759e+05 |   5.34%| unknown
 23.0s|     1 |     0 | 32543 |     - |   130M |   0 |3041 |  11k|  13k|2148 | 55 |   0 |   0 | 2.469387e+05 | 2.600759e+05 |   5.32%| unknown
 23.7s|     1 |     0 | 33716 |     - |   130M |   0 |3041 |  11k|  13k|2191 | 56 |   0 |   0 | 2.469970e+05 | 2.600759e+05 |   5.30%| unknown
 24.6s|     1 |     0 | 35156 |     - |   130M |   0 |3041 |  11k|  13k|2240 | 57 |   0 |   0 | 2.470377e+05 | 2.600759e+05 |   5.28%| unknown
 25.4s|     1 |     0 | 36413 |     - |   133M |   0 |3041 |  11k|  13k|2296 | 58 |   0 |   0 | 2.470783e+05 | 2.600759e+05 |   5.26%| unknown
 time | node  | left  |LP iter|LP it/n|mem/heur|mdpt |vars |cons |rows |cuts |sepa|confs|strbr|  dualbound   | primalbound  |  gap   | compl. 
 26.4s|     1 |     0 | 37912 |     - |   133M |   0 |3041 |  11k|  13k|2355 | 59 |   0 |   0 | 2.471188e+05 | 2.600759e+05 |   5.24%| unknown
 27.4s|     1 |     0 | 39674 |     - |   133M |   0 |3041 |  11k|  13k|2410 | 60 |   0 |   0 | 2.471713e+05 | 2.600759e+05 |   5.22%| unknown
 28.4s|     1 |     0 | 41146 |     - |   135M |   0 |3041 |  11k|  13k|2466 | 61 |   0 |   0 | 2.472120e+05 | 2.600759e+05 |   5.20%| unknown
 29.5s|     1 |     0 | 42895 |     - |   136M |   0 |3041 |  11k|  13k|2522 | 62 |   0 |   0 | 2.472453e+05 | 2.600759e+05 |   5.19%| unknown
 30.6s|     1 |     0 | 44521 |     - |   137M |   0 |3041 |  11k|  13k|2580 | 63 |   0 |   0 | 2.472725e+05 | 2.600759e+05 |   5.18%| unknown
 31.7s|     1 |     0 | 46330 |     - |   139M |   0 |3041 |  11k|  13k|2641 | 64 |   0 |   0 | 2.473153e+05 | 2.600759e+05 |   5.16%| unknown
 32.8s|     1 |     0 | 47911 |     - |   140M |   0 |3041 |  11k|  13k|2692 | 65 |   0 |   0 | 2.473598e+05 | 2.600759e+05 |   5.14%| unknown
 33.8s|     1 |     0 | 49441 |     - |   140M |   0 |3041 |  11k|  13k|2746 | 66 |   0 |   0 | 2.473882e+05 | 2.600759e+05 |   5.13%| unknown
 35.8s|     1 |     0 | 53031 |     - |   142M |   0 |3041 |  11k|  13k|2804 | 67 |   0 |   0 | 2.474166e+05 | 2.600759e+05 |   5.12%| unknown
 38.1s|     1 |     0 | 57233 |     - |   142M |   0 |3041 |  11k|  13k|2863 | 68 |   0 |   0 | 2.474503e+05 | 2.600759e+05 |   5.10%| unknown
 40.3s|     1 |     0 | 61315 |     - |   144M |   0 |3041 |  11k|  13k|2911 | 69 |   0 |   0 | 2.474804e+05 | 2.600759e+05 |   5.09%| unknown
 43.3s|     1 |     0 | 66984 |     - |   144M |   0 |3041 |  11k|  13k|2956 | 70 |   0 |   0 | 2.475219e+05 | 2.600759e+05 |   5.07%| unknown
 46.2s|     1 |     0 | 72463 |     - |   146M |   0 |3041 |  11k|  13k|2999 | 71 |   0 |   0 | 2.475657e+05 | 2.600759e+05 |   5.05%| unknown
 48.6s|     1 |     0 | 76722 |     - |   146M |   0 |3041 |  11k|  13k|3049 | 72 |   0 |   0 | 2.476006e+05 | 2.600759e+05 |   5.04%| unknown
 50.8s|     1 |     0 | 80407 |     - |   147M |   0 |3041 |  11k|  14k|3104 | 73 |   0 |   0 | 2.476151e+05 | 2.600759e+05 |   5.03%| unknown
 time | node  | left  |LP iter|LP it/n|mem/heur|mdpt |vars |cons |rows |cuts |sepa|confs|strbr|  dualbound   | primalbound  |  gap   | compl. 
 54.5s|     1 |     0 | 86932 |     - |   149M |   0 |3041 |  11k|  13k|3149 | 74 |   0 |   0 | 2.476649e+05 | 2.600759e+05 |   5.01%| unknown
 58.0s|     1 |     0 | 92965 |     - |   150M |   0 |3041 |  11k|  13k|3215 | 75 |   0 |   0 | 2.476899e+05 | 2.600759e+05 |   5.00%| unknown
 60.8s|     1 |     0 | 97863 |     - |   151M |   0 |3041 |  11k|  13k|3277 | 76 |   0 |   0 | 2.477094e+05 | 2.600759e+05 |   4.99%| unknown
 64.5s|     1 |     0 |104141 |     - |   153M |   0 |3041 |  11k|  14k|3344 | 77 |   0 |   0 | 2.477518e+05 | 2.600759e+05 |   4.97%| unknown
 68.1s|     1 |     0 |110141 |     - |   153M |   0 |3041 |  11k|  14k|3400 | 78 |   0 |   0 | 2.477765e+05 | 2.600759e+05 |   4.96%| unknown
 72.1s|     1 |     0 |116851 |     - |   153M |   0 |3041 |  11k|  14k|3468 | 79 |   0 |   0 | 2.478205e+05 | 2.600759e+05 |   4.95%| unknown
 75.7s|     1 |     0 |122755 |     - |   154M |   0 |3041 |  11k|  14k|3542 | 80 |   0 |   0 | 2.478389e+05 | 2.600759e+05 |   4.94%| unknown
 80.5s|     1 |     0 |130811 |     - |   154M |   0 |3041 |  11k|  14k|3601 | 81 |   0 |   0 | 2.478684e+05 | 2.600759e+05 |   4.92%| unknown
 85.2s|     1 |     0 |138322 |     - |   155M |   0 |3041 |  11k|  14k|3651 | 82 |   0 |   0 | 2.478905e+05 | 2.600759e+05 |   4.92%| unknown
 90.5s|     1 |     0 |146907 |     - |   155M |   0 |3041 |  11k|  14k|3708 | 83 |   0 |   0 | 2.479225e+05 | 2.600759e+05 |   4.90%| unknown
 94.2s|     1 |     0 |152522 |     - |   155M |   0 |3041 |  11k|  14k|3768 | 84 |   0 |   0 | 2.479352e+05 | 2.600759e+05 |   4.90%| unknown
 99.0s|     1 |     0 |160138 |     - |   157M |   0 |3041 |  11k|  14k|3819 | 85 |   0 |   0 | 2.479573e+05 | 2.600759e+05 |   4.89%| unknown
  104s|     1 |     0 |167752 |     - |   159M |   0 |3041 |  11k|  14k|3878 | 86 |   0 |   0 | 2.479823e+05 | 2.600759e+05 |   4.88%| unknown
  108s|     1 |     0 |174490 |     - |   160M |   0 |3041 |  11k|  14k|3939 | 87 |   0 |   0 | 2.480038e+05 | 2.600759e+05 |   4.87%| unknown
  113s|     1 |     0 |181915 |     - |   161M |   0 |3041 |  11k|  14k|3993 | 88 |   0 |   0 | 2.480321e+05 | 2.600759e+05 |   4.86%| unknown
 time | node  | left  |LP iter|LP it/n|mem/heur|mdpt |vars |cons |rows |cuts |sepa|confs|strbr|  dualbound   | primalbound  |  gap   | compl. 
  118s|     1 |     0 |189434 |     - |   161M |   0 |3041 |  11k|  14k|4049 | 89 |   0 |   0 | 2.480681e+05 | 2.600759e+05 |   4.84%| unknown
  122s|     1 |     0 |194595 |     - |   162M |   0 |3041 |  11k|  14k|4105 | 90 |   0 |   0 | 2.480927e+05 | 2.600759e+05 |   4.83%| unknown
  128s|     1 |     0 |204000 |     - |   162M |   0 |3041 |  11k|  14k|4149 | 91 |   0 |   0 | 2.481158e+05 | 2.600759e+05 |   4.82%| unknown
  134s|     1 |     0 |212327 |     - |   163M |   0 |3041 |  11k|  14k|4205 | 92 |   0 |   0 | 2.481410e+05 | 2.600759e+05 |   4.81%| unknown
  142s|     1 |     0 |222490 |     - |   163M |   0 |3041 |  11k|  14k|4259 | 93 |   0 |   0 | 2.481631e+05 | 2.600759e+05 |   4.80%| unknown
  149s|     1 |     0 |232057 |     - |   163M |   0 |3041 |  11k|  14k|4318 | 94 |   0 |   0 | 2.481935e+05 | 2.600759e+05 |   4.79%| unknown
  156s|     1 |     0 |241837 |     - |   163M |   0 |3041 |  11k|  14k|4373 | 95 |   0 |   0 | 2.482160e+05 | 2.600759e+05 |   4.78%| unknown
  164s|     1 |     0 |251139 |     - |   163M |   0 |3041 |  11k|  14k|4428 | 96 |   0 |   0 | 2.482389e+05 | 2.600759e+05 |   4.77%| unknown
  170s|     1 |     0 |259493 |     - |   163M |   0 |3041 |  11k|  14k|4476 | 97 |   0 |   0 | 2.482579e+05 | 2.600759e+05 |   4.76%| unknown
  177s|     1 |     0 |268313 |     - |   163M |   0 |3041 |  11k|  14k|4526 | 98 |   0 |   0 | 2.482746e+05 | 2.600759e+05 |   4.75%| unknown
  183s|     1 |     0 |276167 |     - |   163M |   0 |3041 |  11k|  14k|4580 | 99 |   0 |   0 | 2.482972e+05 | 2.600759e+05 |   4.74%| unknown
  190s|     1 |     0 |284256 |     - |   164M |   0 |3041 |  11k|  14k|4631 |100 |   0 |   0 | 2.483137e+05 | 2.600759e+05 |   4.74%| unknown
  199s|     1 |     0 |294445 |     - |   166M |   0 |3041 |  11k|  14k|4695 |101 |   0 |   0 | 2.483320e+05 | 2.600759e+05 |   4.73%| unknown
  205s|     1 |     0 |302327 |     - |   167M |   0 |3041 |  11k|  14k|4747 |102 |   0 |   0 | 2.483502e+05 | 2.600759e+05 |   4.72%| unknown
  215s|     1 |     0 |312634 |     - |   167M |   0 |3041 |  11k|  14k|4804 |103 |   0 |   0 | 2.483723e+05 | 2.600759e+05 |   4.71%| unknown
 time | node  | left  |LP iter|LP it/n|mem/heur|mdpt |vars |cons |rows |cuts |sepa|confs|strbr|  dualbound   | primalbound  |  gap   | compl. 
  222s|     1 |     0 |321185 |     - |   168M |   0 |3041 |  11k|  14k|4882 |104 |   0 |   0 | 2.483837e+05 | 2.600759e+05 |   4.71%| unknown
o 232s|     1 |     0 |339040 |     - |feaspump|   0 |3041 |  11k|  14k|4882 |104 |   0 |   0 | 2.483837e+05 | 2.594419e+05 |   4.45%| unknown
  232s|     1 |     0 |339040 |     - |   169M |   0 |3041 |  11k|  14k|4882 |104 |   0 |   0 | 2.483837e+05 | 2.594419e+05 |   4.45%| unknown
  239s|     1 |     0 |347450 |     - |   169M |   0 |3041 |  11k|  14k|4937 |105 |   0 |   0 | 2.483934e+05 | 2.594419e+05 |   4.45%| unknown
  243s|     1 |     0 |351630 |     - |   169M |   0 |3041 |  11k|  14k|4978 |106 |   0 |   0 | 2.483952e+05 | 2.594419e+05 |   4.45%| unknown
  273s|     1 |     2 |351630 |     - |   169M |   0 |3041 |  11k|  14k|4978 |106 |   0 |  32 | 2.484013e+05 | 2.594419e+05 |   4.44%| unknown
d 338s|    10 |    11 |367141 |3719.1 |pscostdi|   8 |3041 |  11k|  13k|   0 |  1 |   0 | 221 | 2.484048e+05 | 2.589819e+05 |   4.26%| unknown
d 367s|    11 |    12 |387982 |5431.3 |adaptive|   8 |3041 |  11k|  13k|   0 |  1 |   1 | 248 | 2.484089e+05 | 2.586187e+05 |   4.11%| unknown
d 429s|    21 |    22 |471242 |6878.6 |pscostdi|   9 |3041 |  12k|  13k|   0 |  1 |  20 | 470 | 2.484089e+05 | 2.583199e+05 |   3.99%| unknown
r 441s|    49 |    38 |476960 |2985.2 |ziroundi|  24 |3041 |  12k|  13k|5118 |  1 |  51 | 774 | 2.484089e+05 | 2.582909e+05 |   3.98%| unknown
r 441s|    50 |    36 |476964 |2924.4 |rounding|  24 |3041 |  12k|  13k|5118 |  0 |  51 | 774 | 2.484089e+05 | 2.582879e+05 |   3.98%| unknown
* 479s|   100 |    42 |511576 |1797.0 |    LP  |  44 |3041 |  12k|  13k|5147 |  1 |  60 | 804 | 2.484089e+05 | 2.582859e+05 |   3.98%| unknown
d 537s|   120 |    52 |647303 |2635.6 |conflict|  44 |3041 |  12k|  13k|   0 |  1 |  63 | 869 | 2.484213e+05 | 2.582249e+05 |   3.95%| unknown
r 581s|   137 |    64 |744707 |3022.3 |ziroundi|  44 |3041 |  12k|  13k|5874 |  1 |  65 | 938 | 2.484239e+05 | 2.579569e+05 |   3.84%| unknown
d 586s|   149 |    41 |753363 |2835.8 |fracdivi|  44 |3041 |  12k|  13k|   0 |  1 |  66 | 970 | 2.484239e+05 | 2.528759e+05 |   1.79%|  36.11%
 time | node  | left  |LP iter|LP it/n|mem/heur|mdpt |vars |cons |rows |cuts |sepa|confs|strbr|  dualbound   | primalbound  |  gap   | compl. 
  591s|   200 |    70 |775966 |2222.6 |   182M |  44 |3041 |  12k|  13k|6005 |  0 |  72 | 995 | 2.484239e+05 | 2.528759e+05 |   1.79%|  36.12%
d 620s|   224 |    75 |812850 |2148.8 |adaptive|  44 |3041 |  12k|  13k|   0 |  1 |  80 |1036 | 2.484274e+05 | 2.528547e+05 |   1.78%|  36.19%
d 621s|   248 |    87 |817418 |1958.5 |fracdivi|  44 |3041 |  12k|  13k|   0 |  1 |  93 |1048 | 2.484274e+05 | 2.528279e+05 |   1.77%|  36.19%
  657s|   300 |   131 |852904 |1736.6 |   192M |  52 |3041 |  12k|  13k|6661 |  1 | 127 |1086 | 2.484336e+05 | 2.528279e+05 |   1.77%|  36.27%
d 657s|   311 |   116 |855028 |1681.8 |fracdivi|  54 |3041 |  12k|  13k|   0 |  1 | 129 |1086 | 2.484336e+05 | 2.527379e+05 |   1.73%|  36.28%
  659s|   400 |   165 |861834 |1323.7 |   194M |  67 |3041 |  12k|  13k|6893 |  1 | 218 |1086 | 2.484336e+05 | 2.527379e+05 |   1.73%|  36.46%
  716s|   500 |   235 |934856 |1204.8 |   197M |  70 |3041 |  12k|  13k|7261 |  1 | 360 |1225 | 2.484453e+05 | 2.527379e+05 |   1.73%|  36.56%
L 716s|   511 |   199 |935620 |1180.3 |    rins|  70 |3041 |  12k|  13k|7261 |  1 | 361 |1225 | 2.484453e+05 | 2.526019e+05 |   1.67%|  36.59%
  718s|   600 |   236 |939644 |1011.6 |   199M |  70 |3041 |  12k|   0 |7322 |  0 | 379 |1251 | 2.484453e+05 | 2.526019e+05 |   1.67%|  36.76%
  738s|   700 |   290 |962094 | 899.0 |   202M |  72 |3041 |  12k|  13k|7474 |  1 | 395 |1267 | 2.484523e+05 | 2.526019e+05 |   1.67%|  37.03%
  820s|   800 |   337 |  1069k| 921.1 |   204M |  72 |3041 |  12k|  13k|7638 |  1 | 440 |1367 | 2.484552e+05 | 2.526019e+05 |   1.67%|  37.36%
L 820s|   810 |   331 |  1069k| 910.0 |    rins|  72 |3041 |  12k|  13k|7649 |  1 | 446 |1367 | 2.484552e+05 | 2.526019e+05 |   1.67%|  37.60%
  876s|   900 |   366 |  1157k| 916.0 |   206M |  72 |3041 |  12k|  13k|7943 |  1 | 504 |1462 | 2.484611e+05 | 2.526019e+05 |   1.67%|  37.92%
  959s|  1000 |   385 |  1273k| 941.2 |   206M |  72 |3041 |  12k|   0 |8038 |  0 | 548 |1598 | 2.484754e+05 | 2.526019e+05 |   1.66%|  38.57%
Restart triggered after 50 consecutive estimations that the remaining tree will be large
(run 1, node 1008) performing user restart

(restart) converted 735 cuts from the global cut pool into linear constraints

presolving:
presolving (1 rounds: 1 fast, 1 medium, 1 exhaustive):
 1 deleted vars, 0 deleted constraints, 0 added constraints, 3 tightened bounds, 0 added holes, 0 changed sides, 0 changed coefficients
 12404 implications, 0 cliques
presolved problem has 3040 variables (2968 bin, 0 int, 0 impl, 72 cont) and 12836 constraints
      1 constraints of type <chancecons>
  11939 constraints of type <varbound>
      1 constraints of type <knapsack>
    799 constraints of type <linear>
      3 constraints of type <logicor>
     93 constraints of type <bounddisjunction>
Presolving Time: 0.43
transformed 28/28 original solutions to the transformed problem space

 time | node  | left  |LP iter|LP it/n|mem/heur|mdpt |vars |cons |rows |cuts |sepa|confs|strbr|  dualbound   | primalbound  |  gap   | compl. 
  982s|     1 |     0 |  1313k|     - |   200M |   0 |3040 |  12k|  12k|   0 |  0 | 548 |1619 | 2.484760e+05 | 2.526019e+05 |   1.66%| unknown
  983s|     1 |     0 |  1314k|     - |   201M |   0 |3040 |  12k|  12k|  24 |  1 | 548 |1619 | 2.484760e+05 | 2.526019e+05 |   1.66%| unknown
  983s|     1 |     0 |  1314k|     - |   202M |   0 |3040 |  12k|  12k|  53 |  2 | 552 |1619 | 2.484760e+05 | 2.526019e+05 |   1.66%| unknown
  984s|     1 |     0 |  1315k|     - |   204M |   0 |3040 |  12k|  12k|  88 |  3 | 552 |1619 | 2.484760e+05 | 2.526019e+05 |   1.66%| unknown
  985s|     1 |     0 |  1316k|     - |   205M |   0 |3040 |  12k|  12k| 130 |  4 | 552 |1619 | 2.484760e+05 | 2.526019e+05 |   1.66%| unknown
  985s|     1 |     0 |  1316k|     - |   206M |   0 |3040 |  12k|  12k| 166 |  5 | 552 |1619 | 2.484760e+05 | 2.526019e+05 |   1.66%| unknown
  986s|     1 |     0 |  1317k|     - |   208M |   0 |3040 |  12k|  12k| 208 |  6 | 552 |1619 | 2.484760e+05 | 2.526019e+05 |   1.66%| unknown
  986s|     1 |     0 |  1318k|     - |   209M |   0 |3040 |  12k|  12k| 246 |  7 | 561 |1619 | 2.484760e+05 | 2.526019e+05 |   1.66%| unknown
  987s|     1 |     0 |  1319k|     - |   210M |   0 |3040 |  12k|  13k| 288 |  8 | 561 |1619 | 2.484760e+05 | 2.526019e+05 |   1.66%| unknown
  987s|     1 |     0 |  1320k|     - |   212M |   0 |3040 |  12k|  13k| 325 |  9 | 561 |1619 | 2.484760e+05 | 2.526019e+05 |   1.66%| unknown
  988s|     1 |     0 |  1321k|     - |   213M |   0 |3040 |  12k|  13k| 362 | 10 | 561 |1619 | 2.484760e+05 | 2.526019e+05 |   1.66%| unknown
  989s|     1 |     0 |  1322k|     - |   214M |   0 |3040 |  12k|  13k| 398 | 11 | 561 |1619 | 2.484760e+05 | 2.526019e+05 |   1.66%| unknown
  989s|     1 |     0 |  1323k|     - |   215M |   0 |3040 |  12k|  13k| 433 | 12 | 561 |1619 | 2.484760e+05 | 2.526019e+05 |   1.66%| unknown
  990s|     1 |     0 |  1324k|     - |   217M |   0 |3040 |  12k|  13k| 467 | 13 | 561 |1619 | 2.484760e+05 | 2.526019e+05 |   1.66%| unknown
  990s|     1 |     0 |  1325k|     - |   218M |   0 |3040 |  12k|  13k| 499 | 14 | 561 |1619 | 2.484760e+05 | 2.526019e+05 |   1.66%| unknown
 time | node  | left  |LP iter|LP it/n|mem/heur|mdpt |vars |cons |rows |cuts |sepa|confs|strbr|  dualbound   | primalbound  |  gap   | compl. 
  991s|     1 |     0 |  1326k|     - |   219M |   0 |3040 |  12k|  13k| 534 | 15 | 561 |1619 | 2.484760e+05 | 2.526019e+05 |   1.66%| unknown
  991s|     1 |     0 |  1327k|     - |   221M |   0 |3040 |  12k|  13k| 568 | 16 | 561 |1619 | 2.484760e+05 | 2.526019e+05 |   1.66%| unknown
  992s|     1 |     0 |  1329k|     - |   222M |   0 |3040 |  12k|  13k| 602 | 17 | 561 |1619 | 2.484760e+05 | 2.526019e+05 |   1.66%| unknown
  993s|     1 |     0 |  1330k|     - |   223M |   0 |3040 |  12k|  13k| 642 | 18 | 561 |1619 | 2.484760e+05 | 2.526019e+05 |   1.66%| unknown
  994s|     1 |     0 |  1332k|     - |   225M |   0 |3040 |  12k|  13k| 679 | 19 | 561 |1619 | 2.484760e+05 | 2.526019e+05 |   1.66%| unknown
  995s|     1 |     0 |  1334k|     - |   226M |   0 |3040 |  12k|  13k| 727 | 20 | 564 |1619 | 2.484760e+05 | 2.526019e+05 |   1.66%| unknown
  996s|     1 |     0 |  1337k|     - |   226M |   0 |3040 |  12k|  13k| 785 | 21 | 564 |1619 | 2.484760e+05 | 2.526019e+05 |   1.66%| unknown
  997s|     1 |     0 |  1339k|     - |   226M |   0 |3040 |  12k|  13k| 849 | 22 | 564 |1619 | 2.484760e+05 | 2.526019e+05 |   1.66%| unknown
  998s|     1 |     0 |  1342k|     - |   226M |   0 |3040 |  12k|  13k| 901 | 23 | 564 |1619 | 2.484760e+05 | 2.526019e+05 |   1.66%| unknown
 1000s|     1 |     0 |  1345k|     - |   226M |   0 |3040 |  12k|  13k| 949 | 24 | 564 |1619 | 2.484760e+05 | 2.526019e+05 |   1.66%| unknown
 1001s|     1 |     0 |  1348k|     - |   226M |   0 |3040 |  12k|  13k|1008 | 25 | 564 |1619 | 2.484760e+05 | 2.526019e+05 |   1.66%| unknown
 1003s|     1 |     0 |  1351k|     - |   226M |   0 |3040 |  12k|  13k|1072 | 26 | 564 |1619 | 2.484760e+05 | 2.526019e+05 |   1.66%| unknown
 1004s|     1 |     0 |  1353k|     - |   226M |   0 |3040 |  12k|  13k|1125 | 27 | 564 |1619 | 2.484760e+05 | 2.526019e+05 |   1.66%| unknown
 1005s|     1 |     0 |  1356k|     - |   226M |   0 |3040 |  12k|  13k|1176 | 28 | 564 |1619 | 2.484760e+05 | 2.526019e+05 |   1.66%| unknown
 1007s|     1 |     0 |  1359k|     - |   226M |   0 |3040 |  12k|  13k|1225 | 29 | 564 |1619 | 2.484760e+05 | 2.526019e+05 |   1.66%| unknown
 time | node  | left  |LP iter|LP it/n|mem/heur|mdpt |vars |cons |rows |cuts |sepa|confs|strbr|  dualbound   | primalbound  |  gap   | compl. 
 1008s|     1 |     0 |  1362k|     - |   226M |   0 |3040 |  12k|  13k|1271 | 30 | 564 |1619 | 2.484760e+05 | 2.526019e+05 |   1.66%| unknown
 1010s|     1 |     0 |  1365k|     - |   226M |   0 |3040 |  12k|  13k|1320 | 31 | 564 |1619 | 2.484760e+05 | 2.526019e+05 |   1.66%| unknown
 1011s|     1 |     0 |  1368k|     - |   226M |   0 |3040 |  12k|  13k|1369 | 32 | 564 |1619 | 2.484760e+05 | 2.526019e+05 |   1.66%| unknown
 1013s|     1 |     0 |  1371k|     - |   226M |   0 |3040 |  12k|  13k|1410 | 33 | 564 |1619 | 2.484760e+05 | 2.526019e+05 |   1.66%| unknown
 1015s|     1 |     0 |  1375k|     - |   226M |   0 |3040 |  12k|  13k|1458 | 34 | 564 |1619 | 2.484760e+05 | 2.526019e+05 |   1.66%| unknown
 1017s|     1 |     0 |  1380k|     - |   226M |   0 |3040 |  12k|  13k|1518 | 35 | 564 |1619 | 2.484760e+05 | 2.526019e+05 |   1.66%| unknown
 1020s|     1 |     0 |  1384k|     - |   226M |   0 |3040 |  12k|  13k|1574 | 36 | 564 |1619 | 2.484760e+05 | 2.526019e+05 |   1.66%| unknown
 1022s|     1 |     0 |  1389k|     - |   226M |   0 |3040 |  12k|  13k|1623 | 37 | 564 |1619 | 2.484760e+05 | 2.526019e+05 |   1.66%| unknown
 1025s|     1 |     0 |  1395k|     - |   227M |   0 |3040 |  12k|  13k|1677 | 38 | 564 |1619 | 2.484760e+05 | 2.526019e+05 |   1.66%| unknown
 1027s|     1 |     0 |  1399k|     - |   227M |   0 |3040 |  12k|  13k|1727 | 39 | 564 |1619 | 2.484760e+05 | 2.526019e+05 |   1.66%| unknown
 1029s|     1 |     0 |  1403k|     - |   227M |   0 |3040 |  12k|  13k|1777 | 40 | 564 |1619 | 2.484760e+05 | 2.526019e+05 |   1.66%| unknown
 1031s|     1 |     0 |  1407k|     - |   227M |   0 |3040 |  12k|  13k|1818 | 41 | 564 |1619 | 2.484760e+05 | 2.526019e+05 |   1.66%| unknown
 1034s|     1 |     0 |  1412k|     - |   227M |   0 |3040 |  12k|  13k|1857 | 42 | 564 |1619 | 2.484760e+05 | 2.526019e+05 |   1.66%| unknown
 1037s|     1 |     0 |  1417k|     - |   227M |   0 |3040 |  12k|  13k|1904 | 43 | 564 |1619 | 2.484760e+05 | 2.526019e+05 |   1.66%| unknown
 1039s|     1 |     0 |  1421k|     - |   227M |   0 |3040 |  12k|  13k|1954 | 44 | 564 |1619 | 2.484760e+05 | 2.526019e+05 |   1.66%| unknown
 time | node  | left  |LP iter|LP it/n|mem/heur|mdpt |vars |cons |rows |cuts |sepa|confs|strbr|  dualbound   | primalbound  |  gap   | compl. 
 1042s|     1 |     0 |  1426k|     - |   227M |   0 |3040 |  12k|  13k|2008 | 45 | 564 |1619 | 2.484760e+05 | 2.526019e+05 |   1.66%| unknown
 1044s|     1 |     0 |  1429k|     - |   227M |   0 |3040 |  12k|  13k|2057 | 46 | 566 |1619 | 2.484760e+05 | 2.526019e+05 |   1.66%| unknown
 1047s|     1 |     0 |  1434k|     - |   227M |   0 |3040 |  12k|  13k|2106 | 47 | 566 |1619 | 2.484760e+05 | 2.526019e+05 |   1.66%| unknown
 1050s|     1 |     0 |  1440k|     - |   227M |   0 |3040 |  12k|  13k|2161 | 48 | 566 |1619 | 2.484760e+05 | 2.526019e+05 |   1.66%| unknown
 1053s|     1 |     0 |  1444k|     - |   227M |   0 |3040 |  12k|  13k|2211 | 49 | 566 |1619 | 2.484760e+05 | 2.526019e+05 |   1.66%| unknown
 1056s|     1 |     0 |  1449k|     - |   227M |   0 |3040 |  12k|  14k|2259 | 50 | 566 |1619 | 2.484760e+05 | 2.526019e+05 |   1.66%| unknown
 1060s|     1 |     0 |  1456k|     - |   229M |   0 |3040 |  12k|  13k|2309 | 51 | 566 |1619 | 2.484760e+05 | 2.526019e+05 |   1.66%| unknown
 1063s|     1 |     0 |  1461k|     - |   229M |   0 |3040 |  12k|  13k|2356 | 52 | 566 |1619 | 2.484760e+05 | 2.526019e+05 |   1.66%| unknown
 1067s|     1 |     0 |  1467k|     - |   229M |   0 |3040 |  12k|  13k|2403 | 53 | 568 |1619 | 2.484760e+05 | 2.526019e+05 |   1.66%| unknown
 1071s|     1 |     0 |  1473k|     - |   230M |   0 |3040 |  12k|  14k|2461 | 54 | 568 |1619 | 2.484760e+05 | 2.526019e+05 |   1.66%| unknown
 1076s|     1 |     0 |  1480k|     - |   230M |   0 |3040 |  12k|  14k|2522 | 55 | 568 |1619 | 2.484760e+05 | 2.526019e+05 |   1.66%| unknown
 1081s|     1 |     0 |  1488k|     - |   230M |   0 |3040 |  12k|  14k|2573 | 56 | 568 |1619 | 2.484760e+05 | 2.526019e+05 |   1.66%| unknown
 1088s|     1 |     0 |  1498k|     - |   230M |   0 |3040 |  12k|  14k|2628 | 57 | 568 |1619 | 2.484760e+05 | 2.526019e+05 |   1.66%| unknown
 1093s|     1 |     0 |  1505k|     - |   231M |   0 |3040 |  12k|  14k|2686 | 58 | 568 |1619 | 2.484760e+05 | 2.526019e+05 |   1.66%| unknown
 1097s|     1 |     0 |  1511k|     - |   231M |   0 |3040 |  12k|  14k|2747 | 59 | 568 |1619 | 2.484760e+05 | 2.526019e+05 |   1.66%| unknown
 time | node  | left  |LP iter|LP it/n|mem/heur|mdpt |vars |cons |rows |cuts |sepa|confs|strbr|  dualbound   | primalbound  |  gap   | compl. 
 1103s|     1 |     0 |  1518k|     - |   231M |   0 |3040 |  12k|  14k|2801 | 60 | 568 |1619 | 2.484760e+05 | 2.526019e+05 |   1.66%| unknown
 1109s|     1 |     0 |  1526k|     - |   231M |   0 |3040 |  12k|  14k|2855 | 61 | 568 |1619 | 2.484760e+05 | 2.526019e+05 |   1.66%| unknown
 1116s|     1 |     0 |  1534k|     - |   231M |   0 |3040 |  12k|  14k|2907 | 62 | 576 |1619 | 2.484760e+05 | 2.526019e+05 |   1.66%| unknown
 1121s|     1 |     0 |  1541k|     - |   231M |   0 |3040 |  12k|  14k|2969 | 63 | 576 |1619 | 2.484760e+05 | 2.526019e+05 |   1.66%| unknown
 1130s|     1 |     0 |  1551k|     - |   232M |   0 |3040 |  12k|  14k|3031 | 64 | 576 |1619 | 2.484760e+05 | 2.526019e+05 |   1.66%| unknown
 1137s|     1 |     0 |  1560k|     - |   232M |   0 |3040 |  12k|  14k|3086 | 65 | 576 |1619 | 2.484760e+05 | 2.526019e+05 |   1.66%| unknown
 1144s|     1 |     0 |  1569k|     - |   234M |   0 |3040 |  12k|  14k|3141 | 66 | 576 |1619 | 2.484760e+05 | 2.526019e+05 |   1.66%| unknown
 1151s|     1 |     0 |  1577k|     - |   234M |   0 |3040 |  12k|  14k|3193 | 67 | 576 |1619 | 2.484760e+05 | 2.526019e+05 |   1.66%| unknown
 1159s|     1 |     0 |  1587k|     - |   234M |   0 |3040 |  12k|  14k|3252 | 68 | 576 |1619 | 2.484760e+05 | 2.526019e+05 |   1.66%| unknown
 1169s|     1 |     0 |  1597k|     - |   234M |   0 |3040 |  12k|  14k|3317 | 69 | 576 |1619 | 2.484760e+05 | 2.526019e+05 |   1.66%| unknown
 1180s|     1 |     0 |  1607k|     - |   234M |   0 |3040 |  12k|  14k|3364 | 70 | 576 |1619 | 2.484760e+05 | 2.526019e+05 |   1.66%| unknown
 1188s|     1 |     0 |  1617k|     - |   235M |   0 |3040 |  12k|  14k|3420 | 71 | 576 |1619 | 2.484760e+05 | 2.526019e+05 |   1.66%| unknown
 1195s|     1 |     0 |  1626k|     - |   235M |   0 |3040 |  12k|  14k|3483 | 72 | 580 |1619 | 2.484760e+05 | 2.526019e+05 |   1.66%| unknown
 1205s|     1 |     0 |  1636k|     - |   238M |   0 |3040 |  12k|  14k|3539 | 73 | 580 |1619 | 2.484760e+05 | 2.526019e+05 |   1.66%| unknown
 1217s|     1 |     0 |  1646k|     - |   238M |   0 |3040 |  12k|  14k|3600 | 74 | 580 |1619 | 2.484760e+05 | 2.526019e+05 |   1.66%| unknown
 time | node  | left  |LP iter|LP it/n|mem/heur|mdpt |vars |cons |rows |cuts |sepa|confs|strbr|  dualbound   | primalbound  |  gap   | compl. 
 1229s|     1 |     0 |  1657k|     - |   238M |   0 |3040 |  12k|  14k|3654 | 75 | 580 |1619 | 2.484760e+05 | 2.526019e+05 |   1.66%| unknown
 1238s|     1 |     0 |  1666k|     - |   238M |   0 |3040 |  12k|  14k|3708 | 76 | 585 |1619 | 2.484760e+05 | 2.526019e+05 |   1.66%| unknown
 1250s|     1 |     0 |  1677k|     - |   238M |   0 |3040 |  12k|  14k|3761 | 77 | 585 |1619 | 2.484760e+05 | 2.526019e+05 |   1.66%| unknown
 1262s|     1 |     0 |  1687k|     - |   239M |   0 |3040 |  12k|  14k|3812 | 78 | 585 |1619 | 2.484760e+05 | 2.526019e+05 |   1.66%| unknown
 1273s|     1 |     0 |  1698k|     - |   239M |   0 |3040 |  12k|  14k|3865 | 79 | 585 |1619 | 2.484760e+05 | 2.526019e+05 |   1.66%| unknown
 1285s|     1 |     0 |  1708k|     - |   239M |   0 |3040 |  12k|  14k|3919 | 80 | 585 |1619 | 2.484760e+05 | 2.526019e+05 |   1.66%| unknown
 1299s|     1 |     0 |  1719k|     - |   239M |   0 |3040 |  12k|  14k|3976 | 81 | 585 |1619 | 2.484760e+05 | 2.526019e+05 |   1.66%| unknown
 1310s|     1 |     0 |  1729k|     - |   239M |   0 |3040 |  12k|  14k|4035 | 82 | 585 |1619 | 2.484760e+05 | 2.526019e+05 |   1.66%| unknown
 1323s|     1 |     0 |  1740k|     - |   240M |   0 |3040 |  12k|  14k|4082 | 83 | 585 |1619 | 2.484760e+05 | 2.526019e+05 |   1.66%| unknown
 1336s|     1 |     0 |  1750k|     - |   240M |   0 |3040 |  12k|  14k|4133 | 84 | 585 |1619 | 2.484760e+05 | 2.526019e+05 |   1.66%| unknown
 1348s|     1 |     0 |  1761k|     - |   240M |   0 |3040 |  12k|  14k|4183 | 85 | 585 |1619 | 2.484760e+05 | 2.526019e+05 |   1.66%| unknown
 1361s|     1 |     0 |  1771k|     - |   241M |   0 |3040 |  12k|  14k|4229 | 86 | 585 |1619 | 2.484760e+05 | 2.526019e+05 |   1.66%| unknown
 1376s|     1 |     0 |  1782k|     - |   241M |   0 |3040 |  12k|  14k|4279 | 87 | 585 |1619 | 2.484760e+05 | 2.526019e+05 |   1.66%| unknown
 1388s|     1 |     0 |  1792k|     - |   241M |   0 |3040 |  12k|  14k|4330 | 88 | 585 |1619 | 2.484760e+05 | 2.526019e+05 |   1.66%| unknown
 1401s|     1 |     0 |  1803k|     - |   241M |   0 |3040 |  12k|  14k|4388 | 89 | 585 |1619 | 2.484760e+05 | 2.526019e+05 |   1.66%| unknown
 time | node  | left  |LP iter|LP it/n|mem/heur|mdpt |vars |cons |rows |cuts |sepa|confs|strbr|  dualbound   | primalbound  |  gap   | compl. 
 1414s|     1 |     0 |  1813k|     - |   241M |   0 |3040 |  12k|  14k|4443 | 90 | 585 |1619 | 2.484760e+05 | 2.526019e+05 |   1.66%| unknown
 1428s|     1 |     0 |  1824k|     - |   241M |   0 |3040 |  12k|  14k|4501 | 91 | 585 |1619 | 2.484959e+05 | 2.526019e+05 |   1.65%| unknown
 1442s|     1 |     0 |  1835k|     - |   241M |   0 |3040 |  12k|  14k|4561 | 92 | 585 |1619 | 2.485173e+05 | 2.526019e+05 |   1.64%| unknown
 1458s|     1 |     0 |  1846k|     - |   242M |   0 |3040 |  12k|  14k|4608 | 93 | 585 |1619 | 2.485406e+05 | 2.526019e+05 |   1.63%| unknown
 1475s|     1 |     0 |  1857k|     - |   242M |   0 |3040 |  12k|  14k|4674 | 94 | 585 |1619 | 2.485575e+05 | 2.526019e+05 |   1.63%| unknown
 1490s|     1 |     0 |  1868k|     - |   242M |   0 |3040 |  12k|  14k|4727 | 95 | 585 |1619 | 2.485721e+05 | 2.526019e+05 |   1.62%| unknown
 1505s|     1 |     0 |  1878k|     - |   242M |   0 |3040 |  12k|  14k|4769 | 96 | 585 |1619 | 2.485877e+05 | 2.526019e+05 |   1.61%| unknown
 1521s|     1 |     0 |  1889k|     - |   242M |   0 |3040 |  12k|  14k|4822 | 97 | 585 |1619 | 2.486067e+05 | 2.526019e+05 |   1.61%| unknown
 1600s|     1 |     2 |  1902k|     - |   242M |   0 |3040 |  12k|  14k|4822 | 97 | 586 |1661 | 2.486114e+05 | 2.526019e+05 |   1.61%| unknown
d2085s|    41 |    36 |  1974k|1005.2 |distribu|  23 |3040 |  12k|  13k|   0 |  1 | 589 |2016 | 2.486184e+05 | 2.525999e+05 |   1.60%| unknown
d2085s|    45 |    40 |  1975k|1003.0 |linesear|  25 |3040 |  12k|  13k|   0 |  1 | 590 |2016 | 2.486184e+05 | 2.525559e+05 |   1.58%| unknown
 2087s|   100 |    75 |  1980k| 957.9 |   256M |  49 |3040 |  12k|  13k|5208 |  1 | 622 |2037 | 2.486184e+05 | 2.525559e+05 |   1.58%| unknown
 2106s|   200 |    89 |  2003k| 897.4 |   272M |  50 |3040 |  12k|  13k|5370 |  1 | 718 |2108 | 2.486217e+05 | 2.525559e+05 |   1.58%|  22.06%
L2126s|   245 |    82 |  2025k| 882.8 |crossove|  52 |3040 |  12k|  13k|5413 |  1 | 744 |2126 | 2.486300e+05 | 2.524659e+05 |   1.54%|  22.72%
 2127s|   300 |    91 |  2029k| 848.6 |   281M |  52 |3040 |  12k|  13k|5525 |  1 | 767 |2126 | 2.486300e+05 | 2.524659e+05 |   1.54%|  23.77%
 time | node  | left  |LP iter|LP it/n|mem/heur|mdpt |vars |cons |rows |cuts |sepa|confs|strbr|  dualbound   | primalbound  |  gap   | compl. 
*2127s|   312 |    90 |  2030k| 841.3 |    LP  |  52 |3040 |  12k|  13k|5570 |  1 | 770 |2129 | 2.486300e+05 | 2.524199e+05 |   1.52%|  23.77%
 2194s|   400 |    96 |  2102k| 840.2 |   285M |  52 |3040 |  12k|  13k|5799 |  1 | 849 |2320 | 2.486409e+05 | 2.524199e+05 |   1.52%|  24.73%
 2374s|   500 |   103 |  2296k| 913.0 |   301M |  52 |3040 |  12k|  13k|6382 |  1 | 893 |2503 | 2.486574e+05 | 2.524199e+05 |   1.51%|  27.23%
 2509s|   600 |   113 |  2432k| 941.1 |   307M |  52 |3040 |  12k|  13k|6645 |  1 | 965 |2611 | 2.486928e+05 | 2.524199e+05 |   1.50%|  27.91%
 2687s|   700 |   127 |  2602k| 985.5 |   310M |  52 |3040 |  12k|   0 |7192 |  0 |1052 |2761 | 2.486947e+05 | 2.524199e+05 |   1.50%|  27.97%
 2887s|   800 |   165 |  2808k|1045.0 |   315M |  52 |3040 |  13k|  13k|7598 |  1 |1236 |2893 | 2.487515e+05 | 2.524199e+05 |   1.47%|  28.22%
 2948s|   900 |   163 |  2874k|1024.6 |   318M |  52 |3040 |  13k|  13k|7829 |  1 |1403 |2952 | 2.487538e+05 | 2.524199e+05 |   1.47%|  28.23%
 3122s|  1000 |   185 |  3059k|1065.7 |   320M |  57 |3040 |  13k|   0 |8017 |  0 |1564 |3079 | 2.487784e+05 | 2.524199e+05 |   1.46%|  28.25%
 3174s|  1100 |   188 |  3124k|1046.0 |   324M |  57 |3040 |  13k|   0 |8081 |  0 |1782 |3220 | 2.487796e+05 | 2.524199e+05 |   1.46%|  28.44%
 3233s|  1200 |   194 |  3194k|1030.3 |   324M |  57 |3040 |  13k|  13k|8148 |  1 |1855 |3298 | 2.487805e+05 | 2.524199e+05 |   1.46%|  28.54%
 3234s|  1300 |   212 |  3198k| 987.2 |   328M |  57 |3040 |  13k|  13k|8453 |  3 |1905 |3298 | 2.487805e+05 | 2.524199e+05 |   1.46%|  28.54%
 3284s|  1400 |   210 |  3245k| 965.8 |   331M |  57 |3040 |  13k|  13k|8496 |  1 |1958 |3351 | 2.487807e+05 | 2.524199e+05 |   1.46%|  28.54%
 3304s|  1500 |   214 |  3272k| 938.2 |   335M |  57 |3040 |  13k|  13k|8636 |  1 |2030 |3427 | 2.487821e+05 | 2.524199e+05 |   1.46%|  28.58%
 3404s|  1600 |   226 |  3384k| 945.0 |   346M |  57 |3040 |  13k|   0 |8914 |  0 |2109 |3533 | 2.487941e+05 | 2.524199e+05 |   1.46%|  28.60%
 3553s|  1700 |   244 |  3506k| 955.1 |   346M |  57 |3040 |  13k|  13k|9118 |  1 |2185 |3610 | 2.487959e+05 | 2.524199e+05 |   1.46%|  28.60%
 time | node  | left  |LP iter|LP it/n|mem/heur|mdpt |vars |cons |rows |cuts |sepa|confs|strbr|  dualbound   | primalbound  |  gap   | compl. 
 3666s|  1800 |   248 |  3641k| 969.3 |   347M |  57 |3040 |  13k|  13k|9517 |  1 |2347 |3829 | 2.488030e+05 | 2.524199e+05 |   1.45%|  28.69%
 3765s|  1900 |   260 |  3749k| 973.1 |   358M |  57 |3040 |  13k|  13k|9730 |  1 |2399 |3918 | 2.488077e+05 | 2.524199e+05 |   1.45%|  28.71%
 3906s|  2000 |   276 |  3894k| 989.1 |   359M |  57 |3040 |  13k|  13k|  10k|  0 |2486 |4032 | 2.488129e+05 | 2.524199e+05 |   1.45%|  29.10%
 4043s|  2100 |   302 |  4073k|1014.7 |   361M |  57 |3040 |  13k|  13k|  10k|  0 |2584 |4194 | 2.488163e+05 | 2.524199e+05 |   1.45%|  29.26%
 4165s|  2200 |   320 |  4200k|1022.7 |   363M |  57 |3040 |  13k|  13k|  10k|  0 |2627 |4279 | 2.488203e+05 | 2.524199e+05 |   1.45%|  29.26%
 4282s|  2300 |   340 |  4344k|1035.4 |   365M |  57 |3040 |  13k|  13k|  11k|  0 |2727 |4403 | 2.488308e+05 | 2.524199e+05 |   1.44%|  29.30%
 4342s|  2400 |   352 |  4417k|1026.4 |   375M |  57 |3040 |  13k|  13k|  11k|  1 |2767 |4489 | 2.488365e+05 | 2.524199e+05 |   1.44%|  29.31%
 4373s|  2500 |   352 |  4464k|1010.6 |   378M |  57 |3040 |  13k|  13k|  11k|  0 |2786 |4534 | 2.488374e+05 | 2.524199e+05 |   1.44%|  29.31%
 4436s|  2600 |   360 |  4531k|1001.1 |   381M |  57 |3040 |  13k|  13k|  12k|  0 |2802 |4576 | 2.488374e+05 | 2.524199e+05 |   1.44%|  29.32%
 4486s|  2700 |   358 |  4578k| 986.6 |   384M |  57 |3040 |  13k|  13k|  12k|  1 |2813 |4657 | 2.488388e+05 | 2.524199e+05 |   1.44%|  29.39%
 4502s|  2800 |   364 |  4598k| 966.0 |   385M |  57 |3040 |  13k|  13k|  12k|  0 |2848 |4725 | 2.488392e+05 | 2.524199e+05 |   1.44%|  29.43%
 4578s|  2900 |   374 |  4684k| 963.4 |   385M |  57 |3040 |  13k|  13k|  12k|  0 |2930 |4810 | 2.488527e+05 | 2.524199e+05 |   1.43%|  29.46%
 4640s|  3000 |   382 |  4765k| 959.5 |   390M |  57 |3040 |  13k|  13k|  13k|  1 |2968 |4881 | 2.488556e+05 | 2.524199e+05 |   1.43%|  29.50%
 4658s|  3100 |   386 |  4785k| 941.2 |   392M |  57 |3040 |  13k|  13k|  13k|  1 |3035 |4929 | 2.488578e+05 | 2.524199e+05 |   1.43%|  29.50%
 4748s|  3200 |   406 |  4909k| 948.1 |   398M |  57 |3040 |  13k|  13k|  13k|  0 |3086 |5045 | 2.488609e+05 | 2.524199e+05 |   1.43%|  29.50%
 time | node  | left  |LP iter|LP it/n|mem/heur|mdpt |vars |cons |rows |cuts |sepa|confs|strbr|  dualbound   | primalbound  |  gap   | compl. 
 4857s|  3300 |   428 |  5044k| 957.5 |   409M |  57 |3040 |  13k|  13k|  13k|  1 |3208 |5238 | 2.488649e+05 | 2.524199e+05 |   1.43%|  29.58%
 4884s|  3400 |   434 |  5080k| 943.8 |   412M |  57 |3040 |  13k|  13k|  13k|  0 |3212 |5282 | 2.488665e+05 | 2.524199e+05 |   1.43%|  29.59%
 5025s|  3500 |   458 |  5238k| 958.1 |   414M |  57 |3040 |  13k|  13k|  14k|  1 |3322 |5428 | 2.488710e+05 | 2.524199e+05 |   1.43%|  29.59%
 5116s|  3600 |   458 |  5334k| 958.1 |   419M |  57 |3040 |  13k|  13k|  14k|  1 |3374 |5496 | 2.488723e+05 | 2.524199e+05 |   1.43%|  29.59%
 5139s|  3700 |   466 |  5367k| 944.7 |   420M |  57 |3040 |  13k|  13k|  14k|  1 |3441 |5619 | 2.488723e+05 | 2.524199e+05 |   1.43%|  29.59%
 5315s|  3800 |   492 |  5551k| 963.3 |   427M |  57 |3040 |  13k|  13k|  15k|  1 |3579 |5804 | 2.488762e+05 | 2.524199e+05 |   1.42%|  29.62%
 5345s|  3900 |   498 |  5584k| 950.6 |   427M |  57 |3040 |  13k|  13k|  15k|  0 |3622 |5959 | 2.488765e+05 | 2.524199e+05 |   1.42%|  29.62%
 5362s|  4000 |   500 |  5604k| 935.5 |   428M |  57 |3040 |  13k|  13k|  15k|  0 |3622 |5980 | 2.488769e+05 | 2.524199e+05 |   1.42%|  29.63%
 5363s|  4100 |   502 |  5606k| 917.5 |   428M |  57 |3040 |  13k|  13k|  15k|  1 |3622 |5989 | 2.488769e+05 | 2.524199e+05 |   1.42%|  29.63%
 5364s|  4200 |   500 |  5608k| 900.3 |   428M |  57 |3040 |  13k|  13k|  16k|  0 |3625 |5998 | 2.488769e+05 | 2.524199e+05 |   1.42%|  29.63%
 5436s|  4300 |   518 |  5690k| 898.8 |   437M |  57 |3040 |  13k|  13k|  16k|  0 |3661 |6118 | 2.488784e+05 | 2.524199e+05 |   1.42%|  29.68%
 5465s|  4400 |   524 |  5730k| 889.5 |   445M |  57 |3040 |  13k|  13k|  16k|  1 |3692 |6159 | 2.488784e+05 | 2.524199e+05 |   1.42%|  29.68%
 5510s|  4500 |   532 |  5783k| 883.1 |   450M |  57 |3040 |  13k|  13k|  17k|  2 |3701 |6245 | 2.488795e+05 | 2.524199e+05 |   1.42%|  29.68%
 5588s|  4600 |   542 |  5869k| 882.7 |   453M |  57 |3040 |  13k|  13k|  17k|  0 |3714 |6314 | 2.488796e+05 | 2.524199e+05 |   1.42%|  29.68%
 5589s|  4700 |   542 |  5872k| 867.6 |   454M |  57 |3040 |  13k|  13k|  17k|  1 |3714 |6322 | 2.488796e+05 | 2.524199e+05 |   1.42%|  29.68%
 time | node  | left  |LP iter|LP it/n|mem/heur|mdpt |vars |cons |rows |cuts |sepa|confs|strbr|  dualbound   | primalbound  |  gap   | compl. 
 5591s|  4800 |   544 |  5874k| 853.1 |   454M |  57 |3040 |  13k|  13k|  17k|  0 |3768 |6326 | 2.488796e+05 | 2.524199e+05 |   1.42%|  29.74%
 5783s|  4900 |   558 |  6048k| 868.1 |   463M |  57 |3040 |  13k|  13k|  18k|  0 |3812 |6441 | 2.488825e+05 | 2.524199e+05 |   1.42%|  29.78%
 5894s|  5000 |   572 |  6160k| 872.3 |   464M |  57 |3040 |  13k|  13k|  18k|  1 |3905 |6527 | 2.488837e+05 | 2.524199e+05 |   1.42%|  29.98%
 5926s|  5100 |   564 |  6191k| 863.1 |   464M |  57 |3040 |  13k|   0 |  18k|  0 |3931 |6575 | 2.488841e+05 | 2.524199e+05 |   1.42%|  30.04%
 5992s|  5200 |   574 |  6261k| 860.5 |   468M |  57 |3040 |  13k|  13k|  19k|  1 |3973 |6650 | 2.488858e+05 | 2.524199e+05 |   1.42%|  30.16%
 6062s|  5300 |   580 |  6328k| 857.5 |   473M |  57 |3040 |  13k|  13k|  19k|  0 |3980 |6681 | 2.488875e+05 | 2.524199e+05 |   1.42%|  30.16%
 6063s|  5400 |   580 |  6331k| 844.5 |   475M |  57 |3040 |  13k|  13k|  19k|  1 |3982 |6693 | 2.488875e+05 | 2.524199e+05 |   1.42%|  30.17%
 6107s|  5500 |   596 |  6408k| 843.4 |   479M |  57 |3040 |  13k|  13k|  19k|  1 |4017 |6720 | 2.488894e+05 | 2.524199e+05 |   1.42%|  30.28%
 6211s|  5600 |   620 |  6583k| 857.1 |   481M |  57 |3040 |  13k|   0 |  20k|  0 |4243 |6748 | 2.488936e+05 | 2.524199e+05 |   1.42%|  30.29%
 6332s|  5700 |   656 |  6750k| 869.3 |   484M |  57 |3040 |  13k|  13k|  21k|  1 |4435 |6828 | 2.489002e+05 | 2.524199e+05 |   1.41%|  30.30%
 6399s|  5800 |   666 |  6865k| 873.3 |   484M |  57 |3040 |  13k|  13k|  21k|  1 |4478 |6834 | 2.489002e+05 | 2.524199e+05 |   1.41%|  30.30%
 6436s|  5900 |   674 |  6931k| 870.2 |   485M |  57 |3040 |  13k|   0 |  22k|  0 |4533 |6839 | 2.489006e+05 | 2.524199e+05 |   1.41%|  30.30%
 6498s|  6000 |   686 |  7036k| 872.8 |   485M |  57 |3040 |  13k|   0 |  22k|  0 |4591 |6845 | 2.489044e+05 | 2.524199e+05 |   1.41%|  30.31%
 6575s|  6100 |   698 |  7151k| 876.7 |   485M |  57 |3040 |  13k|  13k|  23k|  1 |4645 |6866 | 2.489077e+05 | 2.524199e+05 |   1.41%|  30.37%
 6649s|  6200 |   706 |  7222k| 874.4 |   486M |  57 |3040 |  13k|  13k|  23k|  1 |4726 |6934 | 2.489100e+05 | 2.524199e+05 |   1.41%|  30.37%
 time | node  | left  |LP iter|LP it/n|mem/heur|mdpt |vars |cons |rows |cuts |sepa|confs|strbr|  dualbound   | primalbound  |  gap   | compl. 
 6651s|  6300 |   708 |  7225k| 862.8 |   486M |  57 |3040 |  13k|  13k|  23k|  0 |4780 |6938 | 2.489100e+05 | 2.524199e+05 |   1.41%|  30.37%
 6679s|  6400 |   712 |  7277k| 858.2 |   487M |  57 |3040 |  13k|   0 |  23k|  0 |4830 |6960 | 2.489103e+05 | 2.524199e+05 |   1.41%|  30.38%
 6720s|  6500 |   726 |  7331k| 854.0 |   488M |  57 |3040 |  13k|  13k|  24k|  1 |4837 |6965 | 2.489114e+05 | 2.524199e+05 |   1.41%|  30.38%
 6734s|  6600 |   730 |  7354k| 845.8 |   488M |  57 |3040 |  13k|  13k|  24k|  0 |4859 |6971 | 2.489125e+05 | 2.524199e+05 |   1.41%|  30.38%
 6758s|  6700 |   742 |  7408k| 841.9 |   489M |  57 |3040 |  13k|  13k|  24k|  1 |4887 |6989 | 2.489149e+05 | 2.524199e+05 |   1.41%|  30.38%
 6773s|  6800 |   746 |  7431k| 834.0 |   489M |  57 |3040 |  13k|  13k|  24k|  1 |4891 |6994 | 2.489150e+05 | 2.524199e+05 |   1.41%|  30.38%
 6803s|  6900 |   756 |  7498k| 832.0 |   490M |  57 |3040 |  13k|  13k|  25k|  2 |4918 |7000 | 2.489159e+05 | 2.524199e+05 |   1.41%|  30.38%
 6813s|  7000 |   758 |  7518k| 824.0 |   490M |  57 |3040 |  13k|  13k|  25k|  0 |4926 |7003 | 2.489163e+05 | 2.524199e+05 |   1.41%|  30.38%
 6892s|  7100 |   772 |  7651k| 830.2 |   491M |  57 |3040 |  13k|  13k|  25k|  1 |4992 |7006 | 2.489171e+05 | 2.524199e+05 |   1.41%|  30.38%
 6914s|  7200 |   778 |  7683k| 824.1 |   491M |  57 |3040 |  13k|  13k|  26k|  0 |5035 |7012 | 2.489175e+05 | 2.524199e+05 |   1.41%|  30.38%
 6985s|  7300 |   798 |  7805k| 828.8 |   491M |  57 |3040 |  13k|  13k|  26k|  1 |5196 |7023 | 2.489204e+05 | 2.524199e+05 |   1.41%|  30.39%
 7046s|  7400 |   812 |  7894k| 829.5 |   492M |  57 |3040 |  13k|  13k|  27k|  1 |5310 |7031 | 2.489228e+05 | 2.524199e+05 |   1.40%|  30.40%
 7071s|  7500 |   816 |  7935k| 824.6 |   492M |  57 |3040 |  13k|  13k|  27k|  0 |5355 |7035 | 2.489243e+05 | 2.524199e+05 |   1.40%|  30.40%
 7108s|  7600 |   823 |  7999k| 822.4 |   492M |  57 |3040 |  13k|  13k|  27k|  0 |5413 |7053 | 2.489254e+05 | 2.524199e+05 |   1.40%|  30.46%
d7151s|  7667 |   829 |  8081k| 825.5 |adaptive|  57 |3040 |  13k|  13k|   0 |  1 |5430 |7054 | 2.489276e+05 | 2.523995e+05 |   1.39%|  30.47%
 time | node  | left  |LP iter|LP it/n|mem/heur|mdpt |vars |cons |rows |cuts |sepa|confs|strbr|  dualbound   | primalbound  |  gap   | compl. 
 7151s|  7700 |   840 |  8082k| 822.5 |   493M |  57 |3040 |  13k|  13k|  28k|  1 |5450 |7054 | 2.489276e+05 | 2.523995e+05 |   1.39%|  30.47%
 7238s|  7800 |   846 |  8226k| 829.5 |   495M |  57 |3040 |  13k|   0 |  28k|  0 |5751 |7066 | 2.489315e+05 | 2.523995e+05 |   1.39%|  30.47%
 7278s|  7900 |   868 |  8285k| 826.8 |   498M |  57 |3040 |  13k|  13k|  28k|  1 |5804 |7082 | 2.489319e+05 | 2.523995e+05 |   1.39%|  30.47%
 7302s|  8000 |   878 |  8315k| 821.0 |   499M |  57 |3040 |  13k|  13k|  28k|  1 |5852 |7105 | 2.489331e+05 | 2.523995e+05 |   1.39%|  30.48%
 7427s|  8100 |   908 |  8453k| 827.2 |   505M |  57 |3040 |  13k|  13k|  29k|  0 |6087 |7235 | 2.489354e+05 | 2.523995e+05 |   1.39%|  30.52%
L7468s|  8147 |   823 |  8508k| 829.0 |    rins|  57 |3040 |  13k|  13k|  29k|  1 |6144 |7271 | 2.489361e+05 | 2.522379e+05 |   1.33%|  31.39%
 7604s|  8200 |   828 |  8656k| 840.3 |   508M |  57 |3040 |  13k|  13k|  29k|  1 |6231 |7381 | 2.489401e+05 | 2.522379e+05 |   1.32%|  31.42%
 7706s|  8300 |   844 |  8772k| 843.7 |   509M |  57 |3040 |  13k|   0 |  29k|  0 |6313 |7468 | 2.489419e+05 | 2.522379e+05 |   1.32%|  31.49%
 7757s|  8400 |   846 |  8858k| 843.8 |   509M |  57 |3040 |  13k|  13k|  30k|  0 |6405 |7610 | 2.489425e+05 | 2.522379e+05 |   1.32%|  31.51%
 7791s|  8500 |   866 |  8904k| 839.8 |   512M |  57 |3040 |  13k|  13k|  30k|  0 |6482 |7734 | 2.489435e+05 | 2.522379e+05 |   1.32%|  31.51%
 7893s|  8600 |   862 |  8989k| 839.9 |   512M |  57 |3040 |  13k|  13k|  30k|  0 |6512 |7795 | 2.489450e+05 | 2.522379e+05 |   1.32%|  31.65%
 7894s|  8700 |   870 |  8992k| 831.5 |   512M |  57 |3040 |  13k|  13k|  30k|  1 |6545 |7795 | 2.489450e+05 | 2.522379e+05 |   1.32%|  31.65%
 7911s|  8800 |   876 |  9024k| 826.3 |   512M |  57 |3040 |  13k|   0 |  30k|  0 |6563 |7802 | 2.489451e+05 | 2.522379e+05 |   1.32%|  31.66%
 7937s|  8900 |   874 |  9059k| 821.5 |   513M |  57 |3040 |  13k|  13k|  31k|  3 |6671 |7873 | 2.489451e+05 | 2.522379e+05 |   1.32%|  31.67%
 7984s|  9000 |   888 |  9120k| 819.4 |   513M |  57 |3040 |  13k|  13k|  31k|  2 |6744 |7954 | 2.489462e+05 | 2.522379e+05 |   1.32%|  31.67%
 time | node  | left  |LP iter|LP it/n|mem/heur|mdpt |vars |cons |rows |cuts |sepa|confs|strbr|  dualbound   | primalbound  |  gap   | compl. 
 8035s|  9100 |   922 |  9199k| 819.1 |   518M |  62 |3040 |  13k|  14k|  31k|  1 |6801 |8069 | 2.489464e+05 | 2.522379e+05 |   1.32%|  31.67%
 8178s|  9200 |   944 |  9369k| 827.8 |   518M |  62 |3040 |  13k|  14k|  31k|  1 |6896 |8154 | 2.489496e+05 | 2.522379e+05 |   1.32%|  31.67%
 8179s|  9300 |   943 |  9372k| 820.0 |   518M |  65 |3040 |  13k|  14k|  32k|  0 |6955 |8154 | 2.489496e+05 | 2.522379e+05 |   1.32%|  31.67%
 8385s|  9400 |   961 |  9602k| 834.2 |   519M |  65 |3040 |  13k|   0 |  32k|  0 |7100 |8322 | 2.489516e+05 | 2.522379e+05 |   1.32%|  31.68%
 8483s|  9500 |   977 |  9706k| 836.2 |   520M |  65 |3040 |  13k|  14k|  32k|  1 |7183 |8472 | 2.489536e+05 | 2.522379e+05 |   1.32%|  31.68%
 8637s|  9600 |   990 |  9885k| 845.2 |   525M |  66 |3040 |  13k|   0 |  33k|  0 |7342 |8590 | 2.489553e+05 | 2.522379e+05 |   1.32%|  31.69%
 8801s|  9700 |  1024 | 10088k| 856.3 |   529M |  66 |3040 |  13k|  14k|  33k|  1 |7426 |8786 | 2.489605e+05 | 2.522379e+05 |   1.32%|  31.69%
 8930s|  9800 |  1048 | 10262k| 864.4 |   530M |  66 |3040 |  13k|  14k|  33k|  0 |7501 |8813 | 2.489624e+05 | 2.522379e+05 |   1.32%|  31.75%
 8969s|  9900 |  1064 | 10314k| 861.2 |   534M |  70 |3040 |  13k|  14k|  34k|  1 |7570 |8889 | 2.489640e+05 | 2.522379e+05 |   1.32%|  31.75%
 9112s| 10000 |  1102 | 10503k| 870.6 |   536M |  70 |3040 |  13k|   0 |  34k|  0 |7656 |8966 | 2.489679e+05 | 2.522379e+05 |   1.31%|  31.76%
 9223s| 10100 |  1127 | 10677k| 878.4 |   537M |  71 |3040 |  13k|  14k|  35k|  1 |7733 |8975 | 2.489687e+05 | 2.522379e+05 |   1.31%|  31.76%
 9226s| 10200 |  1133 | 10688k| 871.6 |   540M |  71 |3040 |  13k|  14k|  35k|  0 |7769 |8975 | 2.489687e+05 | 2.522379e+05 |   1.31%|  31.76%
 9228s| 10300 |  1147 | 10693k| 864.3 |   540M |  75 |3040 |  13k|  14k|  35k|  0 |7850 |8977 | 2.489687e+05 | 2.522379e+05 |   1.31%|  31.76%
 9357s| 10400 |  1151 | 10861k| 871.5 |   540M |  75 |3040 |  13k|  14k|  35k|  1 |7930 |8984 | 2.489707e+05 | 2.522379e+05 |   1.31%|  31.77%
 9419s| 10500 |  1167 | 10939k| 870.7 |   543M |  75 |3040 |  13k|  14k|  36k|  1 |8009 |9016 | 2.489733e+05 | 2.522379e+05 |   1.31%|  31.77%
 time | node  | left  |LP iter|LP it/n|mem/heur|mdpt |vars |cons |rows |cuts |sepa|confs|strbr|  dualbound   | primalbound  |  gap   | compl. 
 9453s| 10600 |  1169 | 10995k| 868.0 |   544M |  75 |3040 |  14k|  14k|  36k|  1 |8133 |9019 | 2.489742e+05 | 2.522379e+05 |   1.31%|  31.77%
 9472s| 10700 |  1175 | 11024k| 863.0 |   545M |  75 |3040 |  13k|  14k|  36k|  1 |8199 |9036 | 2.489750e+05 | 2.522379e+05 |   1.31%|  31.77%
 9551s| 10800 |  1181 | 11135k| 865.2 |   550M |  75 |3040 |  14k|  14k|  36k|  1 |8283 |9065 | 2.489763e+05 | 2.522379e+05 |   1.31%|  31.77%
 9620s| 10900 |  1197 | 11229k| 865.8 |   550M |  75 |3040 |  13k|   0 |  37k|  0 |8317 |9070 | 2.489774e+05 | 2.522379e+05 |   1.31%|  31.77%
 9806s| 11000 |  1229 | 11493k| 880.5 |   552M |  75 |3040 |  13k|  14k|  37k|  1 |8445 |9083 | 2.489823e+05 | 2.522379e+05 |   1.31%|  31.78%
 9850s| 11100 |  1263 | 11565k| 879.2 |   556M |  96 |3040 |  13k|  14k|  38k|  2 |8492 |9084 | 2.489834e+05 | 2.522379e+05 |   1.31%|  31.79%
 9952s| 11200 |  1275 | 11706k| 883.6 |   558M |  97 |3040 |  14k|  14k|  38k|  1 |8930 |9102 | 2.489853e+05 | 2.522379e+05 |   1.31%|  31.79%
  167m| 11300 |  1289 | 11783k| 882.7 |   558M | 100 |3040 |  14k|  14k|  38k|  1 |8973 |9106 | 2.489855e+05 | 2.522379e+05 |   1.31%|  31.79%
  168m| 11400 |  1317 | 11864k| 882.1 |   559M | 100 |3040 |  14k|  14k|  39k|  1 |9160 |9107 | 2.489863e+05 | 2.522379e+05 |   1.31%|  31.79%
  169m| 11500 |  1329 | 11958k| 882.6 |   563M | 100 |3040 |  14k|  14k|  39k|  1 |9205 |9109 | 2.489870e+05 | 2.522379e+05 |   1.31%|  31.80%
  170m| 11600 |  1332 | 12079k| 885.1 |   565M | 100 |3040 |  14k|  14k|  39k|  2 |9250 |9112 | 2.489889e+05 | 2.522379e+05 |   1.30%|  31.80%
  170m| 11700 |  1374 | 12082k| 878.4 |   566M | 100 |3040 |  14k|  14k|  39k|  0 |9276 |9112 | 2.489889e+05 | 2.522379e+05 |   1.30%|  31.80%
L 170m| 11729 |  1271 | 12083k| 876.5 |    rins| 100 |3040 |  14k|  14k|  40k|  1 |9282 |9112 | 2.489889e+05 | 2.521479e+05 |   1.27%|  31.83%
  171m| 11800 |  1280 | 12140k| 876.0 |   566M | 100 |3040 |  14k|  14k|  40k|  1 |9328 |9114 | 2.489896e+05 | 2.521479e+05 |   1.27%|  31.85%
  172m| 11900 |  1288 | 12239k| 876.9 |   566M | 100 |3040 |  13k|  14k|  40k|  1 |9369 |9127 | 2.489924e+05 | 2.521479e+05 |   1.27%|  31.87%
 time | node  | left  |LP iter|LP it/n|mem/heur|mdpt |vars |cons |rows |cuts |sepa|confs|strbr|  dualbound   | primalbound  |  gap   | compl. 
  172m| 12000 |  1302 | 12280k| 873.4 |   566M | 100 |3040 |  14k|   0 |  40k|  0 |9436 |9127 | 2.489949e+05 | 2.521479e+05 |   1.27%|  31.88%
  173m| 12100 |  1334 | 12318k| 869.6 |   567M | 100 |3040 |  13k|  14k|  41k|  1 |9484 |9136 | 2.489958e+05 | 2.521479e+05 |   1.27%|  31.98%
  173m| 12200 |  1350 | 12373k| 867.2 |   567M | 105 |3040 |  13k|  14k|  41k|  1 |9515 |9136 | 2.489961e+05 | 2.521479e+05 |   1.27%|  31.99%
  175m| 12300 |  1342 | 12492k| 869.6 |   567M | 105 |3040 |  13k|  14k|  41k|  0 |9651 |9257 | 2.489989e+05 | 2.521479e+05 |   1.26%|  32.00%
  178m| 12400 |  1364 | 12668k| 876.2 |   568M | 105 |3040 |  13k|   0 |  42k|  0 |9722 |9353 | 2.490002e+05 | 2.521479e+05 |   1.26%|  32.01%
  179m| 12500 |  1382 | 12766k| 877.0 |   572M | 105 |3040 |  13k|  14k|  42k|  1 |9812 |9438 | 2.490017e+05 | 2.521479e+05 |   1.26%|  32.01%
  180m| 12600 |  1402 | 12809k| 873.8 |   572M | 105 |3040 |  13k|  14k|  42k|  1 |9849 |9458 | 2.490026e+05 | 2.521479e+05 |   1.26%|  32.02%
  180m| 12700 |  1400 | 12820k| 868.1 |   573M | 105 |3040 |  13k|  14k|  43k|  1 |9914 |9485 | 2.490026e+05 | 2.521479e+05 |   1.26%|  32.04%
  181m| 12800 |  1418 | 12910k| 868.4 |   577M | 105 |3040 |  13k|  14k|  43k|  1 |  10k|9560 | 2.490047e+05 | 2.521479e+05 |   1.26%|  32.04%
  183m| 12900 |  1426 | 13032k| 870.9 |   579M | 105 |3040 |  13k|  14k|  43k|  0 |  10k|9637 | 2.490061e+05 | 2.521479e+05 |   1.26%|  32.04%
  184m| 13000 |  1444 | 13114k| 870.6 |   580M | 105 |3040 |  13k|  14k|  44k|  1 |  10k|9737 | 2.490078e+05 | 2.521479e+05 |   1.26%|  32.04%
  187m| 13100 |  1462 | 13300k| 877.5 |   581M | 105 |3040 |  13k|  14k|  44k|  1 |  10k|9881 | 2.490094e+05 | 2.521479e+05 |   1.26%|  32.05%
  188m| 13200 |  1476 | 13356k| 875.3 |   581M | 105 |3040 |  13k|  14k|  44k|  1 |  10k|9883 | 2.490115e+05 | 2.521479e+05 |   1.26%|  32.05%
  190m| 13300 |  1486 | 13467k| 877.0 |   581M | 105 |3040 |  13k|  14k|  45k|  2 |  10k|9964 | 2.490117e+05 | 2.521479e+05 |   1.26%|  32.05%
  191m| 13400 |  1504 | 13546k| 876.4 |   582M | 105 |3040 |  13k|  14k|  45k|  1 |  10k|  10k| 2.490119e+05 | 2.521479e+05 |   1.26%|  32.07%
 time | node  | left  |LP iter|LP it/n|mem/heur|mdpt |vars |cons |rows |cuts |sepa|confs|strbr|  dualbound   | primalbound  |  gap   | compl. 
  191m| 13500 |  1502 | 13550k| 870.6 |   582M | 105 |3040 |  13k|  14k|  45k|  2 |  10k|  10k| 2.490119e+05 | 2.521479e+05 |   1.26%|  32.07%
  193m| 13600 |  1514 | 13704k| 875.2 |   587M | 105 |3040 |  13k|  14k|  46k|  0 |  10k|  10k| 2.490154e+05 | 2.521479e+05 |   1.26%|  32.08%
  195m| 13700 |  1524 | 13767k| 873.5 |   587M | 105 |3040 |  13k|   0 |  46k|  0 |  10k|  10k| 2.490156e+05 | 2.521479e+05 |   1.26%|  32.08%
  195m| 13800 |  1538 | 13812k| 870.6 |   589M | 105 |3040 |  13k|  14k|  46k|  0 |  10k|  10k| 2.490159e+05 | 2.521479e+05 |   1.26%|  32.08%
  196m| 13900 |  1528 | 13872k| 868.8 |   590M | 105 |3040 |  13k|   0 |  46k|  0 |  11k|  10k| 2.490163e+05 | 2.521479e+05 |   1.26%|  32.10%
  196m| 14000 |  1534 | 13884k| 863.9 |   594M | 105 |3040 |  13k|   0 |  46k|  0 |  11k|  10k| 2.490163e+05 | 2.521479e+05 |   1.26%|  32.11%
  196m| 14100 |  1556 | 13925k| 860.8 |   604M | 105 |3040 |  13k|  14k|  47k|  1 |  11k|  10k| 2.490185e+05 | 2.521479e+05 |   1.26%|  32.13%
  197m| 14200 |  1566 | 14002k| 860.2 |   615M | 105 |3040 |  13k|  14k|  47k|  0 |  11k|  10k| 2.490191e+05 | 2.521479e+05 |   1.26%|  32.15%
  199m| 14300 |  1576 | 14076k| 859.5 |   617M | 105 |3040 |  13k|  14k|  47k|  1 |  11k|  10k| 2.490199e+05 | 2.521479e+05 |   1.26%|  32.15%
  199m| 14400 |  1588 | 14111k| 856.2 |   617M | 105 |3040 |  13k|  14k|  48k|  1 |  11k|  10k| 2.490202e+05 | 2.521479e+05 |   1.26%|  32.15%
  199m| 14500 |  1594 | 14127k| 851.7 |   618M | 105 |3040 |  13k|   0 |  48k|  0 |  11k|  10k| 2.490202e+05 | 2.521479e+05 |   1.26%|  32.17%
  201m| 14600 |  1594 | 14239k| 853.4 |   623M | 105 |3040 |  13k|   0 |  48k|  0 |  11k|  10k| 2.490204e+05 | 2.521479e+05 |   1.26%|  32.22%
  203m| 14700 |  1614 | 14375k| 856.6 |   625M | 105 |3040 |  13k|  14k|  49k|  1 |  11k|  10k| 2.490237e+05 | 2.521479e+05 |   1.25%|  32.22%
  204m| 14800 |  1622 | 14438k| 855.2 |   631M | 105 |3040 |  13k|   0 |  49k|  0 |  12k|  11k| 2.490239e+05 | 2.521479e+05 |   1.25%|  32.23%
  205m| 14900 |  1630 | 14512k| 854.5 |   632M | 105 |3040 |  13k|  14k|  49k|  1 |  12k|  11k| 2.490247e+05 | 2.521479e+05 |   1.25%|  32.24%
 time | node  | left  |LP iter|LP it/n|mem/heur|mdpt |vars |cons |rows |cuts |sepa|confs|strbr|  dualbound   | primalbound  |  gap   | compl. 
  206m| 15000 |  1634 | 14586k| 853.7 |   634M | 105 |3040 |  13k|   0 |  50k|  0 |  12k|  11k| 2.490256e+05 | 2.521479e+05 |   1.25%|  32.24%
  207m| 15100 |  1652 | 14649k| 852.3 |   635M | 105 |3040 |  13k|  14k|  50k|  1 |  12k|  11k| 2.490263e+05 | 2.521479e+05 |   1.25%|  32.24%
L 207m| 15110 |  1553 | 14649k| 851.8 |crossove| 105 |3040 |  13k|  14k|  50k|  2 |  12k|  11k| 2.490263e+05 | 2.520983e+05 |   1.23%|  32.28%
  207m| 15200 |  1553 | 14668k| 848.3 |   636M | 105 |3040 |  13k|  14k|  50k|  1 |  12k|  11k| 2.490274e+05 | 2.520983e+05 |   1.23%|  32.30%
  208m| 15300 |  1559 | 14756k| 848.5 |   639M | 105 |3040 |  13k|  14k|  50k|  1 |  12k|  11k| 2.490278e+05 | 2.520983e+05 |   1.23%|  32.33%
L 208m| 15310 |  1447 | 14756k| 848.0 |crossove| 105 |3040 |  13k|   0 |  50k|  0 |  12k|  11k| 2.490278e+05 | 2.520463e+05 |   1.21%|  32.34%
  210m| 15400 |  1463 | 14896k| 851.8 |   645M | 105 |3040 |  13k|  14k|  51k|  1 |  12k|  11k| 2.490286e+05 | 2.520463e+05 |   1.21%|  32.35%
  210m| 15500 |  1503 | 14951k| 850.0 |   653M | 105 |3040 |  13k|  14k|  52k|  3 |  12k|  11k| 2.490288e+05 | 2.520463e+05 |   1.21%|  32.35%
  210m| 15600 |  1519 | 14973k| 846.2 |   653M | 105 |3040 |  13k|  14k|  52k|  1 |  12k|  11k| 2.490312e+05 | 2.520463e+05 |   1.21%|  32.35%
  211m| 15700 |  1527 | 15037k| 845.0 |   653M | 105 |3040 |  13k|   0 |  52k|  0 |  12k|  11k| 2.490320e+05 | 2.520463e+05 |   1.21%|  32.39%
  212m| 15800 |  1543 | 15094k| 843.4 |   653M | 105 |3040 |  13k|  13k|  53k|  1 |  12k|  11k| 2.490325e+05 | 2.520463e+05 |   1.21%|  32.39%
  213m| 15900 |  1543 | 15175k| 843.2 |   653M | 105 |3040 |  13k|   0 |  53k|  0 |  13k|  11k| 2.490341e+05 | 2.520463e+05 |   1.21%|  32.39%
  214m| 16000 |  1563 | 15286k| 844.7 |   655M | 105 |3040 |  13k|  13k|  53k|  1 |  13k|  11k| 2.490357e+05 | 2.520463e+05 |   1.21%|  32.39%
  215m| 16100 |  1571 | 15418k| 847.5 |   658M | 105 |3040 |  13k|   0 |  54k|  0 |  13k|  11k| 2.490364e+05 | 2.520463e+05 |   1.21%|  32.40%
  217m| 16200 |  1581 | 15510k| 847.9 |   658M | 105 |3040 |  13k|  14k|  54k|  0 |  13k|  11k| 2.490384e+05 | 2.520463e+05 |   1.21%|  32.40%
 time | node  | left  |LP iter|LP it/n|mem/heur|mdpt |vars |cons |rows |cuts |sepa|confs|strbr|  dualbound   | primalbound  |  gap   | compl. 
  217m| 16300 |  1593 | 15531k| 844.2 |   660M | 105 |3040 |  13k|  14k|  54k|  1 |  13k|  11k| 2.490384e+05 | 2.520463e+05 |   1.21%|  32.41%
  217m| 16400 |  1601 | 15539k| 839.8 |   660M | 105 |3040 |  13k|   0 |  54k|  0 |  13k|  11k| 2.490384e+05 | 2.520463e+05 |   1.21%|  32.41%
  218m| 16500 |  1613 | 15701k| 844.3 |   660M | 105 |3040 |  13k|   0 |  55k|  0 |  13k|  11k| 2.490400e+05 | 2.520463e+05 |   1.21%|  32.41%
L 219m| 16561 |  1504 | 15774k| 845.5 |crossove| 105 |3040 |  13k|  14k|  55k|  0 |  13k|  11k| 2.490400e+05 | 2.519851e+05 |   1.18%|  32.46%
  220m| 16600 |  1511 | 15785k| 844.3 |   660M | 105 |3040 |  13k|  14k|  55k|  1 |  13k|  11k| 2.490400e+05 | 2.519851e+05 |   1.18%|  32.47%
  220m| 16700 |  1527 | 15835k| 842.3 |   660M | 105 |3040 |  13k|  14k|  55k|  1 |  13k|  11k| 2.490400e+05 | 2.519851e+05 |   1.18%|  32.47%
  220m| 16800 |  1543 | 15868k| 839.5 |   663M | 105 |3040 |  13k|   0 |  56k|  0 |  13k|  11k| 2.490405e+05 | 2.519851e+05 |   1.18%|  32.48%
  221m| 16900 |  1555 | 15909k| 837.0 |   665M | 105 |3040 |  13k|  14k|  56k|  1 |  13k|  11k| 2.490407e+05 | 2.519851e+05 |   1.18%|  32.48%
  221m| 17000 |  1569 | 15918k| 832.9 |   668M | 105 |3040 |  13k|  14k|  56k|  1 |  13k|  11k| 2.490407e+05 | 2.519851e+05 |   1.18%|  32.48%
  222m| 17100 |  1577 | 15993k| 832.5 |   669M | 105 |3040 |  13k|  14k|  56k|  1 |  13k|  11k| 2.490410e+05 | 2.519851e+05 |   1.18%|  32.51%
  222m| 17200 |  1579 | 16069k| 832.0 |   670M | 105 |3040 |  13k|  14k|  57k|  0 |  13k|  11k| 2.490413e+05 | 2.519851e+05 |   1.18%|  32.51%
  224m| 17300 |  1601 | 16229k| 836.3 |   676M | 105 |3040 |  13k|   0 |  57k|  0 |  13k|  11k| 2.490423e+05 | 2.519851e+05 |   1.18%|  32.53%
  225m| 17400 |  1629 | 16275k| 834.2 |   676M | 105 |3040 |  13k|  14k|  58k|  1 |  13k|  11k| 2.490423e+05 | 2.519851e+05 |   1.18%|  32.53%
  225m| 17500 |  1659 | 16344k| 833.4 |   677M | 105 |3040 |  13k|  14k|  58k|  1 |  14k|  11k| 2.490427e+05 | 2.519851e+05 |   1.18%|  32.53%
  226m| 17600 |  1685 | 16424k| 833.2 |   677M | 105 |3040 |  13k|  14k|  58k|  1 |  14k|  11k| 2.490443e+05 | 2.519851e+05 |   1.18%|  32.53%
 time | node  | left  |LP iter|LP it/n|mem/heur|mdpt |vars |cons |rows |cuts |sepa|confs|strbr|  dualbound   | primalbound  |  gap   | compl. 
  226m| 17700 |  1721 | 16476k| 831.6 |   677M | 105 |3040 |  13k|  14k|  59k|  1 |  14k|  11k| 2.490449e+05 | 2.519851e+05 |   1.18%|  32.53%
  229m| 17800 |  1725 | 16674k| 837.7 |   689M | 105 |3040 |  13k|  14k|  59k|  1 |  14k|  11k| 2.490456e+05 | 2.519851e+05 |   1.18%|  32.54%
  230m| 17900 |  1739 | 16785k| 839.1 |   689M | 105 |3040 |  13k|  14k|  60k|  0 |  14k|  11k| 2.490473e+05 | 2.519851e+05 |   1.18%|  32.54%
  231m| 18000 |  1769 | 16818k| 836.4 |   691M | 105 |3040 |  13k|  14k|  60k|  1 |  14k|  11k| 2.490478e+05 | 2.519851e+05 |   1.18%|  32.54%
  232m| 18100 |  1770 | 16938k| 838.3 |   693M | 105 |3040 |  13k|   0 |  60k|  0 |  14k|  11k| 2.490492e+05 | 2.519851e+05 |   1.18%|  32.54%
  233m| 18200 |  1782 | 17085k| 841.6 |   693M | 105 |3040 |  13k|  13k|  61k|  2 |  14k|  11k| 2.490506e+05 | 2.519851e+05 |   1.18%|  32.56%
  234m| 18300 |  1804 | 17098k| 837.9 |   693M | 105 |3040 |  13k|   0 |  61k|  0 |  14k|  11k| 2.490506e+05 | 2.519851e+05 |   1.18%|  32.56%
  235m| 18400 |  1822 | 17206k| 839.2 |   693M | 105 |3040 |  13k|  14k|  62k|  0 |  14k|  11k| 2.490525e+05 | 2.519851e+05 |   1.18%|  32.56%
  237m| 18500 |  1828 | 17404k| 845.0 |   695M | 105 |3040 |  13k|  14k|  62k|  0 |  14k|  11k| 2.490548e+05 | 2.519851e+05 |   1.18%|  32.56%
  237m| 18600 |  1838 | 17443k| 842.7 |   695M | 105 |3040 |  13k|   0 |  62k|  0 |  14k|  11k| 2.490550e+05 | 2.519851e+05 |   1.18%|  32.56%
  238m| 18700 |  1858 | 17536k| 843.1 |   696M | 105 |3040 |  13k|  14k|  63k|  1 |  15k|  11k| 2.490556e+05 | 2.519851e+05 |   1.18%|  32.57%

SCIP Status        : solving was interrupted [time limit reached]
Solving Time (sec) : 14400.00
Solving Nodes      : 18796 (total of 19804 nodes in 2 runs)
Primal Bound       : +2.51985058000000e+05 (93 solutions)
Dual Bound         : +2.49058460021406e+05
Gap                : 1.18 %

primal solution (original space):
=================================

objective value:                           251985.058
z#0                                                 1 	(obj:0)
z#1                                                 1 	(obj:0)
z#5                                                 1 	(obj:0)
z#33                                                1 	(obj:0)
z#35                                                1 	(obj:0)
z#40                                                1 	(obj:0)
z#44                                                1 	(obj:0)
z#45                                                1 	(obj:0)
z#56                                                1 	(obj:0)
z#69                                                1 	(obj:0)
z#83                                                1 	(obj:0)
z#91                                                1 	(obj:0)
z#96                                                1 	(obj:0)
z#107                                               1 	(obj:0)
z#118                                               1 	(obj:0)
z#119                                               1 	(obj:0)
z#121                                               1 	(obj:0)
z#127                                               1 	(obj:0)
z#138                                               1 	(obj:0)
z#140                                               1 	(obj:0)
z#142                                               1 	(obj:0)
z#144                                               1 	(obj:0)
z#146                                               1 	(obj:0)
z#152                                               1 	(obj:0)
z#154                                               1 	(obj:0)
z#169                                               1 	(obj:0)
z#170                                               1 	(obj:0)
z#174                                               1 	(obj:0)
z#183                                               1 	(obj:0)
z#189                                               1 	(obj:0)
z#190                                               1 	(obj:0)
z#200                                               1 	(obj:0)
z#211                                               1 	(obj:0)
z#212                                               1 	(obj:0)
z#213                                               1 	(obj:0)
z#215                                               1 	(obj:0)
z#234                                               1 	(obj:0)
z#240                                               1 	(obj:0)
z#251                                               1 	(obj:0)
z#252                                               1 	(obj:0)
z#254                                               1 	(obj:0)
z#257                                               1 	(obj:0)
z#260                                               1 	(obj:0)
z#262                                               1 	(obj:0)
z#275                                               1 	(obj:0)
z#283                                               1 	(obj:0)
z#285                                               1 	(obj:0)
z#290                                               1 	(obj:0)
z#292                                               1 	(obj:0)
z#305                                               1 	(obj:0)
z#311                                               1 	(obj:0)
z#322                                               1 	(obj:0)
z#325                                               1 	(obj:0)
z#332                                               1 	(obj:0)
z#341                                               1 	(obj:0)
z#351                                               1 	(obj:0)
z#375                                               1 	(obj:0)
z#379                                               1 	(obj:0)
z#382                                               1 	(obj:0)
z#385                                               1 	(obj:0)
z#387                                               1 	(obj:0)
z#394                                               1 	(obj:0)
z#396                                               1 	(obj:0)
z#407                                               1 	(obj:0)
z#408                                               1 	(obj:0)
z#410                                               1 	(obj:0)
z#412                                               1 	(obj:0)
z#413                                               1 	(obj:0)
z#416                                               1 	(obj:0)
z#424                                               1 	(obj:0)
z#432                                               1 	(obj:0)
z#442                                               1 	(obj:0)
z#447                                               1 	(obj:0)
z#449                                               1 	(obj:0)
z#451                                               1 	(obj:0)
z#460                                               1 	(obj:0)
z#462                                               1 	(obj:0)
z#469                                               1 	(obj:0)
z#472                                               1 	(obj:0)
z#476                                               1 	(obj:0)
z#483                                               1 	(obj:0)
z#484                                               1 	(obj:0)
z#486                                               1 	(obj:0)
z#487                                               1 	(obj:0)
z#488                                               1 	(obj:0)
z#489                                               1 	(obj:0)
z#496                                               1 	(obj:0)
z#506                                               1 	(obj:0)
z#508                                               1 	(obj:0)
z#510                                               1 	(obj:0)
z#511                                               1 	(obj:0)
z#516                                               1 	(obj:0)
z#519                                               1 	(obj:0)
z#521                                               1 	(obj:0)
z#526                                               1 	(obj:0)
z#537                                               1 	(obj:0)
z#542                                               1 	(obj:0)
z#553                                               1 	(obj:0)
z#554                                               1 	(obj:0)
z#559                                               1 	(obj:0)
z#564                                               1 	(obj:0)
z#565                                               1 	(obj:0)
z#571                                               1 	(obj:0)
z#576                                               1 	(obj:0)
z#577                                               1 	(obj:0)
z#579                                               1 	(obj:0)
z#580                                               1 	(obj:0)
z#582                                               1 	(obj:0)
z#585                                               1 	(obj:0)
z#587                                               1 	(obj:0)
z#592                                               1 	(obj:0)
z#595                                               1 	(obj:0)
z#596                                               1 	(obj:0)
z#601                                               1 	(obj:0)
z#603                                               1 	(obj:0)
z#606                                               1 	(obj:0)
z#610                                               1 	(obj:0)
z#611                                               1 	(obj:0)
z#613                                               1 	(obj:0)
z#622                                               1 	(obj:0)
z#629                                               1 	(obj:0)
z#630                                               1 	(obj:0)
z#633                                               1 	(obj:0)
z#635                                               1 	(obj:0)
z#636                                               1 	(obj:0)
z#641                                               1 	(obj:0)
z#645                                               1 	(obj:0)
z#646                                               1 	(obj:0)
z#647                                               1 	(obj:0)
z#652                                               1 	(obj:0)
z#653                                               1 	(obj:0)
z#654                                               1 	(obj:0)
z#655                                               1 	(obj:0)
z#657                                               1 	(obj:0)
z#658                                               1 	(obj:0)
z#659                                               1 	(obj:0)
z#663                                               1 	(obj:0)
z#673                                               1 	(obj:0)
z#690                                               1 	(obj:0)
z#697                                               1 	(obj:0)
z#699                                               1 	(obj:0)
z#702                                               1 	(obj:0)
z#703                                               1 	(obj:0)
z#704                                               1 	(obj:0)
z#706                                               1 	(obj:0)
z#708                                               1 	(obj:0)
z#710                                               1 	(obj:0)
z#718                                               1 	(obj:0)
z#723                                               1 	(obj:0)
z#738                                               1 	(obj:0)
z#744                                               1 	(obj:0)
z#752                                               1 	(obj:0)
z#753                                               1 	(obj:0)
z#767                                               1 	(obj:0)
z#768                                               1 	(obj:0)
z#769                                               1 	(obj:0)
z#772                                               1 	(obj:0)
z#778                                               1 	(obj:0)
z#782                                               1 	(obj:0)
z#790                                               1 	(obj:0)
z#794                                               1 	(obj:0)
z#797                                               1 	(obj:0)
z#798                                               1 	(obj:0)
z#802                                               1 	(obj:0)
z#804                                               1 	(obj:0)
z#816                                1.00000000000003 	(obj:0)
z#820                                               1 	(obj:0)
z#821                                               1 	(obj:0)
z#823                                               1 	(obj:0)
z#833                                               1 	(obj:0)
z#834                                               1 	(obj:0)
z#835                                               1 	(obj:0)
z#841                                               1 	(obj:0)
z#848                                               1 	(obj:0)
z#849                                               1 	(obj:0)
z#851                                               1 	(obj:0)
z#864                                               1 	(obj:0)
z#866                                               1 	(obj:0)
z#867                                               1 	(obj:0)
z#876                                               1 	(obj:0)
z#881                                               1 	(obj:0)
z#884                                               1 	(obj:0)
z#885                                               1 	(obj:0)
z#892                                               1 	(obj:0)
z#905                                               1 	(obj:0)
z#909                                               1 	(obj:0)
z#911                                               1 	(obj:0)
z#912                                               1 	(obj:0)
z#913                                               1 	(obj:0)
z#917                                               1 	(obj:0)
z#927                                               1 	(obj:0)
z#929                                               1 	(obj:0)
z#931                                               1 	(obj:0)
z#942                                               1 	(obj:0)
z#943                                               1 	(obj:0)
z#946                                               1 	(obj:0)
z#947                                               1 	(obj:0)
z#956                                               1 	(obj:0)
z#960                                               1 	(obj:0)
z#961                                               1 	(obj:0)
z#962                                               1 	(obj:0)
z#966                                               1 	(obj:0)
z#969                                               1 	(obj:0)
z#970                                               1 	(obj:0)
z#978                                               1 	(obj:0)
z#983                                               1 	(obj:0)
z#989                                               1 	(obj:0)
z#994                                               1 	(obj:0)
z#1000                                              1 	(obj:0)
z#1003                                              1 	(obj:0)
z#1004                                              1 	(obj:0)
z#1006                                              1 	(obj:0)
z#1010                                              1 	(obj:0)
z#1025                                              1 	(obj:0)
z#1027                                              1 	(obj:0)
z#1028                                              1 	(obj:0)
z#1030                                              1 	(obj:0)
z#1037                                              1 	(obj:0)
z#1040                                              1 	(obj:0)
z#1047                                              1 	(obj:0)
z#1063                                              1 	(obj:0)
z#1065                                              1 	(obj:0)
z#1071                                              1 	(obj:0)
z#1075                                              1 	(obj:0)
z#1076                                              1 	(obj:0)
z#1079                                              1 	(obj:0)
z#1087                                              1 	(obj:0)
z#1088                                              1 	(obj:0)
z#1090                                              1 	(obj:0)
z#1098                                              1 	(obj:0)
z#1099                                              1 	(obj:0)
z#1103                                              1 	(obj:0)
z#1109                                              1 	(obj:0)
z#1113                                              1 	(obj:0)
z#1122                                              1 	(obj:0)
z#1124                                              1 	(obj:0)
z#1128                                              1 	(obj:0)
z#1130                                              1 	(obj:0)
z#1132                                              1 	(obj:0)
z#1141                                              1 	(obj:0)
z#1152                                              1 	(obj:0)
z#1153                                              1 	(obj:0)
z#1156                                              1 	(obj:0)
z#1157                                              1 	(obj:0)
z#1160                                              1 	(obj:0)
z#1168                                              1 	(obj:0)
z#1174                                              1 	(obj:0)
z#1175                                              1 	(obj:0)
z#1189                                              1 	(obj:0)
z#1193                                              1 	(obj:0)
z#1204                                              1 	(obj:0)
z#1206                                              1 	(obj:0)
z#1211                                              1 	(obj:0)
z#1212                                              1 	(obj:0)
z#1213                                              1 	(obj:0)
z#1217                                              1 	(obj:0)
z#1220                                              1 	(obj:0)
z#1243                                              1 	(obj:0)
z#1263                                              1 	(obj:0)
z#1268                                              1 	(obj:0)
z#1269                                              1 	(obj:0)
z#1274                                              1 	(obj:0)
z#1283                                              1 	(obj:0)
z#1290                                              1 	(obj:0)
z#1299                                              1 	(obj:0)
z#1301                                              1 	(obj:0)
z#1306                                              1 	(obj:0)
z#1314                                              1 	(obj:0)
z#1320                                              1 	(obj:0)
z#1322                                              1 	(obj:0)
z#1333                                              1 	(obj:0)
z#1334                                              1 	(obj:0)
z#1335                                              1 	(obj:0)
z#1337                                              1 	(obj:0)
z#1339                                              1 	(obj:0)
z#1345                                              1 	(obj:0)
z#1348                                              1 	(obj:0)
z#1353                                              1 	(obj:0)
z#1383                                              1 	(obj:0)
z#1385                                              1 	(obj:0)
z#1390                                              1 	(obj:0)
z#1398                                              1 	(obj:0)
z#1407                                              1 	(obj:0)
z#1409                                              1 	(obj:0)
z#1411                                              1 	(obj:0)
z#1412                                              1 	(obj:0)
z#1418                                              1 	(obj:0)
z#1423                                              1 	(obj:0)
z#1426                                              1 	(obj:0)
z#1431                                              1 	(obj:0)
z#1437                                              1 	(obj:0)
z#1441                                              1 	(obj:0)
z#1451                                              1 	(obj:0)
z#1452                                              1 	(obj:0)
z#1454                                              1 	(obj:0)
z#1455                                              1 	(obj:0)
z#1457                                              1 	(obj:0)
z#1466                                              1 	(obj:0)
z#1488                                              1 	(obj:0)
z#1490                                              1 	(obj:0)
z#1500                                              1 	(obj:0)
z#1501                                              1 	(obj:0)
z#1510                                              1 	(obj:0)
z#1517                                              1 	(obj:0)
z#1522                                              1 	(obj:0)
z#1526                                              1 	(obj:0)
z#1527                                              1 	(obj:0)
z#1533                                              1 	(obj:0)
z#1537                                              1 	(obj:0)
z#1546                                              1 	(obj:0)
z#1547                                              1 	(obj:0)
z#1551                                              1 	(obj:0)
z#1558                                              1 	(obj:0)
z#1559                                              1 	(obj:0)
z#1560                                              1 	(obj:0)
z#1561                                              1 	(obj:0)
z#1582                                              1 	(obj:0)
z#1584                                              1 	(obj:0)
z#1598                                              1 	(obj:0)
z#1599                                              1 	(obj:0)
z#1601                                              1 	(obj:0)
z#1609                                              1 	(obj:0)
z#1613                                              1 	(obj:0)
z#1619                                              1 	(obj:0)
z#1626                                              1 	(obj:0)
z#1627                                              1 	(obj:0)
z#1641                                              1 	(obj:0)
z#1642                                              1 	(obj:0)
z#1652                                              1 	(obj:0)
z#1662                                              1 	(obj:0)
z#1663                                              1 	(obj:0)
z#1666                                              1 	(obj:0)
z#1672                                              1 	(obj:0)
z#1678                                              1 	(obj:0)
z#1679                                              1 	(obj:0)
z#1688                                              1 	(obj:0)
z#1690                                              1 	(obj:0)
z#1693                                              1 	(obj:0)
z#1697                                              1 	(obj:0)
z#1702                                              1 	(obj:0)
z#1706                                              1 	(obj:0)
z#1708                                              1 	(obj:0)
z#1711                                              1 	(obj:0)
z#1721                                              1 	(obj:0)
z#1724                                              1 	(obj:0)
z#1729                                              1 	(obj:0)
z#1736                                              1 	(obj:0)
z#1740                                              1 	(obj:0)
z#1754                                              1 	(obj:0)
z#1765                                              1 	(obj:0)
z#1770                                              1 	(obj:0)
z#1776                                              1 	(obj:0)
z#1781                                              1 	(obj:0)
z#1783                                              1 	(obj:0)
z#1789                                              1 	(obj:0)
z#1793                                              1 	(obj:0)
z#1796                                              1 	(obj:0)
z#1797                                              1 	(obj:0)
z#1799                                              1 	(obj:0)
z#1800                                              1 	(obj:0)
z#1804                                              1 	(obj:0)
z#1809                                              1 	(obj:0)
z#1819                                              1 	(obj:0)
z#1823                                              1 	(obj:0)
z#1842                                              1 	(obj:0)
z#1850                                              1 	(obj:0)
z#1854                                              1 	(obj:0)
z#1860                                              1 	(obj:0)
z#1863                                              1 	(obj:0)
z#1864                                              1 	(obj:0)
z#1869                                              1 	(obj:0)
z#1877                                              1 	(obj:0)
z#1880                                              1 	(obj:0)
z#1882                                              1 	(obj:0)
z#1887                                              1 	(obj:0)
z#1888                                              1 	(obj:0)
z#1892                                              1 	(obj:0)
z#1893                                              1 	(obj:0)
z#1902                                              1 	(obj:0)
z#1909                                              1 	(obj:0)
z#1910                                              1 	(obj:0)
z#1921                                              1 	(obj:0)
z#1924                                              1 	(obj:0)
z#1925                                              1 	(obj:0)
z#1933                                              1 	(obj:0)
z#1936                                              1 	(obj:0)
z#1937                                              1 	(obj:0)
z#1947                                              1 	(obj:0)
z#1956                                              1 	(obj:0)
z#1963                                              1 	(obj:0)
z#1974                                              1 	(obj:0)
z#1976                                              1 	(obj:0)
z#1985                                              1 	(obj:0)
z#1989                                              1 	(obj:0)
z#1998                                              1 	(obj:0)
z#1999                                              1 	(obj:0)
z#2003                                              1 	(obj:0)
z#2005                                              1 	(obj:0)
z#2007                                              1 	(obj:0)
z#2009                                              1 	(obj:0)
z#2010                                              1 	(obj:0)
z#2013                                              1 	(obj:0)
z#2024                                              1 	(obj:0)
z#2028                                              1 	(obj:0)
z#2033                                              1 	(obj:0)
z#2044                                              1 	(obj:0)
z#2050                                              1 	(obj:0)
z#2060                                              1 	(obj:0)
z#2073                                              1 	(obj:0)
z#2077                                              1 	(obj:0)
z#2078                                              1 	(obj:0)
z#2085                                              1 	(obj:0)
z#2099                                              1 	(obj:0)
z#2105                                              1 	(obj:0)
z#2114                                              1 	(obj:0)
z#2119                                              1 	(obj:0)
z#2121                                              1 	(obj:0)
z#2129                                              1 	(obj:0)
z#2135                                              1 	(obj:0)
z#2136                                              1 	(obj:0)
z#2137                                              1 	(obj:0)
z#2138                                              1 	(obj:0)
z#2139                                              1 	(obj:0)
z#2141                                              1 	(obj:0)
z#2142                                              1 	(obj:0)
z#2144                                              1 	(obj:0)
z#2152                                              1 	(obj:0)
z#2161                                              1 	(obj:0)
z#2167                                              1 	(obj:0)
z#2170                                              1 	(obj:0)
z#2173                                              1 	(obj:0)
z#2177                                              1 	(obj:0)
z#2182                                              1 	(obj:0)
z#2186                                              1 	(obj:0)
z#2191                                              1 	(obj:0)
z#2199                                              1 	(obj:0)
z#2201                                              1 	(obj:0)
z#2202                                              1 	(obj:0)
z#2208                                              1 	(obj:0)
z#2211                                              1 	(obj:0)
z#2221                                              1 	(obj:0)
z#2232                                              1 	(obj:0)
z#2233                                              1 	(obj:0)
z#2238                                              1 	(obj:0)
z#2245                                              1 	(obj:0)
z#2266                                              1 	(obj:0)
z#2268                                              1 	(obj:0)
z#2270                                              1 	(obj:0)
z#2276                                              1 	(obj:0)
z#2288                                              1 	(obj:0)
z#2294                                              1 	(obj:0)
z#2295                                              1 	(obj:0)
z#2296                                              1 	(obj:0)
z#2298                                              1 	(obj:0)
z#2299                                              1 	(obj:0)
z#2311                                              1 	(obj:0)
z#2316                                              1 	(obj:0)
z#2318                                              1 	(obj:0)
z#2323                                              1 	(obj:0)
z#2335                                              1 	(obj:0)
z#2336                                              1 	(obj:0)
z#2337                                              1 	(obj:0)
z#2338                                              1 	(obj:0)
z#2341                                              1 	(obj:0)
z#2346                                              1 	(obj:0)
z#2353                                              1 	(obj:0)
z#2354                                              1 	(obj:0)
z#2362                                              1 	(obj:0)
z#2363                                              1 	(obj:0)
z#2373                                              1 	(obj:0)
z#2377                                              1 	(obj:0)
z#2384                                              1 	(obj:0)
z#2392                                              1 	(obj:0)
z#2399                                              1 	(obj:0)
z#2400                                              1 	(obj:0)
z#2407                                              1 	(obj:0)
z#2430                                              1 	(obj:0)
z#2431                                              1 	(obj:0)
z#2432                                              1 	(obj:0)
z#2440                                              1 	(obj:0)
z#2441                                              1 	(obj:0)
z#2443                                              1 	(obj:0)
z#2454                                              1 	(obj:0)
z#2459                                              1 	(obj:0)
z#2462                                              1 	(obj:0)
z#2470                                              1 	(obj:0)
z#2474                                              1 	(obj:0)
z#2492                                              1 	(obj:0)
z#2500                                              1 	(obj:0)
z#2504                                              1 	(obj:0)
z#2509                                              1 	(obj:0)
z#2517                                              1 	(obj:0)
z#2520                                              1 	(obj:0)
z#2522                                              1 	(obj:0)
z#2527                                              1 	(obj:0)
z#2528                                              1 	(obj:0)
z#2539                                              1 	(obj:0)
z#2550                                              1 	(obj:0)
z#2551                                              1 	(obj:0)
z#2553                               1.00000000001921 	(obj:0)
z#2562                                              1 	(obj:0)
z#2565                                              1 	(obj:0)
z#2570                                              1 	(obj:0)
z#2582                                              1 	(obj:0)
z#2592                                              1 	(obj:0)
z#2602                                              1 	(obj:0)
z#2605                                              1 	(obj:0)
z#2613                                              1 	(obj:0)
z#2616                                              1 	(obj:0)
z#2618                                              1 	(obj:0)
z#2619                                              1 	(obj:0)
z#2623                                              1 	(obj:0)
z#2630                                              1 	(obj:0)
z#2634                                              1 	(obj:0)
z#2643                                              1 	(obj:0)
z#2644                                              1 	(obj:0)
z#2649                                              1 	(obj:0)
z#2657                                              1 	(obj:0)
z#2662                                              1 	(obj:0)
z#2664                                              1 	(obj:0)
z#2668                                              1 	(obj:0)
z#2673                                              1 	(obj:0)
z#2677                                              1 	(obj:0)
z#2679                                              1 	(obj:0)
z#2686                                              1 	(obj:0)
z#2692                                              1 	(obj:0)
z#2706                                              1 	(obj:0)
z#2711                                              1 	(obj:0)
z#2713                                              1 	(obj:0)
z#2716                                              1 	(obj:0)
z#2717                                              1 	(obj:0)
z#2726                                              1 	(obj:0)
z#2729                                              1 	(obj:0)
z#2730                                              1 	(obj:0)
z#2734                                              1 	(obj:0)
z#2741                                              1 	(obj:0)
z#2743                                              1 	(obj:0)
z#2745                                              1 	(obj:0)
z#2760                                              1 	(obj:0)
z#2769                                              1 	(obj:0)
z#2770                                              1 	(obj:0)
z#2773                                              1 	(obj:0)
z#2781                                              1 	(obj:0)
z#2787                                              1 	(obj:0)
z#2789                                              1 	(obj:0)
z#2790                                              1 	(obj:0)
z#2802                                              1 	(obj:0)
z#2811                                              1 	(obj:0)
z#2813                                              1 	(obj:0)
z#2815                                              1 	(obj:0)
z#2825                                              1 	(obj:0)
z#2829                                              1 	(obj:0)
z#2830                                              1 	(obj:0)
z#2833                                              1 	(obj:0)
z#2834                                              1 	(obj:0)
z#2836                                              1 	(obj:0)
z#2838                                              1 	(obj:0)
z#2839                                              1 	(obj:0)
z#2840                                              1 	(obj:0)
z#2843                                              1 	(obj:0)
z#2844                                              1 	(obj:0)
z#2848                                              1 	(obj:0)
z#2858                                              1 	(obj:0)
z#2859                                              1 	(obj:0)
z#2863                                              1 	(obj:0)
z#2865                                              1 	(obj:0)
z#2872                                              1 	(obj:0)
z#2874                                              1 	(obj:0)
z#2876                                              1 	(obj:0)
z#2883                                              1 	(obj:0)
z#2889                                              1 	(obj:0)
z#2890                                              1 	(obj:0)
z#2895                                              1 	(obj:0)
z#2908                                              1 	(obj:0)
z#2909                                              1 	(obj:0)
z#2910                                              1 	(obj:0)
z#2914                                              1 	(obj:0)
z#2921                                              1 	(obj:0)
z#2922                                              1 	(obj:0)
z#2924                                              1 	(obj:0)
z#2926                                              1 	(obj:0)
z#2928                                              1 	(obj:0)
z#2929                                              1 	(obj:0)
z#2930                                              1 	(obj:0)
z#2931                                              1 	(obj:0)
z#2934                                              1 	(obj:0)
z#2937                                              1 	(obj:0)
z#2938                                              1 	(obj:0)
z#2940                                              1 	(obj:0)
z#2942                                              1 	(obj:0)
z#2948                                              1 	(obj:0)
z#2955                                              1 	(obj:0)
z#2964                                              1 	(obj:0)
z#2965                                              1 	(obj:0)
z#2967                                              1 	(obj:0)
z#2968                                              1 	(obj:0)
z#2978                                              1 	(obj:0)
z#2989                                              1 	(obj:0)
z#2997                                              1 	(obj:0)
z#2998                                              1 	(obj:0)
x#0                                  437.252999999995 	(obj:299)
x#2                                  27.3260000000241 	(obj:208)
x#4                                  16.5449999999604 	(obj:126)
x#5                                  41.3220000000157 	(obj:160)
x#10                                 61.9640000000049 	(obj:153)
x#11                                 435.025999999979 	(obj:144)
y#0                                  56.7470000000048 	(obj:186)
y#1                                            82.453 	(obj:105)
y#14                                 104.035000000015 	(obj:114)
y#17                                 32.7649999999846 	(obj:112)
u#0                                  437.252999999995 	(obj:0)
u#1                                  437.252999999995 	(obj:0)
u#2                                  464.579000000019 	(obj:0)
u#3                                  464.579000000019 	(obj:0)
u#4                                   481.12399999998 	(obj:0)
u#5                                  522.445999999995 	(obj:0)
u#6                                  522.445999999995 	(obj:0)
u#7                                  522.445999999995 	(obj:0)
u#8                                  522.445999999995 	(obj:0)
u#9                                  522.445999999995 	(obj:0)
u#10                                           584.41 	(obj:0)
u#11                                 1019.43599999998 	(obj:0)
u#12                                 1019.43599999998 	(obj:0)
u#13                                 1019.43599999998 	(obj:0)
u#14                                 1019.43599999998 	(obj:0)
u#15                                 582.182999999985 	(obj:0)
u#16                                 582.182999999985 	(obj:0)
u#17                                  554.85699999996 	(obj:0)
u#18                                  554.85699999996 	(obj:0)
u#19                                          538.312 	(obj:0)
v#0                                  56.7470000000048 	(obj:0)
v#1                                  139.200000000005 	(obj:0)
v#2                                  139.200000000005 	(obj:0)
v#3                                  139.200000000005 	(obj:0)
v#4                                  139.200000000005 	(obj:0)
v#5                                  139.200000000005 	(obj:0)
v#6                                  139.200000000005 	(obj:0)
v#7                                  139.200000000005 	(obj:0)
v#8                                  139.200000000005 	(obj:0)
v#9                                  139.200000000005 	(obj:0)
v#10                                           82.453 	(obj:0)
v#14                                 104.035000000015 	(obj:0)
v#15                                 104.035000000015 	(obj:0)
v#16                                 104.035000000015 	(obj:0)
v#17                                            136.8 	(obj:0)
v#18                                            136.8 	(obj:0)
v#19                                            136.8 	(obj:0)
w#0                                               494 	(obj:0)
w#1                                           576.453 	(obj:0)
w#2                                  603.779000000024 	(obj:0)
w#3                                  603.779000000024 	(obj:0)
w#4                                  620.323999999984 	(obj:0)
w#5                                           661.646 	(obj:0)
w#6                                           661.646 	(obj:0)
w#7                                           661.646 	(obj:0)
w#8                                           661.646 	(obj:0)
w#9                                           661.646 	(obj:0)
w#10                                          666.863 	(obj:0)
w#11                                 1019.43599999998 	(obj:0)
w#12                                 1019.43599999998 	(obj:0)
w#13                                 1019.43599999998 	(obj:0)
w#14                                         1123.471 	(obj:0)
w#15                                          686.218 	(obj:0)
w#16                                          686.218 	(obj:0)
w#17                                  691.65699999996 	(obj:0)
w#18                                  691.65699999996 	(obj:0)
w#19                                          675.112 	(obj:0)

Statistics
==========

SCIP Status        : solving was interrupted [time limit reached]
Total Time         :   14400.23
  solving          :   14400.00
  presolving       :       0.43 (included in solving)
  reading          :       0.23
  copying          :       0.91 (42 #copies) (minimal 0.02, maximal 0.02, average 0.02)
Original Problem   :
  Problem name     : CCMPPData/20-3000-4
  Variables        : 3100 (3000 binary, 0 integer, 0 implicit integer, 100 continuous)
  Constraints      : 12082 initial, 12082 maximal
  Objective        : minimize, 40 non-zeros (abs.min = 104, abs.max = 299)
Presolved Problem  :
  Problem name     : t_CCMPPData/20-3000-4
  Variables        : 3040 (2968 binary, 0 integer, 0 implicit integer, 72 continuous)
  Constraints      : 12836 initial, 14259 maximal
  Objective        : minimize, 39 non-zeros (abs.min = 1, abs.max = 299)
  Nonzeros         : 50995 constraint, 0 clique table
Presolvers         :   ExecTime  SetupTime  Calls  FixedVars   AggrVars   ChgTypes  ChgBounds   AddHoles    DelCons    AddCons   ChgSides   ChgCoefs
  boundshift       :       0.00       0.00      0          0          0          0          0          0          0          0          0          0
  convertinttobin  :       0.00       0.00      0          0          0          0          0          0          0          0          0          0
  domcol           :       0.05       0.00      2          0          0          0          0          0          0          0          0          0
  dualagg          :       0.00       0.00      0          0          0          0          0          0          0          0          0          0
  dualcomp         :       0.02       0.00      2          0          0          0          0          0          0          0          0          0
  dualinfer        :       0.00       0.00      0          0          0          0          0          0          0          0          0          0
  dualsparsify     :       0.02       0.00      1          0          0          0          0          0          0          0          0          0
  gateextraction   :       0.00       0.00      0          0          0          0          0          0          0          0          0          0
  implics          :       0.00       0.00      4          0          0          0          0          0          0          0          0          0
  inttobinary      :       0.00       0.00      0          0          0          0          0          0          0          0          0          0
  milp             :       0.05       0.00      1          1         22          0          6          0          0          0          0          0
  qpkktref         :       0.00       0.00      0          0          0          0          0          0          0          0          0          0
  redvub           :       0.00       0.00      0          0          0          0          0          0          0          0          0          0
  sparsify         :       0.01       0.00      1          0          0          0          0          0          0          0          0          0
  stuffing         :       0.00       0.00      0          0          0          0          0          0          0          0          0          0
  trivial          :       0.00       0.00      6          0          0          0          0          0          0          0          0          0
  tworowbnd        :       0.00       0.00      0          0          0          0          0          0          0          0          0          0
  dualfix          :       0.00       0.00      6         32          0          0          0          0          0          0          0          0
  genvbounds       :       0.00       0.00      0          0          0          0          0          0          0          0          0          0
  probing          :       0.20       0.00      1          0          0          0          0          0          0          0          0          0
  pseudoobj        :       0.00       0.00      1          0          0          0          0          0          0          0          0          0
  symmetry         :       0.00       0.00      1          0          0          0          0          0          0          0          0          0
  vbounds          :       0.00       0.00      0          0          0          0          0          0          0          0          0          0
  chancecons       :       0.00       0.00      0          0          0          0          0          0          0          0          0          0
  varbound         :       0.01       0.00      4          0          0          0          0          0          0          0          0          0
  knapsack         :       0.00       0.00      3          0          0          0          0          0          0          0          0          0
  linear           :       0.04       0.01      9          0          5          0         23          0         87          0          0          0
  logicor          :       0.00       0.00      3          0          0          0          0          0          0          0          0          0
  bounddisjunction :       0.00       0.00      1          0          0          0          0          0          0          0          0          0
  benders          :       0.00       0.00      0          0          0          0          0          0          0          0          0          0
  components       :       0.00       0.00      2          0          0          0          0          0          0          0          0          0
  root node        :          -          -      -          0          -          -        584          -          -          -          -          -
Constraints        :     Number  MaxNumber  #Separate #Propagate    #EnfoLP    #EnfoRelax  #EnfoPS    #Check   #ResProp    Cutoffs    DomReds       Cuts    Applied      Conss   Children
  benderslp        :          0          0          0          0      12421          0          0       2208          0          0          0          0          0          0          0
  chancecons       :          1          1       2461          0          0          0          0          0          0          0          0      12229      11084          0          0
  integral         :          0          0          0          0      12421          0          0       2208          0          0       4672          0          0       1991      22762
  varbound         :      11939      11939        202     339947          1          0          0       2202    3470268         82     987309          0          0          0          0
  knapsack         :          1          1        202     365777          1          0          0        126       2483       6057    2193743          0          0          0          0
  linear           :        799+       808        202     369263          2          0          0        122     120175       1734     856371        423        213          0          0
  logicor          :          3+       131         97      14367          0          0          0          0        444          1         86          0          0          0          0
  bounddisjunction :         93+      1435          0      46004          0          0          0          0       3129        344       2037          0          0          0          0
  benders          :          0          0          0          0          2          0          0        120          0          0          0          0          0          0          0
  fixedvar         :          0          0          0          0          2          0          0        120          0          0          0          0          0          0          0
  countsols        :          0          0          0          0          2          0          0        120          0          0          0          0          0          0          0
  components       :          0          0          0          0          0          0          0          0          0          0          0          0          0          0          0
Constraint Timings :  TotalTime  SetupTime   Separate  Propagate     EnfoLP     EnfoPS     EnfoRelax   Check    ResProp    SB-Prop
  benderslp        :       0.01       0.00       0.00       0.00       0.01       0.00       0.00       0.00       0.00       0.00
  chancecons       :       2.20       0.00       2.20       0.00       0.00       0.00       0.00       0.00       0.00       0.00
  integral         :    3321.60       0.00       0.00       0.00    3321.59       0.00       0.00       0.00       0.00       0.00
  varbound         :      19.03       0.00       0.23      10.16       0.00       0.00       0.00       0.27       0.29       8.08
  knapsack         :      24.20       0.00      15.88       7.27       0.00       0.00       0.00       0.00       0.10       0.95
  linear           :      13.15       0.01       0.71       7.77       0.00       0.00       0.00       0.00       0.09       4.58
  logicor          :       0.04       0.00       0.00       0.03       0.00       0.00       0.00       0.00       0.00       0.01
  bounddisjunction :       1.85       0.00       0.00       1.29       0.00       0.00       0.00       0.00       0.01       0.55
  benders          :       0.00       0.00       0.00       0.00       0.00       0.00       0.00       0.00       0.00       0.00
  fixedvar         :       0.00       0.00       0.00       0.00       0.00       0.00       0.00       0.00       0.00       0.00
  countsols        :       0.00       0.00       0.00       0.00       0.00       0.00       0.00       0.00       0.00       0.00
  components       :       0.03       0.00       0.00       0.02       0.00       0.00       0.00       0.00       0.00       0.01
Propagators        : #Propagate   #ResProp    Cutoffs    DomReds
  dualfix          :          9          0          0          0
  genvbounds       :          0          0          0          0
  nlobbt           :          0          0          0          0
  obbt             :          0          0          0          0
  probing          :          0          0          0          0
  pseudoobj        :      72131          0          0         87
  redcost          :      32610          0          0    3071803
  rootredcost      :         26          0          0        208
  symmetry         :          0          0          0          0
  vbounds          :     195796          0          0          0
Propagator Timings :  TotalTime  SetupTime   Presolve  Propagate    ResProp    SB-Prop
  dualfix          :       0.00       0.00       0.00       0.00       0.00       0.00
  genvbounds       :       0.05       0.00       0.00       0.03       0.00       0.02
  nlobbt           :       0.00       0.00       0.00       0.00       0.00       0.00
  obbt             :       0.00       0.00       0.00       0.00       0.00       0.00
  probing          :       0.20       0.00       0.20       0.00       0.00       0.00
  pseudoobj        :       0.24       0.00       0.00       0.23       0.00       0.01
  redcost          :       5.88       0.00       0.00       5.87       0.00       0.01
  rootredcost      :       0.06       0.00       0.00       0.04       0.00       0.01
  symmetry         :       0.07       0.00       0.00       0.05       0.00       0.03
  vbounds          :       0.88       0.00       0.00       0.81       0.00       0.07
Symmetry           :
  orbitopal red.   :          0 reductions applied,          0 cutoffs
  orbital reduction:          0 reductions applied,          0 cutoffs
  lexicographic red:          0 reductions applied,          0 cutoffs
  shadow tree time :       0.00 s
Conflict Analysis  :       Time      Calls    Success    DomReds  Conflicts   Literals    Reconvs ReconvLits   Dualrays   Nonzeros   LP Iters   (pool size: [10000,10000])
  propagation      :       2.16       6485       6318          -      44211      318.6       1444        5.3          -          -          -
  infeasible LP    :       0.00          2          2          -          2        2.0          1        6.0          2        2.0          0
  bound exceed. LP :       6.24       2172        298          -       1057      357.6          8        9.4        119       12.9      13335
  strong branching :       0.00          0          0          -          0        0.0          0        0.0          -          -          0
  pseudo solution  :       0.00          0          0          -          0        0.0          0        0.0          -          -          -
  applied globally :       0.40          -          -         78      14854      145.1          -          -        121          -          -
  applied locally  :          -          -          -          0        134      529.7          -          -          0          -          -
Separators         :   ExecTime  SetupTime      Calls  RootCalls    Cutoffs    DomReds  FoundCuts ViaPoolAdd  DirectAdd    Applied ViaPoolApp  DirectApp      Conss
  cut pool         :       3.45          -       3882        403          -          -     139133     829810          -          -          -          -          -    (maximal pool size:      45896)
  aggregation      :       6.82       0.00        625        202          0          0     126018     632364          3      34874      34872          2          0
  > cmir           :          -          -          -          -          -          -          -     632364          3      34874      34872          2          -
  > flowcover      :          -          -          -          -          -          -          -          0          0          0          0          0          -
  > knapsackcover  :          -          -          -          -          -          -          -          0          0          0          0          0          -
  cgmip            :       0.00       0.00          0          0          0          0          0          0          0          0          0          0          0
  clique           :       0.00       0.00          2          2          0          0          0          0          0          0          0          0          0
  closecuts        :       0.00       0.00          0          0          0          0          0          0          0          0          0          0          0
  convexproj       :       0.00       0.00          0          0          0          0          0          0          0          0          0          0          0
  disjunctive      :       0.00       0.00          0          0          0          0          0          0          0          0          0          0          0
  eccuts           :       0.00       0.00          0          0          0          0          0          0          0          0          0          0          0
  gauge            :       0.00       0.00          0          0          0          0          0          0          0          0          0          0          0
  gomory           :      14.67       0.00        417         20          0          0      13118     197446          0      25673      25673          0          0
  > gomorymi       :          -          -          -          -          -          -          -     197446          0      25673      25673          0          -
  > strongcg       :          -          -          -          -          -          -          -          0          0          0          0          0          -
  impliedbounds    :       0.14       0.00        625        202          0          0          0          0          0          0          0          0          0
  interminor       :       0.00       0.00          0          0          0          0          0          0          0          0          0          0          0
  intobj           :       0.00       0.00          0          0          0          0          0          0          0          0          0          0          0
  lagromory        :       0.00       0.00          0          0          0          0          0          0          0          0          0          0          0
  mcf              :       0.00       0.00          2          2          0          0          0          0          0          0          0          0          0
  minor            :       0.00       0.00         20         20          0          0          0          0          0          0          0          0          0
  mixing           :       0.00       0.00          0          0          0          0          0          0          0          0          0          0          0
  oddcycle         :       0.00       0.00          0          0          0          0          0          0          0          0          0          0          0
  rapidlearning    :       0.00       0.00          0          0          0          0          0          0          0          0          0          0          0
  rlt              :       0.00       0.00         20         20          0          0          0          0          0          0          0          0          0
  zerohalf         :       0.60       0.00        437         40          0          0          0          0          0          0          0          0          0
Cutselectors       :   ExecTime  SetupTime      Calls  RootCalls   Selected     Forced   Filtered  RootSelec   RootForc   RootFilt 
  hybrid           :       1.51       0.00       3317        203      71844          0     770621       9800          0     195276
  ensemble         :       0.00       0.00          0          0          0          0          0          0          0          0
  dynamic          :       0.00       0.00          0          0          0          0          0          0          0          0
Pricers            :   ExecTime  SetupTime      Calls       Vars
  problem variables:       0.00          -          0          0
Branching Rules    :   ExecTime  SetupTime   BranchLP  BranchExt   BranchPS    Cutoffs    DomReds       Cuts      Conss   Children
  allfullstrong    :       0.00       0.00          0          0          0          0          0          0          0          0
  cloud            :       0.00       0.00          0          0          0          0          0          0          0          0
  distribution     :       0.00       0.00          0          0          0          0          0          0          0          0
  fullstrong       :       0.00       0.00          0          0          0          0          0          0          0          0
  gomory           :       0.00       0.00          0          0          0          0          0          0          0          0
  inference        :       0.00       0.00          0          0          0          0          0          0          0          0
  leastinf         :       0.00       0.00          0          0          0          0          0          0          0          0
  lookahead        :       0.00       0.00          0          0          0          0          0          0          0          0
  mostinf          :       0.00       0.00          0          0          0          0          0          0          0          0
  multaggr         :       0.00       0.00          0          0          0          0          0          0          0          0
  nodereopt        :       0.00       0.00          0          0          0          0          0          0          0          0
  pscost           :       0.00       0.00          0          0          0          0          0          0          0          0
  random           :       0.00       0.00          0          0          0          0          0          0          0          0
  relpscost        :    3321.57       0.00      12419          0          0          0       4672          0       2883      22762
  vanillafullstrong:       0.00       0.00          0          0          0          0          0          0          0          0
Primal Heuristics  :   ExecTime  SetupTime      Calls      Found       Best
  LP solutions     :       0.00          -          -          2          2
  relax solutions  :       0.00          -          -          0          0
  pseudo solutions :       0.00          -          -          0          0
  strong branching :       0.05          -          -          0          0
  actconsdiving    :       0.00       0.00          0          0          0
  adaptivediving   :     104.40       0.00        106          3          3
  alns             :       0.27       0.00          5          0          0
  bound            :       0.00       0.00          0          0          0
  clique           :       0.00       0.00          0          0          0
  coefdiving       :       0.00       0.00          0          0          0
  completesol      :       0.00       0.00          0          0          0
  conflictdiving   :      21.31       0.00         53          1          1
  crossover        :       2.22       0.00         19         11          4
  dins             :       0.00       0.00          0          0          0
  distributiondivin:      47.24       0.00         53          1          1
  dps              :       0.00       0.00          0          0          0
  dualval          :       0.00       0.00          0          0          0
  farkasdiving     :       0.00       0.00          0          0          0
  feaspump         :       7.54       0.00          1          1          1
  fixandinfer      :       0.00       0.00          0          0          0
  fracdiving       :      37.55       0.00         53          3          3
  gins             :       0.03       0.00          0          0          0
  guideddiving     :      52.13       0.00         54          0          0
  indicator        :       0.01       0.00          0          0          0
  indicatordiving  :       0.00       0.00          0          0          0
  intdiving        :       0.00       0.00          0          0          0
  intshifting      :       5.01       0.00         15          0          0
  linesearchdiving :      46.47       0.00         54          1          1
  localbranching   :       0.00       0.00          0          0          0
  locks            :       0.05       0.00          1          1          1
  lpface           :       0.01       0.00          0          0          0
  mpec             :       0.00       0.00          0          0          0
  multistart       :       0.00       0.00          0          0          0
  mutation         :       0.00       0.00          0          0          0
  nlpdiving        :       0.00       0.00          0          0          0
  objpscostdiving  :     131.04       0.00         27         23          0
  octane           :       0.00       0.00          0          0          0
  ofins            :       0.01       0.00          0          0          0
  oneopt           :       0.06       0.00         25          0          0
  padm             :       0.00       0.00          0          0          0
  proximity        :       0.00       0.00          0          0          0
  pscostdiving     :      65.48       0.00         54          2          2
  randrounding     :       2.96       0.00       2172          0          0
  rens             :       0.00       0.00          0          0          0
  reoptsols        :       0.00       0.00          0          0          0
  repair           :       0.00       0.00          0          0          0
  rins             :       8.96       0.00         18         14          4
  rootsoldiving    :      16.04       0.00         27         27          0
  rounding         :       4.53       0.00       5709          1          1
  scheduler        :       0.00       0.00          0          0          0
  shiftandpropagate:       0.00       0.00          0          0          0
  shifting         :      19.94       0.00        882          0          0
  simplerounding   :       0.02       0.00          0          0          0
  subnlp           :       0.02       0.00          0          0          0
  trivial          :       0.01       0.00          4          0          0
  trivialnegation  :       0.00       0.00          0          0          0
  trustregion      :       0.00       0.00          0          0          0
  trysol           :       0.01       0.00          0          0          0
  twoopt           :       0.00       0.00          0          0          0
  undercover       :       0.00       0.00          0          0          0
  vbounds          :       0.03       0.00          2          0          0
  veclendiving     :       7.28       0.00         53          0          0
  zeroobj          :       0.00       0.00          0          0          0
  zirounding       :       0.61       0.00       1000          2          2
  other solutions  :          -          -          -          0          -
LNS (Scheduler)    :      Calls  SetupTime  SolveTime SolveNodes       Sols       Best       Exp3    Exp3-IX  EpsGreedy        UCB TgtFixRate  Opt  Inf Node Stal  Sol  Usr Othr Actv
  rens             :          0       0.00       0.00          0          0          0    0.00000    0.12500   -1.00000    1.00000      0.900    0    0    0    0    0    0    0    1
  rins             :          0       0.00       0.00          0          0          0    0.00000    0.12500   -1.00000    1.00000      0.900    0    0    0    0    0    0    0    1
  mutation         :          0       0.00       0.00          0          0          0    0.00000    0.12500   -1.00000    1.00000      0.900    0    0    0    0    0    0    0    1
  localbranching   :          0       0.00       0.00          0          0          0    0.00000    0.12500   -1.00000    1.00000      0.900    0    0    0    0    0    0    0    1
  crossover        :          0       0.00       0.00          0          0          0    0.00000    0.12500   -1.00000    1.00000      0.900    0    0    0    0    0    0    0    1
  proximity        :          0       0.00       0.00          0          0          0    0.00000    0.12500   -1.00000    1.00000      0.900    0    0    0    0    0    0    0    1
  zeroobjective    :          0       0.00       0.00          0          0          0    0.00000    0.12500   -1.00000    1.00000      0.900    0    0    0    0    0    0    0    1
  dins             :          0       0.00       0.00          0          0          0    0.00000    0.12500   -1.00000    1.00000      0.900    0    0    0    0    0    0    0    1
  trustregion      :          0       0.00       0.00          0          0          0    0.00000    0.00000   -1.00000    1.00000      0.900    0    0    0    0    0    0    0    0
LP                 :       Time      Calls Iterations  Iter/call   Iter/sec  Time-0-It Calls-0-It    ItLimit
  primal LP        :      34.98       2091          0       0.00       0.00      34.98       2091
  dual LP          :   10339.22      22900   16319124     809.28    1578.37       4.35       2735
  lex dual LP      :       0.00          0          0       0.00          -
  barrier LP       :       0.00          0          0       0.00          -       0.00          0
  resolve instable :       0.00          0          0       0.00          -
  diving/probing LP:     554.68       5425    1375904     253.62    2480.54
  strong branching :    3228.86      11932    4764299     399.29    1475.53          -          -       6881
    (at root node) :          -         74      71129     961.20          -
  conflict analysis:       4.46       1373      13335       9.71    2990.40
B&B Tree           :
  number of runs   :          2
  nodes            :      18796 (10605 internal, 8191 leaves)
  feasible leaves  :          1
  infeas. leaves   :       4362
  objective leaves :       3827
  nodes (total)    :      19804 (11381 internal, 8423 leaves)
  nodes left       :       1851
  max depth        :        105
  max depth (total):        105
  backtracks       :       3279 (17.4%)
  early backtracks :          0 (0.0%)
  nodes exc. ref.  :          0 (0.0%)
  delayed cutoffs  :         17
  repropagations   :       4296 (16647 domain reductions, 8 cutoffs)
  avg switch length:       6.07
  switching time   :      40.33
Root Node          :
  First LP value   : +2.41554453318864e+05
  First LP Iters   :       4248 (5167.05 Iter/sec)
  First LP Time    :       0.82
  Final Dual Bound : +2.48611434700784e+05
  Final Root Iters :     920541
  Root LP Estimate : +2.58542390975137e+05
Solution           :
  Solutions found  :         93 (26 improvements)
  First Solution   : +2.60075858000000e+05   (in run 1, after 1 nodes, 0.44 seconds, depth 601, found by <locks>)
  Gap First Sol.   :   infinite
  Gap Last Sol.    :       1.18 %
  Primal Bound     : +2.51985058000000e+05   (in run 2, after 16561 nodes, 13166.92 seconds, depth 30, found by <crossover>)
  Dual Bound       : +2.49058460021406e+05
  Gap              :       1.18 %
Integrals          :      Total       Avg%
  primal-dual      :   21329.38       1.48
  primal-ref       :          -          - (not evaluated)
  dual-ref         :          -          - (not evaluated)

 Branching Statistics...

 Total number of propagations -> 0

 Number of cutoffs of KnaCons -> 0

 Total number of variables fixed to 1 by the propagator -> 0

 Total number of variables fixed to 0 by the propagator -> 0

 Maximum number of rounds of the approximation algorithm -> 0

 Runtime of the exact algorithm -> 0.0000 s

 Total number of variables fixed to 1 in the exact algorithm -> 0

 Total number of variables fixed to 0 in the exact algorithm -> 0

 Number of cutoffs in the exact algorithm -> 0

 Number of cutoffs in the approximation algorithm -> 0

 PS:  
