***************************************
*         SCIP-based CCP Solver       *
*                                     *
*    Wei Lv and Wei-Kun Chen (2024)   *
***************************************
/beegfs/home/30150120/SCIP-CCP/build/ccp -f data/CCMPPData/30-2000-0.ccmpp -s settings/CCMPPSetting/BASE1.set 
SCIP version 9.1.0 [precision: 8 byte] [memory: block] [mode: optimized] [LP solver: Soplex 7.1.0] [GitHash: 8cab0278ba]
Copyright (c) 2002-2024 Zuse Institute Berlin (ZIB)

External libraries: 
  Soplex 7.1.0         Linear Programming Solver developed at Zuse Institute Berlin (soplex.zib.de) [GitHash: 595bfac9]
  CppAD 20180000.0     Algorithmic Differentiation of C++ algorithms developed by B. Bell (github.com/coin-or/CppAD)
  ZLIB 1.2.7           General purpose compression library by J. Gailly and M. Adler (zlib.net)
  GMP 6.2.1            GNU Multiple Precision Arithmetic Library developed by T. Granlund (gmplib.org)
  AMPL/MP 690e9e7      AMPL .nl file reader library (github.com/ampl/mp)
  PaPILO 2.3.0         parallel presolve for integer and linear optimization (github.com/scipopt/papilo) (built with TBB) [GitHash: 4b8ce6ed]
  Nauty 2.8.8          Computing Graph Automorphism Groups by Brendan D. McKay (users.cecs.anu.edu.au/~bdm/nauty)
  sassy 1.1            Symmetry preprocessor by Markus Anders (github.com/markusa4/sassy)

reading user parameter file <settings/CCMPPSetting/BASE1.set>

read problem <data/CCMPPData/30-2000-0.ccmpp>
============

File name: 	data/CCMPPData/30-2000-0.ccmpp
Problem name:	CCMPPData/30-2000-0
Dimension: 	30
NumScenario: 	2000
ConfidenceParameter: 	0.10
IsEqualProbability: 	1
BASE+DI: 	0
BASE+sDI: 	0
BASE+DB: 	0
BASE+DB+OPF: 	0
Dominance and Aggregation Statistics......
NumEdge:        0
NumBiEdge: 	0
NumDomIneqs: 	0
DominanceRatio: 0.0000
NumAggScenario: 2000 
BasicNumScenario: 1912 
original problem has 2150 variables (2000 bin, 0 int, 0 impl, 150 cont) and 6122 constraints

solve problem
=============

presolving:
(round 1, fast)       92 del vars, 79 del conss, 0 add conss, 30 chg bounds, 0 chg sides, 0 chg coeffs, 0 upgd conss, 0 impls, 0 clqs
   (0.0s) running MILP presolver
   (0.0s) MILP presolver (3 rounds): 32 aggregations, 2 fixings, 11 bound changes
(round 2, medium)     126 del vars, 79 del conss, 0 add conss, 41 chg bounds, 0 chg sides, 0 chg coeffs, 0 upgd conss, 0 impls, 0 clqs
(round 3, fast)       126 del vars, 111 del conss, 0 add conss, 41 chg bounds, 0 chg sides, 0 chg coeffs, 0 upgd conss, 0 impls, 0 clqs
(round 4, exhaustive) 126 del vars, 111 del conss, 0 add conss, 41 chg bounds, 0 chg sides, 0 chg coeffs, 5925 upgd conss, 0 impls, 0 clqs
   (0.2s) probing: 1000/1912 (52.3%) - 0 fixings, 0 aggregations, 156 implications, 0 bound changes
   (0.2s) probing: 1001/1912 (52.4%) - 0 fixings, 0 aggregations, 156 implications, 0 bound changes
   (0.2s) probing aborted: 1000/1000 successive useless probings
   (0.2s) symmetry computation started: requiring (bin +, int +, cont +), (fixed: bin -, int -, cont -)
   Symmetry detection interrupted: constraints of type chancecons do not provide symmetry information.
   If symmetries shall be detected, implement the CONSGETPERMSYMGRAPH callback.
   (0.2s) could not compute symmetry
presolving (5 rounds: 5 fast, 3 medium, 2 exhaustive):
 126 deleted vars, 111 deleted constraints, 0 added constraints, 41 tightened bounds, 0 added holes, 0 changed sides, 0 changed coefficients
 6081 implications, 0 cliques
presolved problem has 2024 variables (1912 bin, 0 int, 0 impl, 112 cont) and 6011 constraints
      1 constraints of type <chancecons>
   5925 constraints of type <varbound>
      1 constraints of type <knapsack>
     84 constraints of type <linear>
Presolving Time: 0.18

 time | node  | left  |LP iter|LP it/n|mem/heur|mdpt |vars |cons |rows |cuts |sepa|confs|strbr|  dualbound   | primalbound  |  gap   | compl. 
p 0.2s|     1 |     0 |    59 |     - |   locks|   0 |2024 |6011 |6010 |   0 |  0 |   0 |   0 | 0.000000e+00 | 2.592827e+05 |    Inf | unknown
  0.4s|     1 |     0 |  2037 |     - |    43M |   0 |2024 |6011 |6010 |   0 |  0 |   0 |   0 | 2.514860e+05 | 2.592827e+05 |   3.10%| unknown
  0.5s|     1 |     0 |  2168 |     - |    45M |   0 |2024 |6011 |6049 |  39 |  1 |   0 |   0 | 2.517971e+05 | 2.592827e+05 |   2.97%| unknown
  0.5s|     1 |     0 |  2490 |     - |    45M |   0 |2024 |6011 |6114 | 104 |  2 |   0 |   0 | 2.521336e+05 | 2.592827e+05 |   2.84%| unknown
  0.6s|     1 |     0 |  2641 |     - |    46M |   0 |2024 |6011 |6146 | 136 |  3 |   0 |   0 | 2.522925e+05 | 2.592827e+05 |   2.77%| unknown
  0.7s|     1 |     0 |  2820 |     - |    47M |   0 |2024 |6011 |6211 | 201 |  4 |   0 |   0 | 2.524752e+05 | 2.592827e+05 |   2.70%| unknown
  0.8s|     1 |     0 |  3005 |     - |    49M |   0 |2024 |6011 |6249 | 239 |  5 |   0 |   0 | 2.526001e+05 | 2.592827e+05 |   2.65%| unknown
  0.8s|     1 |     0 |  3241 |     - |    51M |   0 |2024 |6011 |6326 | 316 |  6 |   0 |   0 | 2.527879e+05 | 2.592827e+05 |   2.57%| unknown
  0.9s|     1 |     0 |  3494 |     - |    52M |   0 |2024 |6011 |6407 | 397 |  7 |   0 |   0 | 2.530251e+05 | 2.592827e+05 |   2.47%| unknown
  1.0s|     1 |     0 |  3689 |     - |    53M |   0 |2024 |6011 |6467 | 457 |  8 |   0 |   0 | 2.531447e+05 | 2.592827e+05 |   2.42%| unknown
  1.1s|     1 |     0 |  3925 |     - |    54M |   0 |2024 |6011 |6534 | 524 |  9 |   0 |   0 | 2.532882e+05 | 2.592827e+05 |   2.37%| unknown
  1.2s|     1 |     0 |  4138 |     - |    56M |   0 |2024 |6011 |6595 | 585 | 10 |   0 |   0 | 2.534130e+05 | 2.592827e+05 |   2.32%| unknown
  1.3s|     1 |     0 |  4443 |     - |    57M |   0 |2024 |6011 |6638 | 628 | 11 |   0 |   0 | 2.534955e+05 | 2.592827e+05 |   2.28%| unknown
  1.3s|     1 |     0 |  4665 |     - |    58M |   0 |2024 |6011 |6701 | 691 | 12 |   0 |   0 | 2.535786e+05 | 2.592827e+05 |   2.25%| unknown
  1.4s|     1 |     0 |  4918 |     - |    60M |   0 |2024 |6011 |6755 | 745 | 13 |   0 |   0 | 2.536611e+05 | 2.592827e+05 |   2.22%| unknown
 time | node  | left  |LP iter|LP it/n|mem/heur|mdpt |vars |cons |rows |cuts |sepa|confs|strbr|  dualbound   | primalbound  |  gap   | compl. 
  1.5s|     1 |     0 |  5170 |     - |    61M |   0 |2024 |6011 |6801 | 818 | 14 |   0 |   0 | 2.537368e+05 | 2.592827e+05 |   2.19%| unknown
  1.6s|     1 |     0 |  5486 |     - |    62M |   0 |2024 |6011 |6864 | 881 | 15 |   0 |   0 | 2.538350e+05 | 2.592827e+05 |   2.15%| unknown
  1.7s|     1 |     0 |  5738 |     - |    64M |   0 |2024 |6011 |6941 | 958 | 16 |   0 |   0 | 2.538852e+05 | 2.592827e+05 |   2.13%| unknown
  1.8s|     1 |     0 |  6072 |     - |    66M |   0 |2024 |6011 |7005 |1022 | 17 |   0 |   0 | 2.539520e+05 | 2.592827e+05 |   2.10%| unknown
  1.9s|     1 |     0 |  6377 |     - |    67M |   0 |2024 |6011 |7074 |1091 | 18 |   0 |   0 | 2.540359e+05 | 2.592827e+05 |   2.07%| unknown
  2.0s|     1 |     0 |  6751 |     - |    69M |   0 |2024 |6011 |7129 |1146 | 19 |   0 |   0 | 2.541418e+05 | 2.592827e+05 |   2.02%| unknown
  2.1s|     1 |     0 |  7186 |     - |    70M |   0 |2024 |6011 |7071 |1210 | 20 |   0 |   0 | 2.542255e+05 | 2.592827e+05 |   1.99%| unknown
  2.3s|     1 |     0 |  7573 |     - |    70M |   0 |2024 |6011 |7146 |1285 | 21 |   0 |   0 | 2.542983e+05 | 2.592827e+05 |   1.96%| unknown
  2.4s|     1 |     0 |  7842 |     - |    70M |   0 |2024 |6011 |7202 |1341 | 22 |   0 |   0 | 2.543471e+05 | 2.592827e+05 |   1.94%| unknown
  2.5s|     1 |     0 |  8257 |     - |    72M |   0 |2024 |6011 |7270 |1409 | 23 |   0 |   0 | 2.543818e+05 | 2.592827e+05 |   1.93%| unknown
  2.6s|     1 |     0 |  8762 |     - |    72M |   0 |2024 |6011 |7338 |1477 | 24 |   0 |   0 | 2.544397e+05 | 2.592827e+05 |   1.90%| unknown
  2.8s|     1 |     0 |  9155 |     - |    72M |   0 |2024 |6011 |7406 |1545 | 25 |   0 |   0 | 2.544827e+05 | 2.592827e+05 |   1.89%| unknown
  2.9s|     1 |     0 |  9627 |     - |    73M |   0 |2024 |6011 |7233 |1597 | 26 |   0 |   0 | 2.545193e+05 | 2.592827e+05 |   1.87%| unknown
  3.1s|     1 |     0 | 10142 |     - |    73M |   0 |2024 |6011 |7314 |1678 | 27 |   0 |   0 | 2.545728e+05 | 2.592827e+05 |   1.85%| unknown
  3.2s|     1 |     0 | 10784 |     - |    73M |   0 |2024 |6011 |7393 |1757 | 28 |   0 |   0 | 2.546356e+05 | 2.592827e+05 |   1.82%| unknown
 time | node  | left  |LP iter|LP it/n|mem/heur|mdpt |vars |cons |rows |cuts |sepa|confs|strbr|  dualbound   | primalbound  |  gap   | compl. 
  3.4s|     1 |     0 | 11428 |     - |    74M |   0 |2024 |6011 |7443 |1807 | 29 |   0 |   0 | 2.546696e+05 | 2.592827e+05 |   1.81%| unknown
  3.6s|     1 |     0 | 12066 |     - |    75M |   0 |2024 |6011 |7505 |1869 | 30 |   0 |   0 | 2.547083e+05 | 2.592827e+05 |   1.80%| unknown
  3.8s|     1 |     0 | 12587 |     - |    75M |   0 |2024 |6011 |7564 |1928 | 31 |   0 |   0 | 2.547384e+05 | 2.592827e+05 |   1.78%| unknown
  4.0s|     1 |     0 | 13331 |     - |    76M |   0 |2024 |6011 |7374 |1984 | 32 |   0 |   0 | 2.547708e+05 | 2.592827e+05 |   1.77%| unknown
  4.2s|     1 |     0 | 13860 |     - |    76M |   0 |2024 |6011 |7429 |2039 | 33 |   0 |   0 | 2.547919e+05 | 2.592827e+05 |   1.76%| unknown
  4.4s|     1 |     0 | 14493 |     - |    77M |   0 |2024 |6011 |7484 |2094 | 34 |   0 |   0 | 2.548175e+05 | 2.592827e+05 |   1.75%| unknown
  4.5s|     1 |     0 | 14937 |     - |    78M |   0 |2024 |6011 |7551 |2161 | 35 |   0 |   0 | 2.548278e+05 | 2.592827e+05 |   1.75%| unknown
  4.7s|     1 |     0 | 15594 |     - |    79M |   0 |2024 |6011 |7600 |2210 | 36 |   0 |   0 | 2.548590e+05 | 2.592827e+05 |   1.74%| unknown
  5.0s|     1 |     0 | 16295 |     - |    80M |   0 |2024 |6011 |7657 |2267 | 37 |   0 |   0 | 2.548863e+05 | 2.592827e+05 |   1.72%| unknown
  5.2s|     1 |     0 | 16968 |     - |    80M |   0 |2024 |6011 |7415 |2317 | 38 |   0 |   0 | 2.549064e+05 | 2.592827e+05 |   1.72%| unknown
  5.4s|     1 |     0 | 17739 |     - |    81M |   0 |2024 |6011 |7480 |2382 | 39 |   0 |   0 | 2.549255e+05 | 2.592827e+05 |   1.71%| unknown
  5.6s|     1 |     0 | 18284 |     - |    81M |   0 |2024 |6011 |7533 |2435 | 40 |   0 |   0 | 2.549347e+05 | 2.592827e+05 |   1.71%| unknown
  5.9s|     1 |     0 | 18980 |     - |    81M |   0 |2024 |6011 |7584 |2486 | 41 |   0 |   0 | 2.549477e+05 | 2.592827e+05 |   1.70%| unknown
  6.1s|     1 |     0 | 19626 |     - |    81M |   0 |2024 |6011 |7639 |2541 | 42 |   0 |   0 | 2.549651e+05 | 2.592827e+05 |   1.69%| unknown
  6.3s|     1 |     0 | 20162 |     - |    83M |   0 |2024 |6011 |7695 |2597 | 43 |   0 |   0 | 2.549745e+05 | 2.592827e+05 |   1.69%| unknown
 time | node  | left  |LP iter|LP it/n|mem/heur|mdpt |vars |cons |rows |cuts |sepa|confs|strbr|  dualbound   | primalbound  |  gap   | compl. 
  6.6s|     1 |     0 | 21134 |     - |    83M |   0 |2024 |6011 |7459 |2650 | 44 |   0 |   0 | 2.549905e+05 | 2.592827e+05 |   1.68%| unknown
  6.9s|     1 |     0 | 21757 |     - |    83M |   0 |2024 |6011 |7515 |2706 | 45 |   0 |   0 | 2.549996e+05 | 2.592827e+05 |   1.68%| unknown
  7.2s|     1 |     0 | 22613 |     - |    84M |   0 |2024 |6011 |7569 |2760 | 46 |   0 |   0 | 2.550168e+05 | 2.592827e+05 |   1.67%| unknown
  7.4s|     1 |     0 | 23324 |     - |    85M |   0 |2024 |6011 |7631 |2822 | 47 |   0 |   0 | 2.550280e+05 | 2.592827e+05 |   1.67%| unknown
r 7.6s|     1 |     0 | 24095 |     - |intshift|   0 |2024 |6011 |7631 |2822 | 47 |   0 |   0 | 2.550280e+05 | 2.591162e+05 |   1.60%| unknown
o 8.3s|     1 |     0 | 28522 |     - |feaspump|   0 |2024 |6011 |7631 |2822 | 47 |   0 |   0 | 2.550280e+05 | 2.582826e+05 |   1.28%| unknown
L10.6s|     1 |     0 | 28522 |     - |    rens|   0 |2024 |6011 |7631 |2822 | 47 |   0 |   0 | 2.550280e+05 | 2.562976e+05 |   0.50%| unknown
 10.7s|     1 |     0 | 28522 |     - |    85M |   0 |2024 |6011 |7631 |2822 | 47 |   0 |   0 | 2.550280e+05 | 2.562976e+05 |   0.50%| unknown
 11.0s|     1 |     0 | 29333 |     - |    86M |   0 |2024 |6011 |7691 |2882 | 48 |   0 |   0 | 2.550359e+05 | 2.562976e+05 |   0.49%| unknown
 11.1s|     1 |     0 | 29686 |     - |    86M |   0 |2024 |6011 |7727 |2918 | 49 |   0 |   0 | 2.550376e+05 | 2.562976e+05 |   0.49%| unknown
 16.7s|     1 |     2 | 29686 |     - |    86M |   0 |2024 |6011 |7727 |2918 | 49 |   0 |  24 | 2.550459e+05 | 2.562976e+05 |   0.49%| unknown
 55.3s|   100 |    49 | 75196 | 513.9 |    89M |  22 |2024 |6051 |6823 |3933 |  1 |  83 | 452 | 2.550459e+05 | 2.562976e+05 |   0.49%|   8.06%
d80.3s|   180 |    98 |182674 | 884.7 |adaptive|  26 |2024 |6132 |6934 |   0 |  1 | 188 | 545 | 2.550549e+05 | 2.562392e+05 |   0.46%|   8.58%
 84.8s|   200 |   118 |201086 | 888.3 |    94M |  31 |2024 |6130 |6968 |4931 |  1 | 197 | 557 | 2.550577e+05 | 2.562392e+05 |   0.46%|   8.59%
L90.8s|   242 |   141 |220862 | 815.5 |    alns|  40 |2024 |6200 |7014 |5023 |  2 | 282 | 584 | 2.550644e+05 | 2.561142e+05 |   0.41%|   8.77%
 time | node  | left  |LP iter|LP it/n|mem/heur|mdpt |vars |cons |rows |cuts |sepa|confs|strbr|  dualbound   | primalbound  |  gap   | compl. 
L90.8s|   242 |   135 |220862 | 815.5 |    alns|  40 |2024 |6200 |7014 |5023 |  2 | 282 | 584 | 2.550644e+05 | 2.560812e+05 |   0.40%|   8.93%
d91.7s|   258 |   149 |226810 | 787.9 |linesear|  46 |2024 |6205 |7030 |   0 |  1 | 287 | 584 | 2.550644e+05 | 2.560750e+05 |   0.40%|   8.95%
 97.5s|   300 |   179 |248516 | 749.8 |   100M |  53 |2024 |6215 |7103 |5273 |  0 | 342 | 635 | 2.550673e+05 | 2.560750e+05 |   0.40%|  10.38%
  106s|   400 |   227 |279890 | 640.5 |   101M |  64 |2024 |6233 |7090 |5744 |  1 | 398 | 685 | 2.550673e+05 | 2.560750e+05 |   0.40%|  10.47%
d 108s|   433 |   236 |287238 | 608.6 |adaptive|  68 |2024 |6257 |7111 |   0 |  1 | 440 | 705 | 2.550673e+05 | 2.560530e+05 |   0.39%|  10.47%
  111s|   500 |   267 |298706 | 549.9 |   102M |  72 |2024 |6270 |7113 |6173 |  0 | 469 | 721 | 2.550673e+05 | 2.560530e+05 |   0.39%|  10.53%
d 112s|   514 |   199 |301168 | 539.7 |fracdivi|  76 |2024 |6284 |7154 |   0 |  1 | 502 | 747 | 2.550673e+05 | 2.559280e+05 |   0.34%|  11.47%
  118s|   600 |   245 |320438 | 494.4 |   103M |  83 |2024 |6258 |7138 |6461 |  1 | 561 | 790 | 2.550708e+05 | 2.559280e+05 |   0.34%|  11.56%
  122s|   700 |   283 |337089 | 447.5 |   104M |  88 |2024 |6345 |7133 |6703 |  1 | 694 | 870 | 2.550708e+05 | 2.559280e+05 |   0.34%|  11.63%
L 123s|   714 |   253 |337583 | 439.4 |crossove|  88 |2024 |6343 |   0 |6703 |  0 | 698 | 873 | 2.550708e+05 | 2.558950e+05 |   0.32%|  11.69%
  128s|   800 |   283 |355319 | 414.3 |   105M |  88 |2024 |6348 |7127 |6909 |  0 | 834 |1017 | 2.550710e+05 | 2.558950e+05 |   0.32%|  11.87%
* 129s|   817 |   275 |357568 | 408.4 |    LP  |  88 |2024 |6387 |7135 |6952 |  2 | 900 |1074 | 2.550710e+05 | 2.558892e+05 |   0.32%|  12.22%
* 129s|   824 |   167 |358593 | 406.2 |    LP  |  88 |2024 |6398 |7152 |6965 |  3 | 919 |1087 | 2.550710e+05 | 2.557834e+05 |   0.28%|  15.15%
  135s|   900 |   171 |375672 | 390.8 |   106M |  88 |2024 |6335 |7116 |7262 |  0 | 962 |1111 | 2.550749e+05 | 2.557834e+05 |   0.28%|  15.82%
  140s|  1000 |   201 |393222 | 369.3 |   106M |  88 |2024 |6257 |7118 |7573 |  0 | 993 |1129 | 2.550756e+05 | 2.557834e+05 |   0.28%|  16.26%
 time | node  | left  |LP iter|LP it/n|mem/heur|mdpt |vars |cons |rows |cuts |sepa|confs|strbr|  dualbound   | primalbound  |  gap   | compl. 
  147s|  1100 |   197 |412477 | 353.2 |   107M |  90 |2024 |6280 |7122 |7955 |  1 |1101 |1186 | 2.550769e+05 | 2.557834e+05 |   0.28%|  16.84%
  160s|  1200 |   203 |450741 | 355.7 |   108M |  90 |2024 |6248 |7097 |8432 |  1 |1177 |1253 | 2.550819e+05 | 2.557834e+05 |   0.28%|  18.41%
  163s|  1300 |   241 |459872 | 335.3 |   109M |  90 |2024 |6304 |6842 |8507 |  1 |1245 |1301 | 2.550838e+05 | 2.557834e+05 |   0.27%|  18.48%
Restart triggered after 50 consecutive estimations that the remaining tree will be large
(run 1, node 1362) performing user restart

(restart) converted 424 cuts from the global cut pool into linear constraints

presolving:
(round 1, fast)       0 del vars, 3 del conss, 0 add conss, 27 chg bounds, 0 chg sides, 0 chg coeffs, 0 upgd conss, 6081 impls, 0 clqs
(round 2, exhaustive) 0 del vars, 4 del conss, 0 add conss, 45 chg bounds, 0 chg sides, 0 chg coeffs, 0 upgd conss, 6081 impls, 0 clqs
presolving (3 rounds: 3 fast, 2 medium, 2 exhaustive):
 0 deleted vars, 4 deleted constraints, 0 added constraints, 45 tightened bounds, 0 added holes, 0 changed sides, 2 changed coefficients
 6081 implications, 0 cliques
presolved problem has 2024 variables (1912 bin, 0 int, 0 impl, 112 cont) and 6736 constraints
      1 constraints of type <chancecons>
   5925 constraints of type <varbound>
      1 constraints of type <knapsack>
    514 constraints of type <linear>
      7 constraints of type <logicor>
    288 constraints of type <bounddisjunction>
Presolving Time: 0.23
transformed 26/26 original solutions to the transformed problem space

 time | node  | left  |LP iter|LP it/n|mem/heur|mdpt |vars |cons |rows |cuts |sepa|confs|strbr|  dualbound   | primalbound  |  gap   | compl. 
  168s|     1 |     0 |479490 |     - |   104M |   0 |2024 |6736 |6431 |   0 |  0 |1292 |1308 | 2.550844e+05 | 2.557834e+05 |   0.27%| unknown
  168s|     1 |     0 |479746 |     - |   105M |   0 |2024 |6741 |6471 |  40 |  1 |1297 |1308 | 2.550844e+05 | 2.557834e+05 |   0.27%| unknown
  168s|     1 |     0 |480227 |     - |   106M |   0 |2024 |6747 |6511 |  80 |  2 |1303 |1308 | 2.550844e+05 | 2.557834e+05 |   0.27%| unknown
  168s|     1 |     0 |480752 |     - |   106M |   0 |2024 |6750 |6551 | 120 |  3 |1306 |1308 | 2.550844e+05 | 2.557834e+05 |   0.27%| unknown
  168s|     1 |     0 |481319 |     - |   107M |   0 |2024 |6757 |6599 | 168 |  4 |1313 |1308 | 2.550844e+05 | 2.557834e+05 |   0.27%| unknown
  168s|     1 |     0 |481861 |     - |   108M |   0 |2024 |6757 |6652 | 221 |  5 |1313 |1308 | 2.550844e+05 | 2.557834e+05 |   0.27%| unknown
  168s|     1 |     0 |482534 |     - |   109M |   0 |2024 |6763 |6710 | 279 |  6 |1319 |1308 | 2.550844e+05 | 2.557834e+05 |   0.27%| unknown
  169s|     1 |     0 |483563 |     - |   109M |   0 |2024 |6767 |6753 | 322 |  7 |1323 |1308 | 2.550844e+05 | 2.557834e+05 |   0.27%| unknown
  169s|     1 |     0 |484445 |     - |   110M |   0 |2024 |6766 |6817 | 386 |  8 |1323 |1308 | 2.550844e+05 | 2.557834e+05 |   0.27%| unknown
  169s|     1 |     0 |485342 |     - |   111M |   0 |2024 |6771 |6866 | 435 |  9 |1328 |1308 | 2.550844e+05 | 2.557834e+05 |   0.27%| unknown
  169s|     1 |     0 |486032 |     - |   112M |   0 |2024 |6779 |6924 | 493 | 10 |1336 |1308 | 2.550844e+05 | 2.557834e+05 |   0.27%| unknown
  170s|     1 |     0 |487270 |     - |   114M |   0 |2024 |6782 |6968 | 537 | 11 |1339 |1308 | 2.550844e+05 | 2.557834e+05 |   0.27%| unknown
  170s|     1 |     0 |488379 |     - |   114M |   0 |2024 |6786 |7018 | 587 | 12 |1343 |1308 | 2.550844e+05 | 2.557834e+05 |   0.27%| unknown
  170s|     1 |     0 |489315 |     - |   116M |   0 |2024 |6787 |7065 | 634 | 13 |1344 |1308 | 2.550844e+05 | 2.557834e+05 |   0.27%| unknown
  171s|     1 |     0 |490612 |     - |   116M |   0 |2024 |6791 |7018 | 680 | 14 |1348 |1308 | 2.550844e+05 | 2.557834e+05 |   0.27%| unknown
 time | node  | left  |LP iter|LP it/n|mem/heur|mdpt |vars |cons |rows |cuts |sepa|confs|strbr|  dualbound   | primalbound  |  gap   | compl. 
  171s|     1 |     0 |491743 |     - |   116M |   0 |2024 |6792 |7059 | 721 | 15 |1349 |1308 | 2.550844e+05 | 2.557834e+05 |   0.27%| unknown
  171s|     1 |     0 |492893 |     - |   117M |   0 |2024 |6791 |7102 | 764 | 16 |1349 |1308 | 2.550844e+05 | 2.557834e+05 |   0.27%| unknown
  171s|     1 |     0 |493826 |     - |   119M |   0 |2024 |6790 |7140 | 802 | 17 |1350 |1308 | 2.550844e+05 | 2.557834e+05 |   0.27%| unknown
  172s|     1 |     0 |494975 |     - |   120M |   0 |2024 |6793 |7176 | 838 | 18 |1353 |1308 | 2.550844e+05 | 2.557834e+05 |   0.27%| unknown
  172s|     1 |     0 |496098 |     - |   120M |   0 |2024 |6795 |7222 | 884 | 19 |1356 |1308 | 2.550844e+05 | 2.557834e+05 |   0.27%| unknown
  172s|     1 |     0 |497245 |     - |   121M |   0 |2024 |6797 |7122 | 930 | 20 |1359 |1308 | 2.550844e+05 | 2.557834e+05 |   0.27%| unknown
  173s|     1 |     0 |498322 |     - |   121M |   0 |2024 |6802 |7163 | 971 | 21 |1364 |1308 | 2.550844e+05 | 2.557834e+05 |   0.27%| unknown
  173s|     1 |     0 |499256 |     - |   121M |   0 |2024 |6804 |7207 |1015 | 22 |1367 |1308 | 2.550844e+05 | 2.557834e+05 |   0.27%| unknown
  173s|     1 |     0 |500215 |     - |   121M |   0 |2024 |6807 |7253 |1061 | 23 |1371 |1308 | 2.550844e+05 | 2.557834e+05 |   0.27%| unknown
  173s|     1 |     0 |501029 |     - |   122M |   0 |2024 |6810 |7299 |1107 | 24 |1376 |1308 | 2.550844e+05 | 2.557834e+05 |   0.27%| unknown
  174s|     1 |     0 |501884 |     - |   122M |   0 |2024 |6809 |7346 |1154 | 25 |1376 |1308 | 2.550844e+05 | 2.557834e+05 |   0.27%| unknown
  174s|     1 |     0 |503119 |     - |   123M |   0 |2024 |6818 |7197 |1192 | 26 |1385 |1308 | 2.550844e+05 | 2.557834e+05 |   0.27%| unknown
  174s|     1 |     0 |504493 |     - |   123M |   0 |2024 |6821 |7241 |1236 | 27 |1390 |1308 | 2.550844e+05 | 2.557834e+05 |   0.27%| unknown
  175s|     1 |     0 |506281 |     - |   123M |   0 |2024 |6828 |7288 |1283 | 28 |1398 |1308 | 2.550844e+05 | 2.557834e+05 |   0.27%| unknown
  175s|     1 |     0 |507459 |     - |   123M |   0 |2024 |6828 |7332 |1327 | 29 |1398 |1308 | 2.550844e+05 | 2.557834e+05 |   0.27%| unknown
 time | node  | left  |LP iter|LP it/n|mem/heur|mdpt |vars |cons |rows |cuts |sepa|confs|strbr|  dualbound   | primalbound  |  gap   | compl. 
  175s|     1 |     0 |508676 |     - |   124M |   0 |2024 |6835 |7382 |1377 | 30 |1405 |1308 | 2.550844e+05 | 2.557834e+05 |   0.27%| unknown
  176s|     1 |     0 |509789 |     - |   124M |   0 |2024 |6838 |7415 |1410 | 31 |1408 |1308 | 2.550844e+05 | 2.557834e+05 |   0.27%| unknown
  176s|     1 |     0 |511225 |     - |   124M |   0 |2024 |6841 |7289 |1460 | 32 |1413 |1308 | 2.550844e+05 | 2.557834e+05 |   0.27%| unknown
  176s|     1 |     0 |512645 |     - |   124M |   0 |2024 |6845 |7323 |1494 | 33 |1417 |1308 | 2.550844e+05 | 2.557834e+05 |   0.27%| unknown
  177s|     1 |     0 |513971 |     - |   124M |   0 |2024 |6845 |7367 |1538 | 34 |1417 |1308 | 2.550844e+05 | 2.557834e+05 |   0.27%| unknown
  177s|     1 |     0 |516032 |     - |   124M |   0 |2024 |6844 |7417 |1588 | 35 |1419 |1308 | 2.550844e+05 | 2.557834e+05 |   0.27%| unknown
  178s|     1 |     0 |517903 |     - |   124M |   0 |2024 |6842 |7460 |1631 | 36 |1420 |1308 | 2.550844e+05 | 2.557834e+05 |   0.27%| unknown
  178s|     1 |     0 |519249 |     - |   126M |   0 |2024 |6847 |7500 |1671 | 37 |1429 |1308 | 2.550844e+05 | 2.557834e+05 |   0.27%| unknown
  179s|     1 |     0 |521110 |     - |   126M |   0 |2024 |6846 |7347 |1722 | 38 |1429 |1308 | 2.550844e+05 | 2.557834e+05 |   0.27%| unknown
  186s|     1 |     2 |524616 |     - |   126M |   0 |2024 |6842 |7347 |1722 | 38 |1433 |1333 | 2.550844e+05 | 2.557834e+05 |   0.27%| unknown
  216s|   100 |    57 |600328 | 360.0 |   128M |  35 |2024 |6799 |6950 |2755 |  2 |1478 |1476 | 2.550844e+05 | 2.557834e+05 |   0.27%|  19.63%
  231s|   200 |    81 |650845 | 369.3 |   129M |  35 |2024 |6760 |6947 |3422 |  0 |1502 |1533 | 2.550844e+05 | 2.557834e+05 |   0.27%|  19.93%
  249s|   300 |   107 |704313 | 379.3 |   129M |  35 |2024 |6722 |6927 |4242 |  0 |1510 |1616 | 2.550844e+05 | 2.557834e+05 |   0.27%|  22.31%
  267s|   400 |   105 |765699 | 392.6 |   130M |  40 |2024 |6717 |6847 |4863 |  1 |1551 |1726 | 2.550844e+05 | 2.557834e+05 |   0.27%|  24.69%
  282s|   500 |   133 |813573 | 397.2 |   132M |  40 |2024 |6708 |6864 |5437 |  1 |1578 |1789 | 2.550844e+05 | 2.557834e+05 |   0.27%|  27.59%
 time | node  | left  |LP iter|LP it/n|mem/heur|mdpt |vars |cons |rows |cuts |sepa|confs|strbr|  dualbound   | primalbound  |  gap   | compl. 
  291s|   600 |   153 |843628 | 392.3 |   133M |  40 |2024 |6707 |7049 |5876 |  1 |1600 |1835 | 2.550844e+05 | 2.557834e+05 |   0.27%|  27.62%
  307s|   700 |   163 |890117 | 395.8 |   134M |  40 |2024 |6694 |7052 |6576 |  0 |1634 |1928 | 2.550844e+05 | 2.557834e+05 |   0.27%|  27.73%
  318s|   800 |   175 |923943 | 393.2 |   135M |  40 |2024 |6691 |7152 |6945 |  2 |1665 |1983 | 2.550844e+05 | 2.557834e+05 |   0.27%|  27.76%
  338s|   900 |   171 |983596 | 402.2 |   137M |  40 |2024 |6695 |7085 |7801 |  0 |1711 |2118 | 2.550844e+05 | 2.557834e+05 |   0.27%|  27.82%
  353s|  1000 |   193 |  1026k| 403.4 |   138M |  40 |2024 |6698 |7140 |8439 |  1 |1729 |2169 | 2.550844e+05 | 2.557834e+05 |   0.27%|  27.83%
  366s|  1100 |   189 |  1065k| 402.6 |   139M |  40 |2024 |6731 |6920 |8710 |  1 |1770 |2282 | 2.550844e+05 | 2.557834e+05 |   0.27%|  27.83%
  385s|  1200 |   197 |  1124k| 410.0 |   140M |  40 |2024 |6756 |7146 |9409 |  0 |1823 |2464 | 2.550844e+05 | 2.557834e+05 |   0.27%|  27.84%
  411s|  1300 |   201 |  1206k| 425.7 |   140M |  40 |2024 |6749 |7167 |9991 |  0 |1858 |2608 | 2.550844e+05 | 2.557834e+05 |   0.27%|  29.89%
  432s|  1400 |   215 |  1267k| 432.2 |   142M |  40 |2024 |6767 |6905 |  10k|  0 |1904 |2732 | 2.550844e+05 | 2.557834e+05 |   0.27%|  30.37%
  452s|  1500 |   223 |  1327k| 438.2 |   144M |  40 |2024 |6754 |7094 |  11k|  0 |1944 |2892 | 2.550844e+05 | 2.557834e+05 |   0.27%|  32.40%
  465s|  1600 |   231 |  1366k| 436.4 |   144M |  40 |2024 |6739 |7107 |  11k|  0 |1957 |2937 | 2.550844e+05 | 2.557834e+05 |   0.27%|  32.60%
  481s|  1700 |   229 |  1414k| 437.9 |   144M |  40 |2024 |6728 |6970 |  11k|  1 |1975 |3007 | 2.550844e+05 | 2.557834e+05 |   0.27%|  33.00%
  503s|  1800 |   251 |  1479k| 444.4 |   147M |  40 |2024 |6753 |7168 |  12k|  1 |2012 |3082 | 2.550844e+05 | 2.557834e+05 |   0.27%|  34.60%
  516s|  1900 |   269 |  1522k| 444.0 |   151M |  40 |2024 |6772 |   0 |  13k|  0 |2056 |3143 | 2.550844e+05 | 2.557834e+05 |   0.27%|  34.60%
  531s|  2000 |   277 |  1567k| 444.4 |   155M |  48 |2024 |6766 |7198 |  14k|  2 |2068 |3213 | 2.550844e+05 | 2.557834e+05 |   0.27%|  34.67%
 time | node  | left  |LP iter|LP it/n|mem/heur|mdpt |vars |cons |rows |cuts |sepa|confs|strbr|  dualbound   | primalbound  |  gap   | compl. 
  548s|  2100 |   281 |  1614k| 445.0 |   155M |  48 |2024 |6755 |7258 |  14k|  1 |2083 |3282 | 2.550844e+05 | 2.557834e+05 |   0.27%|  34.67%
  574s|  2200 |   285 |  1699k| 456.3 |   156M |  48 |2024 |6789 |7324 |  14k|  1 |2150 |3377 | 2.550844e+05 | 2.557834e+05 |   0.27%|  34.67%
  589s|  2300 |   297 |  1744k| 456.2 |   159M |  48 |2024 |6796 |7274 |  15k|  2 |2168 |3438 | 2.550844e+05 | 2.557834e+05 |   0.27%|  34.67%
  607s|  2400 |   287 |  1804k| 460.0 |   160M |  48 |2024 |6814 |   0 |  15k|  0 |2201 |3506 | 2.550844e+05 | 2.557834e+05 |   0.27%|  34.68%
  620s|  2500 |   299 |  1849k| 459.9 |   162M |  48 |2024 |6832 |7324 |  16k|  1 |2229 |3556 | 2.550844e+05 | 2.557834e+05 |   0.27%|  34.68%
  642s|  2600 |   321 |  1914k| 464.5 |   163M |  48 |2024 |6843 |7252 |  16k|  1 |2262 |3635 | 2.550844e+05 | 2.557834e+05 |   0.27%|  34.74%
  668s|  2700 |   339 |  1993k| 472.7 |   167M |  48 |2024 |6833 |7287 |  17k|  1 |2272 |3709 | 2.550844e+05 | 2.557834e+05 |   0.27%|  34.74%
  689s|  2800 |   349 |  2060k| 477.3 |   168M |  48 |2024 |6816 |7500 |  18k|  0 |2273 |3762 | 2.550844e+05 | 2.557834e+05 |   0.27%|  34.74%
  705s|  2900 |   339 |  2127k| 482.0 |   168M |  48 |2024 |6837 |7410 |  18k|  0 |2303 |3770 | 2.550844e+05 | 2.557834e+05 |   0.27%|  34.77%
  730s|  3000 |   337 |  2213k| 490.6 |   169M |  48 |2024 |6821 |7343 |  19k|  0 |2319 |3803 | 2.550844e+05 | 2.557834e+05 |   0.27%|  34.78%
  759s|  3100 |   363 |  2321k| 503.6 |   169M |  48 |2024 |6798 |7224 |  19k|  1 |2335 |3847 | 2.550844e+05 | 2.557834e+05 |   0.27%|  34.92%
  785s|  3200 |   419 |  2398k| 509.6 |   172M |  61 |2024 |6798 |7358 |  20k|  1 |2354 |3917 | 2.550844e+05 | 2.557834e+05 |   0.27%|  34.92%
  806s|  3300 |   449 |  2480k| 516.1 |   174M |  64 |2024 |6779 |7357 |  21k|  1 |2365 |3931 | 2.550844e+05 | 2.557834e+05 |   0.27%|  35.02%
  826s|  3400 |   493 |  2566k| 523.4 |   175M |  80 |2024 |6763 |7428 |  21k|  1 |2369 |3958 | 2.550844e+05 | 2.557834e+05 |   0.27%|  35.02%
  836s|  3500 |   519 |  2606k| 520.8 |   176M | 102 |2024 |6746 |7530 |  22k|  1 |2372 |3974 | 2.550844e+05 | 2.557834e+05 |   0.27%|  35.02%
 time | node  | left  |LP iter|LP it/n|mem/heur|mdpt |vars |cons |rows |cuts |sepa|confs|strbr|  dualbound   | primalbound  |  gap   | compl. 
* 837s|  3512 |   461 |  2610k| 520.4 |    LP  | 108 |2024 |6749 |7530 |  22k|  1 |2376 |3980 | 2.550844e+05 | 2.557432e+05 |   0.26%|  44.95%
  839s|  3600 |   467 |  2620k| 513.1 |   177M | 134 |2024 |6757 |   0 |  22k|  0 |2385 |3990 | 2.550844e+05 | 2.557432e+05 |   0.26%|  44.98%
  843s|  3700 |   475 |  2635k| 506.1 |   177M | 140 |2024 |6777 |7568 |  22k|  1 |2414 |3990 | 2.550844e+05 | 2.557432e+05 |   0.26%|  44.98%
  847s|  3800 |   485 |  2653k| 499.8 |   177M | 140 |2024 |6760 |7569 |  22k|  1 |2426 |3994 | 2.550844e+05 | 2.557432e+05 |   0.26%|  44.98%
  851s|  3900 |   475 |  2670k| 493.5 |   177M | 140 |2024 |6755 |7526 |  22k|  1 |2443 |3995 | 2.550844e+05 | 2.557432e+05 |   0.26%|  45.10%
  858s|  4000 |   487 |  2700k| 489.8 |   177M | 140 |2024 |6745 |7588 |  23k|  0 |2460 |3999 | 2.550844e+05 | 2.557432e+05 |   0.26%|  45.10%
  876s|  4100 |   505 |  2762k| 492.3 |   177M | 140 |2024 |6728 |7557 |  23k|  1 |2490 |4126 | 2.550845e+05 | 2.557432e+05 |   0.26%|  45.32%
  886s|  4200 |   513 |  2790k| 488.5 |   178M | 140 |2024 |6735 |7542 |  23k|  1 |2507 |4218 | 2.550849e+05 | 2.557432e+05 |   0.26%|  45.53%
  900s|  4300 |   517 |  2832k| 487.2 |   180M | 140 |2024 |6731 |7543 |  24k|  0 |2519 |4382 | 2.550869e+05 | 2.557432e+05 |   0.26%|  45.58%
* 915s|  4395 |   512 |  2884k| 488.2 |    LP  | 140 |2024 |6725 |7526 |  24k|  2 |2521 |4491 | 2.550904e+05 | 2.557432e+05 |   0.26%|  45.62%
  915s|  4400 |   515 |  2885k| 487.9 |   180M | 140 |2024 |6725 |7543 |  24k|  5 |2521 |4494 | 2.550904e+05 | 2.557432e+05 |   0.26%|  45.62%
  928s|  4500 |   513 |  2925k| 486.5 |   181M | 140 |2024 |6729 |7517 |  24k|  1 |2540 |4600 | 2.550905e+05 | 2.557432e+05 |   0.26%|  46.09%
  947s|  4600 |   523 |  2982k| 487.8 |   181M | 140 |2024 |6703 |7523 |  25k|  1 |2549 |4667 | 2.550930e+05 | 2.557432e+05 |   0.25%|  46.15%
  954s|  4700 |   549 |  3005k| 483.6 |   182M | 140 |2024 |6730 |7600 |  25k|  1 |2578 |4677 | 2.550930e+05 | 2.557432e+05 |   0.25%|  46.15%
  959s|  4800 |   579 |  3027k| 479.3 |   185M | 140 |2024 |6771 |6953 |  25k|  0 |2626 |4685 | 2.550935e+05 | 2.557432e+05 |   0.25%|  46.26%
 time | node  | left  |LP iter|LP it/n|mem/heur|mdpt |vars |cons |rows |cuts |sepa|confs|strbr|  dualbound   | primalbound  |  gap   | compl. 
* 960s|  4825 |   557 |  3029k| 477.7 |    LP  | 140 |2024 |6787 |7609 |  25k|  1 |2658 |4718 | 2.550935e+05 | 2.557298e+05 |   0.25%|  46.55%
  970s|  4900 |   566 |  3053k| 475.8 |   186M | 140 |2024 |6737 |7613 |  26k|  0 |2712 |4749 | 2.550943e+05 | 2.557298e+05 |   0.25%|  46.66%
* 972s|  4970 |   584 |  3060k| 471.8 |    LP  | 140 |2024 |6726 |7636 |  26k|  1 |2721 |4755 | 2.550943e+05 | 2.557298e+05 |   0.25%|  46.66%
  973s|  5000 |   592 |  3061k| 469.7 |   186M | 140 |2024 |6733 |7633 |  26k|  1 |2730 |4756 | 2.550943e+05 | 2.557298e+05 |   0.25%|  46.66%
  990s|  5100 |   606 |  3090k| 466.8 |   189M | 165 |2024 |6711 |7624 |  26k|  0 |2752 |4936 | 2.550960e+05 | 2.557298e+05 |   0.25%|  46.74%
* 993s|  5122 |   562 |  3098k| 466.5 |    LP  | 165 |2024 |6718 |7687 |  26k|  4 |2763 |4948 | 2.550960e+05 | 2.557164e+05 |   0.24%|  46.94%
 1006s|  5200 |   542 |  3152k| 469.1 |   190M | 165 |2024 |6695 |7744 |  27k|  3 |2773 |4954 | 2.550998e+05 | 2.557164e+05 |   0.24%|  47.69%
 1035s|  5300 |   544 |  3240k| 475.3 |   192M | 165 |2024 |6655 |7215 |  27k|  1 |2793 |5017 | 2.551051e+05 | 2.557164e+05 |   0.24%|  48.17%
 1061s|  5400 |   560 |  3317k| 479.7 |   193M | 165 |2024 |6649 |7639 |  28k|  1 |2800 |5077 | 2.551082e+05 | 2.557164e+05 |   0.24%|  48.42%
 1065s|  5500 |   570 |  3334k| 475.2 |   193M | 165 |2024 |6683 |7657 |  28k|  0 |2844 |5108 | 2.551082e+05 | 2.557164e+05 |   0.24%|  48.42%
 1104s|  5600 |   550 |  3425k| 481.4 |   194M | 165 |2024 |6657 |7294 |  29k|  2 |2866 |5216 | 2.551101e+05 | 2.557164e+05 |   0.24%|  49.35%
 1116s|  5700 |   552 |  3458k| 479.2 |   196M | 165 |2024 |6668 |7645 |  29k|  0 |2891 |5254 | 2.551110e+05 | 2.557164e+05 |   0.24%|  49.81%
 1122s|  5800 |   566 |  3485k| 476.4 |   196M | 165 |2024 |6669 |7658 |  29k|  1 |2908 |5257 | 2.551110e+05 | 2.557164e+05 |   0.24%|  49.82%
 1140s|  5900 |   562 |  3540k| 477.4 |   197M | 165 |2024 |6666 |7814 |  30k|  0 |2959 |5327 | 2.551125e+05 | 2.557164e+05 |   0.24%|  49.85%
 1183s|  6000 |   562 |  3649k| 485.7 |   197M | 165 |2024 |6651 |7629 |  30k|  0 |2972 |5432 | 2.551181e+05 | 2.557164e+05 |   0.23%|  50.09%
 time | node  | left  |LP iter|LP it/n|mem/heur|mdpt |vars |cons |rows |cuts |sepa|confs|strbr|  dualbound   | primalbound  |  gap   | compl. 
 1200s|  6100 |   584 |  3711k| 487.5 |   198M | 165 |2024 |6659 |7637 |  31k|  1 |2997 |5497 | 2.551221e+05 | 2.557164e+05 |   0.23%|  50.22%
 1211s|  6200 |   596 |  3744k| 485.4 |   198M | 165 |2024 |6661 |7652 |  31k|  0 |3024 |5558 | 2.551242e+05 | 2.557164e+05 |   0.23%|  50.23%
 1235s|  6300 |   594 |  3805k| 487.1 |   198M | 165 |2024 |6671 |7659 |  32k|  1 |3055 |5648 | 2.551354e+05 | 2.557164e+05 |   0.23%|  50.37%
 1243s|  6400 |   606 |  3837k| 484.9 |   199M | 165 |2024 |6692 |7200 |  32k|  1 |3084 |5669 | 2.551362e+05 | 2.557164e+05 |   0.23%|  50.61%
*1252s|  6450 |   584 |  3869k| 485.9 |    LP  | 165 |2024 |6688 |7747 |  32k|  2 |3088 |5675 | 2.551367e+05 | 2.557130e+05 |   0.23%|  50.94%
 1270s|  6500 |   586 |  3925k| 490.0 |   200M | 165 |2024 |6675 |7521 |  32k|  1 |3096 |5715 | 2.551386e+05 | 2.557130e+05 |   0.23%|  51.24%
 1278s|  6600 |   608 |  3954k| 487.4 |   200M | 165 |2024 |6667 |7576 |  32k|  1 |3099 |5729 | 2.551386e+05 | 2.557130e+05 |   0.23%|  51.24%
L1279s|  6650 |   447 |  3959k| 485.0 |crossove| 165 |2024 |6669 |7581 |  32k|  1 |3103 |5735 | 2.551386e+05 | 2.556374e+05 |   0.20%|  51.46%
 1292s|  6700 |   449 |  4007k| 487.9 |   200M | 165 |2024 |6656 |7567 |  33k|  2 |3106 |5748 | 2.551416e+05 | 2.556374e+05 |   0.19%|  51.64%
 1301s|  6800 |   455 |  4040k| 485.9 |   200M | 165 |2024 |6658 |7578 |  33k|  0 |3114 |5758 | 2.551417e+05 | 2.556374e+05 |   0.19%|  51.80%
 1337s|  6900 |   451 |  4140k| 492.2 |   200M | 165 |2024 |6641 |7281 |  34k|  1 |3125 |5826 | 2.551498e+05 | 2.556374e+05 |   0.19%|  52.37%
 1349s|  7000 |   463 |  4179k| 491.0 |   201M | 165 |2024 |6638 |7450 |  34k|  1 |3131 |5849 | 2.551498e+05 | 2.556374e+05 |   0.19%|  52.39%
 1360s|  7100 |   467 |  4226k| 490.7 |   201M | 165 |2024 |6643 |7438 |  34k|  1 |3138 |5857 | 2.551530e+05 | 2.556374e+05 |   0.19%|  52.47%
 1374s|  7200 |   477 |  4280k| 491.3 |   201M | 165 |2024 |6651 |7523 |  34k|  0 |3156 |5869 | 2.551534e+05 | 2.556374e+05 |   0.19%|  52.55%
 1382s|  7300 |   483 |  4310k| 489.1 |   201M | 165 |2024 |6649 |7659 |  35k|  0 |3159 |5880 | 2.551573e+05 | 2.556374e+05 |   0.19%|  52.61%
 time | node  | left  |LP iter|LP it/n|mem/heur|mdpt |vars |cons |rows |cuts |sepa|confs|strbr|  dualbound   | primalbound  |  gap   | compl. 
 1404s|  7400 |   493 |  4387k| 492.3 |   201M | 165 |2024 |6646 |7520 |  35k|  1 |3162 |5896 | 2.551616e+05 | 2.556374e+05 |   0.19%|  53.03%
 1414s|  7500 |   509 |  4423k| 490.8 |   201M | 165 |2024 |6646 |7573 |  35k|  0 |3168 |5917 | 2.551638e+05 | 2.556374e+05 |   0.19%|  53.34%
 1436s|  7600 |   513 |  4481k| 491.9 |   201M | 165 |2024 |6649 |7748 |  36k|  0 |3178 |5991 | 2.551701e+05 | 2.556374e+05 |   0.18%|  53.44%
 1449s|  7700 |   519 |  4532k| 492.1 |   201M | 165 |2024 |6652 |7610 |  36k|  0 |3183 |5994 | 2.551713e+05 | 2.556374e+05 |   0.18%|  53.51%
 1471s|  7800 |   525 |  4608k| 494.9 |   202M | 165 |2024 |6653 |7385 |  36k|  1 |3191 |6010 | 2.551753e+05 | 2.556374e+05 |   0.18%|  53.85%
 1492s|  7900 |   535 |  4675k| 496.8 |   203M | 165 |2024 |6659 |7405 |  37k|  1 |3209 |6046 | 2.551781e+05 | 2.556374e+05 |   0.18%|  54.10%
 1505s|  8000 |   545 |  4725k| 496.8 |   203M | 165 |2024 |6667 |7461 |  37k|  1 |3220 |6062 | 2.551789e+05 | 2.556374e+05 |   0.18%|  54.13%
 1510s|  8100 |   571 |  4746k| 493.9 |   203M | 165 |2024 |6673 |7491 |  37k|  0 |3228 |6065 | 2.551789e+05 | 2.556374e+05 |   0.18%|  54.13%
 1530s|  8200 |   583 |  4797k| 494.0 |   203M | 165 |2024 |6674 |7530 |  37k|  0 |3242 |6124 | 2.551815e+05 | 2.556374e+05 |   0.18%|  54.22%
 1538s|  8300 |   605 |  4834k| 492.7 |   203M | 165 |2024 |6682 |7549 |  38k|  1 |3252 |6126 | 2.551820e+05 | 2.556374e+05 |   0.18%|  54.23%
 1561s|  8400 |   605 |  4916k| 496.0 |   205M | 165 |2024 |6682 |7409 |  38k|  1 |3262 |6140 | 2.551829e+05 | 2.556374e+05 |   0.18%|  54.34%
 1581s|  8500 |   607 |  4983k| 497.9 |   206M | 165 |2024 |6672 |7565 |  39k|  1 |3267 |6152 | 2.551934e+05 | 2.556374e+05 |   0.17%|  55.26%
 1590s|  8600 |   625 |  5021k| 496.7 |   206M | 165 |2024 |6670 |7045 |  39k|  1 |3274 |6153 | 2.551938e+05 | 2.556374e+05 |   0.17%|  55.32%
 1603s|  8700 |   639 |  5071k| 496.6 |   206M | 165 |2024 |6697 |7613 |  39k|  1 |3317 |6155 | 2.551956e+05 | 2.556374e+05 |   0.17%|  55.40%
 1624s|  8800 |   649 |  5132k| 497.8 |   207M | 165 |2024 |6693 |7530 |  39k|  0 |3331 |6194 | 2.552002e+05 | 2.556374e+05 |   0.17%|  55.41%
 time | node  | left  |LP iter|LP it/n|mem/heur|mdpt |vars |cons |rows |cuts |sepa|confs|strbr|  dualbound   | primalbound  |  gap   | compl. 
 1655s|  8900 |   657 |  5214k| 500.9 |   207M | 165 |2024 |6688 |7596 |  40k|  0 |3351 |6292 | 2.552087e+05 | 2.556374e+05 |   0.17%|  55.46%
 1668s|  9000 |   667 |  5263k| 500.8 |   208M | 165 |2024 |6687 |7575 |  40k|  0 |3356 |6317 | 2.552118e+05 | 2.556374e+05 |   0.17%|  55.64%
 1696s|  9100 |   687 |  5334k| 502.8 |   210M | 165 |2024 |6701 |7549 |  40k|  0 |3378 |6408 | 2.552142e+05 | 2.556374e+05 |   0.17%|  55.73%
 1725s|  9200 |   685 |  5413k| 505.5 |   210M | 165 |2024 |6681 |7605 |  40k|  0 |3395 |6523 | 2.552170e+05 | 2.556374e+05 |   0.16%|  55.86%
 1748s|  9300 |   687 |  5482k| 507.3 |   210M | 165 |2024 |6706 |7586 |  40k|  0 |3450 |6654 | 2.552173e+05 | 2.556374e+05 |   0.16%|  56.45%
 1779s|  9400 |   689 |  5567k| 510.5 |   211M | 165 |2024 |6688 |7750 |  41k|  0 |3497 |6738 | 2.552193e+05 | 2.556374e+05 |   0.16%|  56.71%
 1809s|  9500 |   695 |  5653k| 513.7 |   212M | 165 |2024 |6690 |7589 |  41k|  1 |3524 |6825 | 2.552196e+05 | 2.556374e+05 |   0.16%|  57.36%
 1831s|  9600 |   695 |  5714k| 514.6 |   214M | 165 |2024 |6690 |7408 |  42k|  1 |3555 |6914 | 2.552206e+05 | 2.556374e+05 |   0.16%|  57.89%
 1849s|  9700 |   723 |  5763k| 514.3 |   217M | 165 |2024 |6702 |7282 |  42k|  0 |3600 |6971 | 2.552210e+05 | 2.556374e+05 |   0.16%|  57.97%
 1858s|  9800 |   753 |  5799k| 513.0 |   217M | 165 |2024 |6691 |7288 |  42k|  6 |3601 |6979 | 2.552227e+05 | 2.556374e+05 |   0.16%|  57.99%
 1878s|  9900 |   757 |  5851k| 513.0 |   218M | 165 |2024 |6691 |7575 |  43k|  1 |3624 |7045 | 2.552245e+05 | 2.556374e+05 |   0.16%|  58.23%
 1911s| 10000 |   749 |  5935k| 515.9 |   219M | 165 |2024 |6671 |7477 |  43k|  0 |3634 |7090 | 2.552259e+05 | 2.556374e+05 |   0.16%|  58.29%
 1930s| 10100 |   783 |  5988k| 516.0 |   219M | 165 |2024 |6662 |7547 |  43k|  1 |3638 |7117 | 2.552259e+05 | 2.556374e+05 |   0.16%|  58.31%
 1941s| 10200 |   791 |  6026k| 514.9 |   220M | 165 |2024 |6665 |7564 |  43k|  1 |3654 |7137 | 2.552261e+05 | 2.556374e+05 |   0.16%|  58.33%
 1961s| 10300 |   813 |  6092k| 516.1 |   220M | 165 |2024 |6653 |7572 |  44k|  3 |3662 |7170 | 2.552299e+05 | 2.556374e+05 |   0.16%|  58.39%
 time | node  | left  |LP iter|LP it/n|mem/heur|mdpt |vars |cons |rows |cuts |sepa|confs|strbr|  dualbound   | primalbound  |  gap   | compl. 
 1998s| 10400 |   819 |  6180k| 519.2 |   222M | 165 |2024 |6642 |7625 |  44k|  1 |3666 |7229 | 2.552321e+05 | 2.556374e+05 |   0.16%|  58.43%
 2040s| 10500 |   825 |  6305k| 525.4 |   222M | 165 |2024 |6630 |7395 |  45k|  0 |3678 |7277 | 2.552340e+05 | 2.556374e+05 |   0.16%|  58.64%
 2064s| 10600 |   827 |  6391k| 528.1 |   224M | 165 |2024 |6627 |7558 |  45k|  1 |3684 |7287 | 2.552353e+05 | 2.556374e+05 |   0.16%|  58.86%
 2072s| 10700 |   857 |  6422k| 526.3 |   224M | 165 |2024 |6631 |7592 |  45k|  1 |3690 |7295 | 2.552353e+05 | 2.556374e+05 |   0.16%|  58.86%
 2086s| 10800 |   853 |  6474k| 526.3 |   224M | 165 |2024 |6631 |7758 |  46k|  0 |3694 |7306 | 2.552366e+05 | 2.556374e+05 |   0.16%|  59.00%
 2111s| 10900 |   861 |  6549k| 528.1 |   228M | 165 |2024 |6638 |7615 |  46k|  1 |3712 |7328 | 2.552387e+05 | 2.556374e+05 |   0.16%|  59.06%
 2116s| 11000 |   889 |  6568k| 525.4 |   228M | 165 |2024 |6630 |7635 |  46k|  1 |3716 |7330 | 2.552387e+05 | 2.556374e+05 |   0.16%|  59.06%
 2140s| 11100 |   877 |  6638k| 526.8 |   233M | 165 |2024 |6621 |   0 |  46k|  0 |3719 |7359 | 2.552393e+05 | 2.556374e+05 |   0.16%|  59.29%
 2150s| 11200 |   909 |  6674k| 525.4 |   233M | 165 |2024 |6621 |7775 |  47k|  3 |3722 |7365 | 2.552394e+05 | 2.556374e+05 |   0.16%|  59.29%
 2167s| 11300 |   907 |  6732k| 525.9 |   237M | 165 |2024 |6617 |7573 |  47k|  3 |3723 |7372 | 2.552404e+05 | 2.556374e+05 |   0.16%|  59.34%
 2176s| 11400 |   943 |  6767k| 524.5 |   237M | 165 |2024 |6618 |7624 |  47k|  1 |3724 |7374 | 2.552404e+05 | 2.556374e+05 |   0.16%|  59.34%
 2182s| 11500 |   977 |  6796k| 522.7 |   237M | 165 |2024 |6618 |7612 |  47k|  1 |3726 |7374 | 2.552404e+05 | 2.556374e+05 |   0.16%|  59.34%
*2189s| 11575 |  1008 |  6824k| 521.8 |    LP  | 165 |2024 |6618 |7668 |  47k|  7 |3726 |7375 | 2.552404e+05 | 2.556374e+05 |   0.16%|  59.34%
 2191s| 11600 |   993 |  6832k| 521.4 |   238M | 165 |2024 |6618 |7677 |  47k|  0 |3728 |7377 | 2.552404e+05 | 2.556374e+05 |   0.16%|  59.56%
 2210s| 11700 |   981 |  6898k| 522.5 |   238M | 165 |2024 |6621 |7545 |  48k|  1 |3735 |7388 | 2.552414e+05 | 2.556374e+05 |   0.16%|  60.02%
 time | node  | left  |LP iter|LP it/n|mem/heur|mdpt |vars |cons |rows |cuts |sepa|confs|strbr|  dualbound   | primalbound  |  gap   | compl. 
L2236s| 11775 |   774 |  6976k| 525.4 |crossove| 165 |2024 |6619 |7494 |  48k|  1 |3749 |7399 | 2.552432e+05 | 2.555986e+05 |   0.14%|  61.93%
 2241s| 11800 |   775 |  6994k| 525.8 |   243M | 165 |2024 |6619 |7668 |  48k|  0 |3751 |7402 | 2.552432e+05 | 2.555986e+05 |   0.14%|  61.96%
 2269s| 11900 |   785 |  7086k| 528.8 |   245M | 165 |2024 |6613 |7575 |  49k|  2 |3754 |7403 | 2.552454e+05 | 2.555986e+05 |   0.14%|  62.20%
 2282s| 12000 |   807 |  7133k| 528.3 |   247M | 165 |2024 |6616 |7608 |  49k|  0 |3760 |7406 | 2.552456e+05 | 2.555986e+05 |   0.14%|  62.20%
 2303s| 12100 |   801 |  7203k| 529.7 |   250M | 165 |2024 |6608 |7454 |  49k|  1 |3762 |7407 | 2.552484e+05 | 2.555986e+05 |   0.14%|  62.42%
 2320s| 12200 |   809 |  7255k| 529.6 |   253M | 165 |2024 |6605 |7630 |  49k|  0 |3768 |7417 | 2.552486e+05 | 2.555986e+05 |   0.14%|  62.59%
 2333s| 12300 |   831 |  7308k| 529.5 |   253M | 165 |2024 |6606 |7659 |  50k|  0 |3773 |7420 | 2.552490e+05 | 2.555986e+05 |   0.14%|  62.60%
 2354s| 12400 |   831 |  7380k| 530.9 |   254M | 165 |2024 |6605 |7543 |  50k|  1 |3778 |7421 | 2.552502e+05 | 2.555986e+05 |   0.14%|  62.81%
 2382s| 12500 |   819 |  7465k| 533.2 |   260M | 165 |2024 |6596 |7610 |  50k|  2 |3784 |7424 | 2.552540e+05 | 2.555986e+05 |   0.14%|  63.11%
 2418s| 12600 |   819 |  7563k| 536.5 |   263M | 165 |2024 |6612 |7632 |  51k|  1 |3820 |7506 | 2.552597e+05 | 2.555986e+05 |   0.13%|  63.22%
 2454s| 12700 |   835 |  7655k| 539.2 |   268M | 165 |2024 |6627 |7618 |  51k|  0 |3846 |7569 | 2.552614e+05 | 2.555986e+05 |   0.13%|  63.30%
 2500s| 12800 |   827 |  7781k| 544.3 |   273M | 165 |2024 |6635 |7649 |  52k|  2 |3866 |7649 | 2.552620e+05 | 2.555986e+05 |   0.13%|  63.77%
 2540s| 12900 |   841 |  7892k| 548.2 |   281M | 165 |2024 |6658 |7701 |  52k|  2 |3899 |7744 | 2.552644e+05 | 2.555986e+05 |   0.13%|  63.89%
 2594s| 13000 |   847 |  8061k| 556.2 |   284M | 165 |2024 |6665 |7696 |  52k|  1 |3926 |7797 | 2.552654e+05 | 2.555986e+05 |   0.13%|  64.24%
 2626s| 13100 |   833 |  8161k| 559.3 |   290M | 165 |2024 |6676 |7797 |  53k|  0 |3957 |7858 | 2.552654e+05 | 2.555986e+05 |   0.13%|  64.48%
 time | node  | left  |LP iter|LP it/n|mem/heur|mdpt |vars |cons |rows |cuts |sepa|confs|strbr|  dualbound   | primalbound  |  gap   | compl. 
 2682s| 13200 |   835 |  8298k| 564.8 |   294M | 165 |2024 |6675 |7779 |  53k|  0 |3969 |7960 | 2.552654e+05 | 2.555986e+05 |   0.13%|  64.90%
 2710s| 13300 |   853 |  8375k| 566.2 |   295M | 165 |2024 |6697 |7640 |  53k|  1 |4000 |8003 | 2.552663e+05 | 2.555986e+05 |   0.13%|  65.01%
 2738s| 13400 |   851 |  8459k| 568.1 |   296M | 165 |2024 |6727 |7871 |  54k|  2 |4036 |8043 | 2.552667e+05 | 2.555986e+05 |   0.13%|  65.19%
 2767s| 13500 |   843 |  8546k| 570.1 |   296M | 165 |2024 |6742 |8041 |  54k|  0 |4053 |8072 | 2.552667e+05 | 2.555986e+05 |   0.13%|  65.20%
 2806s| 13600 |   855 |  8667k| 574.4 |   302M | 165 |2024 |6754 |7932 |  54k|  0 |4073 |8092 | 2.552668e+05 | 2.555986e+05 |   0.13%|  65.27%
 2835s| 13700 |   861 |  8760k| 576.7 |   302M | 165 |2024 |6759 |7960 |  55k|  1 |4081 |8105 | 2.552674e+05 | 2.555986e+05 |   0.13%|  65.31%
 2866s| 13800 |   869 |  8845k| 578.5 |   306M | 165 |2024 |6758 |7773 |  55k|  1 |4085 |8126 | 2.552677e+05 | 2.555986e+05 |   0.13%|  65.31%
 2912s| 13900 |   863 |  8982k| 583.7 |   309M | 165 |2024 |6754 |7859 |  55k|  1 |4087 |8131 | 2.552682e+05 | 2.555986e+05 |   0.13%|  65.62%
 2946s| 14000 |   897 |  9075k| 586.0 |   311M | 165 |2024 |6759 |7437 |  56k|  1 |4092 |8152 | 2.552683e+05 | 2.555986e+05 |   0.13%|  65.69%
 2986s| 14100 |   901 |  9184k| 589.2 |   313M | 165 |2024 |6768 |8066 |  56k|  0 |4107 |8176 | 2.552726e+05 | 2.555986e+05 |   0.13%|  65.84%
 3007s| 14200 |   925 |  9251k| 589.8 |   313M | 165 |2024 |6761 |7978 |  56k|  1 |4110 |8192 | 2.552742e+05 | 2.555986e+05 |   0.13%|  65.99%
 3027s| 14300 |   931 |  9320k| 590.4 |   314M | 165 |2024 |6766 |7627 |  56k|  1 |4122 |8192 | 2.552745e+05 | 2.555986e+05 |   0.13%|  66.10%
 3064s| 14400 |   931 |  9427k| 593.4 |   315M | 165 |2024 |6754 |8025 |  57k|  0 |4123 |8203 | 2.552761e+05 | 2.555986e+05 |   0.13%|  66.24%
 3100s| 14500 |   943 |  9514k| 595.2 |   320M | 165 |2024 |6753 |7398 |  57k|  1 |4131 |8237 | 2.552776e+05 | 2.555986e+05 |   0.13%|  66.34%
 3133s| 14600 |   967 |  9616k| 597.9 |   321M | 165 |2024 |6761 |8190 |  58k|  0 |4141 |8243 | 2.552786e+05 | 2.555986e+05 |   0.13%|  66.37%
 time | node  | left  |LP iter|LP it/n|mem/heur|mdpt |vars |cons |rows |cuts |sepa|confs|strbr|  dualbound   | primalbound  |  gap   | compl. 
 3176s| 14700 |   983 |  9729k| 601.2 |   325M | 165 |2024 |6755 |8074 |  58k|  3 |4145 |8272 | 2.552795e+05 | 2.555986e+05 |   0.12%|  66.56%
 3207s| 14800 |   963 |  9827k| 603.5 |   325M | 165 |2024 |6752 |8027 |  58k|  2 |4151 |8273 | 2.552813e+05 | 2.555986e+05 |   0.12%|  66.88%
 3241s| 14900 |   969 |  9928k| 606.0 |   326M | 165 |2024 |6748 |8128 |  58k|  0 |4159 |8279 | 2.552836e+05 | 2.555986e+05 |   0.12%|  67.05%
 3275s| 15000 |   985 | 10030k| 608.5 |   326M | 165 |2024 |6750 |8072 |  59k|  0 |4165 |8285 | 2.552839e+05 | 2.555986e+05 |   0.12%|  67.12%
 3317s| 15100 |  1001 | 10165k| 613.0 |   326M | 165 |2024 |6749 |7585 |  59k|  0 |4175 |8287 | 2.552873e+05 | 2.555986e+05 |   0.12%|  67.41%
 3360s| 15200 |  1011 | 10290k| 616.9 |   328M | 165 |2024 |6748 |8148 |  60k|  2 |4179 |8291 | 2.552879e+05 | 2.555986e+05 |   0.12%|  67.51%
 3390s| 15300 |  1011 | 10382k| 618.7 |   329M | 165 |2024 |6751 |7589 |  60k|  0 |4186 |8291 | 2.552898e+05 | 2.555986e+05 |   0.12%|  67.75%
 3430s| 15400 |  1017 | 10496k| 621.8 |   331M | 165 |2024 |6749 |8042 |  60k|  1 |4192 |8301 | 2.552910e+05 | 2.555986e+05 |   0.12%|  67.99%
 3460s| 15500 |  1023 | 10587k| 623.5 |   331M | 165 |2024 |6756 |8146 |  61k|  0 |4200 |8304 | 2.552927e+05 | 2.555986e+05 |   0.12%|  68.15%
 3523s| 15600 |   993 | 10732k| 628.4 |   333M | 165 |2024 |6781 |7877 |  61k|  1 |4236 |8427 | 2.552943e+05 | 2.555986e+05 |   0.12%|  68.48%
 3555s| 15700 |  1011 | 10824k| 630.1 |   337M | 165 |2024 |6792 |7646 |  61k|  1 |4249 |8455 | 2.552958e+05 | 2.555986e+05 |   0.12%|  68.55%
 3604s| 15800 |  1027 | 10945k| 633.5 |   338M | 165 |2024 |6805 |7459 |  61k|  0 |4274 |8567 | 2.552971e+05 | 2.555986e+05 |   0.12%|  68.64%
 3647s| 15900 |  1015 | 11053k| 636.1 |   338M | 165 |2024 |6825 |8249 |  62k|  4 |4301 |8623 | 2.552984e+05 | 2.555986e+05 |   0.12%|  68.86%
 3681s| 16000 |  1019 | 11153k| 638.2 |   345M | 165 |2024 |6840 |7921 |  62k|  1 |4321 |8670 | 2.552984e+05 | 2.555986e+05 |   0.12%|  68.88%
 3728s| 16100 |  1025 | 11267k| 641.1 |   350M | 165 |2024 |6873 |7938 |  62k|  1 |4371 |8763 | 2.553026e+05 | 2.555986e+05 |   0.12%|  69.19%
 time | node  | left  |LP iter|LP it/n|mem/heur|mdpt |vars |cons |rows |cuts |sepa|confs|strbr|  dualbound   | primalbound  |  gap   | compl. 
 3782s| 16200 |  1029 | 11391k| 644.5 |   360M | 165 |2024 |6899 |7995 |  63k|  0 |4410 |8843 | 2.553028e+05 | 2.555986e+05 |   0.12%|  69.43%
 3824s| 16300 |  1027 | 11517k| 647.9 |   364M | 165 |2024 |6926 |7979 |  63k|  1 |4444 |8876 | 2.553057e+05 | 2.555986e+05 |   0.11%|  69.56%
 3853s| 16400 |  1043 | 11597k| 648.8 |   368M | 165 |2024 |6946 |8037 |  63k|  5 |4469 |8914 | 2.553069e+05 | 2.555986e+05 |   0.11%|  69.65%
 3894s| 16500 |  1033 | 11717k| 651.9 |   373M | 165 |2024 |6952 |7723 |  64k|  1 |4486 |8938 | 2.553092e+05 | 2.555986e+05 |   0.11%|  69.83%
 3932s| 16600 |  1027 | 11818k| 653.9 |   379M | 165 |2024 |6948 |8081 |  64k|  0 |4500 |8987 | 2.553120e+05 | 2.555986e+05 |   0.11%|  69.95%
 3982s| 16700 |  1017 | 11939k| 656.9 |   383M | 165 |2024 |6932 |7853 |  64k|  0 |4521 |9050 | 2.553132e+05 | 2.555986e+05 |   0.11%|  70.20%
 4018s| 16800 |  1049 | 12041k| 659.0 |   387M | 165 |2024 |6930 |7496 |  65k|  1 |4536 |9103 | 2.553144e+05 | 2.555986e+05 |   0.11%|  70.23%
 4046s| 16900 |  1053 | 12127k| 660.0 |   389M | 165 |2024 |6942 |7972 |  65k|  0 |4554 |9122 | 2.553147e+05 | 2.555986e+05 |   0.11%|  70.40%
 4072s| 17000 |  1047 | 12210k| 661.0 |   393M | 165 |2024 |6950 |7942 |  65k|  0 |4574 |9138 | 2.553153e+05 | 2.555986e+05 |   0.11%|  70.55%
 4144s| 17100 |  1053 | 12394k| 667.4 |   398M | 165 |2024 |6936 |7902 |  66k|  0 |4588 |9182 | 2.553171e+05 | 2.555986e+05 |   0.11%|  70.69%
 4176s| 17200 |  1079 | 12488k| 668.8 |   398M | 165 |2024 |6941 |7982 |  66k|  1 |4596 |9197 | 2.553171e+05 | 2.555986e+05 |   0.11%|  70.69%
 4216s| 17300 |  1081 | 12609k| 671.7 |   400M | 165 |2024 |6932 |7998 |  66k|  0 |4604 |9203 | 2.553174e+05 | 2.555986e+05 |   0.11%|  70.87%
 4240s| 17400 |  1107 | 12677k| 671.8 |   401M | 165 |2024 |6930 |8006 |  67k|  1 |4610 |9216 | 2.553183e+05 | 2.555986e+05 |   0.11%|  70.95%
 4279s| 17500 |  1101 | 12787k| 674.0 |   405M | 165 |2024 |6925 |7636 |  67k|  1 |4626 |9236 | 2.553231e+05 | 2.555986e+05 |   0.11%|  71.14%
 4324s| 17600 |  1091 | 12920k| 677.5 |   407M | 165 |2024 |6927 |7957 |  68k|  1 |4643 |9250 | 2.553236e+05 | 2.555986e+05 |   0.11%|  71.34%
 time | node  | left  |LP iter|LP it/n|mem/heur|mdpt |vars |cons |rows |cuts |sepa|confs|strbr|  dualbound   | primalbound  |  gap   | compl. 
 4357s| 17700 |  1117 | 13014k| 678.9 |   407M | 165 |2024 |6926 |8170 |  68k|  0 |4652 |9267 | 2.553237e+05 | 2.555986e+05 |   0.11%|  71.41%
 4397s| 17800 |  1131 | 13133k| 681.5 |   409M | 165 |2024 |6920 |8026 |  68k|  0 |4659 |9271 | 2.553247e+05 | 2.555986e+05 |   0.11%|  71.53%
 4431s| 17900 |  1133 | 13232k| 683.1 |   409M | 165 |2024 |6896 |8130 |  69k|  0 |4667 |9280 | 2.553255e+05 | 2.555986e+05 |   0.11%|  71.71%
 4465s| 18000 |  1125 | 13334k| 684.9 |   410M | 165 |2024 |6882 |8061 |  69k|  0 |4675 |9292 | 2.553283e+05 | 2.555986e+05 |   0.11%|  71.80%
 4521s| 18100 |  1095 | 13494k| 689.6 |   411M | 165 |2024 |6871 |8054 |  69k|  0 |4686 |9310 | 2.553326e+05 | 2.555986e+05 |   0.10%|  72.11%
 4574s| 18200 |  1089 | 13625k| 692.8 |   419M | 165 |2024 |6868 |7729 |  70k|  5 |4698 |9357 | 2.553337e+05 | 2.555986e+05 |   0.10%|  72.29%
 4623s| 18300 |  1093 | 13747k| 695.4 |   424M | 165 |2024 |6871 |8044 |  70k|  0 |4724 |9437 | 2.553348e+05 | 2.555986e+05 |   0.10%|  72.43%
 4667s| 18400 |  1103 | 13854k| 697.4 |   428M | 165 |2024 |6883 |8024 |  70k|  1 |4749 |9515 | 2.553353e+05 | 2.555986e+05 |   0.10%|  72.55%
 4725s| 18500 |  1107 | 13995k| 700.9 |   432M | 165 |2024 |6919 |8034 |  71k|  0 |4801 |9603 | 2.553363e+05 | 2.555986e+05 |   0.10%|  72.95%
 4801s| 18600 |  1091 | 14195k| 707.4 |   441M | 165 |2024 |6979 |7630 |  71k|  0 |4878 |9727 | 2.553370e+05 | 2.555986e+05 |   0.10%|  73.45%
 4854s| 18700 |  1085 | 14316k| 710.0 |   448M | 165 |2024 |6989 |7395 |  71k|  2 |4929 |9857 | 2.553380e+05 | 2.555986e+05 |   0.10%|  73.67%
 4914s| 18800 |  1085 | 14440k| 712.6 |   454M | 165 |2024 |6989 |7647 |  72k|  0 |4959 |9950 | 2.553388e+05 | 2.555986e+05 |   0.10%|  74.12%
 4945s| 18900 |  1087 | 14532k| 713.6 |   456M | 165 |2024 |6978 |7947 |  72k|  0 |4983 |9996 | 2.553413e+05 | 2.555986e+05 |   0.10%|  74.30%
 4985s| 19000 |  1087 | 14642k| 715.5 |   461M | 165 |2024 |6994 |7937 |  72k|  1 |5016 |  10k| 2.553426e+05 | 2.555986e+05 |   0.10%|  74.45%
 5029s| 19100 |  1101 | 14752k| 717.4 |   464M | 165 |2024 |7027 |7692 |  73k|  1 |5061 |  10k| 2.553428e+05 | 2.555986e+05 |   0.10%|  74.51%
 time | node  | left  |LP iter|LP it/n|mem/heur|mdpt |vars |cons |rows |cuts |sepa|confs|strbr|  dualbound   | primalbound  |  gap   | compl. 
 5069s| 19200 |  1097 | 14868k| 719.5 |   469M | 165 |2024 |7029 |7883 |  73k|  0 |5075 |  10k| 2.553432e+05 | 2.555986e+05 |   0.10%|  74.60%
 5106s| 19300 |  1101 | 14980k| 721.5 |   472M | 165 |2024 |7023 |7857 |  73k|  0 |5091 |  10k| 2.553433e+05 | 2.555986e+05 |   0.10%|  74.77%
 5146s| 19400 |  1109 | 15083k| 723.0 |   474M | 165 |2024 |7014 |7916 |  74k|  1 |5099 |  10k| 2.553437e+05 | 2.555986e+05 |   0.10%|  74.92%
 5180s| 19500 |  1119 | 15185k| 724.4 |   476M | 165 |2024 |7026 |7749 |  74k|  1 |5113 |  10k| 2.553438e+05 | 2.555986e+05 |   0.10%|  74.94%
 5213s| 19600 |  1147 | 15282k| 725.6 |   478M | 165 |2024 |7030 |7905 |  75k|  0 |5123 |  10k| 2.553438e+05 | 2.555986e+05 |   0.10%|  74.94%
 5229s| 19700 |  1147 | 15327k| 724.2 |   479M | 165 |2024 |7023 |7933 |  75k|  0 |5123 |  10k| 2.553446e+05 | 2.555986e+05 |   0.10%|  75.06%
 5262s| 19800 |  1157 | 15418k| 725.1 |   479M | 165 |2024 |7011 |7918 |  75k|  2 |5135 |  10k| 2.553452e+05 | 2.555986e+05 |   0.10%|  75.25%
 5304s| 19900 |  1151 | 15540k| 727.5 |   481M | 165 |2024 |6990 |7780 |  75k|  1 |5140 |  10k| 2.553459e+05 | 2.555986e+05 |   0.10%|  75.34%
 5341s| 20000 |  1149 | 15651k| 729.2 |   484M | 165 |2024 |6996 |8028 |  76k|  0 |5152 |  10k| 2.553467e+05 | 2.555986e+05 |   0.10%|  75.46%
 5382s| 20100 |  1163 | 15759k| 730.9 |   486M | 165 |2024 |6991 |7997 |  76k|  1 |5171 |  10k| 2.553473e+05 | 2.555986e+05 |   0.10%|  75.50%
 5411s| 20200 |  1169 | 15840k| 731.2 |   486M | 165 |2024 |6991 |7965 |  76k|  1 |5181 |  10k| 2.553492e+05 | 2.555986e+05 |   0.10%|  75.54%
 5453s| 20300 |  1165 | 15933k| 732.2 |   486M | 165 |2024 |6993 |8093 |  77k|  0 |5193 |  10k| 2.553500e+05 | 2.555986e+05 |   0.10%|  75.75%
 5483s| 20400 |  1179 | 16017k| 732.7 |   487M | 165 |2024 |6995 |8049 |  77k|  0 |5205 |  10k| 2.553505e+05 | 2.555986e+05 |   0.10%|  75.82%
 5517s| 20500 |  1187 | 16120k| 734.0 |   488M | 165 |2024 |6959 |8205 |  78k|  0 |5205 |  10k| 2.553531e+05 | 2.555986e+05 |   0.10%|  75.94%
 5562s| 20600 |  1185 | 16254k| 736.8 |   492M | 165 |2024 |6946 |7993 |  78k|  1 |5224 |  10k| 2.553534e+05 | 2.555986e+05 |   0.10%|  76.17%
 time | node  | left  |LP iter|LP it/n|mem/heur|mdpt |vars |cons |rows |cuts |sepa|confs|strbr|  dualbound   | primalbound  |  gap   | compl. 
 5595s| 20700 |  1195 | 16340k| 737.3 |   492M | 165 |2024 |6945 |8004 |  78k|  1 |5235 |  10k| 2.553573e+05 | 2.555986e+05 |   0.09%|  76.34%
 5634s| 20800 |  1183 | 16450k| 739.0 |   494M | 165 |2024 |6944 |8024 |  78k|  0 |5241 |  10k| 2.553602e+05 | 2.555986e+05 |   0.09%|  76.53%
 5678s| 20900 |  1189 | 16571k| 741.1 |   494M | 165 |2024 |6941 |7948 |  79k|  1 |5246 |  10k| 2.553635e+05 | 2.555986e+05 |   0.09%|  76.66%
 5728s| 21000 |  1185 | 16701k| 743.6 |   498M | 165 |2024 |6934 |8057 |  79k|  0 |5256 |  10k| 2.553668e+05 | 2.555986e+05 |   0.09%|  76.91%
 5775s| 21100 |  1165 | 16825k| 745.8 |   499M | 165 |2024 |6917 |8530 |  80k|  1 |5263 |  10k| 2.553674e+05 | 2.555986e+05 |   0.09%|  77.22%
 5814s| 21200 |  1175 | 16931k| 747.2 |   500M | 165 |2024 |6906 |8063 |  80k|  0 |5272 |  10k| 2.553677e+05 | 2.555986e+05 |   0.09%|  77.38%
 5841s| 21300 |  1175 | 17017k| 747.7 |   500M | 165 |2024 |6911 |8232 |  80k|  2 |5286 |  10k| 2.553683e+05 | 2.555986e+05 |   0.09%|  77.52%
 5887s| 21400 |  1199 | 17124k| 749.1 |   501M | 165 |2024 |6916 |8227 |  81k|  1 |5297 |  10k| 2.553692e+05 | 2.555986e+05 |   0.09%|  77.62%
 5919s| 21500 |  1195 | 17219k| 750.0 |   502M | 165 |2024 |6925 |8214 |  81k|  0 |5311 |  10k| 2.553713e+05 | 2.555986e+05 |   0.09%|  77.77%
 5953s| 21600 |  1189 | 17311k| 750.7 |   503M | 165 |2024 |6924 |8269 |  81k|  0 |5321 |  10k| 2.553731e+05 | 2.555986e+05 |   0.09%|  77.95%
 6010s| 21700 |  1183 | 17454k| 753.7 |   511M | 165 |2024 |6919 |7289 |  81k|  1 |5347 |  10k| 2.553735e+05 | 2.555986e+05 |   0.09%|  78.14%
 6082s| 21800 |  1185 | 17633k| 758.1 |   514M | 165 |2024 |6915 |8059 |  82k|  1 |5382 |  10k| 2.553750e+05 | 2.555986e+05 |   0.09%|  78.33%
 6153s| 21900 |  1151 | 17807k| 762.3 |   517M | 165 |2024 |6959 |   0 |  82k|  0 |5471 |  10k| 2.553755e+05 | 2.555986e+05 |   0.09%|  80.97%
 6226s| 22000 |  1171 | 17968k| 766.0 |   522M | 165 |2024 |6979 |8032 |  82k|  0 |5507 |  10k| 2.553784e+05 | 2.555986e+05 |   0.09%|  81.07%
 6271s| 22100 |  1173 | 18072k| 767.2 |   523M | 165 |2024 |6984 |8076 |  83k|  0 |5514 |  10k| 2.553796e+05 | 2.555986e+05 |   0.09%|  81.09%
 time | node  | left  |LP iter|LP it/n|mem/heur|mdpt |vars |cons |rows |cuts |sepa|confs|strbr|  dualbound   | primalbound  |  gap   | compl. 
 6323s| 22200 |  1187 | 18201k| 769.4 |   526M | 165 |2024 |7004 |8087 |  83k|  2 |5537 |  11k| 2.553798e+05 | 2.555986e+05 |   0.09%|  81.09%
 6382s| 22300 |  1167 | 18344k| 772.2 |   527M | 165 |2024 |6998 |7880 |  84k|  2 |5554 |  11k| 2.553801e+05 | 2.555986e+05 |   0.09%|  81.23%
 6452s| 22400 |  1173 | 18505k| 775.7 |   527M | 165 |2024 |7004 |8023 |  84k|  1 |5597 |  11k| 2.553813e+05 | 2.555986e+05 |   0.09%|  82.07%
 6509s| 22500 |  1179 | 18658k| 778.8 |   529M | 165 |2024 |7002 |7591 |  84k|  0 |5618 |  11k| 2.553842e+05 | 2.555986e+05 |   0.08%|  82.30%
 6577s| 22600 |  1149 | 18811k| 782.0 |   533M | 165 |2024 |6958 |8195 |  85k|  0 |5650 |  11k| 2.553858e+05 | 2.555986e+05 |   0.08%|  82.62%
 6675s| 22700 |  1077 | 19021k| 787.5 |   536M | 165 |2024 |6867 |8142 |  85k|  1 |5655 |  11k| 2.553888e+05 | 2.555986e+05 |   0.08%|  83.68%
 6728s| 22800 |  1083 | 19141k| 789.2 |   541M | 165 |2024 |6870 |7905 |  85k|  3 |5675 |  11k| 2.553902e+05 | 2.555986e+05 |   0.08%|  83.81%
 6786s| 22900 |  1071 | 19298k| 792.4 |   543M | 165 |2024 |6868 |8891 |  86k|  0 |5691 |  11k| 2.553913e+05 | 2.555986e+05 |   0.08%|  84.10%
 6836s| 23000 |  1045 | 19410k| 793.7 |   545M | 165 |2024 |6858 |8227 |  86k|  2 |5723 |  11k| 2.553931e+05 | 2.555986e+05 |   0.08%|  84.68%
 6889s| 23100 |  1037 | 19542k| 795.9 |   562M | 165 |2024 |6847 |8405 |  86k|  2 |5730 |  11k| 2.553936e+05 | 2.555986e+05 |   0.08%|  84.94%
 6953s| 23200 |  1001 | 19694k| 798.8 |   567M | 165 |2024 |6814 |8115 |  87k|  0 |5737 |  11k| 2.553950e+05 | 2.555986e+05 |   0.08%|  85.36%
 7031s| 23300 |   917 | 19845k| 801.7 |   567M | 165 |2024 |6753 |  11k|  87k|  0 |5737 |  11k| 2.553985e+05 | 2.555986e+05 |   0.08%|  86.10%
 7121s| 23400 |   867 | 20012k| 805.2 |   567M | 165 |2024 |6739 |7434 |  87k|  0 |5739 |  11k| 2.554008e+05 | 2.555986e+05 |   0.08%|  86.64%
 7210s| 23500 |   781 | 20190k| 809.1 |   567M | 165 |2024 |6703 |  11k|  87k|  0 |5742 |  11k| 2.554053e+05 | 2.555986e+05 |   0.08%|  87.64%
 7299s| 23600 |   703 | 20349k| 812.3 |   568M | 165 |2024 |6686 |9257 |  87k|  0 |5750 |  11k| 2.554130e+05 | 2.555986e+05 |   0.07%|  89.05%
 time | node  | left  |LP iter|LP it/n|mem/heur|mdpt |vars |cons |rows |cuts |sepa|confs|strbr|  dualbound   | primalbound  |  gap   | compl. 
 7371s| 23700 |   627 | 20490k| 814.6 |   568M | 165 |2024 |6664 |  10k|  87k|  0 |5753 |  11k| 2.554196e+05 | 2.555986e+05 |   0.07%|  89.92%
 7426s| 23800 |   558 | 20589k| 815.3 |   569M | 165 |2024 |6643 |  11k|  87k|  0 |5764 |  11k| 2.554232e+05 | 2.555986e+05 |   0.07%|  90.88%
 7505s| 23900 |   456 | 20676k| 815.6 |   569M | 165 |2024 |6617 |  12k|  87k|  0 |5771 |  11k| 2.554344e+05 | 2.555986e+05 |   0.06%|  92.20%
 7613s| 24000 |   355 | 20798k| 817.2 |   569M | 165 |2024 |6600 |  13k|  87k|  0 |5778 |  11k| 2.554397e+05 | 2.555986e+05 |   0.06%|  93.92%
 7648s| 24100 |   254 | 20841k| 815.6 |   569M | 165 |2024 |6578 |  14k|  87k|  0 |5780 |  11k| 2.554476e+05 | 2.555986e+05 |   0.06%|  95.74%
 7747s| 24200 |   154 | 20924k| 815.7 |   569M | 165 |2024 |6565 |  15k|  87k|  0 |5780 |  11k| 2.554556e+05 | 2.555986e+05 |   0.06%|  97.66%
 7773s| 24300 |    53 | 20944k| 813.3 |   569M | 165 |2024 |6553 |  15k|  87k|  0 |5782 |  11k| 2.554852e+05 | 2.555986e+05 |   0.04%|  99.23%

SCIP Status        : problem is solved [optimal solution found]
Solving Time (sec) : 7811.58
Solving Nodes      : 24353 (total of 25715 nodes in 2 runs)
Primal Bound       : +2.55598628999998e+05 (64 solutions)
Dual Bound         : +2.55598628999998e+05
Gap                : 0.00 %

primal solution (original space):
=================================

objective value:                     255598.628999998
z#8                                                 1 	(obj:0)
z#13                                                1 	(obj:0)
z#19                                                1 	(obj:0)
z#22                                                1 	(obj:0)
z#27                                                1 	(obj:0)
z#47                                                1 	(obj:0)
z#67                                                1 	(obj:0)
z#70                                                1 	(obj:0)
z#80                                                1 	(obj:0)
z#85                                                1 	(obj:0)
z#88                                                1 	(obj:0)
z#109                                               1 	(obj:0)
z#118                                               1 	(obj:0)
z#151                                               1 	(obj:0)
z#164                                               1 	(obj:0)
z#168                                               1 	(obj:0)
z#186                                               1 	(obj:0)
z#195                                               1 	(obj:0)
z#214                                               1 	(obj:0)
z#218                                               1 	(obj:0)
z#231                                               1 	(obj:0)
z#246                                               1 	(obj:0)
z#280                                               1 	(obj:0)
z#294                                               1 	(obj:0)
z#304                                               1 	(obj:0)
z#307                                               1 	(obj:0)
z#313                                               1 	(obj:0)
z#318                                               1 	(obj:0)
z#332                                               1 	(obj:0)
z#335                                               1 	(obj:0)
z#338                                               1 	(obj:0)
z#342                                               1 	(obj:0)
z#357                                               1 	(obj:0)
z#372                                               1 	(obj:0)
z#380                                               1 	(obj:0)
z#386                                               1 	(obj:0)
z#395                                               1 	(obj:0)
z#400                                               1 	(obj:0)
z#407                                               1 	(obj:0)
z#416                                               1 	(obj:0)
z#428                                               1 	(obj:0)
z#433                               0.999999999999872 	(obj:0)
z#443                                               1 	(obj:0)
z#447                                               1 	(obj:0)
z#478                                               1 	(obj:0)
z#485                                               1 	(obj:0)
z#486                                               1 	(obj:0)
z#496                                               1 	(obj:0)
z#504                                               1 	(obj:0)
z#505                                               1 	(obj:0)
z#506                                               1 	(obj:0)
z#512                                               1 	(obj:0)
z#534                                               1 	(obj:0)
z#547                                               1 	(obj:0)
z#549                                               1 	(obj:0)
z#550                                               1 	(obj:0)
z#553                                               1 	(obj:0)
z#567                                               1 	(obj:0)
z#577                                               1 	(obj:0)
z#602                                               1 	(obj:0)
z#605                                               1 	(obj:0)
z#616                                               1 	(obj:0)
z#638                                               1 	(obj:0)
z#655                                               1 	(obj:0)
z#660                                               1 	(obj:0)
z#685                                               1 	(obj:0)
z#695                                1.00000000000006 	(obj:0)
z#700                                               1 	(obj:0)
z#705                                               1 	(obj:0)
z#712                                               1 	(obj:0)
z#727                                               1 	(obj:0)
z#730                                               1 	(obj:0)
z#737                                               1 	(obj:0)
z#763                                               1 	(obj:0)
z#767                                               1 	(obj:0)
z#770                                               1 	(obj:0)
z#779                                               1 	(obj:0)
z#794                                               1 	(obj:0)
z#798                                               1 	(obj:0)
z#805                                               1 	(obj:0)
z#811                                               1 	(obj:0)
z#826                                               1 	(obj:0)
z#828                                               1 	(obj:0)
z#829                                               1 	(obj:0)
z#848                                               1 	(obj:0)
z#849                                               1 	(obj:0)
z#878                                               1 	(obj:0)
z#890                                               1 	(obj:0)
z#919                                0.99999999992824 	(obj:0)
z#921                                               1 	(obj:0)
z#956                                               1 	(obj:0)
z#966                                               1 	(obj:0)
z#974                                               1 	(obj:0)
z#981                                               1 	(obj:0)
z#1011                                              1 	(obj:0)
z#1017                                              1 	(obj:0)
z#1025                                              1 	(obj:0)
z#1026                                              1 	(obj:0)
z#1031                                              1 	(obj:0)
z#1032                                              1 	(obj:0)
z#1044                                              1 	(obj:0)
z#1046                                              1 	(obj:0)
z#1063                                              1 	(obj:0)
z#1064                                              1 	(obj:0)
z#1069                                              1 	(obj:0)
z#1070                                              1 	(obj:0)
z#1073                                              1 	(obj:0)
z#1077                                              1 	(obj:0)
z#1086                                              1 	(obj:0)
z#1088                                              1 	(obj:0)
z#1103                                              1 	(obj:0)
z#1110                                              1 	(obj:0)
z#1130                                              1 	(obj:0)
z#1144                                              1 	(obj:0)
z#1145                                              1 	(obj:0)
z#1146                                              1 	(obj:0)
z#1162                                              1 	(obj:0)
z#1180                                              1 	(obj:0)
z#1185                                              1 	(obj:0)
z#1197                                              1 	(obj:0)
z#1202                                              1 	(obj:0)
z#1213                                              1 	(obj:0)
z#1225                                              1 	(obj:0)
z#1248                                              1 	(obj:0)
z#1262                                              1 	(obj:0)
z#1263                                              1 	(obj:0)
z#1273                                              1 	(obj:0)
z#1275                                              1 	(obj:0)
z#1285                                              1 	(obj:0)
z#1290                                              1 	(obj:0)
z#1299                                              1 	(obj:0)
z#1318                                              1 	(obj:0)
z#1319                                              1 	(obj:0)
z#1328                                              1 	(obj:0)
z#1331                                              1 	(obj:0)
z#1334                                              1 	(obj:0)
z#1367                                              1 	(obj:0)
z#1373                                              1 	(obj:0)
z#1374                                              1 	(obj:0)
z#1393                                              1 	(obj:0)
z#1416                                              1 	(obj:0)
z#1420                                              1 	(obj:0)
z#1428                                              1 	(obj:0)
z#1452                                              1 	(obj:0)
z#1457                                              1 	(obj:0)
z#1459                                              1 	(obj:0)
z#1460                                              1 	(obj:0)
z#1468                                              1 	(obj:0)
z#1472                                              1 	(obj:0)
z#1494                                              1 	(obj:0)
z#1504                                              1 	(obj:0)
z#1513                                              1 	(obj:0)
z#1534                                              1 	(obj:0)
z#1541                                              1 	(obj:0)
z#1552                                              1 	(obj:0)
z#1557                                              1 	(obj:0)
z#1563                                              1 	(obj:0)
z#1575                                              1 	(obj:0)
z#1597                                              1 	(obj:0)
z#1609                                              1 	(obj:0)
z#1625                                              1 	(obj:0)
z#1642                                              1 	(obj:0)
z#1675                                              1 	(obj:0)
z#1693                                              1 	(obj:0)
z#1702                                              1 	(obj:0)
z#1710                                              1 	(obj:0)
z#1712                                              1 	(obj:0)
z#1739                                              1 	(obj:0)
z#1766                                              1 	(obj:0)
z#1780                                              1 	(obj:0)
z#1796                                              1 	(obj:0)
z#1797                                              1 	(obj:0)
z#1804                                              1 	(obj:0)
z#1805                                              1 	(obj:0)
z#1806                                              1 	(obj:0)
z#1808                                              1 	(obj:0)
z#1810                                              1 	(obj:0)
z#1812                                              1 	(obj:0)
z#1815                                              1 	(obj:0)
z#1822                                              1 	(obj:0)
z#1828                                              1 	(obj:0)
z#1847                                              1 	(obj:0)
z#1859                                              1 	(obj:0)
z#1868                                              1 	(obj:0)
z#1871                                              1 	(obj:0)
z#1873                                              1 	(obj:0)
z#1879                                              1 	(obj:0)
z#1881                                              1 	(obj:0)
z#1915                                              1 	(obj:0)
z#1919                                              1 	(obj:0)
z#1924                                              1 	(obj:0)
z#1935                                              1 	(obj:0)
z#1936                                              1 	(obj:0)
z#1939                                              1 	(obj:0)
z#1947                                              1 	(obj:0)
z#1948                                              1 	(obj:0)
z#1956                                              1 	(obj:0)
z#1967                                              1 	(obj:0)
z#1974                                              1 	(obj:0)
z#1985                                              1 	(obj:0)
x#26                                 397.113000000003 	(obj:105)
y#0                                  138.199999999996 	(obj:112)
y#24                                            132.8 	(obj:107)
x#0                                  418.800000000004 	(obj:211)
x#1                                  19.4530000000001 	(obj:249)
x#2                                  22.3259999999821 	(obj:209)
x#4                                  49.8380000000178 	(obj:132)
x#8                                  6.99000000000004 	(obj:124)
x#9                                  153.963999999997 	(obj:113)
x#12                                 395.801000000004 	(obj:104)
x#14                                 35.6759999999999 	(obj:130)
x#16                                 47.4439999999821 	(obj:140)
x#19                                 84.5830000000145 	(obj:107)
u#0                                  418.800000000004 	(obj:0)
u#1                                  438.253000000004 	(obj:0)
u#2                                  460.578999999986 	(obj:0)
u#3                                  460.578999999986 	(obj:0)
u#4                                  510.417000000004 	(obj:0)
u#5                                  510.417000000004 	(obj:0)
u#6                                  510.417000000003 	(obj:0)
u#7                                  510.417000000004 	(obj:0)
u#8                                  517.407000000004 	(obj:0)
u#9                                           671.371 	(obj:0)
u#10                                          671.371 	(obj:0)
u#11                                          671.371 	(obj:0)
u#12                                         1067.172 	(obj:0)
u#13                                         1067.172 	(obj:0)
u#14                                         1102.848 	(obj:0)
u#15                                          684.048 	(obj:0)
u#16                                 712.038999999982 	(obj:0)
u#17                                          689.713 	(obj:0)
u#18                                          689.713 	(obj:0)
u#19                                 724.457999999997 	(obj:0)
u#20                                 724.457999999997 	(obj:0)
u#21                                 724.457999999997 	(obj:0)
u#22                                 724.457999999997 	(obj:0)
u#23                                 717.467999999997 	(obj:0)
u#24                                          563.504 	(obj:0)
u#25                                          563.504 	(obj:0)
u#26                                 960.617000000004 	(obj:0)
u#27                                          564.816 	(obj:0)
u#28                                          564.816 	(obj:0)
u#29                                           529.14 	(obj:0)
v#0                                  138.199999999996 	(obj:0)
v#1                                  138.199999999996 	(obj:0)
v#2                                  138.199999999996 	(obj:0)
v#3                                  138.199999999996 	(obj:0)
v#4                                  138.199999999996 	(obj:0)
v#5                                  138.199999999996 	(obj:0)
v#6                                  138.199999999996 	(obj:0)
v#7                                  138.199999999996 	(obj:0)
v#8                                  138.199999999996 	(obj:0)
v#9                                  138.199999999996 	(obj:0)
v#24                                            132.8 	(obj:0)
v#25                                            132.8 	(obj:0)
v#26                                            132.8 	(obj:0)
v#27                                            132.8 	(obj:0)
v#28                                            132.8 	(obj:0)
v#29                                            132.8 	(obj:0)
w#0                                               557 	(obj:0)
w#1                                           576.453 	(obj:0)
w#2                                  598.778999999982 	(obj:0)
w#3                                  598.778999999982 	(obj:0)
w#4                                           648.617 	(obj:0)
w#5                                           648.617 	(obj:0)
w#6                                           648.617 	(obj:0)
w#7                                           648.617 	(obj:0)
w#8                                           655.607 	(obj:0)
w#9                                  809.570999999997 	(obj:0)
w#10                                          671.371 	(obj:0)
w#11                                          671.371 	(obj:0)
w#12                                         1067.172 	(obj:0)
w#13                                         1067.172 	(obj:0)
w#14                                         1102.848 	(obj:0)
w#15                                          684.048 	(obj:0)
w#16                                 712.038999999982 	(obj:0)
w#17                                          689.713 	(obj:0)
w#18                                          689.713 	(obj:0)
w#19                                 724.457999999997 	(obj:0)
w#20                                 724.457999999997 	(obj:0)
w#21                                 724.457999999997 	(obj:0)
w#22                                 724.457999999997 	(obj:0)
w#23                                 717.467999999997 	(obj:0)
w#24                                          696.304 	(obj:0)
w#25                                          696.304 	(obj:0)
w#26                                         1093.417 	(obj:0)
w#27                                          697.616 	(obj:0)
w#28                                          697.616 	(obj:0)
w#29                                           661.94 	(obj:0)

Statistics
==========

SCIP Status        : problem is solved [optimal solution found]
Total Time         :    7811.70
  solving          :    7811.58
  presolving       :       0.23 (included in solving)
  reading          :       0.12
  copying          :       0.48 (38 #copies) (minimal 0.01, maximal 0.02, average 0.01)
Original Problem   :
  Problem name     : CCMPPData/30-2000-0
  Variables        : 2150 (2000 binary, 0 integer, 0 implicit integer, 150 continuous)
  Constraints      : 6122 initial, 6122 maximal
  Objective        : minimize, 60 non-zeros (abs.min = 104, abs.max = 300)
Presolved Problem  :
  Problem name     : t_CCMPPData/30-2000-0
  Variables        : 2024 (1912 binary, 0 integer, 0 implicit integer, 112 continuous)
  Constraints      : 6736 initial, 7039 maximal
  Objective        : minimize, 58 non-zeros (abs.min = 104, abs.max = 300)
  Nonzeros         : 44142 constraint, 0 clique table
Presolvers         :   ExecTime  SetupTime  Calls  FixedVars   AggrVars   ChgTypes  ChgBounds   AddHoles    DelCons    AddCons   ChgSides   ChgCoefs
  boundshift       :       0.00       0.00      0          0          0          0          0          0          0          0          0          0
  convertinttobin  :       0.00       0.00      0          0          0          0          0          0          0          0          0          0
  domcol           :       0.05       0.00      2          0          0          0          0          0          0          0          0          0
  dualagg          :       0.00       0.00      0          0          0          0          0          0          0          0          0          0
  dualcomp         :       0.01       0.00      2          0          0          0          0          0          0          0          0          0
  dualinfer        :       0.00       0.00      0          0          0          0          0          0          0          0          0          0
  dualsparsify     :       0.02       0.00      1          0          0          0          0          0          0          0          0          0
  gateextraction   :       0.00       0.00      0          0          0          0          0          0          0          0          0          0
  implics          :       0.00       0.00      5          0          0          0          0          0          0          0          0          0
  inttobinary      :       0.00       0.00      0          0          0          0          0          0          0          0          0          0
  milp             :       0.03       0.00      1          2         32          0         11          0          0          0          0          0
  qpkktref         :       0.00       0.00      0          0          0          0          0          0          0          0          0          0
  redvub           :       0.00       0.00      0          0          0          0          0          0          0          0          0          0
  sparsify         :       0.00       0.00      1          0          0          0          0          0          0          0          0          0
  stuffing         :       0.00       0.00      0          0          0          0          0          0          0          0          0          0
  trivial          :       0.00       0.00      8          0          0          0          0          0          0          0          0          0
  tworowbnd        :       0.00       0.00      0          0          0          0          0          0          0          0          0          0
  dualfix          :       0.00       0.00      8         88          0          0          0          0          0          0          0          0
  genvbounds       :       0.00       0.00      0          0          0          0          0          0          0          0          0          0
  probing          :       0.08       0.00      1          0          0          0          0          0          0          0          0          0
  pseudoobj        :       0.00       0.00      1          0          0          0          0          0          0          0          0          0
  symmetry         :       0.00       0.00      1          0          0          0          0          0          0          0          0          0
  vbounds          :       0.00       0.00      0          0          0          0          0          0          0          0          0          0
  chancecons       :       0.00       0.00      0          0          0          0          0          0          0          0          0          0
  varbound         :       0.01       0.00      7          0          0          0          0          0          0          0          0          0
  knapsack         :       0.00       0.00      7          0          0          0          0          0          0          0          0          0
  linear           :       0.02       0.00     12          0          4          0         75          0        115          0          0          0
  logicor          :       0.00       0.00      6          0          0          0          0          0          0          0          0          2
  bounddisjunction :       0.00       0.00      3          0          0          0          0          0          0          0          0          0
  benders          :       0.00       0.00      0          0          0          0          0          0          0          0          0          0
  components       :       0.00       0.00      2          0          0          0          0          0          0          0          0          0
  root node        :          -          -      -         26          -          -       1179          -          -          -          -          -
Constraints        :     Number  MaxNumber  #Separate #Propagate    #EnfoLP    #EnfoRelax  #EnfoPS    #Check   #ResProp    Cutoffs    DomReds       Cuts    Applied      Conss   Children
  benderslp        :          0          0          0          0      15722          0          0       3108          0          0          0          0          0          0          0
  chancecons       :          1          1       3485          0          0          0          0          0          0          0          0      22761      20787          0          0
  integral         :          0          0          0          0      15722          0          0       3108          0          0      13157          0          0       2288      26752
  varbound         :       5925       5925         86     211380          9          0          0       3102     150126         64     420620          0          0          0          0
  knapsack         :          1          1         86     211927          9          0          0        101        513        674       6814          0          0          0          0
  linear           :        514+       516         86     211566          9          0          0         86       8704        303     837865         99         38          0          0
  logicor          :          7+       377         38      18713          0          0          0          0         65          2         64          0          0          0          0
  bounddisjunction :        288+       399          0      42020          0          0          0          0       1093        191       2323          0          0          0          0
  benders          :          0          0          0          0          9          0          0         84          0          0          0          0          0          0          0
  fixedvar         :          0          0          0          0          9          0          0         84          0          0          0          0          0          0          0
  countsols        :          0          0          0          0          9          0          0         84          0          0          0          0          0          0          0
  components       :          0          0          0          0          0          0          0          0          0          0          0          0          0          0          0
Constraint Timings :  TotalTime  SetupTime   Separate  Propagate     EnfoLP     EnfoPS     EnfoRelax   Check    ResProp    SB-Prop
  benderslp        :       0.01       0.00       0.00       0.00       0.01       0.00       0.00       0.00       0.00       0.00
  chancecons       :       1.92       0.00       1.92       0.00       0.00       0.00       0.00       0.00       0.00       0.00
  integral         :    1116.10       0.00       0.00       0.00    1116.10       0.00       0.00       0.00       0.00       0.00
  varbound         :      11.12       0.00       0.05       7.36       0.00       0.00       0.00       0.04       0.02       3.64
  knapsack         :       1.24       0.00       0.79       0.37       0.00       0.00       0.00       0.00       0.01       0.07
  linear           :       7.98       0.00       0.11       5.23       0.00       0.00       0.00       0.00       0.01       2.63
  logicor          :       0.19       0.00       0.00       0.18       0.00       0.00       0.00       0.00       0.00       0.01
  bounddisjunction :       0.61       0.00       0.00       0.44       0.00       0.00       0.00       0.00       0.00       0.17
  benders          :       0.00       0.00       0.00       0.00       0.00       0.00       0.00       0.00       0.00       0.00
  fixedvar         :       0.00       0.00       0.00       0.00       0.00       0.00       0.00       0.00       0.00       0.00
  countsols        :       0.00       0.00       0.00       0.00       0.00       0.00       0.00       0.00       0.00       0.00
  components       :       0.02       0.00       0.00       0.02       0.00       0.00       0.00       0.00       0.00       0.01
Propagators        : #Propagate   #ResProp    Cutoffs    DomReds
  dualfix          :          9          0          0          0
  genvbounds       :          0          0          0          0
  nlobbt           :          0          0          0          0
  obbt             :          0          0          0          0
  probing          :          0          0          0          0
  pseudoobj        :     109936          0          0        123
  redcost          :      47074          0          0    2214455
  rootredcost      :         19          0          0        264
  symmetry         :          0          0          0          0
  vbounds          :      67552          0          0          0
Propagator Timings :  TotalTime  SetupTime   Presolve  Propagate    ResProp    SB-Prop
  dualfix          :       0.00       0.00       0.00       0.00       0.00       0.00
  genvbounds       :       0.05       0.00       0.00       0.04       0.00       0.01
  nlobbt           :       0.00       0.00       0.00       0.00       0.00       0.00
  obbt             :       0.00       0.00       0.00       0.00       0.00       0.00
  probing          :       0.08       0.00       0.08       0.00       0.00       0.00
  pseudoobj        :       0.43       0.00       0.00       0.43       0.00       0.01
  redcost          :       4.23       0.00       0.00       4.22       0.00       0.01
  rootredcost      :       0.06       0.00       0.00       0.05       0.00       0.01
  symmetry         :       0.07       0.00       0.00       0.05       0.00       0.02
  vbounds          :       0.35       0.00       0.00       0.33       0.00       0.03
Symmetry           :
  orbitopal red.   :          0 reductions applied,          0 cutoffs
  orbital reduction:          0 reductions applied,          0 cutoffs
  lexicographic red:          0 reductions applied,          0 cutoffs
  shadow tree time :       0.00 s
Conflict Analysis  :       Time      Calls    Success    DomReds  Conflicts   Literals    Reconvs ReconvLits   Dualrays   Nonzeros   LP Iters   (pool size: [10000,10000])
  propagation      :       0.08        932        872          -       3596       83.4         73        7.0          -          -          -
  infeasible LP    :       0.00          0          0          -          0        0.0          0        0.0          0        0.0          0
  bound exceed. LP :      15.26       7584       2232          -       6816       63.5         22        7.8        153        5.7      39696
  strong branching :       0.00          0          0          -          0        0.0          0        0.0          -          -          0
  pseudo solution  :       0.00          0          0          -          0        0.0          0        0.0          -          -          -
  applied globally :       0.09          -          -        140       5633       68.5          -          -        153          -          -
  applied locally  :          -          -          -          0          0        0.0          -          -          0          -          -
Separators         :   ExecTime  SetupTime      Calls  RootCalls    Cutoffs    DomReds  FoundCuts ViaPoolAdd  DirectAdd    Applied ViaPoolApp  DirectApp      Conss
  cut pool         :       2.83          -       5026        171          -          -      78534     766578          -          -          -          -          -    (maximal pool size:      26008)
  aggregation      :       4.66       0.00        721         86          0          0      71741     659650          0      56702      56702          0          0
  > cmir           :          -          -          -          -          -          -          -     659648          0      56702      56702          0          -
  > flowcover      :          -          -          -          -          -          -          -          2          0          0          0          0          -
  > knapsackcover  :          -          -          -          -          -          -          -          0          0          0          0          0          -
  cgmip            :       0.00       0.00          0          0          0          0          0          0          0          0          0          0          0
  clique           :       0.00       0.00          2          2          0          0          0          0          0          0          0          0          0
  closecuts        :       0.00       0.00          0          0          0          0          0          0          0          0          0          0          0
  convexproj       :       0.00       0.00          0          0          0          0          0          0          0          0          0          0          0
  disjunctive      :       0.00       0.00          0          0          0          0          0          0          0          0          0          0          0
  eccuts           :       0.00       0.00          0          0          0          0          0          0          0          0          0          0          0
  gauge            :       0.00       0.00          0          0          0          0          0          0          0          0          0          0          0
  gomory           :      12.25       0.00        637         20          0          0       6793     106928          0      18844      18844          0          0
  > gomorymi       :          -          -          -          -          -          -          -     106928          0      18844      18844          0          -
  > strongcg       :          -          -          -          -          -          -          -          0          0          0          0          0          -
  impliedbounds    :       0.09       0.00        721         86          0          0          0          0          0          0          0          0          0
  interminor       :       0.00       0.00          0          0          0          0          0          0          0          0          0          0          0
  intobj           :       0.00       0.00          0          0          0          0          0          0          0          0          0          0          0
  lagromory        :       0.00       0.00          0          0          0          0          0          0          0          0          0          0          0
  mcf              :       0.00       0.00          2          2          0          0          0          0          0          0          0          0          0
  minor            :       0.00       0.00         20         20          0          0          0          0          0          0          0          0          0
  mixing           :       0.00       0.00          0          0          0          0          0          0          0          0          0          0          0
  oddcycle         :       0.00       0.00          0          0          0          0          0          0          0          0          0          0          0
  rapidlearning    :       0.00       0.00          0          0          0          0          0          0          0          0          0          0          0
  rlt              :       0.00       0.00         20         20          0          0          0          0          0          0          0          0          0
  zerohalf         :       0.69       0.00        657         40          0          0          0          0          0          0          0          0          0
Cutselectors       :   ExecTime  SetupTime      Calls  RootCalls   Selected     Forced   Filtered  RootSelec   RootForc   RootFilt 
  hybrid           :       0.87       0.00       4437         87      96371          0     693067       4640          0      81262
  ensemble         :       0.00       0.00          0          0          0          0          0          0          0          0
  dynamic          :       0.00       0.00          0          0          0          0          0          0          0          0
Pricers            :   ExecTime  SetupTime      Calls       Vars
  problem variables:       0.00          -          0          0
Branching Rules    :   ExecTime  SetupTime   BranchLP  BranchExt   BranchPS    Cutoffs    DomReds       Cuts      Conss   Children
  allfullstrong    :       0.00       0.00          0          0          0          0          0          0          0          0
  cloud            :       0.00       0.00          0          0          0          0          0          0          0          0
  distribution     :       0.00       0.00          0          0          0          0          0          0          0          0
  fullstrong       :       0.00       0.00          0          0          0          0          0          0          0          0
  gomory           :       0.00       0.00          0          0          0          0          0          0          0          0
  inference        :       0.00       0.00          0          0          0          0          0          0          0          0
  leastinf         :       0.00       0.00          0          0          0          0          0          0          0          0
  lookahead        :       0.00       0.00          0          0          0          0          0          0          0          0
  mostinf          :       0.00       0.00          0          0          0          0          0          0          0          0
  multaggr         :       0.00       0.00          0          0          0          0          0          0          0          0
  nodereopt        :       0.00       0.00          0          0          0          0          0          0          0          0
  pscost           :       0.00       0.00          0          0          0          0          0          0          0          0
  random           :       0.00       0.00          0          0          0          0          0          0          0          0
  relpscost        :    1116.07       0.00      15713          0          0          0      13157          0       2610      26752
  vanillafullstrong:       0.00       0.00          0          0          0          0          0          0          0          0
Primal Heuristics  :   ExecTime  SetupTime      Calls      Found       Best
  LP solutions     :       0.01          -          -          9          9
  relax solutions  :       0.00          -          -          0          0
  pseudo solutions :       0.00          -          -          0          0
  strong branching :       0.04          -          -          0          0
  actconsdiving    :       0.00       0.00          0          0          0
  adaptivediving   :       8.95       0.00         40          2          2
  alns             :       0.92       0.00          8          2          2
  bound            :       0.00       0.00          0          0          0
  clique           :       0.00       0.00          0          0          0
  coefdiving       :       0.00       0.00          0          0          0
  completesol      :       0.00       0.00          0          0          0
  conflictdiving   :       3.37       0.00         21          0          0
  crossover        :       1.54       0.00         18         13          3
  dins             :       0.00       0.00          0          0          0
  distributiondivin:       4.76       0.00         20          0          0
  dps              :       0.00       0.00          0          0          0
  dualval          :       0.00       0.00          0          0          0
  farkasdiving     :       0.00       0.00          0          0          0
  feaspump         :       0.70       0.00          1          1          1
  fixandinfer      :       0.00       0.00          0          0          0
  fracdiving       :       6.94       0.00         21          1          1
  gins             :       0.02       0.00          0          0          0
  guideddiving     :       7.57       0.00         21          0          0
  indicator        :       0.01       0.00          0          0          0
  indicatordiving  :       0.00       0.00          0          0          0
  intdiving        :       0.00       0.00          0          0          0
  intshifting      :       2.39       0.00         43          1          1
  linesearchdiving :       4.31       0.00         21          1          1
  localbranching   :       0.00       0.00          0          0          0
  locks            :       0.02       0.00          1          1          1
  lpface           :       0.01       0.00          0          0          0
  mpec             :       0.00       0.00          0          0          0
  multistart       :       0.00       0.00          0          0          0
  mutation         :       0.00       0.00          0          0          0
  nlpdiving        :       0.00       0.00          0          0          0
  objpscostdiving  :      36.38       0.00         11         11          0
  octane           :       0.00       0.00          0          0          0
  ofins            :       0.01       0.00          0          0          0
  oneopt           :       0.04       0.00         19          0          0
  padm             :       0.00       0.00          0          0          0
  proximity        :       0.00       0.00          0          0          0
  pscostdiving     :       7.43       0.00         21          0          0
  randrounding     :       0.81       0.00       3048          0          0
  rens             :       3.43       0.00          2          2          1
  reoptsols        :       0.00       0.00          0          0          0
  repair           :       0.00       0.00          0          0          0
  rins             :       1.58       0.00         10          9          0
  rootsoldiving    :       6.06       0.00         11         11          0
  rounding         :       0.80       0.00       2035          0          0
  scheduler        :       0.00       0.00          0          0          0
  shiftandpropagate:       0.00       0.00          0          0          0
  shifting         :       7.44       0.00        981          0          0
  simplerounding   :       0.02       0.00          0          0          0
  subnlp           :       0.02       0.00          0          0          0
  trivial          :       0.00       0.00          4          0          0
  trivialnegation  :       0.00       0.00          0          0          0
  trustregion      :       0.00       0.00          0          0          0
  trysol           :       0.02       0.00          0          0          0
  twoopt           :       0.00       0.00          0          0          0
  undercover       :       0.00       0.00          0          0          0
  vbounds          :       0.02       0.00          2          0          0
  veclendiving     :       0.53       0.00         20          0          0
  zeroobj          :       0.00       0.00          0          0          0
  zirounding       :       0.28       0.00       1000          0          0
  other solutions  :          -          -          -          0          -
LNS (Scheduler)    :      Calls  SetupTime  SolveTime SolveNodes       Sols       Best       Exp3    Exp3-IX  EpsGreedy        UCB TgtFixRate  Opt  Inf Node Stal  Sol  Usr Othr Actv
  rens             :          0       0.00       0.00          0          0          0    0.00000    0.12500   -1.00000    1.00000      0.900    0    0    0    0    0    0    0    1
  rins             :          0       0.00       0.00          0          0          0    0.00000    0.12500   -1.00000    1.00000      0.900    0    0    0    0    0    0    0    1
  mutation         :          0       0.00       0.00          0          0          0    0.00000    0.12500   -1.00000    1.00000      0.900    0    0    0    0    0    0    0    1
  localbranching   :          0       0.00       0.00          0          0          0    0.00000    0.12500   -1.00000    1.00000      0.900    0    0    0    0    0    0    0    1
  crossover        :          0       0.00       0.00          0          0          0    0.00000    0.12500   -1.00000    1.00000      0.900    0    0    0    0    0    0    0    1
  proximity        :          0       0.00       0.00          0          0          0    0.00000    0.12500   -1.00000    1.00000      0.900    0    0    0    0    0    0    0    1
  zeroobjective    :          0       0.00       0.00          0          0          0    0.00000    0.12500   -1.00000    1.00000      0.900    0    0    0    0    0    0    0    1
  dins             :          0       0.00       0.00          0          0          0    0.00000    0.12500   -1.00000    1.00000      0.900    0    0    0    0    0    0    0    1
  trustregion      :          0       0.00       0.00          0          0          0    0.00000    0.00000   -1.00000    1.00000      0.900    0    0    0    0    0    0    0    0
LP                 :       Time      Calls Iterations  Iter/call   Iter/sec  Time-0-It Calls-0-It    ItLimit
  primal LP        :       3.27       2339          7       7.00       2.14       3.26       2338
  dual LP          :    6413.19      41110   20562595     633.16    3206.30      12.10       8634
  lex dual LP      :       0.00          0          0       0.00          -
  barrier LP       :       0.00          0          0       0.00          -       0.00          0
  resolve instable :       0.00          0          0       0.00          -
  diving/probing LP:     105.35       4195     416766      99.35    3955.90
  strong branching :    1050.00      11448    3722232     325.14    3544.98          -          -       3823
    (at root node) :          -         49      40553     827.61          -
  conflict analysis:      10.75       3976      39696       9.98    3693.48
B&B Tree           :
  number of runs   :          2
  nodes            :      24353 (12428 internal, 11925 leaves)
  feasible leaves  :          7
  infeas. leaves   :        322
  objective leaves :      11596
  nodes (total)    :      25715 (13376 internal, 12339 leaves)
  nodes left       :          0
  max depth        :        165
  max depth (total):        165
  backtracks       :       5825 (23.9%)
  early backtracks :          0 (0.0%)
  nodes exc. ref.  :          0 (0.0%)
  delayed cutoffs  :          6
  repropagations   :       2499 (5372 domain reductions, 1 cutoffs)
  avg switch length:       8.43
  switching time   :      10.23
Root Node          :
  First LP value   : +2.51485967291493e+05
  First LP Iters   :       1864 (12404.17 Iter/sec)
  First LP Time    :       0.15
  Final Dual Bound : +2.55084370806161e+05
  Final Root Iters :      74316
  Root LP Estimate : +2.57316196045081e+05
Solution           :
  Solutions found  :         64 (22 improvements)
  First Solution   : +2.59282653000000e+05   (in run 1, after 1 nodes, 0.22 seconds, depth 201, found by <locks>)
  Gap First Sol.   :   infinite
  Gap Last Sol.    :       0.14 %
  Primal Bound     : +2.55598628999998e+05   (in run 2, after 11775 nodes, 2235.79 seconds, depth 32, found by <crossover>)
  Dual Bound       : +2.55598628999998e+05
  Gap              :       0.00 %
Integrals          :      Total       Avg%
  primal-dual      :    1105.42       0.14
  primal-ref       :          -          - (not evaluated)
  dual-ref         :          -          - (not evaluated)

 Branching Statistics...

 Total number of propagations -> 0

 Number of cutoffs of KnaCons -> 0

 Total number of variables fixed to 1 by the propagator -> 0

 Total number of variables fixed to 0 by the propagator -> 0

 Maximum number of rounds of the approximation algorithm -> 0

 Runtime of the exact algorithm -> 0.0000 s

 Total number of variables fixed to 1 in the exact algorithm -> 0

 Total number of variables fixed to 0 in the exact algorithm -> 0

 Number of cutoffs in the exact algorithm -> 0

 Number of cutoffs in the approximation algorithm -> 0

 PS:  
