***************************************
*         SCIP-based CCP Solver       *
*                                     *
*    Wei Lv and Wei-Kun Chen (2024)   *
***************************************
/beegfs/home/30150120/SCIP-CCP/build/ccp -f data/CCMPPData/50-1000-0.ccmpp -s settings/CCMPPSetting/BASE2.set 
SCIP version 9.1.0 [precision: 8 byte] [memory: block] [mode: optimized] [LP solver: Soplex 7.1.0] [GitHash: 8cab0278ba]
Copyright (c) 2002-2024 Zuse Institute Berlin (ZIB)

External libraries: 
  Soplex 7.1.0         Linear Programming Solver developed at Zuse Institute Berlin (soplex.zib.de) [GitHash: 595bfac9]
  CppAD 20180000.0     Algorithmic Differentiation of C++ algorithms developed by B. Bell (github.com/coin-or/CppAD)
  ZLIB 1.2.7           General purpose compression library by J. Gailly and M. Adler (zlib.net)
  GMP 6.2.1            GNU Multiple Precision Arithmetic Library developed by T. Granlund (gmplib.org)
  AMPL/MP 690e9e7      AMPL .nl file reader library (github.com/ampl/mp)
  PaPILO 2.3.0         parallel presolve for integer and linear optimization (github.com/scipopt/papilo) (built with TBB) [GitHash: 4b8ce6ed]
  Nauty 2.8.8          Computing Graph Automorphism Groups by Brendan D. McKay (users.cecs.anu.edu.au/~bdm/nauty)
  sassy 1.1            Symmetry preprocessor by Markus Anders (github.com/markusa4/sassy)

reading user parameter file <settings/CCMPPSetting/BASE2.set>

read problem <data/CCMPPData/50-1000-0.ccmpp>
============

File name: 	data/CCMPPData/50-1000-0.ccmpp
Problem name:	CCMPPData/50-1000-0
Dimension: 	50
NumScenario: 	1000
ConfidenceParameter: 	0.20
IsEqualProbability: 	1
BASE+DI: 	0
BASE+sDI: 	0
BASE+DB: 	0
BASE+DB+OPF: 	0
Dominance and Aggregation Statistics......
NumEdge:        0
NumBiEdge: 	0
NumDomIneqs: 	0
DominanceRatio: 0.0000
NumAggScenario: 1000 
BasicNumScenario: 1000 
original problem has 1250 variables (1000 bin, 0 int, 0 impl, 250 cont) and 10202 constraints

solve problem
=============

presolving:
(round 1, fast)       4 del vars, 56 del conss, 0 add conss, 50 chg bounds, 0 chg sides, 0 chg coeffs, 0 upgd conss, 0 impls, 0 clqs
   (0.0s) running MILP presolver
   (0.1s) MILP presolver (3 rounds): 52 aggregations, 3 fixings, 18 bound changes
(round 2, medium)     59 del vars, 56 del conss, 0 add conss, 68 chg bounds, 0 chg sides, 0 chg coeffs, 0 upgd conss, 0 impls, 0 clqs
(round 3, fast)       59 del vars, 108 del conss, 0 add conss, 68 chg bounds, 0 chg sides, 0 chg coeffs, 0 upgd conss, 0 impls, 0 clqs
(round 4, exhaustive) 59 del vars, 108 del conss, 0 add conss, 68 chg bounds, 0 chg sides, 0 chg coeffs, 9949 upgd conss, 0 impls, 0 clqs
   (0.4s) probing: 1000/1000 (100.0%) - 0 fixings, 0 aggregations, 2259 implications, 0 bound changes
   (0.4s) probing cycle finished: starting next cycle
   (0.4s) probing: 1/1000 (0.1%) - 0 fixings, 0 aggregations, 2265 implications, 0 bound changes
   (0.4s) probing aborted: 1000/1000 successive useless probings
   (0.4s) symmetry computation started: requiring (bin +, int +, cont +), (fixed: bin -, int -, cont -)
   Symmetry detection interrupted: constraints of type chancecons do not provide symmetry information.
   If symmetries shall be detected, implement the CONSGETPERMSYMGRAPH callback.
   (0.4s) could not compute symmetry
presolving (5 rounds: 5 fast, 3 medium, 2 exhaustive):
 59 deleted vars, 108 deleted constraints, 0 added constraints, 68 tightened bounds, 0 added holes, 0 changed sides, 0 changed coefficients
 12213 implications, 0 cliques
presolved problem has 1191 variables (1000 bin, 0 int, 0 impl, 191 cont) and 10094 constraints
      1 constraints of type <chancecons>
   9948 constraints of type <varbound>
      1 constraints of type <knapsack>
    144 constraints of type <linear>
Presolving Time: 0.37

 time | node  | left  |LP iter|LP it/n|mem/heur|mdpt |vars |cons |rows |cuts |sepa|confs|strbr|  dualbound   | primalbound  |  gap   | compl. 
p 0.4s|     1 |     0 |   109 |     - |   locks|   0 |1191 |  10k|  10k|   0 |  0 |   0 |   0 | 0.000000e+00 | 4.414956e+05 |    Inf | unknown
  1.0s|     1 |     0 |  3986 |     - |    53M |   0 |1191 |  10k|  10k|   0 |  0 |   3 |   0 | 4.225785e+05 | 4.414956e+05 |   4.48%| unknown
  1.1s|     1 |     0 |  4166 |     - |    55M |   0 |1191 |  10k|  10k|  51 |  1 |   3 |   0 | 4.232866e+05 | 4.414956e+05 |   4.30%| unknown
  1.2s|     1 |     0 |  4378 |     - |    56M |   0 |1191 |  10k|  10k| 104 |  2 |   3 |   0 | 4.240575e+05 | 4.414956e+05 |   4.11%| unknown
  1.3s|     1 |     0 |  4566 |     - |    57M |   0 |1191 |  10k|  10k| 168 |  3 |   3 |   0 | 4.245983e+05 | 4.414956e+05 |   3.98%| unknown
  1.4s|     1 |     0 |  4800 |     - |    59M |   0 |1191 |  10k|  10k| 238 |  4 |   3 |   0 | 4.251597e+05 | 4.414956e+05 |   3.84%| unknown
  1.5s|     1 |     0 |  5044 |     - |    61M |   0 |1191 |  10k|  10k| 304 |  5 |   3 |   0 | 4.255667e+05 | 4.414956e+05 |   3.74%| unknown
  1.7s|     1 |     0 |  5373 |     - |    62M |   0 |1191 |  10k|  10k| 381 |  6 |   3 |   0 | 4.260245e+05 | 4.414956e+05 |   3.63%| unknown
  1.9s|     1 |     0 |  5710 |     - |    63M |   0 |1191 |  10k|  10k| 469 |  7 |   3 |   0 | 4.263773e+05 | 4.414956e+05 |   3.55%| unknown
  2.0s|     1 |     0 |  6061 |     - |    65M |   0 |1191 |  10k|  10k| 554 |  8 |   3 |   0 | 4.267539e+05 | 4.414956e+05 |   3.45%| unknown
  2.2s|     1 |     0 |  6595 |     - |    68M |   0 |1191 |  10k|  10k| 644 |  9 |   3 |   0 | 4.270836e+05 | 4.414956e+05 |   3.37%| unknown
  2.5s|     1 |     0 |  7023 |     - |    69M |   0 |1191 |  10k|  10k| 731 | 10 |   3 |   0 | 4.273421e+05 | 4.414956e+05 |   3.31%| unknown
  2.6s|     1 |     0 |  7577 |     - |    70M |   0 |1191 |  10k|  10k| 817 | 11 |   3 |   0 | 4.276167e+05 | 4.414956e+05 |   3.25%| unknown
  2.8s|     1 |     0 |  8205 |     - |    72M |   0 |1191 |  10k|  11k| 912 | 12 |   3 |   0 | 4.278251e+05 | 4.414956e+05 |   3.20%| unknown
  3.0s|     1 |     0 |  8703 |     - |    73M |   0 |1191 |  10k|  11k|1012 | 13 |   3 |   0 | 4.280580e+05 | 4.414956e+05 |   3.14%| unknown
 time | node  | left  |LP iter|LP it/n|mem/heur|mdpt |vars |cons |rows |cuts |sepa|confs|strbr|  dualbound   | primalbound  |  gap   | compl. 
  3.3s|     1 |     0 |  9481 |     - |    76M |   0 |1191 |  10k|  11k|1126 | 14 |   3 |   0 | 4.282553e+05 | 4.414956e+05 |   3.09%| unknown
  3.6s|     1 |     0 | 10573 |     - |    78M |   0 |1191 |  10k|  11k|1245 | 15 |   3 |   0 | 4.284791e+05 | 4.414956e+05 |   3.04%| unknown
  3.9s|     1 |     0 | 11300 |     - |    79M |   0 |1191 |  10k|  11k|1353 | 16 |   3 |   0 | 4.286343e+05 | 4.414956e+05 |   3.00%| unknown
  4.2s|     1 |     0 | 12253 |     - |    81M |   0 |1191 |  10k|  11k|1437 | 17 |   3 |   0 | 4.287643e+05 | 4.414956e+05 |   2.97%| unknown
  4.4s|     1 |     0 | 12942 |     - |    82M |   0 |1191 |  10k|  11k|1538 | 18 |   3 |   0 | 4.289094e+05 | 4.414956e+05 |   2.93%| unknown
  4.8s|     1 |     0 | 14160 |     - |    84M |   0 |1191 |  10k|  11k|1638 | 19 |   3 |   0 | 4.290354e+05 | 4.414956e+05 |   2.90%| unknown
  5.4s|     1 |     0 | 15988 |     - |    86M |   0 |1191 |  10k|  11k|1753 | 20 |   3 |   0 | 4.291969e+05 | 4.414956e+05 |   2.87%| unknown
  5.9s|     1 |     0 | 17684 |     - |    86M |   0 |1191 |  10k|  11k|1858 | 21 |   3 |   0 | 4.293524e+05 | 4.414956e+05 |   2.83%| unknown
  6.6s|     1 |     0 | 20006 |     - |    87M |   0 |1191 |  10k|  11k|1976 | 22 |   3 |   0 | 4.294804e+05 | 4.414956e+05 |   2.80%| unknown
  7.4s|     1 |     0 | 22574 |     - |    88M |   0 |1191 |  10k|  11k|2094 | 23 |   3 |   0 | 4.295797e+05 | 4.414956e+05 |   2.77%| unknown
  8.2s|     1 |     0 | 24837 |     - |    88M |   0 |1191 |  10k|  12k|2208 | 24 |   3 |   0 | 4.296444e+05 | 4.414956e+05 |   2.76%| unknown
  9.1s|     1 |     0 | 27666 |     - |    89M |   0 |1191 |  10k|  12k|2282 | 25 |   3 |   0 | 4.297466e+05 | 4.414956e+05 |   2.73%| unknown
  9.8s|     1 |     0 | 29880 |     - |    89M |   0 |1191 |  10k|  11k|2376 | 26 |   3 |   0 | 4.298299e+05 | 4.414956e+05 |   2.71%| unknown
 11.0s|     1 |     0 | 33377 |     - |    90M |   0 |1191 |  10k|  12k|2482 | 27 |   3 |   0 | 4.299048e+05 | 4.414956e+05 |   2.70%| unknown
 12.3s|     1 |     0 | 37127 |     - |    90M |   0 |1191 |  10k|  12k|2609 | 28 |   3 |   0 | 4.299923e+05 | 4.414956e+05 |   2.68%| unknown
 time | node  | left  |LP iter|LP it/n|mem/heur|mdpt |vars |cons |rows |cuts |sepa|confs|strbr|  dualbound   | primalbound  |  gap   | compl. 
 13.4s|     1 |     0 | 40449 |     - |    91M |   0 |1191 |  10k|  12k|2718 | 29 |   3 |   0 | 4.300622e+05 | 4.414956e+05 |   2.66%| unknown
 14.6s|     1 |     0 | 43697 |     - |    92M |   0 |1191 |  10k|  12k|2833 | 30 |   3 |   0 | 4.301292e+05 | 4.414956e+05 |   2.64%| unknown
 15.8s|     1 |     0 | 47207 |     - |    94M |   0 |1191 |  10k|  12k|2932 | 31 |   3 |   0 | 4.302056e+05 | 4.414956e+05 |   2.62%| unknown
 17.0s|     1 |     0 | 50477 |     - |    94M |   0 |1191 |  10k|  12k|3035 | 32 |   3 |   0 | 4.302779e+05 | 4.414956e+05 |   2.61%| unknown
 18.5s|     1 |     0 | 54380 |     - |    94M |   0 |1191 |  10k|  12k|3143 | 33 |   3 |   0 | 4.303304e+05 | 4.414956e+05 |   2.59%| unknown
 19.7s|     1 |     0 | 57587 |     - |    95M |   0 |1191 |  10k|  12k|3249 | 34 |   3 |   0 | 4.303797e+05 | 4.414956e+05 |   2.58%| unknown
 21.0s|     1 |     0 | 60892 |     - |    96M |   0 |1191 |  10k|  12k|3320 | 35 |   3 |   0 | 4.304173e+05 | 4.414956e+05 |   2.57%| unknown
 22.4s|     1 |     0 | 64253 |     - |    97M |   0 |1191 |  10k|  12k|3413 | 36 |   3 |   0 | 4.304621e+05 | 4.414956e+05 |   2.56%| unknown
 23.7s|     1 |     0 | 67642 |     - |    97M |   0 |1191 |  10k|  12k|3477 | 37 |   3 |   0 | 4.305034e+05 | 4.414956e+05 |   2.55%| unknown
 24.8s|     1 |     0 | 70254 |     - |    97M |   0 |1191 |  10k|  12k|3557 | 38 |   3 |   0 | 4.305357e+05 | 4.414956e+05 |   2.55%| unknown
 26.6s|     1 |     0 | 74680 |     - |    98M |   0 |1191 |  10k|  12k|3628 | 39 |   3 |   0 | 4.305784e+05 | 4.414956e+05 |   2.54%| unknown
 28.4s|     1 |     0 | 78972 |     - |    98M |   0 |1191 |  10k|  12k|3741 | 40 |   3 |   0 | 4.306275e+05 | 4.414956e+05 |   2.52%| unknown
 30.0s|     1 |     0 | 83140 |     - |    99M |   0 |1191 |  10k|  12k|3832 | 41 |   3 |   0 | 4.306643e+05 | 4.414956e+05 |   2.52%| unknown
 31.5s|     1 |     0 | 86757 |     - |   100M |   0 |1191 |  10k|  12k|3925 | 42 |   3 |   0 | 4.306869e+05 | 4.414956e+05 |   2.51%| unknown
 32.9s|     1 |     0 | 90202 |     - |   101M |   0 |1191 |  10k|  12k|3987 | 43 |   3 |   0 | 4.307068e+05 | 4.414956e+05 |   2.50%| unknown
 time | node  | left  |LP iter|LP it/n|mem/heur|mdpt |vars |cons |rows |cuts |sepa|confs|strbr|  dualbound   | primalbound  |  gap   | compl. 
 34.7s|     1 |     0 | 94264 |     - |   101M |   0 |1191 |  10k|  12k|4087 | 44 |   3 |   0 | 4.307379e+05 | 4.414956e+05 |   2.50%| unknown
 36.2s|     1 |     0 | 97363 |     - |   101M |   0 |1191 |  10k|  12k|4185 | 45 |   3 |   0 | 4.307539e+05 | 4.414956e+05 |   2.49%| unknown
 37.7s|     1 |     0 |100599 |     - |   103M |   0 |1191 |  10k|  12k|4274 | 46 |   3 |   0 | 4.307819e+05 | 4.414956e+05 |   2.49%| unknown
 39.6s|     1 |     0 |104537 |     - |   103M |   0 |1191 |  10k|  12k|4390 | 47 |   3 |   0 | 4.308080e+05 | 4.414956e+05 |   2.48%| unknown
 41.1s|     1 |     0 |107742 |     - |   104M |   0 |1191 |  10k|  12k|4482 | 48 |   3 |   0 | 4.308208e+05 | 4.414956e+05 |   2.48%| unknown
 42.6s|     1 |     0 |111172 |     - |   104M |   0 |1191 |  10k|  12k|4581 | 49 |   3 |   0 | 4.308331e+05 | 4.414956e+05 |   2.47%| unknown
 43.8s|     1 |     0 |113780 |     - |   104M |   0 |1191 |  10k|  12k|4650 | 50 |   3 |   0 | 4.308467e+05 | 4.414956e+05 |   2.47%| unknown
 66.6s|     1 |     2 |137781 |     - |   105M |   0 |1191 |  10k|  12k|4650 | 50 |   4 |  34 | 4.308878e+05 | 4.414956e+05 |   2.46%| unknown
d 101s|     8 |     9 |150392 |5273.7 |pscostdi|   6 |1191 |  10k|  11k|   0 |  1 |   4 | 207 | 4.309146e+05 | 4.412972e+05 |   2.41%| unknown
d 106s|     9 |    10 |157634 |5519.8 |adaptive|   6 |1191 |  10k|  11k|   0 |  1 |   4 | 243 | 4.309146e+05 | 4.404536e+05 |   2.21%| unknown
d 144s|    20 |    21 |207110 |4928.1 |linesear|  11 |1191 |  10k|  11k|   0 |  1 |  13 | 367 | 4.309314e+05 | 4.404388e+05 |   2.21%| unknown
d 148s|    29 |    30 |228995 |4125.7 |guideddi|  11 |1191 |  10k|  11k|   0 |  1 |  13 | 367 | 4.309326e+05 | 4.403367e+05 |   2.18%| unknown
d 152s|    37 |    38 |243925 |3623.6 |adaptive|  16 |1191 |  10k|  11k|   0 |  1 |  13 | 381 | 4.309326e+05 | 4.348859e+05 |   0.92%| unknown
d 155s|    42 |    41 |257206 |3505.6 |pscostdi|  17 |1191 |  10k|  11k|   0 |  1 |  13 | 381 | 4.309595e+05 | 4.342970e+05 |   0.77%| unknown
o 169s|    97 |    90 |296076 |1902.1 |objpscos|  46 |1191 |  10k|  11k|6205 |  1 |  51 | 405 | 4.309695e+05 | 4.339862e+05 |   0.70%| unknown
 time | node  | left  |LP iter|LP it/n|mem/heur|mdpt |vars |cons |rows |cuts |sepa|confs|strbr|  dualbound   | primalbound  |  gap   | compl. 
  169s|   100 |    83 |296347 |1847.2 |   114M |  46 |1191 |  10k|  11k|6205 |  1 |  51 | 405 | 4.309695e+05 | 4.339862e+05 |   0.70%| unknown
L 173s|   164 |   115 |309978 |1205.5 |    alns|  60 |1191 |  10k|  11k|6389 |  2 |  68 | 423 | 4.309695e+05 | 4.339392e+05 |   0.69%| unknown
  180s|   200 |   129 |324750 |1061.7 |   116M |  63 |1191 |  10k|  11k|6732 |  1 |  74 | 434 | 4.309959e+05 | 4.339392e+05 |   0.68%| unknown
  218s|   300 |   165 |406321 | 979.4 |   119M |  81 |1191 |  10k|  11k|8527 |  0 | 117 | 527 | 4.310622e+05 | 4.339392e+05 |   0.67%| unknown
L 246s|   364 |   159 |468102 | 976.9 |crossove|  81 |1191 |  10k|  11k|9627 |  1 | 133 | 586 | 4.310996e+05 | 4.338718e+05 |   0.64%|   4.45%
  261s|   400 |   175 |497491 | 962.4 |   120M |  81 |1191 |  10k|  11k|  10k|  2 | 147 | 620 | 4.311685e+05 | 4.338718e+05 |   0.63%|   4.70%
  292s|   500 |   211 |566608 | 908.1 |   123M |  81 |1191 |  10k|  11k|  11k|  0 | 220 | 700 | 4.312055e+05 | 4.338718e+05 |   0.62%|   4.95%
L 301s|   567 |   211 |587926 | 838.3 |    rins|  81 |1191 |  10k|  11k|  12k|  8 | 232 | 747 | 4.312055e+05 | 4.338520e+05 |   0.61%|   5.05%
  309s|   600 |   208 |604228 | 819.3 |   133M |  81 |1191 |  10k|  11k|  12k|  0 | 254 | 794 | 4.312067e+05 | 4.338520e+05 |   0.61%|   5.13%
  322s|   700 |   206 |635700 | 747.1 |   146M |  81 |1191 |  10k|  11k|  12k|  0 | 321 | 885 | 4.312147e+05 | 4.338520e+05 |   0.61%|   5.33%
L 326s|   767 |   200 |645733 | 694.9 |    rins|  81 |1191 |  10k|  11k|  12k|  1 | 355 | 921 | 4.312147e+05 | 4.337204e+05 |   0.58%|   5.37%
  338s|   800 |   205 |673809 | 701.3 |   150M |  81 |1191 |  10k|  11k|  13k|  4 | 393 | 962 | 4.312208e+05 | 4.337204e+05 |   0.58%|   5.52%
  365s|   900 |   243 |728915 | 684.6 |   153M |  81 |1191 |  10k|  11k|  14k|  2 | 410 |1020 | 4.312532e+05 | 4.337204e+05 |   0.57%|   5.63%
  372s|  1000 |   233 |747896 | 635.1 |   156M |  81 |1191 |  10k|  11k|  14k|  1 | 456 |1077 | 4.312532e+05 | 4.337204e+05 |   0.57%|   5.80%
  418s|  1100 |   267 |825108 | 647.5 |   158M |  81 |1191 |  10k|   0 |  15k|  0 | 523 |1151 | 4.312613e+05 | 4.337204e+05 |   0.57%|   5.87%
 time | node  | left  |LP iter|LP it/n|mem/heur|mdpt |vars |cons |rows |cuts |sepa|confs|strbr|  dualbound   | primalbound  |  gap   | compl. 
  444s|  1200 |   297 |881960 | 640.9 |   160M |  81 |1191 |  10k|  11k|  17k|  1 | 580 |1239 | 4.312685e+05 | 4.337204e+05 |   0.57%|   6.05%
  492s|  1300 |   349 |975402 | 663.5 |   161M |  81 |1191 |  10k|  11k|  18k|  0 | 591 |1341 | 4.312930e+05 | 4.337204e+05 |   0.56%|   6.16%
  541s|  1400 |   383 |  1073k| 686.2 |   163M |  81 |1191 |  10k|  11k|  20k|  0 | 646 |1478 | 4.313172e+05 | 4.337204e+05 |   0.56%|  10.75%
  562s|  1500 |   403 |  1119k| 670.9 |   165M |  81 |1191 |  10k|  11k|  21k|  1 | 678 |1565 | 4.313248e+05 | 4.337204e+05 |   0.56%|  11.66%
  589s|  1600 |   419 |  1178k| 665.8 |   166M |  81 |1191 |  10k|  12k|  22k|  1 | 696 |1645 | 4.313261e+05 | 4.337204e+05 |   0.56%|  11.88%
  611s|  1700 |   429 |  1240k| 663.1 |   181M |  81 |1191 |  10k|  12k|  23k|  0 | 744 |1659 | 4.313272e+05 | 4.337204e+05 |   0.55%|  11.88%
  634s|  1800 |   465 |  1309k| 664.7 |   187M |  81 |1191 |  10k|  11k|  24k|  0 | 762 |1673 | 4.313339e+05 | 4.337204e+05 |   0.55%|  11.88%
  662s|  1900 |   483 |  1386k| 670.6 |   192M |  81 |1191 |  10k|  12k|  25k|  1 | 783 |1692 | 4.313368e+05 | 4.337204e+05 |   0.55%|  11.89%
  696s|  2000 |   503 |  1470k| 678.8 |   209M |  81 |1191 |  10k|  12k|  27k|  0 | 810 |1728 | 4.313385e+05 | 4.337204e+05 |   0.55%|  11.90%
  727s|  2100 |   521 |  1555k| 686.8 |   213M |  81 |1191 |  10k|   0 |  28k|  0 | 859 |1745 | 4.313400e+05 | 4.337204e+05 |   0.55%|  11.93%
  779s|  2200 |   537 |  1660k| 703.3 |   215M |  81 |1191 |  10k|  11k|  29k|  1 | 898 |1817 | 4.313416e+05 | 4.337204e+05 |   0.55%|  11.93%
  842s|  2300 |   549 |  1792k| 730.5 |   217M |  81 |1191 |  10k|  12k|  31k|  0 | 926 |1894 | 4.313614e+05 | 4.337204e+05 |   0.55%|  12.10%
  876s|  2400 |   555 |  1862k| 729.0 |   218M |  81 |1191 |  10k|  12k|  32k|  0 | 977 |2010 | 4.313684e+05 | 4.337204e+05 |   0.55%|  12.15%
  920s|  2500 |   559 |  1959k| 738.5 |   219M |  81 |1191 |  10k|  12k|  33k|  0 |1067 |2168 | 4.313753e+05 | 4.337204e+05 |   0.54%|  12.17%
  943s|  2600 |   583 |  2012k| 730.6 |   220M |  81 |1191 |  10k|  11k|  34k|  1 |1124 |2245 | 4.313854e+05 | 4.337204e+05 |   0.54%|  12.40%
 time | node  | left  |LP iter|LP it/n|mem/heur|mdpt |vars |cons |rows |cuts |sepa|confs|strbr|  dualbound   | primalbound  |  gap   | compl. 
  949s|  2700 |   587 |  2031k| 710.7 |   221M |  81 |1191 |  10k|   0 |  35k|  0 |1206 |2317 | 4.313854e+05 | 4.337204e+05 |   0.54%|  12.40%
  991s|  2800 |   593 |  2119k| 716.7 |   222M |  81 |1191 |  10k|  11k|  37k|  2 |1262 |2390 | 4.313918e+05 | 4.337204e+05 |   0.54%|  12.46%
 1003s|  2900 |   599 |  2148k| 701.8 |   223M |  81 |1191 |  10k|  11k|  37k|  1 |1277 |2457 | 4.313921e+05 | 4.337204e+05 |   0.54%|  12.62%
 1024s|  3000 |   627 |  2196k| 694.5 |   225M |  81 |1191 |  10k|  11k|  38k|  1 |1282 |2555 | 4.313969e+05 | 4.337204e+05 |   0.54%|  12.72%
*1025s|  3038 |   641 |  2200k| 687.2 |    LP  |  81 |1191 |  10k|  11k|  38k|  2 |1286 |2572 | 4.313969e+05 | 4.337204e+05 |   0.54%|  12.72%
 1044s|  3100 |   647 |  2254k| 690.9 |   227M |  81 |1191 |  10k|  11k|  39k|  2 |1288 |2605 | 4.313978e+05 | 4.337204e+05 |   0.54%|  12.89%
Restart triggered after 50 consecutive estimations that the remaining tree will be large
 1055s|  3200 |   647 |  2281k| 677.7 |   228M |  81 |1191 |  10k|  11k|  40k|  2 |1304 |2643 | 4.314010e+05 | 4.337204e+05 |   0.54%|  12.93%
(run 1, node 3200) performing user restart

(restart) converted 674 cuts from the global cut pool into linear constraints

presolving:
(round 1, fast)       0 del vars, 0 del conss, 0 add conss, 29 chg bounds, 0 chg sides, 0 chg coeffs, 0 upgd conss, 12213 impls, 0 clqs
(round 2, fast)       0 del vars, 0 del conss, 0 add conss, 41 chg bounds, 0 chg sides, 0 chg coeffs, 0 upgd conss, 12213 impls, 0 clqs
presolving (3 rounds: 3 fast, 1 medium, 1 exhaustive):
 0 deleted vars, 0 deleted constraints, 0 added constraints, 46 tightened bounds, 0 added holes, 0 changed sides, 27 changed coefficients
 12213 implications, 0 cliques
presolved problem has 1191 variables (1000 bin, 0 int, 0 impl, 191 cont) and 11201 constraints
      1 constraints of type <chancecons>
   9948 constraints of type <varbound>
      1 constraints of type <knapsack>
    834 constraints of type <linear>
    118 constraints of type <logicor>
    299 constraints of type <bounddisjunction>
Presolving Time: 0.41
transformed 27/27 original solutions to the transformed problem space

 time | node  | left  |LP iter|LP it/n|mem/heur|mdpt |vars |cons |rows |cuts |sepa|confs|strbr|  dualbound   | primalbound  |  gap   | compl. 
 1056s|     1 |     0 |  2287k|     - |   220M |   0 |1191 |  11k|  10k|   0 |  0 |1304 |2643 | 4.314010e+05 | 4.337204e+05 |   0.54%| unknown
 1056s|     1 |     0 |  2287k|     - |   221M |   0 |1191 |  11k|  10k|  51 |  1 |1306 |2643 | 4.314010e+05 | 4.337204e+05 |   0.54%| unknown
 1056s|     1 |     0 |  2288k|     - |   222M |   0 |1191 |  11k|  10k| 110 |  2 |1311 |2643 | 4.314010e+05 | 4.337204e+05 |   0.54%| unknown
 1057s|     1 |     0 |  2289k|     - |   223M |   0 |1191 |  11k|  10k| 179 |  3 |1311 |2643 | 4.314010e+05 | 4.337204e+05 |   0.54%| unknown
 1057s|     1 |     0 |  2289k|     - |   224M |   0 |1191 |  11k|  11k| 252 |  4 |1311 |2643 | 4.314010e+05 | 4.337204e+05 |   0.54%| unknown
 1057s|     1 |     0 |  2290k|     - |   227M |   0 |1191 |  11k|  11k| 327 |  5 |1313 |2643 | 4.314010e+05 | 4.337204e+05 |   0.54%| unknown
 1058s|     1 |     0 |  2291k|     - |   228M |   0 |1191 |  11k|  11k| 402 |  6 |1317 |2643 | 4.314010e+05 | 4.337204e+05 |   0.54%| unknown
 1058s|     1 |     0 |  2292k|     - |   229M |   0 |1191 |  11k|  11k| 488 |  7 |1319 |2643 | 4.314010e+05 | 4.337204e+05 |   0.54%| unknown
 1059s|     1 |     0 |  2294k|     - |   230M |   0 |1191 |  11k|  11k| 579 |  8 |1319 |2643 | 4.314010e+05 | 4.337204e+05 |   0.54%| unknown
 1060s|     1 |     0 |  2296k|     - |   231M |   0 |1191 |  11k|  11k| 662 |  9 |1323 |2643 | 4.314010e+05 | 4.337204e+05 |   0.54%| unknown
 1060s|     1 |     0 |  2298k|     - |   232M |   0 |1191 |  11k|  11k| 740 | 10 |1323 |2643 | 4.314010e+05 | 4.337204e+05 |   0.54%| unknown
 1061s|     1 |     0 |  2299k|     - |   235M |   0 |1191 |  11k|  11k| 814 | 11 |1323 |2643 | 4.314010e+05 | 4.337204e+05 |   0.54%| unknown
 1061s|     1 |     0 |  2301k|     - |   236M |   0 |1191 |  11k|  11k| 894 | 12 |1323 |2643 | 4.314010e+05 | 4.337204e+05 |   0.54%| unknown
 1062s|     1 |     0 |  2302k|     - |   237M |   0 |1191 |  11k|  11k| 959 | 13 |1324 |2643 | 4.314010e+05 | 4.337204e+05 |   0.54%| unknown
 1063s|     1 |     0 |  2305k|     - |   238M |   0 |1191 |  11k|  11k|1020 | 14 |1324 |2643 | 4.314010e+05 | 4.337204e+05 |   0.54%| unknown
 time | node  | left  |LP iter|LP it/n|mem/heur|mdpt |vars |cons |rows |cuts |sepa|confs|strbr|  dualbound   | primalbound  |  gap   | compl. 
 1064s|     1 |     0 |  2309k|     - |   238M |   0 |1191 |  11k|  11k|1104 | 15 |1329 |2643 | 4.314010e+05 | 4.337204e+05 |   0.54%| unknown
 1066s|     1 |     0 |  2312k|     - |   239M |   0 |1191 |  11k|  11k|1189 | 16 |1333 |2643 | 4.314010e+05 | 4.337204e+05 |   0.54%| unknown
 1067s|     1 |     0 |  2315k|     - |   241M |   0 |1191 |  11k|  11k|1264 | 17 |1333 |2643 | 4.314010e+05 | 4.337204e+05 |   0.54%| unknown
 1068s|     1 |     0 |  2318k|     - |   242M |   0 |1191 |  11k|  11k|1332 | 18 |1333 |2643 | 4.314010e+05 | 4.337204e+05 |   0.54%| unknown
 1069s|     1 |     0 |  2321k|     - |   244M |   0 |1191 |  11k|  12k|1404 | 19 |1335 |2643 | 4.314010e+05 | 4.337204e+05 |   0.54%| unknown
 1071s|     1 |     0 |  2325k|     - |   245M |   0 |1191 |  11k|  12k|1473 | 20 |1336 |2643 | 4.314010e+05 | 4.337204e+05 |   0.54%| unknown
 1072s|     1 |     0 |  2329k|     - |   245M |   0 |1191 |  11k|  11k|1552 | 21 |1338 |2643 | 4.314010e+05 | 4.337204e+05 |   0.54%| unknown
 1074s|     1 |     0 |  2333k|     - |   245M |   0 |1191 |  11k|  12k|1648 | 22 |1339 |2643 | 4.314010e+05 | 4.337204e+05 |   0.54%| unknown
 1075s|     1 |     0 |  2336k|     - |   245M |   0 |1191 |  11k|  12k|1739 | 23 |1339 |2643 | 4.314010e+05 | 4.337204e+05 |   0.54%| unknown
 1077s|     1 |     0 |  2339k|     - |   246M |   0 |1191 |  11k|  12k|1827 | 24 |1343 |2643 | 4.314010e+05 | 4.337204e+05 |   0.54%| unknown
 1078s|     1 |     0 |  2343k|     - |   246M |   0 |1191 |  11k|  12k|1930 | 25 |1344 |2643 | 4.314010e+05 | 4.337204e+05 |   0.54%| unknown
 1080s|     1 |     0 |  2347k|     - |   246M |   0 |1191 |  11k|  12k|2000 | 26 |1349 |2643 | 4.314010e+05 | 4.337204e+05 |   0.54%| unknown
 1082s|     1 |     0 |  2350k|     - |   246M |   0 |1191 |  11k|  12k|2075 | 27 |1350 |2643 | 4.314010e+05 | 4.337204e+05 |   0.54%| unknown
 1090s|     1 |     2 |  2362k|     - |   246M |   0 |1191 |  11k|  12k|2075 | 27 |1361 |2653 | 4.314010e+05 | 4.337204e+05 |   0.54%| unknown
 1233s|   100 |    47 |  2487k| 698.7 |   250M |  32 |1191 |  11k|  11k|4636 |  1 |1664 |3422 | 4.314010e+05 | 4.337204e+05 |   0.54%| unknown
 time | node  | left  |LP iter|LP it/n|mem/heur|mdpt |vars |cons |rows |cuts |sepa|confs|strbr|  dualbound   | primalbound  |  gap   | compl. 
 1253s|   200 |    57 |  2534k| 692.0 |   255M |  40 |1191 |  11k|  11k|5224 |  2 |1687 |3490 | 4.314010e+05 | 4.337204e+05 |   0.54%| unknown
 1276s|   300 |    81 |  2591k| 688.3 |   258M |  40 |1191 |  11k|  11k|6006 |  0 |1723 |3592 | 4.314010e+05 | 4.337204e+05 |   0.54%|   2.37%
 1300s|   400 |    93 |  2652k| 686.3 |   262M |  40 |1191 |  11k|  11k|6824 |  3 |1782 |3669 | 4.314010e+05 | 4.337204e+05 |   0.54%|   2.41%
 1325s|   500 |   123 |  2714k| 684.6 |   267M |  40 |1191 |  11k|  11k|7440 |  1 |1813 |3774 | 4.314010e+05 | 4.337204e+05 |   0.54%|   3.28%
 1355s|   600 |   139 |  2786k| 685.3 |   269M |  40 |1191 |  11k|  11k|7880 |  2 |1853 |3867 | 4.314010e+05 | 4.337204e+05 |   0.54%|   3.57%
 1380s|   700 |   151 |  2850k| 684.2 |   275M |  44 |1191 |  11k|  11k|8205 |  0 |1935 |3926 | 4.314010e+05 | 4.337204e+05 |   0.54%|   3.57%
 1402s|   800 |   155 |  2909k| 681.9 |   281M |  50 |1191 |  11k|  11k|8740 |  1 |1965 |4001 | 4.314010e+05 | 4.337204e+05 |   0.54%|   3.57%
 1427s|   900 |   165 |  2964k| 678.7 |   285M |  50 |1191 |  11k|  11k|9256 |  0 |2012 |4068 | 4.314010e+05 | 4.337204e+05 |   0.54%|   3.57%
 1463s|  1000 |   173 |  3070k| 687.7 |   287M |  50 |1191 |  11k|  11k|  10k|  2 |2043 |4131 | 4.314010e+05 | 4.337204e+05 |   0.54%|   3.57%
 1486s|  1100 |   175 |  3120k| 683.4 |   290M |  50 |1191 |  11k|  12k|  10k|  2 |2050 |4192 | 4.314010e+05 | 4.337204e+05 |   0.54%|   3.57%
 1508s|  1200 |   197 |  3187k| 683.0 |   292M |  50 |1191 |  11k|  11k|  11k|  1 |2086 |4271 | 4.314010e+05 | 4.337204e+05 |   0.54%|   3.73%
 1517s|  1300 |   199 |  3213k| 673.6 |   293M |  50 |1191 |  11k|  11k|  12k|  1 |2099 |4312 | 4.314010e+05 | 4.337204e+05 |   0.54%|   3.74%
 1532s|  1400 |   201 |  3254k| 668.0 |   293M |  50 |1191 |  11k|  11k|  12k|  1 |2129 |4321 | 4.314010e+05 | 4.337204e+05 |   0.54%|   3.75%
 1548s|  1500 |   219 |  3305k| 664.6 |   293M |  50 |1191 |  11k|  11k|  13k|  1 |2170 |4348 | 4.314010e+05 | 4.337204e+05 |   0.54%|   3.82%
 1556s|  1600 |   217 |  3330k| 655.9 |   294M |  50 |1191 |  11k|   0 |  13k|  0 |2197 |4364 | 4.314010e+05 | 4.337204e+05 |   0.54%|   3.84%
 time | node  | left  |LP iter|LP it/n|mem/heur|mdpt |vars |cons |rows |cuts |sepa|confs|strbr|  dualbound   | primalbound  |  gap   | compl. 
 1578s|  1700 |   225 |  3375k| 651.7 |   296M |  50 |1191 |  11k|  11k|  14k|  1 |2246 |4432 | 4.314010e+05 | 4.337204e+05 |   0.54%|   3.84%
 1616s|  1800 |   245 |  3477k| 659.0 |   296M |  50 |1191 |  11k|  11k|  15k|  4 |2271 |4452 | 4.314010e+05 | 4.337204e+05 |   0.54%|   3.84%
 1642s|  1900 |   243 |  3548k| 660.1 |   304M |  50 |1191 |  11k|  11k|  16k|  1 |2295 |4490 | 4.314010e+05 | 4.337204e+05 |   0.54%|   3.88%
 1675s|  2000 |   255 |  3655k| 668.1 |   304M |  50 |1191 |  11k|  12k|  17k|  2 |2325 |4497 | 4.314010e+05 | 4.337204e+05 |   0.54%|   3.95%
 1710s|  2100 |   267 |  3737k| 670.8 |   305M |  50 |1191 |  11k|  12k|  17k|  1 |2343 |4558 | 4.314010e+05 | 4.337204e+05 |   0.54%|   6.89%
 1749s|  2200 |   267 |  3852k| 679.6 |   305M |  50 |1191 |  11k|   0 |  18k|  0 |2354 |4568 | 4.314010e+05 | 4.337204e+05 |   0.54%|   6.89%
 1764s|  2300 |   273 |  3894k| 674.9 |   305M |  50 |1191 |  11k|  11k|  19k|  1 |2376 |4593 | 4.314010e+05 | 4.337204e+05 |   0.54%|   6.89%
 1784s|  2400 |   273 |  3944k| 671.8 |   306M |  50 |1191 |  11k|  11k|  19k|  0 |2409 |4610 | 4.314010e+05 | 4.337204e+05 |   0.54%|   7.15%
 1795s|  2500 |   275 |  3977k| 665.9 |   309M |  50 |1191 |  11k|   0 |  20k|  0 |2432 |4612 | 4.314010e+05 | 4.337204e+05 |   0.54%|   7.16%
 1812s|  2600 |   281 |  4034k| 664.2 |   309M |  50 |1191 |  11k|  11k|  20k|  3 |2449 |4617 | 4.314010e+05 | 4.337204e+05 |   0.54%|   7.21%
 1830s|  2700 |   289 |  4096k| 663.4 |   310M |  50 |1191 |  11k|  11k|  21k|  1 |2469 |4647 | 4.314010e+05 | 4.337204e+05 |   0.54%|   7.25%
 1871s|  2800 |   307 |  4200k| 669.7 |   320M |  50 |1191 |  11k|  11k|  22k|  0 |2495 |4708 | 4.314010e+05 | 4.337204e+05 |   0.54%|   7.57%
 1981s|  2900 |   309 |  4416k| 694.2 |   331M |  50 |1191 |  11k|  11k|  25k|  0 |2524 |4833 | 4.314180e+05 | 4.337204e+05 |   0.53%|   7.88%
 2002s|  3000 |   337 |  4473k| 692.1 |   332M |  50 |1191 |  11k|  11k|  25k|  3 |2547 |4904 | 4.314252e+05 | 4.337204e+05 |   0.53%|   7.98%
 2031s|  3100 |   347 |  4540k| 691.8 |   334M |  50 |1191 |  11k|  11k|  26k|  1 |2620 |5012 | 4.314304e+05 | 4.337204e+05 |   0.53%|   8.05%
 time | node  | left  |LP iter|LP it/n|mem/heur|mdpt |vars |cons |rows |cuts |sepa|confs|strbr|  dualbound   | primalbound  |  gap   | compl. 
 2055s|  3200 |   339 |  4598k| 690.1 |   334M |  50 |1191 |  11k|  11k|  26k|  1 |2658 |5120 | 4.314349e+05 | 4.337204e+05 |   0.53%|   8.11%
L2065s|  3238 |   335 |  4626k| 690.3 |crossove|  50 |1191 |  11k|  11k|  26k|  1 |2664 |5134 | 4.314377e+05 | 4.336753e+05 |   0.52%|   8.15%
 2080s|  3300 |   333 |  4679k| 691.9 |   334M |  50 |1191 |  11k|  11k|  27k|  0 |2681 |5157 | 4.314377e+05 | 4.336753e+05 |   0.52%|   8.32%
 2106s|  3400 |   347 |  4745k| 691.5 |   335M |  50 |1191 |  11k|  11k|  27k|  2 |2738 |5339 | 4.314386e+05 | 4.336753e+05 |   0.52%|   8.59%
 2118s|  3500 |   341 |  4785k| 687.1 |   336M |  50 |1191 |  11k|  11k|  28k|  0 |2795 |5400 | 4.314386e+05 | 4.336753e+05 |   0.52%|   8.59%
 2170s|  3600 |   349 |  4896k| 693.3 |   336M |  50 |1191 |  11k|  11k|  28k|  1 |2830 |5463 | 4.314840e+05 | 4.336753e+05 |   0.51%|   9.47%
 2234s|  3700 |   353 |  5057k| 706.6 |   337M |  50 |1191 |  11k|  11k|  30k|  1 |2880 |5534 | 4.315101e+05 | 4.336753e+05 |   0.50%|   9.66%
 2271s|  3800 |   361 |  5136k| 707.8 |   337M |  50 |1191 |  11k|  11k|  30k|  0 |2894 |5634 | 4.315138e+05 | 4.336753e+05 |   0.50%|   9.72%
 2324s|  3900 |   365 |  5293k| 720.0 |   339M |  50 |1191 |  11k|  11k|  31k|  0 |2918 |5682 | 4.315215e+05 | 4.336753e+05 |   0.50%|  10.04%
 2357s|  4000 |   375 |  5392k| 723.7 |   344M |  50 |1191 |  11k|  11k|  32k|  1 |2953 |5704 | 4.315277e+05 | 4.336753e+05 |   0.50%|  10.24%
 2371s|  4100 |   377 |  5438k| 720.1 |   345M |  50 |1191 |  11k|  11k|  32k|  1 |2966 |5713 | 4.315334e+05 | 4.336753e+05 |   0.50%|  10.38%
 2387s|  4200 |   377 |  5486k| 716.8 |   345M |  50 |1191 |  11k|  11k|  33k|  0 |2986 |5726 | 4.315336e+05 | 4.336753e+05 |   0.50%|  10.56%
 2415s|  4300 |   385 |  5567k| 718.1 |   345M |  50 |1191 |  11k|  11k|  34k|  1 |3006 |5743 | 4.315781e+05 | 4.336753e+05 |   0.49%|  10.75%
 2441s|  4400 |   397 |  5638k| 718.0 |   347M |  50 |1191 |  11k|  11k|  34k|  1 |3020 |5756 | 4.315792e+05 | 4.336753e+05 |   0.49%|  11.17%
 2456s|  4500 |   391 |  5689k| 715.2 |   347M |  50 |1191 |  11k|  11k|  35k|  2 |3043 |5763 | 4.315792e+05 | 4.336753e+05 |   0.49%|  11.52%
 time | node  | left  |LP iter|LP it/n|mem/heur|mdpt |vars |cons |rows |cuts |sepa|confs|strbr|  dualbound   | primalbound  |  gap   | compl. 
 2478s|  4600 |   419 |  5745k| 713.3 |   347M |  50 |1191 |  11k|  11k|  35k|  1 |3052 |5831 | 4.315809e+05 | 4.336753e+05 |   0.49%|  11.82%
 2513s|  4700 |   427 |  5839k| 716.1 |   354M |  50 |1191 |  11k|  11k|  36k|  1 |3062 |5919 | 4.315938e+05 | 4.336753e+05 |   0.48%|  12.07%
 2530s|  4800 |   439 |  5893k| 713.9 |   355M |  50 |1191 |  11k|  11k|  37k|  0 |3066 |5982 | 4.315995e+05 | 4.336753e+05 |   0.48%|  12.15%
 2554s|  4900 |   459 |  5949k| 712.0 |   355M |  50 |1191 |  11k|  11k|  37k|  0 |3074 |6125 | 4.316081e+05 | 4.336753e+05 |   0.48%|  12.17%
 2572s|  5000 |   443 |  6015k| 711.4 |   356M |  50 |1191 |  11k|  11k|  38k|  1 |3081 |6135 | 4.316115e+05 | 4.336753e+05 |   0.48%|  12.61%
 2618s|  5100 |   451 |  6127k| 716.3 |   361M |  50 |1191 |  11k|  11k|  39k|  3 |3101 |6193 | 4.316268e+05 | 4.336753e+05 |   0.47%|  12.84%
 2661s|  5200 |   461 |  6261k| 723.8 |   361M |  50 |1191 |  11k|  11k|  41k|  2 |3110 |6241 | 4.316314e+05 | 4.336753e+05 |   0.47%|  12.90%
*2662s|  5212 |   468 |  6265k| 723.2 |    LP  |  50 |1191 |  11k|  11k|  41k|  2 |3111 |6245 | 4.316314e+05 | 4.336688e+05 |   0.47%|  12.90%
 2687s|  5300 |   454 |  6341k| 724.7 |   366M |  50 |1191 |  11k|  11k|  42k|  0 |3120 |6291 | 4.316408e+05 | 4.336688e+05 |   0.47%|  13.08%
 2714s|  5400 |   468 |  6411k| 724.4 |   367M |  50 |1191 |  11k|   0 |  42k|  0 |3138 |6360 | 4.316446e+05 | 4.336688e+05 |   0.47%|  13.23%
 2730s|  5500 |   482 |  6469k| 722.7 |   367M |  50 |1191 |  11k|  11k|  43k|  0 |3167 |6368 | 4.316506e+05 | 4.336688e+05 |   0.47%|  13.41%
 2753s|  5600 |   472 |  6544k| 723.0 |   371M |  50 |1191 |  11k|  11k|  43k|  0 |3179 |6424 | 4.316536e+05 | 4.336688e+05 |   0.47%|  13.46%
 2850s|  5700 |   484 |  6755k| 738.6 |   383M |  50 |1191 |  11k|  11k|  45k|  1 |3225 |6542 | 4.316621e+05 | 4.336688e+05 |   0.46%|  14.02%
 2884s|  5800 |   500 |  6828k| 738.5 |   383M |  50 |1191 |  11k|  11k|  46k|  2 |3254 |6654 | 4.316642e+05 | 4.336688e+05 |   0.46%|  14.07%
 2900s|  5900 |   506 |  6865k| 734.4 |   384M |  50 |1191 |  11k|  11k|  46k|  0 |3254 |6695 | 4.316689e+05 | 4.336688e+05 |   0.46%|  14.08%
 time | node  | left  |LP iter|LP it/n|mem/heur|mdpt |vars |cons |rows |cuts |sepa|confs|strbr|  dualbound   | primalbound  |  gap   | compl. 
 2930s|  6000 |   506 |  6944k| 735.1 |   384M |  50 |1191 |  11k|  11k|  47k|  1 |3276 |6770 | 4.316717e+05 | 4.336688e+05 |   0.46%|  14.28%
 2946s|  6100 |   506 |  6990k| 732.1 |   385M |  50 |1191 |  11k|  12k|  48k|  3 |3288 |6852 | 4.316750e+05 | 4.336688e+05 |   0.46%|  14.29%
 2992s|  6200 |   512 |  7094k| 735.4 |   386M |  50 |1191 |  11k|  11k|  49k|  0 |3313 |6931 | 4.316785e+05 | 4.336688e+05 |   0.46%|  14.32%
 3049s|  6300 |   522 |  7212k| 740.0 |   387M |  50 |1191 |  11k|  12k|  50k|  1 |3333 |7013 | 4.316952e+05 | 4.336688e+05 |   0.46%|  14.38%
 3109s|  6400 |   536 |  7364k| 748.2 |   399M |  50 |1191 |  11k|  12k|  51k|  0 |3349 |7039 | 4.317028e+05 | 4.336688e+05 |   0.46%|  14.55%
 3158s|  6500 |   548 |  7468k| 751.2 |   400M |  50 |1191 |  11k|  12k|  51k|  2 |3363 |7094 | 4.317158e+05 | 4.336688e+05 |   0.45%|  14.64%
 3215s|  6600 |   552 |  7635k| 760.6 |   401M |  50 |1191 |  11k|  12k|  52k|  2 |3404 |7128 | 4.317233e+05 | 4.336688e+05 |   0.45%|  14.79%
 3255s|  6700 |   546 |  7739k| 763.4 |   402M |  50 |1191 |  11k|   0 |  52k|  0 |3450 |7171 | 4.317233e+05 | 4.336688e+05 |   0.45%|  14.80%
 3298s|  6800 |   550 |  7846k| 766.4 |   404M |  50 |1191 |  11k|  11k|  53k|  0 |3477 |7208 | 4.317277e+05 | 4.336688e+05 |   0.45%|  15.00%
 3342s|  6900 |   556 |  7972k| 771.4 |   410M |  50 |1191 |  11k|  12k|  55k|  1 |3508 |7224 | 4.317296e+05 | 4.336688e+05 |   0.45%|  15.04%
 3362s|  7000 |   556 |  8033k| 769.8 |   411M |  50 |1191 |  11k|  12k|  55k|  2 |3510 |7253 | 4.317296e+05 | 4.336688e+05 |   0.45%|  15.04%
 3415s|  7100 |   558 |  8167k| 775.3 |   412M |  50 |1191 |  11k|  12k|  56k|  0 |3527 |7272 | 4.317337e+05 | 4.336688e+05 |   0.45%|  15.11%
 3443s|  7200 |   560 |  8248k| 775.7 |   412M |  50 |1191 |  11k|  11k|  57k|  1 |3543 |7284 | 4.317337e+05 | 4.336688e+05 |   0.45%|  15.14%
 3457s|  7300 |   564 |  8297k| 772.9 |   412M |  50 |1191 |  11k|  12k|  57k|  1 |3560 |7291 | 4.317337e+05 | 4.336688e+05 |   0.45%|  15.14%
 3497s|  7400 |   566 |  8408k| 776.1 |   416M |  50 |1191 |  11k|  12k|  58k|  0 |3593 |7298 | 4.317354e+05 | 4.336688e+05 |   0.45%|  15.60%
 time | node  | left  |LP iter|LP it/n|mem/heur|mdpt |vars |cons |rows |cuts |sepa|confs|strbr|  dualbound   | primalbound  |  gap   | compl. 
 3555s|  7500 |   570 |  8556k| 782.7 |   418M |  50 |1191 |  11k|  12k|  59k|  1 |3610 |7310 | 4.317442e+05 | 4.336688e+05 |   0.45%|  15.85%
 3604s|  7600 |   580 |  8688k| 787.6 |   422M |  50 |1191 |  11k|  11k|  60k|  1 |3628 |7323 | 4.317516e+05 | 4.336688e+05 |   0.44%|  16.12%
 3622s|  7700 |   592 |  8737k| 784.9 |   422M |  50 |1191 |  11k|  11k|  61k|  0 |3651 |7415 | 4.317540e+05 | 4.336688e+05 |   0.44%|  16.31%
 3693s|  7800 |   594 |  8893k| 792.0 |   432M |  50 |1191 |  11k|   0 |  62k|  0 |3684 |7453 | 4.317714e+05 | 4.336688e+05 |   0.44%|  16.78%
 3755s|  7900 |   606 |  9011k| 795.5 |   433M |  50 |1191 |  11k|  12k|  63k|  0 |3711 |7554 | 4.317746e+05 | 4.336688e+05 |   0.44%|  16.97%
 3814s|  8000 |   622 |  9126k| 798.6 |   433M |  50 |1191 |  11k|  12k|  64k|  0 |3721 |7609 | 4.318132e+05 | 4.336688e+05 |   0.43%|  17.20%
 3885s|  8100 |   636 |  9261k| 803.5 |   439M |  50 |1191 |  11k|  12k|  64k|  2 |3747 |7691 | 4.318246e+05 | 4.336688e+05 |   0.43%|  17.52%
 3974s|  8200 |   638 |  9460k| 813.9 |   440M |  50 |1191 |  11k|  12k|  65k|  2 |3812 |7820 | 4.318336e+05 | 4.336688e+05 |   0.42%|  17.67%
 4045s|  8300 |   636 |  9614k| 820.2 |   448M |  50 |1191 |  11k|  11k|  67k|  0 |3881 |7997 | 4.318364e+05 | 4.336688e+05 |   0.42%|  18.04%
 4099s|  8400 |   644 |  9746k| 824.6 |   448M |  50 |1191 |  11k|  12k|  67k|  5 |3924 |8082 | 4.318518e+05 | 4.336688e+05 |   0.42%|  18.18%
 4123s|  8500 |   646 |  9823k| 824.1 |   449M |  50 |1191 |  11k|  12k|  68k|  1 |3924 |8109 | 4.318522e+05 | 4.336688e+05 |   0.42%|  18.23%
 4155s|  8600 |   650 |  9915k| 824.9 |   449M |  50 |1191 |  11k|  12k|  68k|  2 |3945 |8166 | 4.318522e+05 | 4.336688e+05 |   0.42%|  18.23%
 4200s|  8700 |   656 | 10029k| 827.5 |   449M |  50 |1191 |  11k|  12k|  69k|  0 |3967 |8219 | 4.318551e+05 | 4.336688e+05 |   0.42%|  18.45%
 4274s|  8800 |   652 | 10208k| 835.5 |   457M |  50 |1191 |  11k|  12k|  70k|  5 |3984 |8247 | 4.318628e+05 | 4.336688e+05 |   0.42%|  18.66%
 4310s|  8900 |   654 | 10311k| 837.2 |   457M |  50 |1191 |  11k|  12k|  70k|  3 |3999 |8276 | 4.318636e+05 | 4.336688e+05 |   0.42%|  18.74%
 time | node  | left  |LP iter|LP it/n|mem/heur|mdpt |vars |cons |rows |cuts |sepa|confs|strbr|  dualbound   | primalbound  |  gap   | compl. 
 4400s|  9000 |   664 | 10513k| 846.8 |   459M |  50 |1191 |  11k|  11k|  72k|  2 |4029 |8343 | 4.318668e+05 | 4.336688e+05 |   0.42%|  18.98%
 4430s|  9100 |   664 | 10599k| 847.0 |   459M |  50 |1191 |  11k|  11k|  72k|  0 |4062 |8392 | 4.318700e+05 | 4.336688e+05 |   0.42%|  19.41%
 4475s|  9200 |   672 | 10691k| 847.5 |   460M |  50 |1191 |  11k|  12k|  73k|  0 |4081 |8412 | 4.318740e+05 | 4.336688e+05 |   0.42%|  19.49%
 4514s|  9300 |   676 | 10798k| 849.3 |   465M |  50 |1191 |  11k|  12k|  74k|  2 |4098 |8438 | 4.318777e+05 | 4.336688e+05 |   0.41%|  19.65%
 4554s|  9400 |   684 | 10917k| 852.0 |   468M |  50 |1191 |  11k|  12k|  74k|  1 |4105 |8447 | 4.318837e+05 | 4.336688e+05 |   0.41%|  19.80%
 4601s|  9500 |   688 | 11063k| 856.8 |   468M |  50 |1191 |  11k|  12k|  75k|  2 |4141 |8460 | 4.318918e+05 | 4.336688e+05 |   0.41%|  19.90%
 4656s|  9600 |   682 | 11216k| 862.1 |   472M |  50 |1191 |  11k|  11k|  76k|  1 |4185 |8470 | 4.318956e+05 | 4.336688e+05 |   0.41%|  20.37%
 4699s|  9700 |   672 | 11335k| 864.6 |   473M |  50 |1191 |  11k|  12k|  77k|  0 |4212 |8498 | 4.318956e+05 | 4.336688e+05 |   0.41%|  20.38%
 4781s|  9800 |   680 | 11549k| 874.4 |   473M |  50 |1191 |  11k|  11k|  79k|  2 |4227 |8526 | 4.319161e+05 | 4.336688e+05 |   0.41%|  21.91%
 4829s|  9900 |   678 | 11667k| 876.8 |   473M |  50 |1191 |  11k|  12k|  80k|  1 |4282 |8557 | 4.319166e+05 | 4.336688e+05 |   0.41%|  21.96%
 4892s| 10000 |   686 | 11823k| 881.9 |   475M |  50 |1191 |  11k|  12k|  81k|  0 |4301 |8576 | 4.319280e+05 | 4.336688e+05 |   0.40%|  22.10%
 5023s| 10100 |   690 | 12123k| 897.9 |   480M |  50 |1191 |  11k|   0 |  83k|  0 |4329 |8613 | 4.319339e+05 | 4.336688e+05 |   0.40%|  23.07%
 5062s| 10200 |   686 | 12217k| 898.2 |   480M |  50 |1191 |  11k|  12k|  83k|  1 |4378 |8643 | 4.319369e+05 | 4.336688e+05 |   0.40%|  23.18%
 5123s| 10300 |   696 | 12364k| 902.4 |   480M |  50 |1191 |  11k|  12k|  84k|  0 |4428 |8722 | 4.319407e+05 | 4.336688e+05 |   0.40%|  23.55%
 5140s| 10400 |   694 | 12411k| 899.3 |   481M |  50 |1191 |  11k|  12k|  85k|  4 |4463 |8790 | 4.319407e+05 | 4.336688e+05 |   0.40%|  25.90%
 time | node  | left  |LP iter|LP it/n|mem/heur|mdpt |vars |cons |rows |cuts |sepa|confs|strbr|  dualbound   | primalbound  |  gap   | compl. 
 5165s| 10500 |   700 | 12477k| 897.5 |   482M |  50 |1191 |  11k|  12k|  85k|  0 |4547 |8893 | 4.319558e+05 | 4.336688e+05 |   0.40%|  30.75%
 5211s| 10600 |   696 | 12599k| 899.8 |   483M |  50 |1191 |  11k|  12k|  86k|  5 |4633 |9059 | 4.319577e+05 | 4.336688e+05 |   0.40%|  30.85%
 5314s| 10700 |   692 | 12787k| 906.9 |   490M |  50 |1191 |  11k|  12k|  87k|  0 |4708 |9216 | 4.319595e+05 | 4.336688e+05 |   0.40%|  31.19%
 5418s| 10800 |   688 | 12990k| 914.9 |   491M |  50 |1191 |  11k|  11k|  88k|  0 |4788 |9396 | 4.319615e+05 | 4.336688e+05 |   0.40%|  31.56%
 5508s| 10900 |   694 | 13194k| 922.9 |   496M |  50 |1191 |  11k|  11k|  89k|  0 |4866 |9520 | 4.319745e+05 | 4.336688e+05 |   0.39%|  32.21%
 5576s| 11000 |   694 | 13296k| 923.6 |   497M |  50 |1191 |  11k|  12k|  90k|  5 |4908 |9626 | 4.319760e+05 | 4.336688e+05 |   0.39%|  32.36%
 5613s| 11100 |   696 | 13388k| 923.5 |   497M |  50 |1191 |  11k|  12k|  90k|  0 |4932 |9651 | 4.319769e+05 | 4.336688e+05 |   0.39%|  32.51%
 5661s| 11200 |   696 | 13506k| 925.3 |   498M |  50 |1191 |  11k|  11k|  91k|  1 |4959 |9681 | 4.319850e+05 | 4.336688e+05 |   0.39%|  32.84%
 5694s| 11300 |   692 | 13598k| 925.3 |   498M |  50 |1191 |  11k|  11k|  92k|  1 |5000 |9735 | 4.319850e+05 | 4.336688e+05 |   0.39%|  33.26%
 5725s| 11400 |   708 | 13677k| 924.4 |   499M |  50 |1191 |  11k|  11k|  92k|  1 |5031 |9801 | 4.319909e+05 | 4.336688e+05 |   0.39%|  33.65%
 5751s| 11500 |   718 | 13755k| 923.4 |   499M |  50 |1191 |  11k|  11k|  93k|  3 |5057 |9826 | 4.319950e+05 | 4.336688e+05 |   0.39%|  33.87%
 5780s| 11600 |   702 | 13856k| 923.9 |   500M |  50 |1191 |  11k|  11k|  93k|  2 |5093 |9867 | 4.319950e+05 | 4.336688e+05 |   0.39%|  33.88%
 5810s| 11700 |   714 | 13946k| 923.8 |   500M |  50 |1191 |  11k|  11k|  94k|  2 |5132 |9920 | 4.319950e+05 | 4.336688e+05 |   0.39%|  34.07%
 5843s| 11800 |   714 | 14045k| 924.3 |   500M |  50 |1191 |  11k|  11k|  95k|  2 |5155 |9963 | 4.320011e+05 | 4.336688e+05 |   0.39%|  34.13%
 5880s| 11900 |   704 | 14141k| 924.5 |   501M |  50 |1191 |  11k|  12k|  95k|  2 |5205 |  10k| 4.320015e+05 | 4.336688e+05 |   0.39%|  34.28%
 time | node  | left  |LP iter|LP it/n|mem/heur|mdpt |vars |cons |rows |cuts |sepa|confs|strbr|  dualbound   | primalbound  |  gap   | compl. 
 5979s| 12000 |   696 | 14350k| 932.2 |   506M |  50 |1191 |  11k|   0 |  96k|  0 |5225 |  10k| 4.320078e+05 | 4.336688e+05 |   0.38%|  34.89%
 6016s| 12100 |   700 | 14438k| 931.8 |   506M |  50 |1191 |  11k|  12k|  96k|  0 |5232 |  10k| 4.320149e+05 | 4.336688e+05 |   0.38%|  34.94%
 6052s| 12200 |   702 | 14533k| 932.0 |   506M |  50 |1191 |  12k|  11k|  97k|  1 |5253 |  10k| 4.320149e+05 | 4.336688e+05 |   0.38%|  35.16%
 6076s| 12300 |   702 | 14601k| 930.3 |   506M |  50 |1191 |  12k|  11k|  97k|  0 |5280 |  10k| 4.320160e+05 | 4.336688e+05 |   0.38%|  35.21%
 6100s| 12400 |   710 | 14679k| 929.3 |   507M |  50 |1191 |  12k|  12k|  98k|  4 |5318 |  10k| 4.320160e+05 | 4.336688e+05 |   0.38%|  35.41%
 6142s| 12500 |   700 | 14794k| 930.7 |   507M |  50 |1191 |  12k|  12k|  98k|  0 |5351 |  10k| 4.320176e+05 | 4.336688e+05 |   0.38%|  35.63%
 6186s| 12600 |   706 | 14908k| 932.0 |   507M |  50 |1191 |  12k|  12k|  99k|  0 |5383 |  10k| 4.320229e+05 | 4.336688e+05 |   0.38%|  35.76%
 6246s| 12700 |   700 | 15066k| 936.2 |   509M |  50 |1191 |  12k|   0 | 100k|  0 |5413 |  10k| 4.320250e+05 | 4.336688e+05 |   0.38%|  36.11%
 6282s| 12800 |   706 | 15158k| 936.1 |   509M |  50 |1191 |  12k|  11k| 101k|  2 |5449 |  10k| 4.320261e+05 | 4.336688e+05 |   0.38%|  36.53%
 6296s| 12900 |   716 | 15202k| 933.0 |   509M |  50 |1191 |  12k|  11k| 101k|  2 |5474 |  10k| 4.320274e+05 | 4.336688e+05 |   0.38%|  36.64%
 6323s| 13000 |   718 | 15287k| 932.5 |   509M |  50 |1191 |  12k|  11k| 101k|  1 |5497 |  10k| 4.320289e+05 | 4.336688e+05 |   0.38%|  36.72%
 6383s| 13100 |   734 | 15435k| 935.8 |   516M |  50 |1191 |  12k|  12k| 102k|  1 |5504 |  10k| 4.320419e+05 | 4.336688e+05 |   0.38%|  36.97%
 6412s| 13200 |   736 | 15516k| 935.0 |   516M |  50 |1191 |  12k|  11k| 103k|  1 |5512 |  10k| 4.320454e+05 | 4.336688e+05 |   0.38%|  36.98%
 6462s| 13300 |   740 | 15637k| 936.7 |   517M |  50 |1191 |  12k|  11k| 103k|  0 |5537 |  10k| 4.320459e+05 | 4.336688e+05 |   0.38%|  36.98%
 6499s| 13400 |   738 | 15750k| 937.9 |   517M |  50 |1191 |  12k|  11k| 104k|  0 |5563 |  10k| 4.320472e+05 | 4.336688e+05 |   0.38%|  37.12%
 time | node  | left  |LP iter|LP it/n|mem/heur|mdpt |vars |cons |rows |cuts |sepa|confs|strbr|  dualbound   | primalbound  |  gap   | compl. 
 6578s| 13500 |   740 | 15958k| 944.7 |   517M |  50 |1191 |  12k|  12k| 105k|  4 |5651 |  10k| 4.320498e+05 | 4.336688e+05 |   0.37%|  37.16%
 6667s| 13600 |   744 | 16156k| 950.9 |   524M |  50 |1191 |  12k|  11k| 105k|  2 |5729 |  10k| 4.320634e+05 | 4.336688e+05 |   0.37%|  37.46%
 6754s| 13700 |   738 | 16321k| 955.0 |   531M |  50 |1191 |  12k|  11k| 106k|  2 |5788 |  10k| 4.320718e+05 | 4.336688e+05 |   0.37%|  38.20%
 6801s| 13800 |   748 | 16420k| 955.2 |   531M |  50 |1191 |  12k|  12k| 107k|  1 |5806 |  10k| 4.320756e+05 | 4.336688e+05 |   0.37%|  38.35%
 6843s| 13900 |   752 | 16513k| 955.1 |   532M |  50 |1191 |  12k|  12k| 108k|  2 |5846 |  11k| 4.320812e+05 | 4.336688e+05 |   0.37%|  38.38%
 6875s| 14000 |   754 | 16585k| 953.7 |   532M |  50 |1191 |  12k|  12k| 108k|  1 |5871 |  11k| 4.320812e+05 | 4.336688e+05 |   0.37%|  38.38%
 6924s| 14100 |   750 | 16691k| 954.3 |   532M |  50 |1191 |  12k|  12k| 109k|  1 |5902 |  11k| 4.320812e+05 | 4.336688e+05 |   0.37%|  38.38%
 6977s| 14200 |   746 | 16787k| 954.3 |   533M |  50 |1191 |  12k|  11k| 109k|  2 |5922 |  11k| 4.320837e+05 | 4.336688e+05 |   0.37%|  38.45%
 7044s| 14300 |   778 | 16918k| 956.4 |   534M |  50 |1191 |  12k|  11k| 110k|  3 |5957 |  11k| 4.320878e+05 | 4.336688e+05 |   0.37%|  38.72%
 7065s| 14400 |   776 | 16969k| 953.8 |   542M |  50 |1191 |  12k|  11k| 110k|  2 |5961 |  11k| 4.320935e+05 | 4.336688e+05 |   0.36%|  39.00%
 7104s| 14500 |   776 | 17068k| 954.1 |   545M |  50 |1191 |  12k|  11k| 112k|  0 |5971 |  11k| 4.321006e+05 | 4.336688e+05 |   0.36%|  39.39%
 7166s| 14600 |   790 | 17206k| 956.4 |   547M |  50 |1191 |  12k|  11k| 112k|  3 |6000 |  11k| 4.321089e+05 | 4.336688e+05 |   0.36%|  39.46%
 7183s| 14700 |   794 | 17253k| 953.7 |   547M |  50 |1191 |  12k|  11k| 112k|  0 |6003 |  11k| 4.321102e+05 | 4.336688e+05 |   0.36%|  39.50%
 7205s| 14800 |   790 | 17314k| 951.8 |   547M |  50 |1191 |  12k|  12k| 113k|  0 |6011 |  11k| 4.321157e+05 | 4.336688e+05 |   0.36%|  39.57%
 7313s| 14900 |   802 | 17582k| 961.4 |   547M |  50 |1191 |  12k|  12k| 114k|  1 |6015 |  11k| 4.321263e+05 | 4.336688e+05 |   0.36%|  39.61%
 time | node  | left  |LP iter|LP it/n|mem/heur|mdpt |vars |cons |rows |cuts |sepa|confs|strbr|  dualbound   | primalbound  |  gap   | compl. 
 7366s| 15000 |   806 | 17707k| 962.9 |   547M |  50 |1191 |  12k|  12k| 115k|  1 |6020 |  11k| 4.321325e+05 | 4.336688e+05 |   0.36%|  39.92%
 7400s| 15100 |   804 | 17794k| 962.5 |   548M |  50 |1191 |  12k|  12k| 115k|  2 |6031 |  11k| 4.321327e+05 | 4.336688e+05 |   0.36%|  39.95%
 7446s| 15200 |   802 | 17931k| 964.7 |   548M |  50 |1191 |  12k|  12k| 116k|  0 |6045 |  11k| 4.321328e+05 | 4.336688e+05 |   0.36%|  40.15%
 7519s| 15300 |   798 | 18112k| 969.3 |   550M |  50 |1191 |  12k|  11k| 117k|  0 |6057 |  11k| 4.321356e+05 | 4.336688e+05 |   0.35%|  40.21%
 7584s| 15400 |   804 | 18297k| 973.9 |   559M |  50 |1191 |  12k|  12k| 119k|  1 |6092 |  11k| 4.321440e+05 | 4.336688e+05 |   0.35%|  40.51%
 7654s| 15500 |   798 | 18475k| 978.3 |   559M |  50 |1191 |  12k|  11k| 120k|  2 |6100 |  11k| 4.321471e+05 | 4.336688e+05 |   0.35%|  40.68%
 7693s| 15600 |   792 | 18576k| 978.4 |   559M |  50 |1191 |  12k|  12k| 120k|  0 |6111 |  11k| 4.321471e+05 | 4.336688e+05 |   0.35%|  40.70%
 7740s| 15700 |   790 | 18693k| 979.5 |   566M |  50 |1191 |  12k|  11k| 121k|  1 |6120 |  11k| 4.321471e+05 | 4.336688e+05 |   0.35%|  41.00%
 7783s| 15800 |   800 | 18809k| 980.4 |   567M |  50 |1191 |  12k|  12k| 122k|  2 |6154 |  11k| 4.321487e+05 | 4.336688e+05 |   0.35%|  41.09%
 7823s| 15900 |   804 | 18912k| 980.7 |   567M |  50 |1191 |  12k|   0 | 122k|  0 |6193 |  11k| 4.321558e+05 | 4.336688e+05 |   0.35%|  41.23%
 7860s| 16000 |   800 | 19022k| 981.3 |   567M |  50 |1191 |  12k|  12k| 123k|  1 |6206 |  11k| 4.321564e+05 | 4.336688e+05 |   0.35%|  41.53%
 7917s| 16100 |   802 | 19187k| 984.8 |   567M |  50 |1191 |  12k|  12k| 124k|  1 |6211 |  11k| 4.321576e+05 | 4.336688e+05 |   0.35%|  41.62%
 7989s| 16200 |   814 | 19368k| 989.0 |   567M |  50 |1191 |  12k|  12k| 124k|  3 |6236 |  11k| 4.321611e+05 | 4.336688e+05 |   0.35%|  41.65%
 8090s| 16300 |   810 | 19630k| 997.4 |   569M |  50 |1191 |  12k|  12k| 126k|  0 |6248 |  11k| 4.321618e+05 | 4.336688e+05 |   0.35%|  41.70%
 8220s| 16400 |   814 | 19931k|1007.6 |   579M |  50 |1191 |  12k|  12k| 127k|  3 |6347 |  11k| 4.321768e+05 | 4.336688e+05 |   0.35%|  41.87%
 time | node  | left  |LP iter|LP it/n|mem/heur|mdpt |vars |cons |rows |cuts |sepa|confs|strbr|  dualbound   | primalbound  |  gap   | compl. 
 8320s| 16500 |   814 | 20146k|1013.4 |   584M |  50 |1191 |  12k|  11k| 128k|  2 |6485 |  12k| 4.321824e+05 | 4.336688e+05 |   0.34%|  42.39%
 8392s| 16600 |   820 | 20331k|1017.7 |   584M |  50 |1191 |  12k|  12k| 130k|  2 |6514 |  12k| 4.321906e+05 | 4.336688e+05 |   0.34%|  42.80%
 8463s| 16700 |   822 | 20472k|1019.6 |   587M |  50 |1191 |  12k|  11k| 131k|  2 |6574 |  12k| 4.321924e+05 | 4.336688e+05 |   0.34%|  43.11%
 8531s| 16800 |   816 | 20603k|1021.1 |   587M |  50 |1191 |  12k|  12k| 131k|  0 |6618 |  12k| 4.321937e+05 | 4.336688e+05 |   0.34%|  43.23%
 8615s| 16900 |   812 | 20794k|1025.5 |   588M |  50 |1191 |  12k|  12k| 133k|  0 |6686 |  12k| 4.322002e+05 | 4.336688e+05 |   0.34%|  44.14%
 8660s| 17000 |   816 | 20911k|1026.2 |   592M |  50 |1191 |  12k|  12k| 134k|  1 |6746 |  12k| 4.322053e+05 | 4.336688e+05 |   0.34%|  44.36%
 8700s| 17100 |   810 | 21015k|1026.3 |   592M |  50 |1191 |  12k|  12k| 134k|  2 |6765 |  12k| 4.322053e+05 | 4.336688e+05 |   0.34%|  44.46%
 8783s| 17200 |   816 | 21204k|1030.5 |   600M |  50 |1191 |  12k|  12k| 136k|  0 |6809 |  12k| 4.322062e+05 | 4.336688e+05 |   0.34%|  44.82%
 8854s| 17300 |   818 | 21337k|1032.0 |   600M |  50 |1191 |  12k|  12k| 136k|  1 |6843 |  12k| 4.322128e+05 | 4.336688e+05 |   0.34%|  44.87%
 8896s| 17400 |   822 | 21436k|1031.8 |   607M |  50 |1191 |  12k|  11k| 137k|  2 |6877 |  12k| 4.322203e+05 | 4.336688e+05 |   0.34%|  44.98%
 8952s| 17500 |   826 | 21556k|1032.6 |   610M |  50 |1191 |  12k|  11k| 138k|  1 |6886 |  12k| 4.322232e+05 | 4.336688e+05 |   0.33%|  45.24%
 8982s| 17600 |   826 | 21635k|1031.4 |   612M |  50 |1191 |  12k|  12k| 138k|  4 |6921 |  12k| 4.322253e+05 | 4.336688e+05 |   0.33%|  45.25%
 9046s| 17700 |   830 | 21801k|1034.5 |   619M |  50 |1191 |  12k|   0 | 139k|  0 |6949 |  12k| 4.322316e+05 | 4.336688e+05 |   0.33%|  45.52%
 9087s| 17800 |   828 | 21916k|1035.0 |   624M |  50 |1191 |  12k|  11k| 140k|  1 |6975 |  12k| 4.322373e+05 | 4.336688e+05 |   0.33%|  45.78%
 9188s| 17900 |   828 | 22161k|1041.7 |   633M |  50 |1191 |  12k|  11k| 142k|  0 |7013 |  12k| 4.322412e+05 | 4.336688e+05 |   0.33%|  45.88%
 time | node  | left  |LP iter|LP it/n|mem/heur|mdpt |vars |cons |rows |cuts |sepa|confs|strbr|  dualbound   | primalbound  |  gap   | compl. 
 9219s| 18000 |   826 | 22242k|1040.6 |   633M |  50 |1191 |  12k|  11k| 142k|  0 |7024 |  12k| 4.322412e+05 | 4.336688e+05 |   0.33%|  45.88%
 9295s| 18100 |   826 | 22403k|1043.3 |   635M |  50 |1191 |  12k|  12k| 143k|  2 |7059 |  13k| 4.322412e+05 | 4.336688e+05 |   0.33%|  45.88%
 9345s| 18200 |   824 | 22515k|1043.7 |   635M |  50 |1191 |  12k|  12k| 144k|  0 |7073 |  13k| 4.322412e+05 | 4.336688e+05 |   0.33%|  46.21%
 9408s| 18300 |   832 | 22677k|1046.3 |   635M |  50 |1191 |  12k|  12k| 145k|  0 |7079 |  13k| 4.322535e+05 | 4.336688e+05 |   0.33%|  46.35%
 9497s| 18400 |   834 | 22862k|1050.0 |   645M |  50 |1191 |  12k|  12k| 146k|  1 |7097 |  13k| 4.322553e+05 | 4.336688e+05 |   0.33%|  46.36%
 9550s| 18500 |   838 | 22977k|1050.5 |   648M |  50 |1191 |  12k|  12k| 146k|  1 |7114 |  13k| 4.322563e+05 | 4.336688e+05 |   0.33%|  46.47%
 9616s| 18600 |   836 | 23126k|1052.5 |   648M |  50 |1191 |  12k|  12k| 147k|  1 |7124 |  13k| 4.322613e+05 | 4.336688e+05 |   0.33%|  46.56%
 9664s| 18700 |   832 | 23237k|1052.8 |   648M |  50 |1191 |  12k|  12k| 148k|  0 |7149 |  13k| 4.322654e+05 | 4.336688e+05 |   0.32%|  46.66%
 9729s| 18800 |   832 | 23396k|1055.2 |   648M |  50 |1191 |  12k|  12k| 148k|  1 |7168 |  13k| 4.322742e+05 | 4.336688e+05 |   0.32%|  46.75%
 9775s| 18900 |   834 | 23519k|1056.0 |   650M |  50 |1191 |  12k|  12k| 149k|  1 |7198 |  13k| 4.322742e+05 | 4.336688e+05 |   0.32%|  46.75%
 9835s| 19000 |   840 | 23659k|1057.5 |   652M |  50 |1191 |  12k|  12k| 150k|  2 |7201 |  13k| 4.322794e+05 | 4.336688e+05 |   0.32%|  46.91%
 9888s| 19100 |   832 | 23771k|1057.9 |   657M |  50 |1191 |  12k|  12k| 151k|  0 |7288 |  13k| 4.322811e+05 | 4.336688e+05 |   0.32%|  47.23%
 9954s| 19200 |   836 | 23923k|1059.9 |   657M |  50 |1191 |  12k|  12k| 152k|  4 |7405 |  13k| 4.322824e+05 | 4.336688e+05 |   0.32%|  47.37%
  167m| 19300 |   838 | 24022k|1059.6 |   659M |  50 |1191 |  12k|  12k| 153k|  0 |7457 |  13k| 4.322847e+05 | 4.336688e+05 |   0.32%|  47.70%
  168m| 19400 |   838 | 24173k|1061.6 |   659M |  50 |1191 |  12k|  11k| 154k|  0 |7492 |  13k| 4.322849e+05 | 4.336688e+05 |   0.32%|  47.88%
 time | node  | left  |LP iter|LP it/n|mem/heur|mdpt |vars |cons |rows |cuts |sepa|confs|strbr|  dualbound   | primalbound  |  gap   | compl. 
  169m| 19500 |   834 | 24348k|1064.6 |   660M |  50 |1191 |  12k|  12k| 154k|  4 |7560 |  13k| 4.322850e+05 | 4.336688e+05 |   0.32%|  48.21%
  170m| 19600 |   834 | 24480k|1065.7 |   660M |  50 |1191 |  12k|  12k| 155k|  0 |7605 |  13k| 4.322850e+05 | 4.336688e+05 |   0.32%|  48.31%
  171m| 19700 |   834 | 24605k|1066.5 |   661M |  50 |1191 |  12k|  12k| 155k|  4 |7663 |  13k| 4.322850e+05 | 4.336688e+05 |   0.32%|  48.34%
  173m| 19800 |   836 | 24799k|1070.3 |   661M |  50 |1191 |  12k|  12k| 157k|  0 |7716 |  13k| 4.322928e+05 | 4.336688e+05 |   0.32%|  48.81%
  175m| 19900 |   838 | 25063k|1077.1 |   668M |  50 |1191 |  12k|  11k| 158k|  1 |7757 |  13k| 4.322978e+05 | 4.336688e+05 |   0.32%|  49.41%
  176m| 20000 |   844 | 25243k|1080.2 |   675M |  50 |1191 |  12k|   0 | 160k|  0 |7819 |  13k| 4.323066e+05 | 4.336688e+05 |   0.32%|  49.52%
  177m| 20100 |   842 | 25357k|1080.5 |   676M |  50 |1191 |  12k|  12k| 160k|  3 |7861 |  14k| 4.323076e+05 | 4.336688e+05 |   0.31%|  49.65%
  178m| 20200 |   844 | 25462k|1080.4 |   676M |  50 |1191 |  12k|  12k| 161k|  0 |7890 |  14k| 4.323167e+05 | 4.336688e+05 |   0.31%|  49.74%
  179m| 20300 |   848 | 25624k|1082.7 |   682M |  50 |1191 |  12k|  12k| 162k|  0 |7915 |  14k| 4.323213e+05 | 4.336688e+05 |   0.31%|  50.01%
  180m| 20400 |   846 | 25793k|1085.2 |   685M |  50 |1191 |  12k|  12k| 163k|  0 |7958 |  14k| 4.323229e+05 | 4.336688e+05 |   0.31%|  50.26%
  181m| 20500 |   854 | 25967k|1088.0 |   685M |  50 |1191 |  12k|  12k| 164k|  1 |7987 |  14k| 4.323261e+05 | 4.336688e+05 |   0.31%|  54.44%
  183m| 20600 |   852 | 26203k|1093.4 |   686M |  50 |1191 |  12k|  12k| 165k|  0 |8030 |  14k| 4.323261e+05 | 4.336688e+05 |   0.31%|  54.47%
  185m| 20700 |   850 | 26382k|1096.3 |   690M |  50 |1191 |  12k|  12k| 166k|  2 |8054 |  14k| 4.323262e+05 | 4.336688e+05 |   0.31%|  54.53%
  186m| 20800 |   848 | 26511k|1097.1 |   700M |  50 |1191 |  12k|  12k| 167k|  1 |8068 |  14k| 4.323262e+05 | 4.336688e+05 |   0.31%|  54.77%
  187m| 20900 |   848 | 26618k|1097.0 |   704M |  50 |1191 |  12k|  11k| 167k|  0 |8083 |  14k| 4.323288e+05 | 4.336688e+05 |   0.31%|  54.91%
 time | node  | left  |LP iter|LP it/n|mem/heur|mdpt |vars |cons |rows |cuts |sepa|confs|strbr|  dualbound   | primalbound  |  gap   | compl. 
  188m| 21000 |   864 | 26775k|1098.9 |   704M |  50 |1191 |  12k|  12k| 167k|  9 |8125 |  14k| 4.323299e+05 | 4.336688e+05 |   0.31%|  54.95%
  188m| 21100 |   866 | 26886k|1099.0 |   704M |  50 |1191 |  12k|  12k| 168k|  3 |8150 |  14k| 4.323314e+05 | 4.336688e+05 |   0.31%|  55.09%
  190m| 21200 |   862 | 27022k|1100.0 |   704M |  50 |1191 |  12k|  12k| 168k|  0 |8161 |  14k| 4.323314e+05 | 4.336688e+05 |   0.31%|  55.09%
  191m| 21300 |   866 | 27199k|1102.8 |   704M |  50 |1191 |  12k|   0 | 169k|  0 |8201 |  14k| 4.323315e+05 | 4.336688e+05 |   0.31%|  55.18%
  192m| 21400 |   864 | 27314k|1102.9 |   704M |  50 |1191 |  12k|  12k| 170k|  1 |8234 |  14k| 4.323329e+05 | 4.336688e+05 |   0.31%|  55.28%
  192m| 21500 |   864 | 27391k|1101.6 |   704M |  50 |1191 |  12k|  11k| 170k|  1 |8257 |  14k| 4.323329e+05 | 4.336688e+05 |   0.31%|  55.31%
  194m| 21600 |   864 | 27554k|1103.7 |   704M |  50 |1191 |  12k|  12k| 171k|  0 |8290 |  14k| 4.323388e+05 | 4.336688e+05 |   0.31%|  55.44%
  195m| 21700 |   872 | 27695k|1105.0 |   704M |  50 |1191 |  12k|  12k| 172k|  2 |8297 |  14k| 4.323405e+05 | 4.336688e+05 |   0.31%|  55.45%
  195m| 21800 |   864 | 27803k|1104.9 |   706M |  50 |1191 |  12k|  12k| 172k|  0 |8305 |  14k| 4.323431e+05 | 4.336688e+05 |   0.31%|  55.48%
  196m| 21900 |   862 | 27907k|1104.6 |   708M |  50 |1191 |  12k|  11k| 173k|  1 |8322 |  14k| 4.323431e+05 | 4.336688e+05 |   0.31%|  55.57%
  198m| 22000 |   864 | 28081k|1107.1 |   711M |  50 |1191 |  12k|  12k| 173k|  1 |8330 |  14k| 4.323461e+05 | 4.336688e+05 |   0.31%|  55.73%
  199m| 22100 |   862 | 28205k|1107.7 |   712M |  70 |1191 |  12k|  12k| 174k|  0 |8346 |  14k| 4.323461e+05 | 4.336688e+05 |   0.31%|  55.73%
  200m| 22200 |   864 | 28330k|1108.2 |   712M |  70 |1191 |  12k|  12k| 174k|  0 |8370 |  14k| 4.323461e+05 | 4.336688e+05 |   0.31%|  55.80%
  201m| 22300 |   857 | 28459k|1108.9 |   712M |  70 |1191 |  12k|  11k| 175k|  0 |8434 |  14k| 4.323461e+05 | 4.336688e+05 |   0.31%|  55.87%
  202m| 22400 |   863 | 28549k|1108.1 |   712M |  70 |1191 |  12k|   0 | 175k|  0 |8445 |  14k| 4.323461e+05 | 4.336688e+05 |   0.31%|  56.05%
 time | node  | left  |LP iter|LP it/n|mem/heur|mdpt |vars |cons |rows |cuts |sepa|confs|strbr|  dualbound   | primalbound  |  gap   | compl. 
  202m| 22500 |   859 | 28652k|1107.8 |   712M |  70 |1191 |  12k|  12k| 176k|  0 |8480 |  14k| 4.323463e+05 | 4.336688e+05 |   0.31%|  56.21%
  204m| 22600 |   855 | 28909k|1113.5 |   712M |  70 |1191 |  12k|  12k| 177k|  0 |8567 |  14k| 4.323499e+05 | 4.336688e+05 |   0.31%|  56.41%
  205m| 22700 |   851 | 29022k|1113.6 |   716M |  70 |1191 |  12k|  12k| 178k|  1 |8595 |  14k| 4.323524e+05 | 4.336688e+05 |   0.30%|  56.41%
  207m| 22800 |   847 | 29245k|1117.8 |   717M |  70 |1191 |  12k|  12k| 179k|  0 |8629 |  14k| 4.323549e+05 | 4.336688e+05 |   0.30%|  57.08%
  209m| 22900 |   845 | 29455k|1121.6 |   720M |  70 |1191 |  11k|  11k| 180k|  2 |8734 |  15k| 4.323556e+05 | 4.336688e+05 |   0.30%|  57.32%
  210m| 23000 |   849 | 29556k|1121.2 |   720M |  70 |1191 |  11k|  12k| 181k|  1 |8768 |  15k| 4.323607e+05 | 4.336688e+05 |   0.30%|  57.42%
  211m| 23100 |   857 | 29736k|1123.8 |   725M |  70 |1191 |  11k|  12k| 181k|  0 |8817 |  15k| 4.323654e+05 | 4.336688e+05 |   0.30%|  57.43%
  212m| 23200 |   859 | 29829k|1123.0 |   725M |  70 |1191 |  11k|  12k| 181k|  3 |8834 |  15k| 4.323692e+05 | 4.336688e+05 |   0.30%|  57.46%
  213m| 23300 |   863 | 29963k|1123.8 |   725M |  70 |1191 |  11k|  12k| 182k|  2 |8870 |  15k| 4.323700e+05 | 4.336688e+05 |   0.30%|  57.48%
  214m| 23400 |   867 | 30146k|1126.5 |   726M |  70 |1191 |  11k|  12k| 183k|  1 |8880 |  15k| 4.323739e+05 | 4.336688e+05 |   0.30%|  57.57%
  215m| 23500 |   865 | 30300k|1128.0 |   726M |  70 |1191 |  11k|  12k| 183k|  0 |8909 |  15k| 4.323768e+05 | 4.336688e+05 |   0.30%|  57.65%
  216m| 23600 |   867 | 30445k|1129.2 |   726M |  70 |1191 |  11k|  12k| 184k|  2 |8948 |  15k| 4.323768e+05 | 4.336688e+05 |   0.30%|  57.65%
  217m| 23700 |   860 | 30581k|1130.1 |   726M |  70 |1191 |  11k|  11k| 185k|  1 |8965 |  15k| 4.323787e+05 | 4.336688e+05 |   0.30%|  57.87%
  218m| 23800 |   858 | 30689k|1129.9 |   726M |  70 |1191 |  11k|  11k| 185k|  1 |9014 |  15k| 4.323817e+05 | 4.336688e+05 |   0.30%|  57.90%
  219m| 23900 |   863 | 30805k|1130.0 |   728M |  70 |1191 |  11k|  12k| 186k|  1 |9045 |  15k| 4.323832e+05 | 4.336688e+05 |   0.30%|  57.92%
 time | node  | left  |LP iter|LP it/n|mem/heur|mdpt |vars |cons |rows |cuts |sepa|confs|strbr|  dualbound   | primalbound  |  gap   | compl. 
  220m| 24000 |   861 | 30953k|1131.3 |   731M |  70 |1191 |  11k|  12k| 187k|  0 |9065 |  15k| 4.323837e+05 | 4.336688e+05 |   0.30%|  58.15%
  221m| 24100 |   855 | 31112k|1133.0 |   733M |  70 |1191 |  11k|  11k| 188k|  1 |9084 |  15k| 4.323903e+05 | 4.336688e+05 |   0.30%|  58.53%
  222m| 24200 |   853 | 31298k|1135.6 |   736M |  70 |1191 |  11k|  12k| 188k|  0 |9106 |  15k| 4.323926e+05 | 4.336688e+05 |   0.30%|  58.56%
  224m| 24300 |   855 | 31509k|1139.2 |   750M |  70 |1191 |  11k|  12k| 190k|  0 |9133 |  15k| 4.323981e+05 | 4.336688e+05 |   0.29%|  58.57%
  225m| 24400 |   851 | 31629k|1139.4 |   756M |  70 |1191 |  11k|  12k| 190k|  0 |9146 |  15k| 4.323997e+05 | 4.336688e+05 |   0.29%|  58.66%
  226m| 24500 |   845 | 31755k|1139.8 |   765M |  70 |1191 |  11k|  12k| 191k|  1 |9154 |  15k| 4.324006e+05 | 4.336688e+05 |   0.29%|  58.89%
  228m| 24600 |   838 | 31942k|1142.5 |   766M |  70 |1191 |  11k|  11k| 192k|  0 |9154 |  15k| 4.324018e+05 | 4.336688e+05 |   0.29%|  58.93%
  228m| 24700 |   832 | 32028k|1141.5 |   766M |  70 |1191 |  11k|  12k| 192k|  1 |9181 |  15k| 4.324018e+05 | 4.336688e+05 |   0.29%|  59.19%
  229m| 24800 |   832 | 32110k|1140.3 |   767M |  70 |1191 |  11k|   0 | 192k|  0 |9185 |  15k| 4.324018e+05 | 4.336688e+05 |   0.29%|  59.19%
  230m| 24900 |   825 | 32223k|1140.3 |   768M |  70 |1191 |  11k|  11k| 193k|  0 |9195 |  15k| 4.324055e+05 | 4.336688e+05 |   0.29%|  61.12%
  231m| 25000 |   825 | 32303k|1139.1 |   769M |  70 |1191 |  11k|  12k| 193k|  2 |9208 |  15k| 4.324085e+05 | 4.336688e+05 |   0.29%|  61.20%
  231m| 25100 |   827 | 32402k|1138.6 |   769M |  70 |1191 |  11k|  12k| 194k|  1 |9219 |  15k| 4.324085e+05 | 4.336688e+05 |   0.29%|  61.20%
  232m| 25200 |   827 | 32523k|1138.8 |   770M |  70 |1191 |  11k|  12k| 194k|  1 |9229 |  15k| 4.324135e+05 | 4.336688e+05 |   0.29%|  61.23%
  233m| 25300 |   827 | 32625k|1138.4 |   772M |  70 |1191 |  11k|  12k| 195k|  2 |9244 |  15k| 4.324138e+05 | 4.336688e+05 |   0.29%|  61.23%
  234m| 25400 |   827 | 32726k|1137.9 |   772M |  70 |1191 |  11k|  12k| 195k|  0 |9247 |  15k| 4.324149e+05 | 4.336688e+05 |   0.29%|  61.33%
 time | node  | left  |LP iter|LP it/n|mem/heur|mdpt |vars |cons |rows |cuts |sepa|confs|strbr|  dualbound   | primalbound  |  gap   | compl. 
  235m| 25500 |   825 | 32894k|1139.8 |   772M |  70 |1191 |  11k|  12k| 196k|  1 |9266 |  15k| 4.324149e+05 | 4.336688e+05 |   0.29%|  61.36%
  237m| 25600 |   811 | 33126k|1143.9 |   772M |  70 |1191 |  11k|  12k| 197k|  0 |9299 |  15k| 4.324149e+05 | 4.336688e+05 |   0.29%|  61.69%
  239m| 25700 |   805 | 33294k|1145.8 |   774M |  70 |1191 |  11k|  12k| 198k|  1 |9373 |  15k| 4.324157e+05 | 4.336688e+05 |   0.29%|  62.37%

SCIP Status        : solving was interrupted [time limit reached]
Solving Time (sec) : 14400.00
Solving Nodes      : 25773 (total of 28973 nodes in 2 runs)
Primal Bound       : +4.33668810000000e+05 (50 solutions)
Dual Bound         : +4.32415697128145e+05
Gap                : 0.29 %

primal solution (original space):
=================================

objective value:                            433668.81
z#0                                                 1 	(obj:0)
z#4                                                 1 	(obj:0)
z#9                                                 1 	(obj:0)
z#14                                                1 	(obj:0)
z#16                                                1 	(obj:0)
z#23                                                1 	(obj:0)
z#26                                                1 	(obj:0)
z#33                                                1 	(obj:0)
z#41                                0.999999999999865 	(obj:0)
z#59                                                1 	(obj:0)
z#61                                                1 	(obj:0)
z#65                                                1 	(obj:0)
z#69                                                1 	(obj:0)
z#70                                                1 	(obj:0)
z#71                                                1 	(obj:0)
z#88                                                1 	(obj:0)
z#93                                                1 	(obj:0)
z#98                                                1 	(obj:0)
z#104                                               1 	(obj:0)
z#108                                               1 	(obj:0)
z#110                                               1 	(obj:0)
z#118                                               1 	(obj:0)
z#120                                               1 	(obj:0)
z#121                                               1 	(obj:0)
z#123                                               1 	(obj:0)
z#124                                               1 	(obj:0)
z#128                                               1 	(obj:0)
z#131                                               1 	(obj:0)
z#133                                               1 	(obj:0)
z#136                               0.999999999999994 	(obj:0)
z#140                                               1 	(obj:0)
z#142                                               1 	(obj:0)
z#144                                               1 	(obj:0)
z#151                                               1 	(obj:0)
z#157                                               1 	(obj:0)
z#166                                               1 	(obj:0)
z#180                                               1 	(obj:0)
z#189                                               1 	(obj:0)
z#192                                               1 	(obj:0)
z#193                               0.999999999999254 	(obj:0)
z#196                                               1 	(obj:0)
z#220                                               1 	(obj:0)
z#225                                               1 	(obj:0)
z#226                                               1 	(obj:0)
z#227                                               1 	(obj:0)
z#229                                1.00000000000014 	(obj:0)
z#230                                               1 	(obj:0)
z#237                                               1 	(obj:0)
z#239                                               1 	(obj:0)
z#247                                               1 	(obj:0)
z#253                                               1 	(obj:0)
z#254                               0.999999999999905 	(obj:0)
z#255                                               1 	(obj:0)
z#263                                               1 	(obj:0)
z#272                                               1 	(obj:0)
z#281                                               1 	(obj:0)
z#283                                               1 	(obj:0)
z#285                                               1 	(obj:0)
z#286                                1.00000000000032 	(obj:0)
z#294                                1.00000000000068 	(obj:0)
z#298                                               1 	(obj:0)
z#299                                               1 	(obj:0)
z#302                                               1 	(obj:0)
z#304                                               1 	(obj:0)
z#306                                               1 	(obj:0)
z#314                                               1 	(obj:0)
z#324                                               1 	(obj:0)
z#339                                               1 	(obj:0)
z#342                                               1 	(obj:0)
z#344                                               1 	(obj:0)
z#348                                               1 	(obj:0)
z#355                                               1 	(obj:0)
z#357                                               1 	(obj:0)
z#369                                               1 	(obj:0)
z#372                                               1 	(obj:0)
z#378                                               1 	(obj:0)
z#382                                               1 	(obj:0)
z#388                                               1 	(obj:0)
z#389                                               1 	(obj:0)
z#393                                               1 	(obj:0)
z#395                                               1 	(obj:0)
z#404                                1.00000000000033 	(obj:0)
z#411                                               1 	(obj:0)
z#414                                               1 	(obj:0)
z#424                                               1 	(obj:0)
z#425                                               1 	(obj:0)
z#441                                               1 	(obj:0)
z#454                                1.00000000000068 	(obj:0)
z#464                                               1 	(obj:0)
z#466                                               1 	(obj:0)
z#467                                               1 	(obj:0)
z#469                                               1 	(obj:0)
z#471                                               1 	(obj:0)
z#478                                               1 	(obj:0)
z#486                                               1 	(obj:0)
z#496                                               1 	(obj:0)
z#498                                               1 	(obj:0)
z#500                                               1 	(obj:0)
z#502                                               1 	(obj:0)
z#503                                               1 	(obj:0)
z#515                                               1 	(obj:0)
z#518                                               1 	(obj:0)
z#522                                               1 	(obj:0)
z#530                                               1 	(obj:0)
z#534                                               1 	(obj:0)
z#543                                               1 	(obj:0)
z#547                                               1 	(obj:0)
z#557                                               1 	(obj:0)
z#565                                               1 	(obj:0)
z#566                                1.00000000000098 	(obj:0)
z#569                                               1 	(obj:0)
z#570                                               1 	(obj:0)
z#575                                               1 	(obj:0)
z#582                                               1 	(obj:0)
z#588                                               1 	(obj:0)
z#592                                1.00000000000027 	(obj:0)
z#593                               0.999999999999986 	(obj:0)
z#596                                               1 	(obj:0)
z#610                               0.999999999999517 	(obj:0)
z#611                                               1 	(obj:0)
z#623                                               1 	(obj:0)
z#624                                               1 	(obj:0)
z#626                               0.999999999999944 	(obj:0)
z#628                                               1 	(obj:0)
z#633                                               1 	(obj:0)
z#639                                               1 	(obj:0)
z#648                                               1 	(obj:0)
z#655                                               1 	(obj:0)
z#659                                               1 	(obj:0)
z#660                                               1 	(obj:0)
z#661                                               1 	(obj:0)
z#668                                               1 	(obj:0)
z#671                                               1 	(obj:0)
z#674                                               1 	(obj:0)
z#686                                               1 	(obj:0)
z#690                                               1 	(obj:0)
z#693                                               1 	(obj:0)
z#710                                               1 	(obj:0)
z#713                                               1 	(obj:0)
z#715                                 1.0000000000005 	(obj:0)
z#718                                 1.0000000000003 	(obj:0)
z#722                                               1 	(obj:0)
z#727                                               1 	(obj:0)
z#728                                               1 	(obj:0)
z#730                                               1 	(obj:0)
z#733                                               1 	(obj:0)
z#736                                1.00000000000014 	(obj:0)
z#739                                               1 	(obj:0)
z#745                                               1 	(obj:0)
z#746                                               1 	(obj:0)
z#749                                               1 	(obj:0)
z#751                                1.00000000000085 	(obj:0)
z#754                                1.00000000000007 	(obj:0)
z#773                               0.999999999999788 	(obj:0)
z#775                                               1 	(obj:0)
z#780                                               1 	(obj:0)
z#786                                               1 	(obj:0)
z#790                                               1 	(obj:0)
z#793                                               1 	(obj:0)
z#800                                1.00000000000055 	(obj:0)
z#807                                               1 	(obj:0)
z#823                                               1 	(obj:0)
z#824                                               1 	(obj:0)
z#832                                               1 	(obj:0)
z#835                                               1 	(obj:0)
z#839                                1.00000000000023 	(obj:0)
z#840                                               1 	(obj:0)
z#853                                               1 	(obj:0)
z#854                                               1 	(obj:0)
z#857                                               1 	(obj:0)
z#862                                               1 	(obj:0)
z#864                                               1 	(obj:0)
z#870                                               1 	(obj:0)
z#876                                               1 	(obj:0)
z#881                                               1 	(obj:0)
z#882                                               1 	(obj:0)
z#890                                               1 	(obj:0)
z#892                                               1 	(obj:0)
z#893                                               1 	(obj:0)
z#898                               0.999999999999919 	(obj:0)
z#900                                               1 	(obj:0)
z#901                                               1 	(obj:0)
z#903                                               1 	(obj:0)
z#908                                1.00000000000034 	(obj:0)
z#914                                               1 	(obj:0)
z#927                                               1 	(obj:0)
z#931                                               1 	(obj:0)
z#934                                               1 	(obj:0)
z#945                                               1 	(obj:0)
z#951                                               1 	(obj:0)
z#955                                               1 	(obj:0)
z#956                                               1 	(obj:0)
z#959                                               1 	(obj:0)
z#964                                 1.0000000000006 	(obj:0)
z#981                                               1 	(obj:0)
z#985                                1.00000000000003 	(obj:0)
z#988                               0.999999999999874 	(obj:0)
z#990                                               1 	(obj:0)
z#996                                               1 	(obj:0)
z#999                                               1 	(obj:0)
x#0                                  478.999999999998 	(obj:152)
x#1                                  141.324000000002 	(obj:116)
x#5                                  28.2930000000021 	(obj:156)
x#8                                  235.369999999998 	(obj:197)
x#10                                 139.260999999999 	(obj:232)
x#16                                 147.388000000002 	(obj:193)
x#20                                 30.5020000000017 	(obj:259)
x#21                                 1.94700000000046 	(obj:238)
x#23                                 236.149999999997 	(obj:202)
x#24                                 140.473999999999 	(obj:192)
x#26                                 149.936000000002 	(obj:164)
x#35                                 549.494999999998 	(obj:133)
x#41                                 150.082000000002 	(obj:111)
y#14                                            139.8 	(obj:129)
y#25                                          139.843 	(obj:125)
y#34                                0.157000000000153 	(obj:104)
y#45                                0.311999999999671 	(obj:103)
u#0                                  478.999999999998 	(obj:0)
u#1                                           620.324 	(obj:0)
u#2                                           620.324 	(obj:0)
u#3                                           620.324 	(obj:0)
u#4                                           620.324 	(obj:0)
u#5                                  648.617000000002 	(obj:0)
u#6                                  648.617000000002 	(obj:0)
u#7                                  648.617000000002 	(obj:0)
u#8                                  883.986999999999 	(obj:0)
u#9                                  883.986999999999 	(obj:0)
u#10                                         1023.248 	(obj:0)
u#11                                         1023.248 	(obj:0)
u#12                                         1023.248 	(obj:0)
u#13                                         1023.248 	(obj:0)
u#14                                         1023.248 	(obj:0)
u#15                                          544.248 	(obj:0)
u#16                                          550.312 	(obj:0)
u#17                                          550.312 	(obj:0)
u#18                                          550.312 	(obj:0)
u#19                                          550.312 	(obj:0)
u#20                                          552.521 	(obj:0)
u#21                                          554.468 	(obj:0)
u#22                                          554.468 	(obj:0)
u#23                                          555.248 	(obj:0)
u#24                                 695.721999999999 	(obj:0)
u#25                                          556.461 	(obj:0)
u#26                                 706.397000000002 	(obj:0)
u#27                                 706.397000000002 	(obj:0)
u#28                                 706.397000000002 	(obj:0)
u#29                                 706.397000000002 	(obj:0)
u#30                                 706.397000000002 	(obj:0)
u#31                                          559.009 	(obj:0)
u#32                                          559.009 	(obj:0)
u#33                                          559.009 	(obj:0)
u#34                                          559.009 	(obj:0)
u#35                                         1078.002 	(obj:0)
u#36                                         1076.055 	(obj:0)
u#37                                         1076.055 	(obj:0)
u#38                                 839.904999999999 	(obj:0)
u#39                                          699.431 	(obj:0)
u#40                                          699.431 	(obj:0)
u#41                                          699.577 	(obj:0)
u#42                                          699.577 	(obj:0)
u#43                                          699.577 	(obj:0)
u#44                                          699.577 	(obj:0)
u#45                                          699.577 	(obj:0)
u#46                                          699.577 	(obj:0)
u#47                                          699.577 	(obj:0)
u#48                                          699.577 	(obj:0)
u#49                                          699.577 	(obj:0)
v#14                                            139.8 	(obj:0)
v#15                                            139.8 	(obj:0)
v#16                                            139.8 	(obj:0)
v#17                                            139.8 	(obj:0)
v#18                                            139.8 	(obj:0)
v#19                                            139.8 	(obj:0)
v#20                                            139.8 	(obj:0)
v#21                                            139.8 	(obj:0)
v#22                                            139.8 	(obj:0)
v#23                                            139.8 	(obj:0)
v#25                                          139.843 	(obj:0)
v#26                                          139.843 	(obj:0)
v#27                                          139.843 	(obj:0)
v#28                                          139.843 	(obj:0)
v#29                                          139.843 	(obj:0)
v#30                                          139.843 	(obj:0)
v#31                                          139.843 	(obj:0)
v#32                                          139.843 	(obj:0)
v#33                                          139.843 	(obj:0)
v#34                                              140 	(obj:0)
v#35                                0.157000000000153 	(obj:0)
v#36                                0.157000000000153 	(obj:0)
v#37                                0.157000000000153 	(obj:0)
v#38                                0.157000000000153 	(obj:0)
v#39                                0.157000000000153 	(obj:0)
v#40                                0.157000000000153 	(obj:0)
v#41                                0.157000000000153 	(obj:0)
v#42                                0.157000000000153 	(obj:0)
v#43                                0.157000000000153 	(obj:0)
v#45                                0.311999999999671 	(obj:0)
v#46                                0.311999999999671 	(obj:0)
v#47                                0.311999999999671 	(obj:0)
v#48                                0.311999999999671 	(obj:0)
v#49                                0.311999999999671 	(obj:0)
w#0                                  478.999999999998 	(obj:0)
w#1                                           620.324 	(obj:0)
w#2                                           620.324 	(obj:0)
w#3                                           620.324 	(obj:0)
w#4                                           620.324 	(obj:0)
w#5                                  648.617000000002 	(obj:0)
w#6                                  648.617000000002 	(obj:0)
w#7                                  648.617000000002 	(obj:0)
w#8                                  883.986999999999 	(obj:0)
w#9                                  883.986999999999 	(obj:0)
w#10                                         1023.248 	(obj:0)
w#11                                         1023.248 	(obj:0)
w#12                                         1023.248 	(obj:0)
w#13                                         1023.248 	(obj:0)
w#14                                         1163.048 	(obj:0)
w#15                                          684.048 	(obj:0)
w#16                                          690.112 	(obj:0)
w#17                                          690.112 	(obj:0)
w#18                                          690.112 	(obj:0)
w#19                                          690.112 	(obj:0)
w#20                                          692.321 	(obj:0)
w#21                                          694.268 	(obj:0)
w#22                                          694.268 	(obj:0)
w#23                                          695.048 	(obj:0)
w#24                                 695.721999999999 	(obj:0)
w#25                                          696.304 	(obj:0)
w#26                                 846.240000000002 	(obj:0)
w#27                                 846.240000000002 	(obj:0)
w#28                                 846.240000000002 	(obj:0)
w#29                                 846.240000000002 	(obj:0)
w#30                                 846.240000000002 	(obj:0)
w#31                                          698.852 	(obj:0)
w#32                                          698.852 	(obj:0)
w#33                                          698.852 	(obj:0)
w#34                                          699.009 	(obj:0)
w#35                                         1078.159 	(obj:0)
w#36                                         1076.212 	(obj:0)
w#37                                         1076.212 	(obj:0)
w#38                                 840.061999999999 	(obj:0)
w#39                                          699.588 	(obj:0)
w#40                                          699.588 	(obj:0)
w#41                                          699.734 	(obj:0)
w#42                                          699.734 	(obj:0)
w#43                                          699.734 	(obj:0)
w#44                                          699.577 	(obj:0)
w#45                                          699.889 	(obj:0)
w#46                                          699.889 	(obj:0)
w#47                                          699.889 	(obj:0)
w#48                                          699.889 	(obj:0)
w#49                                          699.889 	(obj:0)

Statistics
==========

SCIP Status        : solving was interrupted [time limit reached]
Total Time         :   14400.06
  solving          :   14400.00
  presolving       :       0.41 (included in solving)
  reading          :       0.06
  copying          :       0.60 (35 #copies) (minimal 0.01, maximal 0.02, average 0.02)
Original Problem   :
  Problem name     : CCMPPData/50-1000-0
  Variables        : 1250 (1000 binary, 0 integer, 0 implicit integer, 250 continuous)
  Constraints      : 10202 initial, 10202 maximal
  Objective        : minimize, 100 non-zeros (abs.min = 101, abs.max = 300)
Presolved Problem  :
  Problem name     : t_CCMPPData/50-1000-0
  Variables        : 1191 (1000 binary, 0 integer, 0 implicit integer, 191 continuous)
  Constraints      : 11201 initial, 12282 maximal
  Objective        : minimize, 97 non-zeros (abs.min = 101, abs.max = 300)
  Nonzeros         : 46811 constraint, 0 clique table
Presolvers         :   ExecTime  SetupTime  Calls  FixedVars   AggrVars   ChgTypes  ChgBounds   AddHoles    DelCons    AddCons   ChgSides   ChgCoefs
  boundshift       :       0.00       0.00      0          0          0          0          0          0          0          0          0          0
  convertinttobin  :       0.00       0.00      0          0          0          0          0          0          0          0          0          0
  domcol           :       0.03       0.00      2          0          0          0          0          0          0          0          0          0
  dualagg          :       0.00       0.00      0          0          0          0          0          0          0          0          0          0
  dualcomp         :       0.01       0.00      2          0          0          0          0          0          0          0          0          0
  dualinfer        :       0.00       0.00      0          0          0          0          0          0          0          0          0          0
  dualsparsify     :       0.03       0.00      1          0          0          0          0          0          0          0          0          0
  gateextraction   :       0.00       0.00      0          0          0          0          0          0          0          0          0          0
  implics          :       0.00       0.00      4          0          0          0          0          0          0          0          0          0
  inttobinary      :       0.00       0.00      0          0          0          0          0          0          0          0          0          0
  milp             :       0.06       0.00      1          3         52          0         18          0          0          0          0          0
  qpkktref         :       0.00       0.00      0          0          0          0          0          0          0          0          0          0
  redvub           :       0.00       0.00      0          0          0          0          0          0          0          0          0          0
  sparsify         :       0.01       0.00      1          0          0          0          0          0          0          0          0          0
  stuffing         :       0.00       0.00      0          0          0          0          0          0          0          0          0          0
  trivial          :       0.00       0.00      8          0          0          0          0          0          0          0          0          0
  tworowbnd        :       0.00       0.00      0          0          0          0          0          0          0          0          0          0
  dualfix          :       0.00       0.00      8          0          0          0          0          0          0          0          0          0
  genvbounds       :       0.00       0.00      0          0          0          0          0          0          0          0          0          0
  probing          :       0.22       0.00      1          0          0          0          0          0          0          0          0          0
  pseudoobj        :       0.00       0.00      1          0          0          0          0          0          0          0          0          0
  symmetry         :       0.00       0.00      1          0          0          0          0          0          0          0          0          0
  vbounds          :       0.00       0.00      0          0          0          0          0          0          0          0          0          0
  chancecons       :       0.00       0.00      0          0          0          0          0          0          0          0          0          0
  varbound         :       0.01       0.00      6          0          0          0          0          0          0          0          0          0
  knapsack         :       0.00       0.00      8          0          0          0          0          0          0          0          0          0
  linear           :       0.03       0.00     11          0          4          0         96          0        108          0          0          0
  logicor          :       0.00       0.00      5          0          0          0          0          0          0          0          0         27
  bounddisjunction :       0.00       0.00      3          0          0          0          0          0          0          0          0          0
  benders          :       0.00       0.00      0          0          0          0          0          0          0          0          0          0
  components       :       0.00       0.00      2          0          0          0          0          0          0          0          0          0
  root node        :          -          -      -          0          -          -       1610          -          -          -          -          -
Constraints        :     Number  MaxNumber  #Separate #Propagate    #EnfoLP    #EnfoRelax  #EnfoPS    #Check   #ResProp    Cutoffs    DomReds       Cuts    Applied      Conss   Children
  benderslp        :          0          0          0          0      18571          0          0       4494          0          0          0          0          0          0          0
  chancecons       :          1          1       4825          0          0          0          0          0          0          0          0     115103      65697          0          0
  integral         :          0          0          0          0      18571          0          0       4494          0          0      30528          0          0       4692      30502
  varbound         :       9948       9948         77     279324          2          0          0       4488     389180         41     745913          0          0          0          0
  knapsack         :          1          1         77     280151          2          0          0         82         17       1174       5699          0          0          0          0
  linear           :        834+       866         77     279377          2          0          0         79      25447        790    3614331         75         34          0          0
  logicor          :        118+       592         27      29246          0          0          0          0        492         24        256          0          0          0          0
  bounddisjunction :        299+       881          0      52420          0          0          0          0       2229        496       1159          0          0          0          0
  benders          :          0          0          0          0          2          0          0         77          0          0          0          0          0          0          0
  fixedvar         :          0          0          0          0          2          0          0         77          0          0          0          0          0          0          0
  countsols        :          0          0          0          0          2          0          0         77          0          0          0          0          0          0          0
  components       :          0          0          0          0          0          0          0          0          0          0          0          0          0          0          0
Constraint Timings :  TotalTime  SetupTime   Separate  Propagate     EnfoLP     EnfoPS     EnfoRelax   Check    ResProp    SB-Prop
  benderslp        :       0.01       0.00       0.00       0.00       0.01       0.00       0.00       0.00       0.00       0.00
  chancecons       :       3.89       0.00       3.89       0.00       0.00       0.00       0.00       0.00       0.00       0.00
  integral         :    1916.39       0.00       0.00       0.00    1916.38       0.00       0.00       0.00       0.00       0.00
  varbound         :      15.98       0.00       0.06      10.32       0.00       0.00       0.00       0.08       0.06       5.46
  knapsack         :       1.44       0.00       1.04       0.28       0.00       0.00       0.00       0.00       0.00       0.12
  linear           :      25.31       0.00       0.10      16.92       0.00       0.00       0.00       0.00       0.04       8.24
  logicor          :       0.21       0.00       0.00       0.18       0.00       0.00       0.00       0.00       0.00       0.03
  bounddisjunction :       1.46       0.00       0.00       1.08       0.00       0.00       0.00       0.00       0.00       0.38
  benders          :       0.00       0.00       0.00       0.00       0.00       0.00       0.00       0.00       0.00       0.00
  fixedvar         :       0.00       0.00       0.00       0.00       0.00       0.00       0.00       0.00       0.00       0.00
  countsols        :       0.00       0.00       0.00       0.00       0.00       0.00       0.00       0.00       0.00       0.00
  components       :       0.03       0.00       0.00       0.02       0.00       0.00       0.00       0.00       0.00       0.01
Propagators        : #Propagate   #ResProp    Cutoffs    DomReds
  dualfix          :          8          0          0          0
  genvbounds       :          0          0          0          0
  nlobbt           :          0          0          0          0
  obbt             :          0          0          0          0
  probing          :          0          0          0          0
  pseudoobj        :     149385          0          0        130
  redcost          :      64984          0          0     647022
  rootredcost      :         16          0          0        468
  symmetry         :          0          0          0          0
  vbounds          :      96875          0          0          0
Propagator Timings :  TotalTime  SetupTime   Presolve  Propagate    ResProp    SB-Prop
  dualfix          :       0.00       0.00       0.00       0.00       0.00       0.00
  genvbounds       :       0.06       0.00       0.00       0.04       0.00       0.02
  nlobbt           :       0.00       0.00       0.00       0.00       0.00       0.00
  obbt             :       0.00       0.00       0.00       0.00       0.00       0.00
  probing          :       0.22       0.00       0.22       0.00       0.00       0.00
  pseudoobj        :       0.75       0.00       0.00       0.74       0.00       0.01
  redcost          :       2.43       0.00       0.00       2.41       0.00       0.01
  rootredcost      :       0.07       0.00       0.00       0.05       0.00       0.01
  symmetry         :       0.09       0.00       0.00       0.06       0.00       0.03
  vbounds          :       0.23       0.00       0.00       0.19       0.00       0.03
Symmetry           :
  orbitopal red.   :          0 reductions applied,          0 cutoffs
  orbital reduction:          0 reductions applied,          0 cutoffs
  lexicographic red:          0 reductions applied,          0 cutoffs
  shadow tree time :       0.00 s
Conflict Analysis  :       Time      Calls    Success    DomReds  Conflicts   Literals    Reconvs ReconvLits   Dualrays   Nonzeros   LP Iters   (pool size: [10000,10000])
  propagation      :       0.13       1735       1635          -       8415       51.4         46       15.3          -          -          -
  infeasible LP    :       0.00          1          1          -          1        2.0          0        0.0          1        2.0          0
  bound exceed. LP :      25.26      10798       3120          -      15076       65.7         10       17.1        657       50.7      58484
  strong branching :       0.00          0          0          -          0        0.0          0        0.0          -          -          0
  pseudo solution  :       0.00          0          0          -          0        0.0          0        0.0          -          -          -
  applied globally :       0.17          -          -        437       8763       52.2          -          -        658          -          -
  applied locally  :          -          -          -          0         20      171.1          -          -          0          -          -
Separators         :   ExecTime  SetupTime      Calls  RootCalls    Cutoffs    DomReds  FoundCuts ViaPoolAdd  DirectAdd    Applied ViaPoolApp  DirectApp      Conss
  cut pool         :       3.09          -       6957        152          -          -      84732    1261424          -          -          -          -          -    (maximal pool size:      26259)
  aggregation      :       5.02       0.00        676         77          0          0      74013     943682          0     136152     136152          0          0
  > cmir           :          -          -          -          -          -          -          -     943682          0     136152     136152          0          -
  > flowcover      :          -          -          -          -          -          -          -          0          0          0          0          0          -
  > knapsackcover  :          -          -          -          -          -          -          -          0          0          0          0          0          -
  cgmip            :       0.00       0.00          0          0          0          0          0          0          0          0          0          0          0
  clique           :       0.00       0.00          2          2          0          0          0          0          0          0          0          0          0
  closecuts        :       0.00       0.00          0          0          0          0          0          0          0          0          0          0          0
  convexproj       :       0.00       0.00          0          0          0          0          0          0          0          0          0          0          0
  disjunctive      :       0.00       0.00          0          0          0          0          0          0          0          0          0          0          0
  eccuts           :       0.00       0.00          0          0          0          0          0          0          0          0          0          0          0
  gauge            :       0.00       0.00          0          0          0          0          0          0          0          0          0          0          0
  gomory           :      30.58       0.00        525         20          0          0      10718     317742          0      37987      37987          0          0
  > gomorymi       :          -          -          -          -          -          -          -     317742          0      37987      37987          0          -
  > strongcg       :          -          -          -          -          -          -          -          0          0          0          0          0          -
  impliedbounds    :       0.15       0.00        676         77          0          0          0          0          0          0          0          0          0
  interminor       :       0.00       0.00          0          0          0          0          0          0          0          0          0          0          0
  intobj           :       0.00       0.00          0          0          0          0          0          0          0          0          0          0          0
  lagromory        :       0.00       0.00          0          0          0          0          0          0          0          0          0          0          0
  mcf              :       0.00       0.00          2          2          0          0          0          0          0          0          0          0          0
  minor            :       0.00       0.00         20         20          0          0          0          0          0          0          0          0          0
  mixing           :       0.00       0.00          0          0          0          0          0          0          0          0          0          0          0
  oddcycle         :       0.00       0.00          0          0          0          0          0          0          0          0          0          0          0
  rapidlearning    :       0.00       0.00          0          0          0          0          0          0          0          0          0          0          0
  rlt              :       0.00       0.00         20         20          0          0          0          0          0          0          0          0          0
  zerohalf         :       0.59       0.00        545         40          0          0          0          0          0          0          0          0          0
Cutselectors       :   ExecTime  SetupTime      Calls  RootCalls   Selected     Forced   Filtered  RootSelec   RootForc   RootFilt 
  hybrid           :       2.22       0.00       6292         77     239870          0    1136732       6725          0      72111
  ensemble         :       0.00       0.00          0          0          0          0          0          0          0          0
  dynamic          :       0.00       0.00          0          0          0          0          0          0          0          0
Pricers            :   ExecTime  SetupTime      Calls       Vars
  problem variables:       0.00          -          0          0
Branching Rules    :   ExecTime  SetupTime   BranchLP  BranchExt   BranchPS    Cutoffs    DomReds       Cuts      Conss   Children
  allfullstrong    :       0.00       0.00          0          0          0          0          0          0          0          0
  cloud            :       0.00       0.00          0          0          0          0          0          0          0          0
  distribution     :       0.00       0.00          0          0          0          0          0          0          0          0
  fullstrong       :       0.00       0.00          0          0          0          0          0          0          0          0
  gomory           :       0.00       0.00          0          0          0          0          0          0          0          0
  inference        :       0.00       0.00          0          0          0          0          0          0          0          0
  leastinf         :       0.00       0.00          0          0          0          0          0          0          0          0
  lookahead        :       0.00       0.00          0          0          0          0          0          0          0          0
  mostinf          :       0.00       0.00          0          0          0          0          0          0          0          0
  multaggr         :       0.00       0.00          0          0          0          0          0          0          0          0
  nodereopt        :       0.00       0.00          0          0          0          0          0          0          0          0
  pscost           :       0.00       0.00          0          0          0          0          0          0          0          0
  random           :       0.00       0.00          0          0          0          0          0          0          0          0
  relpscost        :    1916.36       0.00      18569          0          0          0      30528          0       5234      30502
  vanillafullstrong:       0.00       0.00          0          0          0          0          0          0          0          0
Primal Heuristics  :   ExecTime  SetupTime      Calls      Found       Best
  LP solutions     :       0.00          -          -          2          2
  relax solutions  :       0.00          -          -          0          0
  pseudo solutions :       0.00          -          -          0          0
  strong branching :       0.05          -          -          0          0
  actconsdiving    :       0.00       0.00          0          0          0
  adaptivediving   :      16.74       0.00         36          2          2
  alns             :       0.32       0.00          7          1          1
  bound            :       0.00       0.00          0          0          0
  clique           :       0.00       0.00          0          0          0
  coefdiving       :       0.00       0.00          0          0          0
  completesol      :       0.00       0.00          0          0          0
  conflictdiving   :      11.64       0.00         19          0          0
  crossover        :       0.76       0.00         14          4          2
  dins             :       0.00       0.00          0          0          0
  distributiondivin:      14.42       0.00         18          0          0
  dps              :       0.00       0.00          0          0          0
  dualval          :       0.00       0.00          0          0          0
  farkasdiving     :       0.00       0.00          0          0          0
  feaspump         :       5.27       0.00          1          1          0
  fixandinfer      :       0.00       0.00          0          0          0
  fracdiving       :      15.64       0.00         19          0          0
  gins             :       0.03       0.00          0          0          0
  guideddiving     :      10.97       0.00         18          1          1
  indicator        :       0.02       0.00          0          0          0
  indicatordiving  :       0.00       0.00          0          0          0
  intdiving        :       0.00       0.00          0          0          0
  intshifting      :       3.04       0.00         12          0          0
  linesearchdiving :      11.90       0.00         18          1          1
  localbranching   :       0.00       0.00          0          0          0
  locks            :       0.03       0.00          1          1          1
  lpface           :       0.02       0.00          0          0          0
  mpec             :       0.00       0.00          0          0          0
  multistart       :       0.00       0.00          0          0          0
  mutation         :       0.00       0.00          0          0          0
  nlpdiving        :       0.00       0.00          0          0          0
  objpscostdiving  :     121.70       0.00         10         10          1
  octane           :       0.00       0.00          0          0          0
  ofins            :       0.01       0.00          0          0          0
  oneopt           :       0.03       0.00         15          0          0
  padm             :       0.00       0.00          0          0          0
  proximity        :       0.00       0.00          0          0          0
  pscostdiving     :      24.66       0.00         19          2          2
  randrounding     :       1.23       0.00       4431          0          0
  rens             :       0.00       0.00          0          0          0
  reoptsols        :       0.00       0.00          0          0          0
  repair           :       0.00       0.00          0          0          0
  rins             :       2.20       0.00         15         15          2
  rootsoldiving    :       8.07       0.00         10         10          0
  rounding         :       1.15       0.00       2451          0          0
  scheduler        :       0.00       0.00          0          0          0
  shiftandpropagate:       0.00       0.00          0          0          0
  shifting         :       8.39       0.00       1145          0          0
  simplerounding   :       0.03       0.00          0          0          0
  subnlp           :       0.02       0.00          0          0          0
  trivial          :       0.00       0.00          4          0          0
  trivialnegation  :       0.00       0.00          0          0          0
  trustregion      :       0.00       0.00          0          0          0
  trysol           :       0.02       0.00          0          0          0
  twoopt           :       0.00       0.00          0          0          0
  undercover       :       0.00       0.00          0          0          0
  vbounds          :       0.02       0.00          2          0          0
  veclendiving     :       7.83       0.00         18          0          0
  zeroobj          :       0.00       0.00          0          0          0
  zirounding       :       0.66       0.00       1000          0          0
  other solutions  :          -          -          -          0          -
LNS (Scheduler)    :      Calls  SetupTime  SolveTime SolveNodes       Sols       Best       Exp3    Exp3-IX  EpsGreedy        UCB TgtFixRate  Opt  Inf Node Stal  Sol  Usr Othr Actv
  rens             :          0       0.00       0.00          0          0          0    0.00000    0.12500   -1.00000    1.00000      0.900    0    0    0    0    0    0    0    1
  rins             :          0       0.00       0.00          0          0          0    0.00000    0.12500   -1.00000    1.00000      0.900    0    0    0    0    0    0    0    1
  mutation         :          0       0.00       0.00          0          0          0    0.00000    0.12500   -1.00000    1.00000      0.900    0    0    0    0    0    0    0    1
  localbranching   :          0       0.00       0.00          0          0          0    0.00000    0.12500   -1.00000    1.00000      0.900    0    0    0    0    0    0    0    1
  crossover        :          0       0.00       0.00          0          0          0    0.00000    0.12500   -1.00000    1.00000      0.900    0    0    0    0    0    0    0    1
  proximity        :          0       0.00       0.00          0          0          0    0.00000    0.12500   -1.00000    1.00000      0.900    0    0    0    0    0    0    0    1
  zeroobjective    :          0       0.00       0.00          0          0          0    0.00000    0.12500   -1.00000    1.00000      0.900    0    0    0    0    0    0    0    1
  dins             :          0       0.00       0.00          0          0          0    0.00000    0.12500   -1.00000    1.00000      0.900    0    0    0    0    0    0    0    1
  trustregion      :          0       0.00       0.00          0          0          0    0.00000    0.00000   -1.00000    1.00000      0.900    0    0    0    0    0    0    0    0
LP                 :       Time      Calls Iterations  Iter/call   Iter/sec  Time-0-It Calls-0-It    ItLimit
  primal LP        :       4.40       3165          0       0.00       0.00       4.40       3165
  dual LP          :   12052.51      55355   32721540     822.69    2714.92      17.27      15581
  lex dual LP      :       0.00          0          0       0.00          -
  barrier LP       :       0.00          0          0       0.00          -       0.00          0
  resolve instable :       0.00          0          0       0.00          -
  diving/probing LP:     288.02       4986     720821     144.57    2502.65
  strong branching :    1797.53      15890    5030498     316.58    2798.55          -          -       5070
    (at root node) :          -         44      43788     995.18          -
  conflict analysis:      19.75       5873      58484       9.96    2960.49
B&B Tree           :
  number of runs   :          2
  nodes            :      25773 (13292 internal, 12481 leaves)
  feasible leaves  :          1
  infeas. leaves   :       1080
  objective leaves :      11399
  nodes (total)    :      28973 (15251 internal, 13722 leaves)
  nodes left       :        803
  max depth        :         70
  max depth (total):         81
  backtracks       :       4736 (18.4%)
  early backtracks :          0 (0.0%)
  nodes exc. ref.  :          0 (0.0%)
  delayed cutoffs  :          5
  repropagations   :       4092 (42729 domain reductions, 2 cutoffs)
  avg switch length:       3.80
  switching time   :      16.00
Root Node          :
  First LP value   : +4.22578464590727e+05
  First LP Iters   :       3682 (6966.47 Iter/sec)
  First LP Time    :       0.53
  Final Dual Bound : +4.31401035537616e+05
  Final Root Iters :     182766
  Root LP Estimate : +4.50487701381724e+05
Solution           :
  Solutions found  :         50 (15 improvements)
  First Solution   : +4.41495619000000e+05   (in run 1, after 1 nodes, 0.42 seconds, depth 201, found by <locks>)
  Gap First Sol.   :   infinite
  Gap Last Sol.    :       0.47 %
  Primal Bound     : +4.33668810000000e+05   (in run 2, after 5212 nodes, 2662.31 seconds, depth 30, found by <relaxation>)
  Dual Bound       : +4.32415697128145e+05
  Gap              :       0.29 %
Integrals          :      Total       Avg%
  primal-dual      :    5931.88       0.41
  primal-ref       :          -          - (not evaluated)
  dual-ref         :          -          - (not evaluated)

 Branching Statistics...

 Total number of propagations -> 0

 Number of cutoffs of KnaCons -> 0

 Total number of variables fixed to 1 by the propagator -> 0

 Total number of variables fixed to 0 by the propagator -> 0

 Maximum number of rounds of the approximation algorithm -> 0

 Runtime of the exact algorithm -> 0.0000 s

 Total number of variables fixed to 1 in the exact algorithm -> 0

 Total number of variables fixed to 0 in the exact algorithm -> 0

 Number of cutoffs in the exact algorithm -> 0

 Number of cutoffs in the approximation algorithm -> 0

 PS:  
