Set parameter TimeLimit to value 14400
Set parameter Threads to value 1
Set parameter MIPGap to value 0
Set parameter OutputFlag to value 1
Set parameter PreCrush to value 1
Gurobi Optimizer version 12.0.3 build v12.0.3rc0 (linux64 - "CentOS Linux 7 (Core)")

CPU model: Intel(R) Xeon(R) Gold 6230R CPU @ 2.10GHz, instruction set [SSE2|AVX|AVX2|AVX512]
Thread count: 52 physical cores, 52 logical processors, using up to 1 threads

Non-default parameters:
TimeLimit  14400
MIPGap  0
PreCrush  1
Threads  1

Optimize a model with 116883 rows, 61772 columns and 235666 nonzeros
Model fingerprint: 0xd7cf0c21
Variable types: 60040 continuous, 1732 integer (1732 binary)
Coefficient statistics:
  Matrix range     [3e-04, 1e+03]
  Objective range  [2e-06, 1e+03]
  Bounds range     [8e+01, 1e+03]
  RHS range        [2e-01, 1e+03]
Found heuristic solution: objective 24565.996202
Presolve removed 48626 rows and 48413 columns
Presolve time: 2.98s
Presolved: 68257 rows, 13359 columns, 150270 nonzeros
Variable types: 11630 continuous, 1729 integer (1729 binary)
Root relaxation presolved: 13341 rows, 81580 columns, 163575 nonzeros


Root simplex log...

Iteration    Objective       Primal Inf.    Dual Inf.      Time
   13827    2.0867730e+32   7.322273e+31   2.086773e+02      5s
   20558    1.0485589e+04   1.603381e+02   0.000000e+00     10s
   22847    1.0113152e+04   0.000000e+00   0.000000e+00     12s
   22847    1.0113152e+04   0.000000e+00   0.000000e+00     12s
   22847    1.0113152e+04   0.000000e+00   0.000000e+00     12s

Root relaxation: objective 1.011315e+04, 22847 iterations, 8.33 seconds (7.55 work units)

    Nodes    |    Current Node    |     Objective Bounds      |     Work
 Expl Unexpl |  Obj  Depth IntInf | Incumbent    BestBd   Gap | It/Node Time

     0     0 10113.1521    0 1026 24565.9962 10113.1521  58.8%     -   12s
H    0     0                    18588.377199 10113.1521  45.6%     -   13s
H    0     0                    16463.629199 10113.1521  38.6%     -   14s
     0     0 10542.6031    0  680 16463.6292 10542.6031  36.0%     -   24s
     0     0 10645.4185    0  631 16463.6292 10645.4185  35.3%     -   30s
     0     0 10721.1451    0  631 16463.6292 10721.1451  34.9%     -   33s
     0     0 10774.2132    0  647 16463.6292 10774.2132  34.6%     -   35s
     0     0 10815.5097    0  640 16463.6292 10815.5097  34.3%     -   38s
     0     0 10845.7642    0  634 16463.6292 10845.7642  34.1%     -   40s
     0     0 10876.1970    0  645 16463.6292 10876.1970  33.9%     -   42s
     0     0 10898.4537    0  659 16463.6292 10898.4537  33.8%     -   45s
     0     0 10920.0357    0  679 16463.6292 10920.0357  33.7%     -   47s
     0     0 10943.6571    0  675 16463.6292 10943.6571  33.5%     -   50s
     0     0 10965.7614    0  672 16463.6292 10965.7614  33.4%     -   53s
     0     0 10979.1174    0  681 16463.6292 10979.1174  33.3%     -   55s
     0     0 10991.0495    0  704 16463.6292 10991.0495  33.2%     -   58s
     0     0 11007.0442    0  677 16463.6292 11007.0442  33.1%     -   61s
     0     0 11022.7109    0  712 16463.6292 11022.7109  33.0%     -   64s
     0     0 11036.7271    0  698 16463.6292 11036.7271  33.0%     -   68s
     0     0 11049.4194    0  738 16463.6292 11049.4194  32.9%     -   71s
     0     0 11062.1945    0  706 16463.6292 11062.1945  32.8%     -   74s
     0     0 11071.0510    0  720 16463.6292 11071.0510  32.8%     -   77s
     0     0 11079.2936    0  701 16463.6292 11079.2936  32.7%     -   80s
     0     0 11090.6746    0  711 16463.6292 11090.6746  32.6%     -   84s
     0     0 11100.2066    0  729 16463.6292 11100.2066  32.6%     -   87s
     0     0 11107.3378    0  730 16463.6292 11107.3378  32.5%     -   90s
     0     0 11114.4006    0  803 16463.6292 11114.4006  32.5%     -   95s
     0     0 11124.1620    0  751 16463.6292 11124.1620  32.4%     -   99s
     0     0 11130.2608    0  733 16463.6292 11130.2608  32.4%     -  103s
     0     0 11136.7990    0  786 16463.6292 11136.7990  32.4%     -  106s
     0     0 11142.7441    0  729 16463.6292 11142.7441  32.3%     -  109s
     0     0 11147.3806    0  730 16463.6292 11147.3806  32.3%     -  112s
     0     0 11154.5883    0  756 16463.6292 11154.5883  32.2%     -  116s
     0     0 11158.4842    0  797 16463.6292 11158.4842  32.2%     -  120s
     0     0 11162.7516    0  736 16463.6292 11162.7516  32.2%     -  123s
     0     0 11168.3311    0  745 16463.6292 11168.3311  32.2%     -  126s
     0     0 11172.8618    0  748 16463.6292 11172.8618  32.1%     -  130s
     0     0 11177.2937    0  757 16463.6292 11177.2937  32.1%     -  134s
     0     0 11181.1013    0  732 16463.6292 11181.1013  32.1%     -  137s
     0     0 11184.6939    0  754 16463.6292 11184.6939  32.1%     -  141s
     0     0 11188.2605    0  774 16463.6292 11188.2605  32.0%     -  143s
     0     0 11192.8786    0  793 16463.6292 11192.8786  32.0%     -  147s
     0     0 11195.6027    0  797 16463.6292 11195.6027  32.0%     -  151s
     0     0 11198.6357    0  769 16463.6292 11198.6357  32.0%     -  154s
     0     0 11201.0726    0  780 16463.6292 11201.0726  32.0%     -  158s
     0     0 11203.7008    0  818 16463.6292 11203.7008  31.9%     -  161s
     0     0 11206.9628    0  772 16463.6292 11206.9628  31.9%     -  165s
     0     0 11210.0058    0  769 16463.6292 11210.0058  31.9%     -  169s
     0     0 11213.3701    0  769 16463.6292 11213.3701  31.9%     -  173s
     0     0 11215.7965    0  778 16463.6292 11215.7965  31.9%     -  176s
     0     0 11218.2179    0  776 16463.6292 11218.2179  31.9%     -  179s
     0     0 11221.1928    0  753 16463.6292 11221.1928  31.8%     -  182s
     0     0 11223.4548    0  768 16463.6292 11223.4548  31.8%     -  185s
     0     0 11226.0687    0  768 16463.6292 11226.0687  31.8%     -  189s
     0     0 11227.7472    0  756 16463.6292 11227.7472  31.8%     -  192s
     0     0 11230.1569    0  785 16463.6292 11230.1569  31.8%     -  197s
     0     0 11231.9931    0  764 16463.6292 11231.9931  31.8%     -  200s
     0     0 11234.2298    0  780 16463.6292 11234.2298  31.8%     -  205s
     0     0 11236.7840    0  791 16463.6292 11236.7840  31.7%     -  208s
     0     0 11239.4338    0  777 16463.6292 11239.4338  31.7%     -  212s
     0     0 11241.3137    0  798 16463.6292 11241.3137  31.7%     -  215s
     0     0 11244.0166    0  808 16463.6292 11244.0166  31.7%     -  220s
     0     0 11246.7418    0  792 16463.6292 11246.7418  31.7%     -  224s
     0     0 11248.6162    0  794 16463.6292 11248.6162  31.7%     -  227s
     0     0 11250.5808    0  802 16463.6292 11250.5808  31.7%     -  231s
     0     0 11251.8122    0  839 16463.6292 11251.8122  31.7%     -  234s
     0     0 11253.5262    0  889 16463.6292 11253.5262  31.6%     -  238s
     0     0 11255.1476    0  882 16463.6292 11255.1476  31.6%     -  241s
     0     0 11257.2906    0  764 16463.6292 11257.2906  31.6%     -  246s
     0     0 11258.7761    0  841 16463.6292 11258.7761  31.6%     -  249s
     0     0 11260.2201    0  768 16463.6292 11260.2201  31.6%     -  252s
     0     0 11261.6589    0  801 16463.6292 11261.6589  31.6%     -  256s
     0     0 11263.9018    0  789 16463.6292 11263.9018  31.6%     -  262s
     0     0 11265.7659    0  905 16463.6292 11265.7659  31.6%     -  267s
     0     0 11267.3136    0  835 16463.6292 11267.3136  31.6%     -  271s
     0     0 11268.9431    0  852 16463.6292 11268.9431  31.6%     -  277s
     0     0 11270.6483    0  848 16463.6292 11270.6483  31.5%     -  282s
     0     0 11271.9570    0  776 16463.6292 11271.9570  31.5%     -  285s
     0     0 11272.9122    0  890 16463.6292 11272.9122  31.5%     -  288s
     0     0 11274.8174    0  783 16463.6292 11274.8174  31.5%     -  293s
     0     0 11276.5722    0  801 16463.6292 11276.5722  31.5%     -  297s
     0     0 11278.1211    0  861 16463.6292 11278.1211  31.5%     -  301s
     0     0 11279.4194    0  821 16463.6292 11279.4194  31.5%     -  304s
     0     0 11280.8227    0  792 16463.6292 11280.8227  31.5%     -  308s
     0     0 11282.0644    0  746 16463.6292 11282.0644  31.5%     -  310s
     0     0 11283.3603    0  801 16463.6292 11283.3603  31.5%     -  313s
     0     0 11284.4392    0  785 16463.6292 11284.4392  31.5%     -  316s
     0     0 11285.5479    0  782 16463.6292 11285.5479  31.5%     -  320s
     0     0 11286.8742    0  802 16463.6292 11286.8742  31.4%     -  324s
     0     0 11288.1970    0  778 16463.6292 11288.1970  31.4%     -  328s
     0     0 11289.4192    0  857 16463.6292 11289.4192  31.4%     -  332s
     0     0 11290.5072    0  793 16463.6292 11290.5072  31.4%     -  335s
     0     0 11291.5391    0  849 16463.6292 11291.5391  31.4%     -  339s
     0     0 11293.1765    0  800 16463.6292 11293.1765  31.4%     -  344s
     0     0 11293.9093    0  823 16463.6292 11293.9093  31.4%     -  347s
     0     0 11294.9374    0  807 16463.6292 11294.9374  31.4%     -  351s
     0     0 11296.3097    0  861 16463.6292 11296.3097  31.4%     -  355s
     0     0 11297.4519    0  802 16463.6292 11297.4519  31.4%     -  358s
     0     0 11298.6737    0  853 16463.6292 11298.6737  31.4%     -  362s
     0     0 11299.6401    0  795 16463.6292 11299.6401  31.4%     -  366s
     0     0 11300.8459    0  824 16463.6292 11300.8459  31.4%     -  370s
     0     0 11301.9606    0  866 16463.6292 11301.9606  31.4%     -  374s
     0     0 11302.8048    0  830 16463.6292 11302.8048  31.3%     -  377s
     0     0 11303.8936    0  796 16463.6292 11303.8936  31.3%     -  381s
     0     0 11305.0419    0  809 16463.6292 11305.0419  31.3%     -  385s
     0     0 11305.9464    0  800 16463.6292 11305.9464  31.3%     -  388s
     0     0 11307.0290    0  775 16463.6292 11307.0290  31.3%     -  392s
     0     0 11307.9360    0  805 16463.6292 11307.9360  31.3%     -  397s
     0     0 11308.8505    0  828 16463.6292 11308.8505  31.3%     -  401s
     0     0 11309.5414    0  768 16463.6292 11309.5414  31.3%     -  404s
     0     0 11310.3817    0  818 16463.6292 11310.3817  31.3%     -  408s
     0     0 11311.6350    0  919 16463.6292 11311.6350  31.3%     -  414s
     0     0 11312.6545    0  878 16463.6292 11312.6545  31.3%     -  418s
     0     0 11313.6714    0  816 16463.6292 11313.6714  31.3%     -  422s
     0     0 11314.6274    0  866 16463.6292 11314.6274  31.3%     -  426s
     0     0 11315.5490    0  819 16463.6292 11315.5490  31.3%     -  429s
     0     0 11316.1069    0  790 16463.6292 11316.1069  31.3%     -  432s
     0     0 11317.1835    0  773 16463.6292 11317.1835  31.3%     -  437s
     0     0 11317.9626    0  772 16463.6292 11317.9626  31.3%     -  441s
     0     0 11318.6584    0  818 16463.6292 11318.6584  31.3%     -  444s
     0     0 11319.4086    0  817 16463.6292 11319.4086  31.2%     -  448s
     0     0 11320.1236    0  923 16463.6292 11320.1236  31.2%     -  452s
     0     0 11320.7736    0  918 16463.6292 11320.7736  31.2%     -  456s
     0     0 11321.6528    0  853 16463.6292 11321.6528  31.2%     -  460s
     0     0 11322.4037    0  904 16463.6292 11322.4037  31.2%     -  464s
     0     0 11323.1041    0  805 16463.6292 11323.1041  31.2%     -  467s
     0     0 11324.0325    0  792 16463.6292 11324.0325  31.2%     -  471s
     0     0 11324.7961    0  806 16463.6292 11324.7961  31.2%     -  475s
     0     0 11325.6431    0  862 16463.6292 11325.6431  31.2%     -  479s
     0     0 11326.2826    0  864 16463.6292 11326.2826  31.2%     -  482s
     0     0 11327.3424    0  886 16463.6292 11327.3424  31.2%     -  487s
     0     0 11327.9739    0  836 16463.6292 11327.9739  31.2%     -  491s
     0     0 11328.8473    0  858 16463.6292 11328.8473  31.2%     -  496s
     0     0 11329.4370    0  764 16463.6292 11329.4370  31.2%     -  499s
     0     0 11330.0275    0  833 16463.6292 11330.0275  31.2%     -  504s
     0     0 11330.6477    0  794 16463.6292 11330.6477  31.2%     -  508s
     0     0 11331.0338    0  830 16463.6292 11331.0338  31.2%     -  511s
     0     0 11331.5275    0  835 16463.6292 11331.5275  31.2%     -  514s
     0     0 11331.9989    0  824 16463.6292 11331.9989  31.2%     -  518s
     0     0 11332.3214    0  834 16463.6292 11332.3214  31.2%     -  520s
     0     0 11332.8659    0  809 16463.6292 11332.8659  31.2%     -  524s
     0     0 11333.3413    0  770 16463.6292 11333.3413  31.2%     -  526s
     0     0 11333.7110    0  817 16463.6292 11333.7110  31.2%     -  529s
     0     0 11334.1157    0  793 16463.6292 11334.1157  31.2%     -  534s
     0     0 11334.6106    0  885 16463.6292 11334.6106  31.2%     -  537s
     0     0 11334.9257    0  815 16463.6292 11334.9257  31.2%     -  540s
     0     0 11335.3598    0  885 16463.6292 11335.3598  31.1%     -  544s
     0     0 11335.7891    0  877 16463.6292 11335.7891  31.1%     -  548s
     0     0 11336.1523    0  776 16463.6292 11336.1523  31.1%     -  551s
     0     0 11336.5880    0  883 16463.6292 11336.5880  31.1%     -  554s
     0     0 11337.0090    0  838 16463.6292 11337.0090  31.1%     -  558s
     0     0 11337.6686    0  833 16463.6292 11337.6686  31.1%     -  564s
     0     0 11338.1629    0  918 16463.6292 11338.1629  31.1%     -  568s
     0     0 11338.6144    0  890 16463.6292 11338.6144  31.1%     -  571s
     0     0 11339.1889    0  889 16463.6292 11339.1889  31.1%     -  576s
     0     0 11339.6938    0  884 16463.6292 11339.6938  31.1%     -  580s
     0     0 11340.2580    0  818 16463.6292 11340.2580  31.1%     -  584s
     0     0 11340.5328    0  832 16463.6292 11340.5328  31.1%     -  587s
     0     0 11340.9629    0  818 16463.6292 11340.9629  31.1%     -  590s
     0     0 11341.3472    0  838 16463.6292 11341.3472  31.1%     -  593s
     0     0 11341.8225    0  874 16463.6292 11341.8225  31.1%     -  596s
     0     0 11342.2482    0  812 16463.6292 11342.2482  31.1%     -  599s
     0     0 11342.5813    0  815 16463.6292 11342.5813  31.1%     -  603s
     0     0 11342.9885    0  824 16463.6292 11342.9885  31.1%     -  607s
     0     0 11343.2779    0  839 16463.6292 11343.2779  31.1%     -  610s
     0     0 11343.6072    0  836 16463.6292 11343.6072  31.1%     -  613s
     0     0 11343.8949    0  831 16463.6292 11343.8949  31.1%     -  616s
     0     0 11344.2544    0  837 16463.6292 11344.2544  31.1%     -  619s
     0     0 11344.4650    0  794 16463.6292 11344.4650  31.1%     -  622s
     0     0 11344.7243    0  808 16463.6292 11344.7243  31.1%     -  625s
     0     0 11344.9318    0  850 16463.6292 11344.9318  31.1%     -  627s
     0     0 11345.1816    0  809 16463.6292 11345.1816  31.1%     -  630s
     0     0 11345.4564    0  810 16463.6292 11345.4564  31.1%     -  633s
     0     0 11345.8238    0  836 16463.6292 11345.8238  31.1%     -  638s
     0     0 11346.1678    0  866 16463.6292 11346.1678  31.1%     -  642s
     0     0 11346.4669    0  847 16463.6292 11346.4669  31.1%     -  645s
     0     0 11346.6855    0  847 16463.6292 11346.6855  31.1%     -  648s
     0     0 11346.8556    0  852 16463.6292 11346.8556  31.1%     -  650s
     0     0 11347.1183    0  844 16463.6292 11347.1183  31.1%     -  653s
     0     0 11347.4193    0  838 16463.6292 11347.4193  31.1%     -  655s
     0     0 11347.9192    0  880 16463.6292 11347.9192  31.1%     -  660s
     0     0 11348.2255    0  861 16463.6292 11348.2255  31.1%     -  664s
     0     0 11348.5965    0  871 16463.6292 11348.5965  31.1%     -  667s
     0     0 11348.9418    0  832 16463.6292 11348.9418  31.1%     -  671s
     0     0 11349.1931    0  840 16463.6292 11349.1931  31.1%     -  674s
     0     0 11349.3878    0  823 16463.6292 11349.3878  31.1%     -  677s
     0     0 11349.7128    0  822 16463.6292 11349.7128  31.1%     -  681s
     0     0 11350.0177    0  828 16463.6292 11350.0177  31.1%     -  685s
     0     0 11350.4680    0  881 16463.6292 11350.4680  31.1%     -  689s
     0     0 11350.7554    0  820 16463.6292 11350.7554  31.1%     -  693s
     0     0 11351.0835    0  842 16463.6292 11351.0835  31.1%     -  696s
     0     0 11351.3851    0  858 16463.6292 11351.3851  31.1%     -  699s
     0     0 11351.6254    0  812 16463.6292 11351.6254  31.1%     -  702s
     0     0 11351.7820    0  816 16463.6292 11351.7820  31.0%     -  704s
     0     0 11351.9647    0  836 16463.6292 11351.9647  31.0%     -  707s
     0     0 11352.1675    0  874 16463.6292 11352.1675  31.0%     -  710s
     0     0 11352.3915    0  840 16463.6292 11352.3915  31.0%     -  713s
     0     0 11352.5657    0  835 16463.6292 11352.5657  31.0%     -  717s
     0     0 11352.8195    0  822 16463.6292 11352.8195  31.0%     -  720s
     0     0 11353.0519    0  882 16463.6292 11353.0519  31.0%     -  723s
     0     0 11353.3211    0  864 16463.6292 11353.3211  31.0%     -  726s
     0     0 11353.5358    0  833 16463.6292 11353.5358  31.0%     -  730s
     0     0 11353.7375    0  870 16463.6292 11353.7375  31.0%     -  733s
     0     0 11353.9354    0  872 16463.6292 11353.9354  31.0%     -  736s
     0     0 11354.1134    0  873 16463.6292 11354.1134  31.0%     -  739s
     0     0 11354.2704    0  885 16463.6292 11354.2704  31.0%     -  743s
     0     0 11354.4525    0  868 16463.6292 11354.4525  31.0%     -  747s
     0     0 11354.6083    0  820 16463.6292 11354.6083  31.0%     -  750s
     0     0 11354.7718    0  797 16463.6292 11354.7718  31.0%     -  753s
     0     0 11354.8861    0  859 16463.6292 11354.8861  31.0%     -  756s
     0     0 11355.0422    0  862 16463.6292 11355.0422  31.0%     -  758s
     0     0 11355.1838    0  815 16463.6292 11355.1838  31.0%     -  761s
     0     0 11355.3396    0  831 16463.6292 11355.3396  31.0%     -  763s
     0     0 11355.5078    0  884 16463.6292 11355.5078  31.0%     -  766s
     0     0 11355.6248    0  866 16463.6292 11355.6248  31.0%     -  769s
     0     0 11355.7789    0  834 16463.6292 11355.7789  31.0%     -  771s
     0     0 11355.9191    0  863 16463.6292 11355.9191  31.0%     -  774s
     0     0 11356.0750    0  823 16463.6292 11356.0750  31.0%     -  777s
     0     0 11356.1979    0  873 16463.6292 11356.1979  31.0%     -  780s
     0     0 11356.3472    0  846 16463.6292 11356.3472  31.0%     -  782s
     0     0 11356.5126    0  839 16463.6292 11356.5126  31.0%     -  785s
     0     0 11356.6494    0  845 16463.6292 11356.6494  31.0%     -  789s
     0     0 11356.7752    0  883 16463.6292 11356.7752  31.0%     -  791s
     0     0 11356.9381    0  851 16463.6292 11356.9381  31.0%     -  794s
     0     0 11357.0919    0  855 16463.6292 11357.0919  31.0%     -  796s
     0     0 11357.2748    0  844 16463.6292 11357.2748  31.0%     -  799s
     0     0 11357.4521    0  845 16463.6292 11357.4521  31.0%     -  803s
     0     0 11357.6596    0  847 16463.6292 11357.6596  31.0%     -  806s
     0     0 11357.8661    0  822 16463.6292 11357.8661  31.0%     -  809s
     0     0 11358.0859    0  820 16463.6292 11358.0859  31.0%     -  812s
     0     0 11358.2732    0  817 16463.6292 11358.2732  31.0%     -  814s
     0     0 11358.4777    0  821 16463.6292 11358.4777  31.0%     -  818s
     0     0 11358.6620    0  848 16463.6292 11358.6620  31.0%     -  822s
     0     0 11358.9152    0  844 16463.6292 11358.9152  31.0%     -  825s
     0     0 11359.0430    0  819 16463.6292 11359.0430  31.0%     -  829s
     0     0 11359.1596    0  835 16463.6292 11359.1596  31.0%     -  832s
     0     0 11359.2771    0  868 16463.6292 11359.2771  31.0%     -  836s
     0     0 11359.3888    0  885 16463.6292 11359.3888  31.0%     -  839s
     0     0 11359.4901    0  803 16463.6292 11359.4901  31.0%     -  842s
     0     0 11359.5897    0  813 16463.6292 11359.5897  31.0%     -  844s
     0     0 11359.6949    0  868 16463.6292 11359.6949  31.0%     -  847s
     0     0 11359.7916    0  833 16463.6292 11359.7916  31.0%     -  850s
     0     0 11467.2729    0  846 16463.6292 11467.2729  30.3%     -  888s
     0     0 11495.6005    0  909 16463.6292 11495.6005  30.2%     -  920s
     0     0 11498.1597    0  924 16463.6292 11498.1597  30.2%     -  932s
     0     0 11499.4019    0  925 16463.6292 11499.4019  30.2%     -  938s
     0     0 11500.1684    0  882 16463.6292 11500.1684  30.1%     -  944s
     0     0 11501.6006    0  880 16463.6292 11501.6006  30.1%     -  950s
     0     0 11502.9897    0  897 16463.6292 11502.9897  30.1%     -  958s
     0     0 11504.0220    0  879 16463.6292 11504.0220  30.1%     -  965s
     0     0 11504.8291    0  868 16463.6292 11504.8291  30.1%     -  970s
     0     0 11505.7097    0  857 16463.6292 11505.7097  30.1%     -  976s
     0     0 11506.1312    0  870 16463.6292 11506.1312  30.1%     -  980s
     0     0 11506.8358    0  871 16463.6292 11506.8358  30.1%     -  986s
     0     0 11507.2741    0  839 16463.6292 11507.2741  30.1%     -  989s
     0     0 11507.5988    0  848 16463.6292 11507.5988  30.1%     -  993s
     0     0 11917.2117    0  910 16463.6292 11917.2117  27.6%     - 1056s
     0     0 11955.7830    0  910 16463.6292 11955.7830  27.4%     - 1081s
     0     0 11966.3632    0  932 16463.6292 11966.3632  27.3%     - 1092s
     0     0 11971.9872    0  911 16463.6292 11971.9872  27.3%     - 1099s
     0     0 11977.6762    0  898 16463.6292 11977.6762  27.2%     - 1107s
     0     0 11982.4665    0  938 16463.6292 11982.4665  27.2%     - 1113s
     0     0 11985.2039    0  904 16463.6292 11985.2039  27.2%     - 1118s
     0     0 11988.4709    0  896 16463.6292 11988.4709  27.2%     - 1123s
     0     0 11991.5277    0  893 16463.6292 11991.5277  27.2%     - 1129s
     0     0 11994.0055    0  891 16463.6292 11994.0055  27.1%     - 1134s
     0     0 11996.2272    0  884 16463.6292 11996.2272  27.1%     - 1139s
     0     0 11997.8664    0  887 16463.6292 11997.8664  27.1%     - 1144s
     0     0 11999.2919    0  887 16463.6292 11999.2919  27.1%     - 1150s
     0     0 12000.6736    0  891 16463.6292 12000.6736  27.1%     - 1155s
     0     0 12001.6792    0  892 16463.6292 12001.6792  27.1%     - 1159s
     0     0 12003.3706    0  881 16463.6292 12003.3706  27.1%     - 1164s
     0     0 12004.5160    0  884 16463.6292 12004.5160  27.1%     - 1168s
     0     0 12005.8797    0  856 16463.6292 12005.8797  27.1%     - 1172s
     0     0 12006.9916    0  888 16463.6292 12006.9916  27.1%     - 1177s
     0     0 12008.0078    0  880 16463.6292 12008.0078  27.1%     - 1181s
     0     0 12009.1260    0  868 16463.6292 12009.1260  27.1%     - 1186s
     0     0 12009.8452    0  866 16463.6292 12009.8452  27.1%     - 1189s
     0     0 12010.7384    0  896 16463.6292 12010.7384  27.0%     - 1194s
     0     0 12011.6435    0  927 16463.6292 12011.6435  27.0%     - 1197s
     0     0 12012.4040    0  896 16463.6292 12012.4040  27.0%     - 1200s
     0     0 12013.1211    0  874 16463.6292 12013.1211  27.0%     - 1203s
     0     0 12013.8389    0  870 16463.6292 12013.8389  27.0%     - 1206s
     0     0 12014.5408    0  895 16463.6292 12014.5408  27.0%     - 1210s
     0     0 12015.2493    0  860 16463.6292 12015.2493  27.0%     - 1213s
     0     0 12015.9490    0  869 16463.6292 12015.9490  27.0%     - 1217s
     0     0 12016.8485    0  894 16463.6292 12016.8485  27.0%     - 1222s
     0     0 12017.5172    0  837 16463.6292 12017.5172  27.0%     - 1226s
     0     0 12018.1155    0  858 16463.6292 12018.1155  27.0%     - 1230s
     0     0 12018.4552    0  852 16463.6292 12018.4552  27.0%     - 1233s
     0     0 12101.7462    0  989 16463.6292 12101.7462  26.5%     - 1286s
     0     0 12118.7629    0  994 16463.6292 12118.7629  26.4%     - 1310s
     0     0 12123.5309    0  942 16463.6292 12123.5309  26.4%     - 1318s
     0     0 12127.8211    0  997 16463.6292 12127.8211  26.3%     - 1328s
     0     0 12131.2753    0  909 16463.6292 12131.2753  26.3%     - 1344s
     0     0 12133.8097    0  933 16463.6292 12133.8097  26.3%     - 1360s
     0     0 12135.4257    0  930 16463.6292 12135.4257  26.3%     - 1373s
     0     0 12137.1003    0  902 16463.6292 12137.1003  26.3%     - 1379s
     0     0 12138.7697    0  914 16463.6292 12138.7697  26.3%     - 1390s
     0     0 12140.3406    0  908 16463.6292 12140.3406  26.3%     - 1398s
     0     0 12142.0030    0  902 16463.6292 12142.0030  26.2%     - 1408s
     0     0 12142.9119    0  897 16463.6292 12142.9119  26.2%     - 1413s
     0     0 12143.6707    0  899 16463.6292 12143.6707  26.2%     - 1416s
     0     0 12144.3182    0  890 16463.6292 12144.3182  26.2%     - 1424s
     0     0 12145.0773    0  881 16463.6292 12145.0773  26.2%     - 1430s
     0     0 12145.9841    0  929 16463.6292 12145.9841  26.2%     - 1439s
     0     0 12146.9565    0  881 16463.6292 12146.9565  26.2%     - 1449s
     0     0 12147.8839    0  896 16463.6292 12147.8839  26.2%     - 1457s
     0     0 12148.6210    0  862 16463.6292 12148.6210  26.2%     - 1464s
     0     0 12149.0852    0  904 16463.6292 12149.0852  26.2%     - 1470s
     0     0 12206.0711    0  962 16463.6292 12206.0711  25.9%     - 1531s
     0     0 12214.8666    0  998 16463.6292 12214.8666  25.8%     - 1559s
     0     0 12218.6787    0  937 16463.6292 12218.6787  25.8%     - 1575s
     0     0 12220.9211    0  968 16463.6292 12220.9211  25.8%     - 1587s
     0     0 12222.9612    0  943 16463.6292 12222.9612  25.8%     - 1600s
     0     0 12224.9214    0  921 16463.6292 12224.9214  25.7%     - 1612s
     0     0 12226.2373    0  889 16463.6292 12226.2373  25.7%     - 1622s
     0     0 12227.3490    0  927 16463.6292 12227.3490  25.7%     - 1630s
     0     0 12228.4983    0  894 16463.6292 12228.4983  25.7%     - 1639s
     0     0 12229.6189    0  920 16463.6292 12229.6189  25.7%     - 1647s
     0     0 12230.6768    0  895 16463.6292 12230.6768  25.7%     - 1654s
     0     0 12231.6381    0  916 16463.6292 12231.6381  25.7%     - 1662s
     0     0 12232.4493    0  959 16463.6292 12232.4493  25.7%     - 1668s
     0     0 12233.1519    0  904 16463.6292 12233.1519  25.7%     - 1673s
     0     0 12233.8153    0  880 16463.6292 12233.8153  25.7%     - 1678s
     0     0 12234.4053    0  874 16463.6292 12234.4053  25.7%     - 1683s
     0     0 12251.5047    0  883 16463.6292 12251.5047  25.6%     - 1709s
     0     0 12259.9381    0  919 16463.6292 12259.9381  25.5%     - 1731s
     0     0 12262.6572    0  931 16463.6292 12262.6572  25.5%     - 1739s
     0     0 12264.5729    0  919 16463.6292 12264.5729  25.5%     - 1745s
     0     0 12266.7462    0  919 16463.6292 12266.7462  25.5%     - 1752s
     0     0 12268.6236    0  927 16463.6292 12268.6236  25.5%     - 1761s
     0     0 12269.9365    0  918 16463.6292 12269.9365  25.5%     - 1771s
     0     0 12271.2045    0  976 16463.6292 12271.2045  25.5%     - 1783s
     0     0 12272.4006    0  906 16463.6292 12272.4006  25.5%     - 1791s
     0     0 12273.5578    0  932 16463.6292 12273.5578  25.5%     - 1800s
     0     0 12274.3466    0  901 16463.6292 12274.3466  25.4%     - 1808s
     0     0 12275.1348    0  890 16463.6292 12275.1348  25.4%     - 1816s
     0     0 12275.6893    0  897 16463.6292 12275.6893  25.4%     - 1822s
     0     0 12287.5989    0  918 16463.6292 12287.5989  25.4%     - 1858s
H    0     0                    16271.721941 12287.5991  24.5%     - 1864s
H    0     0                    15685.023941 12287.5991  21.7%     - 1870s
     0     0 12290.1583    0  966 15685.0239 12290.1583  21.6%     - 1884s
     0     0 12291.4163    0  927 15685.0239 12291.4163  21.6%     - 1891s
     0     0 12292.5420    0  934 15685.0239 12292.5420  21.6%     - 1898s
     0     0 12293.4927    0  945 15685.0239 12293.4927  21.6%     - 1906s
     0     0 12294.5266    0  923 15685.0239 12294.5266  21.6%     - 1917s
     0     0 12295.1614    0  928 15685.0239 12295.1614  21.6%     - 1924s
     0     0 12298.7697    0  881 15685.0239 12298.7697  21.6%     - 1940s
     0     0 12299.9262    0  918 15685.0239 12299.9262  21.6%     - 1953s
     0     0 12300.8204    0  928 15685.0239 12300.8204  21.6%     - 1959s
     0     0 12301.4937    0  929 15685.0239 12301.4937  21.6%     - 1964s
     0     0 12305.5134    0  916 15685.0239 12305.5134  21.5%     - 1980s
     0     0 12306.3543    0  998 15685.0239 12306.3543  21.5%     - 1995s
     0     0 12307.1730    0  880 15685.0239 12307.1730  21.5%     - 2002s
     0     0 12307.8302    0  889 15685.0239 12307.8302  21.5%     - 2008s
     0     0 12311.6762    0  900 15685.0239 12311.6762  21.5%     - 2025s
     0     0 12313.7854    0  956 15685.0239 12313.7854  21.5%     - 2035s
H    0     0                    15505.288014 12313.7920  20.6%     - 2184s
H    0     0                    14967.456014 12313.7920  17.7%     - 2186s
     0     2 12315.1378    0  924 14967.4560 12315.1378  17.7%     - 2213s
     1     3 12435.3570    1  911 14967.4560 12315.1378  17.7% 14242 2265s
     2     4 12472.3376    1  803 14967.4560 12435.3630  16.9% 14977 2315s
     3     5 12496.7146    2  847 14967.4560 12435.3630  16.9% 13462 2344s
     4     6 12489.4868    2  892 14967.4560 12472.3411  16.7% 12640 2378s
     5     7 12525.4235    3  836 14967.4560 12472.3411  16.7% 11272 2404s
     6     8 13057.3588    3  818 14967.4560 12472.3411  16.7% 11510 2466s
     7     9 12838.8476    4  744 14967.4560 12472.3411  16.7% 11464 2508s
     8    10 12693.5818    4  807 14967.4560 12472.3411  16.7% 11105 2538s
     9    11 12888.3216    5  828 14967.4560 12472.3411  16.7% 10712 2562s
    10    12 13092.3329    5  777 14967.4560 12472.3411  16.7% 10694 2588s
    11    13 12893.5600    6  818 14967.4560 12472.3411  16.7%  9924 2594s
    12    14 13379.2040    6  828 14967.4560 12472.3411  16.7%  9426 2604s
    13    15 12902.6370    7  816 14967.4560 12472.3411  16.7%  8796 2608s
    14    16 13266.7165    7  826 14967.4560 12472.3411  16.7%  8720 2628s
    15    17 12920.2650    8  777 14967.4560 12472.3411  16.7%  8293 2634s
    16    18 12976.5932    8  716 14967.4560 12472.3411  16.7%  8035 2644s
    17    19 12940.5855    9  791 14967.4560 12472.3411  16.7%  7810 2658s
    18    20 12933.9018    9  737 14967.4560 12472.3411  16.7%  7523 2669s
    19    21 12943.1187   10  651 14967.4560 12472.3411  16.7%  7275 2685s
    20    22 13097.3726   10  707 14967.4560 12472.3411  16.7%  7259 2715s
    22    24 13024.2427   11  531 14967.4560 12472.3411  16.7%  6787 2728s
    24    26 12951.5888   12  631 14967.4560 12472.3411  16.7%  6290 2732s
    25    27 13028.9434   13  614 14967.4560 12472.3411  16.7%  6069 2735s
    26    28 13169.3196   13  623 14967.4560 12472.3411  16.7%  5963 2745s
    28    30 13217.4447   14  606 14967.4560 12472.3411  16.7%  5595 2750s
    29    31 13134.0154   15  610 14967.4560 12472.3411  16.7%  5549 2763s
    30    32 13048.3997   15  573 14967.4560 12472.3411  16.7%  5406 2765s
    32    34 13098.1672   17  552 14967.4560 12472.3411  16.7%  5185 2781s
    34    36 13099.7334   18  471 14967.4560 12472.3411  16.7%  4991 2791s
    35    37 13144.5974   18  412 14967.4560 12472.3411  16.7%  4924 2795s
    37    39 13129.7741   19  474 14967.4560 12472.3411  16.7%  4720 2800s
    40    42 13146.8716   21  455 14967.4560 12472.3411  16.7%  4435 2805s
    43    45 13170.9338   22  433 14967.4560 12472.3411  16.7%  4198 2810s
    47    49 13205.0441   24  405 14967.4560 12472.3411  16.7%  3936 2816s
    52    54 13176.7604   27  382 14967.4560 12472.3411  16.7%  3603 2820s
H   54    54                    14693.224201 12472.3411  15.1%  3488 2823s
    58    60 13410.6668   32  365 14693.2242 12472.3411  15.1%  3309 2832s
    63    65 13198.6913   34  372 14693.2242 12472.3411  15.1%  3092 2835s
H   81    81                    14306.139868 12472.3411  12.8%  2433 2840s
    92    94 13277.7680   60  333 14306.1399 12472.3411  12.8%  2172 2845s
   107   109 13345.6390   72  282 14306.1399 12472.3411  12.8%  1900 2850s
   127   127 13395.0857   86  250 14306.1399 12472.3411  12.8%  1650 2855s
H  130   128                    14298.418903 12472.3411  12.8%  1624 2856s
   144   142 13428.0710   96  199 14298.4189 12472.3411  12.8%  1492 2860s
H  156   150                    14298.335325 12472.3411  12.8%  1389 2861s
H  162   156                    14183.268663 12472.3411  12.1%  1343 2862s
   188   179 13561.5348  127  143 14183.2687 12472.3411  12.1%  1177 2865s
H  189   178                    14092.767876 12472.3411  11.5%  1171 2865s
   239   226 13565.8130  161   68 14092.7679 12472.3411  11.5%   950 2870s
H  243   228                    14078.398863 12472.3411  11.4%   935 2870s
H  270   254                    13944.685983 12472.3411  10.6%   852 2872s
*  279   263             188    13853.469741 12472.3411  10.0%   827 2873s
   282   262 12487.1747    2  805 13853.4697 12472.4132  10.0%   847 2893s
   283   263 12787.8407    3  789 13853.4697 12472.4132  10.0%   913 2992s
   284   264 12876.8905    3  771 13853.4697 12472.4132  10.0%   966 3057s
   285   265 12878.1853    4  738 13853.4697 12472.4132  10.0%   997 3091s
   286   266 12807.5808    4  781 13853.4697 12472.4132  10.0%  1012 3108s
   287   267 12864.8855    5  800 13853.4697 12472.4132  10.0%  1025 3130s
   288   268 12950.3793    6  725 13853.4697 12472.4132  10.0%  1043 3162s
   289   269 13183.3135    6  726 13853.4697 12472.4132  10.0%  1084 3206s
   290   270 12957.4523    7  721 13853.4697 12472.4132  10.0%  1092 3219s
   291   271 12959.0086    8  732 13853.4697 12472.4132  10.0%  1093 3227s
   292   272 12989.7597    9  728 13853.4697 12472.4132  10.0%  1092 3233s
   293   273 13031.5775    9  719 13853.4697 12472.4132  10.0%  1106 3252s
   294   274 12993.0536   10  724 13853.4697 12472.4132  10.0%  1106 3258s
   295   275 13001.7836   11  734 13853.4697 12472.4132  10.0%  1106 3263s
   296   276 13006.8699   12  665 13853.4697 12472.4132  10.0%  1109 3273s
   297   277 13008.4643   13  659 13853.4697 12472.4132  10.0%  1107 3280s
   299   279 13030.0725   15  570 13853.4697 12472.4132  10.0%  1109 3294s
   300   280 13030.4884   16  563 13853.4697 12472.4132  10.0%  1106 3295s
   303   283 13035.7223   19  567 13853.4697 12472.4132  10.0%  1099 3302s
   305   285 13040.8235   21  532 13853.4697 12472.4132  10.0%  1098 3306s
   307   287 13053.3366   23  487 13853.4697 12472.4132  10.0%  1098 3315s
   308   288 13071.1640   24  472 13853.4697 12472.4132  10.0%  1100 3321s
   311   291 13063.4164   26  470 13853.4697 12472.4132  10.0%  1097 3326s
   314   294 13070.3842   29  414 13853.4697 12472.4132  10.0%  1091 3331s
   317   297 13081.4197   32  424 13853.4697 12472.4132  10.0%  1084 3335s
   323   302 13116.0339   38  363 13853.4697 12472.4132  10.0%  1076 3340s
   330   309 13099.9854   44  385 13853.4697 12472.4132  10.0%  1059 3345s
   338   317 13105.2415   50  374 13853.4697 12472.4132  10.0%  1043 3350s
   342   321 13181.3572   54  345 13853.4697 12472.4132  10.0%  1043 3356s
   350   329 13153.4230   60  361 13853.4697 12472.4132  10.0%  1030 3360s
   355   334 13157.4311   63  337 13853.4697 12472.4132  10.0%  1020 3365s
   369   347 13167.7758   74  334 13853.4697 12472.4132  10.0%   992 3370s
   378   355 13298.7525   81  258 13853.4697 12472.4132  10.0%   984 3375s
   388   362 13212.4118   87  250 13853.4697 12472.4132  10.0%   971 3380s
   403   376 13205.7190   98  242 13853.4697 12472.4132  10.0%   947 3385s
   418   389 13217.4449  107  223 13853.4697 12472.4132  10.0%   928 3390s
   448   413 13244.2312  125  157 13853.4697 12472.4132  10.0%   880 3395s
H  486   433                    13717.914303 12472.4132  9.08%   820 3398s
   502   448 13489.4764  164   38 13717.9143 12472.4132  9.08%   798 3400s
H  513   448                    13679.145412 12472.4132  8.82%   782 3401s
H  540   466                    13666.016405 12472.4132  8.73%   748 3403s
   547   473 13505.0906  132  956 13666.0164 12472.4132  8.73%   741 3799s
   549   474 13237.4099   96  906 13666.0164 12472.4132  8.73%   738 3877s
   550   475 13590.8849  163  783 13666.0164 12472.4132  8.73%   737 3950s
   551   476 13369.0776   80  754 13666.0164 12472.4132  8.73%   736 3990s
   552   476 13461.2856  119  857 13666.0164 12472.4132  8.73%   734 4047s
   553   477 13232.0518   87  933 13666.0164 12472.4132  8.73%   733 4128s
   554   478 13591.5955  163  945 13666.0164 12472.4132  8.73%   732 4169s
   555   478 13297.9831   39  951 13666.0164 12472.4132  8.73%   730 4190s
   556   479 13250.3235  120  955 13666.0164 12472.4132  8.73%   729 4246s
   557   480 13205.8200   99 1022 13666.0164 12472.4132  8.73%   728 4351s
   558   480 13332.7720  170  965 13666.0164 12472.4132  8.73%   726 4370s
   559   481 13032.3208   19  993 13666.0164 12472.4132  8.73%   725 4386s
   560   482 13161.8714   21  989 13666.0164 12472.4132  8.73%   724 4395s
   561   482 13141.2195   55 1014 13666.0164 12472.4132  8.73%   722 4461s
   562   483 13156.5010   63  962 13666.0164 12472.4132  8.73%   721 4596s
   563   484 13504.4626  138  937 13666.0164 12472.4132  8.73%   720 4612s
   564   484 13320.2668   61  919 13666.0164 12472.4132  8.73%   719 4672s
   565   485 13090.6153   40  966 13666.0164 12472.4132  8.73%   717 4739s
   566   486 13507.3269  144  956 13666.0164 12472.4132  8.73%   716 4750s
   567   486 13506.6526  143  925 13666.0164 12472.4132  8.73%   715 4815s
   568   487 13478.1443  108  963 13666.0164 12472.4132  8.73%   713 4884s
   569   488 13277.0959  152 1019 13666.0164 12472.4132  8.73%   712 4894s
   570   488 13281.0765   59  961 13666.0164 12472.4132  8.73%   711 4961s
   571   489 13057.9770   25 1011 13666.0164 12472.4132  8.73%   710 4987s
   572   490 13161.7806   66 1063 13666.0164 12472.4132  8.73%   709 5001s
   573   490 13318.3656  171 1026 13666.0164 12472.4132  8.73%   707 5017s
   574   491 13183.3140    7 1049 13666.0164 12472.4132  8.73%   706 5029s
   575   492 13244.4572  127 1023 13666.0164 12472.4132  8.73%   705 5039s
   576   492 13300.7405  169 1062 13666.0164 12472.4132  8.73%   704 5075s
   577   493 12878.1857    5 1020 13666.0164 12472.4132  8.73%   702 5088s
   578   494 13292.8380  158 1011 13666.0164 12472.4132  8.73%   701 5098s
   579   494 13222.6481  112  997 13666.0164 12472.4132  8.73%   700 5111s
   580   495 13161.8714   21  950 13666.0164 12472.4132  8.73%   699 5132s
   581   496 13099.9796   18 1007 13666.0164 12472.4132  8.73%   698 5148s
   582   496 13492.1108  165  976 13666.0164 12472.4132  8.73%   696 5159s
   583   497 13419.2834  189 1061 13666.0164 12472.4132  8.73%   695 5178s
   584   498 12496.7147    3 1052 13666.0164 12472.4132  8.73%   694 5188s
   585   498 13134.0543   16 1040 13666.0164 12472.4132  8.73%   693 5198s
   586   499 13059.4881   26 1025 13666.0164 12472.4132  8.73%   692 5207s
   587   500 13612.3554  173 1030 13666.0164 12472.4132  8.73%   690 5217s
   588   500 13283.7007  156  999 13666.0164 12472.4132  8.73%   689 5235s
   589   501 13437.1039  102 1001 13666.0164 12472.4132  8.73%   688 5245s
   590   502 13110.6950   50 1019 13666.0164 12472.4132  8.73%   687 5256s
   591   502 13233.4428  116 1022 13666.0164 12472.4132  8.73%   686 5276s
   592   503 13250.3235  120 1022 13666.0164 12472.4132  8.73%   685 5288s
   593   504 13088.7460   37 1022 13666.0164 12472.4132  8.73%   683 5367s
   594   506 12554.2397   11  858 13666.0164 12472.4132  8.73%  1136 5407s
   595   507 12497.0340   11  947 13666.0164 12497.0340  8.55%  1150 5440s
   596   508 12667.6701   12  789 13666.0164 12497.0340  8.55%  1163 5468s
   597   508 12910.4061   12  827 13666.0164 12554.2605  8.14%  1177 5497s
   598   509 12774.4327   13  766 13666.0164 12554.2605  8.14%  1186 5517s
   599   510 12761.4405   13  782 13666.0164 12554.2605  8.14%  1195 5537s
   600   510 12825.7445   14  735 13666.0164 12554.2605  8.14%  1200 5548s
   601   511 12906.1587   14  744 13666.0164 12554.2605  8.14%  1209 5565s
   602   512 12886.3605   15  740 13666.0164 12554.2605  8.14%  1215 5575s
   603   512 12911.4550   15  737 13666.0164 12554.2605  8.14%  1216 5581s
   605   514 13249.5084   16  748 13666.0164 12554.2605  8.14%  1227 5602s
   606   514 12926.7161   17  705 13666.0164 12554.2605  8.14%  1226 5605s
   607   515 12986.7606   17  739 13666.0164 12554.2605  8.14%  1231 5614s
   608   516 12928.9847   18  697 13666.0164 12554.2605  8.14%  1230 5616s
   609   516 13083.1445   18  709 13666.0164 12554.2605  8.14%  1236 5627s
   610   517 12942.8751   19  709 13666.0164 12554.2605  8.14%  1238 5634s
   611   518 13010.2753   19  633 13666.0164 12554.2605  8.14%  1240 5641s
   612   518 12968.0254   20  600 13666.0164 12554.2605  8.14%  1242 5646s
   613   519 12971.2868   20  657 13666.0164 12554.2605  8.14%  1244 5651s
   614   520 13210.0969   21  585 13666.0164 12554.2605  8.14%  1249 5667s
   615   520 13007.4365   21  620 13666.0164 12554.2605  8.14%  1251 5673s
   616   521 13008.8487   22  614 13666.0164 12554.2605  8.14%  1250 5675s
   617   522 13511.2627   22  657 13666.0164 12554.2605  8.14%  1253 5681s
   620   524 13021.9784   24  555 13666.0164 12554.2605  8.14%  1252 5687s
   621   524 13072.4178   24  556 13666.0164 12554.2605  8.14%  1255 5691s
   623   526 13133.8208   25  534 13666.0164 12554.2605  8.14%  1255 5696s
   626   528 13028.1985   27  561 13666.0164 12554.2605  8.14%  1252 5700s
   629   530 13058.7291   28  495 13666.0164 12554.2605  8.14%  1252 5706s
   631   531 13068.7493   29  514 13666.0164 12554.2605  8.14%  1252 5710s
   633   532 13055.5367   30  530 13666.0164 12554.2605  8.14%  1252 5715s
   637   535 13195.8770   32  403 13666.0164 12554.2605  8.14%  1254 5723s
   639   536 13105.4504   33  483 13666.0164 12554.2605  8.14%  1254 5733s
   641   538 13139.1243   34  468 13666.0164 12554.2605  8.14%  1256 5738s
   643   539 13143.0230   35  351 13666.0164 12554.2605  8.14%  1255 5741s
   647   542 13170.4058   37  361 13666.0164 12554.2605  8.14%  1252 5746s
   651   544 13127.3373   39  397 13666.0164 12554.2605  8.14%  1249 5750s
   659   550 13292.5821   43  329 13666.0164 12554.2605  8.14%  1242 5756s
   663   552 13109.1539   45  367 13666.0164 12554.2605  8.14%  1240 5761s
   667   555 13224.8461   47  324 13666.0164 12554.2605  8.14%  1239 5765s
   674   560 13102.5107   51  374 13666.0164 12554.2605  8.14%  1231 5770s
   685   567 13201.3377   56  316 13666.0164 12554.2605  8.14%  1219 5775s
   698   576 13148.3023   63  321 13666.0164 12554.2605  8.14%  1204 5780s
   708   582 13166.1366   68  297 13666.0164 12554.2605  8.14%  1195 5785s
   718   589 13179.8386   73  289 13666.0164 12554.2605  8.14%  1186 5790s
   737   602 13255.9370   82  205 13666.0164 12554.2605  8.14%  1162 5795s
   755   613 13441.0111   91  192 13666.0164 12554.2605  8.14%  1142 5801s
   777   627 13480.9890  102  154 13666.0164 12554.2605  8.14%  1117 5805s
   810   649 13322.3487  119  100 13666.0164 12554.2605  8.14%  1081 5810s
   853   678 13475.7965  140   45 13666.0164 12554.2605  8.14%  1034 5815s
   894   693 12646.1644   12  829 13666.0164 12554.3081  8.13%   998 5964s
   895   694 12812.7283   13  766 13666.0164 12554.3081  8.13%  1012 6004s
   896   695 13320.5635   13  766 13666.0164 12554.3081  8.13%  1026 6044s
   897   695 12828.2380   14  823 13666.0164 12554.3081  8.13%  1032 6062s
   898   696 13323.3473   14  728 13666.0164 12554.3081  8.13%  1045 6101s
   899   697 12875.1658   15  718 13666.0164 12554.3081  8.13%  1050 6115s
   900   697 12892.4857   15  752 13666.0164 12554.3081  8.13%  1057 6135s
   901   698 12928.0797   16  700 13666.0164 12554.3081  8.13%  1063 6154s
   902   699 12961.7640   16  731 13666.0164 12554.3081  8.13%  1066 6165s
   904   700 13013.3134   17  725 13666.0164 12554.3081  8.13%  1070 6177s
   905   701 12957.8492   18  693 13666.0164 12554.3081  8.13%  1070 6180s
   906   701 13442.6623   18  701 13666.0164 12554.3081  8.13%  1077 6200s
   908   703 13659.3563   19  704 13666.0164 12554.3081  8.13%  1087 6227s
   910   704 13163.7334   20  693 13666.0164 12554.3081  8.13%  1093 6244s
   911   705 12970.7145   21  596 13666.0164 12554.3081  8.13%  1094 6247s
   912   705 13022.5016   21  653 13666.0164 12554.3081  8.13%  1100 6261s
   914   707 13133.5667   22  424 13666.0164 12554.3081  8.13%  1102 6269s
   915   707 13040.0233   23  544 13666.0164 12554.3081  8.13%  1103 6273s
   916   708 13028.1977   23  622 13666.0164 12554.3081  8.13%  1104 6277s
   917   709 13035.8791   24  582 13666.0164 12554.3081  8.13%  1105 6289s
   918   709 13094.3482   24  413 13666.0164 12554.3081  8.13%  1107 6293s
   920   711 13460.4637   25  578 13666.0164 12554.3081  8.13%  1108 6300s
   922   712 13108.1526   26  534 13666.0164 12554.3081  8.13%  1113 6313s
   924   713 13045.6901   27  487 13666.0164 12554.3081  8.13%  1111 6315s
   928   716 13067.2193   29  397 13666.0164 12554.3081  8.13%  1111 6320s
   932   719 13144.5197   31  358 13666.0164 12554.3081  8.13%  1111 6326s
   935   721 13071.2803   33  384 13666.0164 12554.3081  8.13%  1111 6330s
   939   723 13075.7443   35  335 13666.0164 12554.3081  8.13%  1110 6335s
   942   725 13133.3538   36  323 13666.0164 12554.3081  8.13%  1111 6340s
   951   731 13089.2365   41  317 13666.0164 12554.3081  8.13%  1106 6345s
   960   737 13152.1777   45  247 13666.0164 12554.3081  8.13%  1104 6351s
   966   741 13329.7410   48  262 13666.0164 12554.3081  8.13%  1101 6355s
   976   748 13211.5341   53  289 13666.0164 12554.3081  8.13%  1097 6361s
   986   755 13162.4004   58  261 13666.0164 12554.3081  8.13%  1091 6365s
   997   762 13147.6516   64  224 13666.0164 12554.3081  8.13%  1085 6370s
  1008   769 13393.3159   69  225 13666.0164 12554.3081  8.13%  1078 6375s
  1019   777 13144.6006   75  214 13666.0164 12554.3081  8.13%  1073 6380s
  1036   788 13291.0830   83  190 13666.0164 12554.3081  8.13%  1062 6385s
  1056   801 13305.3865   93   88 13666.0164 12554.3081  8.13%  1050 6390s
  1092   823 13229.3930  112  125 13666.0164 12554.3081  8.13%  1025 6395s
  1136   853 13255.9366  134   89 13666.0164 12554.3081  8.13%   993 6400s
  1182   881 13302.5159  157   48 13666.0164 12554.3081  8.13%   960 6405s
H 1241   847                    13517.089874 12554.3081  7.12%   927 6409s
* 1245   802             189    13479.938795 12554.3081  6.87%   924 6409s
  1252   795 12685.1128   12  829 13479.9388 12685.1128  5.90%   930 6449s
  1253   796 12733.2828   13  774 13479.9388 12685.1154  5.90%   932 6468s
  1254   796 12739.0535   13  791 13479.9388 12733.2861  5.54%   938 6490s
  1255   797 12768.0192   14  824 13479.9388 12733.2861  5.54%   941 6502s
  1256   798 13310.2807   14  807 13479.9388 12733.2861  5.54%   949 6535s
  1257   798 12790.1060   15  762 13479.9388 12733.2861  5.54%   951 6544s
  1258   799 12966.4637   15  814 13479.9388 12733.2861  5.54%   957 6566s
  1259   800 13077.8597   16  642 13479.9388 12733.2861  5.54%   963 6586s
  1260   800 13019.2551   16  764 13479.9388 12733.2861  5.54%   968 6609s
  1261   801 13089.2137   17  642 13479.9388 12733.2861  5.54%   968 6612s
  1262   802 13445.5406   17  736 13479.9388 12733.2861  5.54%   973 6628s
  1264   803 13168.7022   18  699 13479.9388 12733.2861  5.54%   974 6635s
  1266   804 13274.1315   19  628 13479.9388 12733.2861  5.54%   977 6648s
  1267   805 13134.8931   20  609 13479.9388 12733.2861  5.54%   978 6650s
  1268   806 13202.0841   20  579 13479.9388 12733.2861  5.54%   980 6659s
  1269   806 13143.0971   21  574 13479.9388 12733.2861  5.54%   980 6661s
  1270   807 13162.9111   21  578 13479.9388 12733.2861  5.54%   981 6666s
  1272   808 13157.7293   22  535 13479.9388 12733.2861  5.54%   982 6672s
  1274   810 13174.7306   23  492 13479.9388 12733.2861  5.54%   983 6675s
  1277   812 13199.0280   25  440 13479.9388 12733.2861  5.54%   982 6680s
  1282   813     cutoff   27      13479.9388 12733.2861  5.54%   981 6685s
  1289   818 13231.0542   31  371 13479.9388 12733.2861  5.54%   980 6690s
  1298   824 13290.0539   35  330 13479.9388 12733.2861  5.54%   979 6695s
  1309   831 13279.5256   41  292 13479.9388 12733.2861  5.54%   975 6700s
  1323   836 13296.2864   48  234 13479.9388 12733.2861  5.54%   969 6705s
  1334   842 13321.2424   53  244 13479.9388 12733.2861  5.54%   965 6710s
  1349   852 13317.1922   61  223 13479.9388 12733.2861  5.54%   958 6715s
  1366   861     cutoff   69      13479.9388 12733.2861  5.54%   950 6720s
  1388   872 13428.5815   80  238 13479.9388 12733.2861  5.54%   939 6725s
  1421   882 13418.7229   97  110 13479.9388 12733.2861  5.54%   921 6730s
  1441   883 12745.3342   14  756 13479.9388 12733.4069  5.54%   912 6806s
  1442   884 12852.8923   15  743 13479.9388 12733.4069  5.54%   920 6839s
  1443   884 12887.0388   15  776 13479.9388 12733.4069  5.54%   928 6872s
  1444   885 12864.4031   16  709 13479.9388 12733.4069  5.54%   929 6879s
  1445   886 13212.8202   16  733 13479.9388 12733.4069  5.54%   934 6902s
  1446   886 12893.1376   17  708 13479.9388 12733.4069  5.54%   935 6905s
  1447   887 12950.5928   17  705 13479.9388 12733.4069  5.54%   937 6915s
  1448   888 12906.1512   18  712 13479.9388 12733.4069  5.54%   939 6923s
  1449   888 12921.8488   18  542 13479.9388 12733.4069  5.54%   941 6929s
  1450   889 12925.7227   19  539 13479.9388 12733.4069  5.54%   941 6931s
H 1451   725                    13382.744343 12733.4069  4.85%   940 6937s
H 1451   696                    13380.341425 12733.4069  4.83%   940 6937s
H 1451   652                    13362.841922 12733.4069  4.71%   940 6937s
  1453   653     cutoff   20      13362.8419 12733.4069  4.71%   942 6940s
  1456   655 12937.4131   22  478 13362.8419 12733.4069  4.71%   943 6945s
  1459   657 13047.3472   23  390 13362.8419 12733.4069  4.71%   944 6951s
  1461   658 13029.6125   24  428 13362.8419 12733.4069  4.71%   945 6956s
  1465   661 13067.6215   26  376 13362.8419 12733.4069  4.71%   945 6961s
  1469   664 13035.0781   28  354 13362.8419 12733.4069  4.71%   945 6965s
  1473   666 13105.4019   30  395 13362.8419 12733.4069  4.71%   947 6971s
  1475   668 13098.8017   31  398 13362.8419 12733.4069  4.71%   947 6975s
H 1477   521                    13305.628020 12733.4069  4.30%   946 6978s
H 1477   470                    13287.732946 12733.4069  4.17%   946 6978s
H 1477   450                    13286.503205 12733.4069  4.16%   946 6978s
H 1477   429                    13280.511328 12733.4069  4.12%   946 6978s
H 1477   406                    13276.458920 12733.4069  4.09%   946 6978s
H 1477   399                    13274.681451 12733.4069  4.08%   946 6978s
H 1477   397                    13274.195087 12733.4069  4.07%   946 6978s
H 1477   393                    13272.028279 12733.4069  4.06%   946 6978s
  1479   397 13020.3105   33  366 13272.0283 12733.4069  4.06%   948 6981s
  1483   401 13140.2964   35  309 13272.0283 12733.4069  4.06%   949 6986s
  1488   406 13029.8726   38  334 13272.0283 12733.4069  4.06%   948 6990s
  1493   411 13067.3483   40  331 13272.0283 12733.4069  4.06%   949 6995s
  1501   419 13221.0807   44  293 13272.0283 12733.4069  4.06%   948 7001s
H 1503   416                    13268.858089 12733.4069  4.04%   947 7003s
H 1503   410                    13262.307752 12733.4069  3.99%   947 7003s
H 1503   386                    13251.296405 12733.4069  3.91%   947 7003s
H 1503   381                    13249.415372 12733.4069  3.89%   947 7004s
H 1503   376                    13247.338176 12733.4069  3.88%   947 7004s
H 1503   373                    13245.599895 12733.4069  3.87%   947 7004s
H 1503   370                    13243.346271 12733.4069  3.85%   947 7005s
H 1503   369                    13243.241526 12733.4069  3.85%   947 7005s
H 1503   368                    13243.131373 12733.4069  3.85%   947 7005s
H 1503   368                    13242.930884 12733.4069  3.85%   947 7005s
H 1503   353                    13238.178153 12733.4069  3.81%   947 7005s
  1512   364 13050.9802   50  299 13238.1782 12733.4069  3.81%   944 7010s
  1519   371 13055.2940   53  299 13238.1782 12733.4069  3.81%   944 7015s
H 1529   374                    13235.347677 12733.4069  3.79%   939 7019s
H 1529   357                    13222.773555 12733.4069  3.70%   939 7019s
H 1529   357                    13222.449025 12733.4069  3.70%   939 7019s
H 1529   345                    13217.925301 12733.4069  3.67%   939 7019s
  1530   348 13071.0892   59  250 13217.9253 12733.4069  3.67%   939 7020s
  1543   357     cutoff   65      13217.9253 12733.4069  3.67%   936 7025s
  1554   366 13085.2499   71  232 13217.9253 12733.4069  3.67%   933 7030s
H 1556   344                    13207.233034 12733.4069  3.59%   932 7031s
H 1556   336                    13204.452456 12733.4069  3.57%   932 7034s
H 1556   309                    13195.596739 12733.4069  3.50%   932 7035s
H 1556   308                    13191.063864 12733.4069  3.47%   932 7035s
H 1556   286                    13180.705372 12733.4069  3.39%   932 7035s
H 1556   285                    13180.309612 12733.4069  3.39%   932 7036s
  1561   292 13126.2502   74  156 13180.3096 12733.4069  3.39%   931 7040s
  1576   307 13128.4954   82  178 13180.3096 12733.4069  3.39%   926 7045s
  1582   311 13141.5459   85  177 13180.3096 12733.4069  3.39%   924 7050s
  1599   324 13153.5213   93  154 13180.3096 12733.4069  3.39%   918 7055s
  1614   339 13118.5151  101  148 13180.3096 12733.4069  3.39%   912 7060s
  1634   351 13132.4804  111  141 13180.3096 12733.4069  3.39%   903 7065s
  1661   364 13156.4644  124   89 13180.3096 12733.4069  3.39%   891 7070s
  1679   362 12907.2442   14  690 13180.3096 12761.6678  3.18%   889 7099s
  1680   363 12918.7256   15  724 13180.3096 12761.6678  3.18%   890 7107s
  1681   364 13010.8168   15  666 13180.3096 12761.6678  3.18%   893 7120s
  1682   365 12955.6232   16  682 13180.3096 12761.6678  3.18%   894 7127s
  1683   366 13020.5443   16  696 13180.3096 12761.6678  3.18%   898 7145s
  1684   367 13046.3326   17  702 13180.3096 12761.6678  3.18%   900 7157s
  1685   366     cutoff   17      13180.3096 12761.6678  3.18%   904 7175s
  1686   367 13070.6518   18  723 13180.3096 12761.6678  3.18%   905 7199s
  1687   366     cutoff   18      13180.3096 12761.6678  3.18%   905 7202s
  1690   367 13106.9832   20  715 13180.3096 12761.6678  3.18%   905 7205s
  1691   368 13162.9937   20  718 13180.3096 12761.6678  3.18%   906 7210s
  1693   368     cutoff   21      13180.3096 12761.6678  3.18%   906 7215s
  1695   370 13139.7338   22  676 13180.3096 12761.6678  3.18%   908 7225s
  1698   369 13175.0356   23  668 13180.3096 12761.6678  3.18%   908 7231s
  1703   366     cutoff   24      13180.3096 12761.6678  3.18%   907 7235s
  1704   365     cutoff   14      13180.3096 12887.0468  2.23%   913 7267s
  1705   366 12900.7542   16  754 13180.3096 12887.1180  2.22%   915 7302s
  1706   367 12938.1830   17  764 13180.3096 12887.1180  2.22%   918 7316s
  1707   368 12995.5066   17  762 13180.3096 12887.1180  2.22%   922 7334s
  1708   369 12940.9975   18  768 13180.3096 12887.1180  2.22%   923 7338s
  1709   370 13070.2069   18  742 13180.3096 12887.1180  2.22%   927 7360s
  1711   370 infeasible   19      13180.3096 12887.1180  2.22%   928 7366s
  1712   371 12953.0665   20  673 13180.3096 12887.1180  2.22%   929 7417s
  1713   372 12950.7064   20  719 13180.3096 12887.1180  2.22%   930 7424s
  1714   373 12960.7120   21  635 13180.3096 12887.1180  2.22%   931 7428s
  1715   374 13028.1036   21  572 13180.3096 12887.1180  2.22%   932 7435s
  1717   376 13000.7743   22  525 13180.3096 12887.1180  2.22%   935 7444s
  1718   377 13004.2983   23  523 13180.3096 12887.1180  2.22%   934 7445s
  1719   378 13084.8817   23  438 13180.3096 12887.1180  2.22%   936 7452s
  1721   380 13052.7999   24  487 13180.3096 12887.1180  2.22%   938 7461s
  1723   382 13085.9760   25  426 13180.3096 12887.1180  2.22%   940 7467s
  1725   384 13025.9512   26  470 13180.3096 12887.1180  2.22%   940 7471s
  1728   387 13048.8640   28  434 13180.3096 12887.1180  2.22%   940 7475s
  1732   391 13051.1179   30  376 13180.3096 12887.1180  2.22%   941 7480s
  1736   395 13059.2929   32  334 13180.3096 12887.1180  2.22%   941 7485s
  1738   397 13062.5576   33  333 13180.3096 12887.1180  2.22%   941 7519s
  1739   398 13086.3954   33  296 13180.3096 12887.1180  2.22%   941 7520s
  1747   406 13094.3283   37  293 13180.3096 12887.1180  2.22%   940 7525s
  1757   414 13122.0174   42  270 13180.3096 12887.1180  2.22%   938 7530s
  1761   416 13112.2167   44  281 13180.3096 12887.1180  2.22%   938 7535s
  1771   426 13152.0143   49  223 13180.3096 12887.1180  2.22%   935 7540s
  1785   436 13119.8119   56  208 13180.3096 12887.1180  2.22%   931 7545s
  1801   450 13167.8681   64  178 13180.3096 12887.1180  2.22%   925 7550s
  1814   459 13136.2691   71  160 13180.3096 12887.1180  2.22%   921 7555s
  1834   469 13154.7360   81  128 13180.3096 12887.1180  2.22%   913 7560s
  1879   473     cutoff   16      13180.3096 12892.4858  2.18%   902 7603s
  1880   474 12935.6523   16  745 13180.3096 12892.4917  2.18%   907 7631s
  1881   473     cutoff   17      13180.3096 12892.4917  2.18%   907 7643s
  1882   474 13168.2108   17  744 13180.3096 12892.4917  2.18%   911 7659s
  1885   473 13107.0851   16  781 13180.3096 12906.1517  2.08%   916 7697s
  1888   472 13069.4239   19  671 13180.3096 12906.1518  2.08%   920 7722s
  1889   473 13118.4319   20  658 13180.3096 12906.1518  2.08%   920 7728s
  1890   474 13127.7366   21  570 13180.3096 12906.1518  2.08%   920 7731s
  1892   476 13139.7168   23  580 13180.3096 12906.1518  2.08%   920 7735s
  1898   477 13143.8153   25  546 13180.3096 12906.1518  2.08%   919 7740s
  1905   475 12916.4012   19  688 13180.3096 12906.1642  2.08%   919 7772s
  1906   476 12922.9611   20  704 13180.3096 12906.1642  2.08%   921 7779s
  1907   477 12929.8935   21  602 13180.3096 12906.1642  2.08%   921 7782s
  1908   478 12937.8993   22  597 13180.3096 12906.1642  2.08%   922 7785s
  1911   481 12947.4951   25  589 13180.3096 12906.1642  2.08%   921 7790s
  1913   483 12958.5093   27  500 13180.3096 12906.1642  2.08%   921 7795s
  1918   488 12984.7463   32  450 13180.3096 12906.1642  2.08%   920 7800s
  1926   496 12997.9077   40  408 13180.3096 12906.1642  2.08%   917 7805s
  1937   507 13010.5592   51  374 13180.3096 12906.1642  2.08%   913 7810s
  1945   515 13018.8225   59  348 13180.3096 12906.1642  2.08%   911 7815s
  1955   525 13027.4263   64  346 13180.3096 12906.1642  2.08%   908 7820s
  1966   536 13039.1990   72  319 13180.3096 12906.1642  2.08%   905 7825s
  1976   546 13053.3373   80  266 13180.3096 12906.1642  2.08%   902 7830s
  1992   562 13078.3035   90  244 13180.3096 12906.1642  2.08%   896 7835s
  2016   584 13120.0893  102  177 13180.3096 12906.1642  2.08%   889 7840s
  2061   619 13145.3713  126  116 13180.3096 12906.1642  2.08%   873 7845s
  2091   629 13125.9637   15  784 13180.3096 12906.1650  2.08%   868 7880s
  2095   627 13024.1891   13  847 13180.3096 12911.0201  2.04%   873 7919s
  2096   628 13150.5854   14  785 13180.3096 12911.0201  2.04%   876 7955s
  2097   629 13132.6438   14  826 13180.3096 12911.0201  2.04%   879 7971s
  2102   624     cutoff   13      13180.3096 12911.4565  2.04%   884 8025s
  2103   625 12988.5148   16  757 13180.3096 12911.6840  2.04%   890 8062s
  2104   626 12989.2308   17  736 13180.3096 12911.6840  2.04%   890 8068s
  2105   627 12991.7143   18  717 13180.3096 12911.6840  2.04%   890 8070s
  2107   629 13029.5858   20  640 13180.3096 12911.6840  2.04%   890 8076s
  2108   630 13038.3344   21  635 13180.3096 12911.6840  2.04%   891 8083s
  2109   631 13072.3539   22  570 13180.3096 12911.6840  2.04%   893 8095s
  2111   633 13153.4661   24  507 13180.3096 12911.6840  2.04%   893 8102s
  2114   636 13178.3223   27  413 13180.3096 12911.6840  2.04%   893 8106s
  2119   635     cutoff   29      13180.3096 12911.6840  2.04%   892 8110s
  2122   632     cutoff   16      13180.3096 12916.7165  2.00%   892 8117s
  2123   631     cutoff   20      13180.3096 12922.9640  1.95%   897 8147s
  2124   632 12935.3725   21  679 13180.3096 12929.8959  1.90%   898 8185s
  2125   633 12973.8664   22  682 13180.3096 12929.8959  1.90%   901 8197s
  2127   635 13004.7656   24  628 13180.3096 12929.8959  1.90%   901 8208s
  2129   637 13011.1434   26  477 13180.3096 12929.8959  1.90%   901 8210s
  2130   638 13022.6138   27  471 13180.3096 12929.8959  1.90%   901 8216s
  2139   647 13039.2328   36  422 13180.3096 12929.8959  1.90%   899 8220s
  2150   658 13054.9964   47  360 13180.3096 12929.8959  1.90%   895 8225s
  2161   669 13073.6575   58  373 13180.3096 12929.8959  1.90%   892 8230s
  2177   685 13092.3753   74  295 13180.3096 12929.8959  1.90%   886 8235s
  2195   703 13120.4806   92  214 13180.3096 12929.8959  1.90%   880 8240s
  2230   735     cutoff  127      13180.3096 12929.8959  1.90%   868 8245s
  2251   744 13013.2128   22  550 13180.3096 12935.3752  1.86%   863 8258s
  2253   746 13016.4502   24  548 13180.3096 12935.3752  1.86%   863 8261s
  2255   748 13032.7471   26  448 13180.3096 12935.3752  1.86%   863 8265s
  2262   755 13066.5040   32  360 13180.3096 12935.3752  1.86%   862 8270s
  2269   762 13083.0105   38  319 13180.3096 12935.3752  1.86%   861 8275s
  2283   776 13096.4900   48  283 13180.3096 12935.3752  1.86%   857 8280s
  2301   794 13121.1730   64  230 13180.3096 12935.3752  1.86%   851 8285s
  2325   818 13141.6686   84  216 13180.3096 12935.3752  1.86%   845 8290s
  2356   832 13174.9290   97  165 13180.3096 12935.3752  1.86%   836 8295s
  2362   828 13026.8584   22  659 13180.3096 12936.6323  1.85%   838 8316s
  2365   831 13044.6658   25  622 13180.3096 12936.6323  1.85%   838 8321s
  2367   833 13073.0721   27  527 13180.3096 12936.6323  1.85%   838 8327s
  2369   835 13088.6903   29  343 13180.3096 12936.6323  1.85%   838 8330s
  2377   843 13116.3756   37  303 13180.3096 12936.6323  1.85%   836 8335s
  2386   848     cutoff   45      13180.3096 12936.6323  1.85%   835 8340s
  2400   853 12955.3608   22  526 13180.3096 12936.6933  1.85%   833 8357s
  2402   855 12991.2411   24  446 13180.3096 12936.6933  1.85%   834 8360s
  2410   863 13022.0367   32  408 13180.3096 12936.6933  1.85%   832 8365s
  2422   875 13053.5695   44  327 13180.3096 12936.6933  1.85%   830 8370s
  2440   893 13108.9303   62  240 13180.3096 12936.6933  1.85%   825 8375s
  2458   911 13152.8505   80  181 13180.3096 12936.6933  1.85%   820 8380s
  2476   916 13081.5516   22  400 13180.3096 12937.4278  1.84%   817 8388s
  2480   920 13093.4094   26  374 13180.3096 12937.4278  1.84%   816 8390s
  2497   933 13137.5556   41  325 13180.3096 12937.4278  1.84%   813 8395s
  2507   933 12965.8334   23  498 13180.3096 12937.4803  1.84%   813 8404s
  2508   934 12967.9839   24  476 13180.3096 12937.4803  1.84%   813 8405s
  2512   938 13104.1305   25  357 13180.3096 12937.4803  1.84%   814 8411s
  2514   940 13066.7674   27  415 13180.3096 12937.4803  1.84%   815 8418s
  2515   941 13033.5479   26  361 13180.3096 12937.4803  1.84%   816 8420s
  2520   946 13112.7892   28  371 13180.3096 12937.4803  1.84%   817 8425s
  2527   951     cutoff   32      13180.3096 12937.4803  1.84%   817 8430s
  2538   950 13117.5024   23  386 13180.3096 12937.9683  1.84%   817 8443s
  2543   953     cutoff   28      13180.3096 12937.9683  1.84%   817 8445s
  2548   952 13049.2769   23  466 13180.3096 12941.0249  1.82%   819 8464s
  2549   953 13049.7434   24  500 13180.3096 12941.0249  1.82%   819 8465s
  2552   956 13060.9522   27  442 13180.3096 12941.0249  1.82%   819 8471s
  2554   958 13070.0432   29  411 13180.3096 12941.0249  1.82%   819 8475s
  2565   969 13100.3374   40  345 13180.3096 12941.0249  1.82%   816 8481s
  2570   974 13109.2318   45  292 13180.3096 12941.0249  1.82%   815 8485s
  2595   999 13157.1941   70  220 13180.3096 12941.0249  1.82%   809 8490s
  2608  1004 12985.0821   24  503 13180.3096 12942.5695  1.80%   808 8510s
  2613  1009 13014.5651   29  433 13180.3096 12942.5695  1.80%   807 8515s
  2617  1013 13082.8105   33  373 13180.3096 12942.5695  1.80%   807 8521s
  2622  1018 13095.9819   38  292 13180.3096 12942.5695  1.80%   807 8525s
  2630  1026 13151.0070   46  247 13180.3096 12942.5695  1.80%   805 8530s
H 2635  1024                    13179.021386 12942.5695  1.79%   804 8533s
  2641  1030     cutoff   57      13179.0214 12942.5695  1.79%   802 8535s
  2645  1028 13050.1050   25  492 13179.0214 12947.4994  1.76%   804 8549s
  2646  1029 13057.8932   26  434 13179.0214 12947.4994  1.76%   804 8551s
  2649  1032 13075.9717   29  330 13179.0214 12947.4994  1.76%   804 8555s
  2658  1041 13091.7604   38  253 13179.0214 12947.4994  1.76%   802 8560s
  2676  1059 13119.1132   56  204 13179.0214 12947.4994  1.76%   797 8565s
H 2689  1068                    13178.153648 12947.4994  1.75%   794 8574s
  2689  1070 13146.6761   69  166 13178.1536 12947.4994  1.75%   794 8579s
  2693  1074 13153.0830   73  160 13178.1536 12947.4994  1.75%   793 8580s
  2714  1079 12957.3100   26  588 13178.1536 12950.6302  1.73%   789 8604s
  2715  1080 12996.7941   27  465 13178.1536 12950.6302  1.73%   790 8608s
H 2716  1076                    13176.807394 12950.6302  1.72%   790 8622s
H 2716  1071                    13174.551917 12950.6302  1.70%   790 8622s
H 2716  1065                    13173.675276 12950.6302  1.69%   790 8623s
H 2716  1036                    13167.735830 12950.6302  1.65%   790 8623s
  2716  1038 13005.7886   28  540 13167.7358 12950.6302  1.65%   790 8634s
  2718  1040 13009.1385   30  473 13167.7358 12950.6302  1.65%   790 8635s
  2722  1044 13078.8328   34  375 13167.7358 12950.6302  1.65%   791 8640s
  2734  1056 13119.6288   46  236 13167.7358 12950.6302  1.65%   789 8645s
  2746  1061 12974.2061   18  737 13167.7358 12950.7079  1.65%   790 8670s
  2748  1063 12997.4272   20  695 13167.7358 12950.7079  1.65%   791 8681s
  2750  1065 13009.1055   22  628 13167.7358 12950.7079  1.65%   791 8687s
  2751  1066 13021.3480   23  570 13167.7358 12950.7079  1.65%   791 8693s
  2753  1068 13022.8144   25  540 13167.7358 12950.7079  1.65%   791 8695s
  2757  1072 13039.1394   29  536 13167.7358 12950.7079  1.65%   791 8701s
  2759  1074 13078.9038   31  457 13167.7358 12950.7079  1.65%   792 8706s
  2763  1078 13089.7419   35  380 13167.7358 12950.7079  1.65%   791 8710s
  2770  1084 13117.9127   42  301 13167.7358 12950.7079  1.65%   790 8739s
  2772  1086 13119.9500   44  331 13167.7358 12950.7079  1.65%   790 8740s
  2791  1098 12986.7865   21  770 13167.7358 12950.7127  1.65%   789 8778s
  2792  1099 13009.7792   22  731 13167.7358 12950.7127  1.65%   791 8804s
  2793  1100 13012.2965   23  740 13167.7358 12950.7127  1.65%   791 8807s
  2795  1102 13026.4687   25  699 13167.7358 12950.7127  1.65%   792 8814s
  2796  1103 13029.7302   26  691 13167.7358 12950.7127  1.65%   792 8818s
  2797  1104 13044.0549   27  621 13167.7358 12950.7127  1.65%   792 8845s
  2800  1107 13054.4314   30  479 13167.7358 12950.7127  1.65%   792 8852s
  2803  1110 13059.6237   31  469 13167.7358 12950.7127  1.65%   792 8855s
  2807  1114 13076.3336   35  379 13167.7358 12950.7127  1.65%   791 8860s
  2814  1121 13085.0523   41  380 13167.7358 12950.7127  1.65%   790 8865s
  2824  1131 13092.7524   51  353 13167.7358 12950.7127  1.65%   788 8870s
  2841  1148 13114.2380   65  302 13167.7358 12950.7127  1.65%   785 8875s
  2849  1153     cutoff   69      13167.7358 12950.7127  1.65%   785 8880s
  2851  1155 13121.1911   72  279 13167.7358 12950.7127  1.65%   784 8893s
  2864  1159     cutoff   81      13167.7358 12950.7127  1.65%   781 8895s
  2867  1158 12980.1185   21  772 13167.7358 12951.7268  1.64%   784 8924s
  2868  1159 13001.0325   22  741 13167.7358 12951.7268  1.64%   785 8935s
  2870  1161 13006.7615   24  728 13167.7358 12951.7268  1.64%   785 8941s
  2871  1162 13015.5024   25  685 13167.7358 12951.7268  1.64%   786 8945s
  2873  1164 13035.2203   27  639 13167.7358 12951.7268  1.64%   786 8954s
  2874  1165 13037.4160   28  499 13167.7358 12951.7268  1.64%   786 8955s
H 2878  1163                    13167.131982 12951.7268  1.64%   786 8971s
  2878  1165 13053.3148   32  450 13167.1320 12951.7268  1.64%   786 8979s
  2879  1166 13055.8990   33  415 13167.1320 12951.7268  1.64%   786 8980s
  2891  1178 13079.4204   45  356 13167.1320 12951.7268  1.64%   783 8985s
H 2905  1177                    13164.733007 12951.7268  1.62%   781 8990s
  2905  1179 13113.6046   59  295 13164.7330 12951.7268  1.62%   781 8995s
  2929  1189     cutoff   18      13164.7330 12955.3643  1.59%   775 9000s
  2930  1190 12990.9062   23  514 13164.7330 12957.4803  1.57%   777 9007s
  2931  1191 13008.1180   24  484 13164.7330 12957.4803  1.57%   778 9013s
  2932  1192 13009.7027   25  484 13164.7330 12957.4803  1.57%   777 9035s
H 2933  1191                    13164.569581 12957.4803  1.57%   777 9046s
H 2933  1162                    13161.445120 12957.4803  1.55%   777 9047s
H 2933  1138                    13159.134946 12957.4803  1.53%   777 9048s
  2933  1140 13010.1267   26  474 13159.1349 12957.4803  1.53%   777 9050s
  2941  1148 13044.7765   34  405 13159.1349 12957.4803  1.53%   776 9055s
H 2959  1163                    13159.009192 12957.4803  1.53%   773 9060s
  2983  1188 13123.7715   76  239 13159.0092 12957.4803  1.53%   768 9065s
  3003  1198 13099.0216   27  429 13159.0092 12957.6854  1.53%   765 9082s
  3008  1203 13107.7511   32  425 13159.0092 12957.6854  1.53%   764 9085s
  3013  1206 13120.8970   36  344 13159.0092 12957.6854  1.53%   765 9112s
  3019  1212 13137.5683   42  334 13159.0092 12957.6854  1.53%   764 9115s
  3031  1216 13021.1002   27  467 13159.0092 12958.6858  1.52%   763 9127s
  3032  1217 13030.1329   28  460 13159.0092 12958.6858  1.52%   763 9130s
  3039  1224 13056.0939   31  339 13159.0092 12958.6858  1.52%   763 9135s
  3047  1232 13068.1158   35  368 13159.0092 12958.6858  1.52%   763 9140s
  3051  1236 13108.9685   37  349 13159.0092 12958.6858  1.52%   763 9145s
  3059  1244 13107.1675   41  276 13159.0092 12958.6858  1.52%   763 9150s
  3067  1249 13134.9294   45  280 13159.0092 12958.6858  1.52%   764 9156s
  3078  1254 13065.6494   51  254 13159.0092 12958.6858  1.52%   763 9160s
  3093  1269 13122.1957   58  248 13159.0092 12958.6858  1.52%   762 9165s
  3094  1270 13085.7210   59  244 13159.0092 12958.6858  1.52%   762 9178s
  3099  1271     cutoff   61      13159.0092 12958.6858  1.52%   762 9180s
  3122  1282 13102.0290   73  200 13159.0092 12958.6858  1.52%   758 9192s
  3133  1283 13133.4992   78  226 13159.0092 12958.6858  1.52%   757 9195s
  3149  1291 13119.5683   86  205 13159.0092 12958.6858  1.52%   754 9200s
  3177  1306 13133.6108  101  139 13159.0092 12958.6858  1.52%   749 9208s
  3201  1315 13142.0318  113  123 13159.0092 12958.6858  1.52%   745 9210s
  3204  1318 13149.4381  115  124 13159.0092 12958.6858  1.52%   744 9217s
  3229  1318 13055.6453   28  380 13159.0092 12959.7453  1.51%   741 9229s
  3231  1320 13057.5013   30  365 13159.0092 12959.7453  1.51%   740 9273s
  3235  1324 13092.4289   32  337 13159.0092 12959.7453  1.51%   740 9275s
  3249  1332     cutoff   39      13159.0092 12959.7453  1.51%   739 9280s
  3259  1334 13121.9566   45  300 13159.0092 12959.7453  1.51%   738 9285s
  3278  1335 13062.4809   29  522 13159.0092 12961.7643  1.50%   738 9304s
  3279  1336 13068.7711   30  501 13159.0092 12961.7643  1.50%   738 9307s
  3284  1341 13099.9912   35  420 13159.0092 12961.7643  1.50%   738 9310s
  3295  1351 13119.5655   46  349 13159.0092 12961.7643  1.50%   736 9315s
  3311  1367 13145.2607   62  244 13159.0092 12961.7643  1.50%   733 9320s
  3320  1368 13007.5594   17  725 13159.0092 12961.7759  1.50%   735 9364s
  3321  1369 13038.1817   18  710 13159.0092 12961.7759  1.50%   736 9370s
  3323  1371 13041.9938   20  704 13159.0092 12961.7759  1.50%   736 9375s
  3325  1373 13048.1522   22  676 13159.0092 12961.7759  1.50%   736 9384s
  3326  1374 13051.3684   23  625 13159.0092 12961.7759  1.50%   736 9392s
  3327  1375 13080.9846   24  621 13159.0092 12961.7759  1.50%   737 9400s
  3328  1376 13084.0886   25  525 13159.0092 12961.7759  1.50%   737 9408s
  3329  1377 13094.4069   26  502 13159.0092 12961.7759  1.50%   738 9412s
  3330  1378 13132.0585   27  426 13159.0092 12961.7759  1.50%   738 9420s
  3336  1382     cutoff   33      13159.0092 12961.7759  1.50%   738 9425s
  3342  1380     cutoff   17      13159.0092 12961.9901  1.50%   742 9488s
  3343  1381 12998.1347   23  638 13159.0092 12961.9944  1.50%   744 9592s
H 3344  1378                    13158.921128 12961.9944  1.50%   744 9623s
  3344  1380 13007.2592   24  601 13158.9211 12961.9944  1.50%   744 9625s
  3347  1383 13016.2205   27  555 13158.9211 12961.9944  1.50%   744 9632s
  3349  1385 13026.1444   29  540 13158.9211 12961.9944  1.50%   744 9635s
  3354  1390 13058.3353   34  423 13158.9211 12961.9944  1.50%   744 9640s
  3365  1399 13106.4908   44  334 13158.9211 12961.9944  1.50%   743 9645s
  3380  1412 13140.1455   58  233 13158.9211 12961.9944  1.50%   742 9650s
  3399  1423 13074.8201   23  491 13158.9211 12963.7619  1.48%   741 9670s
  3403  1427 13090.6224   27  420 13158.9211 12963.7619  1.48%   740 9675s
  3412  1436 13107.2347   35  385 13158.9211 12963.7619  1.48%   740 9680s
  3427  1446     cutoff   48      13158.9211 12963.7619  1.48%   738 9685s
  3429  1446 13018.1723   30  422 13158.9211 12964.7012  1.48%   739 9692s
  3434  1451 13087.2017   35  346 13158.9211 12964.7012  1.48%   739 9695s
  3452  1461 13011.8849   31  436 13158.9211 12966.5074  1.46%   738 9705s
  3458  1467 13038.2449   37  326 13158.9211 12966.5074  1.46%   737 9710s
  3482  1491 13085.5372   61  211 13158.9211 12966.5074  1.46%   733 9715s
  3519  1519     cutoff   93      13158.9211 12966.5074  1.46%   727 9720s
  3521  1517     cutoff   16      13158.9211 12966.8234  1.46%   730 9753s
  3522  1516     cutoff   16      13158.9211 12970.7196  1.43%   734 9791s
  3523  1517 13021.6016   22  609 13158.9211 12970.7612  1.43%   736 9813s
  3524  1518 13037.1867   23  564 13158.9211 12970.7612  1.43%   736 9818s
  3526  1520 13041.1288   25  517 13158.9211 12970.7612  1.43%   736 9821s
  3527  1521 13057.9568   26  465 13158.9211 12970.7612  1.43%   736 9825s
  3531  1525 13081.0133   30  350 13158.9211 12970.7612  1.43%   736 9830s
  3533  1527 13109.3671   32  317 13158.9211 12970.7612  1.43%   737 9835s
  3538  1530     cutoff   37      13158.9211 12970.7612  1.43%   737 9840s
  3553  1537 13080.3203   22  496 13158.9211 12971.2911  1.43%   736 9856s
  3556  1540 13093.0863   25  444 13158.9211 12971.2911  1.43%   737 9860s
  3565  1549 13122.1262   34  377 13158.9211 12971.2911  1.43%   736 9865s
  3573  1557 13137.8400   42  362 13158.9211 12971.2911  1.43%   735 9870s
  3592  1566 13157.9384   55  263 13158.9211 12971.2911  1.43%   732 9875s
  3597  1565 13119.7469   21  642 13158.9211 12971.3005  1.43%   734 9908s
  3598  1566 13121.7126   22  625 13158.9211 12971.3005  1.43%   734 9910s
  3600  1568 13140.1664   24  591 13158.9211 12971.3005  1.43%   735 9916s
  3604  1566 13133.0497   23  570 13158.9211 12971.3005  1.43%   735 9921s
  3608  1568 13156.0214   26  546 13158.9211 12971.3005  1.43%   735 9926s
  3613  1568 13153.2756   27  514 13158.9211 12971.3005  1.43%   735 9930s
  3618  1565     cutoff   21      13158.9211 12972.3947  1.42%   738 9974s
  3619  1566 12991.3292   27  461 13158.9211 12973.8696  1.41%   739 9979s
  3621  1568 12997.5733   29  448 13158.9211 12973.8696  1.41%   739 9980s
  3628  1575 13026.7882   36  389 13158.9211 12973.8696  1.41%   738 9985s
  3651  1598 13091.7380   59  245 13158.9211 12973.8696  1.41%   735 9990s
  3686  1615     cutoff   82      13158.9211 12973.8696  1.41%   730 9995s
  3688  1615 13021.8803   23  703 13158.9211 12974.2581  1.40%   731 10011s
  3689  1616 13028.1272   24  692 13158.9211 12974.2581  1.40%   732 10016s
  3691  1618 13034.0048   26  636 13158.9211 12974.2581  1.40%   732 10022s
  3693  1620 13049.3993   28  629 13158.9211 12974.2581  1.40%   733 10046s
  3695  1622 13056.0984   30  426 13158.9211 12974.2581  1.40%   733 10051s
  3699  1626 13063.9761   34  394 13158.9211 12974.2581  1.40%   732 10055s
  3718  1645 13112.5866   53  348 13158.9211 12974.2581  1.40%   730 10060s
  3733  1650 13054.9863   20  642 13158.9211 12976.2682  1.39%   729 10080s
  3734  1651 13080.5598   21  613 13158.9211 12976.2682  1.39%   730 10088s
  3736  1653 13097.1971   23  545 13158.9211 12976.2682  1.39%   730 10095s
  3738  1655 13151.7303   25  418 13158.9211 12976.2682  1.39%   730 10101s
  3745  1655 13016.3335   24  677 13158.9211 12980.1241  1.36%   731 10119s
  3746  1656 13020.9709   25  653 13158.9211 12980.1241  1.36%   731 10121s
  3747  1657 13111.8198   25  582 13158.9211 12980.1241  1.36%   732 10126s
  3749  1659 13099.4654   26  541 13158.9211 12980.1241  1.36%   732 10130s
  3751  1661 13036.4885   27  602 13158.9211 12980.1241  1.36%   732 10135s
  3755  1665 13121.8355   29  428 13158.9211 12980.1241  1.36%   733 10140s
  3761  1671 13047.9726   32  478 13158.9211 12980.1241  1.36%   732 10145s
  3763  1673 13110.5520   33  519 13158.9211 12980.1241  1.36%   733 10152s
  3765  1675 13104.6216   34  405 13158.9211 12980.1241  1.36%   734 10155s
  3769  1677 13110.2065   36  403 13158.9211 12980.1241  1.36%   734 10160s
  3775  1681     cutoff   39      13158.9211 12980.1241  1.36%   734 10166s
  3780  1686 13054.7577   42  411 13158.9211 12980.1241  1.36%   734 10170s
  3783  1689 13093.7314   43  398 13158.9211 12980.1241  1.36%   735 10179s
  3784  1690 13055.8480   44  404 13158.9211 12980.1241  1.36%   734 10180s
  3786  1690 13058.9830   45  385 13158.9211 12980.1241  1.36%   735 10185s
  3790  1694 13061.3456   47  377 13158.9211 12980.1241  1.36%   735 10190s
  3791  1695 13129.6769   47  356 13158.9211 12980.1241  1.36%   735 10195s
  3793  1697 13142.2323   48  275 13158.9211 12980.1241  1.36%   736 10202s
  3799  1701 13115.2789   51  324 13158.9211 12980.1241  1.36%   735 10206s
  3801  1703 13097.5527   52  369 13158.9211 12980.1241  1.36%   735 10211s
  3805  1705     cutoff   54      13158.9211 12980.1241  1.36%   735 10216s
  3809  1709 13087.5984   56  322 13158.9211 12980.1241  1.36%   735 10220s
  3813  1713 13117.5146   58  330 13158.9211 12980.1241  1.36%   735 10225s
  3819  1719 13097.2594   61  325 13158.9211 12980.1241  1.36%   735 10230s
  3823  1723 13134.2159   63  336 13158.9211 12980.1241  1.36%   735 10235s
  3827  1727 13104.4726   65  261 13158.9211 12980.1241  1.36%   735 10240s
  3835  1731     cutoff   69      13158.9211 12980.1241  1.36%   734 10246s
  3844  1738 13105.0881   74  229 13158.9211 12980.1241  1.36%   733 10250s
  3854  1740 13108.1747   79  211 13158.9211 12980.1241  1.36%   732 10255s
  3858  1742 13121.5654   81  190 13158.9211 12980.1241  1.36%   732 10267s
  3865  1745     cutoff   84      13158.9211 12980.1241  1.36%   732 10270s
  3886  1750 13146.0931   95  142 13158.9211 12980.1241  1.36%   728 10275s
  3890  1748 13044.9358   22  707 13158.9211 12983.5338  1.33%   729 10299s
  3891  1749 13072.5254   23  652 13158.9211 12983.5338  1.33%   730 10307s
  3892  1750 13077.4996   24  594 13158.9211 12983.5338  1.33%   730 10310s
  3894  1752 13082.2128   26  568 13158.9211 12983.5338  1.33%   730 10315s
  3896  1754 13095.0842   28  502 13158.9211 12983.5338  1.33%   730 10320s
  3902  1760 13112.2968   34  361 13158.9211 12983.5338  1.33%   729 10325s
  3915  1773 13128.3451   47  333 13158.9211 12983.5338  1.33%   728 10330s
  3920  1777 13150.9898   52  294 13158.9211 12983.5338  1.33%   727 10335s
  3928  1777 13066.7116   32  370 13158.9211 12984.7658  1.32%   727 10344s
  3931  1780 13072.0764   35  335 13158.9211 12984.7658  1.32%   726 10345s
  3933  1782 13077.6722   37  333 13158.9211 12984.7658  1.32%   726 10369s
  3934  1783 13079.7809   38  327 13158.9211 12984.7658  1.32%   726 10370s
  3954  1795     cutoff   55      13158.9211 12984.7658  1.32%   724 10375s
  3972  1803 13056.5912   33  426 13158.9211 12986.0718  1.31%   723 10386s
  3980  1811 13101.1792   41  326 13158.9211 12986.0718  1.31%   722 10390s
  3991  1822 13119.2154   52  283 13158.9211 12986.0718  1.31%   721 10398s
  3994  1825 13123.7808   55  270 13158.9211 12986.0718  1.31%   720 10400s
  4019  1838 13158.5317   73  192 13158.9211 12986.0718  1.31%   717 10405s
  4021  1836     cutoff   34      13158.9211 12986.1013  1.31%   718 10415s
  4022  1837 13067.9399   24  420 13158.9211 12986.5880  1.31%   719 10425s
  4025  1840 13103.1753   27  352 13158.9211 12986.5880  1.31%   719 10431s
  4032  1847 13124.6495   34  309 13158.9211 12986.5880  1.31%   718 10435s
  4044  1855 13150.7892   43  260 13158.9211 12986.5880  1.31%   717 10440s
  4048  1853 13060.9594   35  376 13158.9211 12986.7722  1.31%   717 10452s
  4051  1856 13085.1049   38  333 13158.9211 12986.7722  1.31%   717 10455s
  4055  1858 13133.4929   41  245 13158.9211 12986.7722  1.31%   717 10460s
  4070  1869 13150.5111   53  241 13158.9211 12986.7722  1.31%   715 10465s
  4085  1872 13068.0013   18  740 13158.9211 12986.8023  1.31%   716 10520s
  4086  1872 13101.1636   19  774 13158.9211 12986.8023  1.31%   716 10536s
  4087  1873 13101.3396   20  763 13158.9211 12986.8023  1.31%   716 10541s
  4089  1875 13125.5071   22  738 13158.9211 12986.8023  1.31%   716 10548s
  4091  1877 13145.0605   24  592 13158.9211 12986.8023  1.31%   717 10555s
  4094  1874     cutoff   24      13158.9211 12986.8023  1.31%   717 10565s
  4096  1872     cutoff   18      13158.9211 12986.9342  1.31%   717 10571s
  4097  1873 13050.8645   22  718 13158.9211 12987.1544  1.31%   719 10593s
  4098  1874 13080.0764   23  648 13158.9211 12987.1544  1.31%   719 10604s
  4099  1875 13082.6521   24  635 13158.9211 12987.1544  1.31%   719 10605s
  4103  1879 13097.4329   28  427 13158.9211 12987.1544  1.31%   719 10610s
  4108  1884 13109.9118   32  400 13158.9211 12987.1544  1.31%   719 10615s
  4118  1892 13124.9834   39  371 13158.9211 12987.1544  1.31%   718 10621s
  4122  1896 13139.2940   41  330 13158.9211 12987.1544  1.31%   718 10626s
  4129  1895 13151.7497   25  374 13158.9211 12987.2185  1.30%   719 10643s
  4132  1894 13049.5380   36  388 13158.9211 12987.6087  1.30%   719 10652s
  4137  1899 13070.0487   41  338 13158.9211 12987.6087  1.30%   719 10655s
  4146  1908 13102.6098   50  288 13158.9211 12987.6087  1.30%   718 10660s
  4164  1926 13129.6697   68  201 13158.9211 12987.6087  1.30%   715 10665s
  4177  1932 13071.3107   26  378 13158.9211 12988.3876  1.30%   715 10685s
  4179  1934 13074.0375   28  334 13158.9211 12988.3876  1.30%   715 10690s
  4182  1935     cutoff   31      13158.9211 12988.3876  1.30%   715 10698s
  4184  1937 13089.2028   32  312 13158.9211 12988.3876  1.30%   715 10700s
  4191  1944 13105.4015   39  261 13158.9211 12988.3876  1.30%   714 10705s
  4206  1959 13132.7686   54  221 13158.9211 12988.3876  1.30%   712 10710s
  4227  1970 13044.6993   28  415 13158.9211 12988.4700  1.30%   710 10723s
  4228  1971 13049.3339   29  402 13158.9211 12988.4700  1.30%   710 10725s
  4238  1981 13098.1147   39  300 13158.9211 12988.4700  1.30%   710 10730s
  4257  2000 13144.6038   58  192 13158.9211 12988.4700  1.30%   707 10735s
  4266  2001 13113.4373   28  356 13158.9211 12988.5438  1.29%   707 10743s
  4268  2003 13116.6424   30  336 13158.9211 12988.5438  1.29%   707 10745s
  4284  2018 13144.5765   46  240 13158.9211 12988.5438  1.29%   705 10750s
  4294  2014     cutoff   18      13158.9211 12989.2834  1.29%   705 10763s
  4295  2015 13040.6812   37  379 13158.9211 12991.2993  1.27%   706 10767s
  4306  2026 13077.9665   48  267 13158.9211 12991.2993  1.27%   704 10770s
  4333  2052 13133.4785   75  153 13158.9211 12991.2993  1.27%   701 10775s
  4361  2061 13033.6207   38  370 13158.9211 12991.4050  1.27%   698 10780s
  4370  2066 13070.7448   44  284 13158.9211 12991.4050  1.27%   697 10785s
  4388  2074 13026.4611   28  379 13158.9211 12991.5594  1.27%   696 10792s
  4392  2078 13112.3540   30  334 13158.9211 12991.5594  1.27%   697 10795s
  4400  2086 13083.8078   34  344 13158.9211 12991.5594  1.27%   697 10800s
  4421  2105 13093.8719   45  225 13158.9211 12991.5594  1.27%   696 10805s
  4456  2129 13146.6298   62  141 13158.9211 12991.5594  1.27%   693 10810s
  4468  2129 13065.5620   24  466 13158.9211 12991.7208  1.27%   692 10815s
  4479  2138     cutoff   33      13158.9211 12991.7208  1.27%   692 10820s
  4493  2144 13091.5711   19  740 13158.9211 12991.7742  1.27%   692 10842s
  4495  2144 13123.7973   20  793 13158.9211 12991.7742  1.27%   693 10861s
  4496  2145 13145.0887   21  757 13158.9211 12991.7742  1.27%   693 10867s
  4497  2144     cutoff   21      13158.9211 12991.7742  1.27%   694 10875s
  4499  2143 13146.6931   22  759 13158.9211 12991.7742  1.27%   694 10881s
  4501  2143     cutoff   24      13158.9211 12991.7742  1.27%   694 10887s
  4502  2142     cutoff   24      13158.9211 12991.7742  1.27%   695 10895s
  4503  2143 13095.7337   25  364 13158.9211 12992.1172  1.27%   695 10905s
  4509  2149 13116.9175   31  290 13158.9211 12992.1172  1.27%   695 10910s
  4523  2160 13155.7029   44  268 13158.9211 12992.1172  1.27%   694 10925s
  4526  2159 13065.3597   29  368 13158.9211 12992.1826  1.27%   694 10932s
  4529  2162 13075.6309   32  354 13158.9211 12992.1826  1.27%   694 10935s
  4546  2179 13129.0017   49  235 13158.9211 12992.1826  1.27%   692 10940s
  4563  2188 13016.4023   27  429 13158.9211 12995.0248  1.25%   691 10951s
  4569  2194 13090.2798   33  334 13158.9211 12995.0248  1.25%   690 10955s
  4572  2197 13108.4446   36  272 13158.9211 12995.0248  1.25%   690 10960s
  4595  2202 13079.4939   39  325 13158.9211 12995.5067  1.24%   689 10968s
  4598  2205 13096.5598   42  268 13158.9211 12995.5067  1.24%   689 10970s
  4619  2218 13004.0059   18  799 13158.9211 12995.5301  1.24%   688 11008s
  4620  2219 13009.6842   19  759 13158.9211 12995.5301  1.24%   688 11029s
  4621  2220 13010.8845   20  750 13158.9211 12995.5301  1.24%   689 11032s
  4622  2221 13027.4934   21  699 13158.9211 12995.5301  1.24%   689 11038s
  4623  2222 13031.2344   22  704 13158.9211 12995.5301  1.24%   689 11042s
  4624  2223 13043.1164   23  607 13158.9211 12995.5301  1.24%   690 11049s
  4625  2224 13046.5291   24  615 13158.9211 12995.5301  1.24%   690 11051s
  4628  2227 13058.2121   27  584 13158.9211 12995.5301  1.24%   690 11055s
  4634  2233 13083.6928   33  472 13158.9211 12995.5301  1.24%   690 11060s
  4637  2236 13098.2618   36  443 13158.9211 12995.5301  1.24%   690 11065s
  4644  2242 13121.2783   43  354 13158.9211 12995.5301  1.24%   690 11070s
  4658  2248     cutoff   53      13158.9211 12995.5301  1.24%   689 11075s
  4663  2247 13068.8181   18  567 13158.9211 12996.2136  1.24%   690 11092s
  4664  2248 13071.0358   19  550 13158.9211 12996.2136  1.24%   690 11095s
  4669  2253 13091.5250   24  509 13158.9211 12996.2136  1.24%   690 11101s
  4674  2258 13120.4993   29  383 13158.9211 12996.2136  1.24%   690 11105s
  4690  2264 13076.6824   40  346 13158.9211 12996.8032  1.23%   690 11112s
  4703  2277 13138.5563   53  224 13158.9211 12996.8032  1.23%   688 11115s
  4714  2279 13008.4631   28  492 13158.9211 12996.8223  1.23%   688 11126s
  4719  2284 13028.7134   33  390 13158.9211 12996.8223  1.23%   688 11130s
  4757  2321 13116.5943   71  170 13158.9211 12996.8223  1.23%   684 11135s
  4789  2342 13095.1395   26  372 13158.9211 12997.4296  1.23%   681 11142s
  4800  2353 13121.4073   37  264 13158.9211 12997.4296  1.23%   680 11145s
  4835  2370     cutoff   21      13158.9211 12997.5764  1.23%   677 11150s
  4836  2371 13006.8903   30  451 13158.9211 12997.9786  1.22%   677 11157s
  4842  2377 13030.4982   36  408 13158.9211 12997.9786  1.22%   677 11160s
  4852  2387 13136.1247   46  313 13158.9211 12997.9786  1.22%   677 11165s
  4858  2385 13084.3003   41  356 13158.9211 12998.1375  1.22%   678 11172s
  4870  2397 13115.0891   53  229 13158.9211 12998.1375  1.22%   677 11175s
  4901  2414 13013.1429   24  605 13158.9211 12998.4974  1.22%   675 11196s
  4903  2416 13030.5237   26  545 13158.9211 12998.4974  1.22%   676 11202s
  4905  2418 13035.0594   28  499 13158.9211 12998.4974  1.22%   676 11205s
  4909  2422 13059.5507   32  445 13158.9211 12998.4974  1.22%   677 11210s
  4926  2439 13087.8613   49  335 13158.9211 12998.4974  1.22%   675 11215s
  4955  2468 13126.1439   78  245 13158.9211 12998.4974  1.22%   673 11220s
  4982  2482 13152.2501   27  343 13158.9211 12999.3075  1.21%   671 11226s
  4989  2481 13097.8174   42  419 13158.9211 12999.9681  1.21%   671 11233s
  4991  2483 13114.4635   44  364 13158.9211 12999.9681  1.21%   671 11236s
  5005  2485 13035.2485   28  414 13158.9211 12999.9965  1.21%   671 11244s
  5006  2486 13038.8504   29  393 13158.9211 12999.9965  1.21%   671 11246s
  5034  2514 13092.4461   57  278 13158.9211 12999.9965  1.21%   668 11265s
  5084  2553 13054.5925   22  726 13158.9211 13001.0406  1.20%   665 11301s
  5085  2554 13057.5558   23  710 13158.9211 13001.0406  1.20%   665 11305s
  5088  2557 13155.5001   24  584 13158.9211 13001.0406  1.20%   666 11315s
  5090  2559 13154.3591   25  617 13158.9211 13001.0406  1.20%   667 11324s
  5091  2560 13080.5673   26  669 13158.9211 13001.0406  1.20%   667 11326s
  5092  2561 13085.3058   26  647 13158.9211 13001.0406  1.20%   667 11330s
  5093  2562 13103.7135   27  616 13158.9211 13001.0406  1.20%   668 11338s
  5094  2563 13109.3589   27  426 13158.9211 13001.0406  1.20%   668 11340s
  5101  2566 13125.1402   31  378 13158.9211 13001.0406  1.20%   668 11393s
  5111  2568 13140.4596   36  354 13158.9211 13001.0406  1.20%   667 11395s
  5119  2568 13113.7180   23  609 13158.9211 13001.6942  1.19%   668 11414s
  5120  2569 13116.1729   24  479 13158.9211 13001.6942  1.19%   668 11416s
  5127  2576 13150.3377   31  382 13158.9211 13001.6942  1.19%   668 11420s
  5142  2577 13060.7647   43  391 13158.9211 13003.0774  1.18%   668 11431s
  5156  2591 13129.5753   57  181 13158.9211 13003.0774  1.18%   667 11435s
  5175  2597 13097.0922   24  658 13158.9211 13004.0117  1.18%   667 11457s
  5176  2598 13100.3835   25  626 13158.9211 13004.0117  1.18%   667 11462s
  5180  2602 13105.4686   29  486 13158.9211 13004.0117  1.18%   667 11465s
  5193  2614 13126.2296   42  287 13158.9211 13004.0117  1.18%   666 11470s
  5218  2633 13148.0374   62  238 13158.9211 13004.0117  1.18%   664 11475s
  5232  2631 13069.6957   44  415 13158.9211 13005.5434  1.17%   663 11483s
  5235  2634 13084.3619   47  363 13158.9211 13005.5434  1.17%   663 11485s
  5265  2662 13150.7273   76  220 13158.9211 13005.5434  1.17%   661 11490s
  5271  2660 13101.3755   25  524 13158.9211 13005.7989  1.16%   661 11504s
  5272  2661 13101.4727   26  606 13158.9211 13005.7989  1.16%   661 11505s
  5281  2670 13118.4292   35  355 13158.9211 13005.7989  1.16%   661 11510s
  5306  2695 13144.8152   60  241 13158.9211 13005.7989  1.16%   659 11515s
  5321  2698 13026.8538   29  456 13158.9211 13006.6720  1.16%   658 11523s
  5322  2699 13033.2093   30  440 13158.9211 13006.6720  1.16%   658 11526s
  5331  2708 13054.2979   39  344 13158.9211 13006.6720  1.16%   658 11530s
  5352  2729 13098.2748   60  255 13158.9211 13006.6720  1.16%   656 11535s
  5412  2772 13082.4228   28  367 13158.9211 13006.7647  1.16%   651 11546s
  5433  2787 13138.2429   44  258 13158.9211 13006.7647  1.16%   649 11550s
  5448  2790 13040.5572   25  684 13158.9211 13006.8232  1.16%   649 11569s
  5449  2791 13073.7262   26  445 13158.9211 13006.8232  1.16%   649 11577s
  5450  2792 13096.2902   27  431 13158.9211 13006.8232  1.16%   650 11581s
  5456  2796 13086.7161   31  421 13158.9211 13006.8232  1.16%   650 11585s
  5464  2802 13156.0022   33  299 13158.9211 13006.8232  1.16%   650 11590s
  5476  2800 13097.9666   45  327 13158.9211 13006.9261  1.16%   650 11598s
  5477  2801 13099.8800   46  338 13158.9211 13006.9261  1.16%   650 11610s
  5496  2802     cutoff   53      13158.9211 13006.9261  1.16%   649 11615s
  5498  2802 13042.5321   31  445 13158.9211 13007.1185  1.15%   650 11621s
  5501  2805 13077.3608   34  412 13158.9211 13007.1185  1.15%   650 11625s
  5530  2833 13144.3750   63  224 13158.9211 13007.1185  1.15%   648 11630s
  5538  2833 13067.1143   46  356 13158.9211 13007.1752  1.15%   648 11635s
  5555  2846 13145.0249   61  221 13158.9211 13007.1752  1.15%   647 11640s
  5561  2844 13037.5170   29  418 13158.9211 13007.4509  1.15%   647 11648s
  5564  2847 13050.0533   32  332 13158.9211 13007.4509  1.15%   647 11650s
  5593  2875 13113.5016   61  219 13158.9211 13007.4509  1.15%   645 11655s
  5628  2898 13113.8563   47  328 13158.9211 13007.5640  1.15%   642 11662s
  5633  2903 13135.4654   52  283 13158.9211 13007.5640  1.15%   642 11665s
  5645  2907 13102.6779   18  695 13158.9211 13007.8204  1.15%   643 11694s
  5646  2908 13106.5101   19  683 13158.9211 13007.8204  1.15%   643 11702s
  5647  2909 13138.0663   20  657 13158.9211 13007.8204  1.15%   644 11710s
  5650  2912 13145.0146   23  654 13158.9211 13007.8204  1.15%   644 11716s
  5653  2915 13152.4753   26  521 13158.9211 13007.8204  1.15%   644 11720s
  5660  2914 13107.4349   26  623 13158.9211 13008.2437  1.15%   645 11744s
  5661  2915 13113.0536   27  580 13158.9211 13008.2437  1.15%   645 11746s
  5668  2922 13133.8605   34  512 13158.9211 13008.2437  1.15%   645 11751s
  5670  2924 13147.1856   36  422 13158.9211 13008.2437  1.15%   645 11756s
  5682  2926 13112.6992   48  312 13158.9211 13008.4312  1.14%   645 11772s
  5693  2926 13089.0385   25  492 13158.9211 13008.4641  1.14%   645 11788s
  5694  2927 13090.9074   26  471 13158.9211 13008.4641  1.14%   645 11792s
  5697  2930 13102.5831   29  387 13158.9211 13008.4641  1.14%   645 11795s
  5715  2946     cutoff   47      13158.9211 13008.4641  1.14%   644 11800s
  5732  2955 13026.2065   29  473 13158.9211 13008.6647  1.14%   643 11809s
  5733  2956 13030.5795   30  434 13158.9211 13008.6647  1.14%   643 11810s
  5741  2964 13045.7721   34  349 13158.9211 13008.6647  1.14%   644 11815s
  5754  2977 13103.4264   40  262 13158.9211 13008.6647  1.14%   644 11820s
  5778  2999 13135.8038   52  241 13158.9211 13008.6647  1.14%   642 11825s
  5808  3017 13119.4507   67  246 13158.9211 13008.6647  1.14%   641 11830s
  5838  3036     cutoff   82      13158.9211 13008.6647  1.14%   639 11835s
  5902  3051 13039.6180   31  365 13158.9211 13008.9783  1.14%   635 11843s
  5907  3056 13061.1039   36  305 13158.9211 13008.9783  1.14%   635 11845s
  5929  3063 13087.6840   30  384 13158.9211 13009.0431  1.14%   634 11854s
  5931  3065 13102.0793   32  356 13158.9211 13009.0431  1.14%   634 11855s
  5959  3081 13065.1094   34  388 13158.9211 13009.1381  1.14%   632 11864s
  5964  3084 13096.0482   37  337 13158.9211 13009.1381  1.14%   632 11865s
  5975  3093 13124.3839   39  268 13158.9211 13009.1381  1.14%   632 11870s
  5985  3099 13124.1755   43  258 13158.9211 13009.1381  1.14%   632 11876s
  6007  3103 13152.9359   55  179 13158.9211 13009.1381  1.14%   631 11880s
  6011  3101 13050.2788   23  494 13158.9211 13009.1824  1.14%   632 11889s
  6013  3103 13058.6991   25  458 13158.9211 13009.1824  1.14%   631 11890s
  6017  3107 13098.5978   29  413 13158.9211 13009.1824  1.14%   632 11895s
  6029  3119 13134.0024   41  359 13158.9211 13009.1824  1.14%   631 11900s
  6044  3126 13046.4958   49  388 13158.9211 13009.2126  1.14%   630 11906s
  6049  3131 13100.8954   54  276 13158.9211 13009.2126  1.14%   630 11910s
  6089  3156 13031.9015   31  497 13158.9211 13009.4061  1.14%   628 11921s
  6091  3158 13043.4904   33  449 13158.9211 13009.4061  1.14%   628 11949s
  6092  3159 13044.4930   34  455 13158.9211 13009.4061  1.14%   628 11950s
  6098  3165 13063.9656   40  363 13158.9211 13009.4061  1.14%   628 11955s
  6129  3195 13118.0314   71  217 13158.9211 13009.4061  1.14%   626 11960s
  6173  3217 13069.2994   32  408 13158.9211 13009.6954  1.13%   623 11971s
  6208  3252 13132.7094   66  241 13158.9211 13009.6954  1.13%   620 11975s
  6221  3255 13051.8867   34  410 13158.9211 13009.7048  1.13%   620 11982s
  6228  3262 13096.8392   41  323 13158.9211 13009.7048  1.13%   619 11985s
  6250  3271 13137.5511   52  250 13158.9211 13009.7048  1.13%   618 11990s
  6267  3272 13143.6814   26  391 13158.9211 13009.7765  1.13%   618 12000s
  6276  3271 13119.1070   23  632 13158.9211 13010.1460  1.13%   618 12024s
  6277  3272 13121.6081   24  585 13158.9211 13010.1460  1.13%   619 12027s
  6281  3274 13135.7245   27  447 13158.9211 13010.1460  1.13%   618 12030s
  6288  3275 13143.8175   29  408 13158.9211 13010.1460  1.13%   619 12035s
  6295  3274 13136.9871   27  482 13158.9211 13010.2902  1.13%   619 12046s
  6300  3273 13121.3667   20  544 13158.9211 13010.3032  1.13%   621 12068s
  6301  3274 13151.2688   21  534 13158.9211 13010.3032  1.13%   621 12070s
  6307  3272 13111.8917   20  616 13158.9211 13010.3779  1.13%   622 12102s
  6308  3272 13153.6927   21  611 13158.9211 13010.3779  1.13%   622 12111s
  6312  3270     cutoff   21      13158.9211 13010.3779  1.13%   623 12125s
  6313  3271 13153.2103   51  354 13158.9211 13010.6303  1.13%   624 12131s
  6318  3270 13068.6073   52  354 13158.9211 13010.8753  1.13%   624 12135s
  6345  3291     cutoff   77      13158.9211 13010.8753  1.13%   622 12140s
  6348  3290 13061.1192   26  436 13158.9211 13010.8868  1.12%   622 12149s
  6349  3291 13064.8645   27  423 13158.9211 13010.8868  1.12%   622 12150s
  6361  3303 13111.1800   38  338 13158.9211 13010.8868  1.12%   622 12155s
  6397  3338 13149.6199   72  174 13158.9211 13010.8868  1.12%   620 12160s
  6403  3337 13054.3339   27  498 13158.9211 13010.8876  1.12%   621 12172s
  6406  3340 13064.2513   30  462 13158.9211 13010.8876  1.12%   621 12176s
  6410  3344 13078.7070   34  426 13158.9211 13010.8876  1.12%   621 12180s
  6428  3362 13113.7116   52  260 13158.9211 13010.8876  1.12%   619 12185s
  6449  3383 13147.4590   73  167 13158.9211 13010.8876  1.12%   618 12190s
  6460  3382 13084.8599   27  409 13158.9211 13010.9233  1.12%   618 12200s
  6478  3400 13142.6298   45  285 13158.9211 13010.9233  1.12%   617 12205s
  6487  3401 13084.8469   21  697 13158.9211 13011.0787  1.12%   618 12232s
  6488  3402 13109.9411   22  637 13158.9211 13011.0787  1.12%   619 12261s
  6489  3403 13142.2720   23  613 13158.9211 13011.0787  1.12%   620 12265s
  6491  3401     cutoff   24      13158.9211 13011.0787  1.12%   620 12272s
  6493  3403 13133.1460   24  501 13158.9211 13011.0787  1.12%   621 12277s
  6497  3407 13153.2249   28  465 13158.9211 13011.0787  1.12%   621 12281s
  6503  3407 13146.8760   29  451 13158.9211 13011.0787  1.12%   620 12285s
  6513  3405     cutoff   32      13158.9211 13011.0787  1.12%   620 12290s
  6516  3404 13029.1501   27  477 13158.9211 13011.2630  1.12%   621 12301s
  6525  3413 13048.2567   36  399 13158.9211 13011.2630  1.12%   620 12305s
  6538  3426 13074.7378   49  349 13158.9211 13011.2630  1.12%   620 12310s
  6567  3454 13119.9528   78  215 13158.9211 13011.2630  1.12%   618 12315s
  6617  3486 13095.3590   28  417 13158.9211 13011.5326  1.12%   614 12325s
  6630  3498 13140.8094   41  287 13158.9211 13011.5326  1.12%   614 12330s
  6644  3504 13037.8763   25  455 13158.9211 13011.9400  1.12%   613 12335s
  6657  3517 13105.5372   38  283 13158.9211 13011.9400  1.12%   613 12340s
  6671  3522 13096.8996   32  304 13158.9211 13012.0708  1.12%   613 12346s
  6695  3536 13030.5827   33  413 13158.9211 13012.3491  1.11%   611 12353s
  6700  3541 13042.0186   38  366 13158.9211 13012.3491  1.11%   611 12355s
  6729  3570 13091.4849   67  252 13158.9211 13012.3491  1.11%   609 12360s
  6794  3616 13113.1122   24  678 13158.9211 13012.5201  1.11%   605 12387s
  6795  3617 13117.5782   25  633 13158.9211 13012.5201  1.11%   605 12392s
  6796  3618 13122.4114   26  587 13158.9211 13012.5201  1.11%   606 12396s
  6800  3622 13136.7468   30  406 13158.9211 13012.5201  1.11%   606 12400s
  6807  3623     cutoff   35      13158.9211 13012.5201  1.11%   606 12405s
  6809  3623 13091.7997   27  467 13158.9211 13013.1486  1.11%   607 12420s
  6813  3626 13104.2299   31  389 13158.9211 13013.1486  1.11%   607 12425s
  6836  3649 13133.1950   54  260 13158.9211 13013.1486  1.11%   605 12431s
  6859  3664 13085.5065   25  540 13158.9211 13013.2373  1.11%   605 12448s
  6860  3665 13089.5674   26  483 13158.9211 13013.2373  1.11%   605 12451s
  6863  3668 13103.9366   29  331 13158.9211 13013.2373  1.11%   605 12455s
  6869  3674 13145.2961   35  260 13158.9211 13013.2373  1.11%   605 12460s
  6889  3670     cutoff   35      13158.9211 13013.2373  1.11%   604 12465s
  6890  3671 13076.5580   23  464 13158.9211 13013.3219  1.11%   605 12475s
  6892  3673 13107.4221   25  403 13158.9211 13013.3219  1.11%   606 12480s
  6906  3680 13071.6631   18  672 13158.9211 13013.4231  1.11%   607 12521s
  6907  3681 13073.8676   19  664 13158.9211 13013.4231  1.11%   607 12525s
  6909  3683 13081.9915   21  662 13158.9211 13013.4231  1.11%   607 12531s
  6910  3684 13089.1962   22  599 13158.9211 13013.4231  1.11%   607 12536s
  6912  3686 13108.5301   24  508 13158.9211 13013.4231  1.11%   608 12542s
  6913  3687 13132.4014   25  467 13158.9211 13013.4231  1.11%   608 12547s
  6915  3689 13151.3809   27  396 13158.9211 13013.4231  1.11%   608 12550s
  6923  3687 13100.9324   24  479 13158.9211 13014.3635  1.10%   609 12568s
  6925  3689 13107.1026   26  372 13158.9211 13014.3635  1.10%   609 12570s
  6933  3697 13137.5980   34  301 13158.9211 13014.3635  1.10%   608 12594s
  6935  3697 13138.8259   35  305 13158.9211 13014.3635  1.10%   608 12595s
  6949  3701 13041.5407   29  451 13158.9211 13014.3645  1.10%   608 12602s
  6960  3712 13068.7410   40  395 13158.9211 13014.3645  1.10%   607 12605s
  6979  3731 13097.7082   59  288 13158.9211 13014.3645  1.10%   606 12610s
  6985  3737 13106.3878   65  239 13158.9211 13014.3645  1.10%   606 12615s
  7022  3758 13140.8159   54  344 13158.9211 13014.5999  1.10%   604 12622s
  7025  3757 13092.6060   33  405 13158.9211 13014.6019  1.10%   604 12630s
  7041  3767 13150.3067   39  260 13158.9211 13014.6019  1.10%   604 12635s
  7056  3766 13118.9377   53  317 13158.9211 13014.8493  1.09%   604 12641s
  7068  3766     cutoff   58      13158.9211 13014.8493  1.09%   604 12645s
  7071  3769 13095.3462   31  344 13158.9211 13014.9181  1.09%   604 12650s
  7109  3805 13156.0631   67  172 13158.9211 13014.9181  1.09%   602 12655s
  7116  3804 13066.3596   30  379 13158.9211 13015.0130  1.09%   602 12661s
  7126  3812     cutoff   40      13158.9211 13015.0130  1.09%   602 12665s
  7156  3838 13146.1126   67  199 13158.9211 13015.0130  1.09%   600 12670s
  7175  3840 13022.2529   34  426 13158.9211 13015.2117  1.09%   599 12680s
  7178  3843 13086.8654   35  398 13158.9211 13015.2117  1.09%   600 12685s
  7182  3845 13055.4593   36  392 13158.9211 13015.2117  1.09%   600 12690s
  7188  3849     cutoff   41      13158.9211 13015.2117  1.09%   601 12695s
  7201  3854 13126.7578   44  284 13158.9211 13015.2117  1.09%   601 12700s
  7216  3855     cutoff   50      13158.9211 13015.2117  1.09%   601 12705s
  7252  3867 13157.3879   65  177 13158.9211 13015.2117  1.09%   599 12710s
  7258  3865 13085.5159   55  363 13158.9211 13015.3574  1.09%   599 12717s
  7269  3876 13151.8438   66  213 13158.9211 13015.3574  1.09%   599 12720s
  7282  3875 13128.9642   32  419 13158.9211 13015.5245  1.09%   599 12729s
  7283  3876 13140.9665   33  395 13158.9211 13015.5245  1.09%   599 12731s
  7291  3876 13157.3025   35  338 13158.9211 13015.5245  1.09%   599 12735s
  7295  3874 13059.0269   30  404 13158.9211 13015.5328  1.09%   600 12741s
  7303  3882 13095.8368   38  272 13158.9211 13015.5328  1.09%   599 12745s
  7324  3895 13085.7449   26  486 13158.9211 13016.0241  1.09%   599 12764s
  7325  3896 13104.2419   27  472 13158.9211 13016.0241  1.09%   599 12767s
  7331  3902 13124.2036   33  395 13158.9211 13016.0241  1.09%   599 12770s
  7345  3909 13089.0946   31  364 13158.9211 13016.1908  1.08%   599 12782s
  7349  3913 13110.1795   35  240 13158.9211 13016.1908  1.08%   599 12785s
  7368  3922 13066.2484   56  377 13158.9211 13016.2256  1.08%   599 12791s
  7390  3944 13126.2724   78  271 13158.9211 13016.2256  1.08%   598 12795s
  7414  3958 13053.4620   28  552 13158.9211 13016.2442  1.08%   597 12809s
  7415  3959 13056.7529   29  480 13158.9211 13016.2442  1.08%   597 12810s
  7419  3963 13075.9052   33  361 13158.9211 13016.2442  1.08%   597 12815s
  7446  3988     cutoff   60      13158.9211 13016.2442  1.08%   596 12820s
  7507  4023 13074.7316   25  691 13158.9211 13016.4053  1.08%   593 12844s
  7508  4024 13077.2386   26  640 13158.9211 13016.4053  1.08%   593 12850s
  7509  4025 13081.1189   27  623 13158.9211 13016.4053  1.08%   593 12856s
  7511  4027 13086.7227   29  490 13158.9211 13016.4053  1.08%   593 12867s
  7514  4030 13101.5416   32  389 13158.9211 13016.4053  1.08%   594 12871s
  7531  4047 13128.2947   49  315 13158.9211 13016.4053  1.08%   593 12875s
  7562  4069     cutoff   75      13158.9211 13016.4053  1.08%   591 12880s
  7563  4070 13063.6501   28  416 13158.9211 13016.4699  1.08%   591 12885s
  7576  4083 13102.9800   41  276 13158.9211 13016.4699  1.08%   591 12890s
  7610  4115 13152.6821   69  133 13158.9211 13016.4699  1.08%   589 12895s
  7615  4112 13059.4384   25  564 13158.9211 13017.0625  1.08%   590 12908s
  7616  4113 13087.7051   26  503 13158.9211 13017.0625  1.08%   590 12913s
  7619  4116 13097.1315   29  467 13158.9211 13017.0625  1.08%   590 12915s
  7633  4130 13142.6888   43  304 13158.9211 13017.0625  1.08%   590 12920s
  7643  4130 13047.4177   29  419 13158.9211 13017.0727  1.08%   590 12926s
  7653  4140 13077.9557   39  342 13158.9211 13017.0727  1.08%   590 12930s
  7674  4161 13115.9146   60  243 13158.9211 13017.0727  1.08%   589 12935s
  7688  4168 13075.1707   34  363 13158.9211 13017.2215  1.08%   589 12942s
  7708  4177     cutoff   47      13158.9211 13017.2215  1.08%   588 12945s
  7752  4193 13041.6187   25  504 13158.9211 13017.3232  1.08%   586 12953s
  7753  4194 13141.5572   26  354 13158.9211 13017.3232  1.08%   586 12960s
  7757  4194     cutoff   27      13158.9211 13017.3232  1.08%   586 12965s
  7758  4195 13054.6498   28  447 13158.9211 13017.3232  1.08%   586 12985s
  7765  4200 13070.5588   31  434 13158.9211 13017.3232  1.08%   587 12990s
  7772  4205 13076.3551   33  406 13158.9211 13017.3232  1.08%   587 12995s
  7790  4209 13141.8997   41  287 13158.9211 13017.3232  1.08%   587 13000s
  7803  4206 13100.5900   57  369 13158.9211 13017.5089  1.07%   587 13010s
  7814  4210 13063.5603   30  436 13158.9211 13017.5390  1.07%   587 13020s
  7821  4215 13071.4236   34  404 13158.9211 13017.5390  1.07%   587 13025s
  7826  4219 13107.4820   36  329 13158.9211 13017.5390  1.07%   588 13030s
  7839  4232 13084.0640   43  347 13158.9211 13017.5390  1.07%   588 13035s
  7852  4239     cutoff   49      13158.9211 13017.5390  1.07%   588 13040s
  7871  4244 13100.3669   59  257 13158.9211 13017.5390  1.07%   588 13045s
  7892  4259 13147.4832   69  170 13158.9211 13017.5390  1.07%   587 13050s
  7943  4299 13143.5779   95  122 13158.9211 13017.5390  1.07%   585 13055s
  7990  4306 13072.8364   58  351 13158.9211 13017.5791  1.07%   582 13060s
  8025  4331 13070.4192   33  382 13158.9211 13017.9485  1.07%   581 13068s
  8027  4333 13080.0677   35  322 13158.9211 13017.9485  1.07%   581 13070s
  8066  4354 13059.0915   35  392 13158.9211 13017.9653  1.07%   579 13079s
  8067  4355 13064.0156   36  370 13158.9211 13017.9653  1.07%   579 13080s
  8102  4389 13122.5505   71  239 13158.9211 13017.9653  1.07%   578 13085s
  8132  4405 13103.0809   59  352 13158.9211 13018.1063  1.07%   577 13093s
  8143  4408 13150.2489   64  257 13158.9211 13018.1063  1.07%   576 13095s
  8147  4406 13060.8686   32  389 13158.9211 13018.1861  1.07%   577 13101s
  8153  4412 13075.2629   36  326 13158.9211 13018.1861  1.07%   577 13105s
  8178  4437 13115.5941   56  229 13158.9211 13018.1861  1.07%   576 13110s
  8201  4452 13105.1292   31  301 13158.9211 13018.2941  1.07%   575 13118s
  8218  4467     cutoff   48      13158.9211 13018.2941  1.07%   574 13120s
  8223  4466 13054.1555   27  651 13158.9211 13018.3471  1.07%   575 13139s
  8224  4467 13054.9426   28  540 13158.9211 13018.3471  1.07%   575 13141s
  8227  4470 13064.2290   31  466 13158.9211 13018.3471  1.07%   575 13145s
  8237  4480 13088.5786   41  421 13158.9211 13018.3471  1.07%   575 13150s
  8252  4495 13107.4994   56  346 13158.9211 13018.3471  1.07%   574 13155s
  8263  4506 13114.6975   67  257 13158.9211 13018.3471  1.07%   574 13267s
  8268  4510 13118.3794   72  281 13158.9211 13018.3471  1.07%   574 13270s
  8309  4537 13040.2835   32  414 13158.9211 13018.5274  1.07%   572 13279s
  8311  4539 13043.1382   34  390 13158.9211 13018.5274  1.07%   572 13280s
  8332  4558     cutoff   55      13158.9211 13018.5274  1.07%   571 13285s
  8340  4566 13131.3232   62  202 13158.9211 13018.5274  1.07%   571 13290s
  8385  4595 13043.9129   35  368 13158.9211 13018.5977  1.07%   568 13295s
  8410  4620 13098.3421   60  281 13158.9211 13018.5977  1.07%   567 13300s
  8450  4650 13090.0726   34  370 13158.9211 13019.2257  1.06%   566 13309s
  8451  4651 13106.9851   35  309 13158.9211 13019.2257  1.06%   566 13310s
  8463  4653 13089.5878   31  366 13158.9211 13019.2586  1.06%   566 13320s
  8485  4668 13084.3876   17  807 13158.9211 13019.3066  1.06%   567 13387s
  8486  4667     cutoff   18      13158.9211 13019.3066  1.06%   567 13391s
  8487  4668 13114.9963   18  817 13158.9211 13019.3066  1.06%   567 13403s
  8488  4669 13132.1359   19  763 13158.9211 13019.3066  1.06%   567 13411s
  8490  4669 13144.4088   20  732 13158.9211 13019.3066  1.06%   567 13418s
  8491  4670 13145.4105   21  737 13158.9211 13019.3066  1.06%   568 13420s
  8494  4671 13152.1580   23  711 13158.9211 13019.3066  1.06%   568 13425s
  8498  4669     cutoff   24      13158.9211 13019.3066  1.06%   568 13436s
  8500  4669 13096.5414   61  335 13158.9211 13019.4079  1.06%   568 13444s
  8505  4672 13114.2810   65  284 13158.9211 13019.4079  1.06%   568 13445s
  8520  4679 13050.5493   30  419 13158.9211 13019.5457  1.06%   568 13453s
  8521  4680 13056.2425   31  420 13158.9211 13019.5457  1.06%   568 13455s
  8543  4702 13108.1159   53  231 13158.9211 13019.5457  1.06%   567 13460s
  8579  4738 13148.2053   89  142 13158.9211 13019.5457  1.06%   566 13465s
  8593  4737 13047.2127   31  484 13158.9211 13019.8992  1.06%   565 13472s
  8594  4738 13053.8390   32  471 13158.9211 13019.8992  1.06%   565 13540s
  8610  4754 13082.3949   48  324 13158.9211 13019.8992  1.06%   565 13545s
  8640  4784 13106.5884   78  284 13158.9211 13019.8992  1.06%   563 13550s
  8696  4837 13148.1304  121   91 13158.9211 13019.8992  1.06%   561 13555s
  8705  4836 13156.0981   32  404 13158.9211 13020.3756  1.05%   561 13564s
  8708  4835 13038.7166   33  453 13158.9211 13020.5596  1.05%   561 13571s
  8717  4844 13077.9400   42  319 13158.9211 13020.5596  1.05%   561 13575s
  8749  4867     cutoff   17      13158.9211 13020.5862  1.05%   560 13581s
  8750  4868 13076.3945   17  688 13158.9211 13020.9635  1.05%   560 13601s
  8751  4869 13080.6352   18  666 13158.9211 13020.9635  1.05%   561 13605s
  8754  4870 13106.7333   20  674 13158.9211 13020.9635  1.05%   561 13616s
  8757  4871     cutoff   23      13158.9211 13020.9635  1.05%   561 13620s
  8761  4867     cutoff   20      13158.9211 13020.9635  1.05%   561 13625s
  8765  4869 13053.9391   38  355 13158.9211 13021.1206  1.05%   561 13630s
  8788  4892 13092.3367   61  257 13158.9211 13021.1206  1.05%   560 13635s
  8834  4929 13141.7291   99  116 13158.9211 13021.1206  1.05%   558 13640s
  8848  4933 13034.0506   33  426 13158.9211 13021.4076  1.05%   557 13650s
  8859  4942     cutoff   44      13158.9211 13021.4076  1.05%   557 13655s
  8865  4939     cutoff   24      13158.9211 13021.6025  1.04%   558 13670s
  8866  4940 13046.5606   23  579 13158.9211 13021.8948  1.04%   559 13683s
  8867  4941 13050.2712   24  512 13158.9211 13021.8948  1.04%   559 13685s
  8868  4942 13077.0239   25  538 13158.9211 13021.8948  1.04%   559 13690s
  8874  4948 13061.4766   28  406 13158.9211 13021.8948  1.04%   559 13695s
  8880  4952 13142.4307   31  349 13158.9211 13021.8948  1.04%   559 13700s
  8890  4956 13142.7690   34  318 13158.9211 13021.8948  1.04%   559 13705s
  8898  4954 13113.9001   24  638 13158.9211 13021.9054  1.04%   560 13721s
  8899  4955 13121.6125   25  606 13158.9211 13021.9054  1.04%   560 13725s
  8904  4958 13132.9632   29  403 13158.9211 13021.9054  1.04%   560 13730s
  8916  4968 13146.2752   40  368 13158.9211 13021.9054  1.04%   560 13735s
  8923  4967 13131.0677   61  327 13158.9211 13022.0447  1.04%   560 13741s
  8939  4971 13062.8917   33  403 13158.9211 13022.3200  1.04%   560 13748s
  8941  4973 13086.1606   35  338 13158.9211 13022.3200  1.04%   560 13750s
  8973  5002 13154.4206   63  223 13158.9211 13022.3200  1.04%   559 13755s
  8984  5003 13046.1291   31  417 13158.9211 13022.3430  1.04%   558 13763s
  8986  5005 13054.3039   33  355 13158.9211 13022.3430  1.04%   558 13765s
  8997  5016 13095.1606   44  229 13158.9211 13022.3430  1.04%   558 13770s
  9025  5044 13140.9421   72  170 13158.9211 13022.3430  1.04%   557 13775s
  9039  5050 13052.9921   32  433 13158.9211 13022.3952  1.04%   556 13780s
  9058  5069 13083.1840   51  323 13158.9211 13022.3952  1.04%   556 13785s
  9090  5101 13123.6423   83  194 13158.9211 13022.3952  1.04%   555 13790s
  9124  5119 13110.8336   25  452 13158.9211 13022.7345  1.03%   554 13806s
  9127  5122 13118.7769   28  422 13158.9211 13022.7345  1.03%   554 13810s
  9136  5125     cutoff   34      13158.9211 13022.7345  1.03%   554 13815s
  9140  5123 13072.3683   28  480 13158.9211 13022.7739  1.03%   555 13823s
  9142  5125 13082.9603   30  424 13158.9211 13022.7739  1.03%   555 13825s
  9179  5162 13116.8888   67  292 13158.9211 13022.7739  1.03%   553 13830s
  9221  5182 13034.3562   26  595 13158.9211 13022.8553  1.03%   552 13845s
  9222  5183 13041.4119   27  579 13158.9211 13022.8553  1.03%   552 13850s
  9227  5188 13058.2257   32  473 13158.9211 13022.8553  1.03%   552 13855s
  9236  5197 13095.2001   41  391 13158.9211 13022.8553  1.03%   552 13860s
  9258  5219 13125.5428   63  258 13158.9211 13022.8553  1.03%   551 13865s
  9289  5240 13124.2008   26  484 13158.9211 13023.4449  1.03%   551 13882s
  9291  5242 13135.2969   28  507 13158.9211 13023.4449  1.03%   551 13888s
  9293  5244 13146.0572   30  366 13158.9211 13023.4449  1.03%   551 13890s
  9298  5241     cutoff   30      13158.9211 13023.4449  1.03%   551 13895s
  9299  5242 13060.7411   36  383 13158.9211 13023.9081  1.03%   552 13901s
  9315  5258 13115.5306   52  197 13158.9211 13023.9081  1.03%   551 13905s
  9345  5276 13039.4773   32  517 13158.9211 13024.2977  1.02%   550 13915s
  9351  5282 13070.0649   38  371 13158.9211 13024.2977  1.02%   550 13920s
  9380  5311 13129.0408   67  218 13158.9211 13024.2977  1.02%   549 13925s
  9389  5312 13122.5191   20  761 13158.9211 13024.4580  1.02%   550 13966s
  9390  5313 13136.1345   21  746 13158.9211 13024.4580  1.02%   550 13971s
  9391  5312     cutoff   22      13158.9211 13024.4580  1.02%   551 13979s
  9394  5311 13077.5213   27  453 13158.9211 13024.7423  1.02%   551 13992s
  9396  5313 13120.7995   29  422 13158.9211 13024.7423  1.02%   551 13996s
  9398  5314 13155.3265   29  302 13158.9211 13024.7423  1.02%   552 14000s
  9406  5320 13141.5260   32  384 13158.9211 13024.7423  1.02%   552 14005s
  9416  5326 13152.9060   35  316 13158.9211 13024.7423  1.02%   552 14010s
  9424  5324 13134.3323   29  446 13158.9211 13025.5597  1.01%   552 14022s
  9429  5329 13154.7272   34  348 13158.9211 13025.5597  1.01%   552 14025s
  9442  5332     cutoff   30      13158.9211 13026.0795  1.01%   552 14031s
  9443  5333 13126.6669   29  364 13158.9211 13026.1238  1.01%   553 14039s
  9444  5334 13146.2306   30  287 13158.9211 13026.1238  1.01%   553 14040s
  9450  5332 13131.1298   28  461 13158.9211 13026.1465  1.01%   553 14053s
  9451  5333 13140.5207   29  417 13158.9211 13026.1465  1.01%   554 14057s
  9457  5337 13153.5022   34  374 13158.9211 13026.1465  1.01%   554 14060s
  9461  5335 13057.7160   30  522 13158.9211 13026.1754  1.01%   554 14071s
  9466  5340 13084.3426   35  394 13158.9211 13026.1754  1.01%   554 14075s
  9482  5353 13125.9827   50  297 13158.9211 13026.1754  1.01%   554 14080s
  9500  5363 13071.4618   63  368 13158.9211 13026.1847  1.01%   554 14089s
  9502  5365 13094.2362   65  295 13158.9211 13026.1847  1.01%   554 14090s
  9536  5399 13147.8403   99  173 13158.9211 13026.1847  1.01%   553 14095s
  9550  5397 13094.9851   64  300 13158.9211 13026.2745  1.01%   553 14100s
  9575  5410 13061.2089   34  398 13158.9211 13026.5069  1.01%   552 14107s
  9580  5415 13087.5922   39  300 13158.9211 13026.5069  1.01%   552 14110s
  9631  5460 13153.7481   85  145 13158.9211 13026.5069  1.01%   550 14115s
  9636  5457 13102.3854   26  498 13158.9211 13026.8683  1.00%   551 14128s
  9637  5458 13114.2274   27  461 13158.9211 13026.8683  1.00%   551 14130s
  9639  5460 13121.5121   29  393 13158.9211 13026.8683  1.00%   551 14135s
  9653  5466 13049.1611   23  681 13158.9211 13026.8711  1.00%   551 14149s
  9654  5467 13079.2598   24  619 13158.9211 13026.8711  1.00%   551 14155s
  9659  5472 13098.7426   29  399 13158.9211 13026.8711  1.00%   551 14160s
  9672  5485 13141.4765   42  350 13158.9211 13026.8711  1.00%   551 14165s
  9680  5486 13060.3339   31  448 13158.9211 13026.8711  1.00%   551 14174s
  9683  5489 13078.8606   34  398 13158.9211 13026.8711  1.00%   551 14175s
  9702  5508 13111.0022   53  345 13158.9211 13026.8711  1.00%   551 14180s
  9733  5533 13144.4091   81  191 13158.9211 13026.8711  1.00%   550 14185s
  9745  5535 13040.2576   30  455 13158.9211 13026.9065  1.00%   550 14190s
  9749  5539 13060.4837   34  365 13158.9211 13026.9065  1.00%   550 14195s
  9786  5576 13124.0313   69  209 13158.9211 13026.9065  1.00%   548 14200s
  9821  5601 13071.0531   33  369 13158.9211 13026.9519  1.00%   547 14207s
  9824  5604 13112.8525   35  334 13158.9211 13026.9519  1.00%   547 14210s
  9851  5613 13054.9445   31  530 13158.9211 13027.1707  1.00%   547 14223s
  9853  5615 13063.5633   33  406 13158.9211 13027.1707  1.00%   547 14225s
  9868  5630 13106.3090   48  312 13158.9211 13027.1707  1.00%   547 14230s
  9891  5643 13135.9334   30  397 13158.9211 13027.2570  1.00%   547 14238s
  9897  5649 13147.6951   36  327 13158.9211 13027.2570  1.00%   547 14240s
  9903  5647 13064.7424   36  346 13158.9211 13027.2796  1.00%   547 14245s
  9957  5695     cutoff   87      13158.9211 13027.2796  1.00%   545 14250s
  9974  5696 13144.2025   65  276 13158.9211 13027.6247  1.00%   545 14255s
  9977  5695 13152.5374   22  617 13158.9211 13028.1062  0.99%   545 14275s
  9982  5694 13045.8849   22  591 13158.9211 13028.1088  0.99%   546 14292s
  9984  5696 13090.3646   23  445 13158.9211 13028.1088  0.99%   546 14296s
  9990  5698     cutoff   26      13158.9211 13028.1088  0.99%   547 14300s
 10004  5699     cutoff   32      13158.9211 13028.1088  0.99%   546 14305s
 10008  5699 13097.7439   22  484 13158.9211 13028.1275  0.99%   547 14317s
 10009  5698     cutoff   23      13158.9211 13028.1275  0.99%   547 14323s
 10013  5702 13128.8192   26  412 13158.9211 13028.1275  0.99%   548 14325s
 10033  5706 13100.3387   25  695 13158.9211 13028.5512  0.99%   548 14348s
 10035  5708 13105.0611   27  666 13158.9211 13028.5512  0.99%   548 14350s
 10041  5714 13131.1714   33  433 13158.9211 13028.5512  0.99%   548 14355s
 10051  5715 13084.2059   28  439 13158.9211 13028.6275  0.99%   549 14367s
 10055  5719 13098.3815   32  325 13158.9211 13028.6275  0.99%   549 14370s
 10092  5756 13157.1432   65  126 13158.9211 13028.6275  0.99%   547 14375s
 10104  5760 13089.1304   29  506 13158.9211 13028.7689  0.99%   548 14387s
 10108  5764 13104.0198   33  413 13158.9211 13028.7689  0.99%   548 14390s
 10136  5792 13157.9106   61  254 13158.9211 13028.7689  0.99%   547 14395s

Cutting planes:
  User: 373
  Implied bound: 8458
  MIR: 545
  Mixing: 2
  Flow cover: 2197
  Relax-and-lift: 4465

Explored 10149 nodes (6418654 simplex iterations) in 14400.01 seconds (11880.74 work units)
Thread count was 1 (of 52 available processors)

Solution count 10: 13158.9 13159 13159.1 ... 13174.6

Time limit reached
Best objective 1.315892112756e+04, best bound 1.302877390251e+04, gap 0.9890%

User-callback calls 435303, time in user-callback 5.47 sec
Instance: data/CCLSData/20-3000-1.ccls
Setting: BASE+sDI
Epsilon: 0.2
Dimension: 20
NumScenario: 3000
NumAggScenario: 1712
BasicNumScenario: 1711
NumBasicDomIneqs: 257276
NumNonReDomIneqs: 44846
NumEdge:        4112448
NumBiEdge:      824974
NumDomIneqs:    3287474
DominanceRatio: 0.7308
MixingCuts: on
MixingScope: root
DominanceLazy: 0
TerminationStatus: TIME_LIMIT
PrimalStatus: FEASIBLE_POINT
RawStatus: Optimization terminated because the time expended exceeded the value specified in the TimeLimit parameter.
SolvingTime: 14400.015300989151
NodeCount: 10149
MixingCutsSubmitted: 4291
ObjectiveValue: 13158.92112755664
ObjectiveBound: 13028.773902513338
RelativeGap: 0.009890417594399513
