***************************************
*         SCIP-based CCP Solver       *
*                                     *
*    Wei Lv and Wei-Kun Chen (2024)   *
***************************************
/share/home/wangzhaowei/lvwei/scipoptsuite-9.1.0/build/bin/examples/ccp -f CCMPPData/20-2000-2.ccmpp -s CCMPPSetting/DB2.set 
SCIP version 9.1.0 [precision: 8 byte] [memory: block] [mode: optimized] [LP solver: Soplex 7.1.0] [GitHash: 8cab0278ba]
Copyright (c) 2002-2024 Zuse Institute Berlin (ZIB)

External libraries: 
  Soplex 7.1.0         Linear Programming Solver developed at Zuse Institute Berlin (soplex.zib.de) [GitHash: 595bfac9]
  CppAD 20180000.0     Algorithmic Differentiation of C++ algorithms developed by B. Bell (github.com/coin-or/CppAD)
  ZLIB 1.2.7           General purpose compression library by J. Gailly and M. Adler (zlib.net)
  GMP 6.0.0            GNU Multiple Precision Arithmetic Library developed by T. Granlund (gmplib.org)
  AMPL/MP 690e9e7      AMPL .nl file reader library (github.com/ampl/mp)
  PaPILO 2.3.0         parallel presolve for integer and linear optimization (github.com/scipopt/papilo) (built with TBB) [GitHash: 4b8ce6ed]
  Nauty 2.8.8          Computing Graph Automorphism Groups by Brendan D. McKay (users.cecs.anu.edu.au/~bdm/nauty)
  sassy 1.1            Symmetry preprocessor by Markus Anders (github.com/markusa4/sassy)

reading user parameter file <CCMPPSetting/DB2.set>

read problem <CCMPPData/20-2000-2.ccmpp>
============

File name: 	CCMPPData/20-2000-2.ccmpp
Problem name:	20-2000-2
Dimension: 	20
NumScenario: 	2000
ConfidenceParameter: 	0.20
IsEqualProbability: 	1
BnC+MIX+DI: 	0
BnC+MIX+sDI: 	0
DB: 	1
DB+OPF: 	0
Dominance and Aggregation Statistics......
NumEdge:        79590
NumBiEdge: 	304
NumDomIneqs: 	79286
DominanceRatio: 0.0397
NumAggScenario: 1972 
BasicNumScenario: 1971 
Propagator Statistics......
NumBasicDomIneqs: 28956
NumNonReDomIneqs: 10407
Duration: 0.0900 s 

original problem has 2072 variables (1972 bin, 0 int, 0 impl, 100 cont) and 8078 constraints

solve problem
=============

presolving:
(round 1, fast)       5 del vars, 45 del conss, 0 add conss, 20 chg bounds, 0 chg sides, 0 chg coeffs, 0 upgd conss, 0 impls, 10407 clqs
   (0.1s) running MILP presolver
   (0.1s) MILP presolver (3 rounds): 22 aggregations, 2 fixings, 7 bound changes
(round 2, medium)     29 del vars, 45 del conss, 0 add conss, 27 chg bounds, 0 chg sides, 0 chg coeffs, 0 upgd conss, 0 impls, 10407 clqs
(round 3, fast)       29 del vars, 67 del conss, 0 add conss, 27 chg bounds, 0 chg sides, 0 chg coeffs, 0 upgd conss, 0 impls, 10407 clqs
(round 4, exhaustive) 29 del vars, 67 del conss, 0 add conss, 27 chg bounds, 0 chg sides, 0 chg coeffs, 7955 upgd conss, 0 impls, 10407 clqs
   (0.5s) probing: 1000/1971 (50.7%) - 0 fixings, 0 aggregations, 23108 implications, 0 bound changes
   (0.5s) probing: 1001/1971 (50.8%) - 0 fixings, 0 aggregations, 23118 implications, 0 bound changes
   (0.5s) probing aborted: 1000/1000 successive useless probings
   (0.5s) symmetry computation started: requiring (bin +, int +, cont +), (fixed: bin -, int -, cont -)
   Symmetry detection interrupted: constraints of type chancecons do not provide symmetry information.
   If symmetries shall be detected, implement the CONSGETPERMSYMGRAPH callback.
   (0.5s) could not compute symmetry
presolving (5 rounds: 5 fast, 3 medium, 2 exhaustive):
 29 deleted vars, 67 deleted constraints, 0 added constraints, 27 tightened bounds, 0 added holes, 0 changed sides, 0 changed coefficients
 8591 implications, 18413 cliques
presolved problem has 2043 variables (1971 bin, 0 int, 0 impl, 72 cont) and 8011 constraints
      1 constraints of type <chancecons>
   7955 constraints of type <varbound>
     55 constraints of type <linear>
Presolving Time: 0.49

 time | node  | left  |LP iter|LP it/n|mem/heur|mdpt |vars |cons |rows |cuts |sepa|confs|strbr|  dualbound   | primalbound  |  gap   | compl. 
p 0.6s|     1 |     0 |    35 |     - |   locks|   0 |2043 |8011 |8010 |   0 |  0 |   0 |   0 | 0.000000e+00 | 1.865588e+05 |    Inf | unknown
  1.2s|     1 |     0 |  2391 |     - |   159M |   0 |2043 |8011 |8010 |   0 |  0 |   0 |   0 | 1.734638e+05 | 1.865588e+05 |   7.55%| unknown
  1.4s|     1 |     0 |  2504 |     - |   161M |   0 |2043 |8011 |8032 |  22 |  1 |   0 |   0 | 1.738645e+05 | 1.865588e+05 |   7.30%| unknown
  1.7s|     1 |     0 |  3181 |     - |   163M |   0 |2043 |8011 |8072 |  62 |  2 |   0 |   0 | 1.743231e+05 | 1.865588e+05 |   7.02%| unknown
  2.1s|     1 |     0 |  3572 |     - |   164M |   0 |2043 |8011 |8127 | 117 |  3 |   0 |   0 | 1.745431e+05 | 1.865588e+05 |   6.88%| unknown
  2.4s|     1 |     0 |  4022 |     - |   165M |   0 |2043 |8011 |8174 | 164 |  4 |   0 |   0 | 1.747390e+05 | 1.865588e+05 |   6.76%| unknown
  2.6s|     1 |     0 |  4390 |     - |   167M |   0 |2043 |8011 |8231 | 221 |  5 |   0 |   0 | 1.749136e+05 | 1.865588e+05 |   6.66%| unknown
  2.9s|     1 |     0 |  4745 |     - |   169M |   0 |2043 |8011 |8289 | 279 |  6 |   0 |   0 | 1.751274e+05 | 1.865588e+05 |   6.53%| unknown
  3.2s|     1 |     0 |  5083 |     - |   170M |   0 |2043 |8011 |8359 | 349 |  7 |   0 |   0 | 1.753661e+05 | 1.865588e+05 |   6.38%| unknown
  3.5s|     1 |     0 |  5371 |     - |   171M |   0 |2043 |8011 |8429 | 419 |  8 |   0 |   0 | 1.755563e+05 | 1.865588e+05 |   6.27%| unknown
  3.9s|     1 |     0 |  5732 |     - |   173M |   0 |2043 |8011 |8493 | 483 |  9 |   0 |   0 | 1.757145e+05 | 1.865588e+05 |   6.17%| unknown
  4.2s|     1 |     0 |  6221 |     - |   175M |   0 |2043 |8011 |8569 | 559 | 10 |   0 |   0 | 1.758435e+05 | 1.865588e+05 |   6.09%| unknown
  4.5s|     1 |     0 |  6589 |     - |   177M |   0 |2043 |8011 |8642 | 632 | 11 |   0 |   0 | 1.759884e+05 | 1.865588e+05 |   6.01%| unknown
  4.7s|     1 |     0 |  6938 |     - |   179M |   0 |2043 |8011 |8711 | 701 | 12 |   0 |   0 | 1.761164e+05 | 1.865588e+05 |   5.93%| unknown
  5.0s|     1 |     0 |  7296 |     - |   180M |   0 |2043 |8011 |8758 | 761 | 13 |   0 |   0 | 1.762584e+05 | 1.865588e+05 |   5.84%| unknown
 time | node  | left  |LP iter|LP it/n|mem/heur|mdpt |vars |cons |rows |cuts |sepa|confs|strbr|  dualbound   | primalbound  |  gap   | compl. 
  5.2s|     1 |     0 |  7738 |     - |   182M |   0 |2043 |8011 |8832 | 835 | 14 |   0 |   0 | 1.764220e+05 | 1.865588e+05 |   5.75%| unknown
  5.5s|     1 |     0 |  8204 |     - |   184M |   0 |2043 |8011 |8919 | 922 | 15 |   0 |   0 | 1.765794e+05 | 1.865588e+05 |   5.65%| unknown
  5.8s|     1 |     0 |  8638 |     - |   185M |   0 |2043 |8011 |9006 |1009 | 16 |   0 |   0 | 1.767211e+05 | 1.865588e+05 |   5.57%| unknown
  6.2s|     1 |     0 |  9294 |     - |   187M |   0 |2043 |8011 |9084 |1087 | 17 |   0 |   0 | 1.768780e+05 | 1.865588e+05 |   5.47%| unknown
  6.5s|     1 |     0 |  9896 |     - |   188M |   0 |2043 |8011 |9178 |1181 | 18 |   0 |   0 | 1.769875e+05 | 1.865588e+05 |   5.41%| unknown
  6.9s|     1 |     0 | 10457 |     - |   190M |   0 |2043 |8011 |9188 |1264 | 19 |   0 |   0 | 1.770918e+05 | 1.865588e+05 |   5.35%| unknown
  7.2s|     1 |     0 | 11021 |     - |   193M |   0 |2043 |8011 |9278 |1354 | 20 |   0 |   0 | 1.771880e+05 | 1.865588e+05 |   5.29%| unknown
  7.6s|     1 |     0 | 11721 |     - |   193M |   0 |2043 |8011 |9362 |1438 | 21 |   0 |   0 | 1.772820e+05 | 1.865588e+05 |   5.23%| unknown
  8.0s|     1 |     0 | 12314 |     - |   194M |   0 |2043 |8011 |9440 |1516 | 22 |   0 |   0 | 1.773651e+05 | 1.865588e+05 |   5.18%| unknown
  8.4s|     1 |     0 | 13099 |     - |   194M |   0 |2043 |8011 |9523 |1599 | 23 |   0 |   0 | 1.774385e+05 | 1.865588e+05 |   5.14%| unknown
  8.8s|     1 |     0 | 13831 |     - |   195M |   0 |2043 |8011 |9602 |1678 | 24 |   0 |   0 | 1.774979e+05 | 1.865588e+05 |   5.10%| unknown
  9.3s|     1 |     0 | 14532 |     - |   196M |   0 |2043 |8011 |9529 |1753 | 25 |   0 |   0 | 1.775507e+05 | 1.865588e+05 |   5.07%| unknown
  9.7s|     1 |     0 | 15310 |     - |   197M |   0 |2043 |8011 |9601 |1825 | 26 |   0 |   0 | 1.776071e+05 | 1.865588e+05 |   5.04%| unknown
 10.2s|     1 |     0 | 16194 |     - |   198M |   0 |2043 |8011 |9678 |1902 | 27 |   0 |   0 | 1.776672e+05 | 1.865588e+05 |   5.00%| unknown
 10.7s|     1 |     0 | 17150 |     - |   199M |   0 |2043 |8011 |9752 |1976 | 28 |   0 |   0 | 1.777285e+05 | 1.865588e+05 |   4.97%| unknown
 time | node  | left  |LP iter|LP it/n|mem/heur|mdpt |vars |cons |rows |cuts |sepa|confs|strbr|  dualbound   | primalbound  |  gap   | compl. 
 11.3s|     1 |     0 | 18265 |     - |   199M |   0 |2043 |8011 |9823 |2047 | 29 |   0 |   0 | 1.777837e+05 | 1.865588e+05 |   4.94%| unknown
 11.9s|     1 |     0 | 19350 |     - |   200M |   0 |2043 |8011 |9901 |2125 | 30 |   0 |   0 | 1.778323e+05 | 1.865588e+05 |   4.91%| unknown
 12.5s|     1 |     0 | 20302 |     - |   201M |   0 |2043 |8011 |9762 |2197 | 31 |   0 |   0 | 1.778791e+05 | 1.865588e+05 |   4.88%| unknown
 13.2s|     1 |     0 | 21540 |     - |   202M |   0 |2043 |8011 |9843 |2278 | 32 |   0 |   0 | 1.779553e+05 | 1.865588e+05 |   4.83%| unknown
 13.9s|     1 |     0 | 22791 |     - |   203M |   0 |2043 |8011 |9922 |2357 | 33 |   0 |   0 | 1.780050e+05 | 1.865588e+05 |   4.81%| unknown
 14.6s|     1 |     0 | 24021 |     - |   204M |   0 |2043 |8011 |9998 |2433 | 34 |   0 |   0 | 1.780575e+05 | 1.865588e+05 |   4.77%| unknown
 15.3s|     1 |     0 | 25322 |     - |   206M |   0 |2043 |8011 |  10k|2516 | 35 |   0 |   0 | 1.781029e+05 | 1.865588e+05 |   4.75%| unknown
 16.1s|     1 |     0 | 26763 |     - |   206M |   0 |2043 |8011 |  10k|2605 | 36 |   0 |   0 | 1.781388e+05 | 1.865588e+05 |   4.73%| unknown
 16.9s|     1 |     0 | 27984 |     - |   207M |   0 |2043 |8011 |  10k|2682 | 37 |   0 |   0 | 1.781918e+05 | 1.865588e+05 |   4.70%| unknown
 17.6s|     1 |     0 | 29336 |     - |   209M |   0 |2043 |8011 |  10k|2750 | 38 |   0 |   0 | 1.782269e+05 | 1.865588e+05 |   4.67%| unknown
 18.5s|     1 |     0 | 30924 |     - |   209M |   0 |2043 |8011 |  10k|2827 | 39 |   0 |   0 | 1.782652e+05 | 1.865588e+05 |   4.65%| unknown
 19.4s|     1 |     0 | 32355 |     - |   210M |   0 |2043 |8011 |  10k|2913 | 40 |   0 |   0 | 1.783079e+05 | 1.865588e+05 |   4.63%| unknown
 20.4s|     1 |     0 | 34079 |     - |   210M |   0 |2043 |8011 |  10k|3000 | 41 |   0 |   0 | 1.783425e+05 | 1.865588e+05 |   4.61%| unknown
 21.6s|     1 |     0 | 36048 |     - |   211M |   0 |2043 |8011 |  10k|3080 | 42 |   0 |   0 | 1.783757e+05 | 1.865588e+05 |   4.59%| unknown
 22.6s|     1 |     0 | 37682 |     - |   211M |   0 |2043 |8011 |  10k|3153 | 43 |   0 |   0 | 1.783998e+05 | 1.865588e+05 |   4.57%| unknown
 time | node  | left  |LP iter|LP it/n|mem/heur|mdpt |vars |cons |rows |cuts |sepa|confs|strbr|  dualbound   | primalbound  |  gap   | compl. 
 23.5s|     1 |     0 | 39306 |     - |   213M |   0 |2043 |8011 |  10k|3223 | 44 |   0 |   0 | 1.784270e+05 | 1.865588e+05 |   4.56%| unknown
 24.5s|     1 |     0 | 40835 |     - |   213M |   0 |2043 |8011 |  10k|3288 | 45 |   0 |   0 | 1.784482e+05 | 1.865588e+05 |   4.55%| unknown
 25.5s|     1 |     0 | 42562 |     - |   213M |   0 |2043 |8011 |  10k|3348 | 46 |   0 |   0 | 1.784806e+05 | 1.865588e+05 |   4.53%| unknown
 26.6s|     1 |     0 | 44230 |     - |   214M |   0 |2043 |8011 |  10k|3420 | 47 |   0 |   0 | 1.785078e+05 | 1.865588e+05 |   4.51%| unknown
 27.6s|     1 |     0 | 45883 |     - |   214M |   0 |2043 |8011 |  10k|3503 | 48 |   0 |   0 | 1.785322e+05 | 1.865588e+05 |   4.50%| unknown
 28.9s|     1 |     0 | 47997 |     - |   216M |   0 |2043 |8011 |  10k|3564 | 49 |   0 |   0 | 1.785613e+05 | 1.865588e+05 |   4.48%| unknown
 29.9s|     1 |     0 | 49657 |     - |   218M |   0 |2043 |8011 |  10k|3636 | 50 |   0 |   0 | 1.785800e+05 | 1.865588e+05 |   4.47%| unknown
 30.9s|     1 |     0 | 51124 |     - |   219M |   0 |2043 |8011 |  10k|3708 | 51 |   0 |   0 | 1.785972e+05 | 1.865588e+05 |   4.46%| unknown
 32.2s|     1 |     0 | 53188 |     - |   221M |   0 |2043 |8011 |  10k|3779 | 52 |   0 |   0 | 1.786200e+05 | 1.865588e+05 |   4.44%| unknown
 33.3s|     1 |     0 | 54928 |     - |   222M |   0 |2043 |8011 |  10k|3857 | 53 |   0 |   0 | 1.786375e+05 | 1.865588e+05 |   4.43%| unknown
 34.7s|     1 |     0 | 57017 |     - |   222M |   0 |2043 |8011 |  10k|3921 | 54 |   0 |   0 | 1.786630e+05 | 1.865588e+05 |   4.42%| unknown
 35.7s|     1 |     0 | 58534 |     - |   222M |   0 |2043 |8011 |  10k|3993 | 55 |   0 |   0 | 1.786762e+05 | 1.865588e+05 |   4.41%| unknown
 37.1s|     1 |     0 | 60574 |     - |   224M |   0 |2043 |8011 |  10k|4056 | 56 |   0 |   0 | 1.786886e+05 | 1.865588e+05 |   4.40%| unknown
 38.5s|     1 |     0 | 62748 |     - |   225M |   0 |2043 |8011 |  10k|4128 | 57 |   0 |   0 | 1.787047e+05 | 1.865588e+05 |   4.40%| unknown
 39.6s|     1 |     0 | 64407 |     - |   226M |   0 |2043 |8011 |  10k|4191 | 58 |   0 |   0 | 1.787210e+05 | 1.865588e+05 |   4.39%| unknown
 time | node  | left  |LP iter|LP it/n|mem/heur|mdpt |vars |cons |rows |cuts |sepa|confs|strbr|  dualbound   | primalbound  |  gap   | compl. 
 40.9s|     1 |     0 | 66348 |     - |   227M |   0 |2043 |8011 |  10k|4259 | 59 |   0 |   0 | 1.787409e+05 | 1.865588e+05 |   4.37%| unknown
 42.3s|     1 |     0 | 68333 |     - |   228M |   0 |2043 |8011 |  10k|4328 | 60 |   0 |   0 | 1.787571e+05 | 1.865588e+05 |   4.36%| unknown
 43.6s|     1 |     0 | 70181 |     - |   228M |   0 |2043 |8011 |  10k|4403 | 61 |   0 |   0 | 1.787735e+05 | 1.865588e+05 |   4.35%| unknown
 44.8s|     1 |     0 | 71889 |     - |   229M |   0 |2043 |8011 |  10k|4488 | 62 |   0 |   0 | 1.787895e+05 | 1.865588e+05 |   4.35%| unknown
 46.1s|     1 |     0 | 73774 |     - |   230M |   0 |2043 |8011 |  10k|4557 | 63 |   0 |   0 | 1.788087e+05 | 1.865588e+05 |   4.33%| unknown
 47.5s|     1 |     0 | 75854 |     - |   231M |   0 |2043 |8011 |  10k|4633 | 64 |   0 |   0 | 1.788290e+05 | 1.865588e+05 |   4.32%| unknown
 49.2s|     1 |     0 | 78236 |     - |   232M |   0 |2043 |8011 |  10k|4721 | 65 |   0 |   0 | 1.788448e+05 | 1.865588e+05 |   4.31%| unknown
 50.7s|     1 |     0 | 80304 |     - |   232M |   0 |2043 |8011 |  10k|4795 | 66 |   0 |   0 | 1.788617e+05 | 1.865588e+05 |   4.30%| unknown
 52.2s|     1 |     0 | 82451 |     - |   233M |   0 |2043 |8011 |  10k|4879 | 67 |   0 |   0 | 1.788734e+05 | 1.865588e+05 |   4.30%| unknown
 53.7s|     1 |     0 | 84678 |     - |   234M |   0 |2043 |8011 |  10k|4960 | 68 |   0 |   0 | 1.788859e+05 | 1.865588e+05 |   4.29%| unknown
 55.4s|     1 |     0 | 86854 |     - |   236M |   0 |2043 |8011 |  10k|5048 | 69 |   0 |   0 | 1.789040e+05 | 1.865588e+05 |   4.28%| unknown
 56.7s|     1 |     0 | 88428 |     - |   237M |   0 |2043 |8011 |  10k|5132 | 70 |   0 |   0 | 1.789120e+05 | 1.865588e+05 |   4.27%| unknown
 58.2s|     1 |     0 | 90378 |     - |   237M |   0 |2043 |8011 |  11k|5213 | 71 |   0 |   0 | 1.789266e+05 | 1.865588e+05 |   4.27%| unknown
 60.2s|     1 |     0 | 92877 |     - |   238M |   0 |2043 |8011 |  11k|5279 | 72 |   0 |   0 | 1.789467e+05 | 1.865588e+05 |   4.25%| unknown
 62.3s|     1 |     0 | 95269 |     - |   238M |   0 |2043 |8011 |  10k|5387 | 73 |   0 |   0 | 1.789604e+05 | 1.865588e+05 |   4.25%| unknown
 time | node  | left  |LP iter|LP it/n|mem/heur|mdpt |vars |cons |rows |cuts |sepa|confs|strbr|  dualbound   | primalbound  |  gap   | compl. 
 64.1s|     1 |     0 | 97560 |     - |   238M |   0 |2043 |8011 |  10k|5454 | 74 |   0 |   0 | 1.789766e+05 | 1.865588e+05 |   4.24%| unknown
 65.5s|     1 |     0 | 99347 |     - |   239M |   0 |2043 |8011 |  11k|5545 | 75 |   0 |   0 | 1.789844e+05 | 1.865588e+05 |   4.23%| unknown
 67.4s|     1 |     0 |101642 |     - |   239M |   0 |2043 |8011 |  11k|5638 | 76 |   0 |   0 | 1.789989e+05 | 1.865588e+05 |   4.22%| unknown
 68.8s|     1 |     0 |103342 |     - |   240M |   0 |2043 |8011 |  11k|5726 | 77 |   0 |   0 | 1.790063e+05 | 1.865588e+05 |   4.22%| unknown
 70.9s|     1 |     0 |105932 |     - |   240M |   0 |2043 |8011 |  11k|5809 | 78 |   0 |   0 | 1.790204e+05 | 1.865588e+05 |   4.21%| unknown
 72.9s|     1 |     0 |108243 |     - |   240M |   0 |2043 |8011 |  10k|5893 | 79 |   0 |   0 | 1.790338e+05 | 1.865588e+05 |   4.20%| unknown
 75.2s|     1 |     0 |110899 |     - |   240M |   0 |2043 |8011 |  11k|5985 | 80 |   0 |   0 | 1.790474e+05 | 1.865588e+05 |   4.20%| unknown
 77.2s|     1 |     0 |113181 |     - |   240M |   0 |2043 |8011 |  11k|6065 | 81 |   0 |   0 | 1.790577e+05 | 1.865588e+05 |   4.19%| unknown
 79.4s|     1 |     0 |115581 |     - |   240M |   0 |2043 |8011 |  11k|6144 | 82 |   0 |   0 | 1.790687e+05 | 1.865588e+05 |   4.18%| unknown
o86.4s|     1 |     0 |129377 |     - |feaspump|   0 |2043 |8011 |  11k|6144 | 82 |   0 |   0 | 1.790687e+05 | 1.856936e+05 |   3.70%| unknown
 86.5s|     1 |     0 |129377 |     - |   242M |   0 |2043 |8011 |  11k|6144 | 82 |   0 |   0 | 1.790687e+05 | 1.856936e+05 |   3.70%| unknown
 88.4s|     1 |     0 |131279 |     - |   242M |   0 |2043 |8011 |  11k|6218 | 83 |   0 |   0 | 1.790756e+05 | 1.856936e+05 |   3.70%| unknown
 89.6s|     1 |     0 |132657 |     - |   242M |   0 |2043 |8011 |  11k|6289 | 84 |   0 |   0 | 1.790781e+05 | 1.856936e+05 |   3.69%| unknown
  111s|     1 |     2 |132657 |     - |   242M |   0 |2043 |8011 |  11k|6289 | 84 |   0 |  24 | 1.790841e+05 | 1.856936e+05 |   3.69%| unknown
d 242s|    10 |    11 |160726 |4666.4 |pscostdi|   7 |2043 |8011 |9581 |   0 |  1 |   0 | 282 | 1.791424e+05 | 1.840885e+05 |   2.76%| unknown
 time | node  | left  |LP iter|LP it/n|mem/heur|mdpt |vars |cons |rows |cuts |sepa|confs|strbr|  dualbound   | primalbound  |  gap   | compl. 
  376s|   100 |    43 |435721 |3201.9 |   247M |  20 |2043 |8015 |9775 |7458 |  1 |  17 | 341 | 1.791424e+05 | 1.840885e+05 |   2.76%| unknown
L 390s|   173 |    48 |461498 |1992.8 |    alns|  23 |2043 |8017 |9890 |7980 |  2 |  19 | 371 | 1.791424e+05 | 1.840390e+05 |   2.73%| unknown
d 392s|   197 |    50 |479444 |1840.4 |conflict|  25 |2043 |8018 |9869 |   0 |  1 |  21 | 390 | 1.791424e+05 | 1.840347e+05 |   2.73%| unknown
  393s|   200 |    53 |489405 |1862.7 |   249M |  25 |2043 |8018 |  10k|8326 |  2 |  21 | 390 | 1.791424e+05 | 1.840347e+05 |   2.73%| unknown
r 425s|   218 |    63 |555697 |2013.7 |ziroundi|  25 |2043 |8018 |  10k|9091 |  1 |  21 | 418 | 1.791446e+05 | 1.838271e+05 |   2.61%| unknown
  466s|   300 |    85 |601421 |1614.4 |   254M |  44 |2043 |8026 |  10k|9722 |  0 |  30 | 458 | 1.791848e+05 | 1.838271e+05 |   2.59%| unknown
  475s|   400 |    93 |623542 |1265.2 |   258M |  46 |2043 |8026 |  10k|  10k|  2 |  30 | 471 | 1.791848e+05 | 1.838271e+05 |   2.59%| unknown
L 475s|   418 |    63 |624326 |1212.5 |    rins|  46 |2043 |8027 |  10k|  10k|  1 |  31 | 471 | 1.791848e+05 | 1.833915e+05 |   2.35%|  12.53%
  492s|   500 |    83 |673372 |1111.5 |   259M |  46 |2043 |8028 |9893 |  11k|  1 |  35 | 495 | 1.791848e+05 | 1.833915e+05 |   2.35%|  13.40%
  525s|   600 |    97 |719955 |1003.7 |   261M |  46 |2043 |8027 |  10k|  11k|  1 |  41 | 533 | 1.792029e+05 | 1.833915e+05 |   2.34%|  13.43%
L 525s|   619 |    75 |720403 | 973.6 |    rins|  46 |2043 |8027 |  10k|  11k|  2 |  43 | 533 | 1.792029e+05 | 1.831402e+05 |   2.20%|  22.41%
  555s|   700 |    86 |764773 | 924.2 |   262M |  46 |2043 |8027 |9990 |  12k|  1 |  48 | 561 | 1.792112e+05 | 1.831402e+05 |   2.19%|  22.58%
  568s|   800 |    85 |788512 | 838.3 |   270M |  46 |2043 |8027 |  10k|  12k|  1 |  53 | 575 | 1.792115e+05 | 1.831402e+05 |   2.19%|  22.66%
L 570s|   819 |    50 |790045 | 820.7 |crossove|  46 |2043 |8027 |  10k|  12k|  2 |  54 | 586 | 1.792115e+05 | 1.822027e+05 |   1.67%|  31.88%
  652s|   900 |   105 |  1025k|1008.8 |   271M |  46 |2043 |8024 |  10k|  14k|  1 |  63 | 711 | 1.792115e+05 | 1.822027e+05 |   1.67%|  32.03%
 time | node  | left  |LP iter|LP it/n|mem/heur|mdpt |vars |cons |rows |cuts |sepa|confs|strbr|  dualbound   | primalbound  |  gap   | compl. 
d 677s|   929 |   132 |  1093k|1050.0 |linesear|  46 |2043 |8025 |  10k|   0 |  1 |  64 | 750 | 1.792115e+05 | 1.821962e+05 |   1.67%|  32.03%
Restart triggered after 50 consecutive estimations that the remaining tree will be large
d 709s|   961 |   143 |  1146k|1070.1 |pscostdi|  50 |2043 |8028 |  10k|   0 |  2 |  69 | 801 | 1.792138e+05 | 1.821887e+05 |   1.66%|  32.23%
(run 1, node 961) performing user restart

(restart) converted 1229 cuts from the global cut pool into linear constraints

presolving:
(round 1, fast)       2 del vars, 5 del conss, 0 add conss, 34 chg bounds, 4 chg sides, 394 chg coeffs, 0 upgd conss, 8591 impls, 18296 clqs
(round 2, fast)       2 del vars, 5 del conss, 0 add conss, 51 chg bounds, 4 chg sides, 394 chg coeffs, 0 upgd conss, 8591 impls, 18296 clqs
(round 3, exhaustive) 2 del vars, 6 del conss, 0 add conss, 56 chg bounds, 4 chg sides, 394 chg coeffs, 778 upgd conss, 8591 impls, 18296 clqs
presolving (4 rounds: 4 fast, 2 medium, 2 exhaustive):
 2 deleted vars, 6 deleted constraints, 0 added constraints, 56 tightened bounds, 0 added holes, 4 changed sides, 394 changed coefficients
 8591 implications, 18296 cliques
presolved problem has 2041 variables (1969 bin, 0 int, 0 impl, 72 cont) and 9251 constraints
      1 constraints of type <chancecons>
   7945 constraints of type <varbound>
    778 constraints of type <setppc>
    519 constraints of type <linear>
      8 constraints of type <bounddisjunction>
Presolving Time: 0.57
transformed 15/16 original solutions to the transformed problem space

 time | node  | left  |LP iter|LP it/n|mem/heur|mdpt |vars |cons |rows |cuts |sepa|confs|strbr|  dualbound   | primalbound  |  gap   | compl. 
  712s|     1 |     0 |  1156k|     - |   264M |   0 |2041 |9251 |9229 |   0 |  0 |  69 | 801 | 1.792138e+05 | 1.821887e+05 |   1.66%| unknown
  714s|     1 |     0 |  1160k|     - |   265M |   0 |2041 |9252 |9365 | 136 |  1 |  70 | 801 | 1.792138e+05 | 1.821887e+05 |   1.66%| unknown
  715s|     1 |     0 |  1162k|     - |   266M |   0 |2041 |9252 |9475 | 246 |  2 |  70 | 801 | 1.792138e+05 | 1.821887e+05 |   1.66%| unknown
  716s|     1 |     0 |  1163k|     - |   267M |   0 |2041 |9252 |9551 | 322 |  3 |  70 | 801 | 1.792138e+05 | 1.821887e+05 |   1.66%| unknown
  717s|     1 |     0 |  1165k|     - |   268M |   0 |2041 |9252 |9624 | 395 |  4 |  70 | 801 | 1.792138e+05 | 1.821887e+05 |   1.66%| unknown
  718s|     1 |     0 |  1168k|     - |   269M |   0 |2041 |9252 |9683 | 454 |  5 |  70 | 801 | 1.792138e+05 | 1.821887e+05 |   1.66%| unknown
  719s|     1 |     0 |  1170k|     - |   270M |   0 |2041 |9252 |9740 | 511 |  6 |  70 | 801 | 1.792138e+05 | 1.821887e+05 |   1.66%| unknown
  720s|     1 |     0 |  1173k|     - |   271M |   0 |2041 |9252 |9802 | 573 |  7 |  70 | 801 | 1.792138e+05 | 1.821887e+05 |   1.66%| unknown
  721s|     1 |     0 |  1175k|     - |   272M |   0 |2041 |9252 |9854 | 625 |  8 |  70 | 801 | 1.792138e+05 | 1.821887e+05 |   1.66%| unknown
  723s|     1 |     0 |  1178k|     - |   273M |   0 |2041 |9252 |9914 | 685 |  9 |  70 | 801 | 1.792138e+05 | 1.821887e+05 |   1.66%| unknown
  724s|     1 |     0 |  1182k|     - |   274M |   0 |2041 |9252 |9989 | 760 | 10 |  70 | 801 | 1.792138e+05 | 1.821887e+05 |   1.66%| unknown
  726s|     1 |     0 |  1185k|     - |   275M |   0 |2041 |9252 |  10k| 823 | 11 |  70 | 801 | 1.792138e+05 | 1.821887e+05 |   1.66%| unknown
  728s|     1 |     0 |  1190k|     - |   276M |   0 |2041 |9252 |  10k| 880 | 12 |  70 | 801 | 1.792138e+05 | 1.821887e+05 |   1.66%| unknown
  729s|     1 |     0 |  1193k|     - |   277M |   0 |2041 |9252 |  10k| 938 | 13 |  70 | 801 | 1.792138e+05 | 1.821887e+05 |   1.66%| unknown
  730s|     1 |     0 |  1196k|     - |   278M |   0 |2041 |9252 |9808 |1008 | 14 |  70 | 801 | 1.792138e+05 | 1.821887e+05 |   1.66%| unknown
 time | node  | left  |LP iter|LP it/n|mem/heur|mdpt |vars |cons |rows |cuts |sepa|confs|strbr|  dualbound   | primalbound  |  gap   | compl. 
  732s|     1 |     0 |  1199k|     - |   279M |   0 |2041 |9252 |9862 |1062 | 15 |  70 | 801 | 1.792138e+05 | 1.821887e+05 |   1.66%| unknown
  734s|     1 |     0 |  1204k|     - |   280M |   0 |2041 |9252 |9920 |1120 | 16 |  70 | 801 | 1.792138e+05 | 1.821887e+05 |   1.66%| unknown
  736s|     1 |     0 |  1207k|     - |   281M |   0 |2041 |9252 |9992 |1192 | 17 |  70 | 801 | 1.792138e+05 | 1.821887e+05 |   1.66%| unknown
  737s|     1 |     0 |  1211k|     - |   282M |   0 |2041 |9252 |  10k|1251 | 18 |  70 | 801 | 1.792138e+05 | 1.821887e+05 |   1.66%| unknown
  739s|     1 |     0 |  1215k|     - |   282M |   0 |2041 |9252 |  10k|1320 | 19 |  70 | 801 | 1.792138e+05 | 1.821887e+05 |   1.66%| unknown
  741s|     1 |     0 |  1219k|     - |   283M |   0 |2041 |9252 |  10k|1395 | 20 |  70 | 801 | 1.792138e+05 | 1.821887e+05 |   1.66%| unknown
  743s|     1 |     0 |  1224k|     - |   283M |   0 |2041 |9252 |  10k|1456 | 21 |  70 | 801 | 1.792138e+05 | 1.821887e+05 |   1.66%| unknown
  746s|     1 |     0 |  1229k|     - |   283M |   0 |2041 |9252 |  10k|1523 | 22 |  70 | 801 | 1.792138e+05 | 1.821887e+05 |   1.66%| unknown
  749s|     1 |     0 |  1235k|     - |   285M |   0 |2041 |9253 |  10k|1599 | 23 |  71 | 801 | 1.792138e+05 | 1.821887e+05 |   1.66%| unknown
  751s|     1 |     0 |  1239k|     - |   285M |   0 |2041 |9253 |  10k|1668 | 24 |  71 | 801 | 1.792138e+05 | 1.821887e+05 |   1.66%| unknown
  754s|     1 |     0 |  1244k|     - |   285M |   0 |2041 |9253 |  10k|1726 | 25 |  71 | 801 | 1.792138e+05 | 1.821887e+05 |   1.66%| unknown
  757s|     1 |     0 |  1250k|     - |   285M |   0 |2041 |9253 |  10k|1788 | 26 |  71 | 801 | 1.792138e+05 | 1.821887e+05 |   1.66%| unknown
  760s|     1 |     0 |  1255k|     - |   285M |   0 |2041 |9253 |  10k|1843 | 27 |  71 | 801 | 1.792138e+05 | 1.821887e+05 |   1.66%| unknown
  764s|     1 |     0 |  1263k|     - |   285M |   0 |2041 |9253 |  10k|1908 | 28 |  71 | 801 | 1.792138e+05 | 1.821887e+05 |   1.66%| unknown
  768s|     1 |     0 |  1270k|     - |   286M |   0 |2041 |9253 |  10k|1987 | 29 |  71 | 801 | 1.792138e+05 | 1.821887e+05 |   1.66%| unknown
 time | node  | left  |LP iter|LP it/n|mem/heur|mdpt |vars |cons |rows |cuts |sepa|confs|strbr|  dualbound   | primalbound  |  gap   | compl. 
  773s|     1 |     0 |  1277k|     - |   286M |   0 |2041 |9253 |  10k|2070 | 30 |  71 | 801 | 1.792138e+05 | 1.821887e+05 |   1.66%| unknown
  776s|     1 |     0 |  1283k|     - |   286M |   0 |2041 |9253 |  10k|2141 | 31 |  71 | 801 | 1.792138e+05 | 1.821887e+05 |   1.66%| unknown
  780s|     1 |     0 |  1290k|     - |   286M |   0 |2041 |9253 |  10k|2219 | 32 |  71 | 801 | 1.792138e+05 | 1.821887e+05 |   1.66%| unknown
  784s|     1 |     0 |  1297k|     - |   286M |   0 |2041 |9253 |  10k|2285 | 33 |  71 | 801 | 1.792138e+05 | 1.821887e+05 |   1.66%| unknown
  787s|     1 |     0 |  1304k|     - |   286M |   0 |2041 |9253 |  10k|2345 | 34 |  71 | 801 | 1.792138e+05 | 1.821887e+05 |   1.66%| unknown
  791s|     1 |     0 |  1310k|     - |   286M |   0 |2041 |9253 |  10k|2411 | 35 |  71 | 801 | 1.792138e+05 | 1.821887e+05 |   1.66%| unknown
  795s|     1 |     0 |  1316k|     - |   287M |   0 |2041 |9253 |  10k|2469 | 36 |  71 | 801 | 1.792138e+05 | 1.821887e+05 |   1.66%| unknown
  801s|     1 |     0 |  1325k|     - |   287M |   0 |2041 |9253 |  10k|2544 | 37 |  71 | 801 | 1.792138e+05 | 1.821887e+05 |   1.66%| unknown
  807s|     1 |     0 |  1332k|     - |   287M |   0 |2041 |9253 |  10k|2619 | 38 |  71 | 801 | 1.792138e+05 | 1.821887e+05 |   1.66%| unknown
  814s|     1 |     0 |  1341k|     - |   287M |   0 |2041 |9253 |  10k|2687 | 39 |  71 | 801 | 1.792138e+05 | 1.821887e+05 |   1.66%| unknown
  819s|     1 |     0 |  1349k|     - |   287M |   0 |2041 |9253 |  10k|2754 | 40 |  71 | 801 | 1.792138e+05 | 1.821887e+05 |   1.66%| unknown
  826s|     1 |     0 |  1357k|     - |   287M |   0 |2041 |9253 |  10k|2831 | 41 |  71 | 801 | 1.792138e+05 | 1.821887e+05 |   1.66%| unknown
  833s|     1 |     0 |  1364k|     - |   288M |   0 |2041 |9253 |  10k|2917 | 42 |  71 | 801 | 1.792138e+05 | 1.821887e+05 |   1.66%| unknown
  842s|     1 |     0 |  1374k|     - |   288M |   0 |2041 |9253 |  10k|2992 | 43 |  71 | 801 | 1.792138e+05 | 1.821887e+05 |   1.66%| unknown
  848s|     1 |     0 |  1382k|     - |   288M |   0 |2041 |9253 |  10k|3069 | 44 |  71 | 801 | 1.792138e+05 | 1.821887e+05 |   1.66%| unknown
 time | node  | left  |LP iter|LP it/n|mem/heur|mdpt |vars |cons |rows |cuts |sepa|confs|strbr|  dualbound   | primalbound  |  gap   | compl. 
  853s|     1 |     0 |  1388k|     - |   288M |   0 |2041 |9253 |  10k|3129 | 45 |  71 | 801 | 1.792138e+05 | 1.821887e+05 |   1.66%| unknown
  863s|     1 |     0 |  1398k|     - |   288M |   0 |2041 |9253 |  10k|3209 | 46 |  71 | 801 | 1.792138e+05 | 1.821887e+05 |   1.66%| unknown
  867s|     1 |     0 |  1402k|     - |   288M |   0 |2041 |9253 |  10k|3283 | 47 |  71 | 801 | 1.792138e+05 | 1.821887e+05 |   1.66%| unknown
  895s|     1 |     2 |  1425k|     - |   288M |   0 |2041 |9253 |  10k|3283 | 47 |  71 | 822 | 1.792138e+05 | 1.821887e+05 |   1.66%| unknown
r1017s|    32 |    31 |  1498k|1132.3 |rounding|  27 |2041 |9251 |9671 |3543 |  0 |  71 |1004 | 1.792138e+05 | 1.821805e+05 |   1.66%| unknown
r1017s|    40 |    29 |  1498k|1123.5 |ziroundi|  31 |2041 |9252 |9676 |3562 |  1 |  72 |1004 | 1.792138e+05 | 1.821795e+05 |   1.65%| unknown
r1021s|    79 |    50 |  1508k|1090.5 |rounding|  52 |2041 |9252 |9712 |3638 |  0 |  72 |1009 | 1.792138e+05 | 1.821786e+05 |   1.65%|   9.29%
r1021s|    82 |    49 |  1508k|1087.4 |rounding|  53 |2041 |9252 |9712 |3638 |  0 |  72 |1009 | 1.792138e+05 | 1.821785e+05 |   1.65%|   9.29%
r1021s|    97 |    27 |  1508k|1072.0 |ziroundi|  53 |2041 |9252 |9712 |3658 |  1 |  72 |1009 | 1.792138e+05 | 1.821776e+05 |   1.65%|   9.29%
 1021s|   100 |    28 |  1508k|1069.0 |   291M |  53 |2041 |9252 |   0 |3658 |  0 |  72 |1009 | 1.792138e+05 | 1.821776e+05 |   1.65%|   9.29%
r1021s|   107 |    33 |  1508k|1062.2 |ziroundi|  53 |2041 |9252 |9682 |3669 |  2 |  72 |1009 | 1.792138e+05 | 1.821776e+05 |   1.65%|   9.29%
*1021s|   128 |    32 |  1508k|1042.0 |    LP  |  53 |2041 |9252 |9697 |3706 |  1 |  72 |1009 | 1.792138e+05 | 1.821766e+05 |   1.65%|   9.29%
r1022s|   130 |    32 |  1508k|1040.1 |ziroundi|  53 |2041 |9252 |9682 |3717 |  2 |  72 |1009 | 1.792138e+05 | 1.821665e+05 |   1.65%|   9.29%
r1022s|   153 |    31 |  1509k|1019.1 |rounding|  53 |2041 |9252 |9703 |3764 |  0 |  72 |1009 | 1.792138e+05 | 1.821655e+05 |   1.65%|   9.29%
*1022s|   172 |    38 |  1510k|1002.7 |    LP  |  53 |2041 |9253 |9710 |3824 |  1 |  73 |1050 | 1.792138e+05 | 1.821646e+05 |   1.65%|   9.29%
 time | node  | left  |LP iter|LP it/n|mem/heur|mdpt |vars |cons |rows |cuts |sepa|confs|strbr|  dualbound   | primalbound  |  gap   | compl. 
r1023s|   187 |    45 |  1510k| 989.8 |rounding|  53 |2041 |9254 |9715 |3857 |  0 |  74 |1067 | 1.792138e+05 | 1.821645e+05 |   1.65%|   9.29%
 1025s|   200 |    42 |  1515k| 982.8 |   301M |  53 |2041 |9253 |9716 |3864 |  0 |  74 |1072 | 1.792138e+05 | 1.821645e+05 |   1.65%|  21.76%
 1097s|   300 |    60 |  1639k|1003.5 |   307M |  53 |2041 |9257 |9717 |4878 |  0 |  79 |1165 | 1.792138e+05 | 1.821645e+05 |   1.65%|  25.81%
 1151s|   400 |    80 |  1719k| 988.2 |   308M |  53 |2041 |9257 |9705 |5351 |  1 |  82 |1230 | 1.792138e+05 | 1.821645e+05 |   1.65%|  25.82%
r1151s|   405 |    59 |  1719k| 984.7 |shifting|  53 |2041 |9257 |9713 |5359 |  2 |  82 |1230 | 1.792138e+05 | 1.821636e+05 |   1.65%|  25.82%
 1171s|   500 |    86 |  1760k| 949.0 |   308M |  53 |2041 |9257 |9695 |5642 |  1 |  83 |1287 | 1.792138e+05 | 1.821636e+05 |   1.65%|  25.82%
 1182s|   600 |    98 |  1778k| 899.7 |   308M |  53 |2041 |9266 |9715 |5974 |  2 |  93 |1296 | 1.792138e+05 | 1.821636e+05 |   1.65%|  25.82%
L1182s|   609 |    58 |  1779k| 894.9 |    rins|  53 |2041 |9266 |9713 |5980 |  2 |  93 |1296 | 1.792138e+05 | 1.814091e+05 |   1.22%|  28.38%
 1225s|   700 |   109 |  1874k| 903.1 |   309M |  53 |2041 |9268 |   0 |6670 |  0 |  95 |1369 | 1.792138e+05 | 1.814091e+05 |   1.22%|  29.52%
 1238s|   800 |   141 |  1901k| 867.4 |   318M |  60 |2041 |9267 |  10k|7330 |  1 |  98 |1423 | 1.792138e+05 | 1.814091e+05 |   1.22%|  29.52%
L1240s|   809 |    88 |  1903k| 864.1 |    rins|  60 |2041 |9266 |  10k|7342 |  2 |  98 |1441 | 1.792138e+05 | 1.810883e+05 |   1.05%|  38.74%
 1259s|   900 |    93 |  1939k| 841.2 |   320M |  60 |2041 |9256 |  10k|7718 |  0 | 100 |1519 | 1.792138e+05 | 1.810883e+05 |   1.05%|  39.08%
 1342s|  1000 |   103 |  2097k| 878.8 |   333M |  60 |2041 |9268 |  10k|9142 |  1 | 114 |1694 | 1.792138e+05 | 1.810883e+05 |   1.05%|  42.22%
 1478s|  1100 |   113 |  2266k| 918.0 |   347M |  60 |2041 |9271 |   0 |  10k|  0 | 123 |1884 | 1.792138e+05 | 1.810883e+05 |   1.05%|  43.05%
 1555s|  1200 |   139 |  2398k| 936.7 |   352M |  78 |2041 |9276 |  10k|  11k|  1 | 131 |1989 | 1.792138e+05 | 1.810883e+05 |   1.05%|  43.20%
 time | node  | left  |LP iter|LP it/n|mem/heur|mdpt |vars |cons |rows |cuts |sepa|confs|strbr|  dualbound   | primalbound  |  gap   | compl. 
 1631s|  1300 |   157 |  2528k| 952.7 |   355M |  90 |2041 |9279 |9763 |  11k|  1 | 137 |2110 | 1.792138e+05 | 1.810883e+05 |   1.05%|  43.20%
 1744s|  1400 |   167 |  2707k| 988.1 |   356M |  90 |2041 |9277 |9689 |  13k|  1 | 141 |2278 | 1.792138e+05 | 1.810883e+05 |   1.05%|  43.38%
 1819s|  1500 |   197 |  2833k| 999.1 |   357M |  90 |2041 |9278 |  10k|  13k|  1 | 145 |2413 | 1.792138e+05 | 1.810883e+05 |   1.05%|  43.43%
 1911s|  1600 |   211 |  2982k|1018.4 |   360M |  90 |2041 |9286 |9869 |  15k|  4 | 157 |2556 | 1.792138e+05 | 1.810883e+05 |   1.05%|  43.44%
 1975s|  1700 |   221 |  3077k|1015.8 |   365M |  90 |2041 |9291 |9860 |  16k|  1 | 165 |2668 | 1.792138e+05 | 1.810883e+05 |   1.05%|  43.47%
 2001s|  1800 |   221 |  3118k| 994.1 |   367M |  90 |2041 |9290 |9916 |  16k|  5 | 171 |2752 | 1.792156e+05 | 1.810883e+05 |   1.04%|  43.72%
 2050s|  1900 |   227 |  3202k| 988.5 |   368M |  90 |2041 |9283 |9866 |  17k|  1 | 183 |2919 | 1.792529e+05 | 1.810883e+05 |   1.02%|  45.86%
 2097s|  2000 |   233 |  3287k| 983.8 |   374M |  90 |2041 |9283 |   0 |  18k|  0 | 188 |3032 | 1.792774e+05 | 1.810883e+05 |   1.01%|  45.90%
 2156s|  2100 |   241 |  3387k| 984.5 |   377M |  90 |2041 |9288 |  10k|  18k|  1 | 199 |3222 | 1.792921e+05 | 1.810883e+05 |   1.00%|  47.00%
 2209s|  2200 |   267 |  3480k| 982.5 |   378M |  90 |2041 |9302 |  10k|  19k|  1 | 214 |3323 | 1.792961e+05 | 1.810883e+05 |   1.00%|  47.03%
 2289s|  2300 |   287 |  3635k|1000.1 |   379M |  90 |2041 |9303 |9962 |  19k|  0 | 219 |3459 | 1.793113e+05 | 1.810883e+05 |   0.99%|  47.37%
 2377s|  2400 |   295 |  3777k|1012.7 |   380M |  90 |2041 |9301 |  10k|  20k|  0 | 223 |3683 | 1.793118e+05 | 1.810883e+05 |   0.99%|  48.29%
 2452s|  2500 |   327 |  3903k|1019.7 |   381M |  90 |2041 |9302 |   0 |  20k|  0 | 228 |3829 | 1.793137e+05 | 1.810883e+05 |   0.99%|  48.40%
 2538s|  2600 |   335 |  4040k|1029.7 |   382M |  90 |2041 |9313 |   0 |  21k|  0 | 243 |3989 | 1.793540e+05 | 1.810883e+05 |   0.97%|  48.49%
 2645s|  2700 |   345 |  4206k|1046.7 |   384M |  90 |2041 |9310 |  10k|  21k|  1 | 245 |4113 | 1.793796e+05 | 1.810883e+05 |   0.95%|  48.54%
 time | node  | left  |LP iter|LP it/n|mem/heur|mdpt |vars |cons |rows |cuts |sepa|confs|strbr|  dualbound   | primalbound  |  gap   | compl. 
 2721s|  2800 |   359 |  4347k|1056.5 |   401M |  90 |2041 |9323 |   0 |  22k|  0 | 267 |4268 | 1.793941e+05 | 1.810883e+05 |   0.94%|  48.69%
 2753s|  2900 |   379 |  4413k|1046.1 |   406M |  90 |2041 |9324 |9706 |  22k|  1 | 278 |4374 | 1.794008e+05 | 1.810883e+05 |   0.94%|  49.72%
*2765s|  2920 |   387 |  4429k|1045.0 |strongbr|  90 |2041 |9324 |9736 |  23k|  1 | 278 |4427 | 1.794027e+05 | 1.810758e+05 |   0.93%|  49.79%
 2785s|  3000 |   399 |  4461k|1031.8 |   409M |  90 |2041 |9320 |   0 |  23k|  0 | 278 |4457 | 1.794042e+05 | 1.810758e+05 |   0.93%|  49.79%
 2797s|  3100 |   407 |  4486k|1012.6 |   409M |  90 |2041 |9318 |9750 |  23k|  0 | 278 |4488 | 1.794241e+05 | 1.810758e+05 |   0.92%|  49.88%
 2827s|  3200 |   413 |  4534k| 999.8 |   412M |  90 |2041 |9317 |9746 |  23k|  1 | 280 |4593 | 1.794277e+05 | 1.810758e+05 |   0.92%|  49.90%
 2863s|  3300 |   429 |  4593k| 990.3 |   412M |  90 |2041 |9316 |9753 |  24k|  1 | 282 |4687 | 1.794348e+05 | 1.810758e+05 |   0.91%|  49.91%
 2868s|  3400 |   437 |  4603k| 969.7 |   413M |  90 |2041 |9319 |9753 |  24k|  2 | 286 |4702 | 1.794384e+05 | 1.810758e+05 |   0.91%|  49.99%
*2868s|  3432 |   432 |  4603k| 962.7 |    LP  |  90 |2041 |9319 |9753 |  24k|  1 | 286 |4702 | 1.794384e+05 | 1.810731e+05 |   0.91%|  49.99%
 2869s|  3500 |   434 |  4605k| 948.5 |   414M |  90 |2041 |9319 |9752 |  24k|  0 | 286 |4707 | 1.794384e+05 | 1.810731e+05 |   0.91%|  49.99%
 2915s|  3600 |   444 |  4679k| 944.0 |   416M |  90 |2041 |9319 |9745 |  24k|  0 | 291 |4828 | 1.794552e+05 | 1.810731e+05 |   0.90%|  50.22%
L2943s|  3632 |   394 |  4721k| 946.4 |crossove|  90 |2041 |9319 |   0 |  24k|  0 | 292 |4900 | 1.794624e+05 | 1.810026e+05 |   0.86%|  50.24%
 2947s|  3700 |   400 |  4736k| 935.9 |   422M |  90 |2041 |9325 |9767 |  24k|  3 | 298 |4952 | 1.794624e+05 | 1.810026e+05 |   0.86%|  50.25%
 2951s|  3800 |   396 |  4749k| 918.9 |   423M |  90 |2041 |9324 |9806 |  25k|  0 | 299 |4982 | 1.794624e+05 | 1.810026e+05 |   0.86%|  50.28%
 3032s|  3900 |   418 |  4888k| 928.6 |   424M |  90 |2041 |9321 |9866 |  25k|  2 | 300 |5108 | 1.794818e+05 | 1.810026e+05 |   0.85%|  50.48%
 time | node  | left  |LP iter|LP it/n|mem/heur|mdpt |vars |cons |rows |cuts |sepa|confs|strbr|  dualbound   | primalbound  |  gap   | compl. 
 3066s|  4000 |   434 |  4961k| 924.7 |   425M |  90 |2041 |9320 |9929 |  26k|  0 | 302 |5149 | 1.795060e+05 | 1.810026e+05 |   0.83%|  50.49%
 3113s|  4100 |   448 |  5078k| 929.5 |   429M |  90 |2041 |9319 |  10k|  26k|  1 | 302 |5163 | 1.795136e+05 | 1.810026e+05 |   0.83%|  50.52%
 3132s|  4200 |   462 |  5125k| 920.7 |   431M |  90 |2041 |9326 |  10k|  26k|  2 | 310 |5185 | 1.795211e+05 | 1.810026e+05 |   0.83%|  50.55%
 3141s|  4300 |   460 |  5147k| 907.2 |   433M |  90 |2041 |9336 |  10k|  26k|  1 | 323 |5190 | 1.795271e+05 | 1.810026e+05 |   0.82%|  50.57%
 3167s|  4400 |   470 |  5211k| 902.3 |   438M |  90 |2041 |9340 |  10k|  27k|  2 | 330 |5202 | 1.795343e+05 | 1.810026e+05 |   0.82%|  50.59%
 3185s|  4500 |   490 |  5257k| 894.3 |   444M |  90 |2041 |9343 |9803 |  27k|  1 | 334 |5222 | 1.795388e+05 | 1.810026e+05 |   0.82%|  51.02%
 3199s|  4600 |   510 |  5295k| 884.9 |   458M |  90 |2041 |9354 |9872 |  28k|  0 | 346 |5240 | 1.795428e+05 | 1.810026e+05 |   0.81%|  51.05%
 3238s|  4700 |   526 |  5385k| 885.2 |   467M |  90 |2041 |9356 |9834 |  29k|  2 | 349 |5251 | 1.795521e+05 | 1.810026e+05 |   0.81%|  51.08%
 3252s|  4800 |   518 |  5426k| 877.0 |   473M |  90 |2041 |9361 |9926 |  29k|  2 | 356 |5254 | 1.795546e+05 | 1.810026e+05 |   0.81%|  51.10%
 3272s|  4900 |   538 |  5482k| 871.5 |   479M |  90 |2041 |9363 |   0 |  29k|  0 | 360 |5256 | 1.795567e+05 | 1.810026e+05 |   0.81%|  51.11%
 3280s|  5000 |   548 |  5504k| 860.5 |   484M |  90 |2041 |9367 |9885 |  30k|  3 | 365 |5262 | 1.795606e+05 | 1.810026e+05 |   0.80%|  51.13%
L3289s|  5029 |   523 |  5528k| 860.4 |crossove|  90 |2041 |9370 |  10k|  30k|  1 | 368 |5264 | 1.795674e+05 | 1.809716e+05 |   0.78%|  51.13%
 3322s|  5100 |   542 |  5612k| 864.2 |   485M |  90 |2041 |9367 |9860 |  31k|  0 | 368 |5270 | 1.795753e+05 | 1.809716e+05 |   0.78%|  51.20%
 3353s|  5200 |   552 |  5696k| 863.9 |   485M |  90 |2041 |9369 |9850 |  31k|  2 | 370 |5280 | 1.795819e+05 | 1.809716e+05 |   0.77%|  51.34%
 3366s|  5300 |   552 |  5731k| 855.6 |   486M |  90 |2041 |9368 |9667 |  32k|  1 | 373 |5283 | 1.795881e+05 | 1.809716e+05 |   0.77%|  51.45%
 time | node  | left  |LP iter|LP it/n|mem/heur|mdpt |vars |cons |rows |cuts |sepa|confs|strbr|  dualbound   | primalbound  |  gap   | compl. 
 3385s|  5400 |   558 |  5777k| 849.4 |   486M |  90 |2041 |9362 |9787 |  32k|  2 | 374 |5294 | 1.795928e+05 | 1.809716e+05 |   0.77%|  51.53%
 3410s|  5500 |   575 |  5831k| 844.6 |   490M |  90 |2041 |9363 |  10k|  32k|  2 | 378 |5303 | 1.795937e+05 | 1.809716e+05 |   0.77%|  51.55%
 3443s|  5600 |   589 |  5921k| 845.5 |   493M |  90 |2041 |9364 |9824 |  33k|  1 | 380 |5305 | 1.795972e+05 | 1.809716e+05 |   0.77%|  51.60%
 3481s|  5700 |   595 |  6024k| 848.2 |   495M |  90 |2041 |9366 |  10k|  33k|  0 | 384 |5310 | 1.796005e+05 | 1.809716e+05 |   0.76%|  51.74%
 3500s|  5800 |   615 |  6083k| 844.5 |   497M |  90 |2041 |9366 |   0 |  34k|  0 | 386 |5310 | 1.796033e+05 | 1.809716e+05 |   0.76%|  51.74%
 3518s|  5900 |   643 |  6133k| 839.4 |   502M |  90 |2041 |9367 |  10k|  34k|  1 | 387 |5314 | 1.796186e+05 | 1.809716e+05 |   0.75%|  51.94%
 3522s|  6000 |   653 |  6146k| 829.3 |   503M |  90 |2041 |9367 |  10k|  34k|  0 | 388 |5314 | 1.796186e+05 | 1.809716e+05 |   0.75%|  51.94%
 3550s|  6100 |   665 |  6220k| 828.0 |   503M |  90 |2041 |9368 |  10k|  35k|  1 | 390 |5340 | 1.796259e+05 | 1.809716e+05 |   0.75%|  52.04%
 3601s|  6200 |   691 |  6322k| 830.6 |   504M |  90 |2041 |9367 |  10k|  35k|  0 | 395 |5429 | 1.796324e+05 | 1.809716e+05 |   0.75%|  52.06%
 3627s|  6300 |   702 |  6375k| 826.4 |   505M |  90 |2041 |9366 |  10k|  36k|  0 | 397 |5480 | 1.796468e+05 | 1.809716e+05 |   0.74%|  52.35%
 3649s|  6400 |   712 |  6415k| 820.7 |   507M |  90 |2041 |9365 |  10k|  36k|  2 | 400 |5548 | 1.796594e+05 | 1.809716e+05 |   0.73%|  52.55%
 3676s|  6500 |   720 |  6471k| 817.2 |   508M |  90 |2041 |9363 |  10k|  37k|  4 | 405 |5591 | 1.796602e+05 | 1.809716e+05 |   0.73%|  52.56%
 3690s|  6600 |   728 |  6497k| 809.9 |   508M |  90 |2041 |9356 |  10k|  37k|  0 | 407 |5651 | 1.796606e+05 | 1.809716e+05 |   0.73%|  52.58%
 3709s|  6700 |   734 |  6536k| 804.3 |   509M |  90 |2041 |9354 |  10k|  37k|  3 | 408 |5680 | 1.796632e+05 | 1.809716e+05 |   0.73%|  52.59%
*3771s|  6796 |   745 |  6641k| 807.9 |    LP  |  90 |2041 |9351 |  10k|  37k|  1 | 419 |5865 | 1.796712e+05 | 1.809601e+05 |   0.72%|  52.63%
 time | node  | left  |LP iter|LP it/n|mem/heur|mdpt |vars |cons |rows |cuts |sepa|confs|strbr|  dualbound   | primalbound  |  gap   | compl. 
 3771s|  6800 |   745 |  6641k| 807.5 |   509M |  90 |2041 |9350 |  10k|  37k|  1 | 419 |5865 | 1.796712e+05 | 1.809601e+05 |   0.72%|  52.63%
 3789s|  6900 |   759 |  6676k| 801.6 |   510M |  90 |2041 |9345 |  10k|  38k|  2 | 420 |5911 | 1.796737e+05 | 1.809601e+05 |   0.72%|  52.65%
*3790s|  6909 |   745 |  6677k| 800.9 |    LP  |  90 |2041 |9345 |  10k|  38k|  2 | 420 |5911 | 1.796737e+05 | 1.809489e+05 |   0.71%|  52.65%
*3792s|  6959 |   717 |  6683k| 796.6 |    LP  |  90 |2041 |9341 |  10k|  38k|  1 | 420 |5911 | 1.796747e+05 | 1.809179e+05 |   0.69%|  52.80%
 3806s|  7000 |   712 |  6708k| 795.6 |   511M |  90 |2041 |9337 |  10k|  38k|  1 | 420 |5941 | 1.796758e+05 | 1.809179e+05 |   0.69%|  53.00%
 3827s|  7100 |   714 |  6754k| 791.5 |   512M |  90 |2041 |9337 |   0 |  38k|  0 | 423 |6040 | 1.796783e+05 | 1.809179e+05 |   0.69%|  53.09%
 3858s|  7200 |   718 |  6811k| 788.7 |   512M |  90 |2041 |9336 |  10k|  38k|  0 | 424 |6104 | 1.796807e+05 | 1.809179e+05 |   0.69%|  53.28%
*3869s|  7283 |   729 |  6833k| 783.5 |    LP  |  90 |2041 |9334 |  10k|  38k|  1 | 424 |6160 | 1.796816e+05 | 1.809139e+05 |   0.69%|  53.32%
 3871s|  7300 |   732 |  6836k| 782.2 |   513M |  90 |2041 |9334 |  10k|  38k|  2 | 424 |6178 | 1.796816e+05 | 1.809139e+05 |   0.69%|  53.32%
 3910s|  7400 |   718 |  6913k| 782.1 |   513M |  90 |2041 |9332 |  10k|  39k|  3 | 427 |6297 | 1.796899e+05 | 1.809139e+05 |   0.68%|  53.74%
 3918s|  7500 |   734 |  6931k| 774.9 |   514M |  90 |2041 |9336 |  10k|  39k|  1 | 431 |6332 | 1.796899e+05 | 1.809139e+05 |   0.68%|  53.74%
 3966s|  7600 |   734 |  7027k| 777.1 |   517M |  90 |2041 |9336 |9934 |  39k|  1 | 435 |6439 | 1.797053e+05 | 1.809139e+05 |   0.67%|  53.99%
 3984s|  7700 |   740 |  7069k| 773.0 |   522M |  90 |2041 |9334 |  10k|  40k|  0 | 439 |6508 | 1.797053e+05 | 1.809139e+05 |   0.67%|  54.09%
 3998s|  7800 |   746 |  7108k| 768.6 |   523M |  90 |2041 |9337 |  10k|  40k|  2 | 443 |6534 | 1.797053e+05 | 1.809139e+05 |   0.67%|  54.09%
 4005s|  7900 |   742 |  7130k| 762.4 |   524M |  90 |2041 |9340 |  10k|  40k|  0 | 447 |6545 | 1.797053e+05 | 1.809139e+05 |   0.67%|  54.09%
 time | node  | left  |LP iter|LP it/n|mem/heur|mdpt |vars |cons |rows |cuts |sepa|confs|strbr|  dualbound   | primalbound  |  gap   | compl. 
 4051s|  8000 |   754 |  7204k| 762.2 |   524M |  90 |2041 |9338 |  10k|  40k|  0 | 449 |6657 | 1.797084e+05 | 1.809139e+05 |   0.67%|  54.10%
 4091s|  8100 |   758 |  7297k| 764.1 |   526M |  90 |2041 |9341 |  10k|  41k|  0 | 455 |6723 | 1.797159e+05 | 1.809139e+05 |   0.67%|  54.46%
 4106s|  8200 |   760 |  7337k| 760.0 |   526M |  90 |2041 |9340 |  10k|  41k|  0 | 455 |6743 | 1.797186e+05 | 1.809139e+05 |   0.67%|  54.47%
 4117s|  8300 |   778 |  7364k| 754.7 |   528M |  90 |2041 |9335 |   0 |  41k|  0 | 456 |6780 | 1.797215e+05 | 1.809139e+05 |   0.66%|  54.80%
 4151s|  8400 |   790 |  7421k| 752.8 |   528M |  90 |2041 |9334 |9922 |  41k|  1 | 463 |6853 | 1.797254e+05 | 1.809139e+05 |   0.66%|  54.87%
 4209s|  8500 |   808 |  7547k| 758.2 |   529M |  90 |2041 |9332 |   0 |  42k|  0 | 468 |6909 | 1.797357e+05 | 1.809139e+05 |   0.66%|  54.98%
 4229s|  8600 |   824 |  7600k| 755.7 |   529M |  90 |2041 |9331 |9916 |  42k|  1 | 469 |6914 | 1.797368e+05 | 1.809139e+05 |   0.65%|  55.01%
 4254s|  8700 |   836 |  7657k| 753.9 |   529M |  90 |2041 |9332 |   0 |  42k|  0 | 474 |6931 | 1.797478e+05 | 1.809139e+05 |   0.65%|  55.04%
 4278s|  8800 |   854 |  7726k| 753.2 |   529M |  90 |2041 |9331 |9925 |  42k|  1 | 476 |6937 | 1.797541e+05 | 1.809139e+05 |   0.65%|  55.07%
 4303s|  8900 |   868 |  7792k| 752.3 |   531M |  90 |2041 |9331 |  10k|  43k|  1 | 481 |6960 | 1.797568e+05 | 1.809139e+05 |   0.64%|  55.15%
 4335s|  9000 |   874 |  7870k| 752.5 |   533M |  90 |2041 |9327 |9933 |  43k|  1 | 484 |6982 | 1.797651e+05 | 1.809139e+05 |   0.64%|  55.34%
 4366s|  9100 |   874 |  7929k| 750.9 |   541M |  90 |2041 |9326 |  10k|  44k|  1 | 484 |7028 | 1.797715e+05 | 1.809139e+05 |   0.64%|  55.39%
 4385s|  9200 |   884 |  7979k| 748.5 |   544M |  90 |2041 |9325 |9979 |  44k|  1 | 488 |7035 | 1.797715e+05 | 1.809139e+05 |   0.64%|  55.41%
 4411s|  9300 |   892 |  8053k| 748.4 |   544M |  90 |2041 |9325 |   0 |  45k|  0 | 492 |7043 | 1.797730e+05 | 1.809139e+05 |   0.63%|  55.46%
 4438s|  9400 |   890 |  8129k| 748.5 |   545M |  90 |2041 |9327 |  10k|  46k|  1 | 497 |7059 | 1.797805e+05 | 1.809139e+05 |   0.63%|  55.61%
 time | node  | left  |LP iter|LP it/n|mem/heur|mdpt |vars |cons |rows |cuts |sepa|confs|strbr|  dualbound   | primalbound  |  gap   | compl. 
 4500s|  9500 |   894 |  8269k| 754.7 |   545M |  90 |2041 |9326 |  10k|  46k|  3 | 498 |7088 | 1.797877e+05 | 1.809139e+05 |   0.63%|  55.72%
 4519s|  9600 |   912 |  8318k| 752.2 |   549M |  90 |2041 |9325 |   0 |  46k|  0 | 500 |7102 | 1.797899e+05 | 1.809139e+05 |   0.63%|  55.73%
 4531s|  9700 |   924 |  8353k| 748.4 |   552M |  90 |2041 |9324 |  10k|  47k|  2 | 503 |7110 | 1.797902e+05 | 1.809139e+05 |   0.62%|  55.73%
 4558s|  9800 |   924 |  8428k| 748.5 |   561M |  90 |2041 |9322 |  10k|  47k|  0 | 507 |7116 | 1.797905e+05 | 1.809139e+05 |   0.62%|  55.85%
 4581s|  9900 |   938 |  8484k| 746.8 |   561M |  90 |2041 |9320 |  10k|  48k|  3 | 508 |7134 | 1.797958e+05 | 1.809139e+05 |   0.62%|  55.98%
 4604s| 10000 |   960 |  8547k| 745.7 |   565M |  90 |2041 |9319 |  10k|  48k|  0 | 508 |7143 | 1.797972e+05 | 1.809139e+05 |   0.62%|  56.02%
 4625s| 10100 |   966 |  8609k| 744.5 |   566M |  90 |2041 |9321 |  10k|  48k|  2 | 513 |7146 | 1.797976e+05 | 1.809139e+05 |   0.62%|  56.06%
 4668s| 10200 |   974 |  8719k| 747.7 |   573M |  90 |2041 |9323 |  10k|  49k|  1 | 518 |7169 | 1.797988e+05 | 1.809139e+05 |   0.62%|  56.10%
 4692s| 10300 |   966 |  8792k| 747.5 |   573M |  90 |2041 |9323 |  10k|  50k|  1 | 524 |7174 | 1.797988e+05 | 1.809139e+05 |   0.62%|  56.10%
 4728s| 10400 |   952 |  8881k| 748.8 |   578M |  90 |2041 |9319 |  10k|  50k|  2 | 530 |7192 | 1.798003e+05 | 1.809139e+05 |   0.62%|  56.24%
 4740s| 10500 |   966 |  8917k| 745.4 |   580M |  90 |2041 |9318 |   0 |  51k|  0 | 530 |7193 | 1.798015e+05 | 1.809139e+05 |   0.62%|  56.26%
 4774s| 10600 |   972 |  9005k| 746.5 |   584M |  90 |2041 |9318 |  10k|  51k|  2 | 536 |7203 | 1.798135e+05 | 1.809139e+05 |   0.61%|  56.38%
 4796s| 10700 |   976 |  9071k| 745.8 |   590M |  90 |2041 |9321 |  10k|  52k|  1 | 541 |7204 | 1.798135e+05 | 1.809139e+05 |   0.61%|  56.40%
 4832s| 10800 |   986 |  9143k| 745.6 |   591M |  90 |2041 |9324 |  10k|  53k|  0 | 545 |7277 | 1.798140e+05 | 1.809139e+05 |   0.61%|  56.43%
 4851s| 10900 |   996 |  9180k| 742.4 |   592M |  90 |2041 |9327 |  10k|  53k|  2 | 549 |7336 | 1.798191e+05 | 1.809139e+05 |   0.61%|  56.61%
 time | node  | left  |LP iter|LP it/n|mem/heur|mdpt |vars |cons |rows |cuts |sepa|confs|strbr|  dualbound   | primalbound  |  gap   | compl. 
 4868s| 11000 |  1016 |  9223k| 739.8 |   592M |  90 |2041 |9328 |  10k|  53k|  0 | 550 |7365 | 1.798221e+05 | 1.809139e+05 |   0.61%|  56.62%
 4911s| 11100 |  1026 |  9298k| 739.9 |   593M |  90 |2041 |9329 |   0 |  53k|  0 | 551 |7428 | 1.798244e+05 | 1.809139e+05 |   0.61%|  56.65%
 4953s| 11200 |  1044 |  9393k| 741.6 |   593M |  90 |2041 |9324 |  10k|  54k|  0 | 553 |7495 | 1.798271e+05 | 1.809139e+05 |   0.60%|  56.69%
 4990s| 11300 |  1036 |  9463k| 741.3 |   594M |  90 |2041 |9330 |  10k|  54k|  0 | 563 |7654 | 1.798309e+05 | 1.809139e+05 |   0.60%|  56.73%
 5037s| 11400 |  1032 |  9572k| 744.1 |   595M |  90 |2041 |9331 |  10k|  54k|  0 | 570 |7760 | 1.798363e+05 | 1.809139e+05 |   0.60%|  56.75%
L5057s| 11438 |   952 |  9599k| 744.0 |    rins|  90 |2041 |9329 |  10k|  54k|  1 | 570 |7797 | 1.798397e+05 | 1.808531e+05 |   0.56%|  56.79%
 5086s| 11500 |   924 |  9668k| 745.8 |   604M |  90 |2041 |9331 |  10k|  55k|  0 | 581 |7866 | 1.798412e+05 | 1.808531e+05 |   0.56%|  57.32%
 5142s| 11600 |   936 |  9765k| 747.7 |   616M |  90 |2041 |9330 |  10k|  55k|  2 | 585 |7982 | 1.798441e+05 | 1.808531e+05 |   0.56%|  57.51%
L5150s| 11639 |   847 |  9788k| 747.1 |    rins|  90 |2041 |9328 |  10k|  55k|  1 | 585 |7994 | 1.798444e+05 | 1.808063e+05 |   0.53%|  57.62%
 5165s| 11700 |   860 |  9819k| 746.0 |   618M |  90 |2041 |9322 |  10k|  56k|  1 | 585 |8039 | 1.798469e+05 | 1.808063e+05 |   0.53%|  57.65%
 5197s| 11800 |   860 |  9894k| 746.0 |   628M |  90 |2041 |9320 |   0 |  56k|  0 | 589 |8095 | 1.798477e+05 | 1.808063e+05 |   0.53%|  57.89%
 5219s| 11900 |   868 |  9935k| 743.4 |   638M |  90 |2041 |9322 |  10k|  57k|  0 | 593 |8203 | 1.798477e+05 | 1.808063e+05 |   0.53%|  57.89%
 5251s| 12000 |   896 | 10025k| 744.7 |   638M |  90 |2041 |9323 |  10k|  57k|  3 | 598 |8257 | 1.798498e+05 | 1.808063e+05 |   0.53%|  57.90%
 5281s| 12100 |   886 | 10086k| 743.6 |   639M |  90 |2041 |9328 |  10k|  58k|  0 | 605 |8384 | 1.798509e+05 | 1.808063e+05 |   0.53%|  57.92%
 5308s| 12200 |   902 | 10138k| 741.9 |   646M |  90 |2041 |9332 |  10k|  58k|  1 | 609 |8481 | 1.798525e+05 | 1.808063e+05 |   0.53%|  57.94%
 time | node  | left  |LP iter|LP it/n|mem/heur|mdpt |vars |cons |rows |cuts |sepa|confs|strbr|  dualbound   | primalbound  |  gap   | compl. 
 5358s| 12300 |   894 | 10253k| 745.0 |   646M |  90 |2041 |9330 |  10k|  59k|  0 | 613 |8527 | 1.798601e+05 | 1.808063e+05 |   0.53%|  58.11%
 5386s| 12400 |   914 | 10321k| 744.4 |   652M |  90 |2041 |9329 |  10k|  60k|  0 | 619 |8588 | 1.798632e+05 | 1.808063e+05 |   0.52%|  58.12%
 5443s| 12500 |   914 | 10445k| 748.2 |   656M |  90 |2041 |9334 |  10k|  60k|  1 | 627 |8640 | 1.798639e+05 | 1.808063e+05 |   0.52%|  58.17%
 5488s| 12600 |   924 | 10556k| 750.8 |   668M |  90 |2041 |9336 |   0 |  61k|  0 | 639 |8685 | 1.798667e+05 | 1.808063e+05 |   0.52%|  58.45%
 5505s| 12700 |   936 | 10603k| 748.8 |   669M |  90 |2041 |9344 |  10k|  62k|  0 | 649 |8709 | 1.798667e+05 | 1.808063e+05 |   0.52%|  58.45%
 5555s| 12800 |   944 | 10721k| 751.9 |   672M |  90 |2041 |9346 |   0 |  62k|  0 | 654 |8758 | 1.798680e+05 | 1.808063e+05 |   0.52%|  58.54%
 5590s| 12900 |   952 | 10812k| 753.0 |   676M |  90 |2041 |9353 |  10k|  63k|  0 | 665 |8782 | 1.798729e+05 | 1.808063e+05 |   0.52%|  58.61%
 5634s| 13000 |   954 | 10903k| 754.2 |   677M |  90 |2041 |9351 |   0 |  63k|  0 | 672 |8872 | 1.798741e+05 | 1.808063e+05 |   0.52%|  58.66%
 5664s| 13100 |   960 | 10942k| 751.6 |   677M |  90 |2041 |9348 |  10k|  64k|  3 | 680 |8979 | 1.798749e+05 | 1.808063e+05 |   0.52%|  58.71%
 5702s| 13200 |   975 | 11019k| 751.7 |   678M |  90 |2041 |9342 |  10k|  64k|  0 | 680 |9010 | 1.798782e+05 | 1.808063e+05 |   0.52%|  58.90%
 5715s| 13300 |   977 | 11056k| 749.0 |   686M |  90 |2041 |9350 |  10k|  65k|  2 | 688 |9021 | 1.798782e+05 | 1.808063e+05 |   0.52%|  58.90%
 5736s| 13400 |   981 | 11123k| 748.5 |   686M |  90 |2041 |9360 |  10k|  65k|  1 | 700 |9028 | 1.798786e+05 | 1.808063e+05 |   0.52%|  58.93%
 5756s| 13500 |   979 | 11173k| 746.8 |   687M |  90 |2041 |9357 |  10k|  66k|  1 | 701 |9055 | 1.798821e+05 | 1.808063e+05 |   0.51%|  58.97%
 5771s| 13600 |  1001 | 11210k| 744.2 |   687M |  90 |2041 |9360 |  10k|  66k|  1 | 704 |9077 | 1.798821e+05 | 1.808063e+05 |   0.51%|  58.97%
 5824s| 13700 |  1009 | 11333k| 747.5 |   687M |  90 |2041 |9356 |  10k|  66k|  3 | 707 |9103 | 1.798845e+05 | 1.808063e+05 |   0.51%|  59.00%
 time | node  | left  |LP iter|LP it/n|mem/heur|mdpt |vars |cons |rows |cuts |sepa|confs|strbr|  dualbound   | primalbound  |  gap   | compl. 
 5855s| 13800 |  1021 | 11398k| 746.8 |   687M |  90 |2041 |9355 |  10k|  66k|  1 | 708 |9142 | 1.798875e+05 | 1.808063e+05 |   0.51%|  59.02%
 5888s| 13900 |  1019 | 11447k| 745.1 |   688M |  90 |2041 |9350 |   0 |  67k|  0 | 710 |9183 | 1.798886e+05 | 1.808063e+05 |   0.51%|  59.04%
 5911s| 14000 |  1041 | 11513k| 744.5 |   688M |  90 |2041 |9351 |  10k|  67k|  0 | 712 |9186 | 1.798886e+05 | 1.808063e+05 |   0.51%|  59.04%
 5938s| 14100 |  1049 | 11582k| 744.1 |   689M |  90 |2041 |9349 |  10k|  67k|  0 | 712 |9198 | 1.798957e+05 | 1.808063e+05 |   0.51%|  59.17%
 5958s| 14200 |  1059 | 11627k| 742.3 |   689M |  90 |2041 |9349 |  10k|  67k|  3 | 713 |9225 | 1.798971e+05 | 1.808063e+05 |   0.51%|  59.27%
 6008s| 14300 |  1075 | 11733k| 744.3 |   689M |  90 |2041 |9348 |  10k|  68k|  1 | 717 |9255 | 1.798995e+05 | 1.808063e+05 |   0.50%|  59.28%
 6042s| 14400 |  1083 | 11821k| 745.2 |   689M |  90 |2041 |9346 |  10k|  68k|  0 | 720 |9259 | 1.799011e+05 | 1.808063e+05 |   0.50%|  59.35%
 6079s| 14500 |  1093 | 11922k| 746.9 |   689M |  90 |2041 |9351 |  10k|  69k|  3 | 726 |9262 | 1.799024e+05 | 1.808063e+05 |   0.50%|  59.40%
L6086s| 14530 |  1052 | 11942k| 746.8 |crossove|  90 |2041 |9352 |  10k|  69k|  2 | 732 |9262 | 1.799024e+05 | 1.807911e+05 |   0.49%|  59.42%
 6099s| 14600 |  1046 | 11983k| 746.0 |   690M |  90 |2041 |9353 |  10k|  69k|  0 | 734 |9264 | 1.799026e+05 | 1.807911e+05 |   0.49%|  59.49%
 6138s| 14700 |  1058 | 12072k| 746.9 |   690M |  90 |2041 |9352 |  10k|  69k|  0 | 737 |9274 | 1.799038e+05 | 1.807911e+05 |   0.49%|  59.74%
 6153s| 14800 |  1048 | 12114k| 744.8 |   690M |  90 |2041 |9352 |  10k|  69k|  3 | 740 |9279 | 1.799069e+05 | 1.807911e+05 |   0.49%|  59.91%
 6168s| 14900 |  1050 | 12151k| 742.5 |   697M |  90 |2041 |9348 |  10k|  69k|  1 | 741 |9296 | 1.799079e+05 | 1.807911e+05 |   0.49%|  59.98%
 6194s| 15000 |  1066 | 12219k| 742.1 |   697M |  90 |2041 |9345 |  10k|  70k|  3 | 741 |9305 | 1.799089e+05 | 1.807911e+05 |   0.49%|  60.05%
 6214s| 15100 |  1073 | 12274k| 740.9 |   703M |  90 |2041 |9350 |  10k|  70k|  2 | 750 |9310 | 1.799099e+05 | 1.807911e+05 |   0.49%|  60.07%
 time | node  | left  |LP iter|LP it/n|mem/heur|mdpt |vars |cons |rows |cuts |sepa|confs|strbr|  dualbound   | primalbound  |  gap   | compl. 
 6226s| 15200 |  1077 | 12310k| 738.5 |   703M |  90 |2041 |9353 |  10k|  70k|  1 | 754 |9311 | 1.799104e+05 | 1.807911e+05 |   0.49%|  60.11%
 6259s| 15300 |  1091 | 12391k| 739.0 |   712M |  90 |2041 |9356 |  10k|  71k|  2 | 762 |9320 | 1.799144e+05 | 1.807911e+05 |   0.49%|  60.12%
 6278s| 15400 |  1093 | 12446k| 737.8 |   718M |  90 |2041 |9365 |  10k|  71k|  1 | 772 |9322 | 1.799160e+05 | 1.807911e+05 |   0.49%|  60.18%
 6322s| 15500 |  1095 | 12563k| 740.5 |   721M |  90 |2041 |9364 |  10k|  72k|  0 | 779 |9326 | 1.799163e+05 | 1.807911e+05 |   0.49%|  60.24%
 6333s| 15600 |  1125 | 12594k| 737.9 |   722M |  90 |2041 |9370 |  10k|  72k|  0 | 785 |9328 | 1.799163e+05 | 1.807911e+05 |   0.49%|  60.24%
 6354s| 15700 |  1119 | 12651k| 736.9 |   722M |  90 |2041 |9378 |9993 |  72k|  0 | 794 |9341 | 1.799167e+05 | 1.807911e+05 |   0.49%|  60.25%
 6368s| 15800 |  1131 | 12690k| 734.8 |   722M |  90 |2041 |9382 |  10k|  72k|  2 | 799 |9343 | 1.799176e+05 | 1.807911e+05 |   0.49%|  60.27%
 6404s| 15900 |  1150 | 12793k| 736.6 |   722M |  90 |2041 |9376 |  10k|  73k|  0 | 801 |9354 | 1.799218e+05 | 1.807911e+05 |   0.48%|  60.30%
 6445s| 16000 |  1152 | 12870k| 736.8 |   723M |  90 |2041 |9370 |  10k|  73k|  0 | 805 |9398 | 1.799227e+05 | 1.807911e+05 |   0.48%|  60.36%
 6550s| 16100 |  1154 | 13032k| 741.9 |   726M |  90 |2041 |9371 |  10k|  74k|  0 | 812 |9485 | 1.799259e+05 | 1.807911e+05 |   0.48%|  60.41%
 6591s| 16200 |  1172 | 13115k| 742.4 |   731M |  90 |2041 |9371 |  10k|  74k|  3 | 822 |9546 | 1.799305e+05 | 1.807911e+05 |   0.48%|  60.44%
 6638s| 16300 |  1172 | 13218k| 744.1 |   731M |  90 |2041 |9359 |  10k|  74k|  0 | 825 |9601 | 1.799341e+05 | 1.807911e+05 |   0.48%|  60.53%
 6667s| 16400 |  1188 | 13272k| 742.9 |   732M |  90 |2041 |9372 |  10k|  75k|  1 | 839 |9670 | 1.799341e+05 | 1.807911e+05 |   0.48%|  60.53%
 6711s| 16500 |  1182 | 13367k| 744.1 |   749M |  90 |2041 |9370 |  10k|  75k|  6 | 845 |9744 | 1.799363e+05 | 1.807911e+05 |   0.48%|  60.57%
 6784s| 16600 |  1196 | 13476k| 746.1 |   750M |  90 |2041 |9375 |  10k|  76k|  1 | 858 |9807 | 1.799403e+05 | 1.807911e+05 |   0.47%|  60.60%
 time | node  | left  |LP iter|LP it/n|mem/heur|mdpt |vars |cons |rows |cuts |sepa|confs|strbr|  dualbound   | primalbound  |  gap   | compl. 
 6864s| 16700 |  1198 | 13635k| 750.9 |   763M |  90 |2041 |9367 |  10k|  77k|  1 | 865 |9876 | 1.799435e+05 | 1.807911e+05 |   0.47%|  60.64%
 6908s| 16800 |  1206 | 13729k| 751.9 |   768M |  90 |2041 |9363 |  10k|  77k|  3 | 870 |9947 | 1.799461e+05 | 1.807911e+05 |   0.47%|  60.71%
 6953s| 16900 |  1206 | 13830k| 753.4 |   774M |  90 |2041 |9365 |9743 |  78k|  3 | 877 |  10k| 1.799497e+05 | 1.807911e+05 |   0.47%|  60.79%
 6992s| 17000 |  1204 | 13918k| 754.1 |   775M |  90 |2041 |9376 |  10k|  78k|  0 | 892 |  10k| 1.799506e+05 | 1.807911e+05 |   0.47%|  60.82%
 7044s| 17100 |  1208 | 14025k| 755.8 |   777M |  90 |2041 |9377 |  10k|  79k|  0 | 900 |  10k| 1.799552e+05 | 1.807911e+05 |   0.46%|  61.05%
 7078s| 17200 |  1216 | 14089k| 755.2 |   780M |  90 |2041 |9371 |  10k|  79k|  0 | 909 |  10k| 1.799567e+05 | 1.807911e+05 |   0.46%|  61.09%
 7114s| 17300 |  1224 | 14174k| 755.7 |   786M |  90 |2041 |9371 |  10k|  80k|  1 | 914 |  10k| 1.799587e+05 | 1.807911e+05 |   0.46%|  61.15%
 7139s| 17400 |  1240 | 14233k| 754.8 |   787M |  90 |2041 |9374 |  10k|  80k|  4 | 919 |  10k| 1.799594e+05 | 1.807911e+05 |   0.46%|  61.16%
 7178s| 17500 |  1248 | 14316k| 755.2 |   787M |  90 |2041 |9359 |  10k|  80k|  2 | 925 |  10k| 1.799611e+05 | 1.807911e+05 |   0.46%|  61.26%
 7203s| 17600 |  1238 | 14381k| 754.7 |   788M |  90 |2041 |9361 |  10k|  81k|  1 | 929 |  10k| 1.799612e+05 | 1.807911e+05 |   0.46%|  61.42%
 7250s| 17700 |  1244 | 14480k| 755.9 |   788M |  90 |2041 |9369 |  10k|  81k|  1 | 939 |  10k| 1.799641e+05 | 1.807911e+05 |   0.46%|  61.48%
 7282s| 17800 |  1254 | 14552k| 755.7 |   792M |  90 |2041 |9370 |  10k|  81k|  1 | 945 |  10k| 1.799677e+05 | 1.807911e+05 |   0.46%|  61.55%
 7322s| 17900 |  1258 | 14654k| 757.1 |   796M |  90 |2041 |9369 |  10k|  82k|  1 | 949 |  10k| 1.799689e+05 | 1.807911e+05 |   0.46%|  61.58%
 7342s| 18000 |  1280 | 14700k| 755.6 |   797M |  90 |2041 |9366 |  10k|  82k|  2 | 952 |  10k| 1.799727e+05 | 1.807911e+05 |   0.45%|  61.70%
 7369s| 18100 |  1278 | 14772k| 755.4 |   798M |  90 |2041 |9369 |  10k|  82k|  0 | 955 |  10k| 1.799737e+05 | 1.807911e+05 |   0.45%|  61.73%
 time | node  | left  |LP iter|LP it/n|mem/heur|mdpt |vars |cons |rows |cuts |sepa|confs|strbr|  dualbound   | primalbound  |  gap   | compl. 
 7387s| 18200 |  1287 | 14824k| 754.1 |   799M |  90 |2041 |9372 |  10k|  83k|  1 | 960 |  10k| 1.799756e+05 | 1.807911e+05 |   0.45%|  61.75%
 7459s| 18300 |  1289 | 14932k| 755.8 |   799M |  90 |2041 |9369 |  10k|  84k|  1 | 962 |  10k| 1.799823e+05 | 1.807911e+05 |   0.45%|  61.79%
 7496s| 18400 |  1305 | 15021k| 756.5 |   806M |  90 |2041 |9366 |9907 |  84k|  2 | 964 |  10k| 1.799844e+05 | 1.807911e+05 |   0.45%|  61.85%
 7513s| 18500 |  1323 | 15061k| 754.7 |   813M |  90 |2041 |9365 |  10k|  85k|  2 | 967 |  10k| 1.799873e+05 | 1.807911e+05 |   0.45%|  61.86%
 7548s| 18600 |  1335 | 15160k| 755.9 |   818M |  90 |2041 |9364 |  10k|  85k|  0 | 974 |  10k| 1.799885e+05 | 1.807911e+05 |   0.45%|  61.91%
 7569s| 18700 |  1349 | 15214k| 754.8 |   822M |  90 |2041 |9364 |  10k|  86k|  0 | 977 |  10k| 1.799894e+05 | 1.807911e+05 |   0.45%|  61.92%
 7608s| 18800 |  1365 | 15310k| 755.8 |   826M |  90 |2041 |9366 |  10k|  87k|  1 | 982 |  10k| 1.799910e+05 | 1.807911e+05 |   0.44%|  61.95%
 7642s| 18900 |  1361 | 15388k| 756.0 |   827M |  90 |2041 |9365 |  10k|  87k|  3 | 989 |  10k| 1.799972e+05 | 1.807911e+05 |   0.44%|  62.03%
 7673s| 19000 |  1369 | 15473k| 756.4 |   827M |  90 |2041 |9367 |   0 |  88k|  0 | 994 |  10k| 1.799990e+05 | 1.807911e+05 |   0.44%|  62.04%
 7691s| 19100 |  1373 | 15527k| 755.4 |   828M |  90 |2041 |9369 |  10k|  88k|  2 | 997 |  10k| 1.799990e+05 | 1.807911e+05 |   0.44%|  62.04%
 7718s| 19200 |  1375 | 15599k| 755.2 |   828M |  90 |2041 |9372 |  10k|  88k|  2 |1002 |  10k| 1.800040e+05 | 1.807911e+05 |   0.44%|  62.17%
 7761s| 19300 |  1381 | 15714k| 757.1 |   834M |  90 |2041 |9372 |  10k|  89k|  3 |1006 |  10k| 1.800071e+05 | 1.807911e+05 |   0.44%|  62.21%
 7780s| 19400 |  1381 | 15768k| 756.1 |   836M |  90 |2041 |9373 |  10k|  90k|  1 |1009 |  10k| 1.800071e+05 | 1.807911e+05 |   0.44%|  62.22%
 7794s| 19500 |  1379 | 15813k| 754.6 |   837M |  90 |2041 |9375 |  10k|  90k|  0 |1014 |  10k| 1.800075e+05 | 1.807911e+05 |   0.44%|  62.31%
 7829s| 19600 |  1393 | 15901k| 755.2 |   837M |  90 |2041 |9377 |  10k|  90k|  2 |1016 |  10k| 1.800085e+05 | 1.807911e+05 |   0.43%|  62.36%
 time | node  | left  |LP iter|LP it/n|mem/heur|mdpt |vars |cons |rows |cuts |sepa|confs|strbr|  dualbound   | primalbound  |  gap   | compl. 
 7852s| 19700 |  1407 | 15963k| 754.5 |   837M |  90 |2041 |9378 |  10k|  91k|  1 |1020 |  11k| 1.800101e+05 | 1.807911e+05 |   0.43%|  62.40%
 7873s| 19800 |  1415 | 16022k| 753.7 |   837M |  90 |2041 |9376 |9971 |  91k|  1 |1023 |  11k| 1.800110e+05 | 1.807911e+05 |   0.43%|  62.41%
 7903s| 19900 |  1419 | 16096k| 753.7 |   838M |  90 |2041 |9375 |  10k|  92k|  2 |1025 |  11k| 1.800112e+05 | 1.807911e+05 |   0.43%|  62.43%
 7943s| 20000 |  1414 | 16195k| 754.8 |   845M |  90 |2041 |9374 |  10k|  92k|  1 |1026 |  11k| 1.800129e+05 | 1.807911e+05 |   0.43%|  62.54%
 7979s| 20100 |  1424 | 16283k| 755.4 |   851M |  90 |2041 |9366 |  10k|  93k|  2 |1028 |  11k| 1.800146e+05 | 1.807911e+05 |   0.43%|  62.57%
 8009s| 20200 |  1432 | 16343k| 754.7 |   853M |  90 |2041 |9365 |  10k|  93k|  0 |1028 |  11k| 1.800154e+05 | 1.807911e+05 |   0.43%|  62.60%
 8046s| 20300 |  1438 | 16446k| 755.9 |   857M |  90 |2041 |9360 |  10k|  94k|  1 |1030 |  11k| 1.800162e+05 | 1.807911e+05 |   0.43%|  62.71%
 8075s| 20400 |  1442 | 16522k| 756.0 |   858M |  90 |2041 |9358 |9881 |  95k|  1 |1034 |  11k| 1.800180e+05 | 1.807911e+05 |   0.43%|  62.79%
 8155s| 20500 |  1434 | 16704k| 760.9 |   861M |  90 |2041 |9350 |  10k|  95k|  1 |1036 |  11k| 1.800190e+05 | 1.807911e+05 |   0.43%|  62.96%
 8195s| 20600 |  1444 | 16808k| 762.2 |   862M |  90 |2041 |9343 |  10k|  96k|  0 |1036 |  11k| 1.800225e+05 | 1.807911e+05 |   0.43%|  63.08%
 8237s| 20700 |  1452 | 16909k| 763.4 |   867M |  90 |2041 |9339 |  10k|  96k|  0 |1036 |  11k| 1.800304e+05 | 1.807911e+05 |   0.42%|  63.12%
 8257s| 20800 |  1452 | 16969k| 762.6 |   867M |  90 |2041 |9341 |   0 |  97k|  0 |1039 |  11k| 1.800319e+05 | 1.807911e+05 |   0.42%|  63.34%
 8298s| 20900 |  1473 | 17081k| 764.2 |   867M |  90 |2041 |9345 |  10k|  98k|  1 |1044 |  11k| 1.800369e+05 | 1.807911e+05 |   0.42%|  63.46%
 8315s| 21000 |  1477 | 17133k| 763.1 |   868M |  90 |2041 |9351 |  10k|  98k|  0 |1050 |  11k| 1.800369e+05 | 1.807911e+05 |   0.42%|  63.46%
 8336s| 21100 |  1477 | 17197k| 762.6 |   869M |  90 |2041 |9349 |  10k|  98k|  2 |1055 |  11k| 1.800376e+05 | 1.807911e+05 |   0.42%|  63.47%
 time | node  | left  |LP iter|LP it/n|mem/heur|mdpt |vars |cons |rows |cuts |sepa|confs|strbr|  dualbound   | primalbound  |  gap   | compl. 
 8360s| 21200 |  1475 | 17261k| 762.0 |   869M |  90 |2041 |9350 |  10k|  99k|  0 |1058 |  11k| 1.800394e+05 | 1.807911e+05 |   0.42%|  63.48%
 8384s| 21300 |  1481 | 17326k| 761.5 |   869M |  90 |2041 |9351 |  10k|  99k|  2 |1059 |  11k| 1.800399e+05 | 1.807911e+05 |   0.42%|  63.49%
 8409s| 21400 |  1483 | 17391k| 761.0 |   869M |  90 |2041 |9349 |  10k|  99k|  0 |1060 |  11k| 1.800407e+05 | 1.807911e+05 |   0.42%|  63.49%
 8444s| 21500 |  1481 | 17462k| 760.8 |   870M |  90 |2041 |9353 |  10k| 100k|  0 |1069 |  11k| 1.800427e+05 | 1.807911e+05 |   0.42%|  63.51%
 8478s| 21600 |  1497 | 17544k| 761.1 |   870M |  90 |2041 |9360 |  10k| 100k|  2 |1077 |  11k| 1.800428e+05 | 1.807911e+05 |   0.42%|  63.53%
 8500s| 21700 |  1497 | 17586k| 759.5 |   870M |  90 |2041 |9364 |  10k| 100k|  0 |1083 |  11k| 1.800437e+05 | 1.807911e+05 |   0.42%|  63.54%
 8545s| 21800 |  1511 | 17685k| 760.5 |   876M |  90 |2041 |9355 |  10k| 101k|  2 |1089 |  11k| 1.800481e+05 | 1.807911e+05 |   0.41%|  63.65%
 8576s| 21900 |  1519 | 17757k| 760.4 |   881M |  90 |2041 |9358 |  10k| 102k|  0 |1098 |  11k| 1.800481e+05 | 1.807911e+05 |   0.41%|  63.71%
 8638s| 22000 |  1521 | 17867k| 761.9 |   884M |  90 |2041 |9355 |   0 | 102k|  0 |1105 |  11k| 1.800495e+05 | 1.807911e+05 |   0.41%|  63.80%
 8702s| 22100 |  1533 | 17996k| 764.2 |   884M |  90 |2041 |9342 |  10k| 103k|  1 |1111 |  11k| 1.800537e+05 | 1.807911e+05 |   0.41%|  63.92%
 8736s| 22200 |  1537 | 18069k| 764.0 |   885M |  90 |2041 |9346 |   0 | 103k|  0 |1119 |  11k| 1.800559e+05 | 1.807911e+05 |   0.41%|  63.94%
 8830s| 22300 |  1543 | 18266k| 769.2 |   887M |  90 |2041 |9344 |  10k| 104k|  2 |1123 |  11k| 1.800600e+05 | 1.807911e+05 |   0.41%|  64.04%
L8872s| 22356 |  1521 | 18346k| 770.8 |    rins|  90 |2041 |9341 |  10k| 104k|  1 |1124 |  11k| 1.800604e+05 | 1.807834e+05 |   0.40%|  64.13%
 8884s| 22400 |  1523 | 18378k| 770.7 |   889M |  90 |2041 |9338 |  10k| 104k|  1 |1124 |  11k| 1.800604e+05 | 1.807834e+05 |   0.40%|  64.17%
 8964s| 22500 |  1533 | 18538k| 774.2 |   893M |  90 |2041 |9344 |  10k| 105k|  0 |1132 |  11k| 1.800622e+05 | 1.807834e+05 |   0.40%|  64.21%
 time | node  | left  |LP iter|LP it/n|mem/heur|mdpt |vars |cons |rows |cuts |sepa|confs|strbr|  dualbound   | primalbound  |  gap   | compl. 
 9010s| 22600 |  1549 | 18635k| 775.0 |   897M |  90 |2041 |9345 |  10k| 106k|  2 |1135 |  11k| 1.800641e+05 | 1.807834e+05 |   0.40%|  64.37%
 9045s| 22700 |  1557 | 18702k| 774.6 |   897M |  90 |2041 |9351 |  10k| 106k|  3 |1142 |  12k| 1.800653e+05 | 1.807834e+05 |   0.40%|  64.39%
 9080s| 22800 |  1549 | 18782k| 774.7 |   897M |  90 |2041 |9351 |  10k| 106k|  0 |1147 |  12k| 1.800669e+05 | 1.807834e+05 |   0.40%|  64.41%
 9127s| 22900 |  1545 | 18898k| 776.3 |   900M |  90 |2041 |9351 |  10k| 107k|  0 |1152 |  12k| 1.800678e+05 | 1.807834e+05 |   0.40%|  64.53%
 9182s| 23000 |  1541 | 19006k| 777.6 |   906M |  90 |2041 |9344 |  10k| 107k|  1 |1155 |  12k| 1.800688e+05 | 1.807834e+05 |   0.40%|  64.68%
 9229s| 23100 |  1539 | 19124k| 779.3 |   919M |  90 |2041 |9353 |9930 | 108k|  1 |1165 |  12k| 1.800692e+05 | 1.807834e+05 |   0.40%|  64.73%
 9266s| 23200 |  1540 | 19195k| 779.0 |   921M |  90 |2041 |9362 |  10k| 108k|  1 |1177 |  12k| 1.800702e+05 | 1.807834e+05 |   0.40%|  65.00%
 9287s| 23300 |  1552 | 19238k| 777.5 |   922M |  90 |2041 |9376 |  10k| 109k|  1 |1191 |  12k| 1.800709e+05 | 1.807834e+05 |   0.40%|  65.00%
 9300s| 23400 |  1546 | 19270k| 775.7 |   923M |  90 |2041 |9381 |  10k| 109k|  0 |1198 |  12k| 1.800732e+05 | 1.807834e+05 |   0.39%|  65.03%
 9328s| 23500 |  1544 | 19328k| 774.9 |   926M |  90 |2041 |9396 |9750 | 110k|  3 |1215 |  12k| 1.800746e+05 | 1.807834e+05 |   0.39%|  65.12%
 9349s| 23600 |  1554 | 19370k| 773.4 |   932M |  90 |2041 |9397 |  10k| 110k|  2 |1218 |  12k| 1.800750e+05 | 1.807834e+05 |   0.39%|  65.13%
 9390s| 23700 |  1558 | 19462k| 774.0 |   936M |  90 |2041 |9401 |  10k| 111k|  0 |1225 |  12k| 1.800760e+05 | 1.807834e+05 |   0.39%|  65.15%
 9414s| 23800 |  1546 | 19520k| 773.2 |   941M |  90 |2041 |9400 |  10k| 111k|  1 |1227 |  12k| 1.800779e+05 | 1.807834e+05 |   0.39%|  65.25%
 9468s| 23900 |  1574 | 19634k| 774.7 |   946M |  90 |2041 |9402 |9794 | 112k|  1 |1238 |  12k| 1.800790e+05 | 1.807834e+05 |   0.39%|  65.34%
L9472s| 23924 |  1530 | 19642k| 774.3 |crossove|  90 |2041 |9400 |  10k| 112k|  0 |1238 |  12k| 1.800790e+05 | 1.807669e+05 |   0.38%|  65.34%
 time | node  | left  |LP iter|LP it/n|mem/heur|mdpt |vars |cons |rows |cuts |sepa|confs|strbr|  dualbound   | primalbound  |  gap   | compl. 
 9492s| 24000 |  1518 | 19694k| 774.0 |   948M |  90 |2041 |9397 |  10k| 112k|  1 |1240 |  12k| 1.800793e+05 | 1.807669e+05 |   0.38%|  65.46%
 9532s| 24100 |  1536 | 19793k| 774.9 |   948M |  90 |2041 |9402 |   0 | 113k|  0 |1245 |  12k| 1.800793e+05 | 1.807669e+05 |   0.38%|  65.46%
 9553s| 24200 |  1534 | 19847k| 773.9 |   949M |  90 |2041 |9399 |  10k| 113k|  2 |1247 |  12k| 1.800798e+05 | 1.807669e+05 |   0.38%|  65.51%
 9569s| 24300 |  1534 | 19889k| 772.6 |   949M |  90 |2041 |9399 |  10k| 113k|  1 |1249 |  12k| 1.800803e+05 | 1.807669e+05 |   0.38%|  65.55%
 9622s| 24400 |  1541 | 19999k| 773.8 |   949M |  90 |2041 |9394 |  10k| 114k|  0 |1250 |  12k| 1.800840e+05 | 1.807669e+05 |   0.38%|  65.63%
 9663s| 24500 |  1527 | 20109k| 775.1 |   949M |  90 |2041 |9391 |  10k| 114k|  1 |1252 |  13k| 1.800848e+05 | 1.807669e+05 |   0.38%|  65.73%
 9713s| 24600 |  1531 | 20223k| 776.5 |   954M |  90 |2041 |9391 |   0 | 115k|  0 |1255 |  13k| 1.800851e+05 | 1.807669e+05 |   0.38%|  65.76%
 9753s| 24700 |  1547 | 20319k| 777.3 |   954M |  90 |2041 |9388 |  10k| 115k|  0 |1256 |  13k| 1.800859e+05 | 1.807669e+05 |   0.38%|  65.80%
 9784s| 24800 |  1567 | 20394k| 777.2 |   954M |  90 |2041 |9391 |  10k| 115k|  3 |1259 |  13k| 1.800885e+05 | 1.807669e+05 |   0.38%|  65.84%
 9808s| 24900 |  1585 | 20452k| 776.4 |   954M |  90 |2041 |9391 |   0 | 116k|  0 |1264 |  13k| 1.800894e+05 | 1.807669e+05 |   0.38%|  65.86%
 9860s| 25000 |  1607 | 20585k| 778.5 |   956M |  90 |2041 |9395 |  10k| 116k|  2 |1273 |  13k| 1.800925e+05 | 1.807669e+05 |   0.37%|  65.93%
 9882s| 25100 |  1609 | 20646k| 777.9 |   956M |  90 |2041 |9398 |   0 | 116k|  0 |1277 |  13k| 1.800929e+05 | 1.807669e+05 |   0.37%|  66.02%
 9903s| 25200 |  1615 | 20700k| 777.0 |   956M |  90 |2041 |9400 |  10k| 116k|  1 |1281 |  13k| 1.800935e+05 | 1.807669e+05 |   0.37%|  66.08%
 9953s| 25300 |  1621 | 20816k| 778.4 |   957M |  90 |2041 |9402 |   0 | 117k|  0 |1284 |  13k| 1.800947e+05 | 1.807669e+05 |   0.37%|  66.09%
 9986s| 25400 |  1615 | 20907k| 778.9 |   957M |  90 |2041 |9399 |  10k| 117k|  1 |1285 |  13k| 1.800959e+05 | 1.807669e+05 |   0.37%|  66.19%
 time | node  | left  |LP iter|LP it/n|mem/heur|mdpt |vars |cons |rows |cuts |sepa|confs|strbr|  dualbound   | primalbound  |  gap   | compl. 
  167m| 25500 |  1623 | 20955k| 777.8 |   957M |  90 |2041 |9400 |   0 | 117k|  0 |1289 |  13k| 1.800959e+05 | 1.807669e+05 |   0.37%|  66.21%
  168m| 25600 |  1655 | 21126k| 781.3 |   960M |  90 |2041 |9397 |  10k| 118k|  1 |1291 |  13k| 1.800973e+05 | 1.807669e+05 |   0.37%|  66.22%
  169m| 25700 |  1645 | 21295k| 784.7 |   963M |  90 |2041 |9388 |   0 | 118k|  0 |1292 |  13k| 1.800998e+05 | 1.807669e+05 |   0.37%|  66.33%
  170m| 25800 |  1647 | 21391k| 785.4 |   969M |  90 |2041 |9387 |  10k| 119k|  1 |1296 |  13k| 1.801025e+05 | 1.807669e+05 |   0.37%|  66.43%
  171m| 25900 |  1653 | 21522k| 787.3 |   969M |  90 |2041 |9389 |  10k| 119k|  1 |1299 |  13k| 1.801043e+05 | 1.807669e+05 |   0.37%|  66.50%
  172m| 26000 |  1645 | 21658k| 789.5 |   970M |  90 |2041 |9396 |   0 | 120k|  0 |1307 |  13k| 1.801067e+05 | 1.807669e+05 |   0.37%|  66.57%
  172m| 26100 |  1647 | 21695k| 787.9 |   972M |  90 |2041 |9408 |9823 | 120k|  0 |1320 |  13k| 1.801085e+05 | 1.807669e+05 |   0.37%|  66.62%
  173m| 26200 |  1641 | 21774k| 787.9 |   973M |  90 |2041 |9413 |  10k| 121k|  2 |1328 |  13k| 1.801087e+05 | 1.807669e+05 |   0.37%|  66.67%
  173m| 26300 |  1645 | 21827k| 787.0 |   974M |  90 |2041 |9413 |  10k| 121k|  1 |1333 |  13k| 1.801087e+05 | 1.807669e+05 |   0.37%|  66.67%
  174m| 26400 |  1653 | 21925k| 787.7 |   981M |  90 |2041 |9414 |  10k| 122k|  1 |1339 |  13k| 1.801090e+05 | 1.807669e+05 |   0.37%|  66.68%
  174m| 26500 |  1659 | 21981k| 786.8 |   986M |  90 |2041 |9413 |  10k| 122k|  1 |1341 |  13k| 1.801099e+05 | 1.807669e+05 |   0.36%|  66.72%
  175m| 26600 |  1661 | 22084k| 787.7 |   990M |  90 |2041 |9416 |  10k| 123k|  1 |1346 |  13k| 1.801099e+05 | 1.807669e+05 |   0.36%|  66.75%
  176m| 26700 |  1677 | 22195k| 788.9 |   993M |  90 |2041 |9415 |  10k| 124k|  2 |1348 |  13k| 1.801123e+05 | 1.807669e+05 |   0.36%|  66.80%
  176m| 26800 |  1679 | 22270k| 788.7 |   996M |  90 |2041 |9416 |9960 | 124k|  0 |1350 |  13k| 1.801130e+05 | 1.807669e+05 |   0.36%|  66.83%
  176m| 26900 |  1677 | 22324k| 787.9 |   998M |  90 |2041 |9418 |  10k| 125k|  0 |1353 |  13k| 1.801136e+05 | 1.807669e+05 |   0.36%|  66.83%
 time | node  | left  |LP iter|LP it/n|mem/heur|mdpt |vars |cons |rows |cuts |sepa|confs|strbr|  dualbound   | primalbound  |  gap   | compl. 
  177m| 27000 |  1667 | 22441k| 789.2 |  1000M |  90 |2041 |9418 |  10k| 125k|  0 |1356 |  13k| 1.801154e+05 | 1.807669e+05 |   0.36%|  66.98%
  178m| 27100 |  1686 | 22550k| 790.3 |  1002M |  90 |2041 |9417 |9929 | 126k|  0 |1363 |  13k| 1.801173e+05 | 1.807669e+05 |   0.36%|  67.05%
  179m| 27200 |  1676 | 22636k| 790.5 |  1007M |  90 |2041 |9412 |  10k| 127k|  2 |1365 |  13k| 1.801173e+05 | 1.807669e+05 |   0.36%|  67.17%
  180m| 27300 |  1678 | 22752k| 791.8 |  1009M |  90 |2041 |9413 |   0 | 127k|  0 |1367 |  13k| 1.801175e+05 | 1.807669e+05 |   0.36%|  67.19%
  180m| 27400 |  1672 | 22849k| 792.5 |  1018M |  90 |2041 |9411 |   0 | 128k|  0 |1370 |  13k| 1.801181e+05 | 1.807669e+05 |   0.36%|  67.31%
  181m| 27500 |  1668 | 22911k| 791.9 |  1019M |  90 |2041 |9415 |  10k| 129k|  0 |1378 |  13k| 1.801183e+05 | 1.807669e+05 |   0.36%|  67.48%
  182m| 27600 |  1672 | 23039k| 793.6 |  1021M |  90 |2041 |9426 |  10k| 130k|  4 |1392 |  13k| 1.801216e+05 | 1.807669e+05 |   0.36%|  67.49%
  183m| 27700 |  1680 | 23205k| 796.6 |  1023M |  90 |2041 |9430 |  10k| 131k|  7 |1401 |  13k| 1.801217e+05 | 1.807669e+05 |   0.36%|  67.56%
  184m| 27800 |  1674 | 23276k| 796.3 |  1024M |  90 |2041 |9427 |   0 | 131k|  0 |1403 |  13k| 1.801218e+05 | 1.807669e+05 |   0.36%|  67.59%
  185m| 27900 |  1678 | 23399k| 797.8 |  1025M |  90 |2041 |9428 |  11k| 132k|  1 |1406 |  13k| 1.801229e+05 | 1.807669e+05 |   0.36%|  67.64%
  185m| 28000 |  1678 | 23479k| 797.8 |  1027M |  90 |2041 |9428 |  10k| 133k|  1 |1411 |  13k| 1.801229e+05 | 1.807669e+05 |   0.36%|  67.69%
  186m| 28100 |  1680 | 23605k| 799.4 |  1035M |  90 |2041 |9432 |  10k| 134k|  3 |1418 |  14k| 1.801246e+05 | 1.807669e+05 |   0.36%|  67.76%
  187m| 28200 |  1672 | 23703k| 800.0 |  1036M |  90 |2041 |9439 |  10k| 134k|  1 |1425 |  14k| 1.801246e+05 | 1.807669e+05 |   0.36%|  67.83%
  188m| 28300 |  1678 | 23837k| 801.9 |  1039M |  90 |2041 |9448 |  10k| 136k|  6 |1436 |  14k| 1.801249e+05 | 1.807669e+05 |   0.36%|  67.84%
  188m| 28400 |  1678 | 23916k| 801.8 |  1040M |  90 |2041 |9444 |  10k| 136k|  1 |1442 |  14k| 1.801265e+05 | 1.807669e+05 |   0.36%|  67.93%
 time | node  | left  |LP iter|LP it/n|mem/heur|mdpt |vars |cons |rows |cuts |sepa|confs|strbr|  dualbound   | primalbound  |  gap   | compl. 
  189m| 28500 |  1680 | 23981k| 801.3 |  1040M |  90 |2041 |9449 |  10k| 137k|  1 |1452 |  14k| 1.801290e+05 | 1.807669e+05 |   0.35%|  67.98%
  190m| 28600 |  1680 | 24122k| 803.4 |  1041M |  90 |2041 |9451 |  10k| 137k|  2 |1460 |  14k| 1.801307e+05 | 1.807669e+05 |   0.35%|  68.09%
  191m| 28700 |  1680 | 24252k| 805.0 |  1043M |  90 |2041 |9455 |   0 | 138k|  0 |1469 |  14k| 1.801321e+05 | 1.807669e+05 |   0.35%|  68.13%
  191m| 28800 |  1684 | 24343k| 805.4 |  1044M |  90 |2041 |9457 |  10k| 138k|  0 |1473 |  14k| 1.801328e+05 | 1.807669e+05 |   0.35%|  68.17%
  192m| 28900 |  1690 | 24433k| 805.7 |  1045M |  90 |2041 |9461 |  10k| 139k|  1 |1481 |  14k| 1.801341e+05 | 1.807669e+05 |   0.35%|  68.23%
  193m| 29000 |  1696 | 24574k| 807.7 |  1046M |  90 |2041 |9468 |  10k| 139k|  1 |1490 |  14k| 1.801353e+05 | 1.807669e+05 |   0.35%|  68.25%
  195m| 29100 |  1706 | 24724k| 810.0 |  1048M |  90 |2041 |9463 |  10k| 140k|  1 |1497 |  14k| 1.801382e+05 | 1.807669e+05 |   0.35%|  68.30%
  196m| 29200 |  1714 | 24851k| 811.5 |  1050M |  90 |2041 |9468 |  10k| 140k|  0 |1506 |  14k| 1.801425e+05 | 1.807669e+05 |   0.35%|  68.33%
  197m| 29300 |  1726 | 24941k| 811.8 |  1053M |  90 |2041 |9462 |  10k| 141k|  3 |1512 |  14k| 1.801442e+05 | 1.807669e+05 |   0.35%|  68.43%
  197m| 29400 |  1732 | 25000k| 811.1 |  1054M |  90 |2041 |9464 |   0 | 141k|  0 |1516 |  14k| 1.801447e+05 | 1.807669e+05 |   0.35%|  68.44%
  198m| 29500 |  1735 | 25094k| 811.5 |  1055M |  90 |2041 |9464 |  10k| 142k|  1 |1522 |  14k| 1.801456e+05 | 1.807669e+05 |   0.34%|  68.49%
  198m| 29600 |  1739 | 25198k| 812.3 |  1056M |  90 |2041 |9465 |  10k| 142k|  1 |1526 |  15k| 1.801463e+05 | 1.807669e+05 |   0.34%|  68.54%
  199m| 29700 |  1743 | 25339k| 814.2 |  1059M |  90 |2041 |9468 |  10k| 143k|  1 |1534 |  15k| 1.801470e+05 | 1.807669e+05 |   0.34%|  68.55%
  200m| 29800 |  1745 | 25430k| 814.5 |  1062M |  90 |2041 |9474 |  10k| 144k|  0 |1544 |  15k| 1.801478e+05 | 1.807669e+05 |   0.34%|  68.60%
  200m| 29900 |  1751 | 25510k| 814.5 |  1062M |  90 |2041 |9468 |  10k| 144k|  0 |1544 |  15k| 1.801495e+05 | 1.807669e+05 |   0.34%|  68.63%
 time | node  | left  |LP iter|LP it/n|mem/heur|mdpt |vars |cons |rows |cuts |sepa|confs|strbr|  dualbound   | primalbound  |  gap   | compl. 
  201m| 30000 |  1752 | 25562k| 813.5 |  1062M |  90 |2041 |9473 |  10k| 145k|  2 |1549 |  15k| 1.801495e+05 | 1.807669e+05 |   0.34%|  68.63%
  201m| 30100 |  1756 | 25647k| 813.7 |  1062M |  90 |2041 |9475 |  10k| 145k|  1 |1554 |  15k| 1.801500e+05 | 1.807669e+05 |   0.34%|  68.69%
  202m| 30200 |  1758 | 25787k| 815.5 |  1067M |  90 |2041 |9472 |  10k| 146k|  1 |1561 |  15k| 1.801503e+05 | 1.807669e+05 |   0.34%|  68.71%
  203m| 30300 |  1774 | 25892k| 816.3 |  1068M |  90 |2041 |9474 |  10k| 147k|  1 |1564 |  15k| 1.801503e+05 | 1.807669e+05 |   0.34%|  68.71%
  203m| 30400 |  1784 | 25932k| 815.0 |  1069M |  90 |2041 |9474 |  10k| 147k|  0 |1568 |  15k| 1.801503e+05 | 1.807669e+05 |   0.34%|  68.71%
  204m| 30500 |  1784 | 26040k| 815.8 |  1073M |  90 |2041 |9474 |  10k| 147k|  2 |1573 |  15k| 1.801518e+05 | 1.807669e+05 |   0.34%|  68.74%
  204m| 30600 |  1794 | 26095k| 815.0 |  1074M |  90 |2041 |9474 |  10k| 148k|  2 |1574 |  15k| 1.801519e+05 | 1.807669e+05 |   0.34%|  68.75%
  205m| 30700 |  1802 | 26169k| 814.7 |  1074M |  90 |2041 |9464 |  10k| 148k|  1 |1577 |  15k| 1.801534e+05 | 1.807669e+05 |   0.34%|  68.76%
  205m| 30800 |  1816 | 26240k| 814.4 |  1074M |  90 |2041 |9462 |  10k| 148k|  0 |1580 |  15k| 1.801557e+05 | 1.807669e+05 |   0.34%|  68.79%
  206m| 30900 |  1818 | 26352k| 815.4 |  1075M |  90 |2041 |9458 |  11k| 149k|  0 |1581 |  15k| 1.801568e+05 | 1.807669e+05 |   0.34%|  68.84%
  207m| 31000 |  1836 | 26482k| 816.9 |  1075M |  90 |2041 |9452 |9899 | 149k|  0 |1581 |  15k| 1.801591e+05 | 1.807669e+05 |   0.34%|  68.88%
  207m| 31100 |  1836 | 26588k| 817.6 |  1075M |  90 |2041 |9454 |  10k| 149k|  2 |1586 |  15k| 1.801605e+05 | 1.807669e+05 |   0.34%|  68.92%
  208m| 31200 |  1854 | 26674k| 817.8 |  1076M |  90 |2041 |9452 |  10k| 150k|  1 |1588 |  15k| 1.801615e+05 | 1.807669e+05 |   0.34%|  68.92%
  209m| 31300 |  1838 | 26796k| 819.0 |  1079M |  90 |2041 |9462 |  10k| 150k|  2 |1599 |  15k| 1.801618e+05 | 1.807669e+05 |   0.34%|  68.94%
  209m| 31400 |  1884 | 26899k| 819.6 |  1079M |  90 |2041 |9463 |  10k| 150k|  2 |1601 |  15k| 1.801626e+05 | 1.807669e+05 |   0.34%|  68.95%
 time | node  | left  |LP iter|LP it/n|mem/heur|mdpt |vars |cons |rows |cuts |sepa|confs|strbr|  dualbound   | primalbound  |  gap   | compl. 
  210m| 31500 |  1916 | 26948k| 818.6 |  1080M |  90 |2041 |9462 |  11k| 150k|  6 |1602 |  15k| 1.801627e+05 | 1.807669e+05 |   0.34%|  68.97%
  210m| 31600 |  1968 | 27027k| 818.5 |  1083M |  90 |2041 |9461 |  10k| 151k|  2 |1605 |  15k| 1.801629e+05 | 1.807669e+05 |   0.34%|  68.97%
  210m| 31700 |  1998 | 27089k| 817.9 |  1084M |  90 |2041 |9453 |  11k| 151k|  3 |1605 |  15k| 1.801638e+05 | 1.807669e+05 |   0.33%|  68.98%
L 211m| 31749 |  1989 | 27112k| 817.4 |crossove|  90 |2041 |9456 |  11k| 151k|  0 |1608 |  15k| 1.801638e+05 | 1.807601e+05 |   0.33%|  68.98%
  211m| 31800 |  2002 | 27180k| 818.2 |  1085M |  90 |2041 |9453 |  11k| 151k|  1 |1609 |  15k| 1.801665e+05 | 1.807601e+05 |   0.33%|  69.00%
  211m| 31900 |  2036 | 27259k| 818.1 |  1085M |  90 |2041 |9451 |  10k| 151k|  1 |1610 |  15k| 1.801686e+05 | 1.807601e+05 |   0.33%|  69.01%
  212m| 32000 |  2066 | 27347k| 818.3 |  1086M |  90 |2041 |9455 |  11k| 152k|  2 |1615 |  15k| 1.801690e+05 | 1.807601e+05 |   0.33%|  69.03%
  213m| 32100 |  2092 | 27443k| 818.8 |  1088M |  90 |2041 |9454 |  11k| 152k|  3 |1617 |  15k| 1.801707e+05 | 1.807601e+05 |   0.33%|  69.03%
  213m| 32200 |  2096 | 27539k| 819.2 |  1088M |  90 |2041 |9446 |  10k| 152k|  0 |1620 |  15k| 1.801719e+05 | 1.807601e+05 |   0.33%|  69.06%
  214m| 32300 |  2078 | 27624k| 819.3 |  1089M |  90 |2041 |9441 |  11k| 153k|  0 |1623 |  15k| 1.801750e+05 | 1.807601e+05 |   0.32%|  69.16%
* 214m| 32345 |  2074 | 27669k| 819.5 |    LP  |  90 |2041 |9439 |  11k| 153k|  1 |1623 |  15k| 1.801751e+05 | 1.807566e+05 |   0.32%|  69.17%
  215m| 32400 |  2077 | 27710k| 819.4 |  1089M |  90 |2041 |9425 |  11k| 153k|  0 |1623 |  15k| 1.801766e+05 | 1.807566e+05 |   0.32%|  69.23%
  215m| 32500 |  2073 | 27790k| 819.4 |  1092M |  90 |2041 |9422 |  10k| 153k|  2 |1626 |  15k| 1.801773e+05 | 1.807566e+05 |   0.32%|  69.28%
  215m| 32600 |  2107 | 27825k| 817.9 |  1092M |  90 |2041 |9420 |  10k| 153k|  2 |1629 |  15k| 1.801774e+05 | 1.807566e+05 |   0.32%|  69.29%
  216m| 32700 |  2121 | 27868k| 816.8 |  1092M |  90 |2041 |9419 |  11k| 154k|  0 |1630 |  15k| 1.801779e+05 | 1.807566e+05 |   0.32%|  69.31%
 time | node  | left  |LP iter|LP it/n|mem/heur|mdpt |vars |cons |rows |cuts |sepa|confs|strbr|  dualbound   | primalbound  |  gap   | compl. 
  217m| 32800 |  2131 | 28002k| 818.3 |  1095M |  90 |2041 |9420 |  10k| 154k|  0 |1633 |  15k| 1.801789e+05 | 1.807566e+05 |   0.32%|  69.33%
  218m| 32900 |  2153 | 28123k| 819.5 |  1095M |  90 |2041 |9420 |  10k| 155k|  1 |1641 |  15k| 1.801805e+05 | 1.807566e+05 |   0.32%|  69.35%
  218m| 33000 |  2203 | 28162k| 818.2 |  1096M |  90 |2041 |9422 |  11k| 155k|  1 |1643 |  15k| 1.801805e+05 | 1.807566e+05 |   0.32%|  69.35%
  219m| 33100 |  2181 | 28315k| 820.3 |  1097M |  90 |2041 |9421 |   0 | 155k|  0 |1650 |  15k| 1.801827e+05 | 1.807566e+05 |   0.32%|  69.44%
  220m| 33200 |  2217 | 28411k| 820.7 |  1099M |  90 |2041 |9422 |  11k| 156k|  0 |1653 |  15k| 1.801863e+05 | 1.807566e+05 |   0.32%|  69.47%
* 220m| 33230 |  2094 | 28444k| 821.0 |    LP  |  90 |2041 |9419 |  11k| 156k|  1 |1656 |  15k| 1.801863e+05 | 1.807449e+05 |   0.31%|  69.47%
  221m| 33300 |  2096 | 28506k| 821.1 |  1100M |  90 |2041 |9411 |  11k| 156k|  1 |1656 |  15k| 1.801881e+05 | 1.807449e+05 |   0.31%|  69.50%
  222m| 33400 |  2108 | 28598k| 821.4 |  1103M |  90 |2041 |9411 |  11k| 157k|  0 |1665 |  15k| 1.801897e+05 | 1.807449e+05 |   0.31%|  69.57%
  223m| 33500 |  2116 | 28796k| 824.8 |  1104M |  90 |2041 |9409 |   0 | 157k|  0 |1671 |  15k| 1.801932e+05 | 1.807449e+05 |   0.31%|  69.66%
  224m| 33600 |  2112 | 28881k| 824.8 |  1104M |  90 |2041 |9413 |  10k| 157k|  1 |1681 |  16k| 1.801953e+05 | 1.807449e+05 |   0.30%|  69.73%
  226m| 33700 |  2092 | 29071k| 827.9 |  1108M |  90 |2041 |9412 |  11k| 158k|  0 |1690 |  16k| 1.801971e+05 | 1.807449e+05 |   0.30%|  69.86%
  227m| 33800 |  2116 | 29141k| 827.6 |  1111M |  90 |2041 |9409 |  11k| 158k|  2 |1692 |  16k| 1.801995e+05 | 1.807449e+05 |   0.30%|  69.96%
  227m| 33900 |  2076 | 29235k| 827.9 |  1111M |  90 |2041 |9405 |  11k| 159k|  0 |1702 |  16k| 1.802024e+05 | 1.807449e+05 |   0.30%|  70.07%
  229m| 34000 |  2062 | 29354k| 828.9 |  1112M |  90 |2041 |9408 |  11k| 159k|  0 |1708 |  16k| 1.802058e+05 | 1.807449e+05 |   0.30%|  70.18%
  229m| 34100 |  2068 | 29437k| 828.9 |  1112M |  90 |2041 |9408 |  10k| 159k|  1 |1709 |  16k| 1.802063e+05 | 1.807449e+05 |   0.30%|  70.24%
 time | node  | left  |LP iter|LP it/n|mem/heur|mdpt |vars |cons |rows |cuts |sepa|confs|strbr|  dualbound   | primalbound  |  gap   | compl. 
  231m| 34200 |  2052 | 29574k| 830.5 |  1112M |  90 |2041 |9408 |   0 | 160k|  0 |1710 |  16k| 1.802092e+05 | 1.807449e+05 |   0.30%|  70.39%
  232m| 34300 |  2028 | 29722k| 832.3 |  1112M |  90 |2041 |9409 |  10k| 160k|  0 |1716 |  16k| 1.802111e+05 | 1.807449e+05 |   0.30%|  70.50%
  233m| 34400 |  2004 | 29873k| 834.2 |  1112M |  90 |2041 |9401 |  11k| 160k|  0 |1716 |  16k| 1.802127e+05 | 1.807449e+05 |   0.30%|  70.66%
  235m| 34500 |  2018 | 30031k| 836.3 |  1119M |  90 |2041 |9406 |  11k| 161k|  2 |1721 |  16k| 1.802141e+05 | 1.807449e+05 |   0.29%|  70.73%
  236m| 34600 |  2028 | 30153k| 837.4 |  1120M |  90 |2041 |9402 |  11k| 162k|  1 |1723 |  16k| 1.802149e+05 | 1.807449e+05 |   0.29%|  70.74%
  237m| 34700 |  2030 | 30269k| 838.3 |  1123M |  90 |2041 |9406 |  11k| 162k|  3 |1727 |  16k| 1.802158e+05 | 1.807449e+05 |   0.29%|  70.78%
  238m| 34800 |  2034 | 30394k| 839.5 |  1124M |  90 |2041 |9407 |  10k| 162k|  1 |1732 |  16k| 1.802159e+05 | 1.807449e+05 |   0.29%|  70.79%
  238m| 34900 |  2066 | 30495k| 840.0 |  1124M |  90 |2041 |9409 |  11k| 163k|  0 |1739 |  16k| 1.802173e+05 | 1.807449e+05 |   0.29%|  70.81%
  240m| 35000 |  2072 | 30640k| 841.6 |  1124M |  90 |2041 |9408 |  10k| 163k|  1 |1741 |  16k| 1.802201e+05 | 1.807449e+05 |   0.29%|  70.92%

SCIP Status        : solving was interrupted [time limit reached]
Solving Time (sec) : 14400.00
Solving Nodes      : 35046 (total of 36007 nodes in 2 runs)
Primal Bound       : +1.80744855000000e+05 (108 solutions)
Dual Bound         : +1.80221035783702e+05
Gap                : 0.29 %

primal solution (original space):
=================================

objective value:                           180744.855
z#6                                                 1 	(obj:0)
z#9                                                 1 	(obj:0)
z#33                                                1 	(obj:0)
z#35                                                1 	(obj:0)
z#38                                                1 	(obj:0)
z#41                                                1 	(obj:0)
z#45                                                1 	(obj:0)
z#48                                                1 	(obj:0)
z#50                                                1 	(obj:0)
z#55                                                1 	(obj:0)
z#70                                                1 	(obj:0)
z#72                                                1 	(obj:0)
z#77                                                1 	(obj:0)
z#82                                                1 	(obj:0)
z#85                                                1 	(obj:0)
z#87                                                1 	(obj:0)
z#89                                                1 	(obj:0)
z#90                                                1 	(obj:0)
z#91                                                1 	(obj:0)
z#92                                                1 	(obj:0)
z#94                                                1 	(obj:0)
z#96                                                1 	(obj:0)
z#97                                                1 	(obj:0)
z#100                                               1 	(obj:0)
z#103                                               1 	(obj:0)
z#110                                               1 	(obj:0)
z#114                                               1 	(obj:0)
z#117                                               1 	(obj:0)
z#120                                               1 	(obj:0)
z#121                                               1 	(obj:0)
z#122                                               1 	(obj:0)
z#123                                               1 	(obj:0)
z#125                                               1 	(obj:0)
z#126                                               1 	(obj:0)
z#129                                               1 	(obj:0)
z#130                                               1 	(obj:0)
z#139                                               1 	(obj:0)
z#144                                               1 	(obj:0)
z#166                                               1 	(obj:0)
z#173                                               1 	(obj:0)
z#179                                               1 	(obj:0)
z#182                                               1 	(obj:0)
z#183                                               1 	(obj:0)
z#205                                               1 	(obj:0)
z#208                                               1 	(obj:0)
z#210                                               1 	(obj:0)
z#215                                               1 	(obj:0)
z#227                                               1 	(obj:0)
z#228                                               1 	(obj:0)
z#231                                               1 	(obj:0)
z#236                                               1 	(obj:0)
z#237                                               1 	(obj:0)
z#240                                               1 	(obj:0)
z#242                                               1 	(obj:0)
z#244                                               1 	(obj:0)
z#246                                               1 	(obj:0)
z#251                                               1 	(obj:0)
z#253                                               1 	(obj:0)
z#258                                               1 	(obj:0)
z#265                                               1 	(obj:0)
z#266                                               1 	(obj:0)
z#267                                               1 	(obj:0)
z#271                                               1 	(obj:0)
z#274                                               1 	(obj:0)
z#288                                               1 	(obj:0)
z#295                                               1 	(obj:0)
z#296                                               1 	(obj:0)
z#298                                               1 	(obj:0)
z#300                                               1 	(obj:0)
z#301                                               1 	(obj:0)
z#305                                               1 	(obj:0)
z#322                                               1 	(obj:0)
z#330                                               1 	(obj:0)
z#335                                               1 	(obj:0)
z#339                                               1 	(obj:0)
z#345                                               1 	(obj:0)
z#346                                               1 	(obj:0)
z#350                                               1 	(obj:0)
z#352                                1.00000000000004 	(obj:0)
z#356                                               1 	(obj:0)
z#360                                               1 	(obj:0)
z#361                                               1 	(obj:0)
z#366                                               1 	(obj:0)
z#369                                               1 	(obj:0)
z#373                                               1 	(obj:0)
z#382                                               1 	(obj:0)
z#402                                               1 	(obj:0)
z#412                                               1 	(obj:0)
z#413                                1.00000000000002 	(obj:0)
z#415                                               1 	(obj:0)
z#425                                1.00000000000002 	(obj:0)
z#429                                               1 	(obj:0)
z#435                                               1 	(obj:0)
z#450                                               1 	(obj:0)
z#451                                1.00000000000004 	(obj:0)
z#461                                               1 	(obj:0)
z#467                                               1 	(obj:0)
z#470                                               1 	(obj:0)
z#472                                               1 	(obj:0)
z#473                                               1 	(obj:0)
z#477                                               1 	(obj:0)
z#482                                               1 	(obj:0)
z#485                                               1 	(obj:0)
z#486                                               1 	(obj:0)
z#493                                               1 	(obj:0)
z#506                                               1 	(obj:0)
z#513                                               1 	(obj:0)
z#516                                               1 	(obj:0)
z#520                                               1 	(obj:0)
z#523                                               1 	(obj:0)
z#526                                               1 	(obj:0)
z#527                                               1 	(obj:0)
z#529                                               1 	(obj:0)
z#530                                               1 	(obj:0)
z#540                                               1 	(obj:0)
z#542                                               1 	(obj:0)
z#555                                               1 	(obj:0)
z#558                                               1 	(obj:0)
z#563                                               1 	(obj:0)
z#569                                               1 	(obj:0)
z#572                                               1 	(obj:0)
z#573                                               1 	(obj:0)
z#577                                               1 	(obj:0)
z#578                                               1 	(obj:0)
z#579                                               1 	(obj:0)
z#580                                               1 	(obj:0)
z#583                                               1 	(obj:0)
z#592                                               1 	(obj:0)
z#593                                               1 	(obj:0)
z#594                                               1 	(obj:0)
z#597                                               1 	(obj:0)
z#602                                               1 	(obj:0)
z#605                                               1 	(obj:0)
z#607                                               1 	(obj:0)
z#609                                               1 	(obj:0)
z#614                                               1 	(obj:0)
z#621                                               1 	(obj:0)
z#626                                               1 	(obj:0)
z#648                                               1 	(obj:0)
z#649                                               1 	(obj:0)
z#654                                               1 	(obj:0)
z#661                                               1 	(obj:0)
z#672                                               1 	(obj:0)
z#673                                               1 	(obj:0)
z#677                                               1 	(obj:0)
z#693                                               1 	(obj:0)
z#695                                               1 	(obj:0)
z#696                                               1 	(obj:0)
z#697                                               1 	(obj:0)
z#704                                               1 	(obj:0)
z#710                                               1 	(obj:0)
z#712                                               1 	(obj:0)
z#719                                               1 	(obj:0)
z#726                                               1 	(obj:0)
z#730                                               1 	(obj:0)
z#731                                               1 	(obj:0)
z#732                                               1 	(obj:0)
z#733                                               1 	(obj:0)
z#739                                               1 	(obj:0)
z#740                                               1 	(obj:0)
z#746                                               1 	(obj:0)
z#747                                               1 	(obj:0)
z#748                                               1 	(obj:0)
z#753                                               1 	(obj:0)
z#759                                               1 	(obj:0)
z#760                                               1 	(obj:0)
z#762                                               1 	(obj:0)
z#767                                               1 	(obj:0)
z#768                                               1 	(obj:0)
z#785                                               1 	(obj:0)
z#790                                               1 	(obj:0)
z#792                                               1 	(obj:0)
z#800                                               1 	(obj:0)
z#808                                               1 	(obj:0)
z#809                                               1 	(obj:0)
z#812                                               1 	(obj:0)
z#819                                               1 	(obj:0)
z#824                                               1 	(obj:0)
z#833                                               1 	(obj:0)
z#841                                               1 	(obj:0)
z#843                                1.00000000000003 	(obj:0)
z#847                                               1 	(obj:0)
z#851                                               1 	(obj:0)
z#854                                               1 	(obj:0)
z#862                                               1 	(obj:0)
z#876                                               1 	(obj:0)
z#882                                               1 	(obj:0)
z#885                                               1 	(obj:0)
z#886                                               1 	(obj:0)
z#892                                               1 	(obj:0)
z#894                                               1 	(obj:0)
z#895                                               1 	(obj:0)
z#900                                               1 	(obj:0)
z#903                                               1 	(obj:0)
z#925                                               1 	(obj:0)
z#930                                               1 	(obj:0)
z#938                                               1 	(obj:0)
z#954                                               1 	(obj:0)
z#967                                               1 	(obj:0)
z#968                                               1 	(obj:0)
z#970                                               1 	(obj:0)
z#973                                               1 	(obj:0)
z#975                                               1 	(obj:0)
z#980                                               1 	(obj:0)
z#991                                               1 	(obj:0)
z#997                                               1 	(obj:0)
z#998                                               1 	(obj:0)
z#1008                                              1 	(obj:0)
z#1009                                              1 	(obj:0)
z#1018                                              1 	(obj:0)
z#1019                                              1 	(obj:0)
z#1022                                              1 	(obj:0)
z#1023                                              1 	(obj:0)
z#1028                                              1 	(obj:0)
z#1032                                              1 	(obj:0)
z#1033                                              1 	(obj:0)
z#1035                                              1 	(obj:0)
z#1036                                              1 	(obj:0)
z#1037                                              1 	(obj:0)
z#1045                                              1 	(obj:0)
z#1050                                              1 	(obj:0)
z#1064                               0.99999999999967 	(obj:0)
z#1065                                              1 	(obj:0)
z#1072                                              1 	(obj:0)
z#1074                                              1 	(obj:0)
z#1076                                              1 	(obj:0)
z#1092                                              1 	(obj:0)
z#1098                                              1 	(obj:0)
z#1102                                              1 	(obj:0)
z#1105                                              1 	(obj:0)
z#1106                                              1 	(obj:0)
z#1123                                              1 	(obj:0)
z#1124                                              1 	(obj:0)
z#1125                                              1 	(obj:0)
z#1151                                              1 	(obj:0)
z#1152                                              1 	(obj:0)
z#1157                                              1 	(obj:0)
z#1158                                              1 	(obj:0)
z#1161                                              1 	(obj:0)
z#1162                                              1 	(obj:0)
z#1172                                              1 	(obj:0)
z#1175                                              1 	(obj:0)
z#1177                                              1 	(obj:0)
z#1181                                              1 	(obj:0)
z#1183                                              1 	(obj:0)
z#1184                                              1 	(obj:0)
z#1187                                              1 	(obj:0)
z#1198                                              1 	(obj:0)
z#1208                              0.999999999999888 	(obj:0)
z#1210                                              1 	(obj:0)
z#1217                                              1 	(obj:0)
z#1221                                              1 	(obj:0)
z#1234                                              1 	(obj:0)
z#1255                                              1 	(obj:0)
z#1258                                              1 	(obj:0)
z#1260                                              1 	(obj:0)
z#1262                                              1 	(obj:0)
z#1263                                              1 	(obj:0)
z#1267                                              1 	(obj:0)
z#1271                                              1 	(obj:0)
z#1273                                              1 	(obj:0)
z#1279                                              1 	(obj:0)
z#1282                                              1 	(obj:0)
z#1288                                              1 	(obj:0)
z#1289                                              1 	(obj:0)
z#1292                                              1 	(obj:0)
z#1296                                              1 	(obj:0)
z#1303                                              1 	(obj:0)
z#1306                                              1 	(obj:0)
z#1313                                              1 	(obj:0)
z#1315                                              1 	(obj:0)
z#1323                                              1 	(obj:0)
z#1329                                              1 	(obj:0)
z#1331                                              1 	(obj:0)
z#1340                                              1 	(obj:0)
z#1342                                              1 	(obj:0)
z#1344                                              1 	(obj:0)
z#1345                                              1 	(obj:0)
z#1353                                              1 	(obj:0)
z#1354                                              1 	(obj:0)
z#1361                                              1 	(obj:0)
z#1363                                              1 	(obj:0)
z#1368                                              1 	(obj:0)
z#1373                                              1 	(obj:0)
z#1383                                              1 	(obj:0)
z#1387                                              1 	(obj:0)
z#1389                                              1 	(obj:0)
z#1393                                              1 	(obj:0)
z#1404                                              1 	(obj:0)
z#1407                                              1 	(obj:0)
z#1409                                              1 	(obj:0)
z#1414                                              1 	(obj:0)
z#1419                                              1 	(obj:0)
z#1425                                              1 	(obj:0)
z#1428                                              1 	(obj:0)
z#1435                                              1 	(obj:0)
z#1436                                              1 	(obj:0)
z#1438                                              1 	(obj:0)
z#1443                                              1 	(obj:0)
z#1444                                              1 	(obj:0)
z#1446                                              1 	(obj:0)
z#1458                                              1 	(obj:0)
z#1467                                              1 	(obj:0)
z#1472                                              1 	(obj:0)
z#1475                                              1 	(obj:0)
z#1480                                              1 	(obj:0)
z#1488                                              1 	(obj:0)
z#1492                                              1 	(obj:0)
z#1493                                              1 	(obj:0)
z#1494                                              1 	(obj:0)
z#1504                                              1 	(obj:0)
z#1511                                              1 	(obj:0)
z#1513                                              1 	(obj:0)
z#1515                                              1 	(obj:0)
z#1516                                              1 	(obj:0)
z#1520                                              1 	(obj:0)
z#1522                                              1 	(obj:0)
z#1530                              0.999999999999995 	(obj:0)
z#1535                                              1 	(obj:0)
z#1537                                              1 	(obj:0)
z#1540                                              1 	(obj:0)
z#1547                                              1 	(obj:0)
z#1555                                              1 	(obj:0)
z#1556                                              1 	(obj:0)
z#1562                                              1 	(obj:0)
z#1567                                              1 	(obj:0)
z#1577                                              1 	(obj:0)
z#1582                                              1 	(obj:0)
z#1591                                              1 	(obj:0)
z#1596                                              1 	(obj:0)
z#1597                                              1 	(obj:0)
z#1600                                              1 	(obj:0)
z#1607                                              1 	(obj:0)
z#1613                                              1 	(obj:0)
z#1622                                              1 	(obj:0)
z#1641                                              1 	(obj:0)
z#1647                                              1 	(obj:0)
z#1652                                              1 	(obj:0)
z#1654                                              1 	(obj:0)
z#1661                                              1 	(obj:0)
z#1669                              0.999999999999929 	(obj:0)
z#1672                                              1 	(obj:0)
z#1678                                              1 	(obj:0)
z#1682                                              1 	(obj:0)
z#1686                                              1 	(obj:0)
z#1691                                              1 	(obj:0)
z#1698                                              1 	(obj:0)
z#1707                                              1 	(obj:0)
z#1717                                              1 	(obj:0)
z#1731                                              1 	(obj:0)
z#1737                                              1 	(obj:0)
z#1738                                              1 	(obj:0)
z#1739                                              1 	(obj:0)
z#1745                                              1 	(obj:0)
z#1747                                              1 	(obj:0)
z#1750                                              1 	(obj:0)
z#1751                                              1 	(obj:0)
z#1762                                              1 	(obj:0)
z#1766                                              1 	(obj:0)
z#1770                                              1 	(obj:0)
z#1782                                              1 	(obj:0)
z#1784                                              1 	(obj:0)
z#1790                                              1 	(obj:0)
z#1807                                              1 	(obj:0)
z#1810                                              1 	(obj:0)
z#1812                                              1 	(obj:0)
z#1831                                              1 	(obj:0)
z#1832                                              1 	(obj:0)
z#1835                                              1 	(obj:0)
z#1840                                              1 	(obj:0)
z#1842                                              1 	(obj:0)
z#1844                                              1 	(obj:0)
z#1849                                              1 	(obj:0)
z#1852                                              1 	(obj:0)
z#1856                                              1 	(obj:0)
z#1873                                              1 	(obj:0)
z#1876                                              1 	(obj:0)
z#1881                                              1 	(obj:0)
z#1889                                              1 	(obj:0)
z#1896                                              1 	(obj:0)
z#1902                                              1 	(obj:0)
z#1905                                              1 	(obj:0)
z#1910                                              1 	(obj:0)
z#1916                                              1 	(obj:0)
z#1919                                              1 	(obj:0)
z#1921                                              1 	(obj:0)
z#1924                                              1 	(obj:0)
z#1926                                              1 	(obj:0)
z#1932                                              1 	(obj:0)
z#1936                                              1 	(obj:0)
z#1938                                              1 	(obj:0)
z#1941                                              1 	(obj:0)
z#1943                                              1 	(obj:0)
z#1954                                              1 	(obj:0)
z#1958                                              1 	(obj:0)
z#1959                                              1 	(obj:0)
z#1960                                              1 	(obj:0)
z#1963                                              1 	(obj:0)
z#1965                                              1 	(obj:0)
z#1967                                              1 	(obj:0)
x#16                                 4.04499999999996 	(obj:110)
y#0                                             135.6 	(obj:101)
y#12                                            133.6 	(obj:120)
x#0                                  461.582000000002 	(obj:173)
x#3                                             11.38 	(obj:188)
x#4                                            17.601 	(obj:219)
x#6                                 0.453999999997905 	(obj:262)
x#8                                  521.013000000002 	(obj:124)
u#0                                  461.582000000002 	(obj:0)
u#1                                  461.582000000002 	(obj:0)
u#2                                  461.582000000002 	(obj:0)
u#3                                  472.962000000002 	(obj:0)
u#4                                  490.563000000002 	(obj:0)
u#5                                  490.563000000002 	(obj:0)
u#6                                           491.017 	(obj:0)
u#7                                           491.017 	(obj:0)
u#8                                           1012.03 	(obj:0)
u#9                                           1012.03 	(obj:0)
u#10                                          1012.03 	(obj:0)
u#11                                          1012.03 	(obj:0)
u#12                                          1012.03 	(obj:0)
u#13                                          1012.03 	(obj:0)
u#14                                          1012.03 	(obj:0)
u#15                                          550.448 	(obj:0)
u#16                                          554.493 	(obj:0)
u#17                                          554.493 	(obj:0)
u#18                                          543.113 	(obj:0)
u#19                                          525.512 	(obj:0)
v#0                                             135.6 	(obj:0)
v#1                                             135.6 	(obj:0)
v#2                                             135.6 	(obj:0)
v#3                                             135.6 	(obj:0)
v#4                                             135.6 	(obj:0)
v#5                                             135.6 	(obj:0)
v#6                                             135.6 	(obj:0)
v#7                                             135.6 	(obj:0)
v#8                                             135.6 	(obj:0)
v#9                                             135.6 	(obj:0)
v#12                                            133.6 	(obj:0)
v#13                                            133.6 	(obj:0)
v#14                                            133.6 	(obj:0)
v#15                                            133.6 	(obj:0)
v#16                                            133.6 	(obj:0)
v#17                                            133.6 	(obj:0)
v#18                                            133.6 	(obj:0)
v#19                                            133.6 	(obj:0)
w#0                                  597.182000000002 	(obj:0)
w#1                                  597.182000000002 	(obj:0)
w#2                                  597.182000000002 	(obj:0)
w#3                                  608.562000000002 	(obj:0)
w#4                                  626.163000000002 	(obj:0)
w#5                                  626.163000000002 	(obj:0)
w#6                                           626.617 	(obj:0)
w#7                                           626.617 	(obj:0)
w#8                                           1147.63 	(obj:0)
w#9                                           1147.63 	(obj:0)
w#10                                          1012.03 	(obj:0)
w#11                                          1012.03 	(obj:0)
w#12                                          1145.63 	(obj:0)
w#13                                          1145.63 	(obj:0)
w#14                                          1145.63 	(obj:0)
w#15                                          684.048 	(obj:0)
w#16                                          688.093 	(obj:0)
w#17                                          688.093 	(obj:0)
w#18                                          676.713 	(obj:0)
w#19                                          659.112 	(obj:0)

Statistics
==========

SCIP Status        : solving was interrupted [time limit reached]
Total Time         :   14400.25
  solving          :   14400.00
  presolving       :       0.57 (included in solving)
  reading          :       0.25
  copying          :       2.13 (69 #copies) (minimal 0.02, maximal 0.04, average 0.03)
Original Problem   :
  Problem name     : 20-2000-2
  Variables        : 2072 (1972 binary, 0 integer, 0 implicit integer, 100 continuous)
  Constraints      : 8078 initial, 8078 maximal
  Objective        : minimize, 40 non-zeros (abs.min = 101, abs.max = 298)
Presolved Problem  :
  Problem name     : t_20-2000-2
  Variables        : 2041 (1969 binary, 0 integer, 0 implicit integer, 72 continuous)
  Constraints      : 9251 initial, 9478 maximal
  Objective        : minimize, 38 non-zeros (abs.min = 101, abs.max = 298)
  Nonzeros         : 29536 constraint, 36532 clique table
Presolvers         :   ExecTime  SetupTime  Calls  FixedVars   AggrVars   ChgTypes  ChgBounds   AddHoles    DelCons    AddCons   ChgSides   ChgCoefs
  boundshift       :       0.00       0.00      0          0          0          0          0          0          0          0          0          0
  convertinttobin  :       0.00       0.00      0          0          0          0          0          0          0          0          0          0
  domcol           :       0.07       0.00      2          0          0          0          0          0          0          0          0          0
  dualagg          :       0.00       0.00      0          0          0          0          0          0          0          0          0          0
  dualcomp         :       0.02       0.00      2          0          0          0          0          0          0          0          0          0
  dualinfer        :       0.00       0.00      0          0          0          0          0          0          0          0          0          0
  dualsparsify     :       0.02       0.00      1          0          0          0          0          0          0          0          0          0
  gateextraction   :       0.00       0.00      0          0          0          0          0          0          0          0          0          0
  implics          :       0.00       0.00      5          0          0          0          0          0          0          0          0          0
  inttobinary      :       0.00       0.00      0          0          0          0          0          0          0          0          0          0
  milp             :       0.02       0.00      1          2         22          0          7          0          0          0          0          0
  qpkktref         :       0.00       0.00      0          0          0          0          0          0          0          0          0          0
  redvub           :       0.00       0.00      0          0          0          0          0          0          0          0          0          0
  sparsify         :       0.01       0.00      1          0          0          0          0          0          0          0          0          0
  stuffing         :       0.00       0.00      0          0          0          0          0          0          0          0          0          0
  trivial          :       0.00       0.00      9          2          0          0          0          0          0          0          0          0
  tworowbnd        :       0.00       0.00      0          0          0          0          0          0          0          0          0          0
  dualfix          :       0.00       0.00      9          1          0          0          0          0          0          0          0          0
  genvbounds       :       0.00       0.00      0          0          0          0          0          0          0          0          0          0
  probing          :       0.35       0.00      1          0          0          0          0          0          0          0          0          0
  pseudoobj        :       0.00       0.00      1          0          0          0          0          0          0          0          0          0
  symmetry         :       0.00       0.00      1          0          0          0          0          0          0          0          0          0
  vbounds          :       0.00       0.00      2          0          0          0          0          0          0          0          0          0
  chancecons       :       0.01       0.00      1          0          0          0          0          0          0          0          0          0
  varbound         :       0.01       0.00      8          0          0          0          1          0          5          0          4        394
  setppc           :       0.00       0.00      3          0          0          0          0          0          0          0          0          0
  linear           :       0.05       0.01     13          0          4          0         75          0         68          0          0          0
  logicor          :       0.00       0.00      0          0          0          0          0          0          0          0          0          0
  bounddisjunction :       0.00       0.00      4          0          0          0          0          0          0          0          0          0
  benders          :       0.00       0.00      0          0          0          0          0          0          0          0          0          0
  components       :       0.00       0.00      2          0          0          0          0          0          0          0          0          0
  root node        :          -          -      -          4          -          -        726          -          -          -          -          -
Constraints        :     Number  MaxNumber  #Separate #Propagate    #EnfoLP    #EnfoRelax  #EnfoPS    #Check   #ResProp    Cutoffs    DomReds       Cuts    Applied      Conss   Children
  benderslp        :          0          0          0          0      22766          0          0       6265          0          0          0          0          0          0          0
  chancecons       :          1          1       9125     349004          0          0          0          0          0        112     592572      51748      46876          0          0
  integral         :          0          0          0          0      22766          0          0       6265          0          0      15029          0          0        485      39132
  varbound         :       7945       7945        130     350737          8          0          0       6259     121205         74     931592          0          0          0          0
  setppc           :        778        778         47     238813          0          0          0          0          0          0         21        508          3          0          0
  linear           :        519+       525        130     352016          9          0          0        125      11228       7654    2038939        136         48          0          0
  logicor          :          0+       107          0      22101          0          0          0          0          6          5         29          0          0          0          0
  bounddisjunction :          8+       140          0      38165          0          0          0          0         71         21        119          0          0          0          0
  benders          :          0          0          0          0          9          0          0        115          0          0          0          0          0          0          0
  fixedvar         :          0          0          0          0          9          0          0        115          0          0          0          0          0          0          0
  countsols        :          0          0          0          0          9          0          0        115          0          0          0          0          0          0          0
  components       :          0          0          0          0          0          0          0          0          0          0          0          0          0          0          0
Constraint Timings :  TotalTime  SetupTime   Separate  Propagate     EnfoLP     EnfoPS     EnfoRelax   Check    ResProp    SB-Prop
  benderslp        :       0.02       0.00       0.00       0.00       0.02       0.00       0.00       0.00       0.00       0.00
  chancecons       :      21.06       0.00       3.38      14.04       0.00       0.00       0.00       0.00       0.00       3.63
  integral         :    2454.23       0.00       0.00       0.00    2454.23       0.00       0.00       0.01       0.00       0.00
  varbound         :      21.30       0.00       0.15      13.29       0.00       0.00       0.00       1.12       0.02       6.72
  setppc           :       0.35       0.00       0.00       0.28       0.00       0.00       0.00       0.00       0.00       0.07
  linear           :      19.34       0.01       0.21      14.17       0.00       0.00       0.00       0.01       0.02       4.92
  logicor          :       0.11       0.00       0.00       0.09       0.00       0.00       0.00       0.00       0.00       0.01
  bounddisjunction :       0.29       0.00       0.00       0.22       0.00       0.00       0.00       0.00       0.00       0.07
  benders          :       0.00       0.00       0.00       0.00       0.00       0.00       0.00       0.00       0.00       0.00
  fixedvar         :       0.00       0.00       0.00       0.00       0.00       0.00       0.00       0.00       0.00       0.00
  countsols        :       0.00       0.00       0.00       0.00       0.00       0.00       0.00       0.00       0.00       0.00
  components       :       0.05       0.00       0.00       0.03       0.00       0.00       0.00       0.00       0.00       0.01
Propagators        : #Propagate   #ResProp    Cutoffs    DomReds
  dualfix          :          8          0          0          0
  genvbounds       :          0          0          0          0
  nlobbt           :          0          0          0          0
  obbt             :          0          0          0          0
  probing          :          0          0          0          0
  pseudoobj        :     168697          0          0        287
  redcost          :      89489          0          0    2774593
  rootredcost      :         40          0          0        315
  symmetry         :          0          0          0          0
  vbounds          :     229756          0          0          0
Propagator Timings :  TotalTime  SetupTime   Presolve  Propagate    ResProp    SB-Prop
  dualfix          :       0.00       0.00       0.00       0.00       0.00       0.00
  genvbounds       :       0.10       0.00       0.00       0.08       0.00       0.02
  nlobbt           :       0.00       0.00       0.00       0.00       0.00       0.00
  obbt             :       0.00       0.00       0.00       0.00       0.00       0.00
  probing          :       0.35       0.00       0.35       0.00       0.00       0.00
  pseudoobj        :       0.61       0.00       0.00       0.60       0.00       0.01
  redcost          :      10.62       0.00       0.00      10.60       0.00       0.02
  rootredcost      :       0.10       0.00       0.00       0.08       0.00       0.02
  symmetry         :       0.13       0.00       0.00       0.09       0.00       0.04
  vbounds          :       0.86       0.00       0.00       0.75       0.00       0.10
Symmetry           :
  orbitopal red.   :          0 reductions applied,          0 cutoffs
  orbital reduction:          0 reductions applied,          0 cutoffs
  lexicographic red:          0 reductions applied,          0 cutoffs
  shadow tree time :       0.00 s
Conflict Analysis  :       Time      Calls    Success    DomReds  Conflicts   Literals    Reconvs ReconvLits   Dualrays   Nonzeros   LP Iters   (pool size: [10000,10000])
  propagation      :       0.03        104        100          -        411      286.6         16        4.2          -          -          -
  infeasible LP    :       0.00          4          4          -          8        2.9          1        6.0          4        2.5          0
  bound exceed. LP :      23.84       7024       1409          -       8396      304.4         18        4.3         90       14.3      46977
  strong branching :       0.00          0          0          -          0        0.0          0        0.0          -          -          0
  pseudo solution  :       0.00          0          0          -          0        0.0          0        0.0          -          -          -
  applied globally :       0.12          -          -         56       1524      188.5          -          -         94          -          -
  applied locally  :          -          -          -          0        127      316.6          -          -          0          -          -
Separators         :   ExecTime  SetupTime      Calls  RootCalls    Cutoffs    DomReds  FoundCuts ViaPoolAdd  DirectAdd    Applied ViaPoolApp  DirectApp      Conss
  cut pool         :       5.42          -      11396        259          -          -     183835    1067004          -          -          -          -          -    (maximal pool size:      47505)
  aggregation      :      12.63       0.00       1448        130          0          0     135638     744540          0      60128      60128          0          0
  > cmir           :          -          -          -          -          -          -          -     744540          0      60128      60128          0          -
  > flowcover      :          -          -          -          -          -          -          -          0          0          0          0          0          -
  > knapsackcover  :          -          -          -          -          -          -          -          0          0          0          0          0          -
  cgmip            :       0.00       0.00          0          0          0          0          0          0          0          0          0          0          0
  clique           :       4.44       0.00        130        130          0          0          0          0          0          0          0          0          0
  closecuts        :       0.00       0.00          0          0          0          0          0          0          0          0          0          0          0
  convexproj       :       0.00       0.00          0          0          0          0          0          0          0          0          0          0          0
  disjunctive      :       0.00       0.00          0          0          0          0          0          0          0          0          0          0          0
  eccuts           :       0.00       0.00          0          0          0          0          0          0          0          0          0          0          0
  gauge            :       0.00       0.00          0          0          0          0          0          0          0          0          0          0          0
  gomory           :      57.74       0.00       1175         20          0          0      12774     124489          0      13429      13429          0          0
  > gomorymi       :          -          -          -          -          -          -          -     124489          0      13429      13429          0          -
  > strongcg       :          -          -          -          -          -          -          -          0          0          0          0          0          -
  impliedbounds    :       0.97       0.00       1448        130          0          0      35423     197975          0      58205      58205          0          0
  interminor       :       0.00       0.00          0          0          0          0          0          0          0          0          0          0          0
  intobj           :       0.00       0.00          0          0          0          0          0          0          0          0          0          0          0
  lagromory        :       0.00       0.00          0          0          0          0          0          0          0          0          0          0          0
  mcf              :       0.00       0.00          2          2          0          0          0          0          0          0          0          0          0
  minor            :       0.00       0.00         20         20          0          0          0          0          0          0          0          0          0
  mixing           :       0.00       0.00          0          0          0          0          0          0          0          0          0          0          0
  oddcycle         :       0.00       0.00          0          0          0          0          0          0          0          0          0          0          0
  rapidlearning    :       0.00       0.00          0          0          0          0          0          0          0          0          0          0          0
  rlt              :       0.00       0.00         20         20          0          0          0          0          0          0          0          0          0
  zerohalf         :       1.87       0.00       1195         40          0          0          0          0          0          0          0          0          0
Cutselectors       :   ExecTime  SetupTime      Calls  RootCalls   Selected     Forced   Filtered  RootSelec   RootForc   RootFilt 
  hybrid           :       1.71       0.00       9987        131     178689          0     940707       9572          0     135361
  ensemble         :       0.00       0.00          0          0          0          0          0          0          0          0
  dynamic          :       0.00       0.00          0          0          0          0          0          0          0          0
Pricers            :   ExecTime  SetupTime      Calls       Vars
  problem variables:       0.00          -          0          0
Branching Rules    :   ExecTime  SetupTime   BranchLP  BranchExt   BranchPS    Cutoffs    DomReds       Cuts      Conss   Children
  allfullstrong    :       0.00       0.00          0          0          0          0          0          0          0          0
  cloud            :       0.00       0.00          0          0          0          0          0          0          0          0
  distribution     :       0.00       0.00          0          0          0          0          0          0          0          0
  fullstrong       :       0.00       0.00          0          0          0          0          0          0          0          0
  gomory           :       0.00       0.00          0          0          0          0          0          0          0          0
  inference        :       0.00       0.00          0          0          0          0          0          0          0          0
  leastinf         :       0.00       0.00          0          0          0          0          0          0          0          0
  lookahead        :       0.00       0.00          0          0          0          0          0          0          0          0
  mostinf          :       0.00       0.00          0          0          0          0          0          0          0          0
  multaggr         :       0.00       0.00          0          0          0          0          0          0          0          0
  nodereopt        :       0.00       0.00          0          0          0          0          0          0          0          0
  pscost           :       0.00       0.00          0          0          0          0          0          0          0          0
  random           :       0.00       0.00          0          0          0          0          0          0          0          0
  relpscost        :    2454.18       0.00      22757          0          0          0      15029          0        497      39132
  vanillafullstrong:       0.00       0.00          0          0          0          0          0          0          0          0
Primal Heuristics  :   ExecTime  SetupTime      Calls      Found       Best
  LP solutions     :       0.01          -          -          9          9
  relax solutions  :       0.00          -          -          0          0
  pseudo solutions :       0.00          -          -          0          0
  strong branching :       0.09          -          -          1          1
  actconsdiving    :       0.00       0.00          0          0          0
  adaptivediving   :      29.10       0.00         40          0          0
  alns             :       1.28       0.00         10          1          1
  bound            :       0.00       0.00          0          0          0
  clique           :       0.02       0.00          1          0          0
  coefdiving       :       0.00       0.00          0          0          0
  completesol      :       0.00       0.00          0          0          0
  conflictdiving   :      15.43       0.00         38          1          1
  crossover        :       6.63       0.00         30         20          6
  dins             :       0.00       0.00          0          0          0
  distributiondivin:      62.36       0.00         38          0          0
  dps              :       0.00       0.00          0          0          0
  dualval          :       0.00       0.00          0          0          0
  farkasdiving     :       0.00       0.00          0          0          0
  feaspump         :       6.79       0.00          2          2          1
  fixandinfer      :       0.00       0.00          0          0          0
  fracdiving       :      43.28       0.00         39          0          0
  gins             :       0.04       0.00          0          0          0
  guideddiving     :      60.96       0.00         39          0          0
  indicator        :       0.04       0.00          0          0          0
  indicatordiving  :       0.00       0.00          0          0          0
  intdiving        :       0.00       0.00          0          0          0
  intshifting      :       7.31       0.00         23          0          0
  linesearchdiving :      66.18       0.00         39          1          1
  localbranching   :       0.00       0.00          0          0          0
  locks            :       0.04       0.00          1          1          1
  lpface           :       0.02       0.00          0          0          0
  mpec             :       0.00       0.00          0          0          0
  multistart       :       0.00       0.00          0          0          0
  mutation         :       0.00       0.00          0          0          0
  nlpdiving        :       0.00       0.00          0          0          0
  objpscostdiving  :     123.33       0.00         20         13          0
  octane           :       0.00       0.00          0          0          0
  ofins            :       0.02       0.00          0          0          0
  oneopt           :       0.11       0.00         41          0          0
  padm             :       0.00       0.00          0          0          0
  proximity        :       0.00       0.00          0          0          0
  pscostdiving     :      41.51       0.00         39          2          2
  randrounding     :       7.31       0.00       6168          0          0
  rens             :       0.00       0.00          0          0          0
  reoptsols        :       0.00       0.00          0          0          0
  repair           :       0.00       0.00          0          0          0
  rins             :       6.23       0.00         29         27          7
  rootsoldiving    :      13.77       0.00         20         19          0
  rounding         :      12.53       0.00      17671          5          5
  scheduler        :       0.00       0.00          0          0          0
  shiftandpropagate:       0.00       0.00          0          0          0
  shifting         :      73.32       0.00       4875          1          1
  simplerounding   :       0.05       0.00          0          0          0
  subnlp           :       0.05       0.00          0          0          0
  trivial          :       0.00       0.00          4          0          0
  trivialnegation  :       0.00       0.00          0          0          0
  trustregion      :       0.00       0.00          0          0          0
  trysol           :       0.03       0.00          0          0          0
  twoopt           :       0.00       0.00          0          0          0
  undercover       :       0.00       0.00          0          0          0
  vbounds          :       0.23       0.00          2          0          0
  veclendiving     :       9.61       0.00         38          0          0
  zeroobj          :       0.00       0.00          0          0          0
  zirounding       :       0.59       0.00       1000          5          5
  other solutions  :          -          -          -          0          -
LNS (Scheduler)    :      Calls  SetupTime  SolveTime SolveNodes       Sols       Best       Exp3    Exp3-IX  EpsGreedy        UCB TgtFixRate  Opt  Inf Node Stal  Sol  Usr Othr Actv
  rens             :          0       0.00       0.00          0          0          0    0.00000    0.12500   -1.00000    1.00000      0.900    0    0    0    0    0    0    0    1
  rins             :          0       0.00       0.00          0          0          0    0.00000    0.12500   -1.00000    1.00000      0.900    0    0    0    0    0    0    0    1
  mutation         :          0       0.00       0.00          0          0          0    0.00000    0.12500   -1.00000    1.00000      0.900    0    0    0    0    0    0    0    1
  localbranching   :          0       0.00       0.00          0          0          0    0.00000    0.12500   -1.00000    1.00000      0.900    0    0    0    0    0    0    0    1
  crossover        :          0       0.00       0.00          0          0          0    0.00000    0.12500   -1.00000    1.00000      0.900    0    0    0    0    0    0    0    1
  proximity        :          0       0.00       0.00          0          0          0    0.00000    0.12500   -1.00000    1.00000      0.900    0    0    0    0    0    0    0    1
  zeroobjective    :          0       0.00       0.00          0          0          0    0.00000    0.12500   -1.00000    1.00000      0.900    0    0    0    0    0    0    0    1
  dins             :          0       0.00       0.00          0          0          0    0.00000    0.12500   -1.00000    1.00000      0.900    0    0    0    0    0    0    0    1
  trustregion      :          0       0.00       0.00          0          0          0    0.00000    0.00000   -1.00000    1.00000      0.900    0    0    0    0    0    0    0    0
LP                 :       Time      Calls Iterations  Iter/call   Iter/sec  Time-0-It Calls-0-It    ItLimit
  primal LP        :      14.29       3795          0       0.00       0.00      14.29       3795
  dual LP          :   11066.46      72705   29131215     602.48    2632.39      36.36      24353
  lex dual LP      :       0.00          0          0       0.00          -
  barrier LP       :       0.00          0          0       0.00          -       0.00          0
  resolve instable :       0.00          0          0       0.00          -
  diving/probing LP:     490.39       6027    1572017     260.83    3205.62
  strong branching :    2335.33      16862    5733866     340.05    2455.27          -          -       6277
    (at root node) :          -         45      44804     995.64          -
  conflict analysis:      17.22       4751      46977       9.89    2728.12
B&B Tree           :
  number of runs   :          2
  nodes            :      35046 (18967 internal, 16079 leaves)
  feasible leaves  :          9
  infeas. leaves   :       4403
  objective leaves :      11666
  nodes (total)    :      36007 (19566 internal, 16441 leaves)
  nodes left       :       2085
  max depth        :         90
  max depth (total):         90
  backtracks       :       7044 (20.1%)
  early backtracks :          0 (0.0%)
  nodes exc. ref.  :          0 (0.0%)
  delayed cutoffs  :         17
  repropagations   :       2197 (8390 domain reductions, 11 cutoffs)
  avg switch length:       5.70
  switching time   :      31.47
Root Node          :
  First LP value   : +1.73463765029447e+05
  First LP Iters   :       2258 (6158.46 Iter/sec)
  First LP Time    :       0.37
  Final Dual Bound : +1.79213757659453e+05
  Final Root Iters :     375210
  Root LP Estimate : +1.88558823959047e+05
Solution           :
  Solutions found  :        108 (41 improvements)
  First Solution   : +1.86558843000000e+05   (in run 1, after 1 nodes, 0.58 seconds, depth 401, found by <locks>)
  Gap First Sol.   :   infinite
  Gap Last Sol.    :       0.31 %
  Primal Bound     : +1.80744855000000e+05   (in run 2, after 33230 nodes, 13226.39 seconds, depth 73, found by <relaxation>)
  Dual Bound       : +1.80221035783702e+05
  Gap              :       0.29 %
Integrals          :      Total       Avg%
  primal-dual      :    8275.08       0.57
  primal-ref       :          -          - (not evaluated)
  dual-ref         :          -          - (not evaluated)

 Branching Statistics...

 Total number of propagations -> 349004

 Number of cutoffs of KnaCons -> 5

 Total number of variables fixed to 1 by the propagator -> 69999

 Total number of variables fixed to 0 by the propagator -> 522573

 Maximum number of rounds of the approximation algorithm -> 0

 Runtime of the exact algorithm -> 0.0000 s

 Total number of variables fixed to 1 in the exact algorithm -> 0

 Total number of variables fixed to 0 in the exact algorithm -> 0

 Number of cutoffs in the exact algorithm -> 0

 Number of cutoffs in the approximation algorithm -> 0

 PS:  
