***************************************
*         SCIP-based CCP Solver       *
*                                     *
*    Wei Lv and Wei-Kun Chen (2024)   *
***************************************
/share/home/wangzhaowei/lvwei/scipoptsuite-9.1.0/build/bin/examples/ccp -f CCMPPData/50-3000-0.ccmpp -s CCMPPSetting/DB2.set 
SCIP version 9.1.0 [precision: 8 byte] [memory: block] [mode: optimized] [LP solver: Soplex 7.1.0] [GitHash: 8cab0278ba]
Copyright (c) 2002-2024 Zuse Institute Berlin (ZIB)

External libraries: 
  Soplex 7.1.0         Linear Programming Solver developed at Zuse Institute Berlin (soplex.zib.de) [GitHash: 595bfac9]
  CppAD 20180000.0     Algorithmic Differentiation of C++ algorithms developed by B. Bell (github.com/coin-or/CppAD)
  ZLIB 1.2.7           General purpose compression library by J. Gailly and M. Adler (zlib.net)
  GMP 6.0.0            GNU Multiple Precision Arithmetic Library developed by T. Granlund (gmplib.org)
  AMPL/MP 690e9e7      AMPL .nl file reader library (github.com/ampl/mp)
  PaPILO 2.3.0         parallel presolve for integer and linear optimization (github.com/scipopt/papilo) (built with TBB) [GitHash: 4b8ce6ed]
  Nauty 2.8.8          Computing Graph Automorphism Groups by Brendan D. McKay (users.cecs.anu.edu.au/~bdm/nauty)
  sassy 1.1            Symmetry preprocessor by Markus Anders (github.com/markusa4/sassy)

reading user parameter file <CCMPPSetting/DB2.set>

read problem <CCMPPData/50-3000-0.ccmpp>
============

File name: 	CCMPPData/50-3000-0.ccmpp
Problem name:	50-3000-0
Dimension: 	50
NumScenario: 	3000
ConfidenceParameter: 	0.20
IsEqualProbability: 	1
BnC+MIX+DI: 	0
BnC+MIX+sDI: 	0
DB: 	1
DB+OPF: 	0
Dominance and Aggregation Statistics......
NumEdge:        3590
NumBiEdge: 	0
NumDomIneqs: 	3590
DominanceRatio: 0.0008
NumAggScenario: 3000 
BasicNumScenario: 2999 
Propagator Statistics......
NumBasicDomIneqs: 591
NumNonReDomIneqs: 591
Duration: 0.2000 s 

original problem has 3250 variables (3000 bin, 0 int, 0 impl, 250 cont) and 30202 constraints

solve problem
=============

presolving:
(round 1, fast)       5 del vars, 169 del conss, 0 add conss, 50 chg bounds, 0 chg sides, 0 chg coeffs, 0 upgd conss, 0 impls, 591 clqs
   (0.2s) running MILP presolver
   (0.2s) MILP presolver (3 rounds): 52 aggregations, 2 fixings, 22 bound changes
(round 2, medium)     59 del vars, 169 del conss, 0 add conss, 72 chg bounds, 0 chg sides, 0 chg coeffs, 0 upgd conss, 0 impls, 591 clqs
(round 3, fast)       59 del vars, 221 del conss, 0 add conss, 72 chg bounds, 0 chg sides, 0 chg coeffs, 0 upgd conss, 0 impls, 591 clqs
(round 4, exhaustive) 59 del vars, 221 del conss, 0 add conss, 72 chg bounds, 0 chg sides, 0 chg coeffs, 29835 upgd conss, 0 impls, 591 clqs
   (1.2s) probing: 1000/2999 (33.3%) - 0 fixings, 0 aggregations, 1937 implications, 0 bound changes
   (1.2s) probing: 1001/2999 (33.4%) - 0 fixings, 0 aggregations, 1940 implications, 0 bound changes
   (1.2s) probing aborted: 1000/1000 successive useless probings
   (1.2s) symmetry computation started: requiring (bin +, int +, cont +), (fixed: bin -, int -, cont -)
   Symmetry detection interrupted: constraints of type chancecons do not provide symmetry information.
   If symmetries shall be detected, implement the CONSGETPERMSYMGRAPH callback.
   (1.2s) could not compute symmetry
presolving (5 rounds: 5 fast, 3 medium, 2 exhaustive):
 59 deleted vars, 221 deleted constraints, 0 added constraints, 72 tightened bounds, 0 added holes, 0 changed sides, 0 changed coefficients
 31775 implications, 591 cliques
presolved problem has 3191 variables (2999 bin, 0 int, 0 impl, 192 cont) and 29981 constraints
      1 constraints of type <chancecons>
  29835 constraints of type <varbound>
      1 constraints of type <knapsack>
    144 constraints of type <linear>
Presolving Time: 1.15

 time | node  | left  |LP iter|LP it/n|mem/heur|mdpt |vars |cons |rows |cuts |sepa|confs|strbr|  dualbound   | primalbound  |  gap   | compl. 
p 1.5s|     1 |     0 |   101 |     - |   locks|   0 |3191 |  29k|  29k|   0 |  0 |   0 |   0 | 0.000000e+00 | 3.613483e+05 |    Inf | unknown
  6.7s|     1 |     0 |  9568 |     - |   389M |   0 |3191 |  29k|  29k|   0 |  0 |   0 |   0 | 3.448149e+05 | 3.613483e+05 |   4.79%| unknown
  7.6s|     1 |     0 |  9811 |     - |   392M |   0 |3191 |  29k|  30k|  61 |  1 |   0 |   0 | 3.451432e+05 | 3.613483e+05 |   4.70%| unknown
  8.4s|     1 |     0 | 10039 |     - |   396M |   0 |3191 |  29k|  30k| 126 |  2 |   0 |   0 | 3.453766e+05 | 3.613483e+05 |   4.62%| unknown
  9.1s|     1 |     0 | 10295 |     - |   400M |   0 |3191 |  29k|  30k| 190 |  3 |   0 |   0 | 3.456560e+05 | 3.613483e+05 |   4.54%| unknown
 10.0s|     1 |     0 | 10518 |     - |   403M |   0 |3191 |  29k|  30k| 256 |  4 |   0 |   0 | 3.458710e+05 | 3.613483e+05 |   4.47%| unknown
 10.9s|     1 |     0 | 10806 |     - |   408M |   0 |3191 |  29k|  30k| 326 |  5 |   0 |   0 | 3.460395e+05 | 3.613483e+05 |   4.42%| unknown
 12.1s|     1 |     0 | 11057 |     - |   411M |   0 |3191 |  29k|  30k| 409 |  6 |   0 |   0 | 3.462476e+05 | 3.613483e+05 |   4.36%| unknown
 13.4s|     1 |     0 | 11379 |     - |   416M |   0 |3191 |  29k|  30k| 487 |  7 |   0 |   0 | 3.463898e+05 | 3.613483e+05 |   4.32%| unknown
 14.6s|     1 |     0 | 11722 |     - |   420M |   0 |3191 |  29k|  30k| 564 |  8 |   0 |   0 | 3.465559e+05 | 3.613483e+05 |   4.27%| unknown
 15.9s|     1 |     0 | 12007 |     - |   424M |   0 |3191 |  29k|  30k| 637 |  9 |   0 |   0 | 3.466839e+05 | 3.613483e+05 |   4.23%| unknown
 16.7s|     1 |     0 | 12393 |     - |   428M |   0 |3191 |  29k|  30k| 708 | 10 |   0 |   0 | 3.468108e+05 | 3.613483e+05 |   4.19%| unknown
 17.4s|     1 |     0 | 12747 |     - |   431M |   0 |3191 |  29k|  30k| 794 | 11 |   0 |   0 | 3.469505e+05 | 3.613483e+05 |   4.15%| unknown
 18.3s|     1 |     0 | 13186 |     - |   435M |   0 |3191 |  29k|  30k| 867 | 12 |   0 |   0 | 3.470895e+05 | 3.613483e+05 |   4.11%| unknown
 19.1s|     1 |     0 | 13641 |     - |   438M |   0 |3191 |  29k|  30k| 942 | 13 |   0 |   0 | 3.472189e+05 | 3.613483e+05 |   4.07%| unknown
 time | node  | left  |LP iter|LP it/n|mem/heur|mdpt |vars |cons |rows |cuts |sepa|confs|strbr|  dualbound   | primalbound  |  gap   | compl. 
 20.0s|     1 |     0 | 14097 |     - |   441M |   0 |3191 |  29k|  31k|1029 | 14 |   0 |   0 | 3.473107e+05 | 3.613483e+05 |   4.04%| unknown
 20.8s|     1 |     0 | 14558 |     - |   446M |   0 |3191 |  29k|  31k|1108 | 15 |   0 |   0 | 3.473971e+05 | 3.613483e+05 |   4.02%| unknown
 21.6s|     1 |     0 | 14855 |     - |   450M |   0 |3191 |  29k|  31k|1183 | 16 |   0 |   0 | 3.474637e+05 | 3.613483e+05 |   4.00%| unknown
 22.4s|     1 |     0 | 15291 |     - |   453M |   0 |3191 |  29k|  31k|1269 | 17 |   0 |   0 | 3.475538e+05 | 3.613483e+05 |   3.97%| unknown
 23.3s|     1 |     0 | 15782 |     - |   457M |   0 |3191 |  29k|  31k|1343 | 18 |   0 |   0 | 3.476603e+05 | 3.613483e+05 |   3.94%| unknown
 24.2s|     1 |     0 | 16338 |     - |   460M |   0 |3191 |  29k|  31k|1430 | 19 |   0 |   0 | 3.477554e+05 | 3.613483e+05 |   3.91%| unknown
 25.2s|     1 |     0 | 16875 |     - |   463M |   0 |3191 |  29k|  31k|1512 | 20 |   0 |   0 | 3.478551e+05 | 3.613483e+05 |   3.88%| unknown
 26.1s|     1 |     0 | 17386 |     - |   464M |   0 |3191 |  29k|  31k|1601 | 21 |   0 |   0 | 3.479466e+05 | 3.613483e+05 |   3.85%| unknown
 27.1s|     1 |     0 | 18016 |     - |   466M |   0 |3191 |  29k|  31k|1684 | 22 |   0 |   0 | 3.480292e+05 | 3.613483e+05 |   3.83%| unknown
 28.2s|     1 |     0 | 18755 |     - |   467M |   0 |3191 |  29k|  31k|1787 | 23 |   0 |   0 | 3.481098e+05 | 3.613483e+05 |   3.80%| unknown
 29.5s|     1 |     0 | 19616 |     - |   468M |   0 |3191 |  29k|  31k|1896 | 24 |   0 |   0 | 3.482274e+05 | 3.613483e+05 |   3.77%| unknown
 30.8s|     1 |     0 | 20553 |     - |   468M |   0 |3191 |  29k|  31k|2012 | 25 |   0 |   0 | 3.483163e+05 | 3.613483e+05 |   3.74%| unknown
 32.1s|     1 |     0 | 21466 |     - |   469M |   0 |3191 |  29k|  31k|2123 | 26 |   0 |   0 | 3.483799e+05 | 3.613483e+05 |   3.72%| unknown
 33.6s|     1 |     0 | 22518 |     - |   469M |   0 |3191 |  29k|  31k|2220 | 27 |   0 |   0 | 3.484561e+05 | 3.613483e+05 |   3.70%| unknown
 34.9s|     1 |     0 | 23439 |     - |   471M |   0 |3191 |  29k|  32k|2326 | 28 |   0 |   0 | 3.485252e+05 | 3.613483e+05 |   3.68%| unknown
 time | node  | left  |LP iter|LP it/n|mem/heur|mdpt |vars |cons |rows |cuts |sepa|confs|strbr|  dualbound   | primalbound  |  gap   | compl. 
 36.2s|     1 |     0 | 24310 |     - |   472M |   0 |3191 |  29k|  32k|2414 | 29 |   0 |   0 | 3.485797e+05 | 3.613483e+05 |   3.66%| unknown
 37.5s|     1 |     0 | 25115 |     - |   473M |   0 |3191 |  29k|  32k|2498 | 30 |   0 |   0 | 3.486256e+05 | 3.613483e+05 |   3.65%| unknown
 38.9s|     1 |     0 | 26056 |     - |   474M |   0 |3191 |  29k|  32k|2595 | 31 |   0 |   0 | 3.486876e+05 | 3.613483e+05 |   3.63%| unknown
 40.2s|     1 |     0 | 26844 |     - |   474M |   0 |3191 |  29k|  32k|2691 | 32 |   0 |   0 | 3.487347e+05 | 3.613483e+05 |   3.62%| unknown
 41.9s|     1 |     0 | 28114 |     - |   475M |   0 |3191 |  29k|  32k|2778 | 33 |   0 |   0 | 3.488011e+05 | 3.613483e+05 |   3.60%| unknown
 43.5s|     1 |     0 | 29165 |     - |   475M |   0 |3191 |  29k|  32k|2879 | 34 |   0 |   0 | 3.488824e+05 | 3.613483e+05 |   3.57%| unknown
 44.9s|     1 |     0 | 30068 |     - |   477M |   0 |3191 |  29k|  32k|2991 | 35 |   0 |   0 | 3.489367e+05 | 3.613483e+05 |   3.56%| unknown
 46.9s|     1 |     0 | 31512 |     - |   478M |   0 |3191 |  29k|  32k|3099 | 36 |   0 |   0 | 3.489798e+05 | 3.613483e+05 |   3.54%| unknown
 48.7s|     1 |     0 | 32762 |     - |   478M |   0 |3191 |  29k|  32k|3212 | 37 |   0 |   0 | 3.490406e+05 | 3.613483e+05 |   3.53%| unknown
 50.5s|     1 |     0 | 34059 |     - |   479M |   0 |3191 |  29k|  32k|3309 | 38 |   0 |   0 | 3.490788e+05 | 3.613483e+05 |   3.51%| unknown
 52.7s|     1 |     0 | 35630 |     - |   480M |   0 |3191 |  29k|  32k|3430 | 39 |   0 |   0 | 3.491228e+05 | 3.613483e+05 |   3.50%| unknown
 54.7s|     1 |     0 | 37036 |     - |   480M |   0 |3191 |  29k|  32k|3549 | 40 |   0 |   0 | 3.491718e+05 | 3.613483e+05 |   3.49%| unknown
 57.5s|     1 |     0 | 39234 |     - |   482M |   0 |3191 |  29k|  32k|3645 | 41 |   0 |   0 | 3.492142e+05 | 3.613483e+05 |   3.47%| unknown
 59.9s|     1 |     0 | 41059 |     - |   483M |   0 |3191 |  29k|  32k|3723 | 42 |   0 |   0 | 3.492578e+05 | 3.613483e+05 |   3.46%| unknown
 62.6s|     1 |     0 | 43176 |     - |   483M |   0 |3191 |  29k|  32k|3829 | 43 |   0 |   0 | 3.493019e+05 | 3.613483e+05 |   3.45%| unknown
 time | node  | left  |LP iter|LP it/n|mem/heur|mdpt |vars |cons |rows |cuts |sepa|confs|strbr|  dualbound   | primalbound  |  gap   | compl. 
 65.0s|     1 |     0 | 44986 |     - |   483M |   0 |3191 |  29k|  32k|3943 | 44 |   0 |   0 | 3.493323e+05 | 3.613483e+05 |   3.44%| unknown
 68.5s|     1 |     0 | 47751 |     - |   484M |   0 |3191 |  29k|  32k|4060 | 45 |   0 |   0 | 3.493762e+05 | 3.613483e+05 |   3.43%| unknown
 70.8s|     1 |     0 | 49355 |     - |   484M |   0 |3191 |  29k|  33k|4194 | 46 |   0 |   0 | 3.494042e+05 | 3.613483e+05 |   3.42%| unknown
 73.5s|     1 |     0 | 51342 |     - |   485M |   0 |3191 |  29k|  33k|4262 | 47 |   0 |   0 | 3.494313e+05 | 3.613483e+05 |   3.41%| unknown
 76.4s|     1 |     0 | 53370 |     - |   486M |   0 |3191 |  29k|  33k|4344 | 48 |   0 |   0 | 3.494785e+05 | 3.613483e+05 |   3.40%| unknown
 79.1s|     1 |     0 | 55346 |     - |   486M |   0 |3191 |  29k|  32k|4469 | 49 |   0 |   0 | 3.495085e+05 | 3.613483e+05 |   3.39%| unknown
 82.4s|     1 |     0 | 57831 |     - |   486M |   0 |3191 |  29k|  33k|4546 | 50 |   0 |   0 | 3.495418e+05 | 3.613483e+05 |   3.38%| unknown
 85.9s|     1 |     0 | 60241 |     - |   486M |   0 |3191 |  29k|  33k|4658 | 51 |   0 |   0 | 3.495891e+05 | 3.613483e+05 |   3.36%| unknown
 88.6s|     1 |     0 | 62038 |     - |   486M |   0 |3191 |  29k|  33k|4763 | 52 |   0 |   0 | 3.496137e+05 | 3.613483e+05 |   3.36%| unknown
 92.6s|     1 |     0 | 65056 |     - |   487M |   0 |3191 |  29k|  33k|4861 | 53 |   0 |   0 | 3.496578e+05 | 3.613483e+05 |   3.34%| unknown
 95.9s|     1 |     0 | 67313 |     - |   489M |   0 |3191 |  29k|  33k|4982 | 54 |   0 |   0 | 3.496853e+05 | 3.613483e+05 |   3.34%| unknown
  101s|     1 |     0 | 71041 |     - |   490M |   0 |3191 |  29k|  33k|5076 | 55 |   0 |   0 | 3.497209e+05 | 3.613483e+05 |   3.32%| unknown
  105s|     1 |     0 | 73952 |     - |   490M |   0 |3191 |  29k|  33k|5200 | 56 |   0 |   0 | 3.497459e+05 | 3.613483e+05 |   3.32%| unknown
  110s|     1 |     0 | 77501 |     - |   490M |   0 |3191 |  29k|  33k|5297 | 57 |   0 |   0 | 3.497685e+05 | 3.613483e+05 |   3.31%| unknown
  115s|     1 |     0 | 80809 |     - |   491M |   0 |3191 |  29k|  33k|5392 | 58 |   0 |   0 | 3.497915e+05 | 3.613483e+05 |   3.30%| unknown
 time | node  | left  |LP iter|LP it/n|mem/heur|mdpt |vars |cons |rows |cuts |sepa|confs|strbr|  dualbound   | primalbound  |  gap   | compl. 
  120s|     1 |     0 | 84218 |     - |   492M |   0 |3191 |  29k|  33k|5468 | 59 |   0 |   0 | 3.498395e+05 | 3.613483e+05 |   3.29%| unknown
  124s|     1 |     0 | 86966 |     - |   494M |   0 |3191 |  29k|  33k|5539 | 60 |   0 |   0 | 3.498621e+05 | 3.613483e+05 |   3.28%| unknown
  128s|     1 |     0 | 89801 |     - |   495M |   0 |3191 |  29k|  33k|5598 | 61 |   0 |   0 | 3.498851e+05 | 3.613483e+05 |   3.28%| unknown
  133s|     1 |     0 | 93058 |     - |   495M |   0 |3191 |  29k|  33k|5705 | 62 |   0 |   0 | 3.499159e+05 | 3.613483e+05 |   3.27%| unknown
  139s|     1 |     0 | 97202 |     - |   497M |   0 |3191 |  29k|  33k|5785 | 63 |   0 |   0 | 3.499540e+05 | 3.613483e+05 |   3.26%| unknown
  148s|     1 |     0 |103166 |     - |   497M |   0 |3191 |  29k|  33k|5905 | 64 |   0 |   0 | 3.499910e+05 | 3.613483e+05 |   3.25%| unknown
  155s|     1 |     0 |107954 |     - |   497M |   0 |3191 |  29k|  33k|6028 | 65 |   0 |   0 | 3.500209e+05 | 3.613483e+05 |   3.24%| unknown
  162s|     1 |     0 |112053 |     - |   497M |   0 |3191 |  29k|  33k|6109 | 66 |   0 |   0 | 3.500421e+05 | 3.613483e+05 |   3.23%| unknown
  168s|     1 |     0 |116164 |     - |   499M |   0 |3191 |  29k|  33k|6198 | 67 |   0 |   0 | 3.500615e+05 | 3.613483e+05 |   3.22%| unknown
  176s|     1 |     0 |121011 |     - |   499M |   0 |3191 |  29k|  33k|6322 | 68 |   0 |   0 | 3.500818e+05 | 3.613483e+05 |   3.22%| unknown
  183s|     1 |     0 |126063 |     - |   499M |   0 |3191 |  29k|  33k|6444 | 69 |   0 |   0 | 3.500971e+05 | 3.613483e+05 |   3.21%| unknown
  190s|     1 |     0 |130392 |     - |   500M |   0 |3191 |  29k|  33k|6587 | 70 |   0 |   0 | 3.501184e+05 | 3.613483e+05 |   3.21%| unknown
  199s|     1 |     0 |136046 |     - |   501M |   0 |3191 |  29k|  33k|6705 | 71 |   0 |   0 | 3.501407e+05 | 3.613483e+05 |   3.20%| unknown
  208s|     1 |     0 |141945 |     - |   501M |   0 |3191 |  29k|  34k|6815 | 72 |   0 |   0 | 3.501731e+05 | 3.613483e+05 |   3.19%| unknown
  217s|     1 |     0 |147494 |     - |   502M |   0 |3191 |  29k|  33k|6939 | 73 |   0 |   0 | 3.502035e+05 | 3.613483e+05 |   3.18%| unknown
 time | node  | left  |LP iter|LP it/n|mem/heur|mdpt |vars |cons |rows |cuts |sepa|confs|strbr|  dualbound   | primalbound  |  gap   | compl. 
  227s|     1 |     0 |153211 |     - |   503M |   0 |3191 |  29k|  33k|7068 | 74 |   0 |   0 | 3.502306e+05 | 3.613483e+05 |   3.17%| unknown
o 256s|     1 |     0 |180105 |     - |feaspump|   0 |3191 |  29k|  33k|7068 | 74 |   0 |   0 | 3.502306e+05 | 3.607533e+05 |   3.00%| unknown
  257s|     1 |     0 |180105 |     - |   505M |   0 |3191 |  29k|  33k|7068 | 74 |   0 |   0 | 3.502306e+05 | 3.607533e+05 |   3.00%| unknown
  264s|     1 |     0 |184170 |     - |   505M |   0 |3191 |  29k|  34k|7161 | 75 |   0 |   0 | 3.502473e+05 | 3.607533e+05 |   3.00%| unknown
  268s|     1 |     0 |186035 |     - |   505M |   0 |3191 |  29k|  33k|7248 | 76 |   0 |   0 | 3.502501e+05 | 3.607533e+05 |   3.00%| unknown
  370s|     1 |     2 |186035 |     - |   506M |   0 |3191 |  29k|  33k|7248 | 76 |   0 |  59 | 3.502565e+05 | 3.607533e+05 |   3.00%| unknown
d 516s|    10 |    11 |209823 |5677.3 |pscostdi|   7 |3191 |  29k|  32k|   0 |  1 |   0 | 248 | 3.502710e+05 | 3.598589e+05 |   2.74%| unknown
d 728s|    18 |    19 |354531 |11517.9 |linesear|   8 |3191 |  29k|  32k|   0 |  1 |  21 | 434 | 3.502746e+05 | 3.598492e+05 |   2.73%| unknown
d 784s|    21 |    22 |443972 |14262.2 |fracdivi|   8 |3191 |  29k|  32k|   0 |  1 |  22 | 449 | 3.502746e+05 | 3.598013e+05 |   2.72%| unknown
d 978s|    42 |    43 |671534 |12507.5 |linesear|  14 |3191 |  29k|  32k|   0 |  1 |  30 | 486 | 3.502949e+05 | 3.597703e+05 |   2.70%| unknown
d1093s|    52 |    53 |758190 |11754.2 |pscostdi|  16 |3191 |  29k|  32k|   0 |  1 |  32 | 510 | 3.502949e+05 | 3.597580e+05 |   2.70%| unknown
d1228s|    79 |    80 |950393 |10149.6 |pscostdi|  26 |3191 |  29k|  32k|   0 |  1 |  38 | 586 | 3.502990e+05 | 3.597343e+05 |   2.69%| unknown
 1361s|   100 |   101 |  1098k|9491.0 |   521M |  32 |3191 |  29k|  32k|8848 |  1 |  40 | 659 | 3.503101e+05 | 3.597343e+05 |   2.69%| unknown
d1411s|   109 |   110 |  1204k|9680.2 |conflict|  34 |3191 |  29k|  32k|   0 |  1 |  41 | 676 | 3.503101e+05 | 3.596759e+05 |   2.67%| unknown
r1628s|   138 |   128 |  1318k|8468.0 |ziroundi|  47 |3191 |  30k|  32k|9648 |  1 |  45 | 717 | 3.503101e+05 | 3.596101e+05 |   2.65%| unknown
 time | node  | left  |LP iter|LP it/n|mem/heur|mdpt |vars |cons |rows |cuts |sepa|confs|strbr|  dualbound   | primalbound  |  gap   | compl. 
r1637s|   143 |   125 |  1341k|8329.3 |ziroundi|  51 |3191 |  30k|  32k|9729 |  1 |  45 | 717 | 3.503101e+05 | 3.575376e+05 |   2.06%| unknown
r1645s|   165 |   124 |  1363k|7348.2 |ziroundi|  63 |3191 |  30k|  33k|9779 |  1 |  45 | 717 | 3.503101e+05 | 3.575356e+05 |   2.06%| unknown
r1657s|   188 |   125 |  1394k|6607.2 |ziroundi|  63 |3191 |  30k|  33k|9919 |  1 |  45 | 717 | 3.503101e+05 | 3.573674e+05 |   2.01%| unknown
 1660s|   200 |   127 |  1401k|6246.0 |   523M |  63 |3191 |  30k|  33k|9978 |  0 |  45 | 717 | 3.503101e+05 | 3.573674e+05 |   2.01%| unknown
r1662s|   205 |   124 |  1407k|6119.5 |ziroundi|  64 |3191 |  30k|  33k|9978 |  1 |  45 | 717 | 3.503101e+05 | 3.573647e+05 |   2.01%| unknown
 1682s|   300 |   157 |  1464k|4366.1 |   523M | 112 |3191 |  30k|  33k|  10k|  1 |  45 | 717 | 3.503101e+05 | 3.573647e+05 |   2.01%| unknown
r1688s|   323 |   123 |  1480k|4105.0 |ziroundi| 130 |3191 |  30k|  33k|  10k|  2 |  45 | 717 | 3.503101e+05 | 3.573627e+05 |   2.01%| unknown
 1711s|   400 |   148 |  1542k|3467.1 |   524M | 130 |3191 |  30k|  33k|  10k|  2 |  45 | 717 | 3.503101e+05 | 3.573627e+05 |   2.01%| unknown
r1743s|   461 |   131 |  1635k|3211.4 |ziroundi| 150 |3191 |  30k|  33k|  10k|  2 |  45 | 717 | 3.503101e+05 | 3.573570e+05 |   2.01%| unknown
 1752s|   500 |   148 |  1660k|3009.1 |   524M | 150 |3191 |  30k|  33k|  10k|  0 |  45 | 717 | 3.503101e+05 | 3.573570e+05 |   2.01%| unknown
r1795s|   587 |   130 |  1781k|2769.1 |ziroundi| 160 |3191 |  30k|  33k|  11k|  2 |  45 | 717 | 3.503101e+05 | 3.573534e+05 |   2.01%| unknown
 1799s|   600 |   133 |  1793k|2728.6 |   531M | 160 |3191 |  30k|  33k|  11k|  0 |  45 | 717 | 3.503101e+05 | 3.573534e+05 |   2.01%| unknown
 1832s|   700 |   187 |  1888k|2474.9 |   531M | 160 |3191 |  30k|  33k|  11k|  1 |  45 | 717 | 3.503101e+05 | 3.573534e+05 |   2.01%| unknown
r1855s|   735 |   129 |  1957k|2450.2 |ziroundi| 160 |3191 |  30k|  33k|  11k|  2 |  45 | 717 | 3.503101e+05 | 3.573507e+05 |   2.01%| unknown
 1863s|   800 |   158 |  1977k|2276.2 |   538M | 160 |3191 |  30k|  33k|  11k|  0 |  45 | 717 | 3.503101e+05 | 3.573507e+05 |   2.01%| unknown
 time | node  | left  |LP iter|LP it/n|mem/heur|mdpt |vars |cons |rows |cuts |sepa|confs|strbr|  dualbound   | primalbound  |  gap   | compl. 
 1920s|   900 |   210 |  2138k|2202.4 |   541M | 187 |3191 |  30k|  33k|  11k|  1 |  45 | 717 | 3.503101e+05 | 3.573507e+05 |   2.01%| unknown
r1944s|   923 |   124 |  2207k|2222.5 |ziroundi| 206 |3191 |  30k|  33k|  11k|  1 |  45 | 717 | 3.503101e+05 | 3.573495e+05 |   2.01%| unknown
 1992s|  1000 |   153 |  2336k|2179.9 |   541M | 206 |3191 |  30k|  33k|  12k|  1 |  45 | 717 | 3.503101e+05 | 3.573495e+05 |   2.01%| unknown
r1998s|  1007 |   133 |  2351k|2179.8 |ziroundi| 206 |3191 |  30k|  33k|  12k|  1 |  45 | 717 | 3.503101e+05 | 3.573151e+05 |   2.00%| unknown
r2025s|  1092 |   137 |  2426k|2078.2 |ziroundi| 206 |3191 |  30k|  33k|  12k|  2 |  45 | 717 | 3.503101e+05 | 3.573141e+05 |   2.00%| unknown
 2028s|  1100 |   141 |  2433k|2070.0 |   541M | 206 |3191 |  30k|  33k|  12k|  1 |  45 | 717 | 3.503101e+05 | 3.573141e+05 |   2.00%| unknown
r2032s|  1117 |   128 |  2443k|2047.4 |ziroundi| 206 |3191 |  30k|  33k|  12k|  1 |  45 | 717 | 3.503101e+05 | 3.573131e+05 |   2.00%| unknown
r2052s|  1171 |   141 |  2495k|1996.9 |ziroundi| 206 |3191 |  30k|  33k|  12k|  1 |  45 | 717 | 3.503101e+05 | 3.573117e+05 |   2.00%| unknown
 2070s|  1200 |   154 |  2541k|1987.3 |   541M | 206 |3191 |  30k|  33k|  12k|  2 |  45 | 717 | 3.503101e+05 | 3.573117e+05 |   2.00%| unknown
r2118s|  1266 |   134 |  2670k|1985.3 |ziroundi| 206 |3191 |  30k|  33k|  13k|  1 |  46 | 717 | 3.503101e+05 | 3.573047e+05 |   2.00%| unknown
r2135s|  1289 |   131 |  2712k|1983.1 |ziroundi| 206 |3191 |  30k|  33k|  13k|  1 |  46 | 717 | 3.503101e+05 | 3.572984e+05 |   1.99%| unknown
 2138s|  1300 |   134 |  2719k|1971.7 |   542M | 206 |3191 |  30k|  33k|  13k|  1 |  46 | 717 | 3.503101e+05 | 3.572984e+05 |   1.99%| unknown
 2160s|  1400 |   204 |  2779k|1873.6 |   542M | 206 |3191 |  30k|  33k|  13k|  0 |  47 | 717 | 3.503101e+05 | 3.572984e+05 |   1.99%| unknown
r2164s|  1430 |   209 |  2789k|1840.6 |rounding| 206 |3191 |  30k|  33k|  13k|  0 |  47 | 717 | 3.503101e+05 | 3.572977e+05 |   1.99%| unknown
 2366s|  1500 |   241 |  2866k|1806.4 |   569M | 206 |3191 |  30k|  32k|  14k|  1 |  55 | 902 | 3.503212e+05 | 3.572977e+05 |   1.99%| unknown
 time | node  | left  |LP iter|LP it/n|mem/heur|mdpt |vars |cons |rows |cuts |sepa|confs|strbr|  dualbound   | primalbound  |  gap   | compl. 
r2374s|  1600 |   143 |  2885k|1705.6 |rounding| 219 |3191 |  30k|  33k|  14k|  0 |  55 | 902 | 3.503212e+05 | 3.572972e+05 |   1.99%| unknown
 2519s|  1700 |   193 |  3099k|1730.8 |   569M | 219 |3191 |  30k|  33k|  14k|  1 |  55 | 958 | 3.503312e+05 | 3.572972e+05 |   1.99%| unknown
r2523s|  1737 |   153 |  3108k|1699.2 |rounding| 219 |3191 |  30k|  33k|  14k|  0 |  55 | 958 | 3.503312e+05 | 3.572964e+05 |   1.99%| unknown
 2598s|  1800 |   180 |  3183k|1681.5 |   571M | 219 |3191 |  30k|  32k|  15k|  1 |  56 |1032 | 3.503383e+05 | 3.572964e+05 |   1.99%| unknown
Restart triggered after 50 consecutive estimations that the remaining tree will be large
(run 1, node 1844) performing user restart

(restart) converted 1275 cuts from the global cut pool into linear constraints

presolving:
(round 1, fast)       0 del vars, 0 del conss, 0 add conss, 91 chg bounds, 0 chg sides, 0 chg coeffs, 0 upgd conss, 31775 impls, 591 clqs
(round 2, fast)       0 del vars, 0 del conss, 0 add conss, 141 chg bounds, 0 chg sides, 0 chg coeffs, 0 upgd conss, 31775 impls, 591 clqs
(round 3, fast)       0 del vars, 0 del conss, 0 add conss, 175 chg bounds, 0 chg sides, 0 chg coeffs, 0 upgd conss, 31775 impls, 591 clqs
(round 4, exhaustive) 0 del vars, 0 del conss, 0 add conss, 181 chg bounds, 0 chg sides, 0 chg coeffs, 42 upgd conss, 31775 impls, 591 clqs
presolving (5 rounds: 5 fast, 2 medium, 2 exhaustive):
 0 deleted vars, 0 deleted constraints, 0 added constraints, 181 tightened bounds, 0 added holes, 0 changed sides, 0 changed coefficients
 31775 implications, 591 cliques
presolved problem has 3191 variables (2999 bin, 0 int, 0 impl, 192 cont) and 31278 constraints
      1 constraints of type <chancecons>
  29835 constraints of type <varbound>
      1 constraints of type <knapsack>
     42 constraints of type <setppc>
   1392 constraints of type <linear>
      7 constraints of type <bounddisjunction>
Presolving Time: 1.28
transformed 33/33 original solutions to the transformed problem space

 time | node  | left  |LP iter|LP it/n|mem/heur|mdpt |vars |cons |rows |cuts |sepa|confs|strbr|  dualbound   | primalbound  |  gap   | compl. 
 2719s|     1 |     0 |  3294k|     - |   555M |   0 |3191 |  31k|  31k|   0 |  0 |  58 |1143 | 3.503430e+05 | 3.572964e+05 |   1.98%| unknown
 2719s|     1 |     0 |  3294k|     - |   558M |   0 |3191 |  31k|  31k|  59 |  1 |  58 |1143 | 3.503430e+05 | 3.572964e+05 |   1.98%| unknown
 2721s|     1 |     0 |  3295k|     - |   558M |   0 |3191 |  31k|  31k| 126 |  2 |  58 |1143 | 3.503430e+05 | 3.572964e+05 |   1.98%| unknown
 2721s|     1 |     0 |  3295k|     - |   561M |   0 |3191 |  31k|  31k| 195 |  3 |  58 |1143 | 3.503430e+05 | 3.572964e+05 |   1.98%| unknown
 2723s|     1 |     0 |  3296k|     - |   566M |   0 |3191 |  31k|  31k| 270 |  4 |  58 |1143 | 3.503430e+05 | 3.572964e+05 |   1.98%| unknown
 2724s|     1 |     0 |  3297k|     - |   569M |   0 |3191 |  31k|  31k| 340 |  5 |  58 |1143 | 3.503430e+05 | 3.572964e+05 |   1.98%| unknown
 2725s|     1 |     0 |  3297k|     - |   572M |   0 |3191 |  31k|  31k| 411 |  6 |  58 |1143 | 3.503430e+05 | 3.572964e+05 |   1.98%| unknown
 2727s|     1 |     0 |  3298k|     - |   575M |   0 |3191 |  31k|  31k| 486 |  7 |  58 |1143 | 3.503430e+05 | 3.572964e+05 |   1.98%| unknown
 2728s|     1 |     0 |  3299k|     - |   580M |   0 |3191 |  31k|  31k| 558 |  8 |  58 |1143 | 3.503430e+05 | 3.572964e+05 |   1.98%| unknown
 2729s|     1 |     0 |  3300k|     - |   583M |   0 |3191 |  31k|  31k| 636 |  9 |  58 |1143 | 3.503430e+05 | 3.572964e+05 |   1.98%| unknown
 2731s|     1 |     0 |  3301k|     - |   586M |   0 |3191 |  31k|  31k| 725 | 10 |  58 |1143 | 3.503430e+05 | 3.572964e+05 |   1.98%| unknown
 2732s|     1 |     0 |  3302k|     - |   589M |   0 |3191 |  31k|  32k| 807 | 11 |  58 |1143 | 3.503430e+05 | 3.572964e+05 |   1.98%| unknown
 2733s|     1 |     0 |  3303k|     - |   592M |   0 |3191 |  31k|  32k| 891 | 12 |  58 |1143 | 3.503430e+05 | 3.572964e+05 |   1.98%| unknown
 2734s|     1 |     0 |  3304k|     - |   596M |   0 |3191 |  31k|  32k| 970 | 13 |  58 |1143 | 3.503430e+05 | 3.572964e+05 |   1.98%| unknown
 2736s|     1 |     0 |  3306k|     - |   600M |   0 |3191 |  31k|  32k|1042 | 14 |  58 |1143 | 3.503430e+05 | 3.572964e+05 |   1.98%| unknown
 time | node  | left  |LP iter|LP it/n|mem/heur|mdpt |vars |cons |rows |cuts |sepa|confs|strbr|  dualbound   | primalbound  |  gap   | compl. 
 2738s|     1 |     0 |  3307k|     - |   603M |   0 |3191 |  31k|  32k|1125 | 15 |  58 |1143 | 3.503430e+05 | 3.572964e+05 |   1.98%| unknown
 2739s|     1 |     0 |  3309k|     - |   606M |   0 |3191 |  31k|  32k|1213 | 16 |  58 |1143 | 3.503430e+05 | 3.572964e+05 |   1.98%| unknown
 2741s|     1 |     0 |  3310k|     - |   610M |   0 |3191 |  31k|  32k|1291 | 17 |  58 |1143 | 3.503430e+05 | 3.572964e+05 |   1.98%| unknown
 2742s|     1 |     0 |  3311k|     - |   613M |   0 |3191 |  31k|  32k|1366 | 18 |  58 |1143 | 3.503430e+05 | 3.572964e+05 |   1.98%| unknown
 2743s|     1 |     0 |  3312k|     - |   616M |   0 |3191 |  31k|  32k|1428 | 19 |  58 |1143 | 3.503430e+05 | 3.572964e+05 |   1.98%| unknown
 2745s|     1 |     0 |  3313k|     - |   620M |   0 |3191 |  31k|  32k|1508 | 20 |  58 |1143 | 3.503430e+05 | 3.572964e+05 |   1.98%| unknown
 2746s|     1 |     0 |  3315k|     - |   620M |   0 |3191 |  31k|  32k|1586 | 21 |  58 |1143 | 3.503430e+05 | 3.572964e+05 |   1.98%| unknown
 2748s|     1 |     0 |  3316k|     - |   620M |   0 |3191 |  31k|  32k|1656 | 22 |  58 |1143 | 3.503430e+05 | 3.572964e+05 |   1.98%| unknown
 2749s|     1 |     0 |  3317k|     - |   620M |   0 |3191 |  31k|  32k|1743 | 23 |  58 |1143 | 3.503430e+05 | 3.572964e+05 |   1.98%| unknown
 2752s|     1 |     0 |  3319k|     - |   620M |   0 |3191 |  31k|  32k|1821 | 24 |  58 |1143 | 3.503430e+05 | 3.572964e+05 |   1.98%| unknown
 2754s|     1 |     0 |  3322k|     - |   620M |   0 |3191 |  31k|  32k|1920 | 25 |  58 |1143 | 3.503430e+05 | 3.572964e+05 |   1.98%| unknown
 2758s|     1 |     0 |  3325k|     - |   620M |   0 |3191 |  31k|  32k|2025 | 26 |  58 |1143 | 3.503430e+05 | 3.572964e+05 |   1.98%| unknown
 2761s|     1 |     0 |  3327k|     - |   621M |   0 |3191 |  31k|  32k|2129 | 27 |  58 |1143 | 3.503430e+05 | 3.572964e+05 |   1.98%| unknown
 2766s|     1 |     0 |  3331k|     - |   621M |   0 |3191 |  31k|  32k|2233 | 28 |  58 |1143 | 3.503430e+05 | 3.572964e+05 |   1.98%| unknown
 2772s|     1 |     0 |  3337k|     - |   621M |   0 |3191 |  31k|  32k|2338 | 29 |  58 |1143 | 3.503430e+05 | 3.572964e+05 |   1.98%| unknown
 time | node  | left  |LP iter|LP it/n|mem/heur|mdpt |vars |cons |rows |cuts |sepa|confs|strbr|  dualbound   | primalbound  |  gap   | compl. 
 2777s|     1 |     0 |  3341k|     - |   621M |   0 |3191 |  31k|  33k|2431 | 30 |  58 |1143 | 3.503430e+05 | 3.572964e+05 |   1.98%| unknown
 2783s|     1 |     0 |  3345k|     - |   621M |   0 |3191 |  31k|  33k|2516 | 31 |  58 |1143 | 3.503430e+05 | 3.572964e+05 |   1.98%| unknown
 2790s|     1 |     0 |  3350k|     - |   622M |   0 |3191 |  31k|  33k|2619 | 32 |  58 |1143 | 3.503430e+05 | 3.572964e+05 |   1.98%| unknown
 2797s|     1 |     0 |  3356k|     - |   623M |   0 |3191 |  31k|  33k|2730 | 33 |  58 |1143 | 3.503430e+05 | 3.572964e+05 |   1.98%| unknown
 2803s|     1 |     0 |  3360k|     - |   623M |   0 |3191 |  31k|  33k|2822 | 34 |  58 |1143 | 3.503430e+05 | 3.572964e+05 |   1.98%| unknown
 2809s|     1 |     0 |  3365k|     - |   623M |   0 |3191 |  31k|  33k|2920 | 35 |  58 |1143 | 3.503430e+05 | 3.572964e+05 |   1.98%| unknown
 2815s|     1 |     0 |  3369k|     - |   623M |   0 |3191 |  31k|  33k|3012 | 36 |  58 |1143 | 3.503430e+05 | 3.572964e+05 |   1.98%| unknown
 2822s|     1 |     0 |  3373k|     - |   623M |   0 |3191 |  31k|  33k|3091 | 37 |  58 |1143 | 3.503430e+05 | 3.572964e+05 |   1.98%| unknown
 2831s|     1 |     0 |  3380k|     - |   624M |   0 |3191 |  31k|  33k|3167 | 38 |  58 |1143 | 3.503430e+05 | 3.572964e+05 |   1.98%| unknown
 2840s|     1 |     0 |  3386k|     - |   624M |   0 |3191 |  31k|  33k|3255 | 39 |  58 |1143 | 3.503430e+05 | 3.572964e+05 |   1.98%| unknown
 2847s|     1 |     0 |  3390k|     - |   625M |   0 |3191 |  31k|  33k|3345 | 40 |  58 |1143 | 3.503430e+05 | 3.572964e+05 |   1.98%| unknown
 2854s|     1 |     0 |  3395k|     - |   625M |   0 |3191 |  31k|  33k|3419 | 41 |  58 |1143 | 3.503430e+05 | 3.572964e+05 |   1.98%| unknown
 2860s|     1 |     0 |  3399k|     - |   625M |   0 |3191 |  31k|  33k|3525 | 42 |  58 |1143 | 3.503430e+05 | 3.572964e+05 |   1.98%| unknown
 2868s|     1 |     0 |  3404k|     - |   625M |   0 |3191 |  31k|  33k|3600 | 43 |  58 |1143 | 3.503430e+05 | 3.572964e+05 |   1.98%| unknown
 2896s|     1 |     2 |  3422k|     - |   625M |   0 |3191 |  31k|  33k|3600 | 43 |  61 |1151 | 3.503430e+05 | 3.572964e+05 |   1.98%| unknown
 time | node  | left  |LP iter|LP it/n|mem/heur|mdpt |vars |cons |rows |cuts |sepa|confs|strbr|  dualbound   | primalbound  |  gap   | compl. 
 4356s|   100 |    99 |  4408k|2124.9 |   638M |  34 |3191 |  31k|  32k|5766 |  1 | 678 |2247 | 3.503430e+05 | 3.572964e+05 |   1.98%| unknown
 4875s|   200 |   187 |  5074k|2346.5 |   645M |  51 |3191 |  31k|  32k|6942 |  2 |1029 |2654 | 3.503430e+05 | 3.572964e+05 |   1.98%|  12.35%
d4917s|   209 |   196 |  5182k|2389.0 |guideddi|  53 |3191 |  31k|  32k|   0 |  1 |1103 |2655 | 3.503430e+05 | 3.572887e+05 |   1.98%|  12.35%
 5201s|   300 |   273 |  5638k|2500.6 |   655M |  63 |3191 |  31k|  32k|8354 |  1 |1896 |2864 | 3.503430e+05 | 3.572887e+05 |   1.98%|  14.06%
d5377s|   362 |   327 |  5988k|2588.9 |pscostdi|  73 |3191 |  31k|  32k|   0 |  1 |2026 |2993 | 3.503430e+05 | 3.572500e+05 |   1.97%|  14.10%
d5417s|   370 |   335 |  6085k|2623.3 |fracdivi|  74 |3191 |  31k|  32k|   0 |  1 |2026 |2999 | 3.503430e+05 | 3.572484e+05 |   1.97%|  14.10%
 5545s|   400 |   363 |  6298k|2683.4 |   660M |  76 |3191 |  31k|  32k|9819 |  1 |2033 |3030 | 3.503430e+05 | 3.572484e+05 |   1.97%|  14.12%
 5738s|   500 |   425 |  6668k|2726.7 |   662M |  88 |3191 |  31k|  32k|  10k|  1 |2111 |3103 | 3.503430e+05 | 3.572484e+05 |   1.97%|  14.12%
L5878s|   570 |   319 |  6943k|2761.5 |    rins|  96 |3191 |  31k|  33k|  11k|  1 |2172 |3176 | 3.503430e+05 | 3.566828e+05 |   1.81%|  14.28%
 5919s|   600 |   329 |  6968k|2737.8 |   671M |  99 |3191 |  31k|  32k|  12k|  1 |2188 |3246 | 3.503430e+05 | 3.566828e+05 |   1.81%|  14.53%
 6082s|   700 |   379 |  7305k|2762.5 |   672M | 110 |3191 |  31k|  33k|  13k|  0 |2205 |3278 | 3.503430e+05 | 3.566828e+05 |   1.81%|  14.53%
 6508s|   800 |   451 |  7871k|2872.1 |   674M | 118 |3191 |  31k|  33k|  14k|  1 |2245 |3441 | 3.503430e+05 | 3.566828e+05 |   1.81%|  14.53%
d6643s|   857 |   474 |  8104k|2898.1 |linesear| 125 |3191 |  31k|  33k|   0 |  1 |2265 |3490 | 3.503430e+05 | 3.566784e+05 |   1.81%|  14.53%
 6818s|   900 |   507 |  8305k|2925.6 |   676M | 129 |3191 |  31k|  32k|  15k|  1 |2274 |3583 | 3.503430e+05 | 3.566784e+05 |   1.81%|  14.53%
d6979s|   952 |   545 |  8648k|2994.0 |linesear| 133 |3191 |  31k|  33k|   0 |  1 |2309 |3596 | 3.503430e+05 | 3.566771e+05 |   1.81%|  14.53%
 time | node  | left  |LP iter|LP it/n|mem/heur|mdpt |vars |cons |rows |cuts |sepa|confs|strbr|  dualbound   | primalbound  |  gap   | compl. 
 7037s|  1000 |   563 |  8753k|2980.6 |   678M | 135 |3191 |  31k|  33k|  16k|  1 |2357 |3605 | 3.503430e+05 | 3.566771e+05 |   1.81%|  14.73%
 7336s|  1100 |   629 |  9279k|3058.0 |   682M | 146 |3191 |  31k|  33k|  17k|  1 |2372 |3692 | 3.503430e+05 | 3.566771e+05 |   1.81%|  14.73%
L7521s|  1152 |   442 |  9457k|3064.1 |    rins| 148 |3191 |  31k|  32k|  18k|  1 |2457 |3819 | 3.503430e+05 | 3.562412e+05 |   1.68%|  19.35%
 7620s|  1200 |   466 |  9635k|3074.4 |   685M | 153 |3191 |  31k|   0 |  18k|  0 |2471 |3856 | 3.503430e+05 | 3.562412e+05 |   1.68%|  19.42%
 7906s|  1300 |   514 |  9966k|3082.0 |   687M | 166 |3191 |  31k|  33k|  19k|  1 |2504 |4014 | 3.503430e+05 | 3.562412e+05 |   1.68%|  19.42%
L8132s|  1352 |   442 | 10369k|3158.0 |crossove| 177 |3191 |  31k|  33k|  19k|  1 |2513 |4032 | 3.503430e+05 | 3.560092e+05 |   1.62%|  19.56%
 8193s|  1400 |   454 | 10433k|3130.7 |   698M | 181 |3191 |  31k|  33k|  20k|  1 |2535 |4093 | 3.503430e+05 | 3.560092e+05 |   1.62%|  19.57%
 8317s|  1500 |   480 | 10649k|3101.8 |   698M | 187 |3191 |  31k|  33k|  20k|  1 |2550 |4117 | 3.503430e+05 | 3.560092e+05 |   1.62%|  19.57%
L8376s|  1552 |   374 | 10726k|3077.0 |    rins| 189 |3191 |  31k|  33k|  21k|  1 |2550 |4176 | 3.503430e+05 | 3.557160e+05 |   1.53%|  19.62%
 8487s|  1600 |   402 | 10939k|3095.9 |   699M | 213 |3191 |  31k|  33k|  21k|  1 |2550 |4183 | 3.503430e+05 | 3.557160e+05 |   1.53%|  19.70%
 8598s|  1700 |   462 | 11168k|3073.3 |   700M | 293 |3191 |  31k|  33k|  21k|  1 |2550 |4183 | 3.503430e+05 | 3.557160e+05 |   1.53%|  19.70%
L8604s|  1752 |   333 | 11181k|3032.2 |    rins| 296 |3191 |  31k|  33k|  21k|  1 |2550 |4183 | 3.503430e+05 | 3.555657e+05 |   1.49%|  19.70%
 8663s|  1800 |   343 | 11272k|3017.3 |   700M | 296 |3191 |  31k|  33k|  21k|  0 |2551 |4198 | 3.503430e+05 | 3.555657e+05 |   1.49%|  19.70%
 8835s|  1900 |   373 | 11353k|2958.4 |   706M | 296 |3191 |  31k|  33k|  22k|  2 |2887 |4796 | 3.503430e+05 | 3.555657e+05 |   1.49%|  19.73%
 8933s|  2000 |   391 | 11446k|2905.6 |   707M | 296 |3191 |  31k|  33k|  23k|  1 |2908 |4889 | 3.503430e+05 | 3.555657e+05 |   1.49%|  19.73%
 time | node  | left  |LP iter|LP it/n|mem/heur|mdpt |vars |cons |rows |cuts |sepa|confs|strbr|  dualbound   | primalbound  |  gap   | compl. 
L8934s|  2002 |   364 | 11446k|2904.1 |    rins| 296 |3191 |  31k|  33k|  23k|  2 |2911 |4894 | 3.503430e+05 | 3.554997e+05 |   1.47%|  19.73%
 9100s|  2100 |   402 | 11502k|2846.1 |   713M | 296 |3191 |  31k|   0 |  23k|  0 |3249 |5457 | 3.503430e+05 | 3.554997e+05 |   1.47%|  19.75%
 9163s|  2200 |   432 | 11526k|2781.7 |   716M | 296 |3191 |  31k|  33k|  23k|  1 |3481 |5682 | 3.503430e+05 | 3.554997e+05 |   1.47%|  19.75%
L9266s|  2274 |   444 | 11636k|2758.4 |    rins| 296 |3191 |  31k|  33k|  24k|  2 |3555 |5763 | 3.503561e+05 | 3.554997e+05 |   1.47%|  19.76%
 9281s|  2300 |   442 | 11645k|2743.2 |   718M | 296 |3191 |  31k|  33k|  24k|  1 |3577 |5812 | 3.503561e+05 | 3.554997e+05 |   1.47%|  19.76%
 9424s|  2400 |   472 | 11741k|2701.2 |   722M | 296 |3191 |  31k|  32k|  25k|  0 |3653 |5997 | 3.503718e+05 | 3.554997e+05 |   1.46%|  19.79%
 9453s|  2500 |   488 | 11786k|2649.4 |   725M | 296 |3191 |  31k|  33k|  25k|  1 |3670 |6028 | 3.503718e+05 | 3.554997e+05 |   1.46%|  19.79%
 9587s|  2600 |   506 | 11887k|2612.5 |   737M | 296 |3191 |  31k|  32k|  27k|  1 |3718 |6136 | 3.504135e+05 | 3.554997e+05 |   1.45%|  19.80%
 9897s|  2700 |   526 | 12052k|2591.3 |   748M | 296 |3191 |  31k|  32k|  28k|  1 |3823 |6396 | 3.504255e+05 | 3.554997e+05 |   1.45%|  19.82%
  169m|  2800 |   540 | 12180k|2563.1 |   759M | 296 |3191 |  31k|  33k|  29k|  0 |3852 |6556 | 3.504386e+05 | 3.554997e+05 |   1.44%|  19.84%
  169m|  2900 |   548 | 12208k|2514.9 |   760M | 296 |3191 |  31k|  33k|  29k|  1 |3860 |6607 | 3.504386e+05 | 3.554997e+05 |   1.44%|  19.84%
  174m|  3000 |   562 | 12319k|2485.9 |   779M | 296 |3191 |  31k|   0 |  30k|  0 |3977 |6886 | 3.504534e+05 | 3.554997e+05 |   1.44%|  19.84%
  177m|  3100 |   580 | 12413k|2454.6 |   783M | 296 |3191 |  31k|  33k|  32k|  1 |4076 |7107 | 3.504601e+05 | 3.554997e+05 |   1.44%|  19.85%
  180m|  3200 |   588 | 12520k|2427.3 |   789M | 296 |3191 |  31k|  33k|  33k|  1 |4159 |7293 | 3.504664e+05 | 3.554997e+05 |   1.44%|  19.86%
  182m|  3300 |   602 | 12618k|2399.1 |   806M | 296 |3191 |  31k|  32k|  34k|  3 |4215 |7358 | 3.504880e+05 | 3.554997e+05 |   1.43%|  19.87%
 time | node  | left  |LP iter|LP it/n|mem/heur|mdpt |vars |cons |rows |cuts |sepa|confs|strbr|  dualbound   | primalbound  |  gap   | compl. 
  183m|  3400 |   614 | 12662k|2361.6 |   819M | 296 |3191 |  31k|  33k|  34k|  2 |4454 |7486 | 3.504905e+05 | 3.554997e+05 |   1.43%|  19.88%
  185m|  3500 |   614 | 12754k|2334.8 |   820M | 296 |3191 |  31k|  34k|  35k|  0 |4546 |7567 | 3.504914e+05 | 3.554997e+05 |   1.43%|  19.89%
  186m|  3600 |   626 | 12838k|2307.3 |   832M | 296 |3191 |  31k|  33k|  36k|  0 |4634 |7637 | 3.505061e+05 | 3.554997e+05 |   1.42%|  19.91%
  188m|  3700 |   648 | 12897k|2276.2 |   835M | 296 |3191 |  31k|   0 |  36k|  0 |4711 |7729 | 3.505107e+05 | 3.554997e+05 |   1.42%|  20.03%
  188m|  3800 |   654 | 12929k|2241.6 |   837M | 296 |3191 |  32k|  34k|  36k|  1 |4741 |7784 | 3.505107e+05 | 3.554997e+05 |   1.42%|  20.03%
L 189m|  3839 |   556 | 12967k|2232.8 |crossove| 296 |3191 |  31k|  33k|  37k|  0 |4770 |7817 | 3.505124e+05 | 3.554288e+05 |   1.40%|  20.03%
  190m|  3900 |   559 | 12988k|2212.9 |   840M | 296 |3191 |  31k|  34k|  37k|  1 |4787 |7856 | 3.505124e+05 | 3.554288e+05 |   1.40%|  20.06%
  191m|  4000 |   565 | 13077k|2190.2 |   845M | 296 |3191 |  32k|  34k|  38k|  1 |4897 |7908 | 3.505258e+05 | 3.554288e+05 |   1.40%|  20.09%
  193m|  4100 |   575 | 13149k|2165.5 |   860M | 296 |3191 |  32k|  33k|  38k|  0 |5048 |8002 | 3.505383e+05 | 3.554288e+05 |   1.40%|  20.10%
  195m|  4200 |   597 | 13226k|2142.4 |   862M | 296 |3191 |  32k|  33k|  39k|  1 |5139 |8127 | 3.505545e+05 | 3.554288e+05 |   1.39%|  20.13%
  195m|  4300 |   605 | 13259k|2112.8 |   865M | 296 |3191 |  32k|  32k|  39k|  0 |5158 |8195 | 3.505567e+05 | 3.554288e+05 |   1.39%|  20.15%
  197m|  4400 |   619 | 13332k|2090.8 |   867M | 296 |3191 |  32k|   0 |  40k|  0 |5197 |8222 | 3.505586e+05 | 3.554288e+05 |   1.39%|  20.15%
L 197m|  4439 |   586 | 13339k|2078.8 |crossove| 296 |3191 |  32k|  34k|  40k|  2 |5232 |8266 | 3.505586e+05 | 3.553862e+05 |   1.38%|  20.15%
  198m|  4500 |   587 | 13376k|2064.7 |   876M | 296 |3191 |  32k|   0 |  40k|  0 |5293 |8330 | 3.505644e+05 | 3.553862e+05 |   1.38%|  20.19%
  199m|  4600 |   593 | 13438k|2042.3 |   877M | 296 |3191 |  32k|   0 |  41k|  0 |5353 |8408 | 3.505674e+05 | 3.553862e+05 |   1.37%|  20.22%
 time | node  | left  |LP iter|LP it/n|mem/heur|mdpt |vars |cons |rows |cuts |sepa|confs|strbr|  dualbound   | primalbound  |  gap   | compl. 
  201m|  4700 |   609 | 13537k|2026.2 |   879M | 296 |3191 |  32k|  33k|  41k|  0 |5523 |8529 | 3.505676e+05 | 3.553862e+05 |   1.37%|  20.27%
  202m|  4800 |   631 | 13590k|2003.6 |   882M | 296 |3191 |  32k|  33k|  42k|  1 |5647 |8706 | 3.505676e+05 | 3.553862e+05 |   1.37%|  20.27%
  203m|  4900 |   651 | 13652k|1983.2 |   883M | 296 |3191 |  32k|  33k|  42k|  1 |5683 |8741 | 3.505688e+05 | 3.553862e+05 |   1.37%|  20.28%
  205m|  5000 |   671 | 13743k|1967.5 |   892M | 296 |3191 |  32k|   0 |  43k|  0 |5807 |8841 | 3.505866e+05 | 3.553862e+05 |   1.37%|  20.28%
  207m|  5100 |   689 | 13810k|1948.8 |   897M | 296 |3191 |  32k|  33k|  43k|  0 |5900 |8896 | 3.505899e+05 | 3.553862e+05 |   1.37%|  20.29%
  209m|  5200 |   709 | 13914k|1935.9 |   903M | 296 |3191 |  32k|  32k|  44k|  1 |6010 |8994 | 3.506090e+05 | 3.553862e+05 |   1.36%|  20.31%
  212m|  5300 |   725 | 14028k|1924.7 |   906M | 296 |3191 |  32k|  32k|  45k|  1 |6120 |9222 | 3.506114e+05 | 3.553862e+05 |   1.36%|  20.31%
  213m|  5400 |   721 | 14048k|1901.0 |   906M | 296 |3191 |  32k|  34k|  46k|  2 |6146 |9231 | 3.506114e+05 | 3.553862e+05 |   1.36%|  20.31%
  214m|  5500 |   737 | 14125k|1885.5 |   909M | 296 |3191 |  32k|  32k|  46k|  1 |6269 |9291 | 3.506156e+05 | 3.553862e+05 |   1.36%|  20.32%
  216m|  5600 |   753 | 14232k|1874.5 |   910M | 296 |3191 |  32k|  33k|  47k|  1 |6326 |9365 | 3.506198e+05 | 3.553862e+05 |   1.36%|  20.34%
  219m|  5700 |   775 | 14324k|1861.8 |   923M | 296 |3191 |  32k|  33k|  48k|  1 |6395 |9468 | 3.506313e+05 | 3.553862e+05 |   1.36%|  20.35%
  220m|  5800 |   787 | 14397k|1847.1 |   925M | 296 |3191 |  32k|  33k|  49k|  1 |6493 |9564 | 3.506419e+05 | 3.553862e+05 |   1.35%|  20.35%
  222m|  5900 |   789 | 14467k|1832.3 |   942M | 296 |3191 |  32k|  33k|  49k|  1 |6549 |9659 | 3.506424e+05 | 3.553862e+05 |   1.35%|  20.35%
  223m|  6000 |   803 | 14542k|1818.5 |   947M | 296 |3191 |  32k|  34k|  50k|  0 |6592 |9724 | 3.506471e+05 | 3.553862e+05 |   1.35%|  20.36%
  224m|  6100 |   825 | 14616k|1804.9 |   956M | 296 |3191 |  32k|  33k|  51k|  1 |6664 |9808 | 3.506525e+05 | 3.553862e+05 |   1.35%|  20.38%
 time | node  | left  |LP iter|LP it/n|mem/heur|mdpt |vars |cons |rows |cuts |sepa|confs|strbr|  dualbound   | primalbound  |  gap   | compl. 
  225m|  6200 |   841 | 14670k|1789.2 |   957M | 296 |3191 |  32k|  34k|  52k|  0 |6749 |9830 | 3.506544e+05 | 3.553862e+05 |   1.35%|  20.38%
  228m|  6300 |   849 | 14775k|1780.1 |   959M | 296 |3191 |  32k|  33k|  53k|  0 |6816 |9945 | 3.506614e+05 | 3.553862e+05 |   1.35%|  20.38%
  229m|  6400 |   867 | 14841k|1766.5 |   970M | 296 |3191 |  32k|  34k|  53k|  2 |6865 |9991 | 3.506615e+05 | 3.553862e+05 |   1.35%|  20.39%
  230m|  6500 |   871 | 14892k|1751.5 |   979M | 296 |3191 |  32k|  34k|  54k|  0 |6916 |  10k| 3.506716e+05 | 3.553862e+05 |   1.34%|  20.43%
  232m|  6600 |   881 | 14976k|1740.7 |   991M | 296 |3191 |  32k|  34k|  55k|  2 |6942 |  10k| 3.506770e+05 | 3.553862e+05 |   1.34%|  20.43%
  234m|  6700 |   887 | 15078k|1732.3 |   996M | 296 |3191 |  32k|   0 |  56k|  0 |7013 |  10k| 3.506812e+05 | 3.553862e+05 |   1.34%|  20.45%
  236m|  6800 |   903 | 15175k|1723.5 |  1002M | 296 |3191 |  32k|  33k|  56k|  0 |7053 |  10k| 3.506871e+05 | 3.553862e+05 |   1.34%|  20.45%
  238m|  6900 |   911 | 15364k|1725.3 |  1007M | 296 |3191 |  32k|  34k|  57k|  0 |7147 |  10k| 3.506924e+05 | 3.553862e+05 |   1.34%|  20.45%
  240m|  7000 |   929 | 15468k|1717.6 |  1021M | 296 |3191 |  32k|  33k|  58k|  1 |7248 |  10k| 3.506938e+05 | 3.553862e+05 |   1.34%|  20.46%

SCIP Status        : solving was interrupted [time limit reached]
Solving Time (sec) : 14400.00
Solving Nodes      : 7011 (total of 8855 nodes in 2 runs)
Primal Bound       : +3.55386228000001e+05 (63 solutions)
Dual Bound         : +3.50693827402470e+05
Gap                : 1.34 %

primal solution (original space):
=================================

objective value:                     355386.228000001
z#12                                                1 	(obj:0)
z#19                                                1 	(obj:0)
z#20                                                1 	(obj:0)
z#21                                                1 	(obj:0)
z#25                                                1 	(obj:0)
z#27                                                1 	(obj:0)
z#31                                                1 	(obj:0)
z#37                                                1 	(obj:0)
z#46                                                1 	(obj:0)
z#51                                                1 	(obj:0)
z#58                                                1 	(obj:0)
z#64                                                1 	(obj:0)
z#67                                                1 	(obj:0)
z#70                                                1 	(obj:0)
z#74                                                1 	(obj:0)
z#76                                                1 	(obj:0)
z#78                                                1 	(obj:0)
z#81                                                1 	(obj:0)
z#91                                                1 	(obj:0)
z#94                                                1 	(obj:0)
z#95                                                1 	(obj:0)
z#98                                                1 	(obj:0)
z#100                                               1 	(obj:0)
z#103                                               1 	(obj:0)
z#104                                               1 	(obj:0)
z#105                                               1 	(obj:0)
z#120                                               1 	(obj:0)
z#125                                               1 	(obj:0)
z#126                                               1 	(obj:0)
z#128                                               1 	(obj:0)
z#130                                               1 	(obj:0)
z#131                                               1 	(obj:0)
z#138                                               1 	(obj:0)
z#145                                               1 	(obj:0)
z#149                                               1 	(obj:0)
z#152                                               1 	(obj:0)
z#167                                               1 	(obj:0)
z#168                                               1 	(obj:0)
z#179                                               1 	(obj:0)
z#180                                               1 	(obj:0)
z#183                                               1 	(obj:0)
z#184                                               1 	(obj:0)
z#186                                               1 	(obj:0)
z#187                                               1 	(obj:0)
z#188                                               1 	(obj:0)
z#190                                               1 	(obj:0)
z#193                                               1 	(obj:0)
z#211                                               1 	(obj:0)
z#213                                               1 	(obj:0)
z#214                                               1 	(obj:0)
z#217                                               1 	(obj:0)
z#223                                               1 	(obj:0)
z#229                                               1 	(obj:0)
z#232                                               1 	(obj:0)
z#240                                               1 	(obj:0)
z#245                                               1 	(obj:0)
z#247                                               1 	(obj:0)
z#254                                               1 	(obj:0)
z#258                                               1 	(obj:0)
z#262                                               1 	(obj:0)
z#264                                               1 	(obj:0)
z#266                                               1 	(obj:0)
z#268                                               1 	(obj:0)
z#274                                               1 	(obj:0)
z#279                                               1 	(obj:0)
z#302                                               1 	(obj:0)
z#304                                               1 	(obj:0)
z#309                                               1 	(obj:0)
z#310                                               1 	(obj:0)
z#315                                               1 	(obj:0)
z#318                                               1 	(obj:0)
z#319                                               1 	(obj:0)
z#327                                               1 	(obj:0)
z#332                                               1 	(obj:0)
z#334                                               1 	(obj:0)
z#338                                               1 	(obj:0)
z#342                                               1 	(obj:0)
z#348                                               1 	(obj:0)
z#355                                               1 	(obj:0)
z#373                                               1 	(obj:0)
z#375                                               1 	(obj:0)
z#382                                               1 	(obj:0)
z#388                                               1 	(obj:0)
z#389                                               1 	(obj:0)
z#391                                               1 	(obj:0)
z#394                                               1 	(obj:0)
z#400                                               1 	(obj:0)
z#401                                               1 	(obj:0)
z#406                                               1 	(obj:0)
z#409                                               1 	(obj:0)
z#411                                               1 	(obj:0)
z#423                                               1 	(obj:0)
z#424                                               1 	(obj:0)
z#429                                               1 	(obj:0)
z#432                                               1 	(obj:0)
z#433                                               1 	(obj:0)
z#446                                               1 	(obj:0)
z#448                                               1 	(obj:0)
z#456                                               1 	(obj:0)
z#477                                               1 	(obj:0)
z#482                                               1 	(obj:0)
z#493                                               1 	(obj:0)
z#506                                               1 	(obj:0)
z#510                                               1 	(obj:0)
z#517                                               1 	(obj:0)
z#524                                               1 	(obj:0)
z#525                                               1 	(obj:0)
z#529                                               1 	(obj:0)
z#539                                               1 	(obj:0)
z#552                                               1 	(obj:0)
z#553                                               1 	(obj:0)
z#561                                               1 	(obj:0)
z#565                                               1 	(obj:0)
z#571                                               1 	(obj:0)
z#582                                               1 	(obj:0)
z#584                                               1 	(obj:0)
z#588                                               1 	(obj:0)
z#593                                               1 	(obj:0)
z#602                                               1 	(obj:0)
z#608                                               1 	(obj:0)
z#613                                               1 	(obj:0)
z#615                                               1 	(obj:0)
z#619                                               1 	(obj:0)
z#620                                               1 	(obj:0)
z#628                                               1 	(obj:0)
z#631                                               1 	(obj:0)
z#637                                               1 	(obj:0)
z#642                                               1 	(obj:0)
z#646                                               1 	(obj:0)
z#647                                               1 	(obj:0)
z#655                                               1 	(obj:0)
z#662                                               1 	(obj:0)
z#672                                               1 	(obj:0)
z#685                                               1 	(obj:0)
z#693                                               1 	(obj:0)
z#701                                               1 	(obj:0)
z#703                                               1 	(obj:0)
z#704                                               1 	(obj:0)
z#705                                               1 	(obj:0)
z#706                                               1 	(obj:0)
z#707                                               1 	(obj:0)
z#709                                               1 	(obj:0)
z#710                                               1 	(obj:0)
z#718                                               1 	(obj:0)
z#719                                               1 	(obj:0)
z#720                                               1 	(obj:0)
z#727                                               1 	(obj:0)
z#730                                               1 	(obj:0)
z#735                                               1 	(obj:0)
z#736                                               1 	(obj:0)
z#738                                               1 	(obj:0)
z#740                                               1 	(obj:0)
z#746                                               1 	(obj:0)
z#748                                               1 	(obj:0)
z#750                                               1 	(obj:0)
z#752                                               1 	(obj:0)
z#756                                               1 	(obj:0)
z#767                                               1 	(obj:0)
z#771                                               1 	(obj:0)
z#773                                               1 	(obj:0)
z#777                                               1 	(obj:0)
z#784                                               1 	(obj:0)
z#787                                               1 	(obj:0)
z#792                                               1 	(obj:0)
z#796                                               1 	(obj:0)
z#800                                               1 	(obj:0)
z#802                                               1 	(obj:0)
z#807                                               1 	(obj:0)
z#812                                               1 	(obj:0)
z#814                                               1 	(obj:0)
z#822                                               1 	(obj:0)
z#833                                               1 	(obj:0)
z#835                                               1 	(obj:0)
z#842                                               1 	(obj:0)
z#845                                               1 	(obj:0)
z#846                                               1 	(obj:0)
z#848                                               1 	(obj:0)
z#849                                               1 	(obj:0)
z#850                                               1 	(obj:0)
z#852                                               1 	(obj:0)
z#853                                               1 	(obj:0)
z#855                                               1 	(obj:0)
z#856                                               1 	(obj:0)
z#857                                               1 	(obj:0)
z#861                                               1 	(obj:0)
z#863                                               1 	(obj:0)
z#872                                               1 	(obj:0)
z#873                                               1 	(obj:0)
z#874                                               1 	(obj:0)
z#884                                               1 	(obj:0)
z#887                                               1 	(obj:0)
z#891                                               1 	(obj:0)
z#894                                               1 	(obj:0)
z#909                                               1 	(obj:0)
z#911                                               1 	(obj:0)
z#916                                               1 	(obj:0)
z#921                                               1 	(obj:0)
z#926                                               1 	(obj:0)
z#932                                               1 	(obj:0)
z#937                                               1 	(obj:0)
z#945                                               1 	(obj:0)
z#949                                               1 	(obj:0)
z#950                                               1 	(obj:0)
z#951                                               1 	(obj:0)
z#956                                               1 	(obj:0)
z#957                                               1 	(obj:0)
z#959                                               1 	(obj:0)
z#965                                               1 	(obj:0)
z#968                                               1 	(obj:0)
z#970                                               1 	(obj:0)
z#973                                               1 	(obj:0)
z#985                                               1 	(obj:0)
z#1001                                              1 	(obj:0)
z#1003                                              1 	(obj:0)
z#1006                                              1 	(obj:0)
z#1013                                              1 	(obj:0)
z#1017                                              1 	(obj:0)
z#1023                                              1 	(obj:0)
z#1025                                              1 	(obj:0)
z#1030                                              1 	(obj:0)
z#1031                                              1 	(obj:0)
z#1038                                              1 	(obj:0)
z#1039                                              1 	(obj:0)
z#1042                                              1 	(obj:0)
z#1043                                              1 	(obj:0)
z#1044                                              1 	(obj:0)
z#1054                                              1 	(obj:0)
z#1057                                              1 	(obj:0)
z#1067                                              1 	(obj:0)
z#1078                                              1 	(obj:0)
z#1087                                              1 	(obj:0)
z#1088                                              1 	(obj:0)
z#1094                                              1 	(obj:0)
z#1105                                              1 	(obj:0)
z#1118                                              1 	(obj:0)
z#1123                                              1 	(obj:0)
z#1127                                              1 	(obj:0)
z#1139                                              1 	(obj:0)
z#1144                                              1 	(obj:0)
z#1148                                              1 	(obj:0)
z#1153                                              1 	(obj:0)
z#1154                                              1 	(obj:0)
z#1164                                              1 	(obj:0)
z#1165                                              1 	(obj:0)
z#1166                                              1 	(obj:0)
z#1175                                              1 	(obj:0)
z#1179                                              1 	(obj:0)
z#1189                                              1 	(obj:0)
z#1191                                              1 	(obj:0)
z#1200                                              1 	(obj:0)
z#1204                                              1 	(obj:0)
z#1205                                              1 	(obj:0)
z#1206                                              1 	(obj:0)
z#1207                                              1 	(obj:0)
z#1217                                              1 	(obj:0)
z#1220                                              1 	(obj:0)
z#1224                                              1 	(obj:0)
z#1234                                              1 	(obj:0)
z#1242                                              1 	(obj:0)
z#1258                                              1 	(obj:0)
z#1264                                              1 	(obj:0)
z#1265                                              1 	(obj:0)
z#1270                                              1 	(obj:0)
z#1284                                              1 	(obj:0)
z#1286                                              1 	(obj:0)
z#1296                                              1 	(obj:0)
z#1300                                              1 	(obj:0)
z#1308                                              1 	(obj:0)
z#1310                                              1 	(obj:0)
z#1312                                              1 	(obj:0)
z#1313                                              1 	(obj:0)
z#1314                                              1 	(obj:0)
z#1315                                              1 	(obj:0)
z#1316                                              1 	(obj:0)
z#1323                                              1 	(obj:0)
z#1324                                              1 	(obj:0)
z#1328                                              1 	(obj:0)
z#1330                                              1 	(obj:0)
z#1339                                              1 	(obj:0)
z#1341                                              1 	(obj:0)
z#1342                                              1 	(obj:0)
z#1350                                              1 	(obj:0)
z#1351                                              1 	(obj:0)
z#1353                                              1 	(obj:0)
z#1355                                              1 	(obj:0)
z#1366                                              1 	(obj:0)
z#1370                                              1 	(obj:0)
z#1372                                              1 	(obj:0)
z#1377                                              1 	(obj:0)
z#1382                                              1 	(obj:0)
z#1385                                              1 	(obj:0)
z#1389                                              1 	(obj:0)
z#1392                                              1 	(obj:0)
z#1395                                              1 	(obj:0)
z#1406                                              1 	(obj:0)
z#1407                                              1 	(obj:0)
z#1411                                              1 	(obj:0)
z#1415                                              1 	(obj:0)
z#1417                                              1 	(obj:0)
z#1423                                              1 	(obj:0)
z#1424                                              1 	(obj:0)
z#1438                                              1 	(obj:0)
z#1452                                              1 	(obj:0)
z#1455                                              1 	(obj:0)
z#1458                                              1 	(obj:0)
z#1459                                              1 	(obj:0)
z#1471                                              1 	(obj:0)
z#1474                                              1 	(obj:0)
z#1482                                              1 	(obj:0)
z#1485                                              1 	(obj:0)
z#1486                                              1 	(obj:0)
z#1491                                              1 	(obj:0)
z#1496                                              1 	(obj:0)
z#1500                                              1 	(obj:0)
z#1505                                              1 	(obj:0)
z#1506                                              1 	(obj:0)
z#1509                                              1 	(obj:0)
z#1514                                              1 	(obj:0)
z#1517                                              1 	(obj:0)
z#1523                                              1 	(obj:0)
z#1526                                              1 	(obj:0)
z#1528                                              1 	(obj:0)
z#1531                                              1 	(obj:0)
z#1552                                              1 	(obj:0)
z#1561                                              1 	(obj:0)
z#1565                                              1 	(obj:0)
z#1568                                              1 	(obj:0)
z#1575                                              1 	(obj:0)
z#1579                                              1 	(obj:0)
z#1583                                              1 	(obj:0)
z#1599                                              1 	(obj:0)
z#1606                                              1 	(obj:0)
z#1608                                              1 	(obj:0)
z#1609                                              1 	(obj:0)
z#1623                                              1 	(obj:0)
z#1633                                              1 	(obj:0)
z#1637                                              1 	(obj:0)
z#1643                                              1 	(obj:0)
z#1651                                              1 	(obj:0)
z#1657                                              1 	(obj:0)
z#1663                                              1 	(obj:0)
z#1667                                              1 	(obj:0)
z#1669                                              1 	(obj:0)
z#1672                                              1 	(obj:0)
z#1677                                              1 	(obj:0)
z#1695                                              1 	(obj:0)
z#1698                                              1 	(obj:0)
z#1699                                              1 	(obj:0)
z#1700                                              1 	(obj:0)
z#1709                                              1 	(obj:0)
z#1710                                              1 	(obj:0)
z#1723                                              1 	(obj:0)
z#1737                                              1 	(obj:0)
z#1742                                              1 	(obj:0)
z#1755                                              1 	(obj:0)
z#1759                                              1 	(obj:0)
z#1763                                              1 	(obj:0)
z#1774                                              1 	(obj:0)
z#1795                                              1 	(obj:0)
z#1800                                              1 	(obj:0)
z#1804                                              1 	(obj:0)
z#1805                                              1 	(obj:0)
z#1822                                              1 	(obj:0)
z#1823                                              1 	(obj:0)
z#1824                                              1 	(obj:0)
z#1834                                              1 	(obj:0)
z#1837                                              1 	(obj:0)
z#1838                                              1 	(obj:0)
z#1843                                              1 	(obj:0)
z#1847                                              1 	(obj:0)
z#1850                                              1 	(obj:0)
z#1853                                              1 	(obj:0)
z#1857                                              1 	(obj:0)
z#1861                                              1 	(obj:0)
z#1879                                              1 	(obj:0)
z#1882                                              1 	(obj:0)
z#1883                                              1 	(obj:0)
z#1884                                              1 	(obj:0)
z#1896                                              1 	(obj:0)
z#1900                                              1 	(obj:0)
z#1906                                              1 	(obj:0)
z#1910                                              1 	(obj:0)
z#1911                                              1 	(obj:0)
z#1917                                              1 	(obj:0)
z#1918                                              1 	(obj:0)
z#1919                                              1 	(obj:0)
z#1927                                              1 	(obj:0)
z#1929                                              1 	(obj:0)
z#1930                                              1 	(obj:0)
z#1933                                              1 	(obj:0)
z#1936                                              1 	(obj:0)
z#1938                                              1 	(obj:0)
z#1949                                              1 	(obj:0)
z#1950                                              1 	(obj:0)
z#1954                                              1 	(obj:0)
z#1956                                              1 	(obj:0)
z#1957                                              1 	(obj:0)
z#1964                                              1 	(obj:0)
z#1968                                              1 	(obj:0)
z#1972                                              1 	(obj:0)
z#1973                                              1 	(obj:0)
z#1975                                              1 	(obj:0)
z#1978                                              1 	(obj:0)
z#1979                                              1 	(obj:0)
z#1981                                              1 	(obj:0)
z#1990                                              1 	(obj:0)
z#1996                                              1 	(obj:0)
z#2003                                              1 	(obj:0)
z#2007                                              1 	(obj:0)
z#2016                                              1 	(obj:0)
z#2021                                              1 	(obj:0)
z#2025                                              1 	(obj:0)
z#2037                                              1 	(obj:0)
z#2045                                              1 	(obj:0)
z#2046                                              1 	(obj:0)
z#2047                                              1 	(obj:0)
z#2055                                              1 	(obj:0)
z#2058                                              1 	(obj:0)
z#2064                                              1 	(obj:0)
z#2068                                              1 	(obj:0)
z#2069                                              1 	(obj:0)
z#2072                                              1 	(obj:0)
z#2073                                              1 	(obj:0)
z#2075                                              1 	(obj:0)
z#2089                                              1 	(obj:0)
z#2090                                              1 	(obj:0)
z#2093                                              1 	(obj:0)
z#2096                                              1 	(obj:0)
z#2101                                              1 	(obj:0)
z#2107                                              1 	(obj:0)
z#2124                                              1 	(obj:0)
z#2126                                              1 	(obj:0)
z#2132                                              1 	(obj:0)
z#2139                                              1 	(obj:0)
z#2143                                              1 	(obj:0)
z#2149                                              1 	(obj:0)
z#2150                                              1 	(obj:0)
z#2161                                              1 	(obj:0)
z#2165                                              1 	(obj:0)
z#2169                                              1 	(obj:0)
z#2176                                              1 	(obj:0)
z#2177                                              1 	(obj:0)
z#2182                                              1 	(obj:0)
z#2187                                              1 	(obj:0)
z#2191                                              1 	(obj:0)
z#2196                                              1 	(obj:0)
z#2203                                              1 	(obj:0)
z#2207                                              1 	(obj:0)
z#2208                                              1 	(obj:0)
z#2210                                              1 	(obj:0)
z#2219                                              1 	(obj:0)
z#2223                                              1 	(obj:0)
z#2234                                              1 	(obj:0)
z#2238                                              1 	(obj:0)
z#2248                                              1 	(obj:0)
z#2251                                              1 	(obj:0)
z#2256                                              1 	(obj:0)
z#2259                                              1 	(obj:0)
z#2265                                              1 	(obj:0)
z#2270                                              1 	(obj:0)
z#2278                                              1 	(obj:0)
z#2281                                              1 	(obj:0)
z#2287                                              1 	(obj:0)
z#2288                                              1 	(obj:0)
z#2293                                              1 	(obj:0)
z#2299                                              1 	(obj:0)
z#2300                                              1 	(obj:0)
z#2303                                              1 	(obj:0)
z#2318                                              1 	(obj:0)
z#2322                                              1 	(obj:0)
z#2336                                              1 	(obj:0)
z#2337                                              1 	(obj:0)
z#2340                                              1 	(obj:0)
z#2341                                              1 	(obj:0)
z#2347                                              1 	(obj:0)
z#2351                                              1 	(obj:0)
z#2353                                              1 	(obj:0)
z#2357                                              1 	(obj:0)
z#2359                                              1 	(obj:0)
z#2361                                              1 	(obj:0)
z#2378                                              1 	(obj:0)
z#2380                                              1 	(obj:0)
z#2382                                              1 	(obj:0)
z#2384                                              1 	(obj:0)
z#2389                                              1 	(obj:0)
z#2390                                              1 	(obj:0)
z#2401                                              1 	(obj:0)
z#2407                                              1 	(obj:0)
z#2408                                              1 	(obj:0)
z#2410                                              1 	(obj:0)
z#2411                                              1 	(obj:0)
z#2417                                              1 	(obj:0)
z#2420                                              1 	(obj:0)
z#2426                                              1 	(obj:0)
z#2427                                              1 	(obj:0)
z#2428                                              1 	(obj:0)
z#2431                                              1 	(obj:0)
z#2432                                              1 	(obj:0)
z#2438                                              1 	(obj:0)
z#2445                                              1 	(obj:0)
z#2451                                              1 	(obj:0)
z#2454                                              1 	(obj:0)
z#2455                                              1 	(obj:0)
z#2469                                              1 	(obj:0)
z#2472                                              1 	(obj:0)
z#2484                                              1 	(obj:0)
z#2488                                              1 	(obj:0)
z#2492                                              1 	(obj:0)
z#2494                                              1 	(obj:0)
z#2495                                              1 	(obj:0)
z#2496                                              1 	(obj:0)
z#2497                                              1 	(obj:0)
z#2501                                              1 	(obj:0)
z#2506                                              1 	(obj:0)
z#2509                                              1 	(obj:0)
z#2512                                              1 	(obj:0)
z#2516                                              1 	(obj:0)
z#2517                                              1 	(obj:0)
z#2526                                              1 	(obj:0)
z#2529                                              1 	(obj:0)
z#2537                                              1 	(obj:0)
z#2563                                              1 	(obj:0)
z#2566                                              1 	(obj:0)
z#2569                                              1 	(obj:0)
z#2573                                              1 	(obj:0)
z#2581                                              1 	(obj:0)
z#2583                                              1 	(obj:0)
z#2587                                              1 	(obj:0)
z#2589                                              1 	(obj:0)
z#2591                                              1 	(obj:0)
z#2602                                              1 	(obj:0)
z#2603                                              1 	(obj:0)
z#2606                                              1 	(obj:0)
z#2609                                              1 	(obj:0)
z#2612                                              1 	(obj:0)
z#2629                                              1 	(obj:0)
z#2630                                              1 	(obj:0)
z#2634                                              1 	(obj:0)
z#2650                                              1 	(obj:0)
z#2654                                              1 	(obj:0)
z#2656                                              1 	(obj:0)
z#2663                                              1 	(obj:0)
z#2672                                              1 	(obj:0)
z#2673                                              1 	(obj:0)
z#2687                                              1 	(obj:0)
z#2701                                              1 	(obj:0)
z#2703                                              1 	(obj:0)
z#2707                                              1 	(obj:0)
z#2712                                              1 	(obj:0)
z#2721                                              1 	(obj:0)
z#2738                                              1 	(obj:0)
z#2742                                              1 	(obj:0)
z#2748                                              1 	(obj:0)
z#2750                                              1 	(obj:0)
z#2753                                              1 	(obj:0)
z#2760                                              1 	(obj:0)
z#2761                                              1 	(obj:0)
z#2763                                              1 	(obj:0)
z#2772                                              1 	(obj:0)
z#2774                                              1 	(obj:0)
z#2797                                              1 	(obj:0)
z#2798                                              1 	(obj:0)
z#2802                                              1 	(obj:0)
z#2805                                              1 	(obj:0)
z#2818                                              1 	(obj:0)
z#2822                                              1 	(obj:0)
z#2831                                              1 	(obj:0)
z#2832                                              1 	(obj:0)
z#2833                                              1 	(obj:0)
z#2834                                              1 	(obj:0)
z#2838                                              1 	(obj:0)
z#2845                                              1 	(obj:0)
z#2852                                              1 	(obj:0)
z#2854                                              1 	(obj:0)
z#2859                                              1 	(obj:0)
z#2861                                              1 	(obj:0)
z#2862                                              1 	(obj:0)
z#2864                                              1 	(obj:0)
z#2875                                              1 	(obj:0)
z#2880                                              1 	(obj:0)
z#2882                                              1 	(obj:0)
z#2883                                              1 	(obj:0)
z#2887                                              1 	(obj:0)
z#2889                                              1 	(obj:0)
z#2891                                              1 	(obj:0)
z#2896                                              1 	(obj:0)
z#2898                                              1 	(obj:0)
z#2900                                              1 	(obj:0)
z#2912                                              1 	(obj:0)
z#2913                                              1 	(obj:0)
z#2918                                              1 	(obj:0)
z#2920                                              1 	(obj:0)
z#2921                                              1 	(obj:0)
z#2930                                              1 	(obj:0)
z#2936                                              1 	(obj:0)
z#2944                                              1 	(obj:0)
z#2967                                              1 	(obj:0)
z#2971                                              1 	(obj:0)
z#2975                                              1 	(obj:0)
z#2992                                              1 	(obj:0)
x#0                                           530.453 	(obj:181)
x#2                                            130.38 	(obj:104)
x#7                                0.0300000000002001 	(obj:166)
x#11                                         413.8244 	(obj:124)
x#16                                          137.832 	(obj:101)
x#20                                 1.86599999999999 	(obj:185)
x#23                                 1.71200000004944 	(obj:153)
x#24                                 555.830999999951 	(obj:133)
x#36                                          699.734 	(obj:109)
y#14                                         139.8136 	(obj:104)
y#28                                          139.263 	(obj:109)
y#33                                0.336999999999989 	(obj:103)
y#44                               0.0950000000012778 	(obj:102)
y#47                               0.0599999999986949 	(obj:102)
u#0                                           530.453 	(obj:0)
u#1                                           530.453 	(obj:0)
u#2                                           660.833 	(obj:0)
u#3                                           660.833 	(obj:0)
u#4                                           660.833 	(obj:0)
u#5                                           660.833 	(obj:0)
u#6                                           660.833 	(obj:0)
u#7                                           660.863 	(obj:0)
u#8                                           660.863 	(obj:0)
u#9                                           660.863 	(obj:0)
u#10                                          660.863 	(obj:0)
u#11                                        1074.6874 	(obj:0)
u#12                                        1074.6874 	(obj:0)
u#13                                        1074.6874 	(obj:0)
u#14                                        1074.6874 	(obj:0)
u#15                                         544.2344 	(obj:0)
u#16                                         682.0664 	(obj:0)
u#17                                         551.6864 	(obj:0)
u#18                                         551.6864 	(obj:0)
u#19                                         551.6864 	(obj:0)
u#20                                         553.5524 	(obj:0)
u#21                                         553.5524 	(obj:0)
u#22                                         553.5224 	(obj:0)
u#23                                 555.234400000049 	(obj:0)
u#24                                        1111.0654 	(obj:0)
u#25                                        1111.0654 	(obj:0)
u#26                                          697.241 	(obj:0)
u#27                                          697.241 	(obj:0)
u#28                                          697.241 	(obj:0)
u#29                                          697.241 	(obj:0)
u#30                                          697.241 	(obj:0)
u#31                                          559.409 	(obj:0)
u#32                                          559.409 	(obj:0)
u#33                                          559.409 	(obj:0)
u#34                                          559.409 	(obj:0)
u#35                                          557.543 	(obj:0)
u#36                                         1257.277 	(obj:0)
u#37                                         1257.277 	(obj:0)
u#38                                 1255.56499999995 	(obj:0)
u#39                                          699.734 	(obj:0)
u#40                                          699.734 	(obj:0)
u#41                                          699.734 	(obj:0)
u#42                                          699.734 	(obj:0)
u#43                                          699.734 	(obj:0)
u#44                                          699.734 	(obj:0)
u#45                                          699.734 	(obj:0)
u#46                                          699.734 	(obj:0)
u#47                                          699.734 	(obj:0)
u#48                                          699.734 	(obj:0)
u#49                                          699.734 	(obj:0)
v#14                                         139.8136 	(obj:0)
v#15                                         139.8136 	(obj:0)
v#16                                         139.8136 	(obj:0)
v#17                                         139.8136 	(obj:0)
v#18                                         139.8136 	(obj:0)
v#19                                         139.8136 	(obj:0)
v#20                                         139.8136 	(obj:0)
v#21                                         139.8136 	(obj:0)
v#22                                         139.8136 	(obj:0)
v#23                                         139.8136 	(obj:0)
v#28                                          139.263 	(obj:0)
v#29                                          139.263 	(obj:0)
v#30                                          139.263 	(obj:0)
v#31                                          139.263 	(obj:0)
v#32                                          139.263 	(obj:0)
v#33                                            139.6 	(obj:0)
v#34                                            139.6 	(obj:0)
v#35                                            139.6 	(obj:0)
v#36                                            139.6 	(obj:0)
v#37                                            139.6 	(obj:0)
v#38                                0.336999999999989 	(obj:0)
v#39                                0.336999999999989 	(obj:0)
v#40                                0.336999999999989 	(obj:0)
v#41                                0.336999999999989 	(obj:0)
v#42                                0.336999999999989 	(obj:0)
v#44                               0.0950000000012778 	(obj:0)
v#45                               0.0950000000012778 	(obj:0)
v#46                               0.0950000000012778 	(obj:0)
v#47                                0.154999999999973 	(obj:0)
v#48                                0.154999999999973 	(obj:0)
v#49                                0.154999999999973 	(obj:0)
w#0                                           530.453 	(obj:0)
w#1                                           530.453 	(obj:0)
w#2                                           660.833 	(obj:0)
w#3                                           660.833 	(obj:0)
w#4                                           660.833 	(obj:0)
w#5                                           660.833 	(obj:0)
w#6                                           660.833 	(obj:0)
w#7                                           660.863 	(obj:0)
w#8                                           660.863 	(obj:0)
w#9                                           660.863 	(obj:0)
w#10                                          660.863 	(obj:0)
w#11                                        1074.6874 	(obj:0)
w#12                                        1074.6874 	(obj:0)
w#13                                        1074.6874 	(obj:0)
w#14                                         1214.501 	(obj:0)
w#15                                          684.048 	(obj:0)
w#16                                           821.88 	(obj:0)
w#17                                            691.5 	(obj:0)
w#18                                            691.5 	(obj:0)
w#19                                            691.5 	(obj:0)
w#20                                          693.366 	(obj:0)
w#21                                          693.366 	(obj:0)
w#22                                          693.336 	(obj:0)
w#23                                 695.048000000049 	(obj:0)
w#24                                        1111.0654 	(obj:0)
w#25                                        1111.0654 	(obj:0)
w#26                                          697.241 	(obj:0)
w#27                                          697.241 	(obj:0)
w#28                                          836.504 	(obj:0)
w#29                                          836.504 	(obj:0)
w#30                                          836.504 	(obj:0)
w#31                                          698.672 	(obj:0)
w#32                                          698.672 	(obj:0)
w#33                                          699.009 	(obj:0)
w#34                                          699.009 	(obj:0)
w#35                                          697.143 	(obj:0)
w#36                                         1396.877 	(obj:0)
w#37                                         1396.877 	(obj:0)
w#38                                 1255.90199999995 	(obj:0)
w#39                                          700.071 	(obj:0)
w#40                                          700.071 	(obj:0)
w#41                                          700.071 	(obj:0)
w#42                                          700.071 	(obj:0)
w#43                                          699.734 	(obj:0)
w#44                                 699.829000000001 	(obj:0)
w#45                                 699.829000000001 	(obj:0)
w#46                                 699.829000000001 	(obj:0)
w#47                                          699.889 	(obj:0)
w#48                                          699.889 	(obj:0)
w#49                                          699.889 	(obj:0)

Statistics
==========

SCIP Status        : solving was interrupted [time limit reached]
Total Time         :   14400.59
  solving          :   14400.00
  presolving       :       1.28 (included in solving)
  reading          :       0.58
  copying          :       1.86 (26 #copies) (minimal 0.06, maximal 0.09, average 0.07)
Original Problem   :
  Problem name     : 50-3000-0
  Variables        : 3250 (3000 binary, 0 integer, 0 implicit integer, 250 continuous)
  Constraints      : 30202 initial, 30202 maximal
  Objective        : minimize, 100 non-zeros (abs.min = 101, abs.max = 288)
Presolved Problem  :
  Problem name     : t_50-3000-0
  Variables        : 3191 (2999 binary, 0 integer, 0 implicit integer, 192 continuous)
  Constraints      : 31278 initial, 32444 maximal
  Objective        : minimize, 98 non-zeros (abs.min = 101, abs.max = 288)
  Nonzeros         : 79163 constraint, 1182 clique table
Presolvers         :   ExecTime  SetupTime  Calls  FixedVars   AggrVars   ChgTypes  ChgBounds   AddHoles    DelCons    AddCons   ChgSides   ChgCoefs
  boundshift       :       0.00       0.00      0          0          0          0          0          0          0          0          0          0
  convertinttobin  :       0.00       0.00      0          0          0          0          0          0          0          0          0          0
  domcol           :       0.08       0.00      2          0          0          0          0          0          0          0          0          0
  dualagg          :       0.00       0.00      0          0          0          0          0          0          0          0          0          0
  dualcomp         :       0.05       0.00      2          0          0          0          0          0          0          0          0          0
  dualinfer        :       0.00       0.00      0          0          0          0          0          0          0          0          0          0
  dualsparsify     :       0.06       0.00      1          0          0          0          0          0          0          0          0          0
  gateextraction   :       0.00       0.00      0          0          0          0          0          0          0          0          0          0
  implics          :       0.00       0.00      5          0          0          0          0          0          0          0          0          0
  inttobinary      :       0.00       0.00      0          0          0          0          0          0          0          0          0          0
  milp             :       0.09       0.00      1          2         52          0         22          0          0          0          0          0
  qpkktref         :       0.00       0.00      0          0          0          0          0          0          0          0          0          0
  redvub           :       0.00       0.00      0          0          0          0          0          0          0          0          0          0
  sparsify         :       0.03       0.00      1          0          0          0          0          0          0          0          0          0
  stuffing         :       0.00       0.00      0          0          0          0          0          0          0          0          0          0
  trivial          :       0.00       0.00     10          0          0          0          0          0          0          0          0          0
  tworowbnd        :       0.00       0.00      0          0          0          0          0          0          0          0          0          0
  dualfix          :       0.00       0.00     10          1          0          0          0          0          0          0          0          0
  genvbounds       :       0.00       0.00      0          0          0          0          0          0          0          0          0          0
  probing          :       0.77       0.00      1          0          0          0          0          0          0          0          0          0
  pseudoobj        :       0.00       0.00      2          0          0          0          0          0          0          0          0          0
  symmetry         :       0.00       0.00      1          0          0          0          0          0          0          0          0          0
  vbounds          :       0.00       0.00      2          0          0          0          0          0          0          0          0          0
  chancecons       :       0.00       0.00      1          0          0          0          0          0          0          0          0          0
  varbound         :       0.05       0.00      9          0          0          0          0          0          0          0          0          0
  knapsack         :       0.00       0.00      9          0          0          0          0          0          0          0          0          0
  setppc           :       0.00       0.00      3          0          0          0          0          0          0          0          0          0
  linear           :       0.11       0.02     14          0          4          0        231          0        221          0          0          0
  logicor          :       0.00       0.00      0          0          0          0          0          0          0          0          0          0
  bounddisjunction :       0.00       0.00      5          0          0          0          0          0          0          0          0          0
  benders          :       0.00       0.00      0          0          0          0          0          0          0          0          0          0
  components       :       0.00       0.00      2          0          0          0          0          0          0          0          0          0
  root node        :          -          -      -          0          -          -       1568          -          -          -          -          -
Constraints        :     Number  MaxNumber  #Separate #Propagate    #EnfoLP    #EnfoRelax  #EnfoPS    #Check   #ResProp    Cutoffs    DomReds       Cuts    Applied      Conss   Children
  benderslp        :          0          0          0          0       6547          0          0       1224          0          0          0          0          0          0          0
  chancecons       :          1          1       1068     371832          0          0          0          0          0          6        709      19760      15974          0          0
  integral         :          0          0          0          0       6547          0          0       1224          0          0       2564          0          0       2211      11652
  varbound         :      29835      29835        118     334191          0          0          0       1218     728363          5     377482          0          0          0          0
  knapsack         :          1          1        118     372812          0          0          0        102          0       1391       4756          0          0          0          0
  setppc           :         42         42         43     106395          0          0          0          0          0          0          0         33          0          0          0
  linear           :       1392+      1426        118     372277          0          0          0         99      34385        883     998752        246        139          0          0
  logicor          :          0+        39          0       2520          0          0          0          0         41          0         12          0          0          0          0
  bounddisjunction :          7+      1128          0      21262          0          0          0          0        188          2         48          0          0          0          0
  benders          :          0          0          0          0          0          0          0         97          0          0          0          0          0          0          0
  fixedvar         :          0          0          0          0          0          0          0         97          0          0          0          0          0          0          0
  countsols        :          0          0          0          0          0          0          0         97          0          0          0          0          0          0          0
  components       :          0          0          0          0          0          0          0          0          0          0          0          0          0          0          0
Constraint Timings :  TotalTime  SetupTime   Separate  Propagate     EnfoLP     EnfoPS     EnfoRelax   Check    ResProp    SB-Prop
  benderslp        :       0.00       0.00       0.00       0.00       0.00       0.00       0.00       0.00       0.00       0.00
  chancecons       :      19.49       0.00       1.67      15.30       0.00       0.00       0.00       0.00       0.00       2.51
  integral         :    4045.47       0.00       0.00       0.00    4045.46       0.00       0.00       0.01       0.00       0.00
  varbound         :      25.99       0.00       0.43      10.69       0.00       0.00       0.00       0.25       0.07      14.54
  knapsack         :      20.60       0.00      19.05       1.25       0.00       0.00       0.00       0.00       0.00       0.31
  setppc           :       0.02       0.00       0.00       0.01       0.00       0.00       0.00       0.00       0.00       0.01
  linear           :      26.04       0.02       0.73      12.65       0.00       0.00       0.00       0.00       0.04      12.59
  logicor          :       0.01       0.00       0.00       0.00       0.00       0.00       0.00       0.00       0.00       0.00
  bounddisjunction :       0.78       0.00       0.00       0.43       0.00       0.00       0.00       0.00       0.00       0.35
  benders          :       0.00       0.00       0.00       0.00       0.00       0.00       0.00       0.00       0.00       0.00
  fixedvar         :       0.00       0.00       0.00       0.00       0.00       0.00       0.00       0.00       0.00       0.00
  countsols        :       0.00       0.00       0.00       0.00       0.00       0.00       0.00       0.00       0.00       0.00
  components       :       0.03       0.00       0.00       0.02       0.00       0.00       0.00       0.00       0.00       0.01
Propagators        : #Propagate   #ResProp    Cutoffs    DomReds
  dualfix          :          9          0          0          0
  genvbounds       :          0          0          0          0
  nlobbt           :          0          0          0          0
  obbt             :          0          0          0          0
  probing          :          0          0          0          0
  pseudoobj        :      36696          0          0         98
  redcost          :      16782          0          0     584647
  rootredcost      :         42          0          0        597
  symmetry         :          0          0          0          0
  vbounds          :     228747          0          0          0
Propagator Timings :  TotalTime  SetupTime   Presolve  Propagate    ResProp    SB-Prop
  dualfix          :       0.00       0.00       0.00       0.00       0.00       0.00
  genvbounds       :       0.04       0.00       0.00       0.03       0.00       0.01
  nlobbt           :       0.00       0.00       0.00       0.00       0.00       0.00
  obbt             :       0.00       0.00       0.00       0.00       0.00       0.00
  probing          :       0.77       0.00       0.77       0.00       0.00       0.00
  pseudoobj        :       0.28       0.00       0.00       0.27       0.00       0.01
  redcost          :       2.54       0.00       0.00       2.53       0.00       0.01
  rootredcost      :       0.05       0.00       0.00       0.04       0.00       0.02
  symmetry         :       0.08       0.00       0.00       0.05       0.00       0.03
  vbounds          :       0.26       0.00       0.00       0.24       0.00       0.03
Symmetry           :
  orbitopal red.   :          0 reductions applied,          0 cutoffs
  orbital reduction:          0 reductions applied,          0 cutoffs
  lexicographic red:          0 reductions applied,          0 cutoffs
  shadow tree time :       0.00 s
Conflict Analysis  :       Time      Calls    Success    DomReds  Conflicts   Literals    Reconvs ReconvLits   Dualrays   Nonzeros   LP Iters   (pool size: [10000,10000])
  propagation      :       0.51       1398       1389          -      10247      248.9        102        9.9          -          -          -
  infeasible LP    :       0.01          9          9          -         29      120.3          0        0.0          6        3.7          0
  bound exceed. LP :      12.45       1743        593          -       1763      236.9          1        8.0        318       42.7      11840
  strong branching :       0.00          0          0          -          0        0.0          0        0.0          -          -          0
  pseudo solution  :       0.00          0          0          -          0        0.0          0        0.0          -          -          -
  applied globally :       0.29          -          -        177       6903      176.8          -          -        324          -          -
  applied locally  :          -          -          -          0         21      508.5          -          -          0          -          -
Separators         :   ExecTime  SetupTime      Calls  RootCalls    Cutoffs    DomReds  FoundCuts ViaPoolAdd  DirectAdd    Applied ViaPoolApp  DirectApp      Conss
  cut pool         :       1.97          -       1867        235          -          -      75182     770955          -          -          -          -          -    (maximal pool size:      39898)
  aggregation      :       4.33       0.00        202        118          0          0      66593     648434          0      46998      46998          0          0
  > cmir           :          -          -          -          -          -          -          -     648434          0      46998      46998          0          -
  > flowcover      :          -          -          -          -          -          -          -          0          0          0          0          0          -
  > knapsackcover  :          -          -          -          -          -          -          -          0          0          0          0          0          -
  cgmip            :       0.00       0.00          0          0          0          0          0          0          0          0          0          0          0
  clique           :       0.30       0.00        118        118          0          0          0          0          0          0          0          0          0
  closecuts        :       0.00       0.00          0          0          0          0          0          0          0          0          0          0          0
  convexproj       :       0.00       0.00          0          0          0          0          0          0          0          0          0          0          0
  disjunctive      :       0.00       0.00          0          0          0          0          0          0          0          0          0          0          0
  eccuts           :       0.00       0.00          0          0          0          0          0          0          0          0          0          0          0
  gauge            :       0.00       0.00          0          0          0          0          0          0          0          0          0          0          0
  gomory           :      16.73       0.00        103         20          0          0       7686     115021          0       9632       9632          0          0
  > gomorymi       :          -          -          -          -          -          -          -     115021          0       9632       9632          0          -
  > strongcg       :          -          -          -          -          -          -          -          0          0          0          0          0          -
  impliedbounds    :       0.19       0.00        202        118          0          0        903       7500          0       1436       1436          0          0
  interminor       :       0.00       0.00          0          0          0          0          0          0          0          0          0          0          0
  intobj           :       0.00       0.00          0          0          0          0          0          0          0          0          0          0          0
  lagromory        :       0.00       0.00          0          0          0          0          0          0          0          0          0          0          0
  mcf              :       0.01       0.00          2          2          0          0          0          0          0          0          0          0          0
  minor            :       0.00       0.00         20         20          0          0          0          0          0          0          0          0          0
  mixing           :       0.00       0.00          0          0          0          0          0          0          0          0          0          0          0
  oddcycle         :       0.00       0.00          0          0          0          0          0          0          0          0          0          0          0
  rapidlearning    :       0.00       0.00          0          0          0          0          0          0          0          0          0          0          0
  rlt              :       0.00       0.00         20         20          0          0          0          0          0          0          0          0          0
  zerohalf         :       0.41       0.00        123         40          0          0          0          0          0          0          0          0          0
Cutselectors       :   ExecTime  SetupTime      Calls  RootCalls   Selected     Forced   Filtered  RootSelec   RootForc   RootFilt 
  hybrid           :       1.54       0.00       1667        119      74179          0     716815      10848          0     122781
  ensemble         :       0.00       0.00          0          0          0          0          0          0          0          0
  dynamic          :       0.00       0.00          0          0          0          0          0          0          0          0
Pricers            :   ExecTime  SetupTime      Calls       Vars
  problem variables:       0.00          -          0          0
Branching Rules    :   ExecTime  SetupTime   BranchLP  BranchExt   BranchPS    Cutoffs    DomReds       Cuts      Conss   Children
  allfullstrong    :       0.00       0.00          0          0          0          0          0          0          0          0
  cloud            :       0.00       0.00          0          0          0          0          0          0          0          0
  distribution     :       0.00       0.00          0          0          0          0          0          0          0          0
  fullstrong       :       0.00       0.00          0          0          0          0          0          0          0          0
  gomory           :       0.00       0.00          0          0          0          0          0          0          0          0
  inference        :       0.00       0.00          0          0          0          0          0          0          0          0
  leastinf         :       0.00       0.00          0          0          0          0          0          0          0          0
  lookahead        :       0.00       0.00          0          0          0          0          0          0          0          0
  mostinf          :       0.00       0.00          0          0          0          0          0          0          0          0
  multaggr         :       0.00       0.00          0          0          0          0          0          0          0          0
  nodereopt        :       0.00       0.00          0          0          0          0          0          0          0          0
  pscost           :       0.00       0.00          0          0          0          0          0          0          0          0
  random           :       0.00       0.00          0          0          0          0          0          0          0          0
  relpscost        :    4045.45       0.00       6547          0          0          0       2564          0       2791      11652
  vanillafullstrong:       0.00       0.00          0          0          0          0          0          0          0          0
Primal Heuristics  :   ExecTime  SetupTime      Calls      Found       Best
  LP solutions     :       0.00          -          -          0          0
  relax solutions  :       0.00          -          -          0          0
  pseudo solutions :       0.00          -          -          0          0
  strong branching :       0.05          -          -          0          0
  actconsdiving    :       0.00       0.00          0          0          0
  adaptivediving   :      80.55       0.00         14          0          0
  alns             :       1.07       0.00          5          0          0
  bound            :       0.00       0.00          0          0          0
  clique           :       0.09       0.00          1          0          0
  coefdiving       :       0.00       0.00          0          0          0
  completesol      :       0.00       0.00          0          0          0
  conflictdiving   :      91.46       0.00         18          1          1
  crossover        :       3.74       0.00          9          3          3
  dins             :       0.00       0.00          0          0          0
  distributiondivin:     119.52       0.00         17          0          0
  dps              :       0.00       0.00          0          0          0
  dualval          :       0.00       0.00          0          0          0
  farkasdiving     :       0.00       0.00          0          0          0
  feaspump         :      22.50       0.00          1          1          1
  fixandinfer      :       0.00       0.00          0          0          0
  fracdiving       :     228.46       0.00         18          2          2
  gins             :       0.05       0.00          0          0          0
  guideddiving     :     261.61       0.00         17          1          1
  indicator        :       0.01       0.00          0          0          0
  indicatordiving  :       0.00       0.00          0          0          0
  intdiving        :       0.00       0.00          0          0          0
  intshifting      :      33.90       0.00         14          0          0
  linesearchdiving :     272.20       0.00         18          4          4
  localbranching   :       0.00       0.00          0          0          0
  locks            :       0.13       0.00          1          1          1
  lpface           :       0.01       0.00          0          0          0
  mpec             :       0.00       0.00          0          0          0
  multistart       :       0.00       0.00          0          0          0
  mutation         :       0.00       0.00          0          0          0
  nlpdiving        :       0.00       0.00          0          0          0
  objpscostdiving  :     664.94       0.00          9          8          0
  octane           :       0.00       0.00          0          0          0
  ofins            :       0.00       0.00          0          0          0
  oneopt           :       0.20       0.00         42          0          0
  padm             :       0.00       0.00          0          0          0
  proximity        :       0.00       0.00          0          0          0
  pscostdiving     :     223.44       0.00         18          4          4
  randrounding     :      16.18       0.00       1157          0          0
  rens             :       0.00       0.00          0          0          0
  reoptsols        :       0.00       0.00          0          0          0
  repair           :       0.00       0.00          0          0          0
  rins             :       7.72       0.00         12         12          6
  rootsoldiving    :      23.75       0.00          9          7          0
  rounding         :      13.80       0.00       5549          3          3
  scheduler        :       0.00       0.00          0          0          0
  shiftandpropagate:       0.00       0.00          0          0          0
  shifting         :      47.38       0.00        605          0          0
  simplerounding   :       0.01       0.00          0          0          0
  subnlp           :       0.01       0.00          0          0          0
  trivial          :       0.01       0.00          4          0          0
  trivialnegation  :       0.00       0.00          0          0          0
  trustregion      :       0.00       0.00          0          0          0
  trysol           :       0.01       0.00          0          0          0
  twoopt           :       0.00       0.00          0          0          0
  undercover       :       0.00       0.00          0          0          0
  vbounds          :       0.44       0.00          2          0          0
  veclendiving     :      69.21       0.00         18          0          0
  zeroobj          :       0.00       0.00          0          0          0
  zirounding       :       2.00       0.00       1000         16         16
  other solutions  :          -          -          -          0          -
LNS (Scheduler)    :      Calls  SetupTime  SolveTime SolveNodes       Sols       Best       Exp3    Exp3-IX  EpsGreedy        UCB TgtFixRate  Opt  Inf Node Stal  Sol  Usr Othr Actv
  rens             :          0       0.00       0.00          0          0          0    0.00000    0.12500   -1.00000    1.00000      0.900    0    0    0    0    0    0    0    1
  rins             :          0       0.00       0.00          0          0          0    0.00000    0.12500   -1.00000    1.00000      0.900    0    0    0    0    0    0    0    1
  mutation         :          0       0.00       0.00          0          0          0    0.00000    0.12500   -1.00000    1.00000      0.900    0    0    0    0    0    0    0    1
  localbranching   :          0       0.00       0.00          0          0          0    0.00000    0.12500   -1.00000    1.00000      0.900    0    0    0    0    0    0    0    1
  crossover        :          0       0.00       0.00          0          0          0    0.00000    0.12500   -1.00000    1.00000      0.900    0    0    0    0    0    0    0    1
  proximity        :          0       0.00       0.00          0          0          0    0.00000    0.12500   -1.00000    1.00000      0.900    0    0    0    0    0    0    0    1
  zeroobjective    :          0       0.00       0.00          0          0          0    0.00000    0.12500   -1.00000    1.00000      0.900    0    0    0    0    0    0    0    1
  dins             :          0       0.00       0.00          0          0          0    0.00000    0.12500   -1.00000    1.00000      0.900    0    0    0    0    0    0    0    1
  trustregion      :          0       0.00       0.00          0          0          0    0.00000    0.00000   -1.00000    1.00000      0.900    0    0    0    0    0    0    0    0
LP                 :       Time      Calls Iterations  Iter/call   Iter/sec  Time-0-It Calls-0-It    ItLimit
  primal LP        :       6.78        760          0       0.00       0.00       6.78        760
  dual LP          :    8034.09      12154   12354536    1161.47    1537.76       5.20       1517
  lex dual LP      :       0.00          0          0       0.00          -
  barrier LP       :       0.00          0          0       0.00          -       0.00          0
  resolve instable :       0.00          0          0       0.00          -
  diving/probing LP:    2088.17       4669    3124089     669.11    1496.09
  strong branching :    3889.37      10272    3731971     363.31     959.53          -          -       5115
    (at root node) :          -         67      54774     817.52          -
  conflict analysis:       9.67       1187      11840       9.97    1224.90
B&B Tree           :
  number of runs   :          2
  nodes            :       7011 (4426 internal, 2585 leaves)
  feasible leaves  :          0
  infeas. leaves   :        657
  objective leaves :       1927
  nodes (total)    :       8855 (5826 internal, 3029 leaves)
  nodes left       :        925
  max depth        :        296
  max depth (total):        296
  backtracks       :        755 (10.8%)
  early backtracks :          0 (0.0%)
  nodes exc. ref.  :          0 (0.0%)
  delayed cutoffs  :          0
  repropagations   :       1514 (3618 domain reductions, 0 cutoffs)
  avg switch length:       9.00
  switching time   :      13.28
Root Node          :
  First LP value   : +3.44814919410607e+05
  First LP Iters   :       9154 (1909.51 Iter/sec)
  First LP Time    :       4.79
  Final Dual Bound : +3.50343046642852e+05
  Final Root Iters :     280126
  Root LP Estimate : +3.63716934159722e+05
Solution           :
  Solutions found  :         63 (42 improvements)
  First Solution   : +3.61348287000000e+05   (in run 1, after 1 nodes, 1.45 seconds, depth 601, found by <locks>)
  Gap First Sol.   :   infinite
  Gap Last Sol.    :       1.38 %
  Primal Bound     : +3.55386228000001e+05   (in run 2, after 4439 nodes, 11808.65 seconds, depth 232, found by <crossover>)
  Dual Bound       : +3.50693827402470e+05
  Gap              :       1.34 %
Integrals          :      Total       Avg%
  primal-dual      :   26147.66       1.82
  primal-ref       :          -          - (not evaluated)
  dual-ref         :          -          - (not evaluated)

 Branching Statistics...

 Total number of propagations -> 371832

 Number of cutoffs of KnaCons -> 3

 Total number of variables fixed to 1 by the propagator -> 75

 Total number of variables fixed to 0 by the propagator -> 634

 Maximum number of rounds of the approximation algorithm -> 0

 Runtime of the exact algorithm -> 0.0000 s

 Total number of variables fixed to 1 in the exact algorithm -> 0

 Total number of variables fixed to 0 in the exact algorithm -> 0

 Number of cutoffs in the exact algorithm -> 0

 Number of cutoffs in the approximation algorithm -> 0

 PS:  
