***************************************
*         SCIP-based CCP Solver       *
*                                     *
*    Wei Lv and Wei-Kun Chen (2024)   *
***************************************
/share/home/wangzhaowei/lvwei/scipoptsuite-9.1.0/build/bin/examples/ccp -f CCMPPData/150-3000-0.ccmpp -s CCMPPSetting/BnC-MIX2.set 
SCIP version 9.1.0 [precision: 8 byte] [memory: block] [mode: optimized] [LP solver: Soplex 7.1.0] [GitHash: 8cab0278ba]
Copyright (c) 2002-2024 Zuse Institute Berlin (ZIB)

External libraries: 
  Soplex 7.1.0         Linear Programming Solver developed at Zuse Institute Berlin (soplex.zib.de) [GitHash: 595bfac9]
  CppAD 20180000.0     Algorithmic Differentiation of C++ algorithms developed by B. Bell (github.com/coin-or/CppAD)
  ZLIB 1.2.7           General purpose compression library by J. Gailly and M. Adler (zlib.net)
  GMP 6.0.0            GNU Multiple Precision Arithmetic Library developed by T. Granlund (gmplib.org)
  AMPL/MP 690e9e7      AMPL .nl file reader library (github.com/ampl/mp)
  PaPILO 2.3.0         parallel presolve for integer and linear optimization (github.com/scipopt/papilo) (built with TBB) [GitHash: 4b8ce6ed]
  Nauty 2.8.8          Computing Graph Automorphism Groups by Brendan D. McKay (users.cecs.anu.edu.au/~bdm/nauty)
  sassy 1.1            Symmetry preprocessor by Markus Anders (github.com/markusa4/sassy)

reading user parameter file <CCMPPSetting/BnC-MIX2.set>

read problem <CCMPPData/150-3000-0.ccmpp>
============

File name: 	CCMPPData/150-3000-0.ccmpp
Problem name:	150-3000-0
Dimension: 	150
NumScenario: 	3000
ConfidenceParameter: 	0.20
IsEqualProbability: 	1
BnC+MIX+DI: 	0
BnC+MIX+sDI: 	0
DB: 	0
DB+OPF: 	0
Dominance and Aggregation Statistics......
NumEdge:        0
NumBiEdge: 	0
NumDomIneqs: 	0
DominanceRatio: 0.0000
NumAggScenario: 3000 
BasicNumScenario: 3000 
original problem has 3750 variables (3000 bin, 0 int, 0 impl, 750 cont) and 90602 constraints

solve problem
=============

presolving:
(round 1, fast)       4 del vars, 549 del conss, 0 add conss, 150 chg bounds, 0 chg sides, 0 chg coeffs, 0 upgd conss, 0 impls, 0 clqs
   (0.4s) running MILP presolver
   (0.5s) MILP presolver (3 rounds): 152 aggregations, 1 fixings, 73 bound changes
(round 2, medium)     157 del vars, 549 del conss, 0 add conss, 223 chg bounds, 0 chg sides, 0 chg coeffs, 0 upgd conss, 0 impls, 0 clqs
(round 3, fast)       157 del vars, 701 del conss, 0 add conss, 223 chg bounds, 0 chg sides, 0 chg coeffs, 0 upgd conss, 0 impls, 0 clqs
(round 4, exhaustive) 157 del vars, 701 del conss, 0 add conss, 223 chg bounds, 0 chg sides, 0 chg coeffs, 89456 upgd conss, 0 impls, 0 clqs
   (3.5s) probing: 1000/3000 (33.3%) - 0 fixings, 0 aggregations, 7415 implications, 0 bound changes
   (3.5s) probing: 1001/3000 (33.4%) - 0 fixings, 0 aggregations, 7422 implications, 0 bound changes
   (3.5s) probing aborted: 1000/1000 successive useless probings
   (3.6s) symmetry computation started: requiring (bin +, int +, cont +), (fixed: bin -, int -, cont -)
   Symmetry detection interrupted: constraints of type chancecons do not provide symmetry information.
   If symmetries shall be detected, implement the CONSGETPERMSYMGRAPH callback.
   (3.6s) could not compute symmetry
presolving (5 rounds: 5 fast, 3 medium, 2 exhaustive):
 157 deleted vars, 701 deleted constraints, 0 added constraints, 223 tightened bounds, 0 added holes, 0 changed sides, 0 changed coefficients
 96877 implications, 0 cliques
presolved problem has 3593 variables (3000 bin, 0 int, 0 impl, 593 cont) and 89901 constraints
      1 constraints of type <chancecons>
  89455 constraints of type <varbound>
      1 constraints of type <knapsack>
    444 constraints of type <linear>
Presolving Time: 3.50

 time | node  | left  |LP iter|LP it/n|mem/heur|mdpt |vars |cons |rows |cuts |sepa|confs|strbr|  dualbound   | primalbound  |  gap   | compl. 
p 4.1s|     1 |     0 |   303 |     - |   locks|   0 |3593 |  89k|  89k|   0 |  0 |   0 |   0 | 0.000000e+00 | 1.002466e+06 |    Inf | unknown
 42.9s|     1 |     0 | 17363 |     - |   295M |   0 |3593 |  89k|  89k|   0 |  0 |   0 |   0 | 9.724901e+05 | 1.002466e+06 |   3.08%| unknown
 46.0s|     1 |     0 | 18182 |     - |   306M |   0 |3593 |  89k|  89k|  93 |  1 |   0 |   0 | 9.728479e+05 | 1.002466e+06 |   3.04%| unknown
 48.7s|     1 |     0 | 18781 |     - |   316M |   0 |3593 |  89k|  90k| 188 |  2 |   0 |   0 | 9.730310e+05 | 1.002466e+06 |   3.03%| unknown
 51.6s|     1 |     0 | 19437 |     - |   325M |   0 |3593 |  89k|  90k| 283 |  3 |   0 |   0 | 9.731704e+05 | 1.002466e+06 |   3.01%| unknown
 54.5s|     1 |     0 | 20126 |     - |   335M |   0 |3593 |  89k|  90k| 381 |  4 |   0 |   0 | 9.732742e+05 | 1.002466e+06 |   3.00%| unknown
 57.4s|     1 |     0 | 20845 |     - |   345M |   0 |3593 |  89k|  90k| 477 |  5 |   0 |   0 | 9.734099e+05 | 1.002466e+06 |   2.98%| unknown
 60.5s|     1 |     0 | 21651 |     - |   355M |   0 |3593 |  89k|  90k| 579 |  6 |   0 |   0 | 9.735470e+05 | 1.002466e+06 |   2.97%| unknown
 63.8s|     1 |     0 | 22510 |     - |   365M |   0 |3593 |  89k|  90k| 670 |  7 |   0 |   0 | 9.736601e+05 | 1.002466e+06 |   2.96%| unknown
 67.0s|     1 |     0 | 23297 |     - |   376M |   0 |3593 |  89k|  90k| 783 |  8 |   0 |   0 | 9.737742e+05 | 1.002466e+06 |   2.95%| unknown
 70.4s|     1 |     0 | 24190 |     - |   385M |   0 |3593 |  89k|  90k| 895 |  9 |   0 |   0 | 9.738736e+05 | 1.002466e+06 |   2.94%| unknown
 73.9s|     1 |     0 | 25064 |     - |   395M |   0 |3593 |  89k|  90k|1006 | 10 |   0 |   0 | 9.739745e+05 | 1.002466e+06 |   2.93%| unknown
 75.9s|     1 |     0 | 25808 |     - |   404M |   0 |3593 |  89k|  91k|1112 | 11 |   0 |   0 | 9.740421e+05 | 1.002466e+06 |   2.92%| unknown
 78.4s|     1 |     0 | 26812 |     - |   414M |   0 |3593 |  89k|  91k|1211 | 12 |   0 |   0 | 9.741520e+05 | 1.002466e+06 |   2.91%| unknown
 81.0s|     1 |     0 | 27841 |     - |   423M |   0 |3593 |  89k|  91k|1321 | 13 |   0 |   0 | 9.742385e+05 | 1.002466e+06 |   2.90%| unknown
 time | node  | left  |LP iter|LP it/n|mem/heur|mdpt |vars |cons |rows |cuts |sepa|confs|strbr|  dualbound   | primalbound  |  gap   | compl. 
 84.2s|     1 |     0 | 29163 |     - |   434M |   0 |3593 |  89k|  91k|1433 | 14 |   0 |   0 | 9.743439e+05 | 1.002466e+06 |   2.89%| unknown
 87.2s|     1 |     0 | 30469 |     - |   444M |   0 |3593 |  89k|  91k|1560 | 15 |   0 |   0 | 9.744532e+05 | 1.002466e+06 |   2.87%| unknown
 89.6s|     1 |     0 | 31470 |     - |   453M |   0 |3593 |  89k|  91k|1687 | 16 |   0 |   0 | 9.745261e+05 | 1.002466e+06 |   2.87%| unknown
 92.0s|     1 |     0 | 32422 |     - |   463M |   0 |3593 |  89k|  91k|1795 | 17 |   0 |   0 | 9.745946e+05 | 1.002466e+06 |   2.86%| unknown
 93.8s|     1 |     0 | 33110 |     - |   472M |   0 |3593 |  89k|  91k|1901 | 18 |   0 |   0 | 9.746580e+05 | 1.002466e+06 |   2.85%| unknown
 96.1s|     1 |     0 | 34009 |     - |   482M |   0 |3593 |  89k|  91k|2007 | 19 |   0 |   0 | 9.747246e+05 | 1.002466e+06 |   2.85%| unknown
 98.4s|     1 |     0 | 34845 |     - |   493M |   0 |3593 |  89k|  91k|2111 | 20 |   0 |   0 | 9.748215e+05 | 1.002466e+06 |   2.84%| unknown
  101s|     1 |     0 | 36097 |     - |   494M |   0 |3593 |  89k|  91k|2239 | 21 |   0 |   0 | 9.749086e+05 | 1.002466e+06 |   2.83%| unknown
  104s|     1 |     0 | 37267 |     - |   494M |   0 |3593 |  89k|  92k|2345 | 22 |   0 |   0 | 9.749777e+05 | 1.002466e+06 |   2.82%| unknown
  107s|     1 |     0 | 38621 |     - |   495M |   0 |3593 |  89k|  92k|2490 | 23 |   0 |   0 | 9.750808e+05 | 1.002466e+06 |   2.81%| unknown
  110s|     1 |     0 | 40044 |     - |   496M |   0 |3593 |  89k|  92k|2691 | 24 |   0 |   0 | 9.751307e+05 | 1.002466e+06 |   2.80%| unknown
  114s|     1 |     0 | 41637 |     - |   497M |   0 |3593 |  89k|  92k|2798 | 25 |   0 |   0 | 9.752337e+05 | 1.002466e+06 |   2.79%| unknown
  119s|     1 |     0 | 43803 |     - |   497M |   0 |3593 |  89k|  92k|2991 | 26 |   0 |   0 | 9.753167e+05 | 1.002466e+06 |   2.78%| unknown
  123s|     1 |     0 | 45663 |     - |   498M |   0 |3593 |  89k|  92k|3125 | 27 |   0 |   0 | 9.753932e+05 | 1.002466e+06 |   2.78%| unknown
  127s|     1 |     0 | 47074 |     - |   498M |   0 |3593 |  89k|  92k|3271 | 28 |   0 |   0 | 9.754519e+05 | 1.002466e+06 |   2.77%| unknown
 time | node  | left  |LP iter|LP it/n|mem/heur|mdpt |vars |cons |rows |cuts |sepa|confs|strbr|  dualbound   | primalbound  |  gap   | compl. 
  131s|     1 |     0 | 49086 |     - |   498M |   0 |3593 |  89k|  92k|3442 | 29 |   0 |   0 | 9.755451e+05 | 1.002466e+06 |   2.76%| unknown
  136s|     1 |     0 | 51178 |     - |   498M |   0 |3593 |  89k|  93k|3639 | 30 |   0 |   0 | 9.756125e+05 | 1.002466e+06 |   2.75%| unknown
  139s|     1 |     0 | 52865 |     - |   499M |   0 |3593 |  89k|  93k|3756 | 31 |   0 |   0 | 9.756639e+05 | 1.002466e+06 |   2.75%| unknown
  144s|     1 |     0 | 54783 |     - |   500M |   0 |3593 |  89k|  93k|3892 | 32 |   0 |   0 | 9.757308e+05 | 1.002466e+06 |   2.74%| unknown
  148s|     1 |     0 | 56674 |     - |   501M |   0 |3593 |  89k|  93k|4069 | 33 |   0 |   0 | 9.758141e+05 | 1.002466e+06 |   2.73%| unknown
  153s|     1 |     0 | 58828 |     - |   502M |   0 |3593 |  89k|  93k|4235 | 34 |   0 |   0 | 9.758929e+05 | 1.002466e+06 |   2.72%| unknown
  157s|     1 |     0 | 60443 |     - |   503M |   0 |3593 |  89k|  93k|4406 | 35 |   0 |   0 | 9.759562e+05 | 1.002466e+06 |   2.72%| unknown
o 195s|     1 |     0 | 87661 |     - |feaspump|   0 |3593 |  89k|  93k|4406 | 35 |   0 |   0 | 9.759562e+05 | 1.002346e+06 |   2.70%| unknown
  196s|     1 |     0 | 87661 |     - |   508M |   0 |3593 |  89k|  93k|4406 | 35 |   0 |   0 | 9.759562e+05 | 1.002346e+06 |   2.70%| unknown
  201s|     1 |     0 | 89953 |     - |   508M |   0 |3593 |  89k|  93k|4546 | 36 |   0 |   0 | 9.760368e+05 | 1.002346e+06 |   2.70%| unknown
  202s|     1 |     0 | 90302 |     - |   509M |   0 |3593 |  89k|  93k|4618 | 37 |   0 |   0 | 9.760400e+05 | 1.002346e+06 |   2.70%| unknown
  343s|     1 |     2 | 90302 |     - |   510M |   0 |3593 |  89k|  93k|4618 | 37 |   0 |  82 | 9.760638e+05 | 1.002346e+06 |   2.69%| unknown
d 442s|     4 |     5 |104925 |14252.0 |pscostdi|   2 |3593 |  89k|  91k|   0 |  1 |   0 | 143 | 9.760870e+05 | 1.000942e+06 |   2.55%| unknown
d 487s|     5 |     6 |115222 |13263.2 |pscostdi|   2 |3593 |  89k|  91k|   0 |  1 |   0 | 166 | 9.760870e+05 | 9.993187e+05 |   2.38%| unknown
 1542s|   100 |   101 |478045 |4200.8 |   551M |  28 |3593 |  89k|  92k|6018 |  1 |  30 | 506 | 9.761526e+05 | 9.993187e+05 |   2.37%| unknown
 time | node  | left  |LP iter|LP it/n|mem/heur|mdpt |vars |cons |rows |cuts |sepa|confs|strbr|  dualbound   | primalbound  |  gap   | compl. 
 2151s|   200 |   189 |754967 |3481.4 |   587M |  69 |3593 |  89k|  93k|8612 |  1 | 115 | 622 | 9.763658e+05 | 9.993187e+05 |   2.35%| unknown
L2154s|   206 |   178 |757192 |3390.4 |    rins|  72 |3593 |  89k|  93k|8812 |  1 | 115 | 622 | 9.763658e+05 | 9.983518e+05 |   2.25%| unknown
 2162s|   300 |   192 |764573 |2349.2 |   588M | 107 |3593 |  89k|  93k|9683 |  1 | 115 | 622 | 9.763658e+05 | 9.983518e+05 |   2.25%| unknown
 2188s|   400 |   218 |793868 |1833.8 |   590M | 133 |3593 |  89k|  93k|  11k|  0 | 130 | 622 | 9.763658e+05 | 9.983518e+05 |   2.25%| unknown
L2194s|   407 |   179 |793883 |1802.3 |    rins| 133 |3593 |  89k|  93k|  11k|  1 | 130 | 622 | 9.763658e+05 | 9.980091e+05 |   2.22%| unknown
 2203s|   500 |   196 |801070 |1480.8 |   591M | 133 |3593 |  89k|   0 |  12k|  0 | 155 | 622 | 9.763658e+05 | 9.980091e+05 |   2.22%| unknown
 2210s|   600 |   204 |807973 |1245.1 |   591M | 133 |3593 |  89k|   0 |  12k|  0 | 186 | 622 | 9.763658e+05 | 9.980091e+05 |   2.22%| unknown
 2219s|   700 |   206 |818084 |1081.4 |   592M | 133 |3593 |  90k|  93k|  13k|  1 | 222 | 622 | 9.763658e+05 | 9.980091e+05 |   2.22%| unknown
 2227s|   800 |   206 |824338 | 953.9 |   592M | 133 |3593 |  90k|  93k|  14k|  1 | 255 | 622 | 9.763658e+05 | 9.980091e+05 |   2.22%| unknown
 2403s|   900 |   222 |862268 | 890.0 |   595M | 133 |3593 |  89k|   0 |  15k|  0 | 315 | 707 | 9.763899e+05 | 9.980091e+05 |   2.21%| unknown
 2493s|  1000 |   211 |903780 | 842.5 |   600M | 133 |3593 |  90k|  93k|  16k|  0 | 414 | 740 | 9.764179e+05 | 9.980091e+05 |   2.21%| unknown
 2503s|  1100 |   213 |915001 | 776.0 |   600M | 133 |3593 |  90k|  93k|  17k|  1 | 624 | 740 | 9.764179e+05 | 9.980091e+05 |   2.21%| unknown
 2511s|  1200 |   215 |922658 | 717.7 |   601M | 133 |3593 |  90k|   0 |  18k|  0 | 744 | 740 | 9.764179e+05 | 9.980091e+05 |   2.21%| unknown
 2529s|  1300 |   221 |942506 | 677.7 |   602M | 133 |3593 |  90k|  93k|  19k|  1 | 875 | 740 | 9.764179e+05 | 9.980091e+05 |   2.21%| unknown
 2548s|  1400 |   219 |958710 | 640.8 |   617M | 133 |3593 |  90k|  94k|  20k|  8 |1507 | 802 | 9.764179e+05 | 9.980091e+05 |   2.21%| unknown
 time | node  | left  |LP iter|LP it/n|mem/heur|mdpt |vars |cons |rows |cuts |sepa|confs|strbr|  dualbound   | primalbound  |  gap   | compl. 
 2575s|  1500 |   217 |989357 | 618.5 |   619M | 133 |3593 |  91k|  93k|  21k|  0 |1928 | 841 | 9.764179e+05 | 9.980091e+05 |   2.21%| unknown
 2598s|  1600 |   221 |  1011k| 594.0 |   619M | 133 |3593 |  91k|  94k|  22k|  1 |2208 | 841 | 9.764179e+05 | 9.980091e+05 |   2.21%| unknown
 2624s|  1700 |   241 |  1033k| 571.5 |   622M | 158 |3593 |  91k|  94k|  23k|  1 |2434 | 877 | 9.764179e+05 | 9.980091e+05 |   2.21%| unknown
 2839s|  1800 |   243 |  1084k| 568.5 |   628M | 158 |3593 |  90k|   0 |  23k|  0 |2526 |1042 | 9.764884e+05 | 9.980091e+05 |   2.20%| unknown
 2865s|  1900 |   242 |  1109k| 551.4 |   630M | 158 |3593 |  90k|  93k|  24k|  1 |2917 |1074 | 9.764884e+05 | 9.980091e+05 |   2.20%| unknown
 2885s|  2000 |   250 |  1130k| 534.4 |   632M | 158 |3593 |  90k|  93k|  25k|  1 |3319 |1079 | 9.764884e+05 | 9.980091e+05 |   2.20%| unknown
 3152s|  2100 |   296 |  1258k| 569.8 |   637M | 158 |3593 |  90k|   0 |  26k|  0 |3551 |1155 | 9.765106e+05 | 9.980091e+05 |   2.20%| unknown
 3297s|  2200 |   332 |  1339k| 581.1 |   643M | 158 |3593 |  90k|  93k|  28k|  1 |3768 |1176 | 9.765494e+05 | 9.980091e+05 |   2.20%| unknown
 3383s|  2300 |   366 |  1393k| 578.9 |   646M | 158 |3593 |  90k|  93k|  29k|  1 |4015 |1189 | 9.765898e+05 | 9.980091e+05 |   2.19%| unknown
 3475s|  2400 |   384 |  1439k| 573.9 |   651M | 158 |3593 |  90k|  93k|  30k|  0 |4257 |1196 | 9.765943e+05 | 9.980091e+05 |   2.19%| unknown
 3552s|  2500 |   402 |  1489k| 571.2 |   690M | 160 |3593 |  90k|  93k|  31k|  1 |4588 |1224 | 9.766785e+05 | 9.980091e+05 |   2.18%| unknown
 3573s|  2600 |   380 |  1513k| 558.5 |   694M | 160 |3593 |  91k|  93k|  31k|  1 |4990 |1258 | 9.766785e+05 | 9.980091e+05 |   2.18%| unknown
 3601s|  2700 |   391 |  1551k| 551.8 |   694M | 160 |3593 |  90k|  93k|  32k|  1 |5120 |1258 | 9.766785e+05 | 9.980091e+05 |   2.18%| unknown
 3622s|  2800 |   393 |  1582k| 543.3 |   695M | 160 |3593 |  90k|  93k|  33k|  1 |5343 |1273 | 9.766785e+05 | 9.980091e+05 |   2.18%| unknown
 3643s|  2900 |   399 |  1614k| 535.5 |   696M | 160 |3593 |  90k|  93k|  34k|  1 |5563 |1273 | 9.766785e+05 | 9.980091e+05 |   2.18%| unknown
 time | node  | left  |LP iter|LP it/n|mem/heur|mdpt |vars |cons |rows |cuts |sepa|confs|strbr|  dualbound   | primalbound  |  gap   | compl. 
 3667s|  3000 |   411 |  1635k| 524.7 |   698M | 160 |3593 |  90k|   0 |  34k|  0 |5713 |1323 | 9.766785e+05 | 9.980091e+05 |   2.18%| unknown
 3802s|  3100 |   449 |  1693k| 526.3 |   720M | 160 |3593 |  90k|   0 |  35k|  0 |5874 |1431 | 9.768737e+05 | 9.980091e+05 |   2.16%| unknown
 4000s|  3200 |   469 |  1781k| 537.3 |   737M | 160 |3593 |  90k|  92k|  36k|  1 |6172 |1522 | 9.770981e+05 | 9.980091e+05 |   2.14%| unknown
 4175s|  3300 |   503 |  1889k| 553.9 |   769M | 160 |3593 |  90k|  94k|  37k|  1 |6369 |1548 | 9.771672e+05 | 9.980091e+05 |   2.13%| unknown
 4212s|  3400 |   495 |  1932k| 550.2 |   807M | 160 |3593 |  90k|  94k|  38k|  1 |6769 |1557 | 9.771672e+05 | 9.980091e+05 |   2.13%| unknown
 4257s|  3500 |   497 |  1986k| 550.0 |   816M | 160 |3593 |  90k|  94k|  38k|  1 |7139 |1557 | 9.771672e+05 | 9.980091e+05 |   2.13%| unknown
 4514s|  3600 |   561 |  2126k| 573.5 |   837M | 180 |3593 |  90k|  94k|  40k|  0 |7179 |1605 | 9.772789e+05 | 9.980091e+05 |   2.12%| unknown
 4980s|  3700 |   651 |  2338k| 615.4 |   859M | 180 |3593 |  90k|  94k|  42k|  0 |7237 |1683 | 9.775146e+05 | 9.980091e+05 |   2.10%| unknown
 5330s|  3800 |   741 |  2542k| 652.8 |   909M | 180 |3593 |  90k|   0 |  44k|  0 |7298 |1768 | 9.776101e+05 | 9.980091e+05 |   2.09%| unknown
 5539s|  3900 |   779 |  2664k| 667.5 |   942M | 180 |3593 |  90k|   0 |  46k|  0 |7531 |1842 | 9.776925e+05 | 9.980091e+05 |   2.08%| unknown
 5732s|  4000 |   810 |  2754k| 673.2 |   980M | 180 |3593 |  90k|  92k|  47k|  1 |7734 |1986 | 9.777229e+05 | 9.980091e+05 |   2.07%| unknown
 5924s|  4100 |   855 |  2865k| 683.9 |   993M | 180 |3593 |  90k|  93k|  48k|  1 |7988 |2125 | 9.778260e+05 | 9.980091e+05 |   2.06%| unknown
 6122s|  4200 |   919 |  2991k| 697.6 |  1000M | 180 |3593 |  90k|  92k|  50k|  1 |8160 |2162 | 9.778260e+05 | 9.980091e+05 |   2.06%| unknown
 6401s|  4300 |  1009 |  3145k| 717.3 |  1009M | 180 |3593 |  90k|  92k|  52k|  2 |8172 |2198 | 9.778260e+05 | 9.980091e+05 |   2.06%| unknown
 6645s|  4400 |  1105 |  3324k| 741.7 |  1044M | 180 |3593 |  90k|  93k|  54k|  1 |8196 |2203 | 9.778497e+05 | 9.980091e+05 |   2.06%| unknown
 time | node  | left  |LP iter|LP it/n|mem/heur|mdpt |vars |cons |rows |cuts |sepa|confs|strbr|  dualbound   | primalbound  |  gap   | compl. 
 6827s|  4500 |  1205 |  3477k| 759.2 |  1095M | 180 |3593 |  90k|  93k|  57k|  1 |8238 |2212 | 9.778497e+05 | 9.980091e+05 |   2.06%| unknown
 7191s|  4600 |  1295 |  3641k| 778.2 |  1112M | 180 |3593 |  90k|  93k|  58k|  0 |9959 |2305 | 9.778655e+05 | 9.980091e+05 |   2.06%| unknown
 7335s|  4700 |  1379 |  3744k| 783.6 |  1119M | 180 |3593 |  90k|  93k|  60k|  1 |9971 |2353 | 9.778832e+05 | 9.980091e+05 |   2.06%| unknown
 7563s|  4800 |  1473 |  3882k| 796.1 |  1128M | 180 |3593 |  90k|  92k|  62k|  1 |9985 |2421 | 9.779073e+05 | 9.980091e+05 |   2.06%| unknown
 7851s|  4900 |  1573 |  4066k| 817.4 |  1143M | 180 |3593 |  90k|  93k|  65k|  1 |9999 |2492 | 9.779073e+05 | 9.980091e+05 |   2.06%| unknown
 8071s|  5000 |  1669 |  4206k| 829.1 |  1155M | 180 |3593 |  90k|  93k|  67k|  1 |  10k|2553 | 9.779296e+05 | 9.980091e+05 |   2.05%| unknown
 8311s|  5100 |  1767 |  4345k| 840.1 |  1169M | 180 |3593 |  90k|  93k|  70k|  1 |  10k|2630 | 9.779296e+05 | 9.980091e+05 |   2.05%| unknown
 8608s|  5200 |  1863 |  4534k| 860.2 |  1179M | 180 |3593 |  90k|  93k|  73k|  1 |  10k|2691 | 9.779319e+05 | 9.980091e+05 |   2.05%| unknown
 8852s|  5300 |  1953 |  4689k| 873.3 |  1195M | 180 |3593 |  90k|  93k|  77k|  1 |  10k|2768 | 9.779319e+05 | 9.980091e+05 |   2.05%| unknown
 9249s|  5400 |  2053 |  4927k| 901.1 |  1210M | 180 |3593 |  90k|  93k|  79k|  1 |  10k|2769 | 9.779319e+05 | 9.980091e+05 |   2.05%| unknown
 9668s|  5500 |  2145 |  5127k| 921.1 |  1219M | 180 |3593 |  90k|  93k|  81k|  1 |  10k|2787 | 9.779793e+05 | 9.980091e+05 |   2.05%| unknown
 9992s|  5600 |  2231 |  5320k| 939.1 |  1232M | 180 |3593 |  90k|  92k|  84k|  1 |  10k|2797 | 9.780127e+05 | 9.980091e+05 |   2.04%| unknown
  178m|  5700 |  2327 |  5844k|1014.7 |  1252M | 180 |3593 |  90k|  93k|  86k|  1 |  12k|2897 | 9.780183e+05 | 9.980091e+05 |   2.04%| unknown
  188m|  5800 |  2427 |  6120k|1044.7 |  1268M | 180 |3593 |  90k|  93k|  88k|  1 |  12k|2976 | 9.780183e+05 | 9.980091e+05 |   2.04%| unknown
  194m|  5900 |  2515 |  6326k|1061.9 |  1279M | 180 |3593 |  90k|  93k|  90k|  1 |  12k|3043 | 9.780183e+05 | 9.980091e+05 |   2.04%| unknown
 time | node  | left  |LP iter|LP it/n|mem/heur|mdpt |vars |cons |rows |cuts |sepa|confs|strbr|  dualbound   | primalbound  |  gap   | compl. 
  198m|  6000 |  2601 |  6482k|1070.2 |  1299M | 180 |3593 |  90k|  92k|  92k|  1 |  12k|3081 | 9.780527e+05 | 9.980091e+05 |   2.04%| unknown
  201m|  6100 |  2675 |  6598k|1071.6 |  1307M | 180 |3593 |  90k|  92k|  93k|  1 |  12k|3099 | 9.780618e+05 | 9.980091e+05 |   2.04%| unknown
  205m|  6200 |  2745 |  6727k|1075.2 |  1347M | 180 |3593 |  90k|  92k|  96k|  4 |  12k|3137 | 9.780903e+05 | 9.980091e+05 |   2.04%| unknown
  209m|  6300 |  2831 |  6884k|1083.1 |  1387M | 180 |3593 |  90k|  92k|  98k|  1 |  12k|3145 | 9.780903e+05 | 9.980091e+05 |   2.04%| unknown
  214m|  6400 |  2921 |  7029k|1088.9 |  1404M | 180 |3593 |  90k|  92k| 100k|  1 |  12k|3146 | 9.780903e+05 | 9.980091e+05 |   2.04%| unknown
  217m|  6500 |  3015 |  7170k|1093.7 |  1423M | 180 |3593 |  90k|  92k| 102k|  1 |  12k|3150 | 9.780903e+05 | 9.980091e+05 |   2.04%| unknown
  221m|  6600 |  3095 |  7301k|1097.1 |  1442M | 180 |3593 |  90k|  92k| 105k|  1 |  12k|3182 | 9.781091e+05 | 9.980091e+05 |   2.03%| unknown
  223m|  6700 |  3169 |  7404k|1096.0 |  1470M | 180 |3593 |  90k|  92k| 107k|  1 |  12k|3223 | 9.781091e+05 | 9.980091e+05 |   2.03%| unknown
  225m|  6800 |  3223 |  7479k|1090.9 |  1537M | 180 |3593 |  90k|  92k| 109k|  1 |  12k|3223 | 9.781091e+05 | 9.980091e+05 |   2.03%| unknown
  227m|  6900 |  3313 |  7592k|1091.5 |  1577M | 180 |3593 |  90k|  93k| 111k|  1 |  12k|3226 | 9.781091e+05 | 9.980091e+05 |   2.03%| unknown
  230m|  7000 |  3375 |  7674k|1087.6 |  1585M | 180 |3593 |  90k|  93k| 113k|  0 |  12k|3284 | 9.781091e+05 | 9.980091e+05 |   2.03%| unknown
  232m|  7100 |  3451 |  7756k|1083.8 |  1596M | 180 |3593 |  90k|  93k| 115k|  1 |  12k|3306 | 9.781126e+05 | 9.980091e+05 |   2.03%| unknown
  234m|  7200 |  3521 |  7840k|1080.5 |  1601M | 180 |3593 |  90k|  93k| 117k|  1 |  12k|3342 | 9.781126e+05 | 9.980091e+05 |   2.03%| unknown
  236m|  7300 |  3599 |  7924k|1077.2 |  1607M | 180 |3593 |  90k|  93k| 118k|  1 |  12k|3356 | 9.781126e+05 | 9.980091e+05 |   2.03%| unknown
  238m|  7400 |  3675 |  8023k|1076.0 |  1620M | 180 |3593 |  90k|  93k| 120k|  1 |  12k|3382 | 9.781126e+05 | 9.980091e+05 |   2.03%| unknown
 time | node  | left  |LP iter|LP it/n|mem/heur|mdpt |vars |cons |rows |cuts |sepa|confs|strbr|  dualbound   | primalbound  |  gap   | compl. 
  240m|  7500 |  3751 |  8123k|1075.0 |  1627M | 180 |3593 |  90k|  92k| 122k|  1 |  12k|3403 | 9.781126e+05 | 9.980091e+05 |   2.03%| unknown

SCIP Status        : solving was interrupted [time limit reached]
Solving Time (sec) : 14400.00
Solving Nodes      : 7512
Primal Bound       : +9.98009077400001e+05 (34 solutions)
Dual Bound         : +9.78126774231814e+05
Gap                : 2.03 %

primal solution (original space):
=================================

objective value:                     998009.077400001
z#1                                                 1 	(obj:0)
z#3                                                 1 	(obj:0)
z#14                                                1 	(obj:0)
z#15                                                1 	(obj:0)
z#18                                                1 	(obj:0)
z#22                                                1 	(obj:0)
z#30                                                1 	(obj:0)
z#33                                                1 	(obj:0)
z#34                                                1 	(obj:0)
z#48                                                1 	(obj:0)
z#52                                                1 	(obj:0)
z#54                                                1 	(obj:0)
z#59                                                1 	(obj:0)
z#60                                                1 	(obj:0)
z#67                                                1 	(obj:0)
z#68                                                1 	(obj:0)
z#69                                                1 	(obj:0)
z#74                                                1 	(obj:0)
z#77                                                1 	(obj:0)
z#82                                                1 	(obj:0)
z#89                                                1 	(obj:0)
z#98                                                1 	(obj:0)
z#99                                                1 	(obj:0)
z#103                                               1 	(obj:0)
z#110                                               1 	(obj:0)
z#114                                               1 	(obj:0)
z#120                                               1 	(obj:0)
z#123                                               1 	(obj:0)
z#124                                               1 	(obj:0)
z#126                                               1 	(obj:0)
z#128                                               1 	(obj:0)
z#129                                               1 	(obj:0)
z#132                                               1 	(obj:0)
z#134                                               1 	(obj:0)
z#135                                               1 	(obj:0)
z#139                                               1 	(obj:0)
z#142                                               1 	(obj:0)
z#148                                               1 	(obj:0)
z#150                                               1 	(obj:0)
z#152                                               1 	(obj:0)
z#153                                               1 	(obj:0)
z#157                                               1 	(obj:0)
z#160                                               1 	(obj:0)
z#161                                               1 	(obj:0)
z#172                                               1 	(obj:0)
z#174                                               1 	(obj:0)
z#179                                               1 	(obj:0)
z#185                                               1 	(obj:0)
z#190                                               1 	(obj:0)
z#197                                               1 	(obj:0)
z#198                                               1 	(obj:0)
z#211                                               1 	(obj:0)
z#214                                               1 	(obj:0)
z#215                                               1 	(obj:0)
z#233                                               1 	(obj:0)
z#236                                               1 	(obj:0)
z#238                                               1 	(obj:0)
z#241                                               1 	(obj:0)
z#243                                               1 	(obj:0)
z#245                                               1 	(obj:0)
z#254                                               1 	(obj:0)
z#256                                               1 	(obj:0)
z#260                                               1 	(obj:0)
z#262                                               1 	(obj:0)
z#265                                               1 	(obj:0)
z#266                                               1 	(obj:0)
z#269                                               1 	(obj:0)
z#277                                               1 	(obj:0)
z#280                                               1 	(obj:0)
z#286                                               1 	(obj:0)
z#290                                               1 	(obj:0)
z#292                                               1 	(obj:0)
z#302                                               1 	(obj:0)
z#311                                               1 	(obj:0)
z#312                                               1 	(obj:0)
z#322                                               1 	(obj:0)
z#332                                               1 	(obj:0)
z#334                                               1 	(obj:0)
z#340                                               1 	(obj:0)
z#344                                               1 	(obj:0)
z#351                                               1 	(obj:0)
z#353                                               1 	(obj:0)
z#360                                               1 	(obj:0)
z#366                                               1 	(obj:0)
z#378                                               1 	(obj:0)
z#382                                               1 	(obj:0)
z#395                                               1 	(obj:0)
z#398                                               1 	(obj:0)
z#400                                               1 	(obj:0)
z#415                                               1 	(obj:0)
z#416                                               1 	(obj:0)
z#420                                               1 	(obj:0)
z#424                                               1 	(obj:0)
z#428                                               1 	(obj:0)
z#436                                               1 	(obj:0)
z#437                                               1 	(obj:0)
z#438                                               1 	(obj:0)
z#445                                               1 	(obj:0)
z#451                                               1 	(obj:0)
z#452                                               1 	(obj:0)
z#453                                               1 	(obj:0)
z#454                                               1 	(obj:0)
z#460                                               1 	(obj:0)
z#463                                               1 	(obj:0)
z#465                                               1 	(obj:0)
z#469                                               1 	(obj:0)
z#470                                               1 	(obj:0)
z#473                                               1 	(obj:0)
z#477                                               1 	(obj:0)
z#482                                               1 	(obj:0)
z#488                                               1 	(obj:0)
z#495                                               1 	(obj:0)
z#512                                               1 	(obj:0)
z#513                                               1 	(obj:0)
z#516                                               1 	(obj:0)
z#519                                               1 	(obj:0)
z#520                                               1 	(obj:0)
z#525                                               1 	(obj:0)
z#536                                               1 	(obj:0)
z#537                                               1 	(obj:0)
z#548                                               1 	(obj:0)
z#549                                               1 	(obj:0)
z#559                                               1 	(obj:0)
z#562                                               1 	(obj:0)
z#563                                               1 	(obj:0)
z#565                                               1 	(obj:0)
z#566                                               1 	(obj:0)
z#571                                               1 	(obj:0)
z#579                                               1 	(obj:0)
z#580                                               1 	(obj:0)
z#581                                               1 	(obj:0)
z#590                                               1 	(obj:0)
z#592                                               1 	(obj:0)
z#596                                               1 	(obj:0)
z#600                                               1 	(obj:0)
z#602                                               1 	(obj:0)
z#610                                               1 	(obj:0)
z#614                                               1 	(obj:0)
z#616                                               1 	(obj:0)
z#617                                               1 	(obj:0)
z#618                                               1 	(obj:0)
z#622                                               1 	(obj:0)
z#625                                               1 	(obj:0)
z#638                                               1 	(obj:0)
z#641                                               1 	(obj:0)
z#644                                               1 	(obj:0)
z#659                                               1 	(obj:0)
z#670                                               1 	(obj:0)
z#675                                               1 	(obj:0)
z#681                                               1 	(obj:0)
z#684                                               1 	(obj:0)
z#687                                               1 	(obj:0)
z#699                                               1 	(obj:0)
z#701                                               1 	(obj:0)
z#711                                               1 	(obj:0)
z#713                                               1 	(obj:0)
z#724                                               1 	(obj:0)
z#726                                               1 	(obj:0)
z#727                                               1 	(obj:0)
z#728                                               1 	(obj:0)
z#729                                               1 	(obj:0)
z#739                                               1 	(obj:0)
z#749                                               1 	(obj:0)
z#759                                               1 	(obj:0)
z#760                                               1 	(obj:0)
z#764                                               1 	(obj:0)
z#771                                               1 	(obj:0)
z#777                                               1 	(obj:0)
z#779                                               1 	(obj:0)
z#786                                               1 	(obj:0)
z#787                                               1 	(obj:0)
z#789                                               1 	(obj:0)
z#790                                               1 	(obj:0)
z#800                                               1 	(obj:0)
z#805                                               1 	(obj:0)
z#828                                               1 	(obj:0)
z#830                                               1 	(obj:0)
z#834                                               1 	(obj:0)
z#837                                               1 	(obj:0)
z#841                                               1 	(obj:0)
z#847                                               1 	(obj:0)
z#848                                               1 	(obj:0)
z#858                                               1 	(obj:0)
z#860                                               1 	(obj:0)
z#861                                               1 	(obj:0)
z#867                                               1 	(obj:0)
z#870                                               1 	(obj:0)
z#879                                               1 	(obj:0)
z#882                                               1 	(obj:0)
z#896                                               1 	(obj:0)
z#899                                               1 	(obj:0)
z#907                                               1 	(obj:0)
z#908                                               1 	(obj:0)
z#926                                               1 	(obj:0)
z#928                                               1 	(obj:0)
z#929                                               1 	(obj:0)
z#931                                               1 	(obj:0)
z#936                                               1 	(obj:0)
z#944                                               1 	(obj:0)
z#947                                               1 	(obj:0)
z#949                                               1 	(obj:0)
z#951                                               1 	(obj:0)
z#953                                               1 	(obj:0)
z#965                                               1 	(obj:0)
z#969                                               1 	(obj:0)
z#972                                               1 	(obj:0)
z#980                                               1 	(obj:0)
z#985                                               1 	(obj:0)
z#987                                               1 	(obj:0)
z#990                                               1 	(obj:0)
z#994                                               1 	(obj:0)
z#995                                               1 	(obj:0)
z#1000                                              1 	(obj:0)
z#1003                                              1 	(obj:0)
z#1004                                              1 	(obj:0)
z#1005                                              1 	(obj:0)
z#1015                                              1 	(obj:0)
z#1019                                              1 	(obj:0)
z#1034                                              1 	(obj:0)
z#1035                                              1 	(obj:0)
z#1040                                              1 	(obj:0)
z#1041                                              1 	(obj:0)
z#1042                                              1 	(obj:0)
z#1044                                              1 	(obj:0)
z#1047                                              1 	(obj:0)
z#1050                                              1 	(obj:0)
z#1054                                              1 	(obj:0)
z#1064                                              1 	(obj:0)
z#1074                                              1 	(obj:0)
z#1077                                              1 	(obj:0)
z#1079                                              1 	(obj:0)
z#1087                                              1 	(obj:0)
z#1099                                              1 	(obj:0)
z#1101                                              1 	(obj:0)
z#1102                                              1 	(obj:0)
z#1104                                              1 	(obj:0)
z#1107                                              1 	(obj:0)
z#1108                                              1 	(obj:0)
z#1109                                              1 	(obj:0)
z#1118                                              1 	(obj:0)
z#1120                                              1 	(obj:0)
z#1128                                              1 	(obj:0)
z#1132                                              1 	(obj:0)
z#1136                                              1 	(obj:0)
z#1142                                              1 	(obj:0)
z#1153                                              1 	(obj:0)
z#1159                                              1 	(obj:0)
z#1170                                              1 	(obj:0)
z#1174                                              1 	(obj:0)
z#1175                                              1 	(obj:0)
z#1177                                              1 	(obj:0)
z#1180                                              1 	(obj:0)
z#1184                                              1 	(obj:0)
z#1193                                              1 	(obj:0)
z#1196                                              1 	(obj:0)
z#1197                                              1 	(obj:0)
z#1200                                              1 	(obj:0)
z#1203                                              1 	(obj:0)
z#1214                                              1 	(obj:0)
z#1216                                              1 	(obj:0)
z#1217                                              1 	(obj:0)
z#1218                                              1 	(obj:0)
z#1223                                              1 	(obj:0)
z#1241                                              1 	(obj:0)
z#1243                                              1 	(obj:0)
z#1245                                              1 	(obj:0)
z#1255                                              1 	(obj:0)
z#1259                                              1 	(obj:0)
z#1263                                              1 	(obj:0)
z#1265                                              1 	(obj:0)
z#1266                                              1 	(obj:0)
z#1268                                              1 	(obj:0)
z#1269                                              1 	(obj:0)
z#1271                                              1 	(obj:0)
z#1274                                              1 	(obj:0)
z#1279                                              1 	(obj:0)
z#1285                                              1 	(obj:0)
z#1290                                              1 	(obj:0)
z#1291                                              1 	(obj:0)
z#1292                                              1 	(obj:0)
z#1296                                              1 	(obj:0)
z#1301                                              1 	(obj:0)
z#1306                                              1 	(obj:0)
z#1311                                              1 	(obj:0)
z#1313                                              1 	(obj:0)
z#1314                                              1 	(obj:0)
z#1315                                              1 	(obj:0)
z#1317                                              1 	(obj:0)
z#1327                                              1 	(obj:0)
z#1331                                              1 	(obj:0)
z#1333                                              1 	(obj:0)
z#1335                                              1 	(obj:0)
z#1337                                              1 	(obj:0)
z#1341                                              1 	(obj:0)
z#1349                                              1 	(obj:0)
z#1357                                              1 	(obj:0)
z#1372                                              1 	(obj:0)
z#1377                                              1 	(obj:0)
z#1380                                              1 	(obj:0)
z#1381                                              1 	(obj:0)
z#1400                                              1 	(obj:0)
z#1401                                              1 	(obj:0)
z#1402                                              1 	(obj:0)
z#1405                                              1 	(obj:0)
z#1407                                              1 	(obj:0)
z#1417                                              1 	(obj:0)
z#1418                                              1 	(obj:0)
z#1427                                              1 	(obj:0)
z#1438                                              1 	(obj:0)
z#1447                                              1 	(obj:0)
z#1452                                              1 	(obj:0)
z#1464                                              1 	(obj:0)
z#1474                                              1 	(obj:0)
z#1476                                              1 	(obj:0)
z#1485                                              1 	(obj:0)
z#1501                                              1 	(obj:0)
z#1508                                              1 	(obj:0)
z#1521                                              1 	(obj:0)
z#1523                                              1 	(obj:0)
z#1530                                              1 	(obj:0)
z#1536                                              1 	(obj:0)
z#1538                                              1 	(obj:0)
z#1544                                              1 	(obj:0)
z#1556                                              1 	(obj:0)
z#1573                                              1 	(obj:0)
z#1576                                              1 	(obj:0)
z#1579                                              1 	(obj:0)
z#1586                                              1 	(obj:0)
z#1594                                              1 	(obj:0)
z#1597                                              1 	(obj:0)
z#1599                                              1 	(obj:0)
z#1609                                              1 	(obj:0)
z#1612                                              1 	(obj:0)
z#1616                                              1 	(obj:0)
z#1633                                              1 	(obj:0)
z#1638                                              1 	(obj:0)
z#1649                                              1 	(obj:0)
z#1661                                              1 	(obj:0)
z#1662                                              1 	(obj:0)
z#1664                                              1 	(obj:0)
z#1681                                              1 	(obj:0)
z#1686                                              1 	(obj:0)
z#1690                                              1 	(obj:0)
z#1692                                              1 	(obj:0)
z#1693                                              1 	(obj:0)
z#1694                                              1 	(obj:0)
z#1698                                              1 	(obj:0)
z#1703                                              1 	(obj:0)
z#1726                                              1 	(obj:0)
z#1736                                              1 	(obj:0)
z#1738                                              1 	(obj:0)
z#1743                                              1 	(obj:0)
z#1746                                              1 	(obj:0)
z#1748                                              1 	(obj:0)
z#1753                                              1 	(obj:0)
z#1754                                              1 	(obj:0)
z#1765                                              1 	(obj:0)
z#1769                                              1 	(obj:0)
z#1782                                              1 	(obj:0)
z#1784                                              1 	(obj:0)
z#1791                                              1 	(obj:0)
z#1794                                              1 	(obj:0)
z#1796                                              1 	(obj:0)
z#1797                                              1 	(obj:0)
z#1802                                              1 	(obj:0)
z#1807                                              1 	(obj:0)
z#1813                                              1 	(obj:0)
z#1826                                              1 	(obj:0)
z#1827                                              1 	(obj:0)
z#1841                                              1 	(obj:0)
z#1843                                              1 	(obj:0)
z#1850                                              1 	(obj:0)
z#1853                                              1 	(obj:0)
z#1855                                              1 	(obj:0)
z#1870                                              1 	(obj:0)
z#1871                                              1 	(obj:0)
z#1881                                              1 	(obj:0)
z#1890                                              1 	(obj:0)
z#1891                                              1 	(obj:0)
z#1898                                              1 	(obj:0)
z#1902                                              1 	(obj:0)
z#1905                                              1 	(obj:0)
z#1908                                              1 	(obj:0)
z#1915                                              1 	(obj:0)
z#1917                                              1 	(obj:0)
z#1926                                              1 	(obj:0)
z#1946                                              1 	(obj:0)
z#1947                                              1 	(obj:0)
z#1951                                              1 	(obj:0)
z#1958                                              1 	(obj:0)
z#1964                                              1 	(obj:0)
z#1967                                              1 	(obj:0)
z#1969                                              1 	(obj:0)
z#1973                                              1 	(obj:0)
z#1976                                              1 	(obj:0)
z#1977                                              1 	(obj:0)
z#1979                                              1 	(obj:0)
z#1984                                              1 	(obj:0)
z#1992                                              1 	(obj:0)
z#1993                                              1 	(obj:0)
z#1995                                              1 	(obj:0)
z#2011                                              1 	(obj:0)
z#2020                                              1 	(obj:0)
z#2022                                              1 	(obj:0)
z#2036                                              1 	(obj:0)
z#2038                                              1 	(obj:0)
z#2039                                              1 	(obj:0)
z#2045                                              1 	(obj:0)
z#2052                                              1 	(obj:0)
z#2057                                              1 	(obj:0)
z#2076                                              1 	(obj:0)
z#2092                                              1 	(obj:0)
z#2095                                              1 	(obj:0)
z#2105                                              1 	(obj:0)
z#2111                                              1 	(obj:0)
z#2115                                              1 	(obj:0)
z#2120                                              1 	(obj:0)
z#2140                                              1 	(obj:0)
z#2143                                              1 	(obj:0)
z#2144                                              1 	(obj:0)
z#2146                                              1 	(obj:0)
z#2151                                              1 	(obj:0)
z#2154                                              1 	(obj:0)
z#2157                                              1 	(obj:0)
z#2159                                              1 	(obj:0)
z#2160                                              1 	(obj:0)
z#2163                                              1 	(obj:0)
z#2169                                              1 	(obj:0)
z#2176                                              1 	(obj:0)
z#2197                                              1 	(obj:0)
z#2204                                              1 	(obj:0)
z#2214                                              1 	(obj:0)
z#2219                                              1 	(obj:0)
z#2229                                              1 	(obj:0)
z#2233                                              1 	(obj:0)
z#2236                                              1 	(obj:0)
z#2240                                              1 	(obj:0)
z#2253                                              1 	(obj:0)
z#2255                                              1 	(obj:0)
z#2262                                              1 	(obj:0)
z#2263                                              1 	(obj:0)
z#2269                                              1 	(obj:0)
z#2277                                              1 	(obj:0)
z#2279                                              1 	(obj:0)
z#2281                                              1 	(obj:0)
z#2286                                              1 	(obj:0)
z#2297                                              1 	(obj:0)
z#2301                                              1 	(obj:0)
z#2305                                              1 	(obj:0)
z#2311                                              1 	(obj:0)
z#2315                                              1 	(obj:0)
z#2324                                              1 	(obj:0)
z#2328                                              1 	(obj:0)
z#2330                                              1 	(obj:0)
z#2337                                              1 	(obj:0)
z#2340                                              1 	(obj:0)
z#2348                                              1 	(obj:0)
z#2349                                              1 	(obj:0)
z#2358                                              1 	(obj:0)
z#2359                                              1 	(obj:0)
z#2360                                              1 	(obj:0)
z#2375                                              1 	(obj:0)
z#2382                                              1 	(obj:0)
z#2384                                              1 	(obj:0)
z#2389                                              1 	(obj:0)
z#2399                                              1 	(obj:0)
z#2401                                              1 	(obj:0)
z#2403                                              1 	(obj:0)
z#2405                                              1 	(obj:0)
z#2406                                              1 	(obj:0)
z#2411                                              1 	(obj:0)
z#2420                                              1 	(obj:0)
z#2423                                              1 	(obj:0)
z#2433                                              1 	(obj:0)
z#2442                                              1 	(obj:0)
z#2446                                              1 	(obj:0)
z#2450                                              1 	(obj:0)
z#2455                                              1 	(obj:0)
z#2456                                              1 	(obj:0)
z#2458                                              1 	(obj:0)
z#2462                                              1 	(obj:0)
z#2467                                              1 	(obj:0)
z#2473                                              1 	(obj:0)
z#2486                                              1 	(obj:0)
z#2489                                              1 	(obj:0)
z#2496                                              1 	(obj:0)
z#2497                                              1 	(obj:0)
z#2498                                              1 	(obj:0)
z#2499                                              1 	(obj:0)
z#2501                                              1 	(obj:0)
z#2505                                              1 	(obj:0)
z#2506                                              1 	(obj:0)
z#2507                                              1 	(obj:0)
z#2515                                              1 	(obj:0)
z#2531                                              1 	(obj:0)
z#2532                                              1 	(obj:0)
z#2542                                              1 	(obj:0)
z#2546                                              1 	(obj:0)
z#2557                                              1 	(obj:0)
z#2566                                              1 	(obj:0)
z#2567                                              1 	(obj:0)
z#2584                                              1 	(obj:0)
z#2586                                              1 	(obj:0)
z#2593                                              1 	(obj:0)
z#2610                                              1 	(obj:0)
z#2614                                              1 	(obj:0)
z#2618                                              1 	(obj:0)
z#2619                                              1 	(obj:0)
z#2621                                              1 	(obj:0)
z#2623                                              1 	(obj:0)
z#2628                                              1 	(obj:0)
z#2640                                              1 	(obj:0)
z#2650                                              1 	(obj:0)
z#2656                                              1 	(obj:0)
z#2657                                              1 	(obj:0)
z#2666                                              1 	(obj:0)
z#2667                                              1 	(obj:0)
z#2668                                              1 	(obj:0)
z#2669                                              1 	(obj:0)
z#2672                                              1 	(obj:0)
z#2679                                              1 	(obj:0)
z#2683                                              1 	(obj:0)
z#2687                                              1 	(obj:0)
z#2691                                              1 	(obj:0)
z#2696                                              1 	(obj:0)
z#2698                                              1 	(obj:0)
z#2700                                              1 	(obj:0)
z#2706                                              1 	(obj:0)
z#2708                                              1 	(obj:0)
z#2712                                              1 	(obj:0)
z#2714                                              1 	(obj:0)
z#2717                                              1 	(obj:0)
z#2719                                              1 	(obj:0)
z#2722                                              1 	(obj:0)
z#2723                                              1 	(obj:0)
z#2724                                              1 	(obj:0)
z#2725                                              1 	(obj:0)
z#2729                                              1 	(obj:0)
z#2731                                              1 	(obj:0)
z#2733                                              1 	(obj:0)
z#2737                                              1 	(obj:0)
z#2740                                              1 	(obj:0)
z#2745                                              1 	(obj:0)
z#2748                                              1 	(obj:0)
z#2751                                              1 	(obj:0)
z#2754                                              1 	(obj:0)
z#2756                                              1 	(obj:0)
z#2758                                              1 	(obj:0)
z#2759                                              1 	(obj:0)
z#2773                                              1 	(obj:0)
z#2774                                              1 	(obj:0)
z#2776                                              1 	(obj:0)
z#2777                                              1 	(obj:0)
z#2778                                              1 	(obj:0)
z#2781                                              1 	(obj:0)
z#2784                                              1 	(obj:0)
z#2787                                              1 	(obj:0)
z#2797                                              1 	(obj:0)
z#2798                                              1 	(obj:0)
z#2800                                              1 	(obj:0)
z#2804                                              1 	(obj:0)
z#2806                                              1 	(obj:0)
z#2807                                              1 	(obj:0)
z#2819                                              1 	(obj:0)
z#2824                                              1 	(obj:0)
z#2825                                              1 	(obj:0)
z#2828                                              1 	(obj:0)
z#2829                                              1 	(obj:0)
z#2834                                              1 	(obj:0)
z#2841                                              1 	(obj:0)
z#2853                                              1 	(obj:0)
z#2859                                              1 	(obj:0)
z#2860                                              1 	(obj:0)
z#2868                                              1 	(obj:0)
z#2879                                              1 	(obj:0)
z#2883                                              1 	(obj:0)
z#2888                                              1 	(obj:0)
z#2889                                              1 	(obj:0)
z#2893                                              1 	(obj:0)
z#2895                                              1 	(obj:0)
z#2903                                              1 	(obj:0)
z#2905                                              1 	(obj:0)
z#2913                                              1 	(obj:0)
z#2931                                              1 	(obj:0)
z#2937                                              1 	(obj:0)
z#2938                                              1 	(obj:0)
z#2940                                              1 	(obj:0)
z#2956                                              1 	(obj:0)
z#2970                                              1 	(obj:0)
z#2971                                              1 	(obj:0)
z#2973                                              1 	(obj:0)
z#2975                                              1 	(obj:0)
z#2976                                              1 	(obj:0)
z#2978                                              1 	(obj:0)
z#2981                                              1 	(obj:0)
z#2987                                              1 	(obj:0)
z#2988                                              1 	(obj:0)
z#2990                                              1 	(obj:0)
z#2991                                              1 	(obj:0)
z#2998                                              1 	(obj:0)
x#0                                               557 	(obj:181)
x#2                                             93.41 	(obj:104)
x#11                                         450.8184 	(obj:124)
x#16                                 99.8850000000001 	(obj:101)
x#19                                 2.84299999999985 	(obj:131)
x#23                                 1.68200000000002 	(obj:153)
x#24                                 37.8619999999535 	(obj:133)
x#25                                 555.668000000047 	(obj:154)
x#30                                 0.28099999999904 	(obj:176)
x#36                                 39.9240000000007 	(obj:109)
x#40                                          657.395 	(obj:135)
x#44                                 2.48299999999915 	(obj:113)
x#46                               0.0699999999998226 	(obj:111)
x#49                                 36.9840000000007 	(obj:117)
x#52                                 2.99699999999996 	(obj:122)
x#54                                          657.423 	(obj:141)
x#63                               0.0119999999998299 	(obj:119)
x#64                                 35.9870000000006 	(obj:109)
x#68                                          662.921 	(obj:125)
x#71                                 1.07800000000043 	(obj:112)
x#78                                               36 	(obj:118)
x#83                                              664 	(obj:107)
x#93                                 7.99999999999989 	(obj:145)
x#94                                               27 	(obj:104)
x#97                                              664 	(obj:104)
x#104                                               4 	(obj:120)
x#109                                             555 	(obj:139)
x#112                                               1 	(obj:150)
x#117                                               1 	(obj:172)
x#121                                             143 	(obj:139)
x#124                                             555 	(obj:125)
x#127                                               1 	(obj:115)
x#136                                             144 	(obj:131)
x#138                                             553 	(obj:129)
y#1                                            10.453 	(obj:173)
y#15                                         139.8196 	(obj:103)
y#31                                          100.516 	(obj:126)
y#35                                 2.13400000000001 	(obj:106)
y#53                              0.00900000000001455 	(obj:101)
y#58                                 2.49499999999921 	(obj:121)
y#61                               0.0729999999999791 	(obj:125)
y#62                              0.00199999999995271 	(obj:107)
y#93                                 1.00000000000011 	(obj:121)
y#108                                               1 	(obj:102)
y#111                                             139 	(obj:121)
y#139                                               2 	(obj:111)
u#0                                               557 	(obj:0)
u#1                                               557 	(obj:0)
u#2                                            650.41 	(obj:0)
u#3                                            650.41 	(obj:0)
u#4                                            650.41 	(obj:0)
u#5                                            650.41 	(obj:0)
u#6                                            650.41 	(obj:0)
u#7                                            650.41 	(obj:0)
u#8                                            650.41 	(obj:0)
u#9                                            650.41 	(obj:0)
u#10                                           650.41 	(obj:0)
u#11                                        1101.2284 	(obj:0)
u#12                                        1101.2284 	(obj:0)
u#13                                        1101.2284 	(obj:0)
u#14                                        1101.2284 	(obj:0)
u#15                                         544.2284 	(obj:0)
u#16                                         644.1134 	(obj:0)
u#17                                         550.7034 	(obj:0)
u#18                                         550.7034 	(obj:0)
u#19                                         553.5464 	(obj:0)
u#20                                         553.5464 	(obj:0)
u#21                                         553.5464 	(obj:0)
u#22                                         553.5464 	(obj:0)
u#23                                         555.2284 	(obj:0)
u#24                                 593.090399999953 	(obj:0)
u#25                                        1148.7584 	(obj:0)
u#26                                 697.940000000001 	(obj:0)
u#27                                 697.940000000001 	(obj:0)
u#28                                 697.940000000001 	(obj:0)
u#29                                 697.940000000001 	(obj:0)
u#30                                          698.221 	(obj:0)
u#31                                 598.335999999999 	(obj:0)
u#32                                 598.335999999999 	(obj:0)
u#33                                 598.335999999999 	(obj:0)
u#34                                          595.493 	(obj:0)
u#35                                          595.493 	(obj:0)
u#36                                          635.417 	(obj:0)
u#37                                          635.417 	(obj:0)
u#38                                          633.735 	(obj:0)
u#39                                 595.873000000047 	(obj:0)
u#40                                            697.6 	(obj:0)
u#41                                            697.6 	(obj:0)
u#42                                            697.6 	(obj:0)
u#43                                            697.6 	(obj:0)
u#44                                 700.082999999999 	(obj:0)
u#45                                          699.802 	(obj:0)
u#46                                          699.872 	(obj:0)
u#47                                          699.872 	(obj:0)
u#48                                          699.872 	(obj:0)
u#49                                 736.856000000001 	(obj:0)
u#50                                 736.856000000001 	(obj:0)
u#51                                          696.932 	(obj:0)
u#52                                          699.929 	(obj:0)
u#53                                          699.929 	(obj:0)
u#54                                         1357.352 	(obj:0)
u#55                                          699.957 	(obj:0)
u#56                                          699.957 	(obj:0)
u#57                                          699.957 	(obj:0)
u#58                                          699.957 	(obj:0)
u#59                                 697.474000000001 	(obj:0)
u#60                                 697.474000000001 	(obj:0)
u#61                                 697.404000000001 	(obj:0)
u#62                                 697.404000000001 	(obj:0)
u#63                                 697.416000000001 	(obj:0)
u#64                                 696.419000000001 	(obj:0)
u#65                                 696.419000000001 	(obj:0)
u#66                                 696.419000000001 	(obj:0)
u#67                                 693.422000000001 	(obj:0)
u#68                                         1356.343 	(obj:0)
u#69                                           698.92 	(obj:0)
u#70                                           698.92 	(obj:0)
u#71                                 699.998000000001 	(obj:0)
u#72                                 699.998000000001 	(obj:0)
u#73                                 699.998000000001 	(obj:0)
u#74                                 699.998000000001 	(obj:0)
u#75                                 699.998000000001 	(obj:0)
u#76                                 699.998000000001 	(obj:0)
u#77                                 699.998000000001 	(obj:0)
u#78                                 735.986000000001 	(obj:0)
u#79                                          699.999 	(obj:0)
u#80                                          699.999 	(obj:0)
u#81                                          699.999 	(obj:0)
u#82                                          699.999 	(obj:0)
u#83                                          701.078 	(obj:0)
u#84                                          701.078 	(obj:0)
u#85                                          701.078 	(obj:0)
u#86                                              700 	(obj:0)
u#87                                              700 	(obj:0)
u#88                                              700 	(obj:0)
u#89                                              700 	(obj:0)
u#90                                              700 	(obj:0)
u#91                                              700 	(obj:0)
u#92                                              700 	(obj:0)
u#93                                              672 	(obj:0)
u#94                                              699 	(obj:0)
u#95                                              699 	(obj:0)
u#96                                              699 	(obj:0)
u#97                                             1363 	(obj:0)
u#98                                              699 	(obj:0)
u#99                                              699 	(obj:0)
u#100                                             699 	(obj:0)
u#101                                             699 	(obj:0)
u#102                                             699 	(obj:0)
u#103                                             699 	(obj:0)
u#104                                             703 	(obj:0)
u#105                                             703 	(obj:0)
u#106                                             703 	(obj:0)
u#107                                             703 	(obj:0)
u#108                                             695 	(obj:0)
u#109                                            1223 	(obj:0)
u#110                                            1223 	(obj:0)
u#111                                            1223 	(obj:0)
u#112                                             560 	(obj:0)
u#113                                             560 	(obj:0)
u#114                                             560 	(obj:0)
u#115                                             560 	(obj:0)
u#116                                             560 	(obj:0)
u#117                                             561 	(obj:0)
u#118                                             561 	(obj:0)
u#119                                             557 	(obj:0)
u#120                                             557 	(obj:0)
u#121                                             700 	(obj:0)
u#122                                             700 	(obj:0)
u#123                                             700 	(obj:0)
u#124                                             700 	(obj:0)
u#125                                             700 	(obj:0)
u#126                                             700 	(obj:0)
u#127                                             700 	(obj:0)
u#128                                             700 	(obj:0)
u#129                                             700 	(obj:0)
u#130                                             700 	(obj:0)
u#131                                             700 	(obj:0)
u#132                                             699 	(obj:0)
u#133                                             699 	(obj:0)
u#134                                             699 	(obj:0)
u#135                                             699 	(obj:0)
u#136                                             700 	(obj:0)
u#137                                             700 	(obj:0)
u#138                                            1253 	(obj:0)
u#139                                             698 	(obj:0)
u#140                                             698 	(obj:0)
u#141                                             698 	(obj:0)
u#142                                             697 	(obj:0)
u#143                                             697 	(obj:0)
u#144                                             697 	(obj:0)
u#145                                             697 	(obj:0)
u#146                                             697 	(obj:0)
u#147                                             697 	(obj:0)
u#148                                             697 	(obj:0)
u#149                                             697 	(obj:0)
v#1                                            10.453 	(obj:0)
v#2                                            10.453 	(obj:0)
v#3                                            10.453 	(obj:0)
v#4                                            10.453 	(obj:0)
v#5                                            10.453 	(obj:0)
v#6                                            10.453 	(obj:0)
v#7                                            10.453 	(obj:0)
v#8                                            10.453 	(obj:0)
v#9                                            10.453 	(obj:0)
v#10                                           10.453 	(obj:0)
v#15                                         139.8196 	(obj:0)
v#16                                         139.8196 	(obj:0)
v#17                                         139.8196 	(obj:0)
v#18                                         139.8196 	(obj:0)
v#19                                         139.8196 	(obj:0)
v#20                                         139.8196 	(obj:0)
v#21                                         139.8196 	(obj:0)
v#22                                         139.8196 	(obj:0)
v#23                                         139.8196 	(obj:0)
v#24                                         139.8196 	(obj:0)
v#31                                          100.516 	(obj:0)
v#32                                          100.516 	(obj:0)
v#33                                          100.516 	(obj:0)
v#34                                          100.516 	(obj:0)
v#35                                           102.65 	(obj:0)
v#36                                           102.65 	(obj:0)
v#37                                           102.65 	(obj:0)
v#38                                           102.65 	(obj:0)
v#39                                           102.65 	(obj:0)
v#40                                           102.65 	(obj:0)
v#41                                 2.13400000000001 	(obj:0)
v#42                                 2.13400000000001 	(obj:0)
v#43                                 2.13400000000001 	(obj:0)
v#44                                 2.13400000000001 	(obj:0)
v#53                              0.00900000000001455 	(obj:0)
v#54                              0.00900000000001455 	(obj:0)
v#55                              0.00900000000001455 	(obj:0)
v#56                              0.00900000000001455 	(obj:0)
v#57                              0.00900000000001455 	(obj:0)
v#58                                 2.50399999999922 	(obj:0)
v#59                                 2.50399999999922 	(obj:0)
v#60                                 2.50399999999922 	(obj:0)
v#61                                  2.5769999999992 	(obj:0)
v#62                                 2.57899999999916 	(obj:0)
v#63                                 2.56999999999914 	(obj:0)
v#64                                 2.56999999999914 	(obj:0)
v#65                                 2.56999999999914 	(obj:0)
v#66                                 2.56999999999914 	(obj:0)
v#67                                 2.56999999999914 	(obj:0)
v#68                               0.0749999999999318 	(obj:0)
v#69                               0.0749999999999318 	(obj:0)
v#70                               0.0749999999999318 	(obj:0)
v#71                              0.00199999999995271 	(obj:0)
v#93                                 1.00000000000011 	(obj:0)
v#94                                 1.00000000000011 	(obj:0)
v#95                                 1.00000000000011 	(obj:0)
v#96                                 1.00000000000011 	(obj:0)
v#97                                 1.00000000000011 	(obj:0)
v#98                                 1.00000000000011 	(obj:0)
v#99                                 1.00000000000011 	(obj:0)
v#100                                1.00000000000011 	(obj:0)
v#101                                1.00000000000011 	(obj:0)
v#102                                1.00000000000011 	(obj:0)
v#108                                               1 	(obj:0)
v#109                                               1 	(obj:0)
v#110                                               1 	(obj:0)
v#111                                             140 	(obj:0)
v#112                                             140 	(obj:0)
v#113                                             140 	(obj:0)
v#114                                             140 	(obj:0)
v#115                                             140 	(obj:0)
v#116                                             140 	(obj:0)
v#117                                             140 	(obj:0)
v#118                                             139 	(obj:0)
v#119                                             139 	(obj:0)
v#120                                             139 	(obj:0)
v#139                                               2 	(obj:0)
v#140                                               2 	(obj:0)
v#141                                               2 	(obj:0)
v#142                                               2 	(obj:0)
v#143                                               2 	(obj:0)
v#144                                               2 	(obj:0)
v#145                                               2 	(obj:0)
v#146                                               2 	(obj:0)
v#147                                               2 	(obj:0)
v#148                                               2 	(obj:0)
w#0                                               557 	(obj:0)
w#1                                           567.453 	(obj:0)
w#2                                           660.863 	(obj:0)
w#3                                           660.863 	(obj:0)
w#4                                           660.863 	(obj:0)
w#5                                           660.863 	(obj:0)
w#6                                           660.863 	(obj:0)
w#7                                           660.863 	(obj:0)
w#8                                           660.863 	(obj:0)
w#9                                           660.863 	(obj:0)
w#10                                          660.863 	(obj:0)
w#11                                        1101.2284 	(obj:0)
w#12                                        1101.2284 	(obj:0)
w#13                                        1101.2284 	(obj:0)
w#14                                        1101.2284 	(obj:0)
w#15                                          684.048 	(obj:0)
w#16                                          783.933 	(obj:0)
w#17                                          690.523 	(obj:0)
w#18                                          690.523 	(obj:0)
w#19                                          693.366 	(obj:0)
w#20                                          693.366 	(obj:0)
w#21                                          693.366 	(obj:0)
w#22                                          693.366 	(obj:0)
w#23                                          695.048 	(obj:0)
w#24                                 732.909999999953 	(obj:0)
w#25                                        1148.7584 	(obj:0)
w#26                                 697.940000000001 	(obj:0)
w#27                                 697.940000000001 	(obj:0)
w#28                                 697.940000000001 	(obj:0)
w#29                                 697.940000000001 	(obj:0)
w#30                                          698.221 	(obj:0)
w#31                                          698.852 	(obj:0)
w#32                                          698.852 	(obj:0)
w#33                                          698.852 	(obj:0)
w#34                                          696.009 	(obj:0)
w#35                                          698.143 	(obj:0)
w#36                                 738.067000000001 	(obj:0)
w#37                                 738.067000000001 	(obj:0)
w#38                                 736.385000000001 	(obj:0)
w#39                                 698.523000000047 	(obj:0)
w#40                                           800.25 	(obj:0)
w#41                                          699.734 	(obj:0)
w#42                                          699.734 	(obj:0)
w#43                                          699.734 	(obj:0)
w#44                                 702.216999999999 	(obj:0)
w#45                                          699.802 	(obj:0)
w#46                                          699.872 	(obj:0)
w#47                                          699.872 	(obj:0)
w#48                                          699.872 	(obj:0)
w#49                                 736.856000000001 	(obj:0)
w#50                                 736.856000000001 	(obj:0)
w#51                                          696.932 	(obj:0)
w#52                                          699.929 	(obj:0)
w#53                                          699.938 	(obj:0)
w#54                                         1357.361 	(obj:0)
w#55                                          699.966 	(obj:0)
w#56                                          699.966 	(obj:0)
w#57                                          699.966 	(obj:0)
w#58                                 702.460999999999 	(obj:0)
w#59                                          699.978 	(obj:0)
w#60                                          699.978 	(obj:0)
w#61                                          699.981 	(obj:0)
w#62                                          699.983 	(obj:0)
w#63                                          699.986 	(obj:0)
w#64                                          698.989 	(obj:0)
w#65                                          698.989 	(obj:0)
w#66                                          698.989 	(obj:0)
w#67                                          695.992 	(obj:0)
w#68                                         1356.418 	(obj:0)
w#69                                          698.995 	(obj:0)
w#70                                          698.995 	(obj:0)
w#71                                              700 	(obj:0)
w#72                                 699.998000000001 	(obj:0)
w#73                                 699.998000000001 	(obj:0)
w#74                                 699.998000000001 	(obj:0)
w#75                                 699.998000000001 	(obj:0)
w#76                                 699.998000000001 	(obj:0)
w#77                                 699.998000000001 	(obj:0)
w#78                                 735.986000000001 	(obj:0)
w#79                                          699.999 	(obj:0)
w#80                                          699.999 	(obj:0)
w#81                                          699.999 	(obj:0)
w#82                                          699.999 	(obj:0)
w#83                                          701.078 	(obj:0)
w#84                                          701.078 	(obj:0)
w#85                                          701.078 	(obj:0)
w#86                                              700 	(obj:0)
w#87                                              700 	(obj:0)
w#88                                              700 	(obj:0)
w#89                                              700 	(obj:0)
w#90                                              700 	(obj:0)
w#91                                              700 	(obj:0)
w#92                                              700 	(obj:0)
w#93                                              673 	(obj:0)
w#94                                              700 	(obj:0)
w#95                                              700 	(obj:0)
w#96                                              700 	(obj:0)
w#97                                             1364 	(obj:0)
w#98                                              700 	(obj:0)
w#99                                              700 	(obj:0)
w#100                                             700 	(obj:0)
w#101                                             700 	(obj:0)
w#102                                             700 	(obj:0)
w#103                                             699 	(obj:0)
w#104                                             703 	(obj:0)
w#105                                             703 	(obj:0)
w#106                                             703 	(obj:0)
w#107                                             703 	(obj:0)
w#108                                             696 	(obj:0)
w#109                                            1224 	(obj:0)
w#110                                            1224 	(obj:0)
w#111                                            1363 	(obj:0)
w#112                                             700 	(obj:0)
w#113                                             700 	(obj:0)
w#114                                             700 	(obj:0)
w#115                                             700 	(obj:0)
w#116                                             700 	(obj:0)
w#117                                             701 	(obj:0)
w#118                                             700 	(obj:0)
w#119                                             696 	(obj:0)
w#120                                             696 	(obj:0)
w#121                                             700 	(obj:0)
w#122                                             700 	(obj:0)
w#123                                             700 	(obj:0)
w#124                                             700 	(obj:0)
w#125                                             700 	(obj:0)
w#126                                             700 	(obj:0)
w#127                                             700 	(obj:0)
w#128                                             700 	(obj:0)
w#129                                             700 	(obj:0)
w#130                                             700 	(obj:0)
w#131                                             700 	(obj:0)
w#132                                             699 	(obj:0)
w#133                                             699 	(obj:0)
w#134                                             699 	(obj:0)
w#135                                             699 	(obj:0)
w#136                                             700 	(obj:0)
w#137                                             700 	(obj:0)
w#138                                            1253 	(obj:0)
w#139                                             700 	(obj:0)
w#140                                             700 	(obj:0)
w#141                                             700 	(obj:0)
w#142                                             699 	(obj:0)
w#143                                             699 	(obj:0)
w#144                                             699 	(obj:0)
w#145                                             699 	(obj:0)
w#146                                             699 	(obj:0)
w#147                                             699 	(obj:0)
w#148                                             699 	(obj:0)
w#149                                             697 	(obj:0)

Statistics
==========

SCIP Status        : solving was interrupted [time limit reached]
Total Time         :   14400.44
  solving          :   14400.00
  presolving       :       3.50 (included in solving)
  reading          :       0.44
  copying          :       2.72 (18 #copies) (minimal 0.13, maximal 0.17, average 0.15)
Original Problem   :
  Problem name     : 150-3000-0
  Variables        : 3750 (3000 binary, 0 integer, 0 implicit integer, 750 continuous)
  Constraints      : 90602 initial, 90602 maximal
  Objective        : minimize, 300 non-zeros (abs.min = 100, abs.max = 297)
Presolved Problem  :
  Problem name     : t_150-3000-0
  Variables        : 3593 (3000 binary, 0 integer, 0 implicit integer, 593 continuous)
  Constraints      : 89901 initial, 91584 maximal
  Objective        : minimize, 299 non-zeros (abs.min = 100, abs.max = 297)
  Nonzeros         : 186263 constraint, 0 clique table
Presolvers         :   ExecTime  SetupTime  Calls  FixedVars   AggrVars   ChgTypes  ChgBounds   AddHoles    DelCons    AddCons   ChgSides   ChgCoefs
  boundshift       :       0.00       0.00      0          0          0          0          0          0          0          0          0          0
  convertinttobin  :       0.00       0.00      0          0          0          0          0          0          0          0          0          0
  domcol           :       0.07       0.00      1          0          0          0          0          0          0          0          0          0
  dualagg          :       0.00       0.00      0          0          0          0          0          0          0          0          0          0
  dualcomp         :       0.05       0.00      1          0          0          0          0          0          0          0          0          0
  dualinfer        :       0.00       0.00      0          0          0          0          0          0          0          0          0          0
  dualsparsify     :       0.15       0.00      1          0          0          0          0          0          0          0          0          0
  gateextraction   :       0.00       0.00      0          0          0          0          0          0          0          0          0          0
  implics          :       0.00       0.00      3          0          0          0          0          0          0          0          0          0
  inttobinary      :       0.00       0.00      0          0          0          0          0          0          0          0          0          0
  milp             :       0.23       0.00      1          1        152          0         73          0          0          0          0          0
  qpkktref         :       0.00       0.00      0          0          0          0          0          0          0          0          0          0
  redvub           :       0.00       0.00      0          0          0          0          0          0          0          0          0          0
  sparsify         :       0.08       0.00      1          0          0          0          0          0          0          0          0          0
  stuffing         :       0.00       0.00      0          0          0          0          0          0          0          0          0          0
  trivial          :       0.00       0.00      5          0          0          0          0          0          0          0          0          0
  tworowbnd        :       0.00       0.00      0          0          0          0          0          0          0          0          0          0
  dualfix          :       0.00       0.00      5          0          0          0          0          0          0          0          0          0
  genvbounds       :       0.00       0.00      0          0          0          0          0          0          0          0          0          0
  probing          :       2.44       0.00      1          0          0          0          0          0          0          0          0          0
  pseudoobj        :       0.00       0.00      0          0          0          0          0          0          0          0          0          0
  symmetry         :       0.00       0.00      1          0          0          0          0          0          0          0          0          0
  vbounds          :       0.00       0.00      0          0          0          0          0          0          0          0          0          0
  chancecons       :       0.00       0.00      0          0          0          0          0          0          0          0          0          0
  varbound         :       0.11       0.00      2          0          0          0          0          0          0          0          0          0
  knapsack         :       0.00       0.00      3          0          0          0          0          0          0          0          0          0
  linear           :       0.29       0.03      7          0          4          0        150          0        701          0          0          0
  bounddisjunction :       0.00       0.00      0          0          0          0          0          0          0          0          0          0
  benders          :       0.00       0.00      0          0          0          0          0          0          0          0          0          0
  components       :       0.01       0.00      1          0          0          0          0          0          0          0          0          0
  root node        :          -          -      -          0          -          -       3328          -          -          -          -          -
Constraints        :     Number  MaxNumber  #Separate #Propagate    #EnfoLP    #EnfoRelax  #EnfoPS    #Check   #ResProp    Cutoffs    DomReds       Cuts    Applied      Conss   Children
  benderslp        :          0          0          0          0       5771          0          0       1041          0          0          0          0          0          0          0
  chancecons       :          1          1        952          0          0          0          0          0          0          0          0      86358      31122          0          0
  integral         :          0          0          0          0       5771          0          0       1041          0          0        353          0          0       1034      11380
  varbound         :      89455      89455         36     221748          0          0          0       1036     752943          0     354138          0          0          0          0
  knapsack         :          1          1         36     234994          0          0          0         36          0       1302       4734          0          0          0          0
  linear           :        444+       516         36     234446          0          0          0         37      66753        598    2425845          0          0          0          0
  bounddisjunction :          0+      1635          0      11616          0          0          0          0          0          0          0          0          0          0          0
  benders          :          0          0          0          0          0          0          0         35          0          0          0          0          0          0          0
  fixedvar         :          0          0          0          0          0          0          0         35          0          0          0          0          0          0          0
  countsols        :          0          0          0          0          0          0          0         35          0          0          0          0          0          0          0
  components       :          0          0          0          0          0          0          0          0          0          0          0          0          0          0          0
Constraint Timings :  TotalTime  SetupTime   Separate  Propagate     EnfoLP     EnfoPS     EnfoRelax   Check    ResProp    SB-Prop
  benderslp        :       0.00       0.00       0.00       0.00       0.00       0.00       0.00       0.00       0.00       0.00
  chancecons       :       6.96       0.00       6.96       0.00       0.00       0.00       0.00       0.00       0.00       0.00
  integral         :    2276.13       0.00       0.00       0.00    2276.13       0.00       0.00       0.00       0.00       0.00
  varbound         :      36.82       0.00       0.36      24.11       0.00       0.00       0.00       0.12       0.11      12.11
  knapsack         :       8.49       0.00       6.32       2.00       0.00       0.00       0.00       0.00       0.00       0.17
  linear           :      39.63       0.03       0.17      29.28       0.00       0.00       0.00       0.00       0.36       9.78
  bounddisjunction :       0.67       0.00       0.00       0.42       0.00       0.00       0.00       0.00       0.00       0.24
  benders          :       0.00       0.00       0.00       0.00       0.00       0.00       0.00       0.00       0.00       0.00
  fixedvar         :       0.00       0.00       0.00       0.00       0.00       0.00       0.00       0.00       0.00       0.00
  countsols        :       0.00       0.00       0.00       0.00       0.00       0.00       0.00       0.00       0.00       0.00
  components       :       0.01       0.00       0.00       0.01       0.00       0.00       0.00       0.00       0.00       0.00
Propagators        : #Propagate   #ResProp    Cutoffs    DomReds
  dualfix          :          8          0          0          0
  genvbounds       :          0          0          0          0
  nlobbt           :          0          0          0          0
  obbt             :          0          0          0          0
  probing          :          0          0          0          0
  pseudoobj        :      34265          0          0        299
  redcost          :      13142          0          0      11424
  rootredcost      :          5          0          0        798
  symmetry         :          0          0          0          0
  vbounds          :     124011          0          0          0
Propagator Timings :  TotalTime  SetupTime   Presolve  Propagate    ResProp    SB-Prop
  dualfix          :       0.00       0.00       0.00       0.00       0.00       0.00
  genvbounds       :       0.03       0.00       0.00       0.02       0.00       0.01
  nlobbt           :       0.00       0.00       0.00       0.00       0.00       0.00
  obbt             :       0.00       0.00       0.00       0.00       0.00       0.00
  probing          :       2.44       0.00       2.44       0.00       0.00       0.00
  pseudoobj        :       0.30       0.00       0.00       0.30       0.00       0.00
  redcost          :       0.78       0.00       0.00       0.77       0.00       0.01
  rootredcost      :       0.04       0.00       0.00       0.03       0.00       0.01
  symmetry         :       0.04       0.00       0.00       0.03       0.00       0.01
  vbounds          :       0.16       0.00       0.00       0.15       0.00       0.01
Symmetry           :
  orbitopal red.   :          0 reductions applied,          0 cutoffs
  orbital reduction:          0 reductions applied,          0 cutoffs
  lexicographic red:          0 reductions applied,          0 cutoffs
  shadow tree time :       0.00 s
Conflict Analysis  :       Time      Calls    Success    DomReds  Conflicts   Literals    Reconvs ReconvLits   Dualrays   Nonzeros   LP Iters   (pool size: [10000,10000])
  propagation      :       1.07       1303       1303          -      29060      172.4         14       48.1          -          -          -
  infeasible LP    :       0.01          2          2          -         39      147.4          0        0.0          1        4.0          0
  bound exceed. LP :       5.52        562        568          -       2402       59.3          1       50.0        476      105.6       4166
  strong branching :       0.00          0          0          -          0        0.0          0        0.0          -          -          0
  pseudo solution  :       0.00          0          0          -          0        0.0          0        0.0          -          -          -
  applied globally :       1.28          -          -        307      12480      129.9          -          -        477          -          -
  applied locally  :          -          -          -          0         16      557.9          -          -          0          -          -
Separators         :   ExecTime  SetupTime      Calls  RootCalls    Cutoffs    DomReds  FoundCuts ViaPoolAdd  DirectAdd    Applied ViaPoolApp  DirectApp      Conss
  cut pool         :       0.82          -       1637         72          -          -      27030     387870          -          -          -          -          -    (maximal pool size:      18100)
  aggregation      :       2.70       0.00        100         36          0          0      23880     309971          0      79177      79177          0          0
  > cmir           :          -          -          -          -          -          -          -     309971          0      79177      79177          0          -
  > flowcover      :          -          -          -          -          -          -          -          0          0          0          0          0          -
  > knapsackcover  :          -          -          -          -          -          -          -          0          0          0          0          0          -
  cgmip            :       0.00       0.00          0          0          0          0          0          0          0          0          0          0          0
  clique           :       0.00       0.00          1          1          0          0          0          0          0          0          0          0          0
  closecuts        :       0.00       0.00          0          0          0          0          0          0          0          0          0          0          0
  convexproj       :       0.00       0.00          0          0          0          0          0          0          0          0          0          0          0
  disjunctive      :       0.00       0.00          0          0          0          0          0          0          0          0          0          0          0
  eccuts           :       0.00       0.00          0          0          0          0          0          0          0          0          0          0          0
  gauge            :       0.00       0.00          0          0          0          0          0          0          0          0          0          0          0
  gomory           :      21.79       0.00         74         10          0          0       3150      77899          0      12487      12487          0          0
  > gomorymi       :          -          -          -          -          -          -          -      77899          0      12487      12487          0          -
  > strongcg       :          -          -          -          -          -          -          -          0          0          0          0          0          -
  impliedbounds    :       0.16       0.00        100         36          0          0          0          0          0          0          0          0          0
  interminor       :       0.00       0.00          0          0          0          0          0          0          0          0          0          0          0
  intobj           :       0.00       0.00          0          0          0          0          0          0          0          0          0          0          0
  lagromory        :       0.00       0.00          0          0          0          0          0          0          0          0          0          0          0
  mcf              :       0.02       0.00          1          1          0          0          0          0          0          0          0          0          0
  minor            :       0.00       0.00         10         10          0          0          0          0          0          0          0          0          0
  mixing           :       0.00       0.00          0          0          0          0          0          0          0          0          0          0          0
  oddcycle         :       0.00       0.00          0          0          0          0          0          0          0          0          0          0          0
  rapidlearning    :       0.00       0.00          0          0          0          0          0          0          0          0          0          0          0
  rlt              :       0.00       0.00         10         10          0          0          0          0          0          0          0          0          0
  zerohalf         :       0.41       0.00         84         20          0          0          0          0          0          0          0          0          0
Cutselectors       :   ExecTime  SetupTime      Calls  RootCalls   Selected     Forced   Filtered  RootSelec   RootForc   RootFilt 
  hybrid           :       1.21       0.00       1538         37     122786          0     351442       4618          0      27187
  ensemble         :       0.00       0.00          0          0          0          0          0          0          0          0
  dynamic          :       0.00       0.00          0          0          0          0          0          0          0          0
Pricers            :   ExecTime  SetupTime      Calls       Vars
  problem variables:       0.00          -          0          0
Branching Rules    :   ExecTime  SetupTime   BranchLP  BranchExt   BranchPS    Cutoffs    DomReds       Cuts      Conss   Children
  allfullstrong    :       0.00       0.00          0          0          0          0          0          0          0          0
  cloud            :       0.00       0.00          0          0          0          0          0          0          0          0
  distribution     :       0.00       0.00          0          0          0          0          0          0          0          0
  fullstrong       :       0.00       0.00          0          0          0          0          0          0          0          0
  gomory           :       0.00       0.00          0          0          0          0          0          0          0          0
  inference        :       0.00       0.00          0          0          0          0          0          0          0          0
  leastinf         :       0.00       0.00          0          0          0          0          0          0          0          0
  lookahead        :       0.00       0.00          0          0          0          0          0          0          0          0
  mostinf          :       0.00       0.00          0          0          0          0          0          0          0          0
  multaggr         :       0.00       0.00          0          0          0          0          0          0          0          0
  nodereopt        :       0.00       0.00          0          0          0          0          0          0          0          0
  pscost           :       0.00       0.00          0          0          0          0          0          0          0          0
  random           :       0.00       0.00          0          0          0          0          0          0          0          0
  relpscost        :    2276.12       0.00       5771          0          0          0        353          0       1177      11380
  vanillafullstrong:       0.00       0.00          0          0          0          0          0          0          0          0
Primal Heuristics  :   ExecTime  SetupTime      Calls      Found       Best
  LP solutions     :       0.00          -          -          0          0
  relax solutions  :       0.00          -          -          0          0
  pseudo solutions :       0.00          -          -          0          0
  strong branching :       0.02          -          -          0          0
  actconsdiving    :       0.00       0.00          0          0          0
  adaptivediving   :     101.33       0.00         12          0          0
  alns             :       2.64       0.00          6          0          0
  bound            :       0.00       0.00          0          0          0
  clique           :       0.00       0.00          0          0          0
  coefdiving       :       0.00       0.00          0          0          0
  completesol      :       0.00       0.00          0          0          0
  conflictdiving   :     135.37       0.00         21          0          0
  crossover        :       1.82       0.00          4          0          0
  dins             :       0.00       0.00          0          0          0
  distributiondivin:     556.58       0.00         18          0          0
  dps              :       0.00       0.00          0          0          0
  dualval          :       0.00       0.00          0          0          0
  farkasdiving     :       0.00       0.00          0          0          0
  feaspump         :      24.76       0.00          2          2          1
  fixandinfer      :       0.00       0.00          0          0          0
  fracdiving       :     159.98       0.00         21          0          0
  gins             :       0.18       0.00          0          0          0
  guideddiving     :     248.66       0.00         21          0          0
  indicator        :       0.01       0.00          0          0          0
  indicatordiving  :       0.00       0.00          0          0          0
  intdiving        :       0.00       0.00          0          0          0
  intshifting      :      99.49       0.00         19          0          0
  linesearchdiving :     210.76       0.00         21          0          0
  localbranching   :       0.00       0.00          0          0          0
  locks            :       0.42       0.00          1          1          1
  lpface           :       0.01       0.00          0          0          0
  mpec             :       0.00       0.00          0          0          0
  multistart       :       0.00       0.00          0          0          0
  mutation         :       0.00       0.00          0          0          0
  nlpdiving        :       0.00       0.00          0          0          0
  objpscostdiving  :    1128.92       0.00         11         10          0
  octane           :       0.00       0.00          0          0          0
  ofins            :       0.00       0.00          0          0          0
  oneopt           :       0.06       0.00          6          0          0
  padm             :       0.00       0.00          0          0          0
  proximity        :       0.00       0.00          0          0          0
  pscostdiving     :     122.43       0.00         22          2          2
  randrounding     :       3.75       0.00        999          0          0
  rens             :       0.00       0.00          0          0          0
  reoptsols        :       0.00       0.00          0          0          0
  repair           :       0.00       0.00          0          0          0
  rins             :      17.49       0.00          8          8          2
  rootsoldiving    :      43.52       0.00         11         11          0
  rounding         :       8.32       0.00       1156          0          0
  scheduler        :       0.00       0.00          0          0          0
  shiftandpropagate:       0.00       0.00          0          0          0
  shifting         :     100.17       0.00        631          0          0
  simplerounding   :       0.01       0.00          0          0          0
  subnlp           :       0.01       0.00          0          0          0
  trivial          :       0.01       0.00          2          0          0
  trivialnegation  :       0.00       0.00          0          0          0
  trustregion      :       0.00       0.00          0          0          0
  trysol           :       0.00       0.00          0          0          0
  twoopt           :       0.00       0.00          0          0          0
  undercover       :       0.00       0.00          0          0          0
  vbounds          :       0.25       0.00          1          0          0
  veclendiving     :     320.31       0.00         21          0          0
  zeroobj          :       0.00       0.00          0          0          0
  zirounding       :       8.59       0.00       1000          0          0
  other solutions  :          -          -          -          0          -
LNS (Scheduler)    :      Calls  SetupTime  SolveTime SolveNodes       Sols       Best       Exp3    Exp3-IX  EpsGreedy        UCB TgtFixRate  Opt  Inf Node Stal  Sol  Usr Othr Actv
  rens             :          0       0.00       0.00          0          0          0    0.00000    0.12500   -1.00000    1.00000      0.900    0    0    0    0    0    0    0    1
  rins             :          0       0.00       0.00          0          0          0    0.00000    0.12500   -1.00000    1.00000      0.900    0    0    0    0    0    0    0    1
  mutation         :          0       0.00       0.00          0          0          0    0.00000    0.12500   -1.00000    1.00000      0.900    0    0    0    0    0    0    0    1
  localbranching   :          0       0.00       0.00          0          0          0    0.00000    0.12500   -1.00000    1.00000      0.900    0    0    0    0    0    0    0    1
  crossover        :          0       0.00       0.00          0          0          0    0.00000    0.12500   -1.00000    1.00000      0.900    0    0    0    0    0    0    0    1
  proximity        :          0       0.00       0.00          0          0          0    0.00000    0.12500   -1.00000    1.00000      0.900    0    0    0    0    0    0    0    1
  zeroobjective    :          0       0.00       0.00          0          0          0    0.00000    0.12500   -1.00000    1.00000      0.900    0    0    0    0    0    0    0    1
  dins             :          0       0.00       0.00          0          0          0    0.00000    0.12500   -1.00000    1.00000      0.900    0    0    0    0    0    0    0    1
  trustregion      :          0       0.00       0.00          0          0          0    0.00000    0.00000   -1.00000    1.00000      0.900    0    0    0    0    0    0    0    0
LP                 :       Time      Calls Iterations  Iter/call   Iter/sec  Time-0-It Calls-0-It    ItLimit
  primal LP        :       3.86        638          0       0.00       0.00       3.86        638
  dual LP          :    8666.92       8212    6423620     834.13     741.17       3.14        511
  lex dual LP      :       0.00          0          0       0.00          -
  barrier LP       :       0.00          0          0       0.00          -       0.00          0
  resolve instable :       0.00          0          0       0.00          -
  diving/probing LP:    3083.27       7676    1709095     222.65     554.31
  strong branching :    2181.13       3403    1403413     412.40     643.43          -          -       2293
    (at root node) :          -         82      62618     763.63          -
  conflict analysis:       4.03        418       4166       9.97    1034.81
B&B Tree           :
  number of runs   :          1
  nodes            :       7512 (5690 internal, 1822 leaves)
  feasible leaves  :          0
  infeas. leaves   :        968
  objective leaves :        853
  nodes (total)    :       7512 (5690 internal, 1822 leaves)
  nodes left       :       3758
  max depth        :        180
  max depth (total):        180
  backtracks       :        467 (6.2%)
  early backtracks :          0 (0.0%)
  nodes exc. ref.  :          0 (0.0%)
  delayed cutoffs  :         61
  repropagations   :       1530 (25332 domain reductions, 8 cutoffs)
  avg switch length:       5.03
  switching time   :      13.18
Root Node          :
  First LP value   : +9.72490123150990e+05
  First LP Iters   :      16448 (427.32 Iter/sec)
  First LP Time    :      38.49
  Final Dual Bound : +9.76063783160977e+05
  Final Root Iters :      62169
  Root LP Estimate : +9.95984932679384e+05
Solution           :
  Solutions found  :         34 (6 improvements)
  First Solution   : +1.00246610000000e+06   (in run 1, after 1 nodes, 4.08 seconds, depth 601, found by <locks>)
  Gap First Sol.   :   infinite
  Gap Last Sol.    :       2.22 %
  Primal Bound     : +9.98009077400001e+05   (in run 1, after 407 nodes, 2194.40 seconds, depth 129, found by <rins>)
  Dual Bound       : +9.78126774231814e+05
  Gap              :       2.03 %
Integrals          :      Total       Avg%
  primal-dual      :   34252.68       2.38
  primal-ref       :          -          - (not evaluated)
  dual-ref         :          -          - (not evaluated)

 Branching Statistics...

 Total number of propagations -> 0

 Number of cutoffs of KnaCons -> 0

 Total number of variables fixed to 1 by the propagator -> 0

 Total number of variables fixed to 0 by the propagator -> 0

 Maximum number of rounds of the approximation algorithm -> 0

 Runtime of the exact algorithm -> 0.0000 s

 Total number of variables fixed to 1 in the exact algorithm -> 0

 Total number of variables fixed to 0 in the exact algorithm -> 0

 Number of cutoffs in the exact algorithm -> 0

 Number of cutoffs in the approximation algorithm -> 0

 PS:  
