***************************************
*         SCIP-based CCP Solver       *
*                                     *
*    Wei Lv and Wei-Kun Chen (2024)   *
***************************************
/beegfs/home/30150120/SCIP-CCP/build/ccp -f data/CCMPPData/150-3000-1.ccmpp -s settings/CCMPPSetting/BASE+sDI2.set 
SCIP version 9.1.0 [precision: 8 byte] [memory: block] [mode: optimized] [LP solver: Soplex 7.1.0] [GitHash: 8cab0278ba]
Copyright (c) 2002-2024 Zuse Institute Berlin (ZIB)

External libraries: 
  Soplex 7.1.0         Linear Programming Solver developed at Zuse Institute Berlin (soplex.zib.de) [GitHash: 595bfac9]
  CppAD 20180000.0     Algorithmic Differentiation of C++ algorithms developed by B. Bell (github.com/coin-or/CppAD)
  ZLIB 1.2.7           General purpose compression library by J. Gailly and M. Adler (zlib.net)
  GMP 6.2.1            GNU Multiple Precision Arithmetic Library developed by T. Granlund (gmplib.org)
  AMPL/MP 690e9e7      AMPL .nl file reader library (github.com/ampl/mp)
  PaPILO 2.3.0         parallel presolve for integer and linear optimization (github.com/scipopt/papilo) (built with TBB) [GitHash: 4b8ce6ed]
  Nauty 2.8.8          Computing Graph Automorphism Groups by Brendan D. McKay (users.cecs.anu.edu.au/~bdm/nauty)
  sassy 1.1            Symmetry preprocessor by Markus Anders (github.com/markusa4/sassy)

reading user parameter file <settings/CCMPPSetting/BASE+sDI2.set>

read problem <data/CCMPPData/150-3000-1.ccmpp>
============

File name: 	data/CCMPPData/150-3000-1.ccmpp
Problem name:	CCMPPData/150-3000-1
Dimension: 	150
NumScenario: 	3000
ConfidenceParameter: 	0.20
IsEqualProbability: 	1
BASE+DI: 	1
BASE+sDI: 	1
BASE+DB: 	0
BASE+DB+OPF: 	0
Dominance and Aggregation Statistics......
NumEdge:        0
NumBiEdge: 	0
NumDomIneqs: 	0
DominanceRatio: 0.0000
NumAggScenario: 3000 
BasicNumScenario: 3000 
Dominance Inequalities Statistics......
NumBasicDomIneqs: 0
NumNonReDomIneqs: 0
Duration: 0.3700 s 

original problem has 3750 variables (3000 bin, 0 int, 0 impl, 750 cont) and 90602 constraints

solve problem
=============

presolving:
(round 1, fast)       4 del vars, 593 del conss, 0 add conss, 150 chg bounds, 0 chg sides, 0 chg coeffs, 0 upgd conss, 0 impls, 0 clqs
   (0.3s) running MILP presolver
   (0.5s) MILP presolver (3 rounds): 152 aggregations, 2 fixings, 73 bound changes
(round 2, medium)     158 del vars, 593 del conss, 0 add conss, 223 chg bounds, 0 chg sides, 0 chg coeffs, 0 upgd conss, 0 impls, 0 clqs
(round 3, fast)       158 del vars, 745 del conss, 0 add conss, 223 chg bounds, 0 chg sides, 0 chg coeffs, 0 upgd conss, 0 impls, 0 clqs
(round 4, exhaustive) 158 del vars, 745 del conss, 0 add conss, 223 chg bounds, 0 chg sides, 0 chg coeffs, 89412 upgd conss, 0 impls, 0 clqs
   (3.4s) probing: 1000/3000 (33.3%) - 0 fixings, 0 aggregations, 7396 implications, 0 bound changes
   (3.4s) probing: 1001/3000 (33.4%) - 0 fixings, 0 aggregations, 7403 implications, 0 bound changes
   (3.4s) probing aborted: 1000/1000 successive useless probings
   (3.6s) symmetry computation started: requiring (bin +, int +, cont +), (fixed: bin -, int -, cont -)
   Symmetry detection interrupted: constraints of type chancecons do not provide symmetry information.
   If symmetries shall be detected, implement the CONSGETPERMSYMGRAPH callback.
   (3.6s) could not compute symmetry
presolving (5 rounds: 5 fast, 3 medium, 2 exhaustive):
 158 deleted vars, 745 deleted constraints, 0 added constraints, 223 tightened bounds, 0 added holes, 0 changed sides, 0 changed coefficients
 96814 implications, 0 cliques
presolved problem has 3592 variables (3000 bin, 0 int, 0 impl, 592 cont) and 89857 constraints
      1 constraints of type <chancecons>
  89411 constraints of type <varbound>
      1 constraints of type <knapsack>
    444 constraints of type <linear>
Presolving Time: 3.44

 time | node  | left  |LP iter|LP it/n|mem/heur|mdpt |vars |cons |rows |cuts |sepa|confs|strbr|  dualbound   | primalbound  |  gap   | compl. 
p 3.9s|     1 |     0 |   285 |     - |   locks|   0 |3592 |  89k|  89k|   0 |  0 |   0 |   0 | 0.000000e+00 | 9.630462e+05 |    Inf | unknown
 37.5s|     1 |     0 | 17007 |     - |   488M |   0 |3592 |  89k|  89k|   0 |  0 |   0 |   0 | 9.355417e+05 | 9.630462e+05 |   2.94%| unknown
 39.7s|     1 |     0 | 17600 |     - |   500M |   0 |3592 |  89k|  89k| 103 |  1 |   0 |   0 | 9.358451e+05 | 9.630462e+05 |   2.91%| unknown
 41.7s|     1 |     0 | 18049 |     - |   509M |   0 |3592 |  89k|  90k| 205 |  2 |   0 |   0 | 9.359928e+05 | 9.630462e+05 |   2.89%| unknown
 43.7s|     1 |     0 | 18491 |     - |   519M |   0 |3592 |  89k|  90k| 307 |  3 |   0 |   0 | 9.361349e+05 | 9.630462e+05 |   2.87%| unknown
 45.5s|     1 |     0 | 18826 |     - |   528M |   0 |3592 |  89k|  90k| 413 |  4 |   0 |   0 | 9.362175e+05 | 9.630462e+05 |   2.87%| unknown
 47.8s|     1 |     0 | 19368 |     - |   538M |   0 |3592 |  89k|  90k| 513 |  5 |   0 |   0 | 9.363614e+05 | 9.630462e+05 |   2.85%| unknown
 50.1s|     1 |     0 | 19984 |     - |   548M |   0 |3592 |  89k|  90k| 638 |  6 |   0 |   0 | 9.364591e+05 | 9.630462e+05 |   2.84%| unknown
 52.6s|     1 |     0 | 20687 |     - |   559M |   0 |3592 |  89k|  90k| 744 |  7 |   0 |   0 | 9.365750e+05 | 9.630462e+05 |   2.83%| unknown
 55.0s|     1 |     0 | 21274 |     - |   569M |   0 |3592 |  89k|  90k| 853 |  8 |   0 |   0 | 9.366390e+05 | 9.630462e+05 |   2.82%| unknown
 57.7s|     1 |     0 | 22120 |     - |   578M |   0 |3592 |  89k|  90k| 967 |  9 |   0 |   0 | 9.367428e+05 | 9.630462e+05 |   2.81%| unknown
 60.7s|     1 |     0 | 23065 |     - |   588M |   0 |3592 |  89k|  90k|1117 | 10 |   0 |   0 | 9.368191e+05 | 9.630462e+05 |   2.80%| unknown
 62.6s|     1 |     0 | 23922 |     - |   598M |   0 |3592 |  89k|  91k|1249 | 11 |   0 |   0 | 9.369129e+05 | 9.630462e+05 |   2.79%| unknown
 64.5s|     1 |     0 | 24798 |     - |   608M |   0 |3592 |  89k|  91k|1357 | 12 |   0 |   0 | 9.369880e+05 | 9.630462e+05 |   2.78%| unknown
 66.5s|     1 |     0 | 25745 |     - |   617M |   0 |3592 |  89k|  91k|1454 | 13 |   0 |   0 | 9.370621e+05 | 9.630462e+05 |   2.77%| unknown
 time | node  | left  |LP iter|LP it/n|mem/heur|mdpt |vars |cons |rows |cuts |sepa|confs|strbr|  dualbound   | primalbound  |  gap   | compl. 
 68.5s|     1 |     0 | 26619 |     - |   628M |   0 |3592 |  89k|  91k|1584 | 14 |   0 |   0 | 9.371293e+05 | 9.630462e+05 |   2.77%| unknown
 70.6s|     1 |     0 | 27626 |     - |   637M |   0 |3592 |  89k|  91k|1693 | 15 |   0 |   0 | 9.371914e+05 | 9.630462e+05 |   2.76%| unknown
 72.7s|     1 |     0 | 28614 |     - |   647M |   0 |3592 |  89k|  91k|1816 | 16 |   0 |   0 | 9.372802e+05 | 9.630462e+05 |   2.75%| unknown
 74.7s|     1 |     0 | 29473 |     - |   656M |   0 |3592 |  89k|  91k|1939 | 17 |   0 |   0 | 9.373504e+05 | 9.630462e+05 |   2.74%| unknown
 76.6s|     1 |     0 | 30341 |     - |   666M |   0 |3592 |  89k|  91k|2068 | 18 |   0 |   0 | 9.374091e+05 | 9.630462e+05 |   2.73%| unknown
 78.3s|     1 |     0 | 31067 |     - |   676M |   0 |3592 |  89k|  92k|2194 | 19 |   0 |   0 | 9.374549e+05 | 9.630462e+05 |   2.73%| unknown
 81.3s|     1 |     0 | 32526 |     - |   687M |   0 |3592 |  89k|  91k|2303 | 20 |   0 |   0 | 9.375248e+05 | 9.630462e+05 |   2.72%| unknown
 83.8s|     1 |     0 | 33670 |     - |   687M |   0 |3592 |  89k|  92k|2450 | 21 |   0 |   0 | 9.375799e+05 | 9.630462e+05 |   2.72%| unknown
  184s|     1 |     2 | 47033 |     - |   693M |   0 |3592 |  89k|  92k|2450 | 21 |   0 |  68 | 9.376032e+05 | 9.630462e+05 |   2.71%| unknown
d 463s|    30 |    31 | 82516 |1714.2 |pscostdi|  28 |3592 |  89k|  91k|   0 |  1 |   0 | 327 | 9.376503e+05 | 9.630282e+05 |   2.71%| unknown
d 617s|    54 |    55 |164817 |2490.8 |fracdivi|  28 |3592 |  89k|  91k|   0 |  1 |   2 | 366 | 9.377000e+05 | 9.630152e+05 |   2.70%| unknown
d 657s|    57 |    58 |194598 |2889.2 |distribu|  28 |3592 |  89k|  91k|   0 |  1 |   3 | 370 | 9.377193e+05 | 9.630063e+05 |   2.70%| unknown
o 817s|    63 |    64 |271245 |3845.8 |objpscos|  28 |3592 |  89k|  91k|3050 |  1 |   4 | 393 | 9.377478e+05 | 9.628376e+05 |   2.68%| unknown
d 859s|    69 |    70 |302670 |3968.6 |linesear|  28 |3592 |  89k|  91k|   0 |  1 |   5 | 393 | 9.377478e+05 | 9.627942e+05 |   2.67%| unknown
d 885s|    72 |    73 |315194 |3977.3 |guideddi|  28 |3592 |  89k|  91k|   0 |  2 |   5 | 397 | 9.377478e+05 | 9.627312e+05 |   2.66%| unknown
 time | node  | left  |LP iter|LP it/n|mem/heur|mdpt |vars |cons |rows |cuts |sepa|confs|strbr|  dualbound   | primalbound  |  gap   | compl. 
d 975s|    78 |    79 |377022 |4470.4 |pscostdi|  28 |3592 |  89k|  91k|   0 |  1 |   6 | 408 | 9.377478e+05 | 9.626786e+05 |   2.66%| unknown
 1181s|   100 |   101 |506243 |4782.2 |   745M |  28 |3592 |  89k|  91k|4850 |  1 |  16 | 453 | 9.377712e+05 | 9.626786e+05 |   2.66%| unknown
d1263s|   114 |   115 |551713 |4592.1 |pscostdi|  28 |3592 |  89k|  91k|   0 |  1 |  17 | 474 | 9.377712e+05 | 9.626414e+05 |   2.65%| unknown
d1433s|   135 |   136 |639525 |4527.8 |pscostdi|  28 |3592 |  89k|  91k|   0 |  1 |  20 | 512 | 9.377995e+05 | 9.626103e+05 |   2.65%| unknown
d1484s|   144 |   145 |666790 |4433.5 |pscostdi|  28 |3592 |  89k|  91k|   0 |  1 |  21 | 523 | 9.377995e+05 | 9.625784e+05 |   2.64%| unknown
d1583s|   156 |   157 |721428 |4442.7 |pscostdi|  28 |3592 |  89k|  91k|   0 |  1 |  24 | 544 | 9.379064e+05 | 9.625776e+05 |   2.63%| unknown
d1632s|   162 |   163 |748831 |4447.4 |fracdivi|  28 |3592 |  89k|  91k|   0 |  1 |  25 | 548 | 9.379064e+05 | 9.625422e+05 |   2.63%| unknown
d1761s|   171 |   172 |831219 |4696.6 |pscostdi|  28 |3592 |  89k|  91k|   0 |  1 |  54 | 563 | 9.379064e+05 | 9.625416e+05 |   2.63%| unknown
d1785s|   174 |   175 |846571 |4703.9 |pscostdi|  28 |3592 |  89k|  91k|   0 |  1 |  55 | 565 | 9.379064e+05 | 9.625385e+05 |   2.63%| unknown
d1886s|   183 |   184 |899097 |4759.9 |pscostdi|  28 |3592 |  89k|  91k|   0 |  1 |  62 | 575 | 9.379099e+05 | 9.625065e+05 |   2.62%| unknown
d1906s|   186 |   187 |908180 |4731.8 |fracdivi|  28 |3592 |  89k|  91k|   0 |  1 |  64 | 578 | 9.379099e+05 | 9.625023e+05 |   2.62%| unknown
d2052s|   198 |   199 |994001 |4879.2 |fracdivi|  28 |3592 |  89k|  91k|   0 |  1 |  71 | 588 | 9.379099e+05 | 9.624703e+05 |   2.62%| unknown
 2059s|   200 |   201 |997539 |4847.9 |   814M |  28 |3592 |  89k|  91k|  10k|  1 |  71 | 588 | 9.379099e+05 | 9.624703e+05 |   2.62%| unknown
d2220s|   213 |   214 |  1076k|4924.7 |fracdivi|  28 |3592 |  89k|  91k|   0 |  1 |  80 | 626 | 9.379320e+05 | 9.624252e+05 |   2.61%| unknown
d2247s|   216 |   217 |  1096k|4947.5 |pscostdi|  28 |3592 |  89k|  91k|   0 |  1 |  83 | 626 | 9.379320e+05 | 9.624040e+05 |   2.61%| unknown
 time | node  | left  |LP iter|LP it/n|mem/heur|mdpt |vars |cons |rows |cuts |sepa|confs|strbr|  dualbound   | primalbound  |  gap   | compl. 
d2321s|   225 |   226 |  1134k|4919.2 |guideddi|  28 |3592 |  89k|  91k|   0 |  1 |  84 | 639 | 9.379320e+05 | 9.623990e+05 |   2.61%| unknown
d2441s|   240 |   241 |  1212k|4936.1 |pscostdi|  28 |3592 |  89k|  91k|   0 |  1 |  93 | 649 | 9.379320e+05 | 9.623805e+05 |   2.61%| unknown
d2488s|   243 |   244 |  1225k|4928.0 |fracdivi|  28 |3592 |  89k|  91k|   0 |  1 |  93 | 671 | 9.379333e+05 | 9.623532e+05 |   2.60%| unknown
d2638s|   264 |   265 |  1313k|4868.6 |fracdivi|  28 |3592 |  89k|  91k|   0 |  1 | 103 | 678 | 9.379333e+05 | 9.623526e+05 |   2.60%| unknown
d2660s|   267 |   268 |  1323k|4851.1 |fracdivi|  28 |3592 |  89k|  91k|   0 |  1 | 103 | 678 | 9.379333e+05 | 9.623516e+05 |   2.60%| unknown
d2715s|   273 |   274 |  1353k|4855.0 |linesear|  28 |3592 |  89k|  91k|   0 |  1 | 105 | 684 | 9.379570e+05 | 9.622902e+05 |   2.59%| unknown
d2805s|   289 |   290 |  1380k|4678.6 |linesear|  31 |3592 |  89k|  91k|   0 |  1 | 110 | 721 | 9.379570e+05 | 9.622813e+05 |   2.59%| unknown
 2849s|   300 |   301 |  1401k|4578.8 |   844M |  31 |3592 |  89k|  91k|  12k|  1 | 181 | 721 | 9.379570e+05 | 9.622813e+05 |   2.59%| unknown
d2916s|   309 |   310 |  1431k|4541.4 |linesear|  31 |3592 |  89k|  91k|   0 |  1 | 194 | 741 | 9.379570e+05 | 9.622806e+05 |   2.59%| unknown
d2943s|   317 |   318 |  1445k|4469.2 |linesear|  31 |3592 |  89k|  91k|   0 |  1 | 198 | 741 | 9.379570e+05 | 9.622766e+05 |   2.59%| unknown
L2959s|   354 |   350 |  1456k|4032.3 |    alns|  60 |3592 |  89k|  92k|  13k|  2 | 203 | 741 | 9.379570e+05 | 9.620334e+05 |   2.57%| unknown
 2961s|   400 |   364 |  1456k|3568.8 |   858M |  87 |3592 |  89k|  92k|  13k|  0 | 203 | 741 | 9.379570e+05 | 9.620334e+05 |   2.57%| unknown
 3105s|   500 |   448 |  1523k|2986.4 |   866M | 133 |3592 |  89k|  92k|  14k|  1 | 203 | 790 | 9.380123e+05 | 9.620334e+05 |   2.56%| unknown
L3120s|   554 |   365 |  1527k|2702.5 |    rins| 155 |3592 |  89k|  92k|  14k|  1 | 203 | 790 | 9.380123e+05 | 9.612675e+05 |   2.48%| unknown
 3121s|   600 |   387 |  1528k|2497.7 |   868M | 155 |3592 |  89k|  92k|  14k|  1 | 203 | 790 | 9.380123e+05 | 9.612675e+05 |   2.48%| unknown
 time | node  | left  |LP iter|LP it/n|mem/heur|mdpt |vars |cons |rows |cuts |sepa|confs|strbr|  dualbound   | primalbound  |  gap   | compl. 
 3132s|   700 |   449 |  1548k|2168.4 |   869M | 155 |3592 |  89k|  92k|  15k|  1 | 205 | 790 | 9.380123e+05 | 9.612675e+05 |   2.48%| unknown
L3149s|   754 |   364 |  1577k|2051.8 |    rins| 155 |3592 |  89k|  92k|  15k|  1 | 208 | 790 | 9.380123e+05 | 9.608775e+05 |   2.44%| unknown
 3151s|   800 |   382 |  1580k|1936.6 |   871M | 155 |3592 |  89k|  92k|  15k|  1 | 208 | 790 | 9.380123e+05 | 9.608775e+05 |   2.44%| unknown
 3188s|   900 |   426 |  1609k|1753.6 |   872M | 155 |3592 |  89k|  92k|  16k|  1 | 208 | 790 | 9.380123e+05 | 9.608775e+05 |   2.44%| unknown
 3532s|  1000 |   476 |  1792k|1761.8 |   883M | 155 |3592 |  89k|  92k|  18k|  0 | 244 | 953 | 9.383577e+05 | 9.608775e+05 |   2.40%| unknown
 3855s|  1100 |   536 |  2016k|1805.1 |   904M | 155 |3592 |  89k|  92k|  19k|  0 | 249 |1055 | 9.386177e+05 | 9.608775e+05 |   2.37%| unknown
 4350s|  1200 |   595 |  2297k|1889.2 |   955M | 155 |3592 |  89k|  92k|  21k|  0 | 251 |1208 | 9.388132e+05 | 9.608775e+05 |   2.35%| unknown
 4683s|  1300 |   645 |  2516k|1912.2 |   975M | 155 |3592 |  89k|  91k|  23k|  1 | 288 |1353 | 9.389589e+05 | 9.608775e+05 |   2.33%| unknown
 4712s|  1400 |   701 |  2549k|1798.7 |   977M | 155 |3592 |  89k|  92k|  23k|  1 | 308 |1353 | 9.389589e+05 | 9.608775e+05 |   2.33%| unknown
 4884s|  1500 |   682 |  2627k|1730.8 |   993M | 155 |3592 |  89k|  91k|  25k|  1 | 420 |1492 | 9.389832e+05 | 9.608775e+05 |   2.33%| unknown
 4960s|  1600 |   740 |  2676k|1653.1 |   996M | 155 |3592 |  89k|  91k|  26k|  1 | 441 |1503 | 9.390330e+05 | 9.608775e+05 |   2.33%| unknown
 5047s|  1700 |   766 |  2722k|1583.3 |  1001M | 155 |3592 |  89k|  92k|  26k|  0 | 444 |1549 | 9.390336e+05 | 9.608775e+05 |   2.33%| unknown
 5180s|  1800 |   774 |  2761k|1516.8 |  1005M | 155 |3592 |  89k|  92k|  26k|  1 | 513 |1570 | 9.390378e+05 | 9.608775e+05 |   2.33%| unknown
 5318s|  1900 |   789 |  2848k|1482.5 |  1015M | 155 |3592 |  90k|  92k|  28k|  1 | 660 |1609 | 9.390686e+05 | 9.608775e+05 |   2.32%| unknown
d5410s|  1906 |   795 |  2891k|1500.5 |guideddi| 155 |3592 |  90k|  92k|   0 | 10 | 661 |1638 | 9.390686e+05 | 9.608425e+05 |   2.32%| unknown
 time | node  | left  |LP iter|LP it/n|mem/heur|mdpt |vars |cons |rows |cuts |sepa|confs|strbr|  dualbound   | primalbound  |  gap   | compl. 
 5510s|  2000 |   841 |  2953k|1460.9 |  1070M | 155 |3592 |  90k|  92k|  29k|  1 |1192 |1878 | 9.390755e+05 | 9.608425e+05 |   2.32%| unknown
 5572s|  2100 |   881 |  3009k|1418.4 |  1082M | 155 |3592 |  90k|  92k|  30k|  1 |1197 |1883 | 9.390814e+05 | 9.608425e+05 |   2.32%| unknown
L5575s|  2129 |   849 |  3012k|1400.4 |    rins| 155 |3592 |  90k|  93k|  30k|  2 |1197 |1883 | 9.390814e+05 | 9.605640e+05 |   2.29%| unknown
 5586s|  2200 |   868 |  3028k|1362.5 |  1083M | 155 |3592 |  90k|  92k|  31k|  0 |1197 |1883 | 9.390814e+05 | 9.605640e+05 |   2.29%| unknown
 5621s|  2300 |   894 |  3073k|1322.6 |  1084M | 155 |3592 |  90k|  93k|  31k|  0 |1199 |1883 | 9.390814e+05 | 9.605640e+05 |   2.29%| unknown
 5662s|  2400 |   936 |  3123k|1288.4 |  1087M | 155 |3592 |  90k|  93k|  32k|  1 |1202 |1883 | 9.390814e+05 | 9.605640e+05 |   2.29%| unknown
 5982s|  2500 |  1000 |  3229k|1279.2 |  1095M | 155 |3592 |  90k|  92k|  32k|  1 |1266 |1951 | 9.391325e+05 | 9.605640e+05 |   2.28%| unknown
 6171s|  2600 |  1052 |  3331k|1269.1 |  1133M | 156 |3592 |  90k|  92k|  34k|  1 |1303 |2041 | 9.392672e+05 | 9.605640e+05 |   2.27%| unknown
 6311s|  2700 |  1094 |  3426k|1257.4 |  1182M | 160 |3592 |  91k|  93k|  35k|  1 |3237 |2052 | 9.392915e+05 | 9.605640e+05 |   2.26%| unknown
 6544s|  2800 |  1142 |  3535k|1251.4 |  1201M | 160 |3592 |  90k|  93k|  36k|  1 |3259 |2118 | 9.393190e+05 | 9.605640e+05 |   2.26%| unknown
 6603s|  2900 |  1154 |  3583k|1224.8 |  1204M | 160 |3592 |  90k|  93k|  37k|  2 |3263 |2155 | 9.393317e+05 | 9.605640e+05 |   2.26%| unknown
 6710s|  3000 |  1198 |  3645k|1204.5 |  1220M | 160 |3592 |  90k|  93k|  38k|  1 |3268 |2213 | 9.393575e+05 | 9.605640e+05 |   2.26%| unknown
 6771s|  3100 |  1220 |  3684k|1178.2 |  1224M | 160 |3592 |  90k|  93k|  38k|  0 |3323 |2310 | 9.393820e+05 | 9.605640e+05 |   2.25%| unknown
 7205s|  3200 |  1266 |  3821k|1184.4 |  1278M | 160 |3592 |  90k|  93k|  40k|  0 |3369 |2447 | 9.394323e+05 | 9.605640e+05 |   2.25%| unknown
 7294s|  3300 |  1273 |  3897k|1171.4 |  1286M | 160 |3592 |  90k|  92k|  41k|  1 |3632 |2509 | 9.394360e+05 | 9.605640e+05 |   2.25%| unknown
 time | node  | left  |LP iter|LP it/n|mem/heur|mdpt |vars |cons |rows |cuts |sepa|confs|strbr|  dualbound   | primalbound  |  gap   | compl. 
 7368s|  3400 |  1317 |  3968k|1158.0 |  1288M | 160 |3592 |  90k|  93k|  41k|  2 |3854 |2510 | 9.394459e+05 | 9.605640e+05 |   2.25%| unknown
 7502s|  3500 |  1361 |  4069k|1153.8 |  1293M | 160 |3592 |  90k|  93k|  42k|  1 |3984 |2551 | 9.394541e+05 | 9.605640e+05 |   2.25%| unknown
 7677s|  3600 |  1400 |  4143k|1142.3 |  1348M | 164 |3592 |  90k|  93k|  43k|  0 |4135 |2670 | 9.394838e+05 | 9.605640e+05 |   2.24%| unknown
 7827s|  3700 |  1402 |  4227k|1134.0 |  1364M | 164 |3592 |  90k|  92k|  44k|  1 |4437 |2753 | 9.395070e+05 | 9.605640e+05 |   2.24%| unknown
 7925s|  3800 |  1407 |  4285k|1119.5 |  1372M | 164 |3592 |  90k|  93k|  45k|  0 |4633 |2809 | 9.395122e+05 | 9.605640e+05 |   2.24%| unknown
 8107s|  3900 |  1452 |  4380k|1115.1 |  1379M | 164 |3592 |  90k|   0 |  46k|  0 |4799 |2843 | 9.395550e+05 | 9.605640e+05 |   2.24%| unknown
 8202s|  4000 |  1487 |  4446k|1103.7 |  1385M | 164 |3592 |  90k|  93k|  47k|  1 |4959 |2892 | 9.395742e+05 | 9.605640e+05 |   2.23%| unknown
 8328s|  4100 |  1514 |  4526k|1096.2 |  1392M | 164 |3592 |  90k|  93k|  47k|  0 |5203 |2937 | 9.395992e+05 | 9.605640e+05 |   2.23%| unknown
 8650s|  4200 |  1507 |  4726k|1117.9 |  1411M | 164 |3592 |  90k|  92k|  48k|  1 |5281 |2972 | 9.396364e+05 | 9.605640e+05 |   2.23%| unknown
 9096s|  4300 |  1574 |  4984k|1151.8 |  1440M | 164 |3592 |  90k|  92k|  50k|  1 |5317 |3031 | 9.397491e+05 | 9.605640e+05 |   2.21%| unknown
 9243s|  4400 |  1620 |  5096k|1151.1 |  1445M | 164 |3592 |  91k|  93k|  51k|  1 |6604 |3031 | 9.398355e+05 | 9.605640e+05 |   2.21%| unknown
 9284s|  4500 |  1634 |  5148k|1137.0 |  1445M | 164 |3592 |  91k|  93k|  51k|  0 |6604 |3031 | 9.398355e+05 | 9.605640e+05 |   2.21%| unknown
 9317s|  4600 |  1646 |  5188k|1121.0 |  1445M | 164 |3592 |  91k|  93k|  52k|  1 |6604 |3031 | 9.398355e+05 | 9.605640e+05 |   2.21%| unknown
 9342s|  4700 |  1660 |  5222k|1104.5 |  1445M | 164 |3592 |  91k|  93k|  52k|  0 |6604 |3031 | 9.398355e+05 | 9.605640e+05 |   2.21%| unknown
 9615s|  4800 |  1696 |  5316k|1101.0 |  1448M | 164 |3592 |  90k|  93k|  53k|  0 |6604 |3109 | 9.398421e+05 | 9.605640e+05 |   2.20%| unknown
 time | node  | left  |LP iter|LP it/n|mem/heur|mdpt |vars |cons |rows |cuts |sepa|confs|strbr|  dualbound   | primalbound  |  gap   | compl. 
 9650s|  4900 |  1712 |  5363k|1088.2 |  1449M | 164 |3592 |  90k|  93k|  53k|  1 |6635 |3109 | 9.398421e+05 | 9.605640e+05 |   2.20%| unknown
 9722s|  5000 |  1734 |  5429k|1079.6 |  1452M | 164 |3592 |  90k|  93k|  54k|  1 |6636 |3109 | 9.398433e+05 | 9.605640e+05 |   2.20%| unknown
 9760s|  5100 |  1752 |  5480k|1068.3 |  1453M | 164 |3592 |  90k|  93k|  55k|  1 |6636 |3109 | 9.398433e+05 | 9.605640e+05 |   2.20%| unknown
 9841s|  5200 |  1776 |  5562k|1063.6 |  1456M | 164 |3592 |  90k|   0 |  56k|  0 |6694 |3109 | 9.398493e+05 | 9.605640e+05 |   2.20%| unknown
 9936s|  5300 |  1784 |  5668k|1063.6 |  1458M | 164 |3592 |  90k|  93k|  56k|  0 |6827 |3109 | 9.398510e+05 | 9.605640e+05 |   2.20%| unknown
  168m|  5400 |  1830 |  5773k|1063.2 |  1464M | 164 |3592 |  90k|  93k|  57k|  1 |6866 |3109 | 9.398594e+05 | 9.605640e+05 |   2.20%| unknown
  169m|  5500 |  1850 |  5823k|1053.1 |  1467M | 164 |3592 |  90k|  93k|  58k|  1 |6954 |3133 | 9.398629e+05 | 9.605640e+05 |   2.20%| unknown
d 172m|  5537 |  1690 |  5884k|1057.1 |pscostdi| 164 |3592 |  90k|  93k|   0 |  6 |6991 |3241 | 9.398674e+05 | 9.595899e+05 |   2.10%| unknown
  172m|  5600 |  1701 |  5915k|1050.7 |  1500M | 164 |3592 |  90k|  93k|  59k|  0 |6991 |3241 | 9.398674e+05 | 9.595899e+05 |   2.10%| unknown
  174m|  5700 |  1741 |  5993k|1046.0 |  1501M | 164 |3592 |  90k|  93k|  60k|  2 |6993 |3241 | 9.398738e+05 | 9.595899e+05 |   2.10%| unknown
  179m|  5800 |  1793 |  6117k|1049.2 |  1532M | 164 |3592 |  90k|  93k|  62k|  1 |7011 |3314 | 9.398940e+05 | 9.595899e+05 |   2.10%| unknown
  179m|  5900 |  1803 |  6148k|1036.8 |  1532M | 164 |3592 |  90k|  93k|  62k|  0 |7011 |3314 | 9.398940e+05 | 9.595899e+05 |   2.10%| unknown
  182m|  6000 |  1849 |  6274k|1040.5 |  1535M | 164 |3592 |  90k|  93k|  63k|  1 |7054 |3346 | 9.399047e+05 | 9.595899e+05 |   2.09%| unknown
  182m|  6100 |  1863 |  6308k|1029.0 |  1535M | 164 |3592 |  90k|  93k|  64k|  0 |7054 |3346 | 9.399047e+05 | 9.595899e+05 |   2.09%| unknown
  185m|  6200 |  1889 |  6377k|1023.4 |  1538M | 164 |3592 |  90k|  93k|  65k|  1 |7054 |3346 | 9.399047e+05 | 9.595899e+05 |   2.09%| unknown
 time | node  | left  |LP iter|LP it/n|mem/heur|mdpt |vars |cons |rows |cuts |sepa|confs|strbr|  dualbound   | primalbound  |  gap   | compl. 
  188m|  6300 |  1927 |  6454k|1019.6 |  1571M | 164 |3592 |  90k|   0 |  66k|  0 |7058 |3451 | 9.399219e+05 | 9.595899e+05 |   2.09%| unknown
  190m|  6400 |  1947 |  6510k|1012.3 |  1576M | 164 |3592 |  90k|  93k|  67k|  1 |7120 |3464 | 9.399224e+05 | 9.595899e+05 |   2.09%| unknown
L 190m|  6414 |  1847 |  6516k|1011.0 |    rins| 164 |3592 |  90k|  93k|  67k|  1 |7155 |3464 | 9.399224e+05 | 9.589157e+05 |   2.02%| unknown
  191m|  6500 |  1873 |  6578k|1007.3 |  1579M | 164 |3592 |  90k|  93k|  68k|  1 |7156 |3476 | 9.399224e+05 | 9.589157e+05 |   2.02%| unknown
  193m|  6600 |  1895 |  6700k|1010.3 |  1581M | 164 |3592 |  90k|  93k|  68k|  1 |7177 |3476 | 9.399224e+05 | 9.589157e+05 |   2.02%| unknown
  197m|  6700 |  1919 |  6827k|1014.3 |  1612M | 164 |3592 |  90k|  93k|  70k|  0 |7275 |3519 | 9.399439e+05 | 9.589157e+05 |   2.02%| unknown
  198m|  6800 |  1929 |  6868k|1005.3 |  1616M | 164 |3592 |  90k|  92k|  71k|  1 |7517 |3604 | 9.399795e+05 | 9.589157e+05 |   2.01%| unknown
L 199m|  6870 |  1878 |  6942k|1005.9 |    alns| 164 |3592 |  90k|   0 |  71k|  0 |7647 |3624 | 9.399795e+05 | 9.586717e+05 |   1.99%| unknown
L 199m|  6870 |  1870 |  6942k|1005.9 |    alns| 164 |3592 |  90k|   0 |  71k|  0 |7647 |3624 | 9.399795e+05 | 9.585995e+05 |   1.98%| unknown
  203m|  6900 |  1900 |  6983k|1007.6 |  1640M | 164 |3592 |  90k|  93k|  72k|  1 |7647 |3778 | 9.399921e+05 | 9.585995e+05 |   1.98%| unknown
  204m|  7000 |  1936 |  7040k|1001.2 |  1641M | 164 |3592 |  90k|  93k|  73k|  1 |7658 |3778 | 9.399921e+05 | 9.585995e+05 |   1.98%| unknown
  205m|  7100 |  1988 |  7132k|1000.2 |  1643M | 164 |3592 |  90k|  94k|  74k|  1 |7669 |3778 | 9.399921e+05 | 9.585995e+05 |   1.98%| unknown
  207m|  7200 |  2003 |  7245k|1001.9 |  1652M | 164 |3592 |  90k|  94k|  74k|  0 |7878 |3862 | 9.400317e+05 | 9.585995e+05 |   1.98%| unknown
  212m|  7300 |  2047 |  7393k|1008.4 |  1688M | 164 |3592 |  90k|   0 |  76k|  0 |8035 |3936 | 9.400884e+05 | 9.585995e+05 |   1.97%| unknown
  218m|  7400 |  2090 |  7566k|1018.2 |  1694M | 164 |3592 |  90k|   0 |  77k|  0 |8284 |3989 | 9.401406e+05 | 9.585995e+05 |   1.96%| unknown
 time | node  | left  |LP iter|LP it/n|mem/heur|mdpt |vars |cons |rows |cuts |sepa|confs|strbr|  dualbound   | primalbound  |  gap   | compl. 
L 219m|  7470 |  2058 |  7600k|1013.2 |crossove| 164 |3592 |  90k|  94k|  77k|  1 |8912 |4383 | 9.401406e+05 | 9.584741e+05 |   1.95%| unknown
  220m|  7500 |  2078 |  7645k|1015.2 |  1709M | 164 |3592 |  90k|  93k|  78k|  1 |8942 |4411 | 9.401461e+05 | 9.584741e+05 |   1.95%| unknown
  222m|  7600 |  2100 |  7688k|1007.5 |  1713M | 164 |3592 |  90k|  94k|  79k|  0 |9146 |4427 | 9.401496e+05 | 9.584741e+05 |   1.95%| unknown
  224m|  7700 |  2133 |  7771k|1005.1 |  1716M | 164 |3592 |  90k|  94k|  79k|  1 |9341 |4459 | 9.401640e+05 | 9.584741e+05 |   1.95%| unknown
  226m|  7800 |  2155 |  7870k|1005.0 |  1727M | 164 |3592 |  90k|  93k|  81k|  4 |9824 |4616 | 9.402009e+05 | 9.584741e+05 |   1.94%| unknown
  228m|  7900 |  2191 |  7954k|1002.9 |  1737M | 164 |3592 |  90k|  94k|  82k|  2 |  12k|4670 | 9.402128e+05 | 9.584741e+05 |   1.94%| unknown
L 230m|  7980 |  2116 |  8047k|1004.5 |    rins| 164 |3592 |  90k|  93k|  83k|  2 |  12k|4713 | 9.402672e+05 | 9.577802e+05 |   1.86%| unknown
  231m|  8000 |  2132 |  8068k|1004.6 |  1740M | 164 |3592 |  90k|  93k|  83k|  1 |  12k|4713 | 9.402824e+05 | 9.577802e+05 |   1.86%| unknown
  233m|  8100 |  2170 |  8198k|1008.2 |  1741M | 164 |3592 |  90k|  94k|  84k|  1 |  12k|4713 | 9.402824e+05 | 9.577802e+05 |   1.86%| unknown
  236m|  8200 |  2200 |  8347k|1014.2 |  1746M | 164 |3592 |  90k|  94k|  85k|  1 |  12k|4717 | 9.402893e+05 | 9.577802e+05 |   1.86%| unknown
  238m|  8300 |  2195 |  8436k|1012.6 |  1747M | 164 |3592 |  90k|  92k|  86k|  1 |  12k|4737 | 9.402896e+05 | 9.577802e+05 |   1.86%| unknown

SCIP Status        : solving was interrupted [time limit reached]
Solving Time (sec) : 14400.00
Solving Nodes      : 8356
Primal Bound       : +9.57780223000001e+05 (72 solutions)
Dual Bound         : +9.40289641352001e+05
Gap                : 1.86 %

primal solution (original space):
=================================

objective value:                     957780.223000001
z#4                                                 1 	(obj:0)
z#6                                                 1 	(obj:0)
z#8                                                 1 	(obj:0)
z#9                                                 1 	(obj:0)
z#13                                                1 	(obj:0)
z#15                                                1 	(obj:0)
z#17                                                1 	(obj:0)
z#23                                                1 	(obj:0)
z#25                                                1 	(obj:0)
z#26                                                1 	(obj:0)
z#27                                                1 	(obj:0)
z#29                                                1 	(obj:0)
z#35                                                1 	(obj:0)
z#42                                                1 	(obj:0)
z#48                                                1 	(obj:0)
z#65                                                1 	(obj:0)
z#67                                                1 	(obj:0)
z#68                                                1 	(obj:0)
z#73                                                1 	(obj:0)
z#74                                                1 	(obj:0)
z#81                                                1 	(obj:0)
z#95                                                1 	(obj:0)
z#104                                               1 	(obj:0)
z#108                                               1 	(obj:0)
z#109                                               1 	(obj:0)
z#112                                               1 	(obj:0)
z#114                                               1 	(obj:0)
z#118                                               1 	(obj:0)
z#120                                               1 	(obj:0)
z#122                                               1 	(obj:0)
z#128                                               1 	(obj:0)
z#132                                               1 	(obj:0)
z#133                                               1 	(obj:0)
z#135                                               1 	(obj:0)
z#136                                               1 	(obj:0)
z#145                                               1 	(obj:0)
z#150                                               1 	(obj:0)
z#152                                               1 	(obj:0)
z#154                                               1 	(obj:0)
z#168                                               1 	(obj:0)
z#175                                               1 	(obj:0)
z#177                                               1 	(obj:0)
z#178                                               1 	(obj:0)
z#180                                               1 	(obj:0)
z#182                                               1 	(obj:0)
z#186                                               1 	(obj:0)
z#187                                               1 	(obj:0)
z#195                                               1 	(obj:0)
z#196                                               1 	(obj:0)
z#199                                               1 	(obj:0)
z#209                                               1 	(obj:0)
z#214                                               1 	(obj:0)
z#225                                               1 	(obj:0)
z#228                                               1 	(obj:0)
z#229                                               1 	(obj:0)
z#231                                               1 	(obj:0)
z#233                                               1 	(obj:0)
z#241                                               1 	(obj:0)
z#261                                               1 	(obj:0)
z#271                                               1 	(obj:0)
z#273                                               1 	(obj:0)
z#278                                               1 	(obj:0)
z#283                                               1 	(obj:0)
z#288                                               1 	(obj:0)
z#289                                               1 	(obj:0)
z#293                                               1 	(obj:0)
z#298                                               1 	(obj:0)
z#309                                               1 	(obj:0)
z#312                                               1 	(obj:0)
z#314                                               1 	(obj:0)
z#323                                               1 	(obj:0)
z#324                                               1 	(obj:0)
z#330                                               1 	(obj:0)
z#339                                               1 	(obj:0)
z#348                                               1 	(obj:0)
z#350                                               1 	(obj:0)
z#352                                               1 	(obj:0)
z#371                                               1 	(obj:0)
z#375                                               1 	(obj:0)
z#377                                               1 	(obj:0)
z#383                                               1 	(obj:0)
z#400                                               1 	(obj:0)
z#410                                               1 	(obj:0)
z#418                                               1 	(obj:0)
z#427                                               1 	(obj:0)
z#429                                               1 	(obj:0)
z#436                                               1 	(obj:0)
z#460                                               1 	(obj:0)
z#462                                               1 	(obj:0)
z#464                                               1 	(obj:0)
z#467                                               1 	(obj:0)
z#468                                               1 	(obj:0)
z#478                                               1 	(obj:0)
z#486                                               1 	(obj:0)
z#490                                               1 	(obj:0)
z#492                                               1 	(obj:0)
z#494                                               1 	(obj:0)
z#495                                               1 	(obj:0)
z#506                                               1 	(obj:0)
z#516                                               1 	(obj:0)
z#518                                               1 	(obj:0)
z#521                                               1 	(obj:0)
z#536                                               1 	(obj:0)
z#541                                               1 	(obj:0)
z#545                                               1 	(obj:0)
z#551                                               1 	(obj:0)
z#553                                               1 	(obj:0)
z#554                                               1 	(obj:0)
z#557                                               1 	(obj:0)
z#562                                               1 	(obj:0)
z#569                                               1 	(obj:0)
z#572                                               1 	(obj:0)
z#573                                               1 	(obj:0)
z#581                                               1 	(obj:0)
z#582                                               1 	(obj:0)
z#584                                               1 	(obj:0)
z#586                                               1 	(obj:0)
z#589                                               1 	(obj:0)
z#596                                               1 	(obj:0)
z#616                                               1 	(obj:0)
z#618                                               1 	(obj:0)
z#619                                               1 	(obj:0)
z#621                                               1 	(obj:0)
z#622                                               1 	(obj:0)
z#625                                               1 	(obj:0)
z#631                                               1 	(obj:0)
z#641                                               1 	(obj:0)
z#644                                               1 	(obj:0)
z#646                                               1 	(obj:0)
z#656                                               1 	(obj:0)
z#669                                               1 	(obj:0)
z#671                                               1 	(obj:0)
z#672                                               1 	(obj:0)
z#679                                               1 	(obj:0)
z#685                                               1 	(obj:0)
z#703                                               1 	(obj:0)
z#705                                               1 	(obj:0)
z#708                                               1 	(obj:0)
z#712                                               1 	(obj:0)
z#713                                               1 	(obj:0)
z#715                                               1 	(obj:0)
z#717                                               1 	(obj:0)
z#721                                               1 	(obj:0)
z#722                                               1 	(obj:0)
z#732                                               1 	(obj:0)
z#744                                               1 	(obj:0)
z#750                                               1 	(obj:0)
z#753                                               1 	(obj:0)
z#754                                               1 	(obj:0)
z#755                                               1 	(obj:0)
z#757                                               1 	(obj:0)
z#770                                               1 	(obj:0)
z#779                                               1 	(obj:0)
z#780                                               1 	(obj:0)
z#784                                               1 	(obj:0)
z#786                                               1 	(obj:0)
z#792                                               1 	(obj:0)
z#798                                               1 	(obj:0)
z#799                                               1 	(obj:0)
z#808                                               1 	(obj:0)
z#812                                               1 	(obj:0)
z#816                                               1 	(obj:0)
z#818                                               1 	(obj:0)
z#823                                               1 	(obj:0)
z#833                                               1 	(obj:0)
z#836                                               1 	(obj:0)
z#838                                               1 	(obj:0)
z#839                                               1 	(obj:0)
z#844                                               1 	(obj:0)
z#856                                               1 	(obj:0)
z#861                                               1 	(obj:0)
z#867                                               1 	(obj:0)
z#871                                               1 	(obj:0)
z#877                                               1 	(obj:0)
z#882                                               1 	(obj:0)
z#901                                               1 	(obj:0)
z#905                                               1 	(obj:0)
z#907                                               1 	(obj:0)
z#918                                               1 	(obj:0)
z#923                                               1 	(obj:0)
z#937                                               1 	(obj:0)
z#947                                               1 	(obj:0)
z#949                                               1 	(obj:0)
z#956                                               1 	(obj:0)
z#959                                               1 	(obj:0)
z#965                                               1 	(obj:0)
z#971                                               1 	(obj:0)
z#976                                               1 	(obj:0)
z#978                                               1 	(obj:0)
z#983                                               1 	(obj:0)
z#989                                               1 	(obj:0)
z#993                                               1 	(obj:0)
z#999                                               1 	(obj:0)
z#1008                                              1 	(obj:0)
z#1012                                              1 	(obj:0)
z#1015                                              1 	(obj:0)
z#1017                                              1 	(obj:0)
z#1031                                              1 	(obj:0)
z#1037                                              1 	(obj:0)
z#1038                                              1 	(obj:0)
z#1063                                              1 	(obj:0)
z#1072                                              1 	(obj:0)
z#1077                                              1 	(obj:0)
z#1078                                              1 	(obj:0)
z#1082                                              1 	(obj:0)
z#1083                                              1 	(obj:0)
z#1092                                              1 	(obj:0)
z#1104                                              1 	(obj:0)
z#1116                                              1 	(obj:0)
z#1117                                              1 	(obj:0)
z#1119                                              1 	(obj:0)
z#1120                                              1 	(obj:0)
z#1121                                              1 	(obj:0)
z#1126                                              1 	(obj:0)
z#1156                                              1 	(obj:0)
z#1164                                              1 	(obj:0)
z#1166                                              1 	(obj:0)
z#1177                                              1 	(obj:0)
z#1179                                              1 	(obj:0)
z#1184                                              1 	(obj:0)
z#1185                                              1 	(obj:0)
z#1193                                              1 	(obj:0)
z#1198                                              1 	(obj:0)
z#1199                                              1 	(obj:0)
z#1200                                              1 	(obj:0)
z#1205                                              1 	(obj:0)
z#1209                                              1 	(obj:0)
z#1211                                              1 	(obj:0)
z#1221                                              1 	(obj:0)
z#1223                                              1 	(obj:0)
z#1224                                              1 	(obj:0)
z#1227                                              1 	(obj:0)
z#1228                                              1 	(obj:0)
z#1229                                              1 	(obj:0)
z#1237                                              1 	(obj:0)
z#1238                                              1 	(obj:0)
z#1241                                              1 	(obj:0)
z#1242                                              1 	(obj:0)
z#1245                                              1 	(obj:0)
z#1248                                              1 	(obj:0)
z#1264                                              1 	(obj:0)
z#1265                                              1 	(obj:0)
z#1273                                              1 	(obj:0)
z#1284                                              1 	(obj:0)
z#1288                                              1 	(obj:0)
z#1293                                              1 	(obj:0)
z#1295                                              1 	(obj:0)
z#1305                                              1 	(obj:0)
z#1312                                              1 	(obj:0)
z#1319                                              1 	(obj:0)
z#1320                                              1 	(obj:0)
z#1321                                              1 	(obj:0)
z#1325                                              1 	(obj:0)
z#1328                                              1 	(obj:0)
z#1332                                              1 	(obj:0)
z#1338                                              1 	(obj:0)
z#1341                                              1 	(obj:0)
z#1343                                              1 	(obj:0)
z#1347                                              1 	(obj:0)
z#1360                                              1 	(obj:0)
z#1367                                              1 	(obj:0)
z#1368                                              1 	(obj:0)
z#1374                                              1 	(obj:0)
z#1375                                              1 	(obj:0)
z#1386                                              1 	(obj:0)
z#1389                                              1 	(obj:0)
z#1395                                              1 	(obj:0)
z#1396                                              1 	(obj:0)
z#1399                                              1 	(obj:0)
z#1411                                              1 	(obj:0)
z#1414                                              1 	(obj:0)
z#1419                                              1 	(obj:0)
z#1423                                              1 	(obj:0)
z#1425                                              1 	(obj:0)
z#1429                                              1 	(obj:0)
z#1431                                              1 	(obj:0)
z#1433                                              1 	(obj:0)
z#1442                                              1 	(obj:0)
z#1452                                              1 	(obj:0)
z#1456                                              1 	(obj:0)
z#1466                                              1 	(obj:0)
z#1469                                              1 	(obj:0)
z#1473                                              1 	(obj:0)
z#1476                                              1 	(obj:0)
z#1478                                              1 	(obj:0)
z#1486                                              1 	(obj:0)
z#1487                                              1 	(obj:0)
z#1490                                              1 	(obj:0)
z#1494                                              1 	(obj:0)
z#1496                                              1 	(obj:0)
z#1500                                              1 	(obj:0)
z#1503                                              1 	(obj:0)
z#1509                                              1 	(obj:0)
z#1511                                              1 	(obj:0)
z#1513                                              1 	(obj:0)
z#1529                                              1 	(obj:0)
z#1533                                              1 	(obj:0)
z#1534                                              1 	(obj:0)
z#1536                                              1 	(obj:0)
z#1537                                              1 	(obj:0)
z#1541                                              1 	(obj:0)
z#1544                                              1 	(obj:0)
z#1550                                              1 	(obj:0)
z#1554                                              1 	(obj:0)
z#1555                                              1 	(obj:0)
z#1559                                              1 	(obj:0)
z#1563                                              1 	(obj:0)
z#1565                                              1 	(obj:0)
z#1566                                              1 	(obj:0)
z#1570                                              1 	(obj:0)
z#1572                                              1 	(obj:0)
z#1575                                              1 	(obj:0)
z#1578                                              1 	(obj:0)
z#1581                                              1 	(obj:0)
z#1584                                              1 	(obj:0)
z#1588                                              1 	(obj:0)
z#1591                                              1 	(obj:0)
z#1606                                              1 	(obj:0)
z#1620                                              1 	(obj:0)
z#1630                                              1 	(obj:0)
z#1634                                              1 	(obj:0)
z#1638                                              1 	(obj:0)
z#1642                                              1 	(obj:0)
z#1645                                              1 	(obj:0)
z#1647                                              1 	(obj:0)
z#1657                                              1 	(obj:0)
z#1661                                              1 	(obj:0)
z#1662                                              1 	(obj:0)
z#1664                                              1 	(obj:0)
z#1668                                              1 	(obj:0)
z#1673                                              1 	(obj:0)
z#1676                                              1 	(obj:0)
z#1682                                              1 	(obj:0)
z#1685                                              1 	(obj:0)
z#1686                                              1 	(obj:0)
z#1689                                              1 	(obj:0)
z#1690                                              1 	(obj:0)
z#1691                                              1 	(obj:0)
z#1692                                              1 	(obj:0)
z#1700                                              1 	(obj:0)
z#1705                                              1 	(obj:0)
z#1709                                              1 	(obj:0)
z#1720                                              1 	(obj:0)
z#1724                                              1 	(obj:0)
z#1732                                              1 	(obj:0)
z#1733                                              1 	(obj:0)
z#1738                                              1 	(obj:0)
z#1742                                              1 	(obj:0)
z#1749                                              1 	(obj:0)
z#1754                                              1 	(obj:0)
z#1755                                              1 	(obj:0)
z#1761                                              1 	(obj:0)
z#1763                                              1 	(obj:0)
z#1765                                              1 	(obj:0)
z#1766                                              1 	(obj:0)
z#1769                                              1 	(obj:0)
z#1773                                              1 	(obj:0)
z#1774                                              1 	(obj:0)
z#1776                                              1 	(obj:0)
z#1791                                              1 	(obj:0)
z#1794                                              1 	(obj:0)
z#1795                                              1 	(obj:0)
z#1800                                              1 	(obj:0)
z#1812                                              1 	(obj:0)
z#1815                                              1 	(obj:0)
z#1817                                              1 	(obj:0)
z#1830                                              1 	(obj:0)
z#1831                                              1 	(obj:0)
z#1837                                              1 	(obj:0)
z#1840                                              1 	(obj:0)
z#1841                                              1 	(obj:0)
z#1846                                              1 	(obj:0)
z#1871                                              1 	(obj:0)
z#1878                                              1 	(obj:0)
z#1879                                              1 	(obj:0)
z#1885                                              1 	(obj:0)
z#1893                                              1 	(obj:0)
z#1903                                              1 	(obj:0)
z#1904                                              1 	(obj:0)
z#1909                                              1 	(obj:0)
z#1912                                              1 	(obj:0)
z#1921                                              1 	(obj:0)
z#1927                                              1 	(obj:0)
z#1931                                              1 	(obj:0)
z#1932                                              1 	(obj:0)
z#1933                                              1 	(obj:0)
z#1935                                              1 	(obj:0)
z#1941                                              1 	(obj:0)
z#1943                                              1 	(obj:0)
z#1948                                              1 	(obj:0)
z#1952                                              1 	(obj:0)
z#1959                                              1 	(obj:0)
z#1960                                              1 	(obj:0)
z#1961                                              1 	(obj:0)
z#1962                                              1 	(obj:0)
z#1964                                              1 	(obj:0)
z#1967                                              1 	(obj:0)
z#1968                                              1 	(obj:0)
z#1983                                              1 	(obj:0)
z#1994                                              1 	(obj:0)
z#1995                                              1 	(obj:0)
z#2005                                              1 	(obj:0)
z#2014                                              1 	(obj:0)
z#2016                                              1 	(obj:0)
z#2018                                              1 	(obj:0)
z#2020                                              1 	(obj:0)
z#2034                                              1 	(obj:0)
z#2045                                              1 	(obj:0)
z#2048                                              1 	(obj:0)
z#2056                                              1 	(obj:0)
z#2067                                              1 	(obj:0)
z#2073                                              1 	(obj:0)
z#2075                                              1 	(obj:0)
z#2076                                              1 	(obj:0)
z#2091                                              1 	(obj:0)
z#2093                                              1 	(obj:0)
z#2103                                              1 	(obj:0)
z#2107                                              1 	(obj:0)
z#2111                                              1 	(obj:0)
z#2117                                              1 	(obj:0)
z#2118                                              1 	(obj:0)
z#2120                                              1 	(obj:0)
z#2121                                              1 	(obj:0)
z#2124                                              1 	(obj:0)
z#2136                                              1 	(obj:0)
z#2146                                              1 	(obj:0)
z#2157                                              1 	(obj:0)
z#2162                                              1 	(obj:0)
z#2175                                              1 	(obj:0)
z#2180                                              1 	(obj:0)
z#2181                                              1 	(obj:0)
z#2189                                              1 	(obj:0)
z#2190                                              1 	(obj:0)
z#2203                                              1 	(obj:0)
z#2204                                              1 	(obj:0)
z#2209                                              1 	(obj:0)
z#2211                                              1 	(obj:0)
z#2212                                              1 	(obj:0)
z#2224                                              1 	(obj:0)
z#2231                                              1 	(obj:0)
z#2233                                              1 	(obj:0)
z#2234                                              1 	(obj:0)
z#2235                                              1 	(obj:0)
z#2243                                              1 	(obj:0)
z#2246                                              1 	(obj:0)
z#2249                                              1 	(obj:0)
z#2252                                              1 	(obj:0)
z#2261                                              1 	(obj:0)
z#2262                                              1 	(obj:0)
z#2263                                              1 	(obj:0)
z#2267                                              1 	(obj:0)
z#2272                                              1 	(obj:0)
z#2273                                              1 	(obj:0)
z#2278                                              1 	(obj:0)
z#2280                                              1 	(obj:0)
z#2284                                              1 	(obj:0)
z#2286                                              1 	(obj:0)
z#2290                                              1 	(obj:0)
z#2291                                              1 	(obj:0)
z#2292                                              1 	(obj:0)
z#2297                                              1 	(obj:0)
z#2301                                              1 	(obj:0)
z#2303                                              1 	(obj:0)
z#2304                                              1 	(obj:0)
z#2307                                              1 	(obj:0)
z#2309                                              1 	(obj:0)
z#2319                                              1 	(obj:0)
z#2326                                              1 	(obj:0)
z#2334                                              1 	(obj:0)
z#2336                                              1 	(obj:0)
z#2338                                              1 	(obj:0)
z#2340                                              1 	(obj:0)
z#2342                                              1 	(obj:0)
z#2344                                              1 	(obj:0)
z#2346                                              1 	(obj:0)
z#2353                                              1 	(obj:0)
z#2356                                              1 	(obj:0)
z#2357                                              1 	(obj:0)
z#2361                                              1 	(obj:0)
z#2377                                              1 	(obj:0)
z#2379                                              1 	(obj:0)
z#2383                                              1 	(obj:0)
z#2384                                              1 	(obj:0)
z#2392                                              1 	(obj:0)
z#2396                                              1 	(obj:0)
z#2402                                              1 	(obj:0)
z#2405                                              1 	(obj:0)
z#2406                                              1 	(obj:0)
z#2413                                              1 	(obj:0)
z#2414                                              1 	(obj:0)
z#2428                                              1 	(obj:0)
z#2447                                              1 	(obj:0)
z#2452                                              1 	(obj:0)
z#2454                                              1 	(obj:0)
z#2458                                              1 	(obj:0)
z#2461                                              1 	(obj:0)
z#2465                                              1 	(obj:0)
z#2475                                              1 	(obj:0)
z#2476                                              1 	(obj:0)
z#2481                                              1 	(obj:0)
z#2484                                              1 	(obj:0)
z#2487                                              1 	(obj:0)
z#2489                                              1 	(obj:0)
z#2496                                              1 	(obj:0)
z#2506                                              1 	(obj:0)
z#2508                                              1 	(obj:0)
z#2511                                              1 	(obj:0)
z#2513                                              1 	(obj:0)
z#2516                                              1 	(obj:0)
z#2518                                              1 	(obj:0)
z#2522                                              1 	(obj:0)
z#2524                                              1 	(obj:0)
z#2532                                              1 	(obj:0)
z#2539                                              1 	(obj:0)
z#2548                                              1 	(obj:0)
z#2555                                              1 	(obj:0)
z#2558                                              1 	(obj:0)
z#2563                                              1 	(obj:0)
z#2564                                              1 	(obj:0)
z#2566                                              1 	(obj:0)
z#2570                                              1 	(obj:0)
z#2575                                              1 	(obj:0)
z#2577                                              1 	(obj:0)
z#2579                                              1 	(obj:0)
z#2581                                              1 	(obj:0)
z#2582                                              1 	(obj:0)
z#2588                                              1 	(obj:0)
z#2591                                              1 	(obj:0)
z#2593                                              1 	(obj:0)
z#2598                                              1 	(obj:0)
z#2611                                              1 	(obj:0)
z#2619                                              1 	(obj:0)
z#2628                                              1 	(obj:0)
z#2631                                              1 	(obj:0)
z#2633                                              1 	(obj:0)
z#2639                                              1 	(obj:0)
z#2640                                              1 	(obj:0)
z#2646                                              1 	(obj:0)
z#2647                                              1 	(obj:0)
z#2663                                              1 	(obj:0)
z#2672                                              1 	(obj:0)
z#2680                                              1 	(obj:0)
z#2685                                              1 	(obj:0)
z#2686                                              1 	(obj:0)
z#2689                                              1 	(obj:0)
z#2691                                              1 	(obj:0)
z#2695                                              1 	(obj:0)
z#2698                                              1 	(obj:0)
z#2706                                              1 	(obj:0)
z#2711                                              1 	(obj:0)
z#2722                                              1 	(obj:0)
z#2747                                              1 	(obj:0)
z#2752                                              1 	(obj:0)
z#2762                                              1 	(obj:0)
z#2769                                              1 	(obj:0)
z#2772                                              1 	(obj:0)
z#2773                                              1 	(obj:0)
z#2775                                              1 	(obj:0)
z#2776                                              1 	(obj:0)
z#2783                                              1 	(obj:0)
z#2792                                              1 	(obj:0)
z#2796                                              1 	(obj:0)
z#2808                                              1 	(obj:0)
z#2817                                              1 	(obj:0)
z#2822                                              1 	(obj:0)
z#2826                                              1 	(obj:0)
z#2830                                              1 	(obj:0)
z#2834                                              1 	(obj:0)
z#2836                                              1 	(obj:0)
z#2846                                              1 	(obj:0)
z#2852                                              1 	(obj:0)
z#2861                                              1 	(obj:0)
z#2862                                              1 	(obj:0)
z#2868                                              1 	(obj:0)
z#2887                                              1 	(obj:0)
z#2889                                              1 	(obj:0)
z#2890                                              1 	(obj:0)
z#2893                                              1 	(obj:0)
z#2895                                              1 	(obj:0)
z#2900                                              1 	(obj:0)
z#2901                                              1 	(obj:0)
z#2903                                              1 	(obj:0)
z#2909                                              1 	(obj:0)
z#2916                                              1 	(obj:0)
z#2920                                              1 	(obj:0)
z#2922                                              1 	(obj:0)
z#2925                                              1 	(obj:0)
z#2928                                              1 	(obj:0)
z#2938                                              1 	(obj:0)
z#2941                                              1 	(obj:0)
z#2943                                              1 	(obj:0)
z#2948                                              1 	(obj:0)
z#2955                                              1 	(obj:0)
z#2970                                              1 	(obj:0)
z#2971                                              1 	(obj:0)
z#2974                                              1 	(obj:0)
z#2978                                              1 	(obj:0)
z#2980                                              1 	(obj:0)
z#2983                                              1 	(obj:0)
z#2986                                              1 	(obj:0)
x#0                                           627.163 	(obj:101)
x#6                                            46.102 	(obj:101)
x#13                                           645.01 	(obj:104)
x#20                                0.208999999999946 	(obj:173)
x#21                                 50.4740000000098 	(obj:142)
x#27                                0.435000000023138 	(obj:135)
x#28                                 645.989999999976 	(obj:129)
x#34                                 1.15699999999015 	(obj:134)
x#35                                 51.5370000000103 	(obj:128)
x#38                                0.162000000000035 	(obj:126)
x#42                                 646.632999999999 	(obj:121)
x#48                                 53.3140000000008 	(obj:113)
x#55                                 506.655999999999 	(obj:122)
x#59                               0.0109999999999673 	(obj:114)
x#62                              0.00199999999995271 	(obj:161)
x#63                                 53.3190000000009 	(obj:131)
x#65                                 140.005999999999 	(obj:134)
x#70                                          506.658 	(obj:122)
x#77                                 53.3220000000008 	(obj:133)
x#80                                 156.877999999999 	(obj:102)
x#82                                            489.8 	(obj:131)
x#92                                 53.3220000000008 	(obj:116)
x#93                                 112.877999999999 	(obj:113)
x#95                                               44 	(obj:132)
x#97                                            489.8 	(obj:164)
x#106                                           166.2 	(obj:103)
x#111                                           533.8 	(obj:118)
x#119                                23.0000000000004 	(obj:199)
x#122                                               4 	(obj:125)
x#125                                           533.8 	(obj:134)
x#130                                           139.2 	(obj:111)
x#134                                              27 	(obj:104)
x#140                                           399.2 	(obj:143)
x#145                                           139.2 	(obj:120)
y#23                                0.610999999990099 	(obj:104)
y#26                                0.502000000000521 	(obj:107)
y#31                                0.241999999999962 	(obj:107)
y#40                                 0.36300000000017 	(obj:105)
y#57                                              140 	(obj:101)
y#72                               0.0130000000001473 	(obj:105)
y#120                                           139.2 	(obj:132)
y#140                                           134.6 	(obj:133)
u#0                                           627.163 	(obj:0)
u#1                                           627.163 	(obj:0)
u#2                                           627.163 	(obj:0)
u#3                                           627.163 	(obj:0)
u#4                                           627.163 	(obj:0)
u#5                                           627.163 	(obj:0)
u#6                                           673.265 	(obj:0)
u#7                                           673.265 	(obj:0)
u#8                                           673.265 	(obj:0)
u#9                                           673.265 	(obj:0)
u#10                                          673.265 	(obj:0)
u#11                                          673.265 	(obj:0)
u#12                                          673.265 	(obj:0)
u#13                                         1318.275 	(obj:0)
u#14                                         1318.275 	(obj:0)
u#15                                          691.112 	(obj:0)
u#16                                          691.112 	(obj:0)
u#17                                          691.112 	(obj:0)
u#18                                          691.112 	(obj:0)
u#19                                          691.112 	(obj:0)
u#20                                          691.321 	(obj:0)
u#21                                  695.69300000001 	(obj:0)
u#22                                  695.69300000001 	(obj:0)
u#23                                  695.69300000001 	(obj:0)
u#24                                  695.69300000001 	(obj:0)
u#25                                  695.69300000001 	(obj:0)
u#26                                  695.69300000001 	(obj:0)
u#27                                 696.128000000033 	(obj:0)
u#28                                 697.108000000009 	(obj:0)
u#29                                 697.108000000009 	(obj:0)
u#30                                 697.108000000009 	(obj:0)
u#31                                 697.108000000009 	(obj:0)
u#32                                 697.108000000009 	(obj:0)
u#33                                 697.108000000009 	(obj:0)
u#34                                          698.265 	(obj:0)
u#35                                  749.59300000001 	(obj:0)
u#36                                          699.119 	(obj:0)
u#37                                          699.119 	(obj:0)
u#38                                          699.281 	(obj:0)
u#39                                          699.281 	(obj:0)
u#40                                          699.281 	(obj:0)
u#41                                          699.281 	(obj:0)
u#42                                 1345.47899999998 	(obj:0)
u#43                                          699.489 	(obj:0)
u#44                                          699.489 	(obj:0)
u#45                                          699.489 	(obj:0)
u#46                                          699.489 	(obj:0)
u#47                                          699.489 	(obj:0)
u#48                                 752.803000000001 	(obj:0)
u#49                                  751.64600000001 	(obj:0)
u#50                                          700.109 	(obj:0)
u#51                                          700.109 	(obj:0)
u#52                                          700.109 	(obj:0)
u#53                                          699.947 	(obj:0)
u#54                                          699.947 	(obj:0)
u#55                                         1206.603 	(obj:0)
u#56                                         1206.603 	(obj:0)
u#57                                           559.97 	(obj:0)
u#58                                           559.97 	(obj:0)
u#59                                          559.981 	(obj:0)
u#60                                          559.981 	(obj:0)
u#61                                          559.981 	(obj:0)
u#62                                          559.983 	(obj:0)
u#63                                          559.988 	(obj:0)
u#64                                          559.988 	(obj:0)
u#65                                          699.994 	(obj:0)
u#66                                          699.994 	(obj:0)
u#67                                          699.994 	(obj:0)
u#68                                          699.994 	(obj:0)
u#69                                          699.994 	(obj:0)
u#70                                          699.996 	(obj:0)
u#71                                          699.996 	(obj:0)
u#72                                          699.996 	(obj:0)
u#73                                          699.996 	(obj:0)
u#74                                          699.985 	(obj:0)
u#75                                          699.985 	(obj:0)
u#76                                          699.985 	(obj:0)
u#77                                 753.305000000001 	(obj:0)
u#78                                          699.986 	(obj:0)
u#79                                          699.986 	(obj:0)
u#80                                          716.858 	(obj:0)
u#81                                          716.858 	(obj:0)
u#82                                         1206.658 	(obj:0)
u#83                                         1206.658 	(obj:0)
u#84                                         1206.658 	(obj:0)
u#85                                              700 	(obj:0)
u#86                                              700 	(obj:0)
u#87                                              700 	(obj:0)
u#88                                              700 	(obj:0)
u#89                                              700 	(obj:0)
u#90                                              700 	(obj:0)
u#91                                              700 	(obj:0)
u#92                                              700 	(obj:0)
u#93                                 812.877999999999 	(obj:0)
u#94                                 812.877999999999 	(obj:0)
u#95                                              700 	(obj:0)
u#96                                              700 	(obj:0)
u#97                                              700 	(obj:0)
u#98                                              700 	(obj:0)
u#99                                              700 	(obj:0)
u#100                                             700 	(obj:0)
u#101                                             700 	(obj:0)
u#102                                             700 	(obj:0)
u#103                                             700 	(obj:0)
u#104                                             700 	(obj:0)
u#105                                             700 	(obj:0)
u#106                                           866.2 	(obj:0)
u#107                                         812.878 	(obj:0)
u#108                                             700 	(obj:0)
u#109                                             700 	(obj:0)
u#110                                             656 	(obj:0)
u#111                                          1189.8 	(obj:0)
u#112                                             700 	(obj:0)
u#113                                             700 	(obj:0)
u#114                                             700 	(obj:0)
u#115                                             700 	(obj:0)
u#116                                             700 	(obj:0)
u#117                                             700 	(obj:0)
u#118                                             700 	(obj:0)
u#119                                             723 	(obj:0)
u#120                                             723 	(obj:0)
u#121                                           556.8 	(obj:0)
u#122                                           560.8 	(obj:0)
u#123                                560.800000000001 	(obj:0)
u#124                                560.800000000001 	(obj:0)
u#125                                          1094.6 	(obj:0)
u#126                                560.800000000001 	(obj:0)
u#127                                560.800000000001 	(obj:0)
u#128                                560.800000000001 	(obj:0)
u#129                                560.800000000001 	(obj:0)
u#130                                             700 	(obj:0)
u#131                                             700 	(obj:0)
u#132                                             700 	(obj:0)
u#133                                             700 	(obj:0)
u#134                                             704 	(obj:0)
u#135                                             704 	(obj:0)
u#136                                             704 	(obj:0)
u#137                                             700 	(obj:0)
u#138                                             700 	(obj:0)
u#139                                             700 	(obj:0)
u#140                                           565.4 	(obj:0)
u#141                                           565.4 	(obj:0)
u#142                                           565.4 	(obj:0)
u#143                                           565.4 	(obj:0)
u#144                                           565.4 	(obj:0)
u#145                                           565.4 	(obj:0)
u#146                                           565.4 	(obj:0)
u#147                                           565.4 	(obj:0)
u#148                                           565.4 	(obj:0)
u#149                                           538.4 	(obj:0)
v#23                                0.610999999990099 	(obj:0)
v#24                                0.610999999990099 	(obj:0)
v#25                                0.610999999990099 	(obj:0)
v#26                                 1.11299999999062 	(obj:0)
v#27                                 1.11299999999062 	(obj:0)
v#28                                 1.11299999999062 	(obj:0)
v#29                                 1.11299999999062 	(obj:0)
v#30                                 1.11299999999062 	(obj:0)
v#31                                 1.35499999999058 	(obj:0)
v#32                                 1.35499999999058 	(obj:0)
v#33                                0.744000000000483 	(obj:0)
v#34                                0.744000000000483 	(obj:0)
v#35                                0.744000000000483 	(obj:0)
v#36                                0.241999999999962 	(obj:0)
v#37                                0.241999999999962 	(obj:0)
v#38                                0.241999999999962 	(obj:0)
v#39                                0.241999999999962 	(obj:0)
v#40                                0.605000000000132 	(obj:0)
v#41                                 0.36300000000017 	(obj:0)
v#42                                 0.36300000000017 	(obj:0)
v#43                                 0.36300000000017 	(obj:0)
v#44                                 0.36300000000017 	(obj:0)
v#45                                 0.36300000000017 	(obj:0)
v#46                                 0.36300000000017 	(obj:0)
v#47                                 0.36300000000017 	(obj:0)
v#48                                 0.36300000000017 	(obj:0)
v#49                                 0.36300000000017 	(obj:0)
v#57                                              140 	(obj:0)
v#58                                              140 	(obj:0)
v#59                                              140 	(obj:0)
v#60                                              140 	(obj:0)
v#61                                              140 	(obj:0)
v#62                                              140 	(obj:0)
v#63                                              140 	(obj:0)
v#64                                              140 	(obj:0)
v#65                                              140 	(obj:0)
v#66                                              140 	(obj:0)
v#72                               0.0130000000001473 	(obj:0)
v#73                               0.0130000000001473 	(obj:0)
v#74                               0.0130000000001473 	(obj:0)
v#75                               0.0130000000001473 	(obj:0)
v#76                               0.0130000000001473 	(obj:0)
v#77                               0.0130000000001473 	(obj:0)
v#78                               0.0130000000001473 	(obj:0)
v#79                               0.0130000000001473 	(obj:0)
v#80                               0.0130000000001473 	(obj:0)
v#81                               0.0130000000001473 	(obj:0)
v#120                                           139.2 	(obj:0)
v#121                                           139.2 	(obj:0)
v#122                                           139.2 	(obj:0)
v#123                                139.199999999999 	(obj:0)
v#124                                139.199999999999 	(obj:0)
v#125                                139.199999999999 	(obj:0)
v#126                                139.199999999999 	(obj:0)
v#127                                139.199999999999 	(obj:0)
v#128                                139.199999999999 	(obj:0)
v#129                                139.199999999999 	(obj:0)
v#140                                           134.6 	(obj:0)
v#141                                           134.6 	(obj:0)
v#142                                           134.6 	(obj:0)
v#143                                           134.6 	(obj:0)
v#144                                           134.6 	(obj:0)
v#145                                           134.6 	(obj:0)
v#146                                           134.6 	(obj:0)
v#147                                           134.6 	(obj:0)
v#148                                           134.6 	(obj:0)
v#149                                           134.6 	(obj:0)
w#0                                           627.163 	(obj:0)
w#1                                           627.163 	(obj:0)
w#2                                           627.163 	(obj:0)
w#3                                           627.163 	(obj:0)
w#4                                           627.163 	(obj:0)
w#5                                           627.163 	(obj:0)
w#6                                           673.265 	(obj:0)
w#7                                           673.265 	(obj:0)
w#8                                           673.265 	(obj:0)
w#9                                           673.265 	(obj:0)
w#10                                          673.265 	(obj:0)
w#11                                          673.265 	(obj:0)
w#12                                          673.265 	(obj:0)
w#13                                         1318.275 	(obj:0)
w#14                                         1318.275 	(obj:0)
w#15                                          691.112 	(obj:0)
w#16                                          691.112 	(obj:0)
w#17                                          691.112 	(obj:0)
w#18                                          691.112 	(obj:0)
w#19                                          691.112 	(obj:0)
w#20                                          691.321 	(obj:0)
w#21                                  695.69300000001 	(obj:0)
w#22                                  695.69300000001 	(obj:0)
w#23                                          696.304 	(obj:0)
w#24                                          696.304 	(obj:0)
w#25                                          696.304 	(obj:0)
w#26                                          696.806 	(obj:0)
w#27                                 697.241000000024 	(obj:0)
w#28                                          698.221 	(obj:0)
w#29                                          698.221 	(obj:0)
w#30                                          698.221 	(obj:0)
w#31                                          698.463 	(obj:0)
w#32                                          698.463 	(obj:0)
w#33                                  697.85200000001 	(obj:0)
w#34                                          699.009 	(obj:0)
w#35                                  750.33700000001 	(obj:0)
w#36                                          699.361 	(obj:0)
w#37                                          699.361 	(obj:0)
w#38                                          699.523 	(obj:0)
w#39                                          699.523 	(obj:0)
w#40                                          699.886 	(obj:0)
w#41                                          699.644 	(obj:0)
w#42                                 1345.84199999998 	(obj:0)
w#43                                          699.852 	(obj:0)
w#44                                          699.852 	(obj:0)
w#45                                          699.852 	(obj:0)
w#46                                          699.852 	(obj:0)
w#47                                          699.852 	(obj:0)
w#48                                 753.166000000001 	(obj:0)
w#49                                 752.009000000011 	(obj:0)
w#50                                          700.109 	(obj:0)
w#51                                          700.109 	(obj:0)
w#52                                          700.109 	(obj:0)
w#53                                          699.947 	(obj:0)
w#54                                          699.947 	(obj:0)
w#55                                         1206.603 	(obj:0)
w#56                                         1206.603 	(obj:0)
w#57                                           699.97 	(obj:0)
w#58                                           699.97 	(obj:0)
w#59                                          699.981 	(obj:0)
w#60                                          699.981 	(obj:0)
w#61                                          699.981 	(obj:0)
w#62                                          699.983 	(obj:0)
w#63                                          699.988 	(obj:0)
w#64                                          699.988 	(obj:0)
w#65                                 839.993999999999 	(obj:0)
w#66                                 839.993999999999 	(obj:0)
w#67                                          699.994 	(obj:0)
w#68                                          699.994 	(obj:0)
w#69                                          699.994 	(obj:0)
w#70                                          699.996 	(obj:0)
w#71                                          699.996 	(obj:0)
w#72                                          700.009 	(obj:0)
w#73                                          700.009 	(obj:0)
w#74                                          699.998 	(obj:0)
w#75                                          699.998 	(obj:0)
w#76                                          699.998 	(obj:0)
w#77                                 753.318000000001 	(obj:0)
w#78                                          699.999 	(obj:0)
w#79                                          699.999 	(obj:0)
w#80                                          716.871 	(obj:0)
w#81                                          716.871 	(obj:0)
w#82                                         1206.658 	(obj:0)
w#83                                         1206.658 	(obj:0)
w#84                                         1206.658 	(obj:0)
w#85                                              700 	(obj:0)
w#86                                              700 	(obj:0)
w#87                                              700 	(obj:0)
w#88                                              700 	(obj:0)
w#89                                              700 	(obj:0)
w#90                                              700 	(obj:0)
w#91                                              700 	(obj:0)
w#92                                              700 	(obj:0)
w#93                                 812.877999999999 	(obj:0)
w#94                                 812.877999999999 	(obj:0)
w#95                                              700 	(obj:0)
w#96                                              700 	(obj:0)
w#97                                              700 	(obj:0)
w#98                                              700 	(obj:0)
w#99                                              700 	(obj:0)
w#100                                             700 	(obj:0)
w#101                                             700 	(obj:0)
w#102                                             700 	(obj:0)
w#103                                             700 	(obj:0)
w#104                                             700 	(obj:0)
w#105                                             700 	(obj:0)
w#106                                           866.2 	(obj:0)
w#107                                         812.878 	(obj:0)
w#108                                             700 	(obj:0)
w#109                                             700 	(obj:0)
w#110                                             656 	(obj:0)
w#111                                          1189.8 	(obj:0)
w#112                                             700 	(obj:0)
w#113                                             700 	(obj:0)
w#114                                             700 	(obj:0)
w#115                                             700 	(obj:0)
w#116                                             700 	(obj:0)
w#117                                             700 	(obj:0)
w#118                                             700 	(obj:0)
w#119                                             723 	(obj:0)
w#120                                           862.2 	(obj:0)
w#121                                             696 	(obj:0)
w#122                                             700 	(obj:0)
w#123                                             700 	(obj:0)
w#124                                             700 	(obj:0)
w#125                                          1233.8 	(obj:0)
w#126                                             700 	(obj:0)
w#127                                             700 	(obj:0)
w#128                                             700 	(obj:0)
w#129                                             700 	(obj:0)
w#130                                             700 	(obj:0)
w#131                                             700 	(obj:0)
w#132                                             700 	(obj:0)
w#133                                             700 	(obj:0)
w#134                                             704 	(obj:0)
w#135                                             704 	(obj:0)
w#136                                             704 	(obj:0)
w#137                                             700 	(obj:0)
w#138                                             700 	(obj:0)
w#139                                             700 	(obj:0)
w#140                                             700 	(obj:0)
w#141                                             700 	(obj:0)
w#142                                             700 	(obj:0)
w#143                                             700 	(obj:0)
w#144                                             700 	(obj:0)
w#145                                             700 	(obj:0)
w#146                                             700 	(obj:0)
w#147                                             700 	(obj:0)
w#148                                             700 	(obj:0)
w#149                                             673 	(obj:0)

Statistics
==========

SCIP Status        : solving was interrupted [time limit reached]
Total Time         :   14401.09
  solving          :   14400.00
  presolving       :       3.44 (included in solving)
  reading          :       1.09
  copying          :       3.17 (24 #copies) (minimal 0.12, maximal 0.15, average 0.13)
Original Problem   :
  Problem name     : CCMPPData/150-3000-1
  Variables        : 3750 (3000 binary, 0 integer, 0 implicit integer, 750 continuous)
  Constraints      : 90602 initial, 90602 maximal
  Objective        : minimize, 300 non-zeros (abs.min = 101, abs.max = 299)
Presolved Problem  :
  Problem name     : t_CCMPPData/150-3000-1
  Variables        : 3592 (3000 binary, 0 integer, 0 implicit integer, 592 continuous)
  Constraints      : 89857 initial, 91454 maximal
  Objective        : minimize, 298 non-zeros (abs.min = 101, abs.max = 299)
  Nonzeros         : 186174 constraint, 0 clique table
Presolvers         :   ExecTime  SetupTime  Calls  FixedVars   AggrVars   ChgTypes  ChgBounds   AddHoles    DelCons    AddCons   ChgSides   ChgCoefs
  boundshift       :       0.00       0.00      0          0          0          0          0          0          0          0          0          0
  convertinttobin  :       0.00       0.00      0          0          0          0          0          0          0          0          0          0
  domcol           :       0.06       0.00      1          0          0          0          0          0          0          0          0          0
  dualagg          :       0.00       0.00      0          0          0          0          0          0          0          0          0          0
  dualcomp         :       0.04       0.00      1          0          0          0          0          0          0          0          0          0
  dualinfer        :       0.00       0.00      0          0          0          0          0          0          0          0          0          0
  dualsparsify     :       0.14       0.00      1          0          0          0          0          0          0          0          0          0
  gateextraction   :       0.00       0.00      0          0          0          0          0          0          0          0          0          0
  implics          :       0.00       0.00      3          0          0          0          0          0          0          0          0          0
  inttobinary      :       0.00       0.00      0          0          0          0          0          0          0          0          0          0
  milp             :       0.25       0.00      1          2        152          0         73          0          0          0          0          0
  qpkktref         :       0.00       0.00      0          0          0          0          0          0          0          0          0          0
  redvub           :       0.00       0.00      0          0          0          0          0          0          0          0          0          0
  sparsify         :       0.06       0.00      1          0          0          0          0          0          0          0          0          0
  stuffing         :       0.00       0.00      0          0          0          0          0          0          0          0          0          0
  trivial          :       0.00       0.00      5          0          0          0          0          0          0          0          0          0
  tworowbnd        :       0.00       0.00      0          0          0          0          0          0          0          0          0          0
  dualfix          :       0.00       0.00      5          0          0          0          0          0          0          0          0          0
  genvbounds       :       0.00       0.00      0          0          0          0          0          0          0          0          0          0
  probing          :       2.47       0.00      1          0          0          0          0          0          0          0          0          0
  pseudoobj        :       0.00       0.00      0          0          0          0          0          0          0          0          0          0
  symmetry         :       0.00       0.00      1          0          0          0          0          0          0          0          0          0
  vbounds          :       0.00       0.00      0          0          0          0          0          0          0          0          0          0
  chancecons       :       0.00       0.00      0          0          0          0          0          0          0          0          0          0
  varbound         :       0.12       0.00      2          0          0          0          0          0          0          0          0          0
  knapsack         :       0.00       0.00      3          0          0          0          0          0          0          0          0          0
  linear           :       0.25       0.03      7          0          4          0        150          0        745          0          0          0
  bounddisjunction :       0.00       0.00      0          0          0          0          0          0          0          0          0          0
  benders          :       0.00       0.00      0          0          0          0          0          0          0          0          0          0
  components       :       0.00       0.00      1          0          0          0          0          0          0          0          0          0
  root node        :          -          -      -          0          -          -       3457          -          -          -          -          -
Constraints        :     Number  MaxNumber  #Separate #Propagate    #EnfoLP    #EnfoRelax  #EnfoPS    #Check   #ResProp    Cutoffs    DomReds       Cuts    Applied      Conss   Children
  benderslp        :          0          0          0          0       6101          0          0       1093          0          0          0          0          0          0          0
  chancecons       :          1          1       1083          0          0          0          0          0          0          0          0      67187      27881          0          0
  integral         :          0          0          0          0       6101          0          0       1093          0          0       1273          0          0       1301      11578
  varbound         :      89411      89411         21     312625          0          0          0       1088     867429          0     217088          0          0          0          0
  knapsack         :          1          1         21     323381          0          0          0         74          0       1367      18711          0          0          0          0
  linear           :        444+       494         21     322883          0          0          0         75      56745       1139    1640544          0          0          0          0
  bounddisjunction :          0+      1557          0      12574          0          0          0          0          0          0          0          0          0          0          0
  benders          :          0          0          0          0          0          0          0         73          0          0          0          0          0          0          0
  fixedvar         :          0          0          0          0          0          0          0         73          0          0          0          0          0          0          0
  countsols        :          0          0          0          0          0          0          0         73          0          0          0          0          0          0          0
  components       :          0          0          0          0          0          0          0          0          0          0          0          0          0          0          0
Constraint Timings :  TotalTime  SetupTime   Separate  Propagate     EnfoLP     EnfoPS     EnfoRelax   Check    ResProp    SB-Prop
  benderslp        :       0.00       0.00       0.00       0.00       0.00       0.00       0.00       0.00       0.00       0.00
  chancecons       :       8.18       0.00       8.18       0.00       0.00       0.00       0.00       0.00       0.00       0.00
  integral         :    2209.17       0.00       0.00       0.00    2209.17       0.00       0.00       0.00       0.00       0.00
  varbound         :      32.06       0.00       0.18      22.47       0.00       0.00       0.00       0.55       0.10       8.77
  knapsack         :       5.70       0.00       3.27       2.19       0.00       0.00       0.00       0.00       0.00       0.24
  linear           :      39.95       0.03       0.08      31.46       0.00       0.00       0.00       0.00       0.20       8.18
  bounddisjunction :       0.60       0.00       0.00       0.44       0.00       0.00       0.00       0.00       0.00       0.16
  benders          :       0.00       0.00       0.00       0.00       0.00       0.00       0.00       0.00       0.00       0.00
  fixedvar         :       0.00       0.00       0.00       0.00       0.00       0.00       0.00       0.00       0.00       0.00
  countsols        :       0.00       0.00       0.00       0.00       0.00       0.00       0.00       0.00       0.00       0.00
  components       :       0.02       0.00       0.00       0.02       0.00       0.00       0.00       0.00       0.00       0.00
Propagators        : #Propagate   #ResProp    Cutoffs    DomReds
  dualfix          :          7          0          0          0
  genvbounds       :          0          0          0          0
  nlobbt           :          0          0          0          0
  obbt             :          0          0          0          0
  probing          :          0          0          0          0
  pseudoobj        :      36560          0          0        298
  redcost          :      14092          0          0     120033
  rootredcost      :         39          0          0        897
  symmetry         :          0          0          0          0
  vbounds          :     147566          0          0          0
Propagator Timings :  TotalTime  SetupTime   Presolve  Propagate    ResProp    SB-Prop
  dualfix          :       0.00       0.00       0.00       0.00       0.00       0.00
  genvbounds       :       0.04       0.00       0.00       0.03       0.00       0.01
  nlobbt           :       0.00       0.00       0.00       0.00       0.00       0.00
  obbt             :       0.00       0.00       0.00       0.00       0.00       0.00
  probing          :       2.47       0.00       2.47       0.00       0.00       0.00
  pseudoobj        :       0.30       0.00       0.00       0.30       0.00       0.00
  redcost          :       1.12       0.00       0.00       1.11       0.00       0.01
  rootredcost      :       0.05       0.00       0.00       0.04       0.00       0.01
  symmetry         :       0.06       0.00       0.00       0.05       0.00       0.01
  vbounds          :       0.30       0.00       0.00       0.28       0.00       0.02
Symmetry           :
  orbitopal red.   :          0 reductions applied,          0 cutoffs
  orbital reduction:          0 reductions applied,          0 cutoffs
  lexicographic red:          0 reductions applied,          0 cutoffs
  shadow tree time :       0.00 s
Conflict Analysis  :       Time      Calls    Success    DomReds  Conflicts   Literals    Reconvs ReconvLits   Dualrays   Nonzeros   LP Iters   (pool size: [10000,10000])
  propagation      :       0.68       1368       1368          -      23507      171.2          6       43.3          -          -          -
  infeasible LP    :       0.33         98         93          -       1889      191.3          3       40.7          4        4.0          0
  bound exceed. LP :      10.96       1245        893          -       2381       88.6          0        0.0        721       89.7       8879
  strong branching :       0.00          0          0          -          0        0.0          0        0.0          -          -          0
  pseudo solution  :       0.00          0          0          -          0        0.0          0        0.0          -          -          -
  applied globally :       1.23          -          -        503      12189      129.7          -          -        725          -          -
  applied locally  :          -          -          -          0         27      578.2          -          -          0          -          -
Separators         :   ExecTime  SetupTime      Calls  RootCalls    Cutoffs    DomReds  FoundCuts ViaPoolAdd  DirectAdd    Applied ViaPoolApp  DirectApp      Conss
  cut pool         :       0.55          -       1583         41          -          -      18639     285069          -          -          -          -          -    (maximal pool size:      10884)
  aggregation      :       1.66       0.00         83         21          0          0      16003     206207          0      49843      49843          0          0
  > cmir           :          -          -          -          -          -          -          -     206207          0      49843      49843          0          -
  > flowcover      :          -          -          -          -          -          -          -          0          0          0          0          0          -
  > knapsackcover  :          -          -          -          -          -          -          -          0          0          0          0          0          -
  cgmip            :       0.00       0.00          0          0          0          0          0          0          0          0          0          0          0
  clique           :       0.00       0.00          1          1          0          0          0          0          0          0          0          0          0
  closecuts        :       0.00       0.00          0          0          0          0          0          0          0          0          0          0          0
  convexproj       :       0.00       0.00          0          0          0          0          0          0          0          0          0          0          0
  disjunctive      :       0.00       0.00          0          0          0          0          0          0          0          0          0          0          0
  eccuts           :       0.00       0.00          0          0          0          0          0          0          0          0          0          0          0
  gauge            :       0.00       0.00          0          0          0          0          0          0          0          0          0          0          0
  gomory           :      21.30       0.00         65         10          0          0       2636      78862          0       9307       9307          0          0
  > gomorymi       :          -          -          -          -          -          -          -      78862          0       9307       9307          0          -
  > strongcg       :          -          -          -          -          -          -          -          0          0          0          0          0          -
  impliedbounds    :       0.11       0.00         83         21          0          0          0          0          0          0          0          0          0
  interminor       :       0.00       0.00          0          0          0          0          0          0          0          0          0          0          0
  intobj           :       0.00       0.00          0          0          0          0          0          0          0          0          0          0          0
  lagromory        :       0.00       0.00          0          0          0          0          0          0          0          0          0          0          0
  mcf              :       0.02       0.00          1          1          0          0          0          0          0          0          0          0          0
  minor            :       0.00       0.00         10         10          0          0          0          0          0          0          0          0          0
  mixing           :       0.00       0.00          0          0          0          0          0          0          0          0          0          0          0
  oddcycle         :       0.00       0.00          0          0          0          0          0          0          0          0          0          0          0
  rapidlearning    :       0.00       0.00          0          0          0          0          0          0          0          0          0          0          0
  rlt              :       0.00       0.00         10         10          0          0          0          0          0          0          0          0          0
  zerohalf         :       0.38       0.00         75         20          0          0          0          0          0          0          0          0          0
Cutselectors       :   ExecTime  SetupTime      Calls  RootCalls   Selected     Forced   Filtered  RootSelec   RootForc   RootFilt 
  hybrid           :       0.74       0.00       1501         21      87031          0     265225       2450          0      14117
  ensemble         :       0.00       0.00          0          0          0          0          0          0          0          0
  dynamic          :       0.00       0.00          0          0          0          0          0          0          0          0
Pricers            :   ExecTime  SetupTime      Calls       Vars
  problem variables:       0.00          -          0          0
Branching Rules    :   ExecTime  SetupTime   BranchLP  BranchExt   BranchPS    Cutoffs    DomReds       Cuts      Conss   Children
  allfullstrong    :       0.00       0.00          0          0          0          0          0          0          0          0
  cloud            :       0.00       0.00          0          0          0          0          0          0          0          0
  distribution     :       0.00       0.00          0          0          0          0          0          0          0          0
  fullstrong       :       0.00       0.00          0          0          0          0          0          0          0          0
  gomory           :       0.00       0.00          0          0          0          0          0          0          0          0
  inference        :       0.00       0.00          0          0          0          0          0          0          0          0
  leastinf         :       0.00       0.00          0          0          0          0          0          0          0          0
  lookahead        :       0.00       0.00          0          0          0          0          0          0          0          0
  mostinf          :       0.00       0.00          0          0          0          0          0          0          0          0
  multaggr         :       0.00       0.00          0          0          0          0          0          0          0          0
  nodereopt        :       0.00       0.00          0          0          0          0          0          0          0          0
  pscost           :       0.00       0.00          0          0          0          0          0          0          0          0
  random           :       0.00       0.00          0          0          0          0          0          0          0          0
  relpscost        :    2209.16       0.00       6101          0          0          0       1273          0       1750      11578
  vanillafullstrong:       0.00       0.00          0          0          0          0          0          0          0          0
Primal Heuristics  :   ExecTime  SetupTime      Calls      Found       Best
  LP solutions     :       0.00          -          -          0          0
  relax solutions  :       0.00          -          -          0          0
  pseudo solutions :       0.00          -          -          0          0
  strong branching :       0.02          -          -          0          0
  actconsdiving    :       0.00       0.00          0          0          0
  adaptivediving   :     126.53       0.00         11          0          0
  alns             :       3.78       0.00          8          3          3
  bound            :       0.00       0.00          0          0          0
  clique           :       0.00       0.00          0          0          0
  coefdiving       :       0.00       0.00          0          0          0
  completesol      :       0.00       0.00          0          0          0
  conflictdiving   :     243.65       0.00         26          0          0
  crossover        :       5.14       0.00          3          2          1
  dins             :       0.00       0.00          0          0          0
  distributiondivin:     370.88       0.00         25          1          1
  dps              :       0.00       0.00          0          0          0
  dualval          :       0.00       0.00          0          0          0
  farkasdiving     :       0.00       0.00          0          0          0
  feaspump         :      10.96       0.00          1          0          0
  fixandinfer      :       0.00       0.00          0          0          0
  fracdiving       :     346.87       0.00         26          8          8
  gins             :       0.11       0.00          0          0          0
  guideddiving     :     475.86       0.00         25          3          3
  indicator        :       0.00       0.00          0          0          0
  indicatordiving  :       0.00       0.00          0          0          0
  intdiving        :       0.00       0.00          0          0          0
  intshifting      :     120.23       0.00         21          0          0
  linesearchdiving :     323.46       0.00         25          5          5
  localbranching   :       0.00       0.00          0          0          0
  locks            :       0.33       0.00          1          1          1
  lpface           :       0.01       0.00          0          0          0
  mpec             :       0.00       0.00          0          0          0
  multistart       :       0.00       0.00          0          0          0
  mutation         :       0.00       0.00          0          0          0
  nlpdiving        :       0.00       0.00          0          0          0
  objpscostdiving  :    1034.58       0.00         13         13          1
  octane           :       0.00       0.00          0          0          0
  ofins            :       0.00       0.00          0          0          0
  oneopt           :       0.26       0.00         39          0          0
  padm             :       0.00       0.00          0          0          0
  proximity        :       0.00       0.00          0          0          0
  pscostdiving     :     340.25       0.00         26         12         12
  randrounding     :       2.05       0.00       1013          0          0
  rens             :       0.00       0.00          0          0          0
  reoptsols        :       0.00       0.00          0          0          0
  repair           :       0.00       0.00          0          0          0
  rins             :      18.70       0.00         13         13          5
  rootsoldiving    :      94.13       0.00         13         11          0
  rounding         :       4.07       0.00       1176          0          0
  scheduler        :       0.00       0.00          0          0          0
  shiftandpropagate:       0.00       0.00          0          0          0
  shifting         :      58.56       0.00        603          0          0
  simplerounding   :       0.01       0.00          0          0          0
  subnlp           :       0.01       0.00          0          0          0
  trivial          :       0.01       0.00          2          0          0
  trivialnegation  :       0.00       0.00          0          0          0
  trustregion      :       0.00       0.00          0          0          0
  trysol           :       0.00       0.00          0          0          0
  twoopt           :       0.00       0.00          0          0          0
  undercover       :       0.00       0.00          0          0          0
  vbounds          :       0.19       0.00          1          0          0
  veclendiving     :     361.51       0.00         25          0          0
  zeroobj          :       0.00       0.00          0          0          0
  zirounding       :       7.68       0.00       1000          0          0
  other solutions  :          -          -          -          0          -
LNS (Scheduler)    :      Calls  SetupTime  SolveTime SolveNodes       Sols       Best       Exp3    Exp3-IX  EpsGreedy        UCB TgtFixRate  Opt  Inf Node Stal  Sol  Usr Othr Actv
  rens             :          0       0.00       0.00          0          0          0    0.00000    0.12500   -1.00000    1.00000      0.900    0    0    0    0    0    0    0    1
  rins             :          0       0.00       0.00          0          0          0    0.00000    0.12500   -1.00000    1.00000      0.900    0    0    0    0    0    0    0    1
  mutation         :          0       0.00       0.00          0          0          0    0.00000    0.12500   -1.00000    1.00000      0.900    0    0    0    0    0    0    0    1
  localbranching   :          0       0.00       0.00          0          0          0    0.00000    0.12500   -1.00000    1.00000      0.900    0    0    0    0    0    0    0    1
  crossover        :          0       0.00       0.00          0          0          0    0.00000    0.12500   -1.00000    1.00000      0.900    0    0    0    0    0    0    0    1
  proximity        :          0       0.00       0.00          0          0          0    0.00000    0.12500   -1.00000    1.00000      0.900    0    0    0    0    0    0    0    1
  zeroobjective    :          0       0.00       0.00          0          0          0    0.00000    0.12500   -1.00000    1.00000      0.900    0    0    0    0    0    0    0    1
  dins             :          0       0.00       0.00          0          0          0    0.00000    0.12500   -1.00000    1.00000      0.900    0    0    0    0    0    0    0    1
  trustregion      :          0       0.00       0.00          0          0          0    0.00000    0.00000   -1.00000    1.00000      0.900    0    0    0    0    0    0    0    0
LP                 :       Time      Calls Iterations  Iter/call   Iter/sec  Time-0-It Calls-0-It    ItLimit
  primal LP        :       4.04        782          1       1.00       0.25       4.03        781
  dual LP          :    8101.25       9762    6577489     742.38     811.91       4.91        902
  lex dual LP      :       0.00          0          0       0.00          -
  barrier LP       :       0.00          0          0       0.00          -       0.00          0
  resolve instable :       0.10          1          1       1.00      10.44
  diving/probing LP:    3754.44       9104    1971855     216.59     525.21
  strong branching :    2115.05       4795    1379874     287.77     652.41          -          -       2251
    (at root node) :          -         68      44947     660.99          -
  conflict analysis:       8.54        896       8879       9.91    1039.82
B&B Tree           :
  number of runs   :          1
  nodes            :       8356 (5789 internal, 2567 leaves)
  feasible leaves  :          0
  infeas. leaves   :        791
  objective leaves :       1775
  nodes (total)    :       8356 (5789 internal, 2567 leaves)
  nodes left       :       2187
  max depth        :        164
  max depth (total):        164
  backtracks       :       1036 (12.4%)
  early backtracks :          0 (0.0%)
  nodes exc. ref.  :          0 (0.0%)
  delayed cutoffs  :        261
  repropagations   :       2587 (88255 domain reductions, 33 cutoffs)
  avg switch length:       7.31
  switching time   :      15.76
Root Node          :
  First LP value   : +9.35541694674922e+05
  First LP Iters   :      16141 (484.33 Iter/sec)
  First LP Time    :      33.33
  Final Dual Bound : +9.37603228136396e+05
  Final Root Iters :      32804
  Root LP Estimate : +9.76351972303057e+05
Solution           :
  Solutions found  :         72 (40 improvements)
  First Solution   : +9.63046199000000e+05   (in run 1, after 1 nodes, 3.91 seconds, depth 601, found by <locks>)
  Gap First Sol.   :   infinite
  Gap Last Sol.    :       1.86 %
  Primal Bound     : +9.57780223000001e+05   (in run 1, after 7980 nodes, 13816.73 seconds, depth 100, found by <rins>)
  Dual Bound       : +9.40289641352001e+05
  Gap              :       1.86 %
Integrals          :      Total       Avg%
  primal-dual      :   35689.43       2.48
  primal-ref       :          -          - (not evaluated)
  dual-ref         :          -          - (not evaluated)

 Branching Statistics...

 Total number of propagations -> 0

 Number of cutoffs of KnaCons -> 0

 Total number of variables fixed to 1 by the propagator -> 0

 Total number of variables fixed to 0 by the propagator -> 0

 Maximum number of rounds of the approximation algorithm -> 0

 Runtime of the exact algorithm -> 0.0000 s

 Total number of variables fixed to 1 in the exact algorithm -> 0

 Total number of variables fixed to 0 in the exact algorithm -> 0

 Number of cutoffs in the exact algorithm -> 0

 Number of cutoffs in the approximation algorithm -> 0

 PS:  
