***************************************
*         SCIP-based CCP Solver       *
*                                     *
*    Wei Lv and Wei-Kun Chen (2024)   *
***************************************
/beegfs/home/30150120/SCIP-CCP/build/ccp -f data/CCMPPData/150-1000-1.ccmpp -s settings/CCMPPSetting/BASE+sDI1.set 
SCIP version 9.1.0 [precision: 8 byte] [memory: block] [mode: optimized] [LP solver: Soplex 7.1.0] [GitHash: 8cab0278ba]
Copyright (c) 2002-2024 Zuse Institute Berlin (ZIB)

External libraries: 
  Soplex 7.1.0         Linear Programming Solver developed at Zuse Institute Berlin (soplex.zib.de) [GitHash: 595bfac9]
  CppAD 20180000.0     Algorithmic Differentiation of C++ algorithms developed by B. Bell (github.com/coin-or/CppAD)
  ZLIB 1.2.7           General purpose compression library by J. Gailly and M. Adler (zlib.net)
  GMP 6.2.1            GNU Multiple Precision Arithmetic Library developed by T. Granlund (gmplib.org)
  AMPL/MP 690e9e7      AMPL .nl file reader library (github.com/ampl/mp)
  PaPILO 2.3.0         parallel presolve for integer and linear optimization (github.com/scipopt/papilo) (built with TBB) [GitHash: 4b8ce6ed]
  Nauty 2.8.8          Computing Graph Automorphism Groups by Brendan D. McKay (users.cecs.anu.edu.au/~bdm/nauty)
  sassy 1.1            Symmetry preprocessor by Markus Anders (github.com/markusa4/sassy)

reading user parameter file <settings/CCMPPSetting/BASE+sDI1.set>

read problem <data/CCMPPData/150-1000-1.ccmpp>
============

File name: 	data/CCMPPData/150-1000-1.ccmpp
Problem name:	CCMPPData/150-1000-1
Dimension: 	150
NumScenario: 	1000
ConfidenceParameter: 	0.10
IsEqualProbability: 	1
BASE+DI: 	1
BASE+sDI: 	1
BASE+DB: 	0
BASE+DB+OPF: 	0
Dominance and Aggregation Statistics......
NumEdge:        0
NumBiEdge: 	0
NumDomIneqs: 	0
DominanceRatio: 0.0000
NumAggScenario: 1000 
BasicNumScenario: 1000 
Dominance Inequalities Statistics......
NumBasicDomIneqs: 0
NumNonReDomIneqs: 0
Duration: 0.0500 s 

original problem has 1750 variables (1000 bin, 0 int, 0 impl, 750 cont) and 15602 constraints

solve problem
=============

presolving:
(round 1, fast)       4 del vars, 182 del conss, 0 add conss, 150 chg bounds, 0 chg sides, 0 chg coeffs, 0 upgd conss, 0 impls, 0 clqs
   (0.1s) running MILP presolver
   (0.1s) MILP presolver (3 rounds): 152 aggregations, 2 fixings, 71 bound changes
(round 2, medium)     158 del vars, 182 del conss, 0 add conss, 221 chg bounds, 0 chg sides, 0 chg coeffs, 0 upgd conss, 0 impls, 0 clqs
(round 3, fast)       158 del vars, 334 del conss, 0 add conss, 221 chg bounds, 0 chg sides, 0 chg coeffs, 0 upgd conss, 0 impls, 0 clqs
(round 4, exhaustive) 158 del vars, 334 del conss, 0 add conss, 221 chg bounds, 0 chg sides, 0 chg coeffs, 14823 upgd conss, 0 impls, 0 clqs
   (0.4s) probing: 1000/1000 (100.0%) - 0 fixings, 0 aggregations, 1233 implications, 0 bound changes
   (0.4s) probing cycle finished: starting next cycle
   (0.4s) probing: 1/1000 (0.1%) - 0 fixings, 0 aggregations, 1235 implications, 0 bound changes
   (0.4s) probing aborted: 1000/1000 successive useless probings
   (0.5s) symmetry computation started: requiring (bin +, int +, cont +), (fixed: bin -, int -, cont -)
   Symmetry detection interrupted: constraints of type chancecons do not provide symmetry information.
   If symmetries shall be detected, implement the CONSGETPERMSYMGRAPH callback.
   (0.5s) could not compute symmetry
presolving (5 rounds: 5 fast, 3 medium, 2 exhaustive):
 158 deleted vars, 334 deleted constraints, 0 added constraints, 221 tightened bounds, 0 added holes, 0 changed sides, 0 changed coefficients
 16057 implications, 0 cliques
presolved problem has 1592 variables (1000 bin, 0 int, 0 impl, 592 cont) and 15268 constraints
      1 constraints of type <chancecons>
  14822 constraints of type <varbound>
      1 constraints of type <knapsack>
    444 constraints of type <linear>
Presolving Time: 0.48

 time | node  | left  |LP iter|LP it/n|mem/heur|mdpt |vars |cons |rows |cuts |sepa|confs|strbr|  dualbound   | primalbound  |  gap   | compl. 
p 0.6s|     1 |     0 |   292 |     - |   locks|   0 |1592 |  15k|  15k|   0 |  0 |   0 |   0 | 0.000000e+00 | 1.088145e+06 |    Inf | unknown
  1.7s|     1 |     0 |  5612 |     - |   119M |   0 |1592 |  15k|  15k|   0 |  0 |   0 |   0 | 1.075293e+06 | 1.088145e+06 |   1.20%| unknown
  2.0s|     1 |     0 |  6300 |     - |   121M |   0 |1592 |  15k|  15k| 110 |  1 |   0 |   0 | 1.076593e+06 | 1.088145e+06 |   1.07%| unknown
  2.2s|     1 |     0 |  6918 |     - |   124M |   0 |1592 |  15k|  15k| 227 |  2 |   0 |   0 | 1.077436e+06 | 1.088145e+06 |   0.99%| unknown
  2.5s|     1 |     0 |  7541 |     - |   126M |   0 |1592 |  15k|  15k| 359 |  3 |   0 |   0 | 1.078048e+06 | 1.088145e+06 |   0.94%| unknown
  2.8s|     1 |     0 |  8406 |     - |   128M |   0 |1592 |  15k|  15k| 506 |  4 |   0 |   0 | 1.078584e+06 | 1.088145e+06 |   0.89%| unknown
  3.3s|     1 |     0 |  9573 |     - |   131M |   0 |1592 |  15k|  15k| 655 |  5 |   0 |   0 | 1.079062e+06 | 1.088145e+06 |   0.84%| unknown
  3.8s|     1 |     0 | 10791 |     - |   133M |   0 |1592 |  15k|  16k| 791 |  6 |   0 |   0 | 1.079501e+06 | 1.088145e+06 |   0.80%| unknown
  4.3s|     1 |     0 | 12153 |     - |   135M |   0 |1592 |  15k|  16k| 949 |  7 |   0 |   0 | 1.079853e+06 | 1.088145e+06 |   0.77%| unknown
  4.8s|     1 |     0 | 13388 |     - |   137M |   0 |1592 |  15k|  16k|1105 |  8 |   0 |   0 | 1.080065e+06 | 1.088145e+06 |   0.75%| unknown
  5.6s|     1 |     0 | 15264 |     - |   139M |   0 |1592 |  15k|  16k|1246 |  9 |   0 |   0 | 1.080327e+06 | 1.088145e+06 |   0.72%| unknown
  6.6s|     1 |     0 | 17645 |     - |   141M |   0 |1592 |  15k|  16k|1436 | 10 |   0 |   0 | 1.080582e+06 | 1.088145e+06 |   0.70%| unknown
  7.5s|     1 |     0 | 19961 |     - |   143M |   0 |1592 |  15k|  16k|1594 | 11 |   0 |   0 | 1.080751e+06 | 1.088145e+06 |   0.68%| unknown
  8.9s|     1 |     0 | 23684 |     - |   146M |   0 |1592 |  15k|  17k|1747 | 12 |   0 |   0 | 1.080900e+06 | 1.088145e+06 |   0.67%| unknown
 10.4s|     1 |     0 | 27703 |     - |   149M |   0 |1592 |  15k|  17k|1883 | 13 |   0 |   0 | 1.081076e+06 | 1.088145e+06 |   0.65%| unknown
 time | node  | left  |LP iter|LP it/n|mem/heur|mdpt |vars |cons |rows |cuts |sepa|confs|strbr|  dualbound   | primalbound  |  gap   | compl. 
 12.3s|     1 |     0 | 32350 |     - |   151M |   0 |1592 |  15k|  17k|2017 | 14 |   0 |   0 | 1.081212e+06 | 1.088145e+06 |   0.64%| unknown
 14.1s|     1 |     0 | 36624 |     - |   152M |   0 |1592 |  15k|  17k|2160 | 15 |   0 |   0 | 1.081321e+06 | 1.088145e+06 |   0.63%| unknown
 16.2s|     1 |     0 | 41410 |     - |   155M |   0 |1592 |  15k|  17k|2300 | 16 |   0 |   0 | 1.081414e+06 | 1.088145e+06 |   0.62%| unknown
 18.2s|     1 |     0 | 45998 |     - |   157M |   0 |1592 |  15k|  17k|2453 | 17 |   0 |   0 | 1.081483e+06 | 1.088145e+06 |   0.62%| unknown
 20.7s|     1 |     0 | 51335 |     - |   160M |   0 |1592 |  15k|  17k|2593 | 18 |   0 |   0 | 1.081574e+06 | 1.088145e+06 |   0.61%| unknown
 23.0s|     1 |     0 | 56061 |     - |   163M |   0 |1592 |  15k|  17k|2716 | 19 |   0 |   0 | 1.081632e+06 | 1.088145e+06 |   0.60%| unknown
 25.2s|     1 |     0 | 60269 |     - |   164M |   0 |1592 |  15k|  17k|2844 | 20 |   0 |   0 | 1.081678e+06 | 1.088145e+06 |   0.60%| unknown
 27.3s|     1 |     0 | 64587 |     - |   165M |   0 |1592 |  15k|  18k|2960 | 21 |   0 |   0 | 1.081716e+06 | 1.088145e+06 |   0.59%| unknown
 30.0s|     1 |     0 | 69689 |     - |   165M |   0 |1592 |  15k|  17k|3076 | 22 |   0 |   0 | 1.081759e+06 | 1.088145e+06 |   0.59%| unknown
 32.8s|     1 |     0 | 75334 |     - |   166M |   0 |1592 |  15k|  17k|3196 | 23 |   0 |   0 | 1.081797e+06 | 1.088145e+06 |   0.59%| unknown
 35.7s|     1 |     0 | 81027 |     - |   166M |   0 |1592 |  15k|  18k|3334 | 24 |   0 |   0 | 1.081833e+06 | 1.088145e+06 |   0.58%| unknown
 38.4s|     1 |     0 | 86207 |     - |   167M |   0 |1592 |  15k|  18k|3469 | 25 |   0 |   0 | 1.081856e+06 | 1.088145e+06 |   0.58%| unknown
o46.5s|     1 |     0 |104491 |     - |feaspump|   0 |1592 |  15k|  18k|3469 | 25 |   0 |   0 | 1.081856e+06 | 1.087570e+06 |   0.53%| unknown
 46.6s|     1 |     0 |104491 |     - |   168M |   0 |1592 |  15k|  18k|3469 | 25 |   0 |   0 | 1.081856e+06 | 1.087570e+06 |   0.53%| unknown
 50.1s|     1 |     0 |110827 |     - |   168M |   0 |1592 |  15k|  17k|3629 | 26 |   0 |   0 | 1.081884e+06 | 1.087570e+06 |   0.53%| unknown
 time | node  | left  |LP iter|LP it/n|mem/heur|mdpt |vars |cons |rows |cuts |sepa|confs|strbr|  dualbound   | primalbound  |  gap   | compl. 
 51.8s|     1 |     0 |114157 |     - |   168M |   0 |1592 |  15k|  17k|3746 | 27 |   0 |   0 | 1.081892e+06 | 1.087570e+06 |   0.52%| unknown
 68.4s|     1 |     2 |114157 |     - |   169M |   0 |1592 |  15k|  17k|3746 | 27 |   0 |  30 | 1.081939e+06 | 1.087570e+06 |   0.52%| unknown
d 127s|     7 |     8 |126646 |5177.5 |pscostdi|   4 |1592 |  15k|  16k|   0 |  1 |   0 | 205 | 1.082023e+06 | 1.087153e+06 |   0.47%| unknown
d 138s|    10 |    11 |136236 |4517.2 |adaptive|   4 |1592 |  15k|  16k|   0 |  1 |   0 | 235 | 1.082023e+06 | 1.087126e+06 |   0.47%| unknown
d 176s|    32 |    33 |226069 |4209.3 |guideddi|  15 |1592 |  15k|  16k|   0 |  1 | 171 | 261 | 1.082039e+06 | 1.086995e+06 |   0.46%| unknown
d 178s|    36 |    37 |233087 |3928.7 |adaptive|  17 |1592 |  15k|  16k|   0 |  1 | 171 | 261 | 1.082039e+06 | 1.086844e+06 |   0.44%| unknown
d 181s|    39 |    40 |242438 |3864.7 |pscostdi|  18 |1592 |  15k|  16k|   0 |  1 | 184 | 264 | 1.082039e+06 | 1.086788e+06 |   0.44%| unknown
d 223s|    78 |    79 |344480 |3232.5 |pscostdi|  31 |1592 |  15k|  16k|   0 |  1 | 284 | 307 | 1.082079e+06 | 1.086736e+06 |   0.43%| unknown
  249s|   100 |   101 |416660 |3243.2 |   176M |  37 |1592 |  15k|  17k|5577 |  1 | 307 | 325 | 1.082079e+06 | 1.086736e+06 |   0.43%| unknown
L 256s|   114 |   115 |434491 |2999.2 |    alns|  40 |1592 |  15k|  17k|5777 |  3 | 311 | 333 | 1.082079e+06 | 1.086193e+06 |   0.38%| unknown
d 279s|   145 |   146 |487618 |2722.5 |pscostdi|  51 |1592 |  15k|  17k|   0 |  1 | 327 | 372 | 1.082079e+06 | 1.086014e+06 |   0.36%| unknown
  316s|   200 |   201 |574155 |2404.9 |   187M |  58 |1592 |  15k|  17k|7055 |  1 | 373 | 406 | 1.082097e+06 | 1.086014e+06 |   0.36%| unknown
L 321s|   203 |   204 |577279 |2384.6 |    alns|  60 |1592 |  15k|  17k|7162 |  2 | 373 | 425 | 1.082097e+06 | 1.085802e+06 |   0.34%| unknown
L 342s|   292 |   270 |626649 |1825.0 |    alns| 106 |1592 |  15k|  17k|7992 |  2 | 376 | 468 | 1.082097e+06 | 1.085728e+06 |   0.34%| unknown
  344s|   300 |   274 |632378 |1795.3 |   190M | 106 |1592 |  15k|  17k|8040 |  4 | 380 | 475 | 1.082097e+06 | 1.085728e+06 |   0.34%| unknown
 time | node  | left  |LP iter|LP it/n|mem/heur|mdpt |vars |cons |rows |cuts |sepa|confs|strbr|  dualbound   | primalbound  |  gap   | compl. 
* 344s|   302 |   232 |632496 |1783.8 |    LP  | 106 |1592 |  15k|  17k|8040 |  1 | 380 | 475 | 1.082097e+06 | 1.084791e+06 |   0.25%| unknown
* 345s|   310 |   228 |634812 |1745.1 |    LP  | 106 |1592 |  15k|  17k|8040 |  2 | 380 | 477 | 1.082097e+06 | 1.084776e+06 |   0.25%| unknown
  385s|   400 |   280 |722129 |1570.3 |   196M | 106 |1592 |  15k|  16k|9002 |  1 | 425 | 535 | 1.082159e+06 | 1.084776e+06 |   0.24%| unknown
  416s|   500 |   324 |768745 |1349.0 |   199M | 111 |1592 |  15k|  17k|9369 |  4 | 502 | 650 | 1.082166e+06 | 1.084776e+06 |   0.24%| unknown
L 417s|   510 |   294 |772033 |1329.0 |    rins| 111 |1592 |  15k|  17k|9369 |  4 | 510 | 653 | 1.082166e+06 | 1.084744e+06 |   0.24%| unknown
  446s|   600 |   312 |851941 |1262.7 |   200M | 111 |1592 |  15k|  17k|  10k|  0 | 534 | 674 | 1.082176e+06 | 1.084744e+06 |   0.24%| unknown
  471s|   700 |   348 |919869 |1179.2 |   202M | 111 |1592 |  15k|  17k|  10k|  4 | 572 | 702 | 1.082210e+06 | 1.084744e+06 |   0.23%| unknown
L 494s|   772 |   306 |947714 |1105.2 |crossove| 111 |1592 |  15k|  17k|  11k|  6 | 589 | 786 | 1.082210e+06 | 1.084606e+06 |   0.22%| unknown
  499s|   800 |   308 |958338 |1079.8 |   204M | 111 |1592 |  15k|  17k|  11k|  0 | 606 | 805 | 1.082210e+06 | 1.084606e+06 |   0.22%| unknown
  541s|   900 |   346 |  1061k|1074.5 |   207M | 111 |1592 |  15k|  17k|  12k|  0 | 641 | 840 | 1.082222e+06 | 1.084606e+06 |   0.22%| unknown
  584s|  1000 |   378 |  1147k|1052.9 |   209M | 111 |1592 |  15k|  16k|  13k|  1 | 668 | 926 | 1.082237e+06 | 1.084606e+06 |   0.22%| unknown
  622s|  1100 |   412 |  1245k|1046.6 |   211M | 111 |1592 |  15k|  17k|  14k|  0 | 683 | 981 | 1.082247e+06 | 1.084606e+06 |   0.22%| unknown
  669s|  1200 |   458 |  1358k|1053.0 |   213M | 111 |1592 |  15k|  17k|  15k|  0 | 690 |1015 | 1.082258e+06 | 1.084606e+06 |   0.22%| unknown
  705s|  1300 |   490 |  1436k|1032.3 |   215M | 111 |1592 |  15k|  17k|  16k|  2 | 697 |1066 | 1.082272e+06 | 1.084606e+06 |   0.22%| unknown
  728s|  1400 |   488 |  1489k| 996.4 |   216M | 111 |1592 |  15k|  17k|  17k|  0 | 727 |1122 | 1.082272e+06 | 1.084606e+06 |   0.22%| unknown
 time | node  | left  |LP iter|LP it/n|mem/heur|mdpt |vars |cons |rows |cuts |sepa|confs|strbr|  dualbound   | primalbound  |  gap   | compl. 
L 741s|  1440 |   495 |  1516k| 987.3 |    alns| 111 |1592 |  15k|  17k|  17k|  0 | 730 |1139 | 1.082279e+06 | 1.084583e+06 |   0.21%| unknown
  771s|  1500 |   507 |  1588k| 996.0 |   217M | 111 |1592 |  15k|  16k|  17k|  1 | 744 |1174 | 1.082280e+06 | 1.084583e+06 |   0.21%| unknown
  813s|  1600 |   531 |  1698k|1002.4 |   219M | 111 |1592 |  15k|  17k|  18k|  1 | 767 |1205 | 1.082290e+06 | 1.084583e+06 |   0.21%| unknown
  852s|  1700 |   549 |  1781k| 992.5 |   221M | 111 |1592 |  15k|  17k|  19k|  2 | 786 |1267 | 1.082291e+06 | 1.084583e+06 |   0.21%| unknown
  888s|  1800 |   563 |  1863k| 983.0 |   222M | 111 |1592 |  15k|  17k|  19k|  4 | 808 |1322 | 1.082294e+06 | 1.084583e+06 |   0.21%| unknown
  934s|  1900 |   573 |  1972k| 988.6 |   223M | 111 |1592 |  15k|  17k|  20k|  0 | 821 |1357 | 1.082301e+06 | 1.084583e+06 |   0.21%| unknown
  975s|  2000 |   595 |  2063k| 984.6 |   225M | 111 |1592 |  15k|  17k|  20k|  4 | 833 |1416 | 1.082308e+06 | 1.084583e+06 |   0.21%| unknown
L 994s|  2040 |   588 |  2113k| 989.5 |crossove| 111 |1592 |  15k|  17k|  21k|  2 | 847 |1421 | 1.082312e+06 | 1.084509e+06 |   0.20%| unknown
 1016s|  2100 |   606 |  2158k| 982.7 |   227M | 111 |1592 |  15k|  17k|  21k|  0 | 876 |1452 | 1.082312e+06 | 1.084509e+06 |   0.20%| unknown
 1078s|  2200 |   648 |  2302k|1003.5 |   229M | 111 |1592 |  15k|  17k|  23k|  0 | 886 |1506 | 1.082317e+06 | 1.084509e+06 |   0.20%| unknown
 1132s|  2300 |   682 |  2436k|1018.3 |   231M | 111 |1592 |  15k|  17k|  24k|  0 | 893 |1531 | 1.082330e+06 | 1.084509e+06 |   0.20%| unknown
 1183s|  2400 |   726 |  2562k|1028.2 |   233M | 111 |1592 |  15k|  16k|  25k|  1 | 907 |1557 | 1.082337e+06 | 1.084509e+06 |   0.20%| unknown
 1241s|  2500 |   744 |  2697k|1041.3 |   235M | 111 |1592 |  15k|  17k|  27k|  0 | 929 |1598 | 1.082341e+06 | 1.084509e+06 |   0.20%| unknown
 1289s|  2600 |   782 |  2821k|1049.0 |   236M | 111 |1592 |  15k|  17k|  28k|  1 | 939 |1623 | 1.082342e+06 | 1.084509e+06 |   0.20%| unknown
 1323s|  2700 |   804 |  2904k|1040.9 |   237M | 111 |1592 |  15k|  17k|  29k|  2 | 948 |1649 | 1.082343e+06 | 1.084509e+06 |   0.20%| unknown
 time | node  | left  |LP iter|LP it/n|mem/heur|mdpt |vars |cons |rows |cuts |sepa|confs|strbr|  dualbound   | primalbound  |  gap   | compl. 
 1364s|  2800 |   828 |  3001k|1038.3 |   238M | 111 |1592 |  15k|  17k|  30k|  0 | 961 |1693 | 1.082348e+06 | 1.084509e+06 |   0.20%| unknown
 1421s|  2900 |   858 |  3130k|1046.8 |   239M | 111 |1592 |  15k|  16k|  31k|  1 | 983 |1734 | 1.082354e+06 | 1.084509e+06 |   0.20%| unknown
 1484s|  3000 |   890 |  3279k|1061.6 |   248M | 111 |1592 |  15k|  17k|  33k|  1 | 995 |1800 | 1.082357e+06 | 1.084509e+06 |   0.20%| unknown
 1540s|  3100 |   910 |  3426k|1074.8 |   249M | 111 |1592 |  15k|  17k|  34k|  3 |1002 |1822 | 1.082363e+06 | 1.084509e+06 |   0.20%| unknown
 1581s|  3200 |   924 |  3511k|1067.9 |   251M | 111 |1592 |  15k|  17k|  34k|  0 |1022 |1880 | 1.082367e+06 | 1.084509e+06 |   0.20%| unknown
 1637s|  3300 |   962 |  3631k|1071.9 |   254M | 111 |1592 |  15k|  17k|  35k|  1 |1041 |1947 | 1.082374e+06 | 1.084509e+06 |   0.20%| unknown
 1694s|  3400 |  1000 |  3741k|1072.6 |   256M | 111 |1592 |  15k|  17k|  36k|  0 |1067 |2055 | 1.082375e+06 | 1.084509e+06 |   0.20%| unknown
 1753s|  3500 |  1032 |  3876k|1080.7 |   259M | 111 |1592 |  15k|  17k|  38k|  0 |1084 |2102 | 1.082393e+06 | 1.084509e+06 |   0.20%| unknown
Restart triggered after 50 consecutive estimations that the remaining tree will be large
(run 1, node 3561) performing user restart

(restart) converted 746 cuts from the global cut pool into linear constraints

presolving:
(round 1, fast)       0 del vars, 0 del conss, 0 add conss, 107 chg bounds, 0 chg sides, 0 chg coeffs, 0 upgd conss, 16057 impls, 0 clqs
(round 2, fast)       0 del vars, 0 del conss, 0 add conss, 124 chg bounds, 0 chg sides, 0 chg coeffs, 0 upgd conss, 16057 impls, 0 clqs
presolving (3 rounds: 3 fast, 1 medium, 1 exhaustive):
 0 deleted vars, 0 deleted constraints, 0 added constraints, 128 tightened bounds, 0 added holes, 0 changed sides, 0 changed coefficients
 16057 implications, 0 cliques
presolved problem has 1592 variables (1000 bin, 0 int, 0 impl, 592 cont) and 16160 constraints
      1 constraints of type <chancecons>
  14822 constraints of type <varbound>
      1 constraints of type <knapsack>
   1190 constraints of type <linear>
     15 constraints of type <logicor>
    131 constraints of type <bounddisjunction>
Presolving Time: 0.52
transformed 36/36 original solutions to the transformed problem space

 time | node  | left  |LP iter|LP it/n|mem/heur|mdpt |vars |cons |rows |cuts |sepa|confs|strbr|  dualbound   | primalbound  |  gap   | compl. 
 1784s|     1 |     0 |  3945k|     - |   256M |   0 |1592 |  16k|  16k|   0 |  0 |1095 |2153 | 1.082395e+06 | 1.084509e+06 |   0.20%| unknown
 1785s|     1 |     0 |  3946k|     - |   257M |   0 |1592 |  16k|  16k| 113 |  1 |1095 |2153 | 1.082395e+06 | 1.084509e+06 |   0.20%| unknown
 1786s|     1 |     0 |  3948k|     - |   260M |   0 |1592 |  16k|  16k| 226 |  2 |1095 |2153 | 1.082395e+06 | 1.084509e+06 |   0.20%| unknown
 1786s|     1 |     0 |  3951k|     - |   262M |   0 |1592 |  16k|  16k| 347 |  3 |1095 |2153 | 1.082395e+06 | 1.084509e+06 |   0.20%| unknown
 1787s|     1 |     0 |  3953k|     - |   263M |   0 |1592 |  16k|  16k| 458 |  4 |1095 |2153 | 1.082395e+06 | 1.084509e+06 |   0.20%| unknown
 1788s|     1 |     0 |  3956k|     - |   265M |   0 |1592 |  16k|  16k| 570 |  5 |1095 |2153 | 1.082395e+06 | 1.084509e+06 |   0.20%| unknown
 1790s|     1 |     0 |  3959k|     - |   267M |   0 |1592 |  16k|  16k| 688 |  6 |1095 |2153 | 1.082395e+06 | 1.084509e+06 |   0.20%| unknown
 1791s|     1 |     0 |  3962k|     - |   268M |   0 |1592 |  16k|  16k| 789 |  7 |1095 |2153 | 1.082395e+06 | 1.084509e+06 |   0.20%| unknown
 1792s|     1 |     0 |  3965k|     - |   271M |   0 |1592 |  16k|  16k| 879 |  8 |1095 |2153 | 1.082395e+06 | 1.084509e+06 |   0.20%| unknown
 1794s|     1 |     0 |  3968k|     - |   273M |   0 |1592 |  16k|  16k| 965 |  9 |1095 |2153 | 1.082395e+06 | 1.084509e+06 |   0.20%| unknown
 1796s|     1 |     0 |  3972k|     - |   275M |   0 |1592 |  16k|  17k|1062 | 10 |1095 |2153 | 1.082395e+06 | 1.084509e+06 |   0.20%| unknown
 1797s|     1 |     0 |  3975k|     - |   276M |   0 |1592 |  16k|  17k|1154 | 11 |1095 |2153 | 1.082395e+06 | 1.084509e+06 |   0.20%| unknown
 1799s|     1 |     0 |  3978k|     - |   278M |   0 |1592 |  16k|  17k|1250 | 12 |1095 |2153 | 1.082395e+06 | 1.084509e+06 |   0.20%| unknown
 1800s|     1 |     0 |  3981k|     - |   280M |   0 |1592 |  16k|  17k|1358 | 13 |1095 |2153 | 1.082395e+06 | 1.084509e+06 |   0.20%| unknown
 1801s|     1 |     0 |  3984k|     - |   282M |   0 |1592 |  16k|  17k|1465 | 14 |1095 |2153 | 1.082395e+06 | 1.084509e+06 |   0.20%| unknown
 time | node  | left  |LP iter|LP it/n|mem/heur|mdpt |vars |cons |rows |cuts |sepa|confs|strbr|  dualbound   | primalbound  |  gap   | compl. 
 1803s|     1 |     0 |  3988k|     - |   285M |   0 |1592 |  16k|  17k|1587 | 15 |1095 |2153 | 1.082395e+06 | 1.084509e+06 |   0.20%| unknown
 1805s|     1 |     0 |  3991k|     - |   287M |   0 |1592 |  16k|  17k|1715 | 16 |1095 |2153 | 1.082395e+06 | 1.084509e+06 |   0.20%| unknown
 1807s|     1 |     0 |  3996k|     - |   288M |   0 |1592 |  16k|  17k|1854 | 17 |1095 |2153 | 1.082395e+06 | 1.084509e+06 |   0.20%| unknown
 1811s|     1 |     2 |  4003k|     - |   289M |   0 |1592 |  16k|  17k|1854 | 17 |1101 |2156 | 1.082395e+06 | 1.084509e+06 |   0.20%| unknown
 1949s|   100 |    99 |  4237k|1115.1 |   293M |  33 |1592 |  16k|  16k|4206 |  2 |1164 |2393 | 1.082395e+06 | 1.084509e+06 |   0.20%| unknown
 2025s|   200 |   187 |  4412k|1132.0 |   294M |  38 |1592 |  16k|  17k|5733 |  1 |1185 |2467 | 1.082395e+06 | 1.084509e+06 |   0.20%| unknown
 2133s|   300 |   253 |  4589k|1148.3 |   302M |  68 |1592 |  16k|  17k|7010 |  1 |1195 |2602 | 1.082395e+06 | 1.084509e+06 |   0.20%| unknown
 2213s|   400 |   283 |  4747k|1159.3 |   304M |  70 |1592 |  16k|  17k|7823 |  1 |1206 |2684 | 1.082395e+06 | 1.084509e+06 |   0.20%| unknown
 2344s|   500 |   319 |  5031k|1200.8 |   305M |  76 |1592 |  16k|  17k|9934 |  2 |1216 |2755 | 1.082395e+06 | 1.084509e+06 |   0.20%| unknown
 2442s|   600 |   325 |  5253k|1225.1 |   306M |  78 |1592 |  16k|  17k|  11k|  2 |1234 |2801 | 1.082395e+06 | 1.084509e+06 |   0.20%| unknown
 2522s|   700 |   339 |  5444k|1241.2 |   308M |  78 |1592 |  16k|  17k|  11k|  1 |1248 |2833 | 1.082395e+06 | 1.084509e+06 |   0.20%| unknown
 2635s|   800 |   349 |  5705k|1272.6 |   309M |  78 |1592 |  16k|  17k|  13k|  4 |1254 |2870 | 1.082395e+06 | 1.084509e+06 |   0.20%| unknown
 2726s|   900 |   355 |  5895k|1286.8 |   312M |  78 |1592 |  16k|  17k|  14k|  1 |1269 |2949 | 1.082395e+06 | 1.084509e+06 |   0.20%| unknown
 2816s|  1000 |   361 |  6063k|1295.4 |   313M |  78 |1592 |  16k|  17k|  15k|  6 |1280 |3044 | 1.082395e+06 | 1.084509e+06 |   0.20%| unknown
 2921s|  1100 |   375 |  6272k|1312.4 |   314M |  78 |1592 |  16k|  17k|  16k|  0 |1289 |3115 | 1.082395e+06 | 1.084509e+06 |   0.20%| unknown
 time | node  | left  |LP iter|LP it/n|mem/heur|mdpt |vars |cons |rows |cuts |sepa|confs|strbr|  dualbound   | primalbound  |  gap   | compl. 
 3007s|  1200 |   373 |  6440k|1320.1 |   314M |  78 |1592 |  16k|  17k|  16k|  4 |1304 |3208 | 1.082395e+06 | 1.084509e+06 |   0.20%| unknown
 3086s|  1300 |   383 |  6621k|1330.3 |   315M |  78 |1592 |  16k|  17k|  17k|  0 |1312 |3243 | 1.082395e+06 | 1.084509e+06 |   0.20%| unknown
 3184s|  1400 |   435 |  6843k|1348.2 |   320M |  78 |1592 |  16k|  17k|  18k|  2 |1324 |3276 | 1.082395e+06 | 1.084509e+06 |   0.20%| unknown
 3271s|  1500 |   461 |  7031k|1358.6 |   322M |  78 |1592 |  16k|  17k|  19k|  4 |1352 |3325 | 1.082395e+06 | 1.084509e+06 |   0.20%| unknown
 3357s|  1600 |   485 |  7225k|1369.8 |   324M |  78 |1592 |  16k|  17k|  20k|  4 |1371 |3368 | 1.082395e+06 | 1.084509e+06 |   0.20%| unknown
 3436s|  1700 |   499 |  7394k|1376.0 |   325M |  78 |1592 |  16k|  17k|  20k|  0 |1373 |3398 | 1.082395e+06 | 1.084509e+06 |   0.20%| unknown
 3511s|  1800 |   531 |  7547k|1378.9 |   327M |  78 |1592 |  16k|  17k|  21k|  0 |1383 |3444 | 1.082395e+06 | 1.084509e+06 |   0.20%| unknown
 3623s|  1900 |   555 |  7814k|1402.6 |   334M |  78 |1592 |  16k|  17k|  22k|  1 |1393 |3471 | 1.082395e+06 | 1.084509e+06 |   0.20%| unknown
 3702s|  2000 |   571 |  7993k|1409.5 |   335M |  78 |1592 |  16k|  18k|  23k|  2 |1396 |3493 | 1.082395e+06 | 1.084509e+06 |   0.20%| unknown
 3778s|  2100 |   611 |  8163k|1414.7 |   336M |  78 |1592 |  16k|  17k|  24k|  1 |1408 |3513 | 1.082395e+06 | 1.084509e+06 |   0.20%| unknown
 3873s|  2200 |   641 |  8369k|1425.8 |   337M |  78 |1592 |  16k|  17k|  25k|  0 |1432 |3545 | 1.082395e+06 | 1.084509e+06 |   0.20%| unknown
 3934s|  2300 |   641 |  8487k|1421.7 |   338M |  78 |1592 |  16k|  18k|  25k|  1 |1446 |3593 | 1.082395e+06 | 1.084509e+06 |   0.20%| unknown
 4059s|  2400 |   663 |  8747k|1441.4 |   339M |  78 |1592 |  16k|  17k|  27k|  2 |1457 |3647 | 1.082395e+06 | 1.084509e+06 |   0.20%| unknown
 4147s|  2500 |   693 |  8939k|1449.4 |   341M |  78 |1592 |  16k|  18k|  27k|  0 |1467 |3680 | 1.082395e+06 | 1.084509e+06 |   0.20%| unknown
 4240s|  2600 |   705 |  9142k|1458.7 |   341M |  78 |1592 |  16k|  18k|  28k|  0 |1471 |3711 | 1.082395e+06 | 1.084509e+06 |   0.20%| unknown
 time | node  | left  |LP iter|LP it/n|mem/heur|mdpt |vars |cons |rows |cuts |sepa|confs|strbr|  dualbound   | primalbound  |  gap   | compl. 
 4351s|  2700 |   719 |  9376k|1472.8 |   347M |  78 |1592 |  16k|  18k|  28k|  0 |1476 |3786 | 1.082395e+06 | 1.084509e+06 |   0.20%| unknown
 4446s|  2800 |   735 |  9528k|1473.6 |   348M |  78 |1592 |  16k|  17k|  28k|  0 |1485 |3862 | 1.082395e+06 | 1.084509e+06 |   0.20%| unknown
 4518s|  2900 |   751 |  9682k|1474.6 |   349M |  78 |1592 |  16k|  18k|  29k|  1 |1496 |3894 | 1.082395e+06 | 1.084509e+06 |   0.20%| unknown
 4612s|  3000 |   769 |  9896k|1484.8 |   350M |  78 |1592 |  16k|  17k|  30k|  1 |1581 |3934 | 1.082395e+06 | 1.084509e+06 |   0.20%| unknown
 4665s|  3100 |   787 | 10021k|1481.3 |   351M |  78 |1592 |  16k|  17k|  30k|  0 |1586 |3960 | 1.082395e+06 | 1.084509e+06 |   0.20%| unknown
 4736s|  3200 |   825 | 10192k|1484.6 |   352M |  78 |1592 |  16k|  17k|  31k|  0 |1596 |3998 | 1.082395e+06 | 1.084509e+06 |   0.20%| unknown
 4814s|  3300 |   863 | 10385k|1491.1 |   358M |  78 |1592 |  16k|  17k|  32k|  0 |1609 |4017 | 1.082395e+06 | 1.084509e+06 |   0.20%| unknown
 4895s|  3400 |   905 | 10590k|1499.1 |   366M |  78 |1592 |  16k|  17k|  33k|  2 |1632 |4039 | 1.082395e+06 | 1.084509e+06 |   0.20%| unknown
 4959s|  3500 |   921 | 10752k|1500.8 |   367M |  78 |1592 |  16k|  17k|  33k|  3 |1634 |4056 | 1.082395e+06 | 1.084509e+06 |   0.20%| unknown
 5086s|  3600 |   925 | 11104k|1529.0 |   368M |  78 |1592 |  16k|  18k|  34k|  6 |1646 |4081 | 1.082395e+06 | 1.084509e+06 |   0.20%| unknown
 5169s|  3700 |   935 | 11294k|1534.2 |   370M |  78 |1592 |  16k|  17k|  35k|  0 |1649 |4126 | 1.082400e+06 | 1.084509e+06 |   0.19%| unknown
 5264s|  3800 |   973 | 11517k|1543.6 |   375M |  78 |1592 |  16k|  17k|  36k|  2 |1661 |4156 | 1.082414e+06 | 1.084509e+06 |   0.19%| unknown
 5331s|  3900 |   999 | 11679k|1544.7 |   377M |  78 |1592 |  16k|  17k|  37k|  1 |1685 |4178 | 1.082423e+06 | 1.084509e+06 |   0.19%| unknown
 5409s|  4000 |  1013 | 11874k|1550.0 |   378M |  78 |1592 |  16k|  18k|  38k|  0 |1691 |4198 | 1.082426e+06 | 1.084509e+06 |   0.19%| unknown
 5487s|  4100 |  1037 | 12060k|1554.0 |   382M |  78 |1592 |  16k|  17k|  38k|  2 |1695 |4219 | 1.082428e+06 | 1.084509e+06 |   0.19%| unknown
 time | node  | left  |LP iter|LP it/n|mem/heur|mdpt |vars |cons |rows |cuts |sepa|confs|strbr|  dualbound   | primalbound  |  gap   | compl. 
 5578s|  4200 |  1045 | 12285k|1563.1 |   384M |  78 |1592 |  16k|  18k|  40k|  4 |1717 |4240 | 1.082429e+06 | 1.084509e+06 |   0.19%| unknown
 5675s|  4300 |  1063 | 12511k|1571.8 |   385M |  78 |1592 |  16k|  18k|  41k|  0 |1734 |4268 | 1.082432e+06 | 1.084509e+06 |   0.19%| unknown
 5780s|  4400 |  1067 | 12738k|1580.7 |   386M |  78 |1592 |  16k|  18k|  41k|  0 |1753 |4318 | 1.082434e+06 | 1.084509e+06 |   0.19%| unknown
 5853s|  4500 |  1079 | 12923k|1584.0 |   387M |  78 |1592 |  16k|  17k|  42k|  2 |1760 |4329 | 1.082455e+06 | 1.084509e+06 |   0.19%| unknown
 5970s|  4600 |  1099 | 13090k|1585.1 |   391M |  78 |1592 |  16k|  17k|  42k|  0 |1764 |4462 | 1.082456e+06 | 1.084509e+06 |   0.19%| unknown
 6049s|  4700 |  1109 | 13242k|1584.3 |   392M |  78 |1592 |  16k|  17k|  43k|  0 |1766 |4537 | 1.082461e+06 | 1.084509e+06 |   0.19%| unknown
 6170s|  4800 |  1121 | 13433k|1588.2 |   397M |  78 |1592 |  16k|  17k|  44k|  0 |1772 |4677 | 1.082464e+06 | 1.084509e+06 |   0.19%| unknown
 6226s|  4900 |  1117 | 13551k|1583.3 |   397M |  78 |1592 |  16k|  18k|  44k|  2 |1773 |4704 | 1.082464e+06 | 1.084509e+06 |   0.19%| unknown
 6356s|  5000 |  1129 | 13763k|1589.6 |   397M |  78 |1592 |  16k|  18k|  45k|  1 |1774 |4809 | 1.082466e+06 | 1.084509e+06 |   0.19%| unknown
 6444s|  5100 |  1139 | 13939k|1591.6 |   398M |  80 |1592 |  16k|  18k|  46k|  1 |1774 |4856 | 1.082466e+06 | 1.084509e+06 |   0.19%| unknown
 6503s|  5200 |  1137 | 14081k|1589.6 |   398M |  80 |1592 |  16k|  18k|  46k|  0 |1778 |4867 | 1.082466e+06 | 1.084509e+06 |   0.19%| unknown
 6649s|  5300 |  1163 | 14321k|1598.8 |   407M |  80 |1592 |  16k|  18k|  48k|  8 |1785 |4981 | 1.082478e+06 | 1.084509e+06 |   0.19%| unknown
 6797s|  5400 |  1183 | 14498k|1600.7 |   408M |  80 |1592 |  16k|  18k|  48k|  1 |1804 |5168 | 1.082479e+06 | 1.084509e+06 |   0.19%| unknown
 6891s|  5500 |  1191 | 14670k|1602.0 |   410M |  80 |1592 |  16k|  18k|  49k|  0 |1808 |5234 | 1.082481e+06 | 1.084509e+06 |   0.19%| unknown
 6973s|  5600 |  1213 | 14863k|1605.6 |   411M |  80 |1592 |  16k|  18k|  50k|  1 |1811 |5243 | 1.082483e+06 | 1.084509e+06 |   0.19%| unknown
 time | node  | left  |LP iter|LP it/n|mem/heur|mdpt |vars |cons |rows |cuts |sepa|confs|strbr|  dualbound   | primalbound  |  gap   | compl. 
 7112s|  5700 |  1249 | 15156k|1619.9 |   413M |  80 |1592 |  16k|  18k|  51k|  2 |1826 |5309 | 1.082485e+06 | 1.084509e+06 |   0.19%| unknown
 7200s|  5800 |  1277 | 15364k|1624.8 |   419M |  80 |1592 |  16k|  17k|  52k|  2 |1826 |5310 | 1.082492e+06 | 1.084509e+06 |   0.19%| unknown
 7270s|  5900 |  1313 | 15538k|1626.0 |   424M |  80 |1592 |  16k|  18k|  53k|  1 |1863 |5311 | 1.082496e+06 | 1.084509e+06 |   0.19%| unknown
 7370s|  6000 |  1313 | 15696k|1625.6 |   425M |  80 |1592 |  16k|  17k|  53k|  0 |1864 |5398 | 1.082496e+06 | 1.084509e+06 |   0.19%| unknown
 7454s|  6100 |  1339 | 15871k|1626.8 |   431M |  80 |1592 |  16k|  18k|  54k|  0 |1876 |5434 | 1.082501e+06 | 1.084509e+06 |   0.19%| unknown
 7528s|  6200 |  1373 | 16034k|1626.9 |   434M |  80 |1592 |  16k|  18k|  55k|  2 |1878 |5455 | 1.082503e+06 | 1.084509e+06 |   0.19%| unknown
 7605s|  6300 |  1409 | 16219k|1629.1 |   438M |  80 |1592 |  16k|  18k|  56k|  1 |1907 |5475 | 1.082508e+06 | 1.084509e+06 |   0.18%| unknown
 7680s|  6400 |  1419 | 16365k|1627.4 |   438M |  80 |1592 |  16k|  17k|  57k|  0 |1912 |5539 | 1.082512e+06 | 1.084509e+06 |   0.18%| unknown
 7794s|  6500 |  1467 | 16629k|1637.5 |   441M |  80 |1592 |  16k|  18k|  58k|  0 |1923 |5576 | 1.082514e+06 | 1.084509e+06 |   0.18%| unknown
 7876s|  6600 |  1507 | 16826k|1640.7 |   449M |  80 |1592 |  16k|  18k|  59k|  2 |1934 |5582 | 1.082516e+06 | 1.084509e+06 |   0.18%| unknown
 7956s|  6700 |  1525 | 17007k|1642.4 |   449M |  80 |1592 |  16k|  18k|  60k|  2 |1943 |5609 | 1.082519e+06 | 1.084509e+06 |   0.18%| unknown
 8027s|  6800 |  1545 | 17174k|1642.6 |   450M |  80 |1592 |  16k|  18k|  61k|  4 |1961 |5614 | 1.082523e+06 | 1.084509e+06 |   0.18%| unknown
 8113s|  6900 |  1569 | 17386k|1647.3 |   451M |  80 |1592 |  16k|  18k|  62k|  2 |1961 |5617 | 1.082525e+06 | 1.084509e+06 |   0.18%| unknown
 8284s|  7000 |  1577 | 17792k|1670.0 |   452M |  80 |1592 |  16k|  18k|  65k|  1 |1962 |5621 | 1.082527e+06 | 1.084509e+06 |   0.18%| unknown
 8429s|  7100 |  1621 | 18158k|1688.7 |   467M |  80 |1592 |  16k|  18k|  67k|  2 |1962 |5632 | 1.082534e+06 | 1.084509e+06 |   0.18%| unknown
 time | node  | left  |LP iter|LP it/n|mem/heur|mdpt |vars |cons |rows |cuts |sepa|confs|strbr|  dualbound   | primalbound  |  gap   | compl. 
 8495s|  7200 |  1643 | 18324k|1688.4 |   475M |  80 |1592 |  16k|  18k|  68k|  2 |1982 |5640 | 1.082540e+06 | 1.084509e+06 |   0.18%| unknown
 8557s|  7300 |  1651 | 18468k|1686.2 |   476M |  80 |1592 |  16k|  18k|  69k|  0 |1990 |5653 | 1.082541e+06 | 1.084509e+06 |   0.18%| unknown
 8617s|  7400 |  1663 | 18613k|1684.0 |   476M |  80 |1592 |  16k|  17k|  69k|  0 |1990 |5656 | 1.082543e+06 | 1.084509e+06 |   0.18%| unknown
 8716s|  7500 |  1717 | 18847k|1689.9 |   486M |  80 |1592 |  16k|  17k|  70k|  1 |2000 |5658 | 1.082552e+06 | 1.084509e+06 |   0.18%| unknown
 8784s|  7600 |  1743 | 19011k|1689.5 |   488M |  80 |1592 |  16k|  18k|  71k|  0 |2003 |5675 | 1.082553e+06 | 1.084509e+06 |   0.18%| unknown
 8859s|  7700 |  1779 | 19194k|1690.8 |   491M |  80 |1592 |  16k|  17k|  72k|  0 |2007 |5690 | 1.082557e+06 | 1.084509e+06 |   0.18%| unknown
 8944s|  7800 |  1817 | 19407k|1694.6 |   499M |  80 |1592 |  16k|  18k|  73k|  2 |2010 |5694 | 1.082561e+06 | 1.084509e+06 |   0.18%| unknown
 9004s|  7900 |  1821 | 19546k|1691.9 |   499M |  80 |1592 |  16k|  18k|  73k|  2 |2010 |5703 | 1.082562e+06 | 1.084509e+06 |   0.18%| unknown
 9078s|  8000 |  1843 | 19714k|1691.8 |   501M |  80 |1592 |  16k|  18k|  74k|  0 |2023 |5718 | 1.082566e+06 | 1.084509e+06 |   0.18%| unknown
 9168s|  8100 |  1885 | 19923k|1695.3 |   503M |  80 |1592 |  16k|  17k|  76k|  2 |2041 |5727 | 1.082573e+06 | 1.084509e+06 |   0.18%| unknown
 9232s|  8200 |  1911 | 20075k|1693.8 |   506M |  80 |1592 |  16k|  17k|  76k|  1 |2048 |5748 | 1.082575e+06 | 1.084509e+06 |   0.18%| unknown
 9289s|  8300 |  1949 | 20212k|1691.0 |   507M |  80 |1592 |  16k|  17k|  77k|  1 |2056 |5757 | 1.082577e+06 | 1.084509e+06 |   0.18%| unknown
 9362s|  8400 |  1969 | 20397k|1692.4 |   508M |  80 |1592 |  16k|  17k|  78k|  1 |2067 |5768 | 1.082581e+06 | 1.084509e+06 |   0.18%| unknown
 9469s|  8500 |  2015 | 20652k|1699.5 |   510M |  80 |1592 |  16k|  18k|  79k|  1 |2079 |5790 | 1.082585e+06 | 1.084509e+06 |   0.18%| unknown
 9549s|  8600 |  2041 | 20846k|1701.5 |   513M |  80 |1592 |  16k|  18k|  80k|  2 |2083 |5798 | 1.082591e+06 | 1.084509e+06 |   0.18%| unknown
 time | node  | left  |LP iter|LP it/n|mem/heur|mdpt |vars |cons |rows |cuts |sepa|confs|strbr|  dualbound   | primalbound  |  gap   | compl. 
 9596s|  8700 |  2063 | 20959k|1696.8 |   515M |  80 |1592 |  16k|  18k|  80k|  0 |2087 |5808 | 1.082595e+06 | 1.084509e+06 |   0.18%| unknown
 9672s|  8800 |  2111 | 21143k|1698.0 |   521M |  80 |1592 |  16k|  18k|  81k|  2 |2096 |5822 | 1.082601e+06 | 1.084509e+06 |   0.18%| unknown
 9747s|  8900 |  2127 | 21317k|1698.3 |   522M |  80 |1592 |  16k|  18k|  82k|  0 |2102 |5850 | 1.082602e+06 | 1.084509e+06 |   0.18%| unknown
 9843s|  9000 |  2159 | 21558k|1704.0 |   526M |  80 |1592 |  16k|  18k|  83k|  0 |2117 |5863 | 1.082603e+06 | 1.084509e+06 |   0.18%| unknown
 9950s|  9100 |  2199 | 21816k|1710.9 |   531M |  80 |1592 |  16k|  18k|  84k|  0 |2123 |5869 | 1.082607e+06 | 1.084509e+06 |   0.18%| unknown
  167m|  9200 |  2219 | 22021k|1713.5 |   531M |  80 |1592 |  16k|  18k|  85k|  1 |2130 |5878 | 1.082607e+06 | 1.084509e+06 |   0.18%| unknown
  168m|  9300 |  2239 | 22153k|1710.5 |   533M |  80 |1592 |  16k|  17k|  86k|  0 |2136 |5894 | 1.082609e+06 | 1.084509e+06 |   0.18%| unknown
  169m|  9400 |  2249 | 22274k|1706.6 |   533M |  80 |1592 |  16k|  18k|  86k|  0 |2138 |5916 | 1.082609e+06 | 1.084509e+06 |   0.18%| unknown
  170m|  9500 |  2277 | 22455k|1707.4 |   534M |  80 |1592 |  16k|  18k|  87k|  2 |2146 |5929 | 1.082611e+06 | 1.084509e+06 |   0.18%| unknown
  172m|  9600 |  2315 | 22690k|1712.3 |   535M |  80 |1592 |  16k|  18k|  88k|  2 |2149 |5948 | 1.082616e+06 | 1.084509e+06 |   0.17%| unknown
  173m|  9700 |  2327 | 22856k|1711.9 |   536M |  80 |1592 |  16k|  18k|  89k|  0 |2149 |5961 | 1.082619e+06 | 1.084509e+06 |   0.17%| unknown
  175m|  9800 |  2351 | 23069k|1715.0 |   544M |  80 |1592 |  16k|  18k|  90k|  2 |2150 |5966 | 1.082622e+06 | 1.084509e+06 |   0.17%| unknown
  175m|  9900 |  2353 | 23198k|1711.9 |   544M |  80 |1592 |  16k|  18k|  90k|  2 |2168 |5991 | 1.082622e+06 | 1.084509e+06 |   0.17%| unknown
  176m| 10000 |  2357 | 23319k|1708.2 |   545M |  80 |1592 |  16k|  18k|  90k|  0 |2172 |5994 | 1.082622e+06 | 1.084509e+06 |   0.17%| unknown
  178m| 10100 |  2393 | 23542k|1712.0 |   545M |  80 |1592 |  16k|  18k|  91k|  0 |2196 |6002 | 1.082626e+06 | 1.084509e+06 |   0.17%| unknown
 time | node  | left  |LP iter|LP it/n|mem/heur|mdpt |vars |cons |rows |cuts |sepa|confs|strbr|  dualbound   | primalbound  |  gap   | compl. 
  180m| 10200 |  2441 | 23838k|1721.0 |   548M |  80 |1592 |  16k|  18k|  92k|  1 |2201 |6007 | 1.082628e+06 | 1.084509e+06 |   0.17%| unknown
  181m| 10300 |  2447 | 24029k|1722.5 |   548M |  80 |1592 |  16k|  18k|  93k|  2 |2201 |6010 | 1.082629e+06 | 1.084509e+06 |   0.17%| unknown
  183m| 10400 |  2467 | 24236k|1724.9 |   549M |  80 |1592 |  16k|  18k|  93k|  2 |2205 |6020 | 1.082631e+06 | 1.084509e+06 |   0.17%| unknown
  185m| 10500 |  2463 | 24518k|1732.7 |   549M |  80 |1592 |  16k|  18k|  95k|  1 |2205 |6025 | 1.082631e+06 | 1.084509e+06 |   0.17%| unknown
  187m| 10600 |  2497 | 24828k|1742.4 |   553M |  80 |1592 |  16k|  18k|  96k|  0 |2207 |6038 | 1.082632e+06 | 1.084509e+06 |   0.17%| unknown
  188m| 10700 |  2537 | 25025k|1744.0 |   555M |  80 |1592 |  16k|  18k|  97k|  3 |2211 |6048 | 1.082635e+06 | 1.084509e+06 |   0.17%| unknown
  189m| 10800 |  2551 | 25205k|1744.3 |   557M |  80 |1592 |  16k|  18k|  98k|  1 |2214 |6054 | 1.082636e+06 | 1.084509e+06 |   0.17%| unknown
  191m| 10900 |  2543 | 25462k|1750.1 |   558M |  80 |1592 |  16k|  18k|  99k|  0 |2216 |6064 | 1.082636e+06 | 1.084509e+06 |   0.17%| unknown
  193m| 11000 |  2565 | 25643k|1750.4 |   564M |  80 |1592 |  16k|  18k| 100k|  2 |2218 |6066 | 1.082639e+06 | 1.084509e+06 |   0.17%| unknown
  194m| 11100 |  2597 | 25859k|1753.2 |   567M |  80 |1592 |  16k|  18k| 101k|  2 |2231 |6082 | 1.082641e+06 | 1.084509e+06 |   0.17%| unknown
  196m| 11200 |  2615 | 26078k|1756.2 |   570M |  80 |1592 |  16k|  18k| 102k|  1 |2232 |6087 | 1.082644e+06 | 1.084509e+06 |   0.17%| unknown
  197m| 11300 |  2643 | 26271k|1757.4 |   572M |  80 |1592 |  16k|  18k| 103k|  1 |2239 |6109 | 1.082646e+06 | 1.084509e+06 |   0.17%| unknown
  199m| 11400 |  2691 | 26571k|1765.7 |   576M |  80 |1592 |  16k|  18k| 104k|  0 |2246 |6133 | 1.082649e+06 | 1.084509e+06 |   0.17%| unknown
  201m| 11500 |  2729 | 26773k|1767.4 |   580M |  80 |1592 |  16k|  18k| 105k|  2 |2250 |6187 | 1.082652e+06 | 1.084509e+06 |   0.17%| unknown
  203m| 11600 |  2743 | 26982k|1769.5 |   581M |  80 |1592 |  16k|  18k| 106k|  0 |2254 |6198 | 1.082653e+06 | 1.084509e+06 |   0.17%| unknown
 time | node  | left  |LP iter|LP it/n|mem/heur|mdpt |vars |cons |rows |cuts |sepa|confs|strbr|  dualbound   | primalbound  |  gap   | compl. 
  204m| 11700 |  2751 | 27218k|1773.4 |   582M |  80 |1592 |  16k|  18k| 107k|  2 |2259 |6216 | 1.082653e+06 | 1.084509e+06 |   0.17%| unknown
  207m| 11800 |  2765 | 27502k|1780.3 |   583M |  80 |1592 |  16k|  18k| 109k|  2 |2275 |6287 | 1.082656e+06 | 1.084509e+06 |   0.17%| unknown
  209m| 11900 |  2779 | 27697k|1781.4 |   583M |  80 |1592 |  16k|  18k| 109k|  2 |2277 |6319 | 1.082656e+06 | 1.084509e+06 |   0.17%| unknown
  210m| 12000 |  2795 | 27925k|1784.7 |   586M |  80 |1592 |  16k|  18k| 110k|  1 |2282 |6324 | 1.082657e+06 | 1.084509e+06 |   0.17%| unknown
  212m| 12100 |  2827 | 28149k|1787.5 |   590M |  80 |1592 |  16k|  18k| 111k|  1 |2286 |6327 | 1.082659e+06 | 1.084509e+06 |   0.17%| unknown
  215m| 12200 |  2839 | 28541k|1801.1 |   594M |  80 |1592 |  16k|  18k| 114k|  0 |2286 |6329 | 1.082659e+06 | 1.084509e+06 |   0.17%| unknown
  216m| 12300 |  2845 | 28733k|1801.9 |   596M |  80 |1592 |  16k|  18k| 114k|  0 |2288 |6339 | 1.082659e+06 | 1.084509e+06 |   0.17%| unknown
  218m| 12400 |  2875 | 28963k|1804.9 |   602M |  80 |1592 |  16k|  18k| 115k|  2 |2297 |6352 | 1.082661e+06 | 1.084509e+06 |   0.17%| unknown
  220m| 12500 |  2895 | 29234k|1810.6 |   605M |  80 |1592 |  16k|  18k| 117k|  2 |2298 |6373 | 1.082662e+06 | 1.084509e+06 |   0.17%| unknown
  223m| 12600 |  2911 | 29620k|1823.2 |   607M |  80 |1592 |  16k|  18k| 119k|  2 |2298 |6483 | 1.082662e+06 | 1.084509e+06 |   0.17%| unknown
  226m| 12700 |  2929 | 30002k|1835.5 |   608M |  80 |1592 |  16k|  18k| 121k|  0 |2302 |6487 | 1.082662e+06 | 1.084509e+06 |   0.17%| unknown
  228m| 12800 |  2979 | 30262k|1840.2 |   620M |  80 |1592 |  16k|  18k| 122k|  1 |2306 |6495 | 1.082665e+06 | 1.084509e+06 |   0.17%| unknown
  230m| 12900 |  3007 | 30554k|1846.8 |   625M |  80 |1592 |  16k|  18k| 123k|  0 |2309 |6512 | 1.082667e+06 | 1.084509e+06 |   0.17%| unknown
  232m| 13000 |  3053 | 30917k|1857.5 |   629M |  80 |1592 |  16k|  18k| 125k|  2 |2314 |6537 | 1.082670e+06 | 1.084509e+06 |   0.17%| unknown
  234m| 13100 |  3071 | 31199k|1863.3 |   632M |  80 |1592 |  16k|  18k| 126k|  4 |2315 |6561 | 1.082672e+06 | 1.084509e+06 |   0.17%| unknown
 time | node  | left  |LP iter|LP it/n|mem/heur|mdpt |vars |cons |rows |cuts |sepa|confs|strbr|  dualbound   | primalbound  |  gap   | compl. 
  236m| 13200 |  3077 | 31460k|1867.8 |   633M |  80 |1592 |  16k|  18k| 127k|  6 |2315 |6566 | 1.082674e+06 | 1.084509e+06 |   0.17%| unknown

SCIP Status        : solving was interrupted [time limit reached]
Solving Time (sec) : 14400.00
Solving Nodes      : 13290 (total of 16851 nodes in 2 runs)
Primal Bound       : +1.08450906800000e+06 (73 solutions)
Dual Bound         : +1.08267677257764e+06
Gap                : 0.17 %

primal solution (original space):
=================================

objective value:                          1084509.068
z#4                                  1.00000000000989 	(obj:0)
z#14                                                1 	(obj:0)
z#17                                                1 	(obj:0)
z#31                                                1 	(obj:0)
z#74                                                1 	(obj:0)
z#77                                                1 	(obj:0)
z#84                                                1 	(obj:0)
z#95                                                1 	(obj:0)
z#99                                                1 	(obj:0)
z#106                                               1 	(obj:0)
z#113                                               1 	(obj:0)
z#115                                               1 	(obj:0)
z#127                                               1 	(obj:0)
z#148                                               1 	(obj:0)
z#152                                               1 	(obj:0)
z#160                                               1 	(obj:0)
z#171                                               1 	(obj:0)
z#186                                               1 	(obj:0)
z#213                                               1 	(obj:0)
z#215                                               1 	(obj:0)
z#220                                               1 	(obj:0)
z#223                                               1 	(obj:0)
z#226                                               1 	(obj:0)
z#228                                               1 	(obj:0)
z#234                                               1 	(obj:0)
z#238                                               1 	(obj:0)
z#278                                               1 	(obj:0)
z#279                                               1 	(obj:0)
z#294                                               1 	(obj:0)
z#304                                               1 	(obj:0)
z#310                                               1 	(obj:0)
z#312                                               1 	(obj:0)
z#318                                               1 	(obj:0)
z#336                                               1 	(obj:0)
z#355                                               1 	(obj:0)
z#357                                               1 	(obj:0)
z#368                                               1 	(obj:0)
z#374                                               1 	(obj:0)
z#385                                               1 	(obj:0)
z#410                                               1 	(obj:0)
z#417                                               1 	(obj:0)
z#425                                               1 	(obj:0)
z#441                                               1 	(obj:0)
z#445                                               1 	(obj:0)
z#455                                               1 	(obj:0)
z#482                                               1 	(obj:0)
z#528                                               1 	(obj:0)
z#532                                               1 	(obj:0)
z#533                                               1 	(obj:0)
z#543                                               1 	(obj:0)
z#545                                               1 	(obj:0)
z#549                                               1 	(obj:0)
z#550                                               1 	(obj:0)
z#556                                               1 	(obj:0)
z#565                                               1 	(obj:0)
z#567                                               1 	(obj:0)
z#583                                               1 	(obj:0)
z#587                                               1 	(obj:0)
z#588                                               1 	(obj:0)
z#596                                               1 	(obj:0)
z#597                                               1 	(obj:0)
z#611                                               1 	(obj:0)
z#627                                               1 	(obj:0)
z#633                                               1 	(obj:0)
z#650                                               1 	(obj:0)
z#654                                               1 	(obj:0)
z#662                                               1 	(obj:0)
z#665                                               1 	(obj:0)
z#672                                               1 	(obj:0)
z#688                                               1 	(obj:0)
z#690                                               1 	(obj:0)
z#695                                               1 	(obj:0)
z#698                                               1 	(obj:0)
z#716                                               1 	(obj:0)
z#720                                               1 	(obj:0)
z#737                                               1 	(obj:0)
z#740                                               1 	(obj:0)
z#755                                               1 	(obj:0)
z#761                                               1 	(obj:0)
z#781                                               1 	(obj:0)
z#782                                               1 	(obj:0)
z#796                                               1 	(obj:0)
z#803                                               1 	(obj:0)
z#812                                               1 	(obj:0)
z#832                               0.999999999999996 	(obj:0)
z#877                                               1 	(obj:0)
z#884                                               1 	(obj:0)
z#893                                               1 	(obj:0)
z#901                                               1 	(obj:0)
z#921                                               1 	(obj:0)
z#926                               0.999999999999886 	(obj:0)
z#939                                               1 	(obj:0)
z#943                                               1 	(obj:0)
z#945                                               1 	(obj:0)
z#949                                               1 	(obj:0)
z#959                                               1 	(obj:0)
z#961                                               1 	(obj:0)
z#976                                               1 	(obj:0)
z#989                                               1 	(obj:0)
z#995                                               1 	(obj:0)
x#104                                1.00199999999984 	(obj:123)
x#110                                         697.998 	(obj:148)
x#117                                2.00199999999984 	(obj:111)
x#124                                         697.998 	(obj:131)
x#132                                2.00199999999984 	(obj:122)
x#136                                         696.998 	(obj:137)
x#147                                2.00199999999984 	(obj:107)
y#0                                             134.8 	(obj:200)
y#2                                  3.39999999999992 	(obj:113)
y#23                                  1.7800000000002 	(obj:127)
y#86                                            139.8 	(obj:123)
y#141                                               1 	(obj:114)
x#0                                             396.2 	(obj:255)
x#1                                  73.3790000000001 	(obj:166)
x#4                                            44.769 	(obj:156)
x#7                                0.0979999999999563 	(obj:202)
x#10                                 167.091000000016 	(obj:103)
x#15                                 525.131999999985 	(obj:114)
x#21                                 1.04499999999985 	(obj:191)
x#24                                0.673999999999523 	(obj:129)
x#25                                 167.714000000016 	(obj:127)
x#26                                0.895999999999958 	(obj:178)
x#29                                 526.111999999985 	(obj:221)
x#33                                 2.70200000000023 	(obj:135)
x#36                                 169.878000000015 	(obj:119)
x#43                                           698.94 	(obj:100)
x#51                                0.998000000000047 	(obj:143)
x#54                              0.00900000000012824 	(obj:123)
x#56                                          697.983 	(obj:105)
x#58                                0.999000000000137 	(obj:118)
x#67                             0.000999999999976353 	(obj:144)
x#68                                 1.01200000000006 	(obj:118)
x#71                                          697.984 	(obj:111)
x#73                                                1 	(obj:163)
x#75                              0.00100000000009004 	(obj:186)
x#79                             0.000999999999748979 	(obj:108)
x#80                                          559.198 	(obj:129)
x#90                                 1.00199999999984 	(obj:127)
x#95                                          697.998 	(obj:142)
x#97                                                1 	(obj:125)
u#0                                             396.2 	(obj:0)
u#1                                           469.579 	(obj:0)
u#2                                           469.579 	(obj:0)
u#3                                           469.579 	(obj:0)
u#4                                           514.348 	(obj:0)
u#5                                           514.348 	(obj:0)
u#6                                           514.348 	(obj:0)
u#7                                           514.446 	(obj:0)
u#8                                           514.446 	(obj:0)
u#9                                           514.446 	(obj:0)
u#10                                 681.537000000016 	(obj:0)
u#11                                 681.537000000016 	(obj:0)
u#12                                 681.537000000016 	(obj:0)
u#13                                 681.537000000016 	(obj:0)
u#14                                 681.537000000016 	(obj:0)
u#15                                          810.469 	(obj:0)
u#16                                           737.09 	(obj:0)
u#17                                           737.09 	(obj:0)
u#18                                           737.09 	(obj:0)
u#19                                          692.321 	(obj:0)
u#20                                          692.321 	(obj:0)
u#21                                          693.366 	(obj:0)
u#22                                          693.268 	(obj:0)
u#23                                          693.268 	(obj:0)
u#24                                          693.942 	(obj:0)
u#25                                          694.565 	(obj:0)
u#26                                          695.461 	(obj:0)
u#27                                          695.461 	(obj:0)
u#28                                          695.461 	(obj:0)
u#29                                 1221.57299999998 	(obj:0)
u#30                                          696.441 	(obj:0)
u#31                                          696.441 	(obj:0)
u#32                                          696.441 	(obj:0)
u#33                                          699.143 	(obj:0)
u#34                                          699.143 	(obj:0)
u#35                                          699.143 	(obj:0)
u#36                                 867.976000000015 	(obj:0)
u#37                                 867.976000000015 	(obj:0)
u#38                                 867.976000000015 	(obj:0)
u#39                                 867.302000000016 	(obj:0)
u#40                                          699.588 	(obj:0)
u#41                                          698.692 	(obj:0)
u#42                                          698.692 	(obj:0)
u#43                                         1397.632 	(obj:0)
u#44                                 871.520000000015 	(obj:0)
u#45                                 871.520000000015 	(obj:0)
u#46                                 871.520000000015 	(obj:0)
u#47                                 871.520000000015 	(obj:0)
u#48                                 868.818000000015 	(obj:0)
u#49                                 868.818000000015 	(obj:0)
u#50                                 868.818000000015 	(obj:0)
u#51                                          699.938 	(obj:0)
u#52                                          699.938 	(obj:0)
u#53                                          699.938 	(obj:0)
u#54                                          699.947 	(obj:0)
u#55                                          699.947 	(obj:0)
u#56                                          1397.93 	(obj:0)
u#57                                          1397.93 	(obj:0)
u#58                                          699.989 	(obj:0)
u#59                                          699.989 	(obj:0)
u#60                                          699.989 	(obj:0)
u#61                                          699.989 	(obj:0)
u#62                                          699.989 	(obj:0)
u#63                                          699.989 	(obj:0)
u#64                                          699.989 	(obj:0)
u#65                                          699.989 	(obj:0)
u#66                                          698.991 	(obj:0)
u#67                                          698.992 	(obj:0)
u#68                                          700.004 	(obj:0)
u#69                                          699.995 	(obj:0)
u#70                                          699.995 	(obj:0)
u#71                                          699.996 	(obj:0)
u#72                                          699.996 	(obj:0)
u#73                                          699.997 	(obj:0)
u#74                                          699.997 	(obj:0)
u#75                                          699.998 	(obj:0)
u#76                                          699.998 	(obj:0)
u#77                                          699.998 	(obj:0)
u#78                                          699.998 	(obj:0)
u#79                                          699.999 	(obj:0)
u#80                                         1259.197 	(obj:0)
u#81                                         1259.197 	(obj:0)
u#82                                         1259.196 	(obj:0)
u#83                                         1258.184 	(obj:0)
u#84                                         1258.184 	(obj:0)
u#85                                         1258.184 	(obj:0)
u#86                                            560.2 	(obj:0)
u#87                                            560.2 	(obj:0)
u#88                                            559.2 	(obj:0)
u#89                                            559.2 	(obj:0)
u#90                                          560.201 	(obj:0)
u#91                                          560.201 	(obj:0)
u#92                                          560.201 	(obj:0)
u#93                                          560.201 	(obj:0)
u#94                                            560.2 	(obj:0)
u#95                                              699 	(obj:0)
u#96                                              699 	(obj:0)
u#97                                              700 	(obj:0)
u#98                                              700 	(obj:0)
u#99                                              700 	(obj:0)
u#100                                             700 	(obj:0)
u#101                                             700 	(obj:0)
u#102                                             700 	(obj:0)
u#103                                             700 	(obj:0)
u#104                                         701.002 	(obj:0)
u#105                                             700 	(obj:0)
u#106                                             700 	(obj:0)
u#107                                             700 	(obj:0)
u#108                                             700 	(obj:0)
u#109                                             700 	(obj:0)
u#110                                             700 	(obj:0)
u#111                                             700 	(obj:0)
u#112                                             699 	(obj:0)
u#113                                             699 	(obj:0)
u#114                                             699 	(obj:0)
u#115                                             699 	(obj:0)
u#116                                             699 	(obj:0)
u#117                                         701.002 	(obj:0)
u#118                                         701.002 	(obj:0)
u#119                                             700 	(obj:0)
u#120                                             700 	(obj:0)
u#121                                             700 	(obj:0)
u#122                                             700 	(obj:0)
u#123                                             700 	(obj:0)
u#124                                        1397.998 	(obj:0)
u#125                                             700 	(obj:0)
u#126                                             700 	(obj:0)
u#127                                             700 	(obj:0)
u#128                                             700 	(obj:0)
u#129                                             700 	(obj:0)
u#130                                             700 	(obj:0)
u#131                                             700 	(obj:0)
u#132                                             700 	(obj:0)
u#133                                             700 	(obj:0)
u#134                                             700 	(obj:0)
u#135                                             700 	(obj:0)
u#136                                        1396.998 	(obj:0)
u#137                                        1396.998 	(obj:0)
u#138                                        1396.998 	(obj:0)
u#139                                             699 	(obj:0)
u#140                                             699 	(obj:0)
u#141                                             699 	(obj:0)
u#142                                             699 	(obj:0)
u#143                                             699 	(obj:0)
u#144                                             699 	(obj:0)
u#145                                             699 	(obj:0)
u#146                                             699 	(obj:0)
u#147                                             699 	(obj:0)
u#148                                             699 	(obj:0)
u#149                                             699 	(obj:0)
v#0                                             134.8 	(obj:0)
v#1                                             134.8 	(obj:0)
v#2                                             138.2 	(obj:0)
v#3                                             138.2 	(obj:0)
v#4                                             138.2 	(obj:0)
v#5                                             138.2 	(obj:0)
v#6                                             138.2 	(obj:0)
v#7                                             138.2 	(obj:0)
v#8                                             138.2 	(obj:0)
v#9                                             138.2 	(obj:0)
v#10                                 3.39999999999992 	(obj:0)
v#11                                 3.39999999999992 	(obj:0)
v#23                                  1.7800000000002 	(obj:0)
v#24                                  1.7800000000002 	(obj:0)
v#25                                  1.7800000000002 	(obj:0)
v#26                                  1.7800000000002 	(obj:0)
v#27                                  1.7800000000002 	(obj:0)
v#28                                  1.7800000000002 	(obj:0)
v#29                                  1.7800000000002 	(obj:0)
v#30                                  1.7800000000002 	(obj:0)
v#31                                  1.7800000000002 	(obj:0)
v#32                                  1.7800000000002 	(obj:0)
v#86                                            139.8 	(obj:0)
v#87                                            139.8 	(obj:0)
v#88                                            139.8 	(obj:0)
v#89                                            139.8 	(obj:0)
v#90                                            139.8 	(obj:0)
v#91                                            139.8 	(obj:0)
v#92                                            139.8 	(obj:0)
v#93                                            139.8 	(obj:0)
v#94                                            139.8 	(obj:0)
v#95                                            139.8 	(obj:0)
v#141                                               1 	(obj:0)
v#142                                               1 	(obj:0)
v#143                                               1 	(obj:0)
v#144                                               1 	(obj:0)
v#145                                               1 	(obj:0)
v#146                                               1 	(obj:0)
v#147                                               1 	(obj:0)
v#148                                               1 	(obj:0)
v#149                                               1 	(obj:0)
w#0                                               531 	(obj:0)
w#1                                           604.379 	(obj:0)
w#2                                           607.779 	(obj:0)
w#3                                           607.779 	(obj:0)
w#4                                           652.548 	(obj:0)
w#5                                           652.548 	(obj:0)
w#6                                           652.548 	(obj:0)
w#7                                           652.646 	(obj:0)
w#8                                           652.646 	(obj:0)
w#9                                           652.646 	(obj:0)
w#10                                 684.937000000016 	(obj:0)
w#11                                 684.937000000016 	(obj:0)
w#12                                 681.537000000016 	(obj:0)
w#13                                 681.537000000016 	(obj:0)
w#14                                 681.537000000016 	(obj:0)
w#15                                          810.469 	(obj:0)
w#16                                           737.09 	(obj:0)
w#17                                           737.09 	(obj:0)
w#18                                           737.09 	(obj:0)
w#19                                          692.321 	(obj:0)
w#20                                          692.321 	(obj:0)
w#21                                          693.366 	(obj:0)
w#22                                          693.268 	(obj:0)
w#23                                          695.048 	(obj:0)
w#24                                          695.722 	(obj:0)
w#25                                          696.345 	(obj:0)
w#26                                          697.241 	(obj:0)
w#27                                          697.241 	(obj:0)
w#28                                          697.241 	(obj:0)
w#29                                 1223.35299999998 	(obj:0)
w#30                                          698.221 	(obj:0)
w#31                                          698.221 	(obj:0)
w#32                                          698.221 	(obj:0)
w#33                                          699.143 	(obj:0)
w#34                                          699.143 	(obj:0)
w#35                                          699.143 	(obj:0)
w#36                                 867.976000000015 	(obj:0)
w#37                                 867.976000000015 	(obj:0)
w#38                                 867.976000000015 	(obj:0)
w#39                                 867.302000000016 	(obj:0)
w#40                                          699.588 	(obj:0)
w#41                                          698.692 	(obj:0)
w#42                                          698.692 	(obj:0)
w#43                                         1397.632 	(obj:0)
w#44                                 871.520000000015 	(obj:0)
w#45                                 871.520000000015 	(obj:0)
w#46                                 871.520000000015 	(obj:0)
w#47                                 871.520000000015 	(obj:0)
w#48                                 868.818000000015 	(obj:0)
w#49                                 868.818000000015 	(obj:0)
w#50                                 868.818000000015 	(obj:0)
w#51                                          699.938 	(obj:0)
w#52                                          699.938 	(obj:0)
w#53                                          699.938 	(obj:0)
w#54                                          699.947 	(obj:0)
w#55                                          699.947 	(obj:0)
w#56                                          1397.93 	(obj:0)
w#57                                          1397.93 	(obj:0)
w#58                                          699.989 	(obj:0)
w#59                                          699.989 	(obj:0)
w#60                                          699.989 	(obj:0)
w#61                                          699.989 	(obj:0)
w#62                                          699.989 	(obj:0)
w#63                                          699.989 	(obj:0)
w#64                                          699.989 	(obj:0)
w#65                                          699.989 	(obj:0)
w#66                                          698.991 	(obj:0)
w#67                                          698.992 	(obj:0)
w#68                                          700.004 	(obj:0)
w#69                                          699.995 	(obj:0)
w#70                                          699.995 	(obj:0)
w#71                                          699.996 	(obj:0)
w#72                                          699.996 	(obj:0)
w#73                                          699.997 	(obj:0)
w#74                                          699.997 	(obj:0)
w#75                                          699.998 	(obj:0)
w#76                                          699.998 	(obj:0)
w#77                                          699.998 	(obj:0)
w#78                                          699.998 	(obj:0)
w#79                                          699.999 	(obj:0)
w#80                                         1259.197 	(obj:0)
w#81                                         1259.197 	(obj:0)
w#82                                         1259.196 	(obj:0)
w#83                                         1258.184 	(obj:0)
w#84                                         1258.184 	(obj:0)
w#85                                         1258.184 	(obj:0)
w#86                                              700 	(obj:0)
w#87                                              700 	(obj:0)
w#88                                              699 	(obj:0)
w#89                                              699 	(obj:0)
w#90                                          700.001 	(obj:0)
w#91                                          700.001 	(obj:0)
w#92                                          700.001 	(obj:0)
w#93                                          700.001 	(obj:0)
w#94                                              700 	(obj:0)
w#95                                            838.8 	(obj:0)
w#96                                              699 	(obj:0)
w#97                                              700 	(obj:0)
w#98                                              700 	(obj:0)
w#99                                              700 	(obj:0)
w#100                                             700 	(obj:0)
w#101                                             700 	(obj:0)
w#102                                             700 	(obj:0)
w#103                                             700 	(obj:0)
w#104                                         701.002 	(obj:0)
w#105                                             700 	(obj:0)
w#106                                             700 	(obj:0)
w#107                                             700 	(obj:0)
w#108                                             700 	(obj:0)
w#109                                             700 	(obj:0)
w#110                                             700 	(obj:0)
w#111                                             700 	(obj:0)
w#112                                             699 	(obj:0)
w#113                                             699 	(obj:0)
w#114                                             699 	(obj:0)
w#115                                             699 	(obj:0)
w#116                                             699 	(obj:0)
w#117                                         701.002 	(obj:0)
w#118                                         701.002 	(obj:0)
w#119                                             700 	(obj:0)
w#120                                             700 	(obj:0)
w#121                                             700 	(obj:0)
w#122                                             700 	(obj:0)
w#123                                             700 	(obj:0)
w#124                                        1397.998 	(obj:0)
w#125                                             700 	(obj:0)
w#126                                             700 	(obj:0)
w#127                                             700 	(obj:0)
w#128                                             700 	(obj:0)
w#129                                             700 	(obj:0)
w#130                                             700 	(obj:0)
w#131                                             700 	(obj:0)
w#132                                             700 	(obj:0)
w#133                                             700 	(obj:0)
w#134                                             700 	(obj:0)
w#135                                             700 	(obj:0)
w#136                                        1396.998 	(obj:0)
w#137                                        1396.998 	(obj:0)
w#138                                        1396.998 	(obj:0)
w#139                                             699 	(obj:0)
w#140                                             699 	(obj:0)
w#141                                             700 	(obj:0)
w#142                                             700 	(obj:0)
w#143                                             700 	(obj:0)
w#144                                             700 	(obj:0)
w#145                                             700 	(obj:0)
w#146                                             700 	(obj:0)
w#147                                             700 	(obj:0)
w#148                                             700 	(obj:0)
w#149                                             700 	(obj:0)

Statistics
==========

SCIP Status        : solving was interrupted [time limit reached]
Total Time         :   14400.20
  solving          :   14400.00
  presolving       :       0.52 (included in solving)
  reading          :       0.20
  copying          :       0.59 (25 #copies) (minimal 0.02, maximal 0.03, average 0.02)
Original Problem   :
  Problem name     : CCMPPData/150-1000-1
  Variables        : 1750 (1000 binary, 0 integer, 0 implicit integer, 750 continuous)
  Constraints      : 15602 initial, 15602 maximal
  Objective        : minimize, 300 non-zeros (abs.min = 100, abs.max = 299)
Presolved Problem  :
  Problem name     : t_CCMPPData/150-1000-1
  Variables        : 1592 (1000 binary, 0 integer, 0 implicit integer, 592 continuous)
  Constraints      : 16160 initial, 16230 maximal
  Objective        : minimize, 298 non-zeros (abs.min = 100, abs.max = 299)
  Nonzeros         : 47516 constraint, 0 clique table
Presolvers         :   ExecTime  SetupTime  Calls  FixedVars   AggrVars   ChgTypes  ChgBounds   AddHoles    DelCons    AddCons   ChgSides   ChgCoefs
  boundshift       :       0.00       0.00      0          0          0          0          0          0          0          0          0          0
  convertinttobin  :       0.00       0.00      0          0          0          0          0          0          0          0          0          0
  domcol           :       0.03       0.00      2          0          0          0          0          0          0          0          0          0
  dualagg          :       0.00       0.00      0          0          0          0          0          0          0          0          0          0
  dualcomp         :       0.01       0.00      2          0          0          0          0          0          0          0          0          0
  dualinfer        :       0.00       0.00      0          0          0          0          0          0          0          0          0          0
  dualsparsify     :       0.07       0.00      1          0          0          0          0          0          0          0          0          0
  gateextraction   :       0.00       0.00      0          0          0          0          0          0          0          0          0          0
  implics          :       0.00       0.00      4          0          0          0          0          0          0          0          0          0
  inttobinary      :       0.00       0.00      0          0          0          0          0          0          0          0          0          0
  milp             :       0.09       0.00      1          2        152          0         71          0          0          0          0          0
  qpkktref         :       0.00       0.00      0          0          0          0          0          0          0          0          0          0
  redvub           :       0.00       0.00      0          0          0          0          0          0          0          0          0          0
  sparsify         :       0.01       0.00      1          0          0          0          0          0          0          0          0          0
  stuffing         :       0.00       0.00      0          0          0          0          0          0          0          0          0          0
  trivial          :       0.00       0.00      8          0          0          0          0          0          0          0          0          0
  tworowbnd        :       0.00       0.00      0          0          0          0          0          0          0          0          0          0
  dualfix          :       0.00       0.00      8          0          0          0          0          0          0          0          0          0
  genvbounds       :       0.00       0.00      0          0          0          0          0          0          0          0          0          0
  probing          :       0.22       0.00      1          0          0          0          0          0          0          0          0          0
  pseudoobj        :       0.00       0.00      1          0          0          0          0          0          0          0          0          0
  symmetry         :       0.00       0.00      1          0          0          0          0          0          0          0          0          0
  vbounds          :       0.00       0.00      0          0          0          0          0          0          0          0          0          0
  chancecons       :       0.00       0.00      0          0          0          0          0          0          0          0          0          0
  varbound         :       0.02       0.00      6          0          0          0          0          0          0          0          0          0
  knapsack         :       0.00       0.00      8          0          0          0          0          0          0          0          0          0
  linear           :       0.05       0.01     11          0          4          0        278          0        334          0          0          0
  logicor          :       0.00       0.00      5          0          0          0          0          0          0          0          0          0
  bounddisjunction :       0.00       0.00      3          0          0          0          0          0          0          0          0          0
  benders          :       0.00       0.00      0          0          0          0          0          0          0          0          0          0
  components       :       0.00       0.00      2          0          0          0          0          0          0          0          0          0
  root node        :          -          -      -          0          -          -       5079          -          -          -          -          -
Constraints        :     Number  MaxNumber  #Separate #Propagate    #EnfoLP    #EnfoRelax  #EnfoPS    #Check   #ResProp    Cutoffs    DomReds       Cuts    Applied      Conss   Children
  benderslp        :          0          0          0          0      12300          0          0       1065          0          0          0          0          0          0          0
  chancecons       :          1          1       3539          0          0          0          0          0          0          0          0     177789      79963          0          0
  integral         :          0          0          0          0      12300          0          0       1065          0          0       6443          0          0        771      21166
  varbound         :      14822      14822         43     285570          2          0          0       1059      19620          0     538945          0          0          0          0
  knapsack         :          1          1         43     284079          2          0          0        113       2834          0          0          0          0          0          0
  linear           :       1190       1190         43     289123          2          0          0        110        478          0     103798         27         10          0          0
  logicor          :         15+        42         17       6523          0          0          0          0          3          1          5          0          0          0          0
  bounddisjunction :        131+       181          0      23826          0          0          0          0        109          4         45          0          0          0          0
  benders          :          0          0          0          0          2          0          0        108          0          0          0          0          0          0          0
  fixedvar         :          0          0          0          0          2          0          0        108          0          0          0          0          0          0          0
  countsols        :          0          0          0          0          2          0          0        108          0          0          0          0          0          0          0
  components       :          0          0          0          0          0          0          0          0          0          0          0          0          0          0          0
Constraint Timings :  TotalTime  SetupTime   Separate  Propagate     EnfoLP     EnfoPS     EnfoRelax   Check    ResProp    SB-Prop
  benderslp        :       0.01       0.00       0.00       0.00       0.01       0.00       0.00       0.00       0.00       0.00
  chancecons       :       4.81       0.00       4.81       0.00       0.00       0.00       0.00       0.00       0.00       0.00
  integral         :    1679.43       0.00       0.00       0.00    1679.43       0.00       0.00       0.00       0.00       0.00
  varbound         :       8.83       0.00       0.07       8.06       0.00       0.00       0.00       0.06       0.01       0.63
  knapsack         :       2.72       0.00       0.31       2.37       0.00       0.00       0.00       0.00       0.02       0.02
  linear           :       2.07       0.01       0.09       1.85       0.00       0.00       0.00       0.01       0.00       0.13
  logicor          :       0.02       0.00       0.00       0.02       0.00       0.00       0.00       0.00       0.00       0.00
  bounddisjunction :       0.12       0.00       0.00       0.12       0.00       0.00       0.00       0.00       0.00       0.01
  benders          :       0.00       0.00       0.00       0.00       0.00       0.00       0.00       0.00       0.00       0.00
  fixedvar         :       0.00       0.00       0.00       0.00       0.00       0.00       0.00       0.00       0.00       0.00
  countsols        :       0.00       0.00       0.00       0.00       0.00       0.00       0.00       0.00       0.00       0.00
  components       :       0.02       0.00       0.00       0.02       0.00       0.00       0.00       0.00       0.00       0.00
Propagators        : #Propagate   #ResProp    Cutoffs    DomReds
  dualfix          :          9          0          0          0
  genvbounds       :          0          0          0          0
  nlobbt           :          0          0          0          0
  obbt             :          0          0          0          0
  probing          :          0          0          0          0
  pseudoobj        :      65730          0          0        298
  redcost          :      46166          0          0     344447
  rootredcost      :         18          0          0       1584
  symmetry         :          0          0          0          0
  vbounds          :     161266          0          0          0
Propagator Timings :  TotalTime  SetupTime   Presolve  Propagate    ResProp    SB-Prop
  dualfix          :       0.00       0.00       0.00       0.00       0.00       0.00
  genvbounds       :       0.05       0.00       0.00       0.04       0.00       0.01
  nlobbt           :       0.00       0.00       0.00       0.00       0.00       0.00
  obbt             :       0.00       0.00       0.00       0.00       0.00       0.00
  probing          :       0.22       0.00       0.22       0.00       0.00       0.00
  pseudoobj        :       0.60       0.00       0.00       0.60       0.00       0.00
  redcost          :       1.65       0.00       0.00       1.64       0.00       0.01
  rootredcost      :       0.06       0.00       0.00       0.05       0.00       0.01
  symmetry         :       0.07       0.00       0.00       0.05       0.00       0.01
  vbounds          :       0.29       0.00       0.00       0.27       0.00       0.02
Symmetry           :
  orbitopal red.   :          0 reductions applied,          0 cutoffs
  orbital reduction:          0 reductions applied,          0 cutoffs
  lexicographic red:          0 reductions applied,          0 cutoffs
  shadow tree time :       0.00 s
Conflict Analysis  :       Time      Calls    Success    DomReds  Conflicts   Literals    Reconvs ReconvLits   Dualrays   Nonzeros   LP Iters   (pool size: [10000,10000])
  propagation      :       0.00          5          4          -          4       60.5          0        0.0          -          -          -
  infeasible LP    :       0.00          0          0          -          0        0.0          0        0.0          0        0.0          0
  bound exceed. LP :      16.50       6187       2077          -       7277       73.2          0        0.0        979        1.0      29798
  strong branching :       0.00          0          0          -          0        0.0          0        0.0          -          -          0
  pseudo solution  :       0.00          0          0          -          0        0.0          0        0.0          -          -          -
  applied globally :       0.05          -          -        979       1344       80.3          -          -        979          -          -
  applied locally  :          -          -          -          0          0        0.0          -          -          0          -          -
Separators         :   ExecTime  SetupTime      Calls  RootCalls    Cutoffs    DomReds  FoundCuts ViaPoolAdd  DirectAdd    Applied ViaPoolApp  DirectApp      Conss
  cut pool         :       0.89          -       4267         85          -          -      33461     397111          -          -          -          -          -    (maximal pool size:      14924)
  aggregation      :       2.54       0.00        180         43          0          0      30293     353103          0      81760      81760          0          0
  > cmir           :          -          -          -          -          -          -          -     353103          0      81760      81760          0          -
  > flowcover      :          -          -          -          -          -          -          -          0          0          0          0          0          -
  > knapsackcover  :          -          -          -          -          -          -          -          0          0          0          0          0          -
  cgmip            :       0.00       0.00          0          0          0          0          0          0          0          0          0          0          0
  clique           :       0.00       0.00          2          2          0          0          0          0          0          0          0          0          0
  closecuts        :       0.00       0.00          0          0          0          0          0          0          0          0          0          0          0
  convexproj       :       0.00       0.00          0          0          0          0          0          0          0          0          0          0          0
  disjunctive      :       0.00       0.00          0          0          0          0          0          0          0          0          0          0          0
  eccuts           :       0.00       0.00          0          0          0          0          0          0          0          0          0          0          0
  gauge            :       0.00       0.00          0          0          0          0          0          0          0          0          0          0          0
  gomory           :      11.36       0.00        157         20          0          0       3168      44008          0       7450       7450          0          0
  > gomorymi       :          -          -          -          -          -          -          -      44008          0       7450       7450          0          -
  > strongcg       :          -          -          -          -          -          -          -          0          0          0          0          0          -
  impliedbounds    :       0.05       0.00        180         43          0          0          0          0          0          0          0          0          0
  interminor       :       0.00       0.00          0          0          0          0          0          0          0          0          0          0          0
  intobj           :       0.00       0.00          0          0          0          0          0          0          0          0          0          0          0
  lagromory        :       0.00       0.00          0          0          0          0          0          0          0          0          0          0          0
  mcf              :       0.00       0.00          2          2          0          0          0          0          0          0          0          0          0
  minor            :       0.00       0.00         20         20          0          0          0          0          0          0          0          0          0
  mixing           :       0.00       0.00          0          0          0          0          0          0          0          0          0          0          0
  oddcycle         :       0.00       0.00          0          0          0          0          0          0          0          0          0          0          0
  rapidlearning    :       0.00       0.00          0          0          0          0          0          0          0          0          0          0          0
  rlt              :       0.00       0.00         20         20          0          0          0          0          0          0          0          0          0
  zerohalf         :       0.27       0.00        174         37          0          0          0          0          0          0          0          0          0
Cutselectors       :   ExecTime  SetupTime      Calls  RootCalls   Selected     Forced   Filtered  RootSelec   RootForc   RootFilt 
  hybrid           :       1.09       0.00       4087         44     169183          0     405744       5600          0      40587
  ensemble         :       0.00       0.00          0          0          0          0          0          0          0          0
  dynamic          :       0.00       0.00          0          0          0          0          0          0          0          0
Pricers            :   ExecTime  SetupTime      Calls       Vars
  problem variables:       0.00          -          0          0
Branching Rules    :   ExecTime  SetupTime   BranchLP  BranchExt   BranchPS    Cutoffs    DomReds       Cuts      Conss   Children
  allfullstrong    :       0.00       0.00          0          0          0          0          0          0          0          0
  cloud            :       0.00       0.00          0          0          0          0          0          0          0          0
  distribution     :       0.00       0.00          0          0          0          0          0          0          0          0
  fullstrong       :       0.00       0.00          0          0          0          0          0          0          0          0
  gomory           :       0.00       0.00          0          0          0          0          0          0          0          0
  inference        :       0.00       0.00          0          0          0          0          0          0          0          0
  leastinf         :       0.00       0.00          0          0          0          0          0          0          0          0
  lookahead        :       0.00       0.00          0          0          0          0          0          0          0          0
  mostinf          :       0.00       0.00          0          0          0          0          0          0          0          0
  multaggr         :       0.00       0.00          0          0          0          0          0          0          0          0
  nodereopt        :       0.00       0.00          0          0          0          0          0          0          0          0
  pscost           :       0.00       0.00          0          0          0          0          0          0          0          0
  random           :       0.00       0.00          0          0          0          0          0          0          0          0
  relpscost        :    1679.41       0.00      12298          0          0          0       6443          0        772      21166
  vanillafullstrong:       0.00       0.00          0          0          0          0          0          0          0          0
Primal Heuristics  :   ExecTime  SetupTime      Calls      Found       Best
  LP solutions     :       0.00          -          -          2          2
  relax solutions  :       0.00          -          -          0          0
  pseudo solutions :       0.00          -          -          0          0
  strong branching :       0.02          -          -          0          0
  actconsdiving    :       0.00       0.00          0          0          0
  adaptivediving   :     127.93       0.00         92          2          2
  alns             :       0.60       0.00          8          4          4
  bound            :       0.00       0.00          0          0          0
  clique           :       0.00       0.00          0          0          0
  coefdiving       :       0.00       0.00          0          0          0
  completesol      :       0.00       0.00          0          0          0
  conflictdiving   :      59.93       0.00         47          0          0
  crossover        :       1.04       0.00         11          3          2
  dins             :       0.00       0.00          0          0          0
  distributiondivin:      63.58       0.00         47          0          0
  dps              :       0.00       0.00          0          0          0
  dualval          :       0.00       0.00          0          0          0
  farkasdiving     :       0.00       0.00          0          0          0
  feaspump         :       5.74       0.00          1          1          1
  fixandinfer      :       0.00       0.00          0          0          0
  fracdiving       :      59.04       0.00         47          0          0
  gins             :       0.03       0.00          0          0          0
  guideddiving     :      55.06       0.00         47          1          1
  indicator        :       0.01       0.00          0          0          0
  indicatordiving  :       0.00       0.00          0          0          0
  intdiving        :       0.00       0.00          0          0          0
  intshifting      :       8.17       0.00         14          0          0
  linesearchdiving :      44.17       0.00         47          0          0
  localbranching   :       0.00       0.00          0          0          0
  locks            :       0.05       0.00          1          1          1
  lpface           :       0.01       0.00          0          0          0
  mpec             :       0.00       0.00          0          0          0
  multistart       :       0.00       0.00          0          0          0
  mutation         :       0.00       0.00          0          0          0
  nlpdiving        :       0.00       0.00          0          0          0
  objpscostdiving  :     336.34       0.00         24         24          0
  octane           :       0.00       0.00          0          0          0
  ofins            :       0.01       0.00          0          0          0
  oneopt           :       0.05       0.00         18          0          0
  padm             :       0.00       0.00          0          0          0
  proximity        :       0.00       0.00          0          0          0
  pscostdiving     :      98.65       0.00         47          4          4
  randrounding     :       0.73       0.00        943          0          0
  rens             :       0.00       0.00          0          0          0
  reoptsols        :       0.00       0.00          0          0          0
  repair           :       0.00       0.00          0          0          0
  rins             :       1.77       0.00          7          7          1
  rootsoldiving    :      36.83       0.00         24         24          0
  rounding         :       1.28       0.00       1843          0          0
  scheduler        :       0.00       0.00          0          0          0
  shiftandpropagate:       0.00       0.00          0          0          0
  shifting         :       8.05       0.00       1016          0          0
  simplerounding   :       0.02       0.00          0          0          0
  subnlp           :       0.02       0.00          0          0          0
  trivial          :       0.00       0.00          4          0          0
  trivialnegation  :       0.00       0.00          0          0          0
  trustregion      :       0.00       0.00          0          0          0
  trysol           :       0.01       0.00          0          0          0
  twoopt           :       0.00       0.00          0          0          0
  undercover       :       0.00       0.00          0          0          0
  vbounds          :       0.00       0.00          0          0          0
  veclendiving     :      86.49       0.00         47          0          0
  zeroobj          :       0.00       0.00          0          0          0
  zirounding       :       1.03       0.00       1000          0          0
  other solutions  :          -          -          -          0          -
LNS (Scheduler)    :      Calls  SetupTime  SolveTime SolveNodes       Sols       Best       Exp3    Exp3-IX  EpsGreedy        UCB TgtFixRate  Opt  Inf Node Stal  Sol  Usr Othr Actv
  rens             :          0       0.00       0.00          0          0          0    0.00000    0.12500   -1.00000    1.00000      0.900    0    0    0    0    0    0    0    1
  rins             :          0       0.00       0.00          0          0          0    0.00000    0.12500   -1.00000    1.00000      0.900    0    0    0    0    0    0    0    1
  mutation         :          0       0.00       0.00          0          0          0    0.00000    0.12500   -1.00000    1.00000      0.900    0    0    0    0    0    0    0    1
  localbranching   :          0       0.00       0.00          0          0          0    0.00000    0.12500   -1.00000    1.00000      0.900    0    0    0    0    0    0    0    1
  crossover        :          0       0.00       0.00          0          0          0    0.00000    0.12500   -1.00000    1.00000      0.900    0    0    0    0    0    0    0    1
  proximity        :          0       0.00       0.00          0          0          0    0.00000    0.12500   -1.00000    1.00000      0.900    0    0    0    0    0    0    0    1
  zeroobjective    :          0       0.00       0.00          0          0          0    0.00000    0.12500   -1.00000    1.00000      0.900    0    0    0    0    0    0    0    1
  dins             :          0       0.00       0.00          0          0          0    0.00000    0.12500   -1.00000    1.00000      0.900    0    0    0    0    0    0    0    1
  trustregion      :          0       0.00       0.00          0          0          0    0.00000    0.00000   -1.00000    1.00000      0.900    0    0    0    0    0    0    0    0
LP                 :       Time      Calls Iterations  Iter/call   Iter/sec  Time-0-It Calls-0-It    ItLimit
  primal LP        :       3.95       2483          0       0.00       0.00       3.95       2483
  dual LP          :   11627.36      39138   29067582    1172.84    2499.93      24.89      14354
  lex dual LP      :       0.00          0          0       0.00          -
  barrier LP       :       0.00          0          0       0.00          -       0.00          0
  resolve instable :       0.00          0          0       0.00          -
  diving/probing LP:     959.97      13364    2866952     214.53    2986.51
  strong branching :    1630.41       6570    4041645     615.17    2478.92          -          -       5946
    (at root node) :          -         33      32942     998.24          -
  conflict analysis:      12.45       2983      29798       9.99    2393.02
B&B Tree           :
  number of runs   :          2
  nodes            :      13290 (8195 internal, 5095 leaves)
  feasible leaves  :          0
  infeas. leaves   :          6
  objective leaves :       5088
  nodes (total)    :      16851 (10583 internal, 6268 leaves)
  nodes left       :       3102
  max depth        :         80
  max depth (total):        111
  backtracks       :       2966 (22.3%)
  early backtracks :          0 (0.0%)
  nodes exc. ref.  :          0 (0.0%)
  delayed cutoffs  :          0
  repropagations   :       3768 (1803 domain reductions, 0 cutoffs)
  avg switch length:       6.28
  switching time   :       9.11
Root Node          :
  First LP value   : +1.07529252035986e+06
  First LP Iters   :       5320 (4597.20 Iter/sec)
  First LP Time    :       1.16
  Final Dual Bound : +1.08239521016383e+06
  Final Root Iters :     156618
  Root LP Estimate : +1.08647782416335e+06
Solution           :
  Solutions found  :         73 (18 improvements)
  First Solution   : +1.08814455100000e+06   (in run 1, after 1 nodes, 0.55 seconds, depth 101, found by <locks>)
  Gap First Sol.   :   infinite
  Gap Last Sol.    :       0.20 %
  Primal Bound     : +1.08450906800000e+06   (in run 1, after 2040 nodes, 994.11 seconds, depth 66, found by <crossover>)
  Dual Bound       : +1.08267677257764e+06
  Gap              :       0.17 %
Integrals          :      Total       Avg%
  primal-dual      :    2936.88       0.20
  primal-ref       :          -          - (not evaluated)
  dual-ref         :          -          - (not evaluated)

 Branching Statistics...

 Total number of propagations -> 0

 Number of cutoffs of KnaCons -> 0

 Total number of variables fixed to 1 by the propagator -> 0

 Total number of variables fixed to 0 by the propagator -> 0

 Maximum number of rounds of the approximation algorithm -> 0

 Runtime of the exact algorithm -> 0.0000 s

 Total number of variables fixed to 1 in the exact algorithm -> 0

 Total number of variables fixed to 0 in the exact algorithm -> 0

 Number of cutoffs in the exact algorithm -> 0

 Number of cutoffs in the approximation algorithm -> 0

 PS:  
