Set parameter TimeLimit to value 14400
Set parameter Threads to value 1
Set parameter MIPGap to value 0
Set parameter OutputFlag to value 1
Gurobi Optimizer version 12.0.3 build v12.0.3rc0 (linux64 - "CentOS Linux 7 (Core)")

CPU model: Intel(R) Xeon(R) Gold 6230R CPU @ 2.10GHz, instruction set [SSE2|AVX|AVX2|AVX512]
Thread count: 52 physical cores, 52 logical processors, using up to 1 threads

Non-default parameters:
TimeLimit  14400
MIPGap  0
Threads  1

Optimize a model with 45151 rows, 8150 columns and 100997 nonzeros
Model fingerprint: 0x609d2620
Variable types: 5150 continuous, 3000 integer (3000 binary)
Coefficient statistics:
  Matrix range     [1e-04, 6e+01]
  Objective range  [8e-01, 1e+00]
  Bounds range     [6e+01, 2e+02]
  RHS range        [1e-01, 3e+02]
Found heuristic solution: objective 8225.0487562
Presolve removed 150 rows and 5624 columns
Presolve time: 0.34s
Presolved: 45001 rows, 2526 columns, 92426 nonzeros
Found heuristic solution: objective 7443.1878550
Variable types: 100 continuous, 2426 integer (2426 binary)
Root relaxation presolved: 2526 rows, 47527 columns, 94952 nonzeros


Root relaxation: objective 6.500143e+03, 25171 iterations, 2.85 seconds (2.42 work units)

    Nodes    |    Current Node    |     Objective Bounds      |     Work
 Expl Unexpl |  Obj  Depth IntInf | Incumbent    BestBd   Gap | It/Node Time

     0     0 6500.14298    0 1247 7443.18785 6500.14298  12.7%     -    3s
H    0     0                    6916.2890888 6500.14298  6.02%     -    3s
H    0     0                    6916.2279381 6500.14298  6.02%     -    4s
H    0     0                    6916.0200448 6500.14298  6.01%     -    4s
H    0     0                    6914.9053759 6500.14298  6.00%     -    4s
     0     0 6566.47151    0 1119 6914.90538 6566.47151  5.04%     -    8s
H    0     0                    6913.9172943 6566.74956  5.02%     -    8s
     0     0 6570.02236    0 1106 6913.91729 6570.02236  4.97%     -    9s
     0     0 6570.34744    0 1107 6913.91729 6570.34744  4.97%     -    9s
     0     0 6570.39756    0 1107 6913.91729 6570.39756  4.97%     -    9s
     0     0 6570.39837    0 1106 6913.91729 6570.39837  4.97%     -    9s
     0     0 6631.69686    0  925 6913.91729 6631.69686  4.08%     -   13s
H    0     0                    6913.9149336 6631.79414  4.08%     -   13s
H    0     0                    6913.9094488 6631.79414  4.08%     -   14s
H    0     0                    6912.1294409 6631.79414  4.06%     -   14s
     0     0 6649.08632    0  967 6912.12944 6649.08632  3.81%     -   15s
     0     0 6650.29288    0  963 6912.12944 6650.29288  3.79%     -   15s
     0     0 6650.56289    0  960 6912.12944 6650.56289  3.78%     -   15s
     0     0 6650.64139    0  959 6912.12944 6650.64139  3.78%     -   15s
     0     0 6650.67497    0  954 6912.12944 6650.67497  3.78%     -   15s
     0     0 6650.68377    0  956 6912.12944 6650.68377  3.78%     -   15s
     0     0 6728.26630    0 1046 6912.12944 6728.26630  2.66%     -   23s
H    0     0                    6912.1272776 6728.27623  2.66%     -   23s
H    0     0                    6912.0491145 6728.27623  2.66%     -   23s
H    0     0                    6912.0426592 6728.27623  2.66%     -   23s
     0     0 6740.21658    0 1053 6912.04266 6740.21658  2.49%     -   26s
     0     0 6742.70910    0 1078 6912.04266 6742.70910  2.45%     -   28s
     0     0 6743.52636    0 1080 6912.04266 6743.52636  2.44%     -   29s
     0     0 6743.91726    0 1083 6912.04266 6743.91726  2.43%     -   29s
     0     0 6744.13540    0 1083 6912.04266 6744.13540  2.43%     -   30s
     0     0 6744.23047    0 1087 6912.04266 6744.23047  2.43%     -   30s
     0     0 6744.27288    0 1084 6912.04266 6744.27288  2.43%     -   30s
     0     0 6744.30667    0 1089 6912.04266 6744.30667  2.43%     -   30s
     0     0 6774.25437    0 1037 6912.04266 6774.25437  1.99%     -   37s
H    0     0                    6912.0333860 6774.26125  1.99%     -   37s
H    0     0                    6911.9726025 6774.26125  1.99%     -   37s
H    0     0                    6911.7660643 6774.26125  1.99%     -   38s
     0     0 6778.82868    0 1049 6911.76606 6778.82868  1.92%     -   40s
     0     0 6780.31995    0 1051 6911.76606 6780.31995  1.90%     -   41s
     0     0 6780.64668    0 1054 6911.76606 6780.64668  1.90%     -   42s
     0     0 6780.88828    0 1060 6911.76606 6780.88828  1.89%     -   42s
     0     0 6780.95773    0 1067 6911.76606 6780.95773  1.89%     -   42s
     0     0 6780.99727    0 1062 6911.76606 6780.99727  1.89%     -   43s
     0     0 6788.69938    0 1017 6911.76606 6788.69938  1.78%     -   47s
H    0     0                    6911.7601573 6788.70980  1.78%     -   47s
H    0     0                    6911.7600758 6788.70980  1.78%     -   47s
H    0     0                    6911.7259356 6788.70980  1.78%     -   47s
     0     0 6791.68465    0 1028 6911.72594 6791.68465  1.74%     -   49s
     0     0 6792.60750    0 1047 6911.72594 6792.60750  1.72%     -   50s
     0     0 6793.02284    0 1048 6911.72594 6793.02284  1.72%     -   51s
     0     0 6793.21031    0 1056 6911.72594 6793.21031  1.71%     -   52s
     0     0 6793.28595    0 1061 6911.72594 6793.28595  1.71%     -   52s
     0     0 6793.31683    0 1064 6911.72594 6793.31683  1.71%     -   52s
     0     0 6798.82819    0  995 6911.72594 6798.82819  1.63%     -   55s
H    0     0                    6911.7046645 6798.86280  1.63%     -   56s
H    0     0                    6911.6378031 6798.86280  1.63%     -   56s
H    0     0                    6902.5088182 6798.86280  1.50%     -   56s
     0     0 6801.34933    0 1034 6902.50882 6801.34933  1.47%     -   58s
     0     0 6802.15243    0 1045 6902.50882 6802.15243  1.45%     -   60s
     0     0 6802.44624    0 1064 6902.50882 6802.44624  1.45%     -   61s
     0     0 6802.55148    0 1062 6902.50882 6802.55148  1.45%     -   61s
     0     0 6802.60468    0 1068 6902.50882 6802.60468  1.45%     -   61s
     0     0 6807.27615    0 1035 6902.50882 6807.27615  1.38%     -   65s
H    0     0                    6902.4923964 6807.27698  1.38%     -   65s
H    0     0                    6902.4899921 6807.27698  1.38%     -   65s
H    0     0                    6902.4603400 6807.27698  1.38%     -   66s
     0     0 6809.08102    0 1066 6902.46034 6809.08102  1.35%     -   68s
     0     0 6809.61822    0 1090 6902.46034 6809.61822  1.35%     -   69s
     0     0 6809.85065    0 1078 6902.46034 6809.85065  1.34%     -   70s
     0     0 6809.97932    0 1104 6902.46034 6809.97932  1.34%     -   71s
     0     0 6810.02781    0 1100 6902.46034 6810.02781  1.34%     -   71s
     0     0 6812.68514    0 1027 6902.46034 6812.68514  1.30%     -   75s
H    0     0                    6902.4342222 6812.68970  1.30%     -   75s
H    0     0                    6902.3963069 6812.68970  1.30%     -   75s
     0     0 6814.07457    0 1072 6902.39631 6814.07457  1.28%     -   79s
     0     0 6814.61934    0 1075 6902.39631 6814.61934  1.27%     -   80s
     0     0 6814.80632    0 1100 6902.39631 6814.80632  1.27%     -   81s
     0     0 6814.90656    0 1104 6902.39631 6814.90656  1.27%     -   82s
     0     0 6814.95496    0 1093 6902.39631 6814.95496  1.27%     -   82s
     0     0 6817.33337    0 1030 6902.39631 6817.33337  1.23%     -   86s
H    0     0                    6902.3688242 6817.34170  1.23%     -   86s
H    0     0                    6902.3630137 6817.34170  1.23%     -   86s
     0     0 6818.19963    0 1046 6902.36301 6818.19963  1.22%     -   89s
     0     0 6818.54578    0 1078 6902.36301 6818.54578  1.21%     -   90s
     0     0 6818.73136    0 1079 6902.36301 6818.73136  1.21%     -   91s
     0     0 6818.80564    0 1095 6902.36301 6818.80564  1.21%     -   92s
     0     0 6820.71103    0 1058 6902.36301 6820.71103  1.18%     -   96s
H    0     0                    6902.3068657 6820.71284  1.18%     -   96s
H    0     0                    6902.2524951 6820.71284  1.18%     -   96s
H    0     0                    6902.0267397 6820.71284  1.18%     -   96s
     0     0 6821.71456    0 1058 6902.02674 6821.71456  1.16%     -   98s
     0     0 6822.07782    0 1078 6902.02674 6822.07782  1.16%     -  100s
     0     0 6822.17917    0 1086 6902.02674 6822.17917  1.16%     -  101s
     0     0 6822.22879    0 1089 6902.02674 6822.22879  1.16%     -  101s
     0     0 6823.48977    0 1042 6902.02674 6823.48977  1.14%     -  106s
H    0     0                    6902.0177660 6823.49147  1.14%     -  106s
H    0     0                    6901.9683692 6823.49147  1.14%     -  106s
H    0     0                    6900.3178067 6823.49147  1.11%     -  106s
H    0     0                    6880.4298960 6823.49147  0.83%     -  106s
H    0     0                    6879.9235135 6823.49147  0.82%     -  106s
     0     0 6824.31927    0 1055 6879.92351 6824.31927  0.81%     -  108s
     0     0 6824.57076    0 1071 6879.92351 6824.57076  0.80%     -  109s
     0     0 6824.68220    0 1068 6879.92351 6824.68220  0.80%     -  110s
     0     0 6824.73223    0 1079 6879.92351 6824.73223  0.80%     -  110s
     0     0 6826.03597    0 1032 6879.92351 6826.03597  0.78%     -  114s
H    0     0                    6876.8422950 6826.03604  0.74%     -  114s
H    0     0                    6876.3773947 6826.03604  0.73%     -  114s
     0     0 6826.64103    0 1041 6876.37739 6826.64103  0.72%     -  116s
     0     0 6826.82483    0 1065 6876.37739 6826.82483  0.72%     -  118s
     0     0 6826.90801    0 1083 6876.37739 6826.90801  0.72%     -  119s
     0     0 6826.96280    0 1092 6876.37739 6826.96280  0.72%     -  119s
     0     0 6827.80741    0 1036 6876.37739 6827.80741  0.71%     -  122s
H    0     0                    6876.1260870 6827.80784  0.70%     -  123s
H    0     0                    6875.6862359 6827.80784  0.70%     -  123s
H    0     0                    6870.8499821 6827.80784  0.63%     -  123s
H    0     0                    6870.4101310 6827.80784  0.62%     -  123s
H    0     0                    6870.3388699 6827.80784  0.62%     -  123s
     0     0 6828.30682    0 1035 6870.33887 6828.30682  0.61%     -  124s
     0     0 6828.49277    0 1070 6870.33887 6828.49277  0.61%     -  126s
     0     0 6828.57148    0 1074 6870.33887 6828.57148  0.61%     -  126s
     0     0 6829.48885    0 1047 6870.33887 6829.48885  0.59%     -  130s
     0     0 6829.91359    0 1091 6870.33887 6829.91359  0.59%     -  132s
     0     0 6830.09141    0 1077 6870.33887 6830.09141  0.59%     -  133s
     0     0 6830.16713    0 1083 6870.33887 6830.16713  0.58%     -  134s
     0     0 6830.92770    0 1030 6870.33887 6830.92770  0.57%     -  137s
H    0     0                    6870.3062354 6830.93126  0.57%     -  137s
H    0     0                    6870.1271664 6830.93126  0.57%     -  137s
     0     0 6831.38608    0 1069 6870.12717 6831.38608  0.56%     -  139s
     0     0 6831.52896    0 1057 6870.12717 6831.52896  0.56%     -  140s
     0     0 6831.60807    0 1085 6870.12717 6831.60807  0.56%     -  140s
     0     0 6832.37822    0 1026 6870.12717 6832.37822  0.55%     -  143s
H    0     0                    6869.0141991 6832.37834  0.53%     -  144s
     0     0 6832.69740    0 1059 6869.01420 6832.69740  0.53%     -  145s
     0     0 6832.78102    0 1077 6869.01420 6832.78102  0.53%     -  146s
     0     0 6833.41675    0 1027 6869.01420 6833.41675  0.52%     -  149s
H    0     0                    6868.9406867 6833.41794  0.52%     -  150s
H    0     0                    6868.6394154 6833.41794  0.51%     -  150s
     0     0 6833.73282    0 1070 6868.63942 6833.73282  0.51%     -  151s
     0     0 6833.83549    0 1059 6868.63942 6833.83549  0.51%     -  152s
     0     0 6833.89211    0 1052 6868.63942 6833.89211  0.51%     -  153s
     0     0 6834.36565    0 1051 6868.63942 6834.36565  0.50%     -  156s
H    0     0                    6868.5890430 6834.36675  0.50%     -  156s
     0     0 6834.62300    0 1094 6868.58904 6834.62300  0.49%     -  158s
     0     0 6834.70646    0 1092 6868.58904 6834.70646  0.49%     -  159s
     0     0 6835.19865    0 1022 6868.58904 6835.19865  0.49%     -  161s
H    0     0                    6868.0422755 6835.20020  0.48%     -  161s
     0     0 6835.43667    0 1058 6868.04228 6835.43667  0.47%     -  163s
     0     0 6835.52446    0 1046 6868.04228 6835.52446  0.47%     -  164s
     0     0 6836.01366    0 1049 6868.04228 6836.01366  0.47%     -  166s
     0     0 6836.01393    0 1049 6868.04228 6836.01393  0.47%     -  168s
H    0     0                    6867.7201598 6836.01414  0.46%     -  192s
     0     2 6836.01414    0 1049 6867.72016 6836.01414  0.46%     -  192s
    11    13 6836.24300    9  994 6867.72016 6836.01414  0.46%   120  195s
    28    30 6837.00156   18  972 6867.72016 6836.01414  0.46%   178  200s
    46    48 6837.91777   29  948 6867.72016 6836.01414  0.46%   182  205s
    74    71 6838.85902   50  922 6867.72016 6836.01414  0.46%   157  210s
   101    92 6839.58058   71  866 6867.72016 6836.01414  0.46%   153  215s
   138   117 6840.98238  102  780 6867.72016 6836.01414  0.46%   136  220s
   187   147 6842.08248  145  685 6867.72016 6836.01414  0.46%   116  225s
   251   187 6844.01327  199  630 6867.72016 6836.01414  0.46%   100  230s
   335   236 6849.71694  262  523 6867.72016 6836.01414  0.46%  87.3  235s
   513   323 6859.71515  413  276 6867.72016 6836.01414  0.46%  61.4  240s
H  546   338                    6867.6423274 6836.01414  0.46%  58.2  243s
   572   353 6862.02365  464  187 6867.64233 6836.01414  0.46%  55.9  247s
   645   388 6866.52055  523  118 6867.64233 6836.01414  0.46%  50.4  250s
H  651   386                    6867.5994978 6836.01414  0.46%  50.1  253s
   652   389 6836.68791    2 1020 6867.59950 6836.02580  0.46%  52.6  255s
   662   399 6837.40221   10 1017 6867.59950 6836.02580  0.46%  57.1  260s
   673   410 6838.32309   18 1006 6867.59950 6836.02580  0.46%  63.0  265s
   677   413 6838.79689   22  984 6867.59950 6836.02580  0.46%  64.4  276s
   684   419 6836.48765   16 1049 6867.59950 6836.02580  0.46%  65.5  316s
   686   420 6866.41383  504 1016 6867.59950 6836.02580  0.46%  65.3  324s
   687   421 6844.11396  199 1026 6867.59950 6836.02580  0.46%  65.2  338s
   688   422 6862.06162  466 1014 6867.59950 6836.02580  0.46%  65.1  347s
   689   422 6864.12245  480 1034 6867.59950 6836.02580  0.46%  65.0  351s
   696   427 6839.06497   28 1095 6867.59950 6836.59185  0.45%  64.3  357s
   697   428 6850.00703  281 1116 6867.59950 6839.55527  0.41%  64.3  369s
   698   428 6840.33329   47 1115 6867.59950 6840.33329  0.40%  64.2  373s
   699   429 6842.17299  149 1146 6867.59950 6840.66054  0.39%  64.1  375s
   706   434 6840.86180    2 1158 6867.59950 6840.86180  0.39%  63.4  382s
   707   434 6854.89454  357 1142 6867.59950 6843.11434  0.36%  63.3  394s
   708   435 6844.20639  186 1143 6867.59950 6844.20639  0.34%  63.3  401s
   709   436 6844.63468    6 1154 6867.59950 6844.63468  0.33%  63.2  405s
   713   438 6856.91888  378 1178 6867.59950 6844.91566  0.33%  62.8  410s
   723   445 6844.94139   79 1200 6867.59950 6844.94139  0.33%  61.9  416s
   724   446 6846.87132  106 1172 6867.59950 6846.87132  0.30%  61.9  429s
   725   446 6847.65030   33 1150 6867.59950 6847.65030  0.29%  61.8  435s
   727   448 6863.11320  473 1189 6867.59950 6848.21502  0.28%  61.6  441s
   731   450 6863.62717  484 1198 6867.59950 6848.37429  0.28%  61.3  445s
   739   456 6850.31306  278 1205 6867.59950 6848.39553  0.28%  60.6  450s
   740   456 6849.78534   15 1148 6867.59950 6849.78534  0.26%  60.5  463s
   741   457 6850.39841   44 1157 6867.59950 6850.39841  0.25%  60.4  470s
   742   458 6850.71173  107 1181 6867.59950 6850.71173  0.25%  60.4  475s
   745   460 6850.96154   43 1193 6867.59950 6850.96154  0.24%  60.1  480s
   752   464 6851.01401   23 1209 6867.59950 6851.01401  0.24%  59.6  487s
   753   465 6852.24695   24 1164 6867.59950 6852.24695  0.22%  59.5  502s
   754   466 6852.79135   92 1179 6867.59950 6852.79135  0.22%  59.4  510s
   756   467 6853.07340  256 1206 6867.59950 6853.07340  0.21%  59.2  515s
   761   470 6865.89156  504 1226 6867.59950 6853.18093  0.21%  58.8  520s
   766   474 6853.19324  218 1237 6867.59950 6853.19324  0.21%  58.5  525s
   767   474 6854.05324   17 1150 6867.59950 6854.05324  0.20%  58.4  538s
   768   475 6854.45369  202 1193 6867.59950 6854.45369  0.19%  58.3  546s
   770   476 6854.69176  265 1198 6867.59950 6854.69176  0.19%  58.2  551s
   773   478 6854.78972   92 1204 6867.59950 6854.78972  0.19%  57.9  555s
   782   484 6854.82277    7 1210 6867.59950 6854.82277  0.19%  57.3  562s
   783   485 6863.67599  482 1173 6867.59950 6855.46420  0.18%  57.2  574s
   784   486 6855.85681   16 1200 6867.59950 6855.85681  0.17%  57.1  581s
   785   486 6856.01391   10 1201 6867.59950 6856.01391  0.17%  57.0  585s
   787   488 6856.17938  199 1206 6867.59950 6856.17938  0.17%  56.9  590s
   793   492 6856.25053  263 1240 6867.59950 6856.25053  0.17%  56.5  595s
   798   495 6856.25736   47 1252 6867.59950 6856.25736  0.17%  56.1  600s
   799   496 6856.71009  149 1199 6867.59950 6856.71009  0.16%  56.1  610s
   800   496 6856.95656  357 1200 6867.59950 6856.95656  0.15%  56.0  616s
   801   497 6865.15162  492 1226 6867.59950 6857.10185  0.15%  55.9  621s
   803   498 6857.24347  104 1227 6867.59950 6857.24347  0.15%  55.8  625s
   809   502 6857.32005    6 1234 6867.59950 6857.32005  0.15%  55.4  630s
   814   506 6857.32774   92 1235 6867.59950 6857.32774  0.15%  55.0  635s
   815   506 6857.70068   21 1170 6867.59950 6857.70068  0.14%  54.9  644s
   816   507 6857.96408   86 1195 6867.59950 6857.96408  0.14%  54.9  650s
   818   508 6860.82796  433 1223 6867.59950 6858.11986  0.14%  54.7  657s
   820   510 6858.17000  269 1220 6867.59950 6858.17000  0.14%  54.6  660s
   830   516 6861.32702  453 1254 6867.59950 6858.20661  0.14%  54.0  665s
   832   518 6865.42745  510 1196 6867.59950 6858.50210  0.13%  53.8  679s
   833   518 6858.69193  103 1233 6867.59950 6858.69193  0.13%  53.8  683s
   834   519 6858.79756  201 1215 6867.59950 6858.79756  0.13%  53.7  688s
   835   520 6858.85991   24 1223 6867.59950 6858.85991  0.13%  53.6  690s
   838   522 6858.92143   81 1236 6867.59950 6858.92143  0.13%  53.4  695s
   847   528 6858.94786  104 1246 6867.59950 6858.94786  0.13%  52.9  703s
   848   528 6859.19390  196 1196 6867.59950 6859.19390  0.12%  52.8  713s
   849   529 6859.34180  275 1230 6867.59950 6859.34180  0.12%  52.7  718s
   850   530 6859.39663  147 1216 6867.59950 6859.39663  0.12%  52.7  722s
   852   531 6859.44530   23 1219 6867.59950 6859.44530  0.12%  52.6  725s
   861   537 6865.89156  504 1231 6867.59950 6859.48294  0.12%  52.0  732s
   862   538 6865.72668  514 1193 6867.59950 6859.72056  0.11%  52.0  742s
   863   538 6859.83255  177 1192 6867.59950 6859.83255  0.11%  51.9  746s
   864   539 6859.88705   86 1223 6867.59950 6859.88705  0.11%  51.8  750s
   868   542 6859.94594  202 1248 6867.59950 6859.94594  0.11%  51.6  755s
   872   544 6864.12245  480 1265 6867.59950 6859.95511  0.11%  51.4  760s
   873   545 6860.13852   92 1198 6867.59950 6860.13852  0.11%  51.3  769s
   874   546 6860.26019    6 1212 6867.59950 6860.26019  0.11%  51.2  774s
   875   546 6860.33465    2 1205 6867.59950 6860.33465  0.11%  51.2  777s
   877   548 6860.39459   17 1212 6867.59950 6860.39459  0.10%  51.1  781s
   880   550 6860.43424  392 1222 6867.59950 6860.43424  0.10%  50.9  785s
   886   554 6866.41383  504 1244 6867.59950 6860.44809  0.10%  50.5  791s
H  886   522                    6867.5673129 6860.60811  0.10%  50.5  800s
   888   523 6862.06162  466 1216 6867.56731 6860.74865  0.10%  50.4  805s
   890   524 6860.83318    9 1243 6867.56731 6860.83318  0.10%  50.3  810s
   895   528 6860.88255   15 1243 6867.56731 6860.88255  0.10%  50.0  815s
   902   532 6866.14698  516 1266 6867.56731 6860.89364  0.10%  49.6  821s
   903   533 6861.07761  104 1208 6867.56731 6861.07761  0.09%  49.6  831s
   904   534 6861.19418  216 1209 6867.56731 6861.19418  0.09%  49.5  836s
   905   534 6861.25079  350 1214 6867.56731 6861.25079  0.09%  49.5  840s
   909   537 6861.32150    6 1230 6867.56731 6861.32150  0.09%  49.3  845s
   917   542 6861.33920  147 1255 6867.56731 6861.33920  0.09%  48.8  853s
   918   543 6861.52478  433 1211 6867.56731 6861.52478  0.09%  48.8  863s
   919   544 6861.64112   22 1198 6867.56731 6861.64112  0.09%  48.7  868s
   920   544 6861.70519  269 1203 6867.56731 6861.70519  0.09%  48.7  871s
   922   546 6865.89156  504 1226 6867.56731 6861.76002  0.08%  48.6  875s
   926   548 6861.79456  225 1249 6867.56731 6861.79456  0.08%  48.4  880s
   934   554 6861.81310  201 1264 6867.56731 6861.81310  0.08%  47.9  887s
   935   554 6861.94252   24 1207 6867.56731 6861.94252  0.08%  47.9  897s
   936   555 6862.04106    5 1207 6867.56731 6862.04106  0.08%  47.8  901s
   937   556 6862.09432   10 1212 6867.56731 6862.09432  0.08%  47.8  905s
   939   557 6862.15168  278 1253 6867.56731 6862.15168  0.08%  47.7  911s
   943   560 6862.17849   79 1235 6867.56731 6862.17849  0.08%  47.5  915s
   947   562 6862.18474  104 1246 6867.56731 6862.18474  0.08%  47.3  920s
   948   563 6862.28676  196 1220 6867.56731 6862.28676  0.08%  47.2  929s
   949   564 6862.35884  275 1245 6867.56731 6862.35884  0.08%  47.2  932s
   950   564 6862.39363  147 1247 6867.56731 6862.39363  0.08%  47.1  935s
   954   567 6862.43641   92 1245 6867.56731 6862.43641  0.07%  46.9  940s
   960   571 6862.44833  357 1257 6867.56731 6862.44833  0.07%  46.6  947s
   961   572 6865.89156  504 1231 6867.56731 6862.54534  0.07%  46.6  956s
   962   572 6865.72668  514 1219 6867.56731 6862.60532  0.07%  46.6  961s
   964   574 6862.65936   86 1227 6867.56731 6862.65936  0.07%  46.5  965s
   968   576 6862.69415  202 1251 6867.56731 6862.69415  0.07%  46.3  970s
   972   579 6864.12245  480 1252 6867.56731 6862.70060  0.07%  46.1  976s
H  972   546                    6867.5383612 6862.76505  0.07%  46.1  984s
   974   547 6862.83684    6 1234 6867.53836 6862.83684  0.07%  46.0  990s
   977   549 6862.90244   17 1248 6867.53836 6862.90244  0.07%  45.8  995s
   982   553 6862.91825    7 1263 6867.53836 6862.91825  0.07%  45.6 1001s
   983   553 6863.67599  482 1201 6867.53836 6862.99106  0.07%  45.6 1009s
   984   554 6863.02631   16 1238 6867.53836 6863.02631  0.07%  45.5 1012s
   986   555 6866.41383  504 1227 6867.53836 6863.06127  0.07%  45.4 1016s
   989   557 6864.12245  480 1229 6867.53836 6863.08084  0.06%  45.3 1020s
   996   562 6863.08987   28 1237 6867.53836 6863.08987  0.06%  45.0 1026s
   997   563 6863.14862  281 1196 6867.53836 6863.14862  0.06%  44.9 1033s
   998   563 6863.20237   47 1233 6867.53836 6863.20237  0.06%  44.9 1038s
   999   564 6863.23525  149 1243 6867.53836 6863.23525  0.06%  44.8 1040s
  1003   567 6863.26594  104 1219 6867.53836 6863.26594  0.06%  44.7 1045s
  1009   571 6863.27318    6 1244 6867.53836 6863.27318  0.06%  44.4 1051s
  1010   571 6863.32017   22 1229 6867.53836 6863.32017  0.06%  44.3 1058s
  1011   572 6863.37110  431 1217 6867.53836 6863.37110  0.06%  44.3 1063s
  1012   573 6863.39191  408 1213 6867.53836 6863.39191  0.06%  44.3 1065s
  1015   575 6863.41527   21 1228 6867.53836 6863.41527  0.06%  44.1 1070s
  1022   579 6865.89156  504 1244 6867.53836 6863.42655  0.06%  43.8 1077s
  1023   580 6863.46777   79 1212 6867.53836 6863.46777  0.06%  43.8 1085s
  1025   581 6863.53542   33 1248 6867.53836 6863.53542  0.06%  43.7 1091s
  1027   583 6863.55667  473 1226 6867.53836 6863.55667  0.06%  43.6 1095s
  1033   587 6863.57010  103 1250 6867.53836 6863.57010  0.06%  43.4 1100s
  1036   589 6863.62429    5 1226 6867.53836 6863.62429  0.06%  43.2 1112s
  1037   589 6863.66289   10 1229 6867.53836 6863.66289  0.06%  43.2 1116s
  1039   591 6863.69166  278 1243 6867.53836 6863.69166  0.06%  43.1 1120s
  1044   594 6863.70811  149 1252 6867.53836 6863.70811  0.06%  42.9 1125s
  1047   596 6863.75571  104 1218 6867.53836 6863.75571  0.06%  42.8 1138s
  1048   597 6863.79118  196 1199 6867.53836 6863.79118  0.05%  42.7 1142s
  1049   597 6863.81519  275 1245 6867.53836 6863.81519  0.05%  42.7 1145s
  1052   599 6863.83943   23 1256 6867.53836 6863.83943  0.05%  42.6 1150s
  1058   603 6863.85078  231 1261 6867.53836 6863.85078  0.05%  42.3 1157s
  1059   604 6863.88426  294 1213 6867.53836 6863.88426  0.05%  42.3 1161s
  1060   605 6863.92261  357 1253 6867.53836 6863.92261  0.05%  42.2 1165s
  1063   607 6863.95558  177 1248 6867.53836 6863.95558  0.05%  42.1 1170s
  1069   611 6863.96843   81 1253 6867.53836 6863.96843  0.05%  41.9 1175s
  1073   613 6863.99271   92 1229 6867.53836 6863.99271  0.05%  41.7 1180s
  1081   619 6864.01402   32 1195 6867.53836 6864.01402  0.05%  41.4 1186s
  1084   621 6864.03496   16 1242 6867.53836 6864.03496  0.05%  41.3 1190s
H 1088   585                    6867.5361198 6864.04469  0.05%  41.2 1194s
H 1088   549                    6867.4968674 6864.04469  0.05%  41.2 1194s
  1090   551 6864.04904    9 1206 6867.49687 6864.04904  0.05%  41.1 1196s
  1096   555 6864.06540   28 1227 6867.49687 6864.06540  0.05%  40.9 1200s
  1102   559 6866.14698  516 1193 6867.49687 6864.07605  0.05%  40.6 1205s
  1108   563 6864.08572  186 1210 6867.49687 6864.08572  0.05%  40.4 1210s
  1115   569 6864.09034   21 1049 6867.49687 6864.09034  0.05%   429 1215s
  1117   570 6864.09034  147  963 6867.49687 6864.09034  0.05%   429 1222s
  1118   571 6864.09034  433  982 6867.49687 6864.09034  0.05%   428 1237s
  1119   572 6864.09034   22 1041 6867.49687 6864.09034  0.05%   428 1248s
  1120   572 6864.09034  269 1062 6867.49687 6864.09034  0.05%   428 1256s
  1121   573 6864.09034   92 1099 6867.49687 6864.09034  0.05%   427 1261s
  1123   574 6864.09034   79 1124 6867.49687 6864.09034  0.05%   426 1265s
  1127   577 6864.12758  473 1167 6867.49687 6864.12758  0.05%   425 1274s
  1128   578 6864.14130  147 1183 6867.49687 6864.14130  0.05%   424 1275s
  1132   580 6865.42745  510 1178 6867.49687 6864.15344  0.05%   423 1280s
  1133   581 6864.20107  103 1168 6867.49687 6864.20107  0.05%   423 1286s
  1137   584 6864.23885   10 1184 6867.49687 6864.23885  0.05%   421 1290s
  1144   588 6864.28176  149 1196 6867.49687 6864.28176  0.05%   419 1300s
  1149   592 6864.32532  275 1177 6867.49687 6864.32532  0.05%   417 1305s
  1151   593 6864.36377  393 1188 6867.49687 6864.36377  0.05%   416 1314s
  1152   594 6864.38248   23 1203 6867.49687 6864.38248  0.05%   416 1316s
  1157   597 6864.40173  480 1203 6867.49687 6864.40173  0.05%   414 1320s
  1161   600 6865.89156  504 1189 6867.49687 6864.43309  0.04%   412 1329s
  1162   600 6865.72668  514 1193 6867.49687 6864.45341  0.04%   412 1331s
  1166   603 6864.47576  218 1190 6867.49687 6864.47576  0.04%   411 1335s
  1171   606 6864.50834   64 1180 6867.49687 6864.50834  0.04%   409 1344s
  1172   607 6864.52707  480 1197 6867.49687 6864.52707  0.04%   409 1346s
  1175   609 6864.54275    2 1190 6867.49687 6864.54275  0.04%   408 1350s
  1179   612 6864.54834  230 1206 6867.49687 6864.54834  0.04%   406 1355s
  1180   612 6864.57026  392 1182 6867.49687 6864.57026  0.04%   406 1360s
  1183   614 6864.60256  482 1221 6867.49687 6864.60256  0.04%   405 1365s
  1188   618 6864.61105  466 1231 6867.49687 6864.61105  0.04%   403 1370s
  1189   618 6864.62947  480 1229 6867.49687 6864.62947  0.04%   403 1375s
  1195   622 6864.65963   15 1237 6867.49687 6864.65963  0.04%   401 1380s
  1199   625 6864.67795  149 1219 6867.49687 6864.67795  0.04%   399 1389s
  1200   626 6864.69060  357 1220 6867.49687 6864.69060  0.04%   399 1390s
  1206   630 6864.70483    2 1193 6867.49687 6864.70483  0.04%   397 1397s
  1207   630 6864.71845  357 1203 6867.49687 6864.71845  0.04%   397 1402s
  1210   632 6864.73269   22 1220 6867.49687 6864.73269  0.04%   396 1405s
  1215   636 6864.73793   21 1226 6867.49687 6864.73793  0.04%   394 1410s
  1216   636 6864.74758   86 1216 6867.49687 6864.74758  0.04%   394 1416s
  1220   639 6864.77165  269 1242 6867.49687 6864.77165  0.04%   392 1420s
  1224   642 6864.77791  106 1241 6867.49687 6864.77791  0.04%   391 1425s
  1225   642 6864.78693   33 1223 6867.49687 6864.78693  0.04%   391 1430s
  1231   646 6864.81087  484 1252 6867.49687 6864.81087  0.04%   389 1435s
  1233   648 6864.82332  103 1233 6867.49687 6864.82332  0.04%   388 1444s
  1234   648 6864.83308  201 1229 6867.49687 6864.83308  0.04%   388 1446s
  1238   651 6864.84150   81 1230 6867.49687 6864.84150  0.04%   387 1451s
  1239   652 6864.84879  278 1222 6867.49687 6864.84879  0.04%   386 1456s
  1243   654 6864.86372   79 1222 6867.49687 6864.86372  0.04%   385 1460s
  1247   657 6864.88041  104 1212 6867.49687 6864.88041  0.04%   384 1470s
  1252   660 6864.90483   23 1209 6867.49687 6864.90483  0.04%   382 1475s
  1255   662 6864.91639  224 1196 6867.49687 6864.91639  0.04%   382 1484s
  1256   663 6864.92501  256 1218 6867.49687 6864.92501  0.04%   381 1485s
  1262   667 6865.72668  514 1218 6867.49687 6864.93681  0.04%   379 1492s
  1263   668 6864.94295  177 1210 6867.49687 6864.94295  0.04%   379 1496s
  1267   670 6864.96317   17 1217 6867.49687 6864.96317  0.04%   378 1500s
  1272   674 6864.96741  480 1231 6867.49687 6864.96741  0.04%   376 1505s
  1274   675 6864.98262    6 1214 6867.49687 6864.98262  0.04%   376 1510s
  1279   678 6864.99059  230 1239 6867.49687 6864.99059  0.04%   374 1516s
  1280   679 6864.99576  392 1218 6867.49687 6864.99576  0.04%   374 1520s
  1287   684 6865.00841  199 1234 6867.49687 6865.00841  0.04%   372 1527s
  1288   684 6865.01398  466 1230 6867.49687 6865.01398  0.04%   372 1531s
  1294   688 6865.02661   55 1227 6867.49687 6865.02661  0.04%   370 1535s
  1297   690 6865.03447  281 1229 6867.49687 6865.03447  0.04%   369 1542s
  1299   692 6865.04495  149 1203 6867.49687 6865.04495  0.04%   369 1545s
  1303   694 6865.05024  104 1198 6867.49687 6865.05024  0.04%   367 1550s
  1305   696 6865.05926  350 1180 6867.49687 6865.05926  0.04%   367 1555s
  1311   700 6865.06774  431 1215 6867.49687 6865.06774  0.04%   365 1562s
  1312   700 6865.07360  408 1195 6867.49687 6865.07360  0.04%   365 1566s
  1318   704 6865.08758  433 1230 6867.49687 6865.08758  0.04%   363 1570s
  1320   706 6865.09414  269 1217 6867.49687 6865.09414  0.03%   363 1577s
  1323   708 6865.10603   79 1232 6867.49687 6865.10603  0.03%   362 1580s
  1327   710 6865.11215  473 1229 6867.49687 6865.11215  0.03%   361 1585s
  1328   711 6865.11907  147 1234 6867.49687 6865.11907  0.03%   361 1590s
  1335   716 6865.13521   24 1212 6867.49687 6865.13521  0.03%   359 1595s
  1337   717 6865.14195   10 1214 6867.49687 6865.14195  0.03%   358 1602s
  1339   718 6865.15505  278 1207 6867.49687 6865.15505  0.03%   358 1605s
  1344   722 6865.16220  149 1212 6867.49687 6865.16220  0.03%   356 1610s
  1345   722 6865.16701   43 1219 6867.49687 6865.16701  0.03%   356 1615s
  1352   727 6865.18617   23 1218 6867.49687 6865.18617  0.03%   354 1620s
  1354   728 6865.18894   92 1218 6867.49687 6865.18894  0.03%   354 1627s
  1358   731 6865.19529  231 1217 6867.49687 6865.19529  0.03%   353 1630s
  1362   734 6865.72668  514 1238 6867.49687 6865.20232  0.03%   352 1639s
  1364   735 6865.20827   86 1242 6867.49687 6865.20827  0.03%   351 1640s
  1369   738 6865.21425   81 1239 6867.49687 6865.21425  0.03%   350 1645s
  1370   739 6865.23154  265 1229 6867.49687 6865.23154  0.03%   350 1651s
  1374   742 6865.25375    6 1224 6867.49687 6865.25375  0.03%   348 1655s
  1378   744 6865.26248  494 1181 6867.49687 6865.26248  0.03%   347 1664s
  1379   745 6865.27054  230 1229 6867.49687 6865.27054  0.03%   347 1665s
  1387   750 6865.28062  199 1231 6867.49687 6865.28062  0.03%   345 1672s
  1388   751 6865.28498  466 1205 6867.49687 6865.28498  0.03%   345 1677s
  1391   753 6865.29567   17 1238 6867.49687 6865.29567  0.03%   344 1680s
  1396   756 6865.30370   28 1209 6867.49687 6865.30370  0.03%   343 1689s
  1397   757 6865.30766  281 1220 6867.49687 6865.30766  0.03%   343 1690s
  1401   760 6865.31238  492 1219 6867.49687 6865.31238  0.03%   342 1696s
  1402   760 6866.14698  516 1202 6867.49687 6865.31506  0.03%   342 1700s
  1407   764 6865.32488  357 1196 6867.49687 6865.32488  0.03%   340 1706s
  1408   764 6865.32838  186 1196 6867.49687 6865.32838  0.03%   340 1711s
  1414   768 6865.33770   92 1191 6867.49687 6865.33770  0.03%   339 1715s
  1417   770 6865.34408  147 1198 6867.49687 6865.34408  0.03%   338 1723s
  1418   771 6865.35036  433 1205 6867.49687 6865.35036  0.03%   338 1725s
  1426   776 6865.36300  225 1239 6867.49687 6865.36300  0.03%   336 1733s
  1427   777 6865.36708  473 1237 6867.49687 6865.36708  0.03%   336 1737s
  1432   780 6865.42745  510 1222 6867.49687 6865.37415  0.03%   334 1742s
  1433   781 6865.38197  103 1215 6867.49687 6865.38197  0.03%   334 1747s
  1436   783 6865.39478    5 1242 6867.49687 6865.39478  0.03%   333 1750s
  1439   785 6865.40704  278 1216 6867.49687 6865.40704  0.03%   333 1759s
  1440   786 6865.41555   15 1206 6867.49687 6865.41555  0.03%   333 1761s
  1444   788 6865.43095  149 1238 6867.49687 6865.43095  0.03%   332 1765s
  1447   790 6865.43403  104 1224 6867.49687 6865.43403  0.03%   331 1770s
  1449   792 6865.44681  275 1222 6867.49687 6865.44681  0.03%   330 1776s
  1455   796 6865.45470  224 1208 6867.49687 6865.45470  0.03%   329 1783s
  1456   796 6865.46181  256 1208 6867.49687 6865.46181  0.03%   329 1788s
  1457   797 6865.47361  480 1236 6867.49687 6865.47361  0.03%   329 1790s
  1462   800 6865.72668  514 1214 6867.49687 6865.48415  0.03%   328 1796s
  1463   801 6865.48693  177 1206 6867.49687 6865.48693  0.03%   327 1800s
  1468   804 6865.49379  202 1217 6867.49687 6865.49379  0.03%   326 1806s
  1469   805 6865.49878   81 1205 6867.49687 6865.49878  0.03%   326 1811s
  1473   808 6865.51212   92 1227 6867.49687 6865.51212  0.03%   325 1815s
  1477   810 6865.51557   17 1246 6867.49687 6865.51557  0.03%   324 1820s
  1479   812 6865.52348  230 1235 6867.49687 6865.52348  0.03%   324 1825s
  1486   816 6866.41383  504 1233 6867.49687 6865.53145  0.03%   322 1832s
  1487   817 6865.53613  199 1227 6867.49687 6865.53613  0.03%   322 1837s
  1490   819 6865.54476    9 1227 6867.49687 6865.54476  0.03%   321 1840s
  1494   822 6865.54874   55 1231 6867.49687 6865.54874  0.03%   321 1845s
  1496   823 6865.55214   28 1230 6867.49687 6865.55214  0.03%   320 1850s
  1501   826 6865.55656  492 1217 6867.49687 6865.55656  0.03%   319 1855s
  1505   830 6865.56005  350 1049 6867.49687 6865.56005  0.03%   469 1862s
  1507   831 6865.56005  357  877 6867.49687 6865.56005  0.03%   468 1868s
  1508   832 6865.56005  186  953 6867.49687 6865.56005  0.03%   468 1881s
  1509   833 6865.56005    6  990 6867.49687 6865.56005  0.03%   467 1890s
  1510   833 6865.56005   22 1018 6867.49687 6865.56005  0.03%   467 1895s
  1512   835 6865.56005  408 1104 6867.49687 6865.56005  0.03%   467 1902s
  1515   837 6865.56099   21 1142 6867.49687 6865.56099  0.03%   466 1905s
  1518   839 6865.57237  433 1161 6867.49687 6865.57237  0.03%   465 1912s
  1521   841 6865.57574   92 1164 6867.49687 6865.57574  0.03%   464 1915s
  1522   841 6865.89156  504 1170 6867.49687 6865.58566  0.03%   463 1920s
  1528   845 6865.60185  147 1157 6867.49687 6865.60185  0.03%   462 1928s
  1532   848 6865.61025  510 1160 6867.49687 6865.61025  0.03%   460 1932s
  1533   849 6865.61523  103 1172 6867.49687 6865.61523  0.03%   460 1936s
  1538   852 6865.62367   81 1171 6867.49687 6865.62367  0.03%   459 1941s
  1539   853 6865.63072  278 1176 6867.49687 6865.63072  0.03%   458 1945s
  1543   855 6865.64155   79 1174 6867.49687 6865.64155  0.03%   457 1953s
  1546   857 6865.64754   36 1174 6867.49687 6865.64754  0.03%   456 1955s
  1550   860 6865.65710  147 1174 6867.49687 6865.65710  0.03%   455 1962s
  1555   863 6865.67066  224 1198 6867.49687 6865.67066  0.03%   454 1967s
  1556   864 6865.67495  256 1179 6867.49687 6865.67495  0.03%   453 1971s
  1561   867 6865.89156  504 1188 6867.49687 6865.68266  0.03%   452 1976s
  1562   868 6865.72668  514 1174 6867.49687 6865.68995  0.03%   452 1980s
  1567   871 6865.69863   17 1198 6867.49687 6865.69863  0.03%   450 1985s
  1569   873 6865.71472   81 1173 6867.49687 6865.71472  0.03%   450 1990s
  1573   875 6865.72269   92 1189 6867.49687 6865.72269  0.03%   448 1995s
  1575   877 6865.73002    2 1170 6867.49687 6865.73002  0.03%   448 2000s
  1580   880 6865.73592  392 1194 6867.49687 6865.73592  0.03%   446 2005s
  1581   881 6865.74042   32 1196 6867.49687 6865.74042  0.03%   446 2010s
  1587   885 6865.75229  199 1180 6867.49687 6865.75229  0.03%   444 2015s
  1589   886 6865.76845  480 1179 6867.49687 6865.76845  0.03%   444 2020s
  1593   889 6865.77410  263 1189 6867.49687 6865.77410  0.03%   443 2025s
  1595   890 6865.78503   15 1170 6867.49687 6865.78503  0.02%   442 2030s
  1601   894 6865.79213  492 1169 6867.49687 6865.79213  0.02%   441 2035s
  1602   895 6866.14698  516 1197 6867.49687 6865.79879  0.02%   440 2040s
  1607   898 6865.80780  357 1202 6867.49687 6865.80780  0.02%   439 2045s
  1609   899 6865.81803    6 1151 6867.49687 6865.81803  0.02%   438 2050s
  1613   902 6865.82605  378 1184 6867.49687 6865.82605  0.02%   437 2055s
  1616   904 6865.83453   86 1185 6867.49687 6865.83453  0.02%   437 2060s
  1621   907 6865.84104   92 1201 6867.49687 6865.84104  0.02%   435 2068s
  1624   909 6865.84528  106 1188 6867.49687 6865.84528  0.02%   434 2070s
  1626   911 6865.84944  225 1184 6867.49687 6865.84944  0.02%   434 2076s
  1631   914 6865.85890  484 1218 6867.49687 6865.85890  0.02%   432 2082s
  1632   915 6865.86545  510 1212 6867.49687 6865.86545  0.02%   432 2086s
  1637   918 6865.87204   10 1211 6867.49687 6865.87204  0.02%   431 2091s
  1638   919 6865.87588   81 1212 6867.49687 6865.87588  0.02%   431 2095s
  1643   922 6865.88579   79 1217 6867.49687 6865.88579  0.02%   429 2101s
  1645   923 6865.89220   43 1202 6867.49687 6865.89220  0.02%   429 2105s
  1650   927 6865.89867  147 1210 6867.49687 6865.89867  0.02%   428 2110s
  1652   928 6865.90821   23 1181 6867.49687 6865.90821  0.02%   427 2115s
  1656   931 6865.91423  256 1201 6867.49687 6865.91423  0.02%   426 2120s
  1659   933 6865.92181  294 1185 6867.49687 6865.92181  0.02%   425 2125s
  1663   935 6865.92695  177 1183 6867.49687 6865.92695  0.02%   424 2132s
  1667   938 6865.93321   17 1177 6867.49687 6865.93321  0.02%   423 2135s
  1670   940 6865.93617  265 1187 6867.49687 6865.93617  0.02%   422 2141s
  1672   941 6865.93932  480 1202 6867.49687 6865.93932  0.02%   422 2145s
  1675   943 6865.94437    2 1196 6867.49687 6865.94437  0.02%   421 2150s
  1677   945 6865.95057   17 1192 6867.49687 6865.95057  0.02%   421 2157s
  1680   948 6865.95057  392 1049 6867.49687 6865.95057  0.02%   474 2160s
  1682   949 6865.95057    7  821 6867.49687 6865.95057  0.02%   473 2166s
  1683   950 6865.95057  482  938 6867.49687 6865.95057  0.02%   473 2179s
  1684   951 6865.95057   16  933 6867.49687 6865.95057  0.02%   472 2188s
  1685   951 6865.95057   10  994 6867.49687 6865.95057  0.02%   472 2194s
  1686   952 6866.41383  504 1053 6867.49687 6865.95057  0.02%   472 2199s
  1687   953 6865.95057  199 1082 6867.49687 6865.95057  0.02%   472 2202s
  1689   954 6865.95057  480 1121 6867.49687 6865.95057  0.02%   471 2205s
  1692   956 6865.95694  489 1141 6867.49687 6865.95694  0.02%   470 2211s
  1694   957 6865.95947   55 1136 6867.49687 6865.95947  0.02%   470 2215s
  1696   959 6865.97469   28 1132 6867.49687 6865.97469  0.02%   469 2220s
  1700   961 6865.98572  357 1145 6867.49687 6865.98572  0.02%   468 2227s
  1704   964 6865.99235  216 1151 6867.49687 6865.99235  0.02%   467 2232s
  1705   965 6865.99947  350 1134 6867.49687 6865.99947  0.02%   467 2236s
  1709   967 6866.00890    6 1130 6867.49687 6866.00890  0.02%   466 2240s
  1711   969 6866.02535  431 1129 6867.49687 6866.02535  0.02%   465 2245s
  1715   971 6866.03789   21 1146 6867.49687 6866.03789  0.02%   464 2253s
  1718   973 6866.04385  433 1138 6867.49687 6866.04385  0.02%   463 2256s
  1719   974 6866.04829   22 1136 6867.49687 6866.04829  0.02%   463 2260s
  1724   977 6866.06276  106 1162 6867.49687 6866.06276  0.02%   461 2268s
  1727   979 6866.07025  473 1157 6867.49687 6866.07025  0.02%   461 2270s
  1729   981 6866.14698  516 1162 6867.49687 6866.07653  0.02%   460 2276s
  1733   983 6866.08346  103 1168 6867.49687 6866.08346  0.02%   459 2281s
  1734   984 6866.08855  201 1167 6867.49687 6866.08855  0.02%   459 2285s
  1738   987 6866.09820   81 1179 6867.49687 6866.09820  0.02%   458 2290s
  1741   989 6866.10658   44 1164 6867.49687 6866.10658  0.02%   457 2295s
  1745   991 6866.11454   43 1162 6867.49687 6866.11454  0.02%   456 2302s
  1750   995 6866.12230  147 1152 6867.49687 6866.12230  0.02%   455 2307s
  1751   995 6866.12728  393 1149 6867.49687 6866.12728  0.02%   454 2310s
  1752   996 6866.12728   23 1149 6867.49687 6866.12728  0.02%   454 2316s
  1753   997 6866.12728   24 1149 6867.49687 6866.12728  0.02%   454 2331s
  1756  1001 6866.19668   48 1109 6867.49687 6866.12821  0.02%   486 2336s
  1759  1003 6866.34864   49 1055 6867.49687 6866.12821  0.02%   488 2343s
  1762  1005 6866.24103   51 1042 6867.49687 6866.12821  0.02%   489 2345s
  1768  1009 6866.26276   54 1034 6867.49687 6866.12821  0.02%   490 2350s
  1772  1011 6866.26383   56 1024 6867.49687 6866.12821  0.02%   491 2355s
  1777  1015 6866.89370   58 1006 6867.49687 6866.12821  0.02%   492 2361s
  1780  1017 6866.31815   60  979 6867.49687 6866.12821  0.02%   493 2365s
  1785  1020 6866.46499   62  956 6867.49687 6866.12821  0.02%   494 2371s
  1789  1023 6866.58738   64  964 6867.49687 6866.12821  0.02%   497 2376s
  1793  1025 6866.89500   66  943 6867.49687 6866.12821  0.02%   497 2381s
  1797  1028 6866.60085   68  930 6867.49687 6866.12821  0.02%   499 2386s
  1801  1031 6867.16327   70  947 6867.49687 6866.12821  0.02%   500 2391s
  1807  1035 6866.68882   73  824 6867.49687 6866.12821  0.02%   502 2397s
  1810  1037 6866.52022   75  940 6867.49687 6866.12821  0.02%   503 2400s
  1815  1040 6866.83746   77  947 6867.49687 6866.12821  0.02%   504 2406s
  1821  1042 6866.59278   80  927 6867.49687 6866.12821  0.02%   505 2410s
  1825  1045 6867.10696   82  882 6867.49687 6866.12821  0.02%   506 2415s
  1831  1049 6867.08019   85  884 6867.49687 6866.12821  0.02%   507 2421s
  1835  1050 6867.15534   87  891 6867.49687 6866.12821  0.02%   509 2426s
  1841  1052     cutoff   90      6867.49687 6866.12821  0.02%   510 2430s
  1849  1054 6866.87911   94  839 6867.49687 6866.12821  0.02%   510 2435s
  1859  1056 6866.71267   99  814 6867.49687 6866.12821  0.02%   510 2440s
  1865  1060 6866.85487  102  814 6867.49687 6866.12821  0.02%   511 2445s
  1869  1063 6867.16404  104  775 6867.49687 6866.12821  0.02%   512 2450s
  1876  1068 6866.69602  108  826 6867.49687 6866.12821  0.02%   514 2455s
  1886  1070 6866.69932  113  820 6867.49687 6866.12821  0.02%   515 2460s
  1897  1070     cutoff  118      6867.49687 6866.12821  0.02%   515 2465s
  1905  1073 6867.05803  122  808 6867.49687 6866.12821  0.02%   515 2471s
  1913  1076 6866.75078  126  758 6867.49687 6866.12821  0.02%   515 2475s
  1921  1080 6867.21071  130  677 6867.49687 6866.12821  0.02%   515 2481s
  1935  1079     cutoff  137      6867.49687 6866.12821  0.02%   514 2485s
  1943  1080     cutoff  141      6867.49687 6866.12821  0.02%   514 2490s
  1959  1083 6867.13757  149  578 6867.49687 6866.12821  0.02%   513 2496s
  1965  1085 6867.28185  152  638 6867.49687 6866.12821  0.02%   513 2501s
  1971  1088 6867.46309  155  516 6867.49687 6866.12821  0.02%   513 2505s
  1985  1086 6867.44361  162  507 6867.49687 6866.12821  0.02%   513 2511s
  2004  1083 6866.95319  172  577 6867.49687 6866.12821  0.02%   510 2516s
  2017  1082     cutoff  178      6867.49687 6866.12821  0.02%   508 2520s
  2044  1076 6867.22399  193  526 6867.49687 6866.12821  0.02%   504 2525s
  2125  1048 6867.37516  239  366 6867.49687 6866.12821  0.02%   487 2530s
  2158  1037 6866.15552   48 1107 6867.49687 6866.12845  0.02%   480 2538s
  2159  1037 6866.20805   49 1123 6867.49687 6866.12845  0.02%   481 2540s
  2161  1039 6866.21476   50 1126 6867.49687 6866.12845  0.02%   482 2545s
  2164  1041 6866.22675   51 1100 6867.49687 6866.12845  0.02%   482 2550s
  2166  1042 6866.45359   52 1037 6867.49687 6866.12845  0.02%   484 2555s
  2170  1045 6866.78384   54 1088 6867.49687 6866.12845  0.02%   484 2560s
  2174  1047 6866.29097   56 1086 6867.49687 6866.12845  0.02%   485 2565s
  2179  1051 6866.34000   59 1075 6867.49687 6866.12845  0.02%   485 2570s
  2183  1053 6866.34509   61 1069 6867.49687 6866.12845  0.02%   486 2575s
  2186  1055 6866.88006   62 1041 6867.49687 6866.12845  0.02%   487 2582s
  2188  1057 6866.42824   63 1038 6867.49687 6866.12845  0.02%   488 2586s
  2192  1059 6866.44797   65 1003 6867.49687 6866.12845  0.02%   488 2590s
  2196  1062 6866.58736   67 1020 6867.49687 6866.12845  0.02%   489 2596s
  2198  1063 6867.11281   68  974 6867.49687 6866.12845  0.02%   490 2600s
  2202  1066 6866.84082   70  959 6867.49687 6866.12845  0.02%   491 2606s
  2206  1069 6866.85888   72  959 6867.49687 6866.12845  0.02%   492 2612s
  2210  1070 6866.73614   74  949 6867.49687 6866.12845  0.02%   492 2616s
  2214  1073 6867.20694   76  905 6867.49687 6866.12845  0.02%   494 2625s
  2219  1076 6866.79161   79  925 6867.49687 6866.12845  0.02%   495 2630s
  2224  1076     cutoff   81      6867.49687 6866.12845  0.02%   495 2635s
  2230  1078 6866.87378   84  913 6867.49687 6866.12845  0.02%   495 2640s
  2236  1080 6867.24446   87  881 6867.49687 6866.12845  0.02%   496 2646s
  2239  1081 6866.88887   89  878 6867.49687 6866.12845  0.02%   496 2650s
  2243  1082 6866.89587   91  882 6867.49687 6866.12845  0.02%   497 2655s
  2248  1080     cutoff   93      6867.49687 6866.12845  0.02%   498 2662s
  2253  1079 6866.91104   96  870 6867.49687 6866.12845  0.02%   497 2665s
  2256  1078 6867.23723   97  817 6867.49687 6866.12845  0.02%   499 2670s
  2260  1081 6867.19932   99  816 6867.49687 6866.12845  0.02%   499 2675s
  2264  1081     cutoff  101      6867.49687 6866.12845  0.02%   501 2683s
  2267  1083 6866.93947  103  834 6867.49687 6866.12845  0.02%   501 2685s
  2272  1085 6867.32018  105  744 6867.49687 6866.12845  0.02%   502 2691s
  2283  1084 6867.08518  111  792 6867.49687 6866.12845  0.02%   500 2695s
  2288  1085 6867.20068  113  759 6867.49687 6866.12845  0.02%   501 2702s
  2292  1086 6867.24760  115  710 6867.49687 6866.12845  0.02%   501 2705s
  2304  1086 6867.45170  121  536 6867.49687 6866.12845  0.02%   501 2710s
  2322  1082     cutoff  130      6867.49687 6866.12845  0.02%   499 2715s
  2342  1076 6867.40913  140  572 6867.49687 6866.12845  0.02%   497 2720s
  2365  1068 6866.20628   48 1097 6867.49687 6866.20628  0.02%   493 2731s
  2367  1069 6866.41925   49 1068 6867.49687 6866.22687  0.02%   494 2738s
  2368  1070 6866.36597   50 1089 6867.49687 6866.22687  0.02%   495 2740s
  2371  1072 6866.73763   51 1050 6867.49687 6866.22687  0.02%   495 2745s
  2375  1074 6866.52160   53 1054 6867.49687 6866.22687  0.02%   496 2750s
  2376  1075 6867.19054   54 1041 6867.49687 6866.22687  0.02%   497 2756s
  2379  1077 6867.30465   55 1015 6867.49687 6866.22687  0.02%   498 2761s
  2384  1078     cutoff   58      6867.49687 6866.22687  0.02%   498 2768s
  2386  1078     cutoff   58      6867.49687 6866.22687  0.02%   499 2770s
  2391  1077 6867.12523   61  963 6867.49687 6866.22687  0.02%   499 2775s
  2394  1079 6867.29240   62  875 6867.49687 6866.22687  0.02%   500 2781s
  2400  1075     cutoff   63      6867.49687 6866.22687  0.02%   500 2785s
  2403  1073 6866.26087   52 1109 6867.49687 6866.22711  0.02%   501 2795s
  2405  1074 6866.89755   53 1005 6867.49687 6866.22711  0.02%   503 2803s
  2407  1076 6866.40273   54 1031 6867.49687 6866.22711  0.02%   503 2805s
  2411  1078 6866.51976   56 1029 6867.49687 6866.22711  0.02%   504 2810s
  2416  1082 6866.65263   59 1004 6867.49687 6866.22711  0.02%   504 2815s
  2421  1085 6866.82905   61 1008 6867.49687 6866.22711  0.02%   505 2821s
  2427  1089 6866.73323   64  953 6867.49687 6866.22711  0.02%   506 2825s
  2433  1093 6866.87366   67  938 6867.49687 6866.22711  0.02%   507 2831s
  2437  1096 6866.79351   69  948 6867.49687 6866.22711  0.02%   507 2835s
  2447  1102 6866.86999   74  882 6867.49687 6866.22711  0.02%   508 2840s
  2455  1108 6866.95145   78  790 6867.49687 6866.22711  0.02%   509 2845s
  2465  1110     cutoff   83      6867.49687 6866.22711  0.02%   509 2850s
  2473  1114 6867.11970   87  775 6867.49687 6866.22711  0.02%   510 2855s
  2484  1113 6866.97269   93  814 6867.49687 6866.22711  0.02%   510 2860s
  2493  1113 6867.33186   97  708 6867.49687 6866.22711  0.02%   510 2865s
  2509  1110 6867.46116  105  642 6867.49687 6866.22711  0.02%   509 2870s
  2521  1110     cutoff  111      6867.49687 6866.22711  0.02%   509 2875s
  2539  1111 6867.29655  121  592 6867.49687 6866.22711  0.02%   507 2880s
  2573  1098 6866.56586   52 1023 6867.49687 6866.24105  0.02%   504 2891s
  2576  1100 6866.62105   54  980 6867.49687 6866.24105  0.02%   504 2895s
  2580  1102 6866.69890   56  967 6867.49687 6866.24105  0.02%   505 2901s
  2584  1105 6866.78951   58  934 6867.49687 6866.24105  0.02%   506 2905s
  2589  1108 6867.35312   60  920 6867.49687 6866.24105  0.02%   507 2910s
  2594  1111 6866.88610   63  903 6867.49687 6866.24105  0.02%   508 2915s
  2599  1115 6867.01762   65  892 6867.49687 6866.24105  0.02%   510 2920s
  2608  1117 6867.07341   70  869 6867.49687 6866.24105  0.02%   510 2925s
  2615  1115 6867.20346   73  840 6867.49687 6866.24105  0.02%   511 2931s
  2625  1114     cutoff   78      6867.49687 6866.24105  0.02%   511 2936s
  2630  1109 6866.36476   52 1044 6867.49687 6866.24163  0.02%   512 2949s
  2631  1110 6866.49979   53  977 6867.49687 6866.24163  0.02%   513 2952s
  2632  1111 6866.88457   53  967 6867.49687 6866.24163  0.02%   513 2956s
  2636  1113 6866.69359   55  971 6867.49687 6866.24163  0.02%   514 2961s
  2641  1117 6866.60993   58  976 6867.49687 6866.24163  0.02%   515 2965s
  2645  1119 6866.69761   60  945 6867.49687 6866.24163  0.02%   515 2970s
  2650  1123 6867.27840   62  915 6867.49687 6866.24163  0.02%   516 2975s
  2656  1125 6866.93488   65  950 6867.49687 6866.24163  0.02%   517 2980s
  2660  1125     cutoff   67      6867.49687 6866.24163  0.02%   518 2985s
  2666  1127 6867.22414   70  897 6867.49687 6866.24163  0.02%   520 2990s
  2674  1129     cutoff   74      6867.49687 6866.24163  0.02%   520 2995s
  2680  1131     cutoff   77      6867.49687 6866.24163  0.02%   521 3000s
  2695  1125     cutoff   86      6867.49687 6866.24163  0.02%   520 3005s
  2697  1124 6866.50017   52 1054 6867.49687 6866.24443  0.02%   522 3012s
  2699  1125 6866.60074   53  988 6867.49687 6866.24443  0.02%   522 3015s
  2703  1128 6867.14825   55  934 6867.49687 6866.24443  0.02%   523 3020s
  2709  1132 6866.94958   58  968 6867.49687 6866.24443  0.02%   523 3026s
  2714  1133 6866.95065   61  928 6867.49687 6866.24443  0.02%   524 3030s
  2719  1135 6867.17651   63  897 6867.49687 6866.24443  0.02%   526 3036s
  2723  1137 6867.21184   65  879 6867.49687 6866.24443  0.02%   527 3040s
  2730  1142 6867.23641   69  864 6867.49687 6866.24443  0.02%   527 3045s
  2742  1145 6867.39951   75  775 6867.49687 6866.24443  0.02%   527 3050s
  2752  1142     cutoff   80      6867.49687 6866.24443  0.02%   527 3055s
  2780  1132 6867.44317   96  559 6867.49687 6866.24443  0.02%   523 3060s
  2792  1127 6866.44992   51 1103 6867.49687 6866.24455  0.02%   523 3067s
  2794  1129 6866.61830   52 1051 6867.49687 6866.24455  0.02%   523 3070s
  2800  1133 6867.05392   55 1013 6867.49687 6866.24455  0.02%   523 3077s
  2802  1134 6867.05679   56 1017 6867.49687 6866.24455  0.02%   524 3083s
  2803  1135 6866.58222   57 1002 6867.49687 6866.24455  0.02%   524 3085s
  2808  1138 6866.78057   59  995 6867.49687 6866.24455  0.02%   525 3090s
  2814  1142 6866.86305   62  964 6867.49687 6866.24455  0.02%   525 3095s
  2818  1145 6867.29766   64  957 6867.49687 6866.24455  0.02%   527 3100s
  2823  1148 6867.10470   67  960 6867.49687 6866.24455  0.02%   527 3105s
  2826  1150 6867.22645   68  929 6867.49687 6866.24455  0.02%   528 3110s
  2830  1151     cutoff   70      6867.49687 6866.24455  0.02%   529 3115s
  2834  1149     cutoff   72      6867.49687 6866.24455  0.02%   530 3121s
  2840  1151 6867.42167   75  806 6867.49687 6866.24455  0.02%   531 3127s
  2846  1151     cutoff   78      6867.49687 6866.24455  0.02%   530 3130s
  2859  1149 6867.41383   86  726 6867.49687 6866.24455  0.02%   530 3135s
  2881  1142 6867.44154  100  631 6867.49687 6866.24455  0.02%   527 3141s
  2892  1136 6866.46357   51 1110 6867.49687 6866.24704  0.02%   526 3147s
  2894  1137 6866.49690   52 1067 6867.49687 6866.24704  0.02%   527 3150s
  2898  1140 6866.63764   53 1029 6867.49687 6866.24704  0.02%   527 3155s
  2904  1144 6866.86060   60  968 6867.49687 6866.24704  0.02%   528 3160s
  2908  1147 6867.10737   61  997 6867.49687 6866.24704  0.02%   528 3166s
  2912  1149 6866.91336   63  952 6867.49687 6866.24704  0.02%   528 3170s
  2920  1155 6866.97352   67  905 6867.49687 6866.24704  0.02%   529 3175s
  2930  1161 6867.08675   74  861 6867.49687 6866.24704  0.02%   529 3180s
  2940  1168 6867.30292   81  728 6867.49687 6866.24704  0.02%   529 3185s
  2948  1168 6867.34465   86  707 6867.49687 6866.24704  0.02%   529 3190s
  2961  1167 6866.46171   54 1035 6867.49687 6866.24727  0.02%   528 3203s
  2964  1169 6866.55665   56  992 6867.49687 6866.24727  0.02%   529 3205s
  2970  1173 6866.72766   61  951 6867.49687 6866.24727  0.02%   529 3210s
  2975  1176 6866.77333   63  926 6867.49687 6866.24727  0.02%   530 3215s
  2987  1184 6866.91014   73  845 6867.49687 6866.24727  0.02%   530 3220s
  2991  1187 6866.93002   75  832 6867.49687 6866.24727  0.02%   529 3225s
  2995  1190 6866.94355   79  827 6867.49687 6866.24727  0.02%   529 3230s
  2999  1192 6867.13458   81  829 6867.49687 6866.24727  0.02%   529 3235s
  3006  1197 6867.03804   88  797 6867.49687 6866.24727  0.02%   529 3243s
  3010  1200 6867.04826   91  796 6867.49687 6866.24727  0.02%   528 3245s
  3027  1209     cutoff  106      6867.49687 6866.24727  0.02%   527 3250s
  3039  1211 6867.25653  116  629 6867.49687 6866.24727  0.02%   526 3258s
  3057  1215 6867.33168  129  509 6867.49687 6866.24727  0.02%   523 3260s
  3091  1217 6866.51950   54 1043 6867.49687 6866.25104  0.02%   520 3269s
  3093  1218 6866.54377   56  998 6867.49687 6866.25104  0.02%   519 3270s
  3098  1221 6866.74326   60  946 6867.49687 6866.25104  0.02%   520 3275s
  3103  1225 6866.81226   61  933 6867.49687 6866.25104  0.02%   521 3280s
  3110  1229 6866.93236   67  908 6867.49687 6866.25104  0.02%   521 3285s
  3120  1236 6866.98314   74  851 6867.49687 6866.25104  0.02%   521 3290s
  3137  1247 6867.08418   90  805 6867.49687 6866.25104  0.02%   520 3295s
  3151  1247 6866.46109   53 1038 6867.49687 6866.25104  0.02%   521 3306s
  3155  1249 6866.58116   56  979 6867.49687 6866.25104  0.02%   521 3310s
  3162  1254 6866.74291   60  973 6867.49687 6866.25104  0.02%   522 3315s
  3169  1259 6866.88631   65  940 6867.49687 6866.25104  0.02%   522 3320s
  3175  1261 6867.12687   68  918 6867.49687 6866.25104  0.02%   523 3327s
  3179  1261 6867.16418   69  860 6867.49687 6866.25104  0.02%   523 3330s
  3186  1264 6867.40188   71  835 6867.49687 6866.25104  0.02%   524 3335s
  3197  1267 6867.42580   78  756 6867.49687 6866.25104  0.02%   524 3340s
  3203  1264 6866.54279   53 1039 6867.49687 6866.25327  0.02%   524 3347s
  3205  1266 6866.65499   55 1012 6867.49687 6866.25327  0.02%   525 3350s
  3211  1270 6866.77058   56  976 6867.49687 6866.25327  0.02%   525 3355s
  3215  1272 6867.00943   60  929 6867.49687 6866.25327  0.02%   526 3361s
  3218  1274 6867.16661   60  904 6867.49687 6866.25327  0.02%   527 3367s
  3221  1276 6867.16913   62  910 6867.49687 6866.25327  0.02%   527 3371s
  3225  1275     cutoff   63      6867.49687 6866.25327  0.02%   528 3376s
  3227  1276 6867.18852   64  878 6867.49687 6866.25327  0.02%   528 3380s
  3236  1272 6866.50731   54 1070 6867.49687 6866.25515  0.02%   529 3390s
  3241  1276 6866.55564   57 1017 6867.49687 6866.25515  0.02%   530 3395s
  3250  1282 6866.62958   66  913 6867.49687 6866.25515  0.02%   530 3400s
  3259  1288 6866.74412   72  892 6867.49687 6866.25515  0.02%   530 3405s
  3272  1296 6866.82874   82  801 6867.49687 6866.25515  0.02%   529 3410s
  3287  1306 6867.01205   93  782 6867.49687 6866.25515  0.02%   528 3415s
  3304  1318 6867.07632  110  759 6867.49687 6866.25515  0.02%   527 3420s
  3325  1332 6867.20255  128  678 6867.49687 6866.25515  0.02%   525 3425s
  3362  1344 6867.38094  154  469 6867.49687 6866.25515  0.02%   521 3430s
  3377  1339 6866.61026   54 1080 6867.49687 6866.26026  0.02%   520 3436s
  3383  1343 6866.70155   59  956 6867.49687 6866.26026  0.02%   520 3440s
  3395  1351 6866.84897   68  924 6867.49687 6866.26026  0.02%   520 3445s
  3405  1358 6867.00519   72  880 6867.49687 6866.26026  0.02%   520 3450s
  3420  1368 6867.05159   86  813 6867.49687 6866.26026  0.02%   519 3455s
  3431  1372 6867.30399   93  611 6867.49687 6866.26026  0.02%   519 3460s
  3459  1373 6866.74387   49 1130 6867.49687 6866.26030  0.02%   518 3469s
  3460  1374 6866.75561   50 1107 6867.49687 6866.26030  0.02%   517 3470s
  3464  1376 6867.46724   51 1025 6867.49687 6866.26030  0.02%   518 3476s
  3466  1378 6867.38783   54  977 6867.49687 6866.26030  0.02%   519 3489s
  3467  1378 6867.03715   54 1023 6867.49687 6866.26030  0.02%   519 3490s
  3471  1381 6867.23284   56 1003 6867.49687 6866.26030  0.02%   520 3496s
  3475  1384 6867.34189   58  950 6867.49687 6866.26030  0.02%   521 3500s
  3483  1389 6867.26311   61  951 6867.49687 6866.26030  0.02%   521 3505s
  3490  1386     cutoff   64      6867.49687 6866.26030  0.02%   522 3510s
  3494  1384 6866.55374   49 1124 6867.49687 6866.27283  0.02%   524 3518s
  3495  1385 6866.59322   50 1077 6867.49687 6866.27283  0.02%   524 3520s
  3499  1388 6866.95335   54 1049 6867.49687 6866.27283  0.02%   524 3525s
  3505  1388     cutoff   59      6867.49687 6866.27283  0.02%   524 3530s
  3510  1385 6866.48330   57 1014 6867.49687 6866.27283  0.02%   525 3539s
  3511  1386 6866.49624   58  987 6867.49687 6866.27283  0.02%   525 3540s
  3521  1392 6866.63616   68  910 6867.49687 6866.27283  0.02%   525 3547s
  3528  1397 6866.69840   75  865 6867.49687 6866.27283  0.02%   525 3550s
  3544  1408 6866.84805   91  781 6867.49687 6866.27283  0.02%   524 3555s
  3547  1410 6866.86097   94  795 6867.49687 6866.27283  0.02%   524 3562s
  3561  1418 6866.93734  108  745 6867.49687 6866.27283  0.02%   523 3565s
  3598  1443 6867.12510  145  576 6867.49687 6866.27283  0.02%   519 3570s
  3636  1458 6866.44434   57 1036 6867.49687 6866.29503  0.02%   515 3577s
  3642  1462 6866.87631   60  946 6867.49687 6866.29503  0.02%   515 3581s
  3648  1466 6866.83242   63  946 6867.49687 6866.29503  0.02%   516 3586s
  3654  1470 6867.27614   66  929 6867.49687 6866.29503  0.02%   516 3590s
  3662  1475 6866.82228   70  939 6867.49687 6866.29503  0.02%   517 3595s
  3669  1478 6866.84548   74  909 6867.49687 6866.29503  0.02%   517 3600s
  3680  1483     cutoff   79      6867.49687 6866.29503  0.02%   517 3605s
  3686  1487 6867.45282   82  748 6867.49687 6866.29503  0.02%   518 3610s
  3692  1489 6867.35612   85  821 6867.49687 6866.29503  0.02%   519 3616s
  3700  1495 6867.24790   89  820 6867.49687 6866.29503  0.02%   519 3620s
  3715  1497 6866.98445   97  766 6867.49687 6866.29503  0.02%   518 3625s
  3729  1500 6867.03906  104  736 6867.49687 6866.29503  0.02%   518 3630s
  3740  1499     cutoff  109      6867.49687 6866.29503  0.02%   518 3635s
  3756  1504     cutoff  117      6867.49687 6866.29503  0.02%   517 3640s
  3775  1504     cutoff  127      6867.49687 6866.29503  0.02%   516 3645s
  3822  1493 6867.33083  152  493 6867.49687 6866.29503  0.02%   511 3652s
  3851  1483 6866.50067   58 1029 6867.49687 6866.29583  0.02%   509 3660s
  3859  1489 6866.82731   66  950 6867.49687 6866.29583  0.02%   510 3665s
  3868  1495 6867.20627   75  864 6867.49687 6866.29583  0.02%   510 3670s
  3879  1494 6867.17572   58 1022 6867.49687 6866.29780  0.02%   510 3679s
  3881  1495 6867.23431   60  979 6867.49687 6866.29780  0.02%   510 3680s
  3892  1491     cutoff   64      6867.49687 6866.29780  0.02%   510 3685s
  3893  1491 6866.58377   60 1007 6867.49687 6866.29781  0.02%   511 3691s
  3899  1495 6866.79112   65  929 6867.49687 6866.29781  0.02%   512 3695s
  3906  1500 6866.99985   68  931 6867.49687 6866.29781  0.02%   512 3700s
  3913  1503 6867.13029   71  909 6867.49687 6866.29781  0.02%   513 3705s
  3926  1509 6867.22539   81  806 6867.49687 6866.29781  0.02%   513 3710s
  3944  1512 6867.39583   94  713 6867.49687 6866.29781  0.02%   512 3715s
  3976  1517 6866.49916   60  987 6867.49687 6866.31735  0.02%   510 3724s
  3977  1517 6866.79166   61  935 6867.49687 6866.31735  0.02%   510 3727s
  3981  1520 6867.13497   65  908 6867.49687 6866.31735  0.02%   511 3730s
  3982  1521 6867.42078   66  890 6867.49687 6866.31735  0.02%   511 3740s
  3990  1515 6866.88723   51 1120 6867.49687 6866.31752  0.02%   511 3749s
  3991  1516 6866.93665   52 1106 6867.49687 6866.31752  0.02%   511 3753s
  3993  1517 6867.02347   54 1088 6867.49687 6866.31752  0.02%   512 3755s
  4000  1521 6867.49579   61  999 6867.49687 6866.31752  0.02%   512 3760s
  4011  1526 6867.27551   70  930 6867.49687 6866.31752  0.02%   512 3765s
  4016  1521 6866.42281   51 1125 6867.49687 6866.31816  0.02%   512 3774s
  4017  1522 6866.55324   52 1057 6867.49687 6866.31816  0.02%   512 3777s
  4019  1523 6866.67398   54 1066 6867.49687 6866.31816  0.02%   513 3780s
  4025  1527 6866.82801   60 1010 6867.49687 6866.31816  0.02%   513 3786s
  4028  1527 6867.32940   62  994 6867.49687 6866.31816  0.02%   513 3790s
  4033  1525 6866.56336   61  969 6867.49687 6866.31831  0.02%   515 3799s
  4035  1526 6866.62023   63  942 6867.49687 6866.31831  0.02%   515 3800s
  4042  1531 6867.22951   65  925 6867.49687 6866.31831  0.02%   515 3805s
  4050  1534 6867.40145   68  848 6867.49687 6866.31831  0.02%   516 3810s
  4059  1531 6866.66746   61  988 6867.49687 6866.32423  0.02%   517 3818s
  4064  1534 6866.92435   66  929 6867.49687 6866.32423  0.02%   517 3820s
  4070  1538 6867.30339   72  846 6867.49687 6866.32423  0.02%   518 3825s
  4078  1534 6866.52747   50 1128 6867.49687 6866.32429  0.02%   519 3833s
  4079  1534 6866.72956   51 1089 6867.49687 6866.32429  0.02%   519 3835s
  4085  1538 6867.00717   57 1030 6867.49687 6866.32429  0.02%   519 3841s
  4090  1542 6867.23164   62 1026 6867.49687 6866.32429  0.02%   520 3846s
  4094  1540 6867.33375   64 1019 6867.49687 6866.32429  0.02%   520 3851s
  4100  1537 6866.88751   50 1108 6867.49687 6866.33028  0.02%   521 3859s
  4101  1536     cutoff   51      6867.49687 6866.33028  0.02%   521 3860s
  4105  1539 6867.23007   54 1044 6867.49687 6866.33028  0.02%   521 3865s
  4110  1538 6867.45906   56 1030 6867.49687 6866.33028  0.02%   522 3871s
  4116  1534 6866.55164   55 1040 6867.49687 6866.33036  0.02%   523 3878s
  4118  1535 6866.78925   57 1000 6867.49687 6866.33036  0.02%   523 3880s
  4124  1539 6867.04377   63  927 6867.49687 6866.33036  0.02%   523 3885s
  4131  1540 6867.29554   67  912 6867.49687 6866.33036  0.02%   524 3890s
  4139  1537 6867.33089   67  922 6867.49687 6866.33036  0.02%   524 3895s
  4150  1529     cutoff   65      6867.49687 6866.33036  0.02%   524 3900s
  4151  1529 6866.69954   55 1047 6867.49687 6866.34194  0.02%   525 3907s
  4153  1531 6866.87497   57  970 6867.49687 6866.34194  0.02%   525 3911s
  4158  1534 6867.10880   62  939 6867.49687 6866.34194  0.02%   526 3915s
  4162  1533     cutoff   65      6867.49687 6866.34194  0.02%   526 3920s
  4165  1531 6866.48341   58 1043 6867.49687 6866.34194  0.02%   527 3925s
  4171  1535 6866.97479   64  965 6867.49687 6866.34194  0.02%   528 3931s
  4181  1541 6867.08722   74  861 6867.49687 6866.34194  0.02%   528 3935s
  4201  1555 6867.20729   94  760 6867.49687 6866.34194  0.02%   527 3940s
  4225  1566 6867.42113  117  564 6867.49687 6866.34194  0.02%   525 3945s
  4233  1562 6866.54238   58 1024 6867.49687 6866.34834  0.02%   525 3950s
  4240  1567 6866.59621   61  988 6867.49687 6866.34834  0.02%   525 3955s
  4244  1569 6866.70326   63  945 6867.49687 6866.34834  0.02%   526 3960s
  4250  1573 6867.00471   64  971 6867.49687 6866.34834  0.02%   526 3965s
  4254  1576 6867.00625   65  918 6867.49687 6866.34834  0.02%   527 3970s
  4262  1581 6867.05796   70  896 6867.49687 6866.34834  0.02%   528 3975s
  4272  1588 6867.19525   76  865 6867.49687 6866.34834  0.02%   528 3980s
  4279  1589 6867.26338   80  838 6867.49687 6866.34834  0.02%   529 3985s
  4290  1588 6866.52129   59 1043 6867.49687 6866.34865  0.02%   530 3994s
  4293  1590 6866.79892   62 1004 6867.49687 6866.34865  0.02%   529 3995s
  4302  1596 6867.00654   71  894 6867.49687 6866.34865  0.02%   530 4000s
  4306  1599 6867.21628   75  875 6867.49687 6866.34865  0.02%   530 4006s
  4317  1604     cutoff   86      6867.49687 6866.34865  0.02%   529 4010s
  4327  1602 6866.80686   50 1107 6867.49687 6866.34865  0.02%   530 4018s
  4330  1604 6866.83837   53 1072 6867.49687 6866.34865  0.02%   530 4020s
  4333  1606 6867.13625   56  992 6867.49687 6866.34865  0.02%   530 4025s
  4338  1609 6867.42945   61  945 6867.49687 6866.34865  0.02%   530 4030s
  4348  1604 6866.89729   50 1053 6867.49687 6866.34895  0.02%   531 4038s
  4350  1605 6867.06547   52  983 6867.49687 6866.34895  0.02%   531 4040s
  4353  1607 6867.29398   55  887 6867.49687 6866.34895  0.02%   531 4045s
  4359  1604 6866.77794   56 1019 6867.49687 6866.34904  0.02%   532 4053s
  4360  1605 6866.86642   57  957 6867.49687 6866.34904  0.02%   532 4055s
  4365  1606     cutoff   62      6867.49687 6866.34904  0.02%   533 4060s
  4373  1607     cutoff   68      6867.49687 6866.34904  0.02%   533 4065s
  4376  1605 6866.65649   56 1020 6867.49687 6866.34928  0.02%   534 4070s
  4381  1609 6866.84472   59  943 6867.49687 6866.34928  0.02%   534 4075s
  4386  1612 6866.93936   61  918 6867.49687 6866.34928  0.02%   534 4080s
  4392  1616 6867.13511   64  909 6867.49687 6866.34928  0.02%   535 4085s
  4396  1618 6867.36116   66  921 6867.49687 6866.34928  0.02%   535 4090s
  4408  1616     cutoff   72      6867.49687 6866.34928  0.02%   535 4095s
  4417  1619 6867.35517   77  749 6867.49687 6866.34928  0.02%   536 4100s
  4436  1611 6866.83646   59 1047 6867.49687 6866.36601  0.02%   536 4124s
  4437  1612 6866.85248   60 1025 6867.49687 6866.36601  0.02%   536 4125s
  4442  1615 6866.96776   61 1020 6867.49687 6866.36601  0.02%   537 4130s
  4448  1615 6867.25034   63  977 6867.49687 6866.36601  0.02%   537 4135s
  4458  1612     cutoff   67      6867.49687 6866.36601  0.02%   538 4140s
  4465  1609 6866.61248   51 1089 6867.49687 6866.36607  0.02%   538 4148s
  4466  1609 6866.91460   52 1047 6867.49687 6866.36607  0.02%   539 4150s
  4470  1610 6867.42289   55 1012 6867.49687 6866.36607  0.02%   539 4155s
  4480  1611 6867.48932   61  923 6867.49687 6866.36607  0.02%   539 4160s
  4484  1607 6866.40538   51 1127 6867.49687 6866.37505  0.02%   539 4165s
  4489  1611 6866.72718   56 1057 6867.49687 6866.37505  0.02%   539 4170s
  4496  1613     cutoff   63      6867.49687 6866.37505  0.02%   539 4175s
  4501  1613     cutoff   66      6867.49687 6866.37505  0.02%   539 4180s
  4504  1611 6866.58854   56 1025 6867.49687 6866.37517  0.02%   540 4190s
  4511  1615 6867.07137   63  954 6867.49687 6866.37517  0.02%   541 4195s
  4515  1618 6867.36438   67  813 6867.49687 6866.37517  0.02%   542 4200s
  4520  1613 6866.87740   56  975 6867.49687 6866.38223  0.02%   542 4206s
  4526  1615 6867.38985   61  905 6867.49687 6866.38223  0.02%   543 4210s
  4533  1613 6867.37483   63  818 6867.49687 6866.38223  0.02%   543 4215s
  4538  1609 6866.67979   60 1029 6867.49687 6866.38223  0.02%   544 4223s
  4540  1609     cutoff   61      6867.49687 6866.38223  0.02%   544 4225s
  4545  1612 6866.82883   62  971 6867.49687 6866.38223  0.02%   545 4230s
  4550  1615 6867.09071   63  919 6867.49687 6866.38223  0.02%   545 4235s
  4555  1619 6867.45409   66  883 6867.49687 6866.38223  0.02%   546 4241s
  4562  1623 6867.07660   73  864 6867.49687 6866.38223  0.02%   546 4245s
  4567  1625 6867.35279   74  841 6867.49687 6866.38223  0.02%   547 4250s
  4580  1622 6866.67302   60 1049 6867.49687 6866.38446  0.02%   548 4261s
  4584  1625 6866.89193   64  963 6867.49687 6866.38446  0.02%   548 4265s
  4589  1626 6867.18899   68  915 6867.49687 6866.38446  0.02%   549 4270s
  4601  1624 6866.51711   55 1050 6867.49687 6866.38483  0.02%   549 4279s
  4603  1626 6866.65649   57  988 6867.49687 6866.38483  0.02%   549 4281s
  4607  1628 6866.94017   61  951 6867.49687 6866.38483  0.02%   550 4285s
  4616  1632     cutoff   70      6867.49687 6866.38483  0.02%   550 4290s
  4629  1632 6866.46283   55 1071 6867.49687 6866.40828  0.02%   550 4300s
  4632  1634 6866.74041   58  971 6867.49687 6866.40828  0.02%   550 4305s
  4638  1633     cutoff   63      6867.49687 6866.40828  0.02%   551 4310s
  4643  1631 6866.67687   52 1118 6867.49687 6866.41784  0.02%   552 4318s
  4644  1632 6866.75629   53 1036 6867.49687 6866.41784  0.02%   552 4320s
  4647  1634 6867.08763   56 1014 6867.49687 6866.41784  0.02%   553 4328s
  4649  1635 6867.27165   58  996 6867.49687 6866.41784  0.02%   553 4330s
  4657  1633     cutoff   62      6867.49687 6866.41784  0.02%   553 4335s
  4658  1633 6866.81249   57  995 6867.49687 6866.41792  0.02%   554 4341s
  4662  1636 6867.12167   61  923 6867.49687 6866.41792  0.02%   554 4345s
  4670  1639 6867.49423   69  718 6867.49687 6866.41792  0.02%   554 4350s
  4673  1637 6867.01668   57  972 6867.49687 6866.41969  0.02%   555 4357s
  4677  1640 6867.27292   61  921 6867.49687 6866.41969  0.02%   555 4360s
  4685  1637 6866.60985   50 1147 6867.49687 6866.41971  0.02%   556 4369s
  4686  1638 6866.81258   51 1067 6867.49687 6866.41971  0.02%   556 4370s
  4690  1641 6867.07092   55  973 6867.49687 6866.41971  0.02%   557 4376s
  4695  1643 6867.31737   60  908 6867.49687 6866.41971  0.02%   557 4380s
  4700  1639 6866.55490   50 1099 6867.49687 6866.42286  0.02%   557 4389s
  4701  1640 6866.71770   51 1037 6867.49687 6866.42286  0.02%   558 4391s
  4705  1643 6866.73210   52 1058 6867.49687 6866.42286  0.02%   558 4396s
  4707  1644 6866.99621   54 1010 6867.49687 6866.42286  0.02%   558 4400s
  4713  1642     cutoff   57      6867.49687 6866.42286  0.02%   558 4405s
  4719  1640 6866.58529   52 1103 6867.49687 6866.42636  0.02%   558 4411s
  4724  1643 6866.70207   57 1056 6867.49687 6866.42636  0.02%   558 4415s
  4730  1647 6866.83052   63 1006 6867.49687 6866.42636  0.02%   558 4420s
  4735  1651 6867.01629   68  887 6867.49687 6866.42636  0.02%   559 4425s
  4742  1653 6867.07048   74  896 6867.49687 6866.42636  0.02%   559 4430s
  4751  1662 6867.11328   83  811 6867.49687 6866.42636  0.02%   559 4435s
  4762  1671 6867.14844   93  762 6867.49687 6866.42636  0.02%   559 4440s
  4776  1683 6867.37030  106  537 6867.49687 6866.42636  0.02%   558 4445s
  4787  1684 6866.53643   53 1091 6867.49687 6866.42660  0.02%   558 4450s
  4790  1687 6866.70786   56  983 6867.49687 6866.42660  0.02%   558 4455s
  4797  1686 6866.63166   53 1097 6867.49687 6866.43236  0.02%   559 4465s
  4801  1690 6867.05938   56  993 6867.49687 6866.43236  0.02%   560 4471s
  4805  1688     cutoff   58      6867.49687 6866.43236  0.02%   560 4476s
  4809  1686 6866.51708   54 1112 6867.49687 6866.43581  0.02%   560 4485s
  4811  1686 6866.70081   55 1038 6867.49687 6866.43581  0.02%   561 4490s
  4813  1688 6866.94965   57 1032 6867.49687 6866.43581  0.02%   561 4495s
  4820  1686 6867.17172   54 1073 6867.49687 6866.44227  0.02%   562 4505s
  4825  1685 6866.74001   66  918 6867.49687 6866.44233  0.02%   563 4512s
  4827  1685     cutoff   68      6867.49687 6866.44233  0.02%   563 4516s
  4829  1687 6867.00003   69  852 6867.49687 6866.44233  0.02%   564 4520s
  4834  1685 6867.36442   66  903 6867.49687 6866.44797  0.02%   565 4529s
  4835  1684     cutoff   67      6867.49687 6866.44797  0.02%   565 4530s
  4837  1684 6866.68436   66  981 6867.49687 6866.44819  0.02%   566 4536s
  4845  1692 6866.93579   74  933 6867.49687 6866.44819  0.02%   566 4540s
  4863  1710 6867.04877   92  798 6867.49687 6866.44819  0.02%   564 4545s
  4887  1732 6867.41767  115  575 6867.49687 6866.44819  0.02%   563 4550s
  4898  1733 6866.73966   66 1012 6867.49687 6866.45360  0.02%   563 4558s
  4902  1737 6866.91046   70  965 6867.49687 6866.45360  0.02%   563 4560s
  4909  1739 6867.07160   73  894 6867.49687 6866.45360  0.02%   563 4565s
  4921  1751 6867.31231   85  729 6867.49687 6866.45360  0.02%   563 4570s
  4939  1763 6867.37602   99  645 6867.49687 6866.45360  0.02%   562 4575s
  4967  1771 6866.91750   53  982 6867.49687 6866.45361  0.02%   560 4589s
  4968  1772 6866.97698   54  940 6867.49687 6866.45361  0.02%   560 4590s
  4973  1777 6867.32468   59  913 6867.49687 6866.45361  0.02%   560 4595s
  4982  1778 6866.86389   53 1061 6867.49687 6866.46289  0.02%   561 4607s
  4985  1781 6867.07760   56  978 6867.49687 6866.46289  0.02%   561 4614s
  4986  1782 6867.11088   57  974 6867.49687 6866.46289  0.02%   561 4615s
  4995  1783 6866.51942   56 1070 6867.49687 6866.46502  0.02%   562 4624s
  4996  1784 6866.53391   57 1046 6867.49687 6866.46502  0.02%   562 4625s
  5007  1795 6866.62089   68  979 6867.49687 6866.46502  0.02%   562 4630s
  5010  1798 6866.75490   71  935 6867.49687 6866.46502  0.02%   562 4643s
  5012  1800 6866.82937   73  888 6867.49687 6866.46502  0.02%   562 4645s
  5025  1811 6867.03824   85  853 6867.49687 6866.46502  0.02%   561 4650s
  5039  1817 6866.71016   63  965 6867.49687 6866.46523  0.02%   562 4661s
  5044  1822 6867.26127   67  884 6867.49687 6866.46523  0.02%   562 4666s
  5051  1824 6867.38988   71  839 6867.49687 6866.46523  0.02%   563 4670s
  5057  1821 6867.18737   63  951 6867.49687 6866.46883  0.01%   564 4679s
  5058  1820     cutoff   64      6867.49687 6866.46883  0.01%   564 4680s
  5060  1820 6866.54478   59 1016 6867.49687 6866.46902  0.01%   564 4688s
  5063  1823 6866.60608   62  931 6867.49687 6866.46902  0.01%   564 4690s
  5072  1832 6866.85829   71  858 6867.49687 6866.46902  0.01%   564 4695s
  5084  1838 6866.93599   78  810 6867.49687 6866.46902  0.01%   564 4700s
  5101  1852 6867.42714   94  643 6867.49687 6866.46902  0.01%   563 4708s
  5110  1854 6866.60840   59 1034 6867.49687 6866.47181  0.01%   563 4714s
  5111  1855 6866.62051   60 1019 6867.49687 6866.47181  0.01%   563 4715s
  5121  1861 6867.21913   67  930 6867.49687 6866.47181  0.01%   563 4720s
  5129  1869 6867.32274   75  823 6867.49687 6866.47181  0.01%   563 4737s
  5137  1870 6867.33782   62 1002 6867.49687 6866.47768  0.01%   563 4747s
  5142  1869 6866.73224   54 1076 6867.49687 6866.47818  0.01%   564 4754s
  5143  1870 6866.74921   55 1034 6867.49687 6866.47818  0.01%   564 4755s
  5148  1875 6866.97042   60  974 6867.49687 6866.47818  0.01%   565 4760s
  5156  1876 6866.74425   54 1088 6867.49687 6866.48369  0.01%   565 4770s
  5161  1881 6866.90887   59 1058 6867.49687 6866.48369  0.01%   566 4775s
  5167  1887 6867.22811   65  943 6867.49687 6866.48369  0.01%   567 4781s
  5172  1890     cutoff   70      6867.49687 6866.48369  0.01%   567 4785s
  5178  1890 6866.63319   58 1037 6867.49687 6866.48460  0.01%   567 4790s
  5184  1896 6867.09622   64  969 6867.49687 6866.48460  0.01%   567 4795s
  5191  1903 6867.26700   71  859 6867.49687 6866.48460  0.01%   568 4800s
  5205  1917 6867.29480   85  784 6867.49687 6866.48460  0.01%   567 4805s
  5228  1939 6867.34503  108  618 6867.49687 6866.48460  0.01%   566 4810s
  5263  1959 6866.54908   59 1066 6867.49687 6866.48747  0.01%   563 4821s
  5267  1963 6866.93326   63  959 6867.49687 6866.48747  0.01%   564 4825s
  5274  1966 6867.18003   67  936 6867.49687 6866.48747  0.01%   564 4831s
  5286  1976 6867.27060   78  890 6867.49687 6866.48747  0.01%   564 4835s
  5302  1990 6867.34501   93  780 6867.49687 6866.48747  0.01%   563 4840s
  5324  2004 6866.80249   65 1042 6867.49687 6866.48774  0.01%   562 4851s
  5329  2009 6867.27207   70  956 6867.49687 6866.48774  0.01%   563 4855s
  5333  2009 6867.35694   71  933 6867.49687 6866.48774  0.01%   563 4860s
  5340  2008 6866.97546   65 1044 6867.49687 6866.49342  0.01%   564 4869s
  5341  2009 6866.97924   66 1006 6867.49687 6866.49342  0.01%   564 4870s
  5348  2010     cutoff   70      6867.49687 6866.49342  0.01%   564 4875s
  5356  2012 6866.85760   55 1028 6867.49687 6866.49539  0.01%   565 4883s
  5358  2014 6867.06385   56  960 6867.49687 6866.49539  0.01%   565 4885s
  5364  2018 6867.13071   59  939 6867.49687 6866.49539  0.01%   566 4890s
  5368  2022 6867.32293   61  917 6867.49687 6866.49539  0.01%   567 4896s
  5376  2027 6867.34687   65  886 6867.49687 6866.49539  0.01%   567 4900s
  5389  2022     cutoff   64      6867.49687 6866.49539  0.01%   567 4905s
  5391  2024 6866.77360   57 1059 6867.49687 6866.49542  0.01%   567 4910s
  5402  2035 6866.83746   67  941 6867.49687 6866.49542  0.01%   567 4915s
  5413  2046 6866.90462   77  838 6867.49687 6866.49542  0.01%   567 4920s
  5423  2056 6866.98328   81  849 6867.49687 6866.49542  0.01%   567 4925s
  5436  2069 6867.03403   92  798 6867.49687 6866.49542  0.01%   567 4930s
  5456  2089 6867.19392  111  681 6867.49687 6866.49542  0.01%   566 4935s
  5487  2109 6867.37202  135  439 6867.49687 6866.49542  0.01%   564 4940s
  5514  2112 6866.69293   56 1098 6867.49687 6866.49629  0.01%   562 4946s
  5516  2114 6866.92199   58  964 6867.49687 6866.49629  0.01%   562 4950s
  5522  2120 6867.14236   59  989 6867.49687 6866.49629  0.01%   563 4956s
  5525  2123 6866.86596   61 1002 6867.49687 6866.49629  0.01%   563 4960s
  5529  2127 6866.82185   61 1023 6867.49687 6866.49629  0.01%   564 4965s
  5534  2132 6867.14049   64  936 6867.49687 6866.49629  0.01%   564 4970s
  5537  2133 6866.92488   64  999 6867.49687 6866.49629  0.01%   565 4975s
  5544  2133 6866.99687   59 1025 6867.49687 6866.49947  0.01%   566 4984s
  5545  2134 6867.02530   60  978 6867.49687 6866.49947  0.01%   566 4985s
  5554  2143 6867.41717   69  876 6867.49687 6866.49947  0.01%   567 4990s
  5562  2145 6867.38370   72  870 6867.49687 6866.49947  0.01%   567 4995s
  5574  2148 6866.72443   61  991 6867.49687 6866.50069  0.01%   567 5002s
  5578  2152 6867.04132   65  918 6867.49687 6866.50069  0.01%   567 5005s
  5585  2159 6867.28459   72  863 6867.49687 6866.50069  0.01%   567 5010s
  5596  2168 6867.43630   82  716 6867.49687 6866.50069  0.01%   567 5015s
  5615  2175 6866.75193   59 1018 6867.49687 6866.50382  0.01%   566 5022s
  5620  2180 6867.00738   64  940 6867.49687 6866.50382  0.01%   567 5025s
  5627  2185 6867.28687   70  873 6867.49687 6866.50382  0.01%   567 5031s
  5634  2185 6866.66306   60 1046 6867.49687 6866.51121  0.01%   567 5038s
  5635  2186 6866.69437   61  968 6867.49687 6866.51121  0.01%   568 5040s
  5642  2193 6866.85229   68  939 6867.49687 6866.51121  0.01%   568 5045s
  5653  2204 6867.07475   79  863 6867.49687 6866.51121  0.01%   568 5050s
  5667  2218 6867.16807   93  743 6867.49687 6866.51121  0.01%   567 5055s
  5687  2237 6867.23710  113  631 6867.49687 6866.51121  0.01%   566 5060s
  5703  2244 6867.22217   60 1010 6867.49687 6866.51721  0.01%   566 5069s
  5704  2245 6867.32239   61  960 6867.49687 6866.51721  0.01%   566 5070s
  5718  2243     cutoff   64      6867.49687 6866.51721  0.01%   566 5075s
  5720  2243 6866.63302   56 1086 6867.49687 6866.51969  0.01%   566 5080s
  5728  2251 6866.68816   64 1004 6867.49687 6866.51969  0.01%   566 5085s
  5736  2259 6867.01645   72  936 6867.49687 6866.51969  0.01%   566 5090s
  5753  2276 6867.09983   89  766 6867.49687 6866.51969  0.01%   565 5095s
  5762  2281 6867.14953   95  753 6867.49687 6866.51969  0.01%   565 5101s
  5771  2280 6866.77430   55 1048 6867.49687 6866.52000  0.01%   565 5109s
  5772  2281 6866.79734   56  980 6867.49687 6866.52000  0.01%   565 5110s
  5775  2284 6867.26839   59  979 6867.49687 6866.52000  0.01%   566 5117s
  5779  2284 6867.36644   60  954 6867.49687 6866.52000  0.01%   566 5121s
  5786  2287 6867.21586   63  947 6867.49687 6866.52000  0.01%   566 5125s
  5794  2290     cutoff   70      6867.49687 6866.52000  0.01%   566 5130s
  5805  2294 6866.75071   57 1080 6867.49687 6866.52020  0.01%   566 5137s
  5809  2298 6866.95020   61  994 6867.49687 6866.52020  0.01%   566 5140s
  5815  2304 6867.27279   67  881 6867.49687 6866.52020  0.01%   567 5145s
  5825  2306 6866.85343   57 1060 6867.49687 6866.52032  0.01%   567 5154s
  5826  2307 6866.95921   58 1037 6867.49687 6866.52032  0.01%   567 5155s
  5835  2316 6867.09590   67  912 6867.49687 6866.52032  0.01%   567 5160s
  5849  2328 6867.19045   80  818 6867.49687 6866.52032  0.01%   567 5165s
  5877  2349     cutoff  106      6867.49687 6866.52032  0.01%   565 5170s
  5881  2347 6866.91921   57 1069 6867.49687 6866.52380  0.01%   565 5182s
  5887  2353 6867.07404   62 1006 6867.49687 6866.52380  0.01%   565 5185s
  5898  2364 6867.16675   70  890 6867.49687 6866.52380  0.01%   565 5190s
  5907  2363 6866.66354   60 1077 6867.49687 6866.52797  0.01%   566 5198s
  5909  2365 6866.83046   62 1019 6867.49687 6866.52797  0.01%   566 5200s
  5914  2368 6867.29705   66  948 6867.49687 6866.52797  0.01%   566 5206s
  5922  2376 6867.47600   74  848 6867.49687 6866.52797  0.01%   566 5210s
  5927  2373 6867.09373   61 1043 6867.49687 6866.52891  0.01%   567 5215s
  5933  2379 6867.42517   67  947 6867.49687 6866.52891  0.01%   567 5220s
  5942  2380 6866.69065   56 1102 6867.49687 6866.52892  0.01%   567 5227s
  5945  2383 6866.88509   59 1057 6867.49687 6866.52892  0.01%   568 5230s
  5950  2388 6867.07774   64  963 6867.49687 6866.52892  0.01%   568 5235s
  5959  2397 6867.34690   73  865 6867.49687 6866.52892  0.01%   568 5240s
  5984  2413 6866.84343   56 1025 6867.49687 6866.52974  0.01%   567 5250s
  5986  2415 6866.91375   58  965 6867.49687 6866.52974  0.01%   567 5255s
  5988  2417 6867.25905   60  959 6867.49687 6866.52974  0.01%   568 5260s
  5994  2415 6866.64649   51 1130 6867.49687 6866.53393  0.01%   568 5267s
  5997  2418 6866.77165   54 1082 6867.49687 6866.53393  0.01%   568 5270s
  6001  2420     cutoff   58      6867.49687 6866.53393  0.01%   568 5275s
  6006  2423 6867.20976   61  970 6867.49687 6866.53393  0.01%   569 5280s
  6013  2422 6866.68024   58 1079 6867.49687 6866.53415  0.01%   569 5287s
  6017  2426 6866.86014   62  994 6867.49687 6866.53415  0.01%   569 5290s
  6029  2438 6867.10840   74  905 6867.49687 6866.53415  0.01%   569 5295s
  6041  2450 6867.27843   86  748 6867.49687 6866.53415  0.01%   569 5300s
  6060  2462 6867.12163   62  990 6867.49687 6866.53466  0.01%   569 5310s
  6068  2462     cutoff   65      6867.49687 6866.53466  0.01%   569 5315s
  6075  2461 6866.85848   57 1004 6867.49687 6866.53646  0.01%   569 5336s
  6080  2466 6867.00119   62  934 6867.49687 6866.53646  0.01%   569 5340s
  6088  2468     cutoff   67      6867.49687 6866.53646  0.01%   570 5345s
  6099  2479 6867.34363   76  793 6867.49687 6866.53646  0.01%   570 5350s
  6133  2500 6866.76798   57 1091 6867.49687 6866.53869  0.01%   568 5360s
  6138  2505 6867.10364   62 1011 6867.49687 6866.53869  0.01%   569 5365s
  6143  2504     cutoff   64      6867.49687 6866.53869  0.01%   569 5370s
  6152  2507     cutoff   68      6867.49687 6866.53869  0.01%   570 5375s
  6155  2506 6866.62786   55 1057 6867.49687 6866.53886  0.01%   570 5383s
  6157  2508 6866.74733   57  997 6867.49687 6866.53886  0.01%   570 5385s
  6162  2513 6866.96998   60  941 6867.49687 6866.53886  0.01%   571 5390s
  6168  2519 6866.83566   61  982 6867.49687 6866.53886  0.01%   571 5395s
  6172  2523 6867.06264   64  918 6867.49687 6866.53886  0.01%   572 5400s
  6181  2530 6867.06147   71  885 6867.49687 6866.53886  0.01%   572 5405s
  6198  2547 6867.15154   87  812 6867.49687 6866.53886  0.01%   571 5410s
  6222  2563 6867.31962  104  654 6867.49687 6866.53886  0.01%   570 5415s
  6248  2569 6866.80294   55 1034 6867.49687 6866.54283  0.01%   569 5423s
  6251  2572 6866.85914   58 1007 6867.49687 6866.54283  0.01%   569 5425s
  6255  2576 6867.17949   62  911 6867.49687 6866.54283  0.01%   570 5430s
  6262  2579 6867.33675   66  872 6867.49687 6866.54283  0.01%   570 5435s
  6267  2578 6867.24730   54 1036 6867.49687 6866.54451  0.01%   572 5456s
  6271  2578 6867.26787   55  991 6867.49687 6866.54451  0.01%   573 5460s
  6281  2578 6867.35725   57  990 6867.49687 6866.54502  0.01%   575 5486s
  6290  2581 6867.48612   61  900 6867.49687 6866.54502  0.01%   575 5490s
  6296  2579 6866.59773   61  990 6867.49687 6866.54606  0.01%   575 5495s
  6303  2581 6866.83131   64  943 6867.49687 6866.54606  0.01%   575 5500s
  6311  2585     cutoff   71      6867.49687 6866.54606  0.01%   575 5505s
  6315  2583 6867.33365   53 1075 6867.49687 6866.54607  0.01%   579 5535s
  6319  2585 6867.39808   55 1012 6867.49687 6866.54607  0.01%   580 5540s
  6326  2582 6866.70954   53 1143 6867.49687 6866.54668  0.01%   581 5550s
  6331  2587 6867.18756   58 1056 6867.49687 6866.54668  0.01%   581 5555s
  6337  2591     cutoff   64      6867.49687 6866.54668  0.01%   581 5561s
  6341  2590 6867.41351   58  950 6867.49687 6866.54723  0.01%   582 5569s
  6342  2591 6867.43721   59  893 6867.49687 6866.54723  0.01%   582 5570s
  6350  2589 6866.61344   57 1077 6867.49687 6866.54774  0.01%   582 5578s
  6354  2593 6866.64104   61 1018 6867.49687 6866.54774  0.01%   582 5580s
  6363  2602 6867.31792   70  913 6867.49687 6866.54774  0.01%   583 5585s
  6373  2604 6866.84802   61 1027 6867.49687 6866.54923  0.01%   583 5593s
  6376  2607 6866.93021   64  939 6867.49687 6866.54923  0.01%   583 5595s
  6383  2610 6867.41206   68  686 6867.49687 6866.54923  0.01%   584 5601s
  6388  2609 6866.73723   60 1059 6867.49687 6866.55189  0.01%   584 5606s
  6394  2615 6867.16103   66  971 6867.49687 6866.55189  0.01%   584 5610s
  6399  2612 6866.74773   56 1058 6867.49687 6866.55292  0.01%   585 5617s
  6402  2615 6866.81998   58 1014 6867.49687 6866.55292  0.01%   585 5620s
  6407  2618     cutoff   61      6867.49687 6866.55292  0.01%   586 5625s
  6411  2622 6867.30997   63  950 6867.49687 6866.55292  0.01%   587 5630s
  6417  2626 6867.37743   65  916 6867.49687 6866.55292  0.01%   587 5635s
  6427  2626 6867.40947   56  994 6867.49687 6866.55330  0.01%   588 5644s
  6430  2627 6867.44286   58  946 6867.49687 6866.55330  0.01%   588 5645s
  6437  2626 6866.88357   53 1120 6867.49687 6866.55377  0.01%   588 5652s
  6443  2632 6867.11659   59 1013 6867.49687 6866.55377  0.01%   588 5655s
  6449  2638 6867.27351   65  904 6867.49687 6866.55377  0.01%   588 5660s
  6454  2641 6867.45020   69  724 6867.49687 6866.55377  0.01%   589 5665s
  6465  2644 6866.73984   50 1134 6867.49687 6866.55579  0.01%   589 5671s
  6470  2649 6867.15772   55 1077 6867.49687 6866.55579  0.01%   589 5675s
  6474  2653 6867.40686   59 1003 6867.49687 6866.55579  0.01%   589 5680s
  6483  2652     cutoff   62      6867.49687 6866.55579  0.01%   589 5685s
  6487  2652 6866.86228   59 1078 6867.49687 6866.55686  0.01%   589 5693s
  6490  2655 6866.98095   61  944 6867.49687 6866.55686  0.01%   590 5695s
  6499  2664 6867.15887   65  887 6867.49687 6866.55686  0.01%   590 5700s
  6508  2667 6867.30520   70  887 6867.49687 6866.55686  0.01%   590 5705s
  6522  2677 6867.11467   77  832 6867.49687 6866.55686  0.01%   590 5710s
  6535  2686 6867.37102   83  764 6867.49687 6866.55686  0.01%   589 5715s
  6560  2693 6867.36152   96  686 6867.49687 6866.55686  0.01%   588 5720s
  6564  2691 6866.97015   58 1072 6867.49687 6866.55689  0.01%   589 5726s
  6569  2696 6867.25141   63 1005 6867.49687 6866.55689  0.01%   589 5730s
  6580  2705 6867.45784   73  824 6867.49687 6866.55689  0.01%   589 5735s
  6593  2711 6867.35348   82  792 6867.49687 6866.55689  0.01%   588 5740s
  6610  2718 6866.90280   57 1011 6867.49687 6866.55697  0.01%   588 5748s
  6614  2722 6867.07974   61  901 6867.49687 6866.55697  0.01%   588 5750s
  6624  2731 6867.46660   71  647 6867.49687 6866.55697  0.01%   588 5755s
  6629  2730 6866.77110   57 1031 6867.49687 6866.55859  0.01%   588 5768s
  6630  2731 6867.39449   58  906 6867.49687 6866.55859  0.01%   589 5770s
  6640  2733 6867.44233   59  873 6867.49687 6866.55859  0.01%   589 5775s
  6649  2740 6867.03912   63  928 6867.49687 6866.55859  0.01%   589 5780s
  6655  2743 6867.42942   65  826 6867.49687 6866.55859  0.01%   590 5785s
  6662  2743 6867.33375   68  836 6867.49687 6866.55859  0.01%   590 5790s
  6680  2744 6867.39169   75  765 6867.49687 6866.55859  0.01%   589 5795s
  6701  2742 6866.79053   64 1042 6867.49687 6866.55872  0.01%   588 5804s
  6702  2743 6866.79775   65  992 6867.49687 6866.55872  0.01%   588 5805s
  6710  2751 6867.19706   73  929 6867.49687 6866.55872  0.01%   588 5810s
  6715  2748 6867.47393   54 1092 6867.49687 6866.55881  0.01%   589 5821s
  6722  2747 6867.08916   64 1027 6867.49687 6866.56161  0.01%   590 5830s
  6729  2750 6867.16095   68  968 6867.49687 6866.56161  0.01%   590 5836s
  6732  2747     cutoff   67      6867.49687 6866.56161  0.01%   591 5840s
  6733  2748 6866.95949   57 1020 6867.49687 6866.56273  0.01%   593 5862s
  6737  2752 6867.16298   60  940 6867.49687 6866.56273  0.01%   593 5865s
  6743  2754     cutoff   60      6867.49687 6866.56273  0.01%   594 5870s
  6750  2755 6867.23332   65  898 6867.49687 6866.56273  0.01%   594 5875s
  6757  2758 6867.29359   69  848 6867.49687 6866.56273  0.01%   594 5880s
  6762  2755 6866.94706   57 1030 6867.49687 6866.56416  0.01%   594 5886s
  6765  2758 6867.20848   60  979 6867.49687 6866.56416  0.01%   595 5890s
  6775  2764 6867.35603   67  880 6867.49687 6866.56416  0.01%   595 5895s
  6782  2763 6867.37388   68  823 6867.49687 6866.56416  0.01%   595 5900s
  6788  2759 6866.80004   57 1038 6867.49687 6866.56576  0.01%   596 5906s
  6791  2762 6867.03208   60  990 6867.49687 6866.56576  0.01%   596 5910s
  6797  2762 6867.04785   61  982 6867.49687 6866.56576  0.01%   596 5915s
  6802  2763     cutoff   65      6867.49687 6866.56576  0.01%   597 5920s
  6806  2761 6867.01898   59 1065 6867.49687 6866.56667  0.01%   598 5929s
  6807  2762 6867.06798   60 1019 6867.49687 6866.56667  0.01%   598 5930s
  6812  2766 6867.38343   65  845 6867.49687 6866.56667  0.01%   599 5935s
  6816  2764 6866.71132   62 1042 6867.49687 6866.56743  0.01%   599 5941s
  6818  2766 6866.79262   64  977 6867.49687 6866.56743  0.01%   599 6056s
  6821  2769 6867.12793   67  957 6867.49687 6866.56743  0.01%   599 6060s
  6829  2777 6867.44261   75  822 6867.49687 6866.56743  0.01%   599 6065s
  6840  2778 6867.34058   60 1065 6867.49687 6866.57226  0.01%   599 6071s
  6849  2785 6867.39589   68  986 6867.49687 6866.57226  0.01%   599 6075s
  6861  2783 6866.93978   60 1057 6867.49687 6866.57235  0.01%   600 6084s
  6862  2784 6867.03004   61  991 6867.49687 6866.57235  0.01%   600 6085s
  6867  2787 6867.31880   65  915 6867.49687 6866.57235  0.01%   600 6090s
  6874  2786 6867.10168   56 1100 6867.49687 6866.57252  0.01%   601 6099s
  6875  2787 6867.24826   57 1007 6867.49687 6866.57252  0.01%   601 6101s
  6882  2792     cutoff   64      6867.49687 6866.57252  0.01%   601 6106s
  6885  2792 6867.43082   64  898 6867.49687 6866.57252  0.01%   602 6110s
  6890  2793 6867.06053   63  976 6867.49687 6866.57351  0.01%   602 6115s
  6898  2799 6867.15074   64  983 6867.49687 6866.57351  0.01%   602 6120s
  6909  2802 6867.25898   68  946 6867.49687 6866.57351  0.01%   602 6125s
  6922  2805     cutoff   74      6867.49687 6866.57351  0.01%   602 6130s
  6930  2803 6866.89046   62 1036 6867.49687 6866.57715  0.01%   602 6136s
  6943  2816 6867.06520   75  876 6867.49687 6866.57715  0.01%   602 6140s
  6960  2825 6867.23196   56 1005 6867.49687 6866.57755  0.01%   601 6150s
  6970  2829 6867.43349   62  863 6867.49687 6866.57755  0.01%   602 6155s
  6972  2829 6866.83260   60 1065 6867.49687 6866.57760  0.01%   602 6160s
  6979  2836 6866.90602   67  952 6867.49687 6866.57760  0.01%   602 6167s
  6982  2839 6866.96760   70  938 6867.49687 6866.57760  0.01%   602 6173s
  6985  2842 6866.98590   73  904 6867.49687 6866.57760  0.01%   602 6179s
  6986  2843 6867.02299   74  881 6867.49687 6866.57760  0.01%   602 6180s
  7004  2856     cutoff   90      6867.49687 6866.57760  0.01%   601 6185s
  7006  2856 6866.82181   56 1017 6867.49687 6866.57919  0.01%   602 6190s
  7012  2860     cutoff   62      6867.49687 6866.57919  0.01%   602 6195s
  7018  2860     cutoff   64      6867.49687 6866.57919  0.01%   602 6200s
  7021  2860 6866.64311   53 1140 6867.49687 6866.57985  0.01%   603 6206s
  7024  2863 6866.70905   56 1037 6867.49687 6866.57985  0.01%   603 6211s
  7028  2867 6867.04887   60 1030 6867.49687 6866.57985  0.01%   603 6216s
  7034  2873 6867.26112   66  948 6867.49687 6866.57985  0.01%   603 6221s
  7039  2870     cutoff   66      6867.49687 6866.57985  0.01%   603 6226s
  7042  2873 6866.85742   65 1004 6867.49687 6866.58096  0.01%   604 6230s
  7055  2886 6867.05448   78  885 6867.49687 6866.58096  0.01%   603 6235s
  7074  2904 6867.27189   97  701 6867.49687 6866.58096  0.01%   602 6240s
  7090  2913 6866.79407   58 1014 6867.49687 6866.58098  0.01%   602 6246s
  7095  2918 6867.02984   63  933 6867.49687 6866.58098  0.01%   602 6250s
  7103  2922     cutoff   70      6867.49687 6866.58098  0.01%   602 6255s
  7108  2921 6866.69079   58 1003 6867.49687 6866.58159  0.01%   602 6260s
  7115  2924     cutoff   64      6867.49687 6866.58159  0.01%   603 6265s
  7120  2927 6867.26061   66  932 6867.49687 6866.58159  0.01%   603 6270s
  7125  2926 6867.17690   61 1023 6867.49687 6866.58180  0.01%   603 6276s
  7131  2928 6867.33677   64  949 6867.49687 6866.58180  0.01%   603 6280s
  7139  2928 6867.11517   57 1049 6867.49687 6866.58381  0.01%   604 6288s
  7140  2927     cutoff   58      6867.49687 6866.58381  0.01%   604 6290s
  7142  2927 6866.90488   61  994 6867.49687 6866.58499  0.01%   605 6296s
  7148  2931 6867.08023   66  928 6867.49687 6866.58499  0.01%   605 6300s
  7157  2934 6867.35300   70  860 6867.49687 6866.58499  0.01%   605 6305s
  7164  2933 6866.72017   55 1110 6867.49687 6866.58531  0.01%   606 6312s
  7168  2937 6867.11686   59 1032 6867.49687 6866.58531  0.01%   606 6315s
  7175  2936     cutoff   62      6867.49687 6866.58531  0.01%   606 6320s
  7183  2934     cutoff   61      6867.49687 6866.58531  0.01%   607 6326s
  7184  2935 6866.61095   53 1106 6867.49687 6866.58532  0.01%   607 6331s
  7187  2938 6866.75504   54 1015 6867.49687 6866.58532  0.01%   607 6335s
  7194  2945 6867.04930   61  913 6867.49687 6866.58532  0.01%   608 6340s
  7201  2952 6866.92951   65  872 6867.49687 6866.58532  0.01%   608 6345s
  7217  2968 6867.02038   81  759 6867.49687 6866.58532  0.01%   607 6350s
  7235  2986 6867.15079   99  700 6867.49687 6866.58532  0.01%   607 6355s
  7260  3000 6867.37033  118  497 6867.49687 6866.58532  0.01%   605 6360s
  7292  3017 6867.17002   55 1118 6867.49687 6866.58705  0.01%   603 6367s
  7294  3017 6866.67956   62 1002 6867.49687 6866.58706  0.01%   604 6371s
  7303  3026 6866.93232   71  883 6867.49687 6866.58706  0.01%   604 6375s
  7318  3040 6867.46910   86  688 6867.49687 6866.58706  0.01%   603 6380s
  7325  3036 6866.66047   54 1107 6867.49687 6866.58741  0.01%   603 6386s
  7330  3041 6866.88103   59  986 6867.49687 6866.58741  0.01%   603 6390s
  7334  3043 6866.97616   62  976 6867.49687 6866.58741  0.01%   604 6395s
  7344  3053 6867.09157   72  913 6867.49687 6866.58741  0.01%   604 6400s
  7360  3069 6867.30356   88  817 6867.49687 6866.58741  0.01%   603 6405s
  7376  3077 6866.71006   64 1041 6867.49687 6866.58746  0.01%   603 6412s
  7380  3081 6867.16418   68  957 6867.49687 6866.58746  0.01%   603 6415s
  7394  3093 6867.33193   81  818 6867.49687 6866.58746  0.01%   602 6420s
  7413  3104 6867.06271   65  999 6867.49687 6866.58870  0.01%   602 6430s
  7420  3105 6867.23460   67  917 6867.49687 6866.58870  0.01%   602 6435s
  7426  3103 6867.38453   65  976 6867.49687 6866.58898  0.01%   603 6445s
  7431  3102 6867.16491   57 1054 6867.49687 6866.58938  0.01%   604 6458s
  7434  3105 6867.18799   60 1010 6867.49687 6866.58938  0.01%   604 6460s
  7439  3104 6867.32752   60  974 6867.49687 6866.58938  0.01%   604 6465s
  7444  3103 6867.14035   63 1040 6867.49687 6866.59068  0.01%   605 6473s
  7449  3108 6867.23971   68  981 6867.49687 6866.59068  0.01%   605 6475s
  7461  3118 6867.48698   79  617 6867.49687 6866.59068  0.01%   605 6480s
  7482  3126 6866.81379   54 1092 6867.49687 6866.59191  0.01%   604 6489s
  7483  3127 6866.84787   55 1016 6867.49687 6866.59191  0.01%   604 6490s
  7488  3130     cutoff   57      6867.49687 6866.59191  0.01%   604 6495s
  7494  3136 6867.39156   60  965 6867.49687 6866.59191  0.01%   605 6500s
  7499  3141 6867.12027   63  985 6867.49687 6866.59191  0.01%   605 6505s
  7505  3145 6867.23123   66  939 6867.49687 6866.59191  0.01%   605 6510s
  7511  3151 6867.26219   69  859 6867.49687 6866.59191  0.01%   606 6515s
  7518  3155 6867.28523   73  821 6867.49687 6866.59191  0.01%   606 6520s
  7530  3157 6867.33629   79  772 6867.49687 6866.59191  0.01%   606 6525s
  7545  3163 6867.42715   86  622 6867.49687 6866.59191  0.01%   606 6530s
  7593  3166 6867.43404  111  435 6867.49687 6866.59191  0.01%   603 6535s
  7611  3168 6867.44599   64  911 6867.49687 6866.59284  0.01%   602 6540s
  7616  3165 6866.86554   81  941 6867.49687 6866.59341  0.01%   602 6548s
  7619  3168 6866.95259   83  907 6867.49687 6866.59341  0.01%   602 6550s
  7625  3174 6867.37535   87  851 6867.49687 6866.59341  0.01%   603 6555s
  7636  3173 6867.41063   87  806 6867.49687 6866.59341  0.01%   603 6560s
  7641  3172 6866.83715   59 1056 6867.49687 6866.59415  0.01%   603 6567s
  7646  3177 6866.94440   64  987 6867.49687 6866.59415  0.01%   603 6570s
  7652  3179     cutoff   69      6867.49687 6866.59415  0.01%   604 6575s
  7656  3177     cutoff   67      6867.49687 6866.59415  0.01%   605 6581s
  7657  3176     cutoff   81      6867.49687 6866.59530  0.01%   605 6588s
  7658  3177 6866.75429   57 1069 6867.49687 6866.59594  0.01%   606 6593s
  7660  3179 6866.97413   59  977 6867.49687 6866.59594  0.01%   606 6595s
  7667  3186 6867.47970   66  741 6867.49687 6866.59594  0.01%   606 6600s
  7674  3183 6866.91692   62 1028 6867.49687 6866.59700  0.01%   606 6608s
  7676  3185 6866.97871   64  961 6867.49687 6866.59700  0.01%   606 6610s
  7683  3192 6867.48164   71  769 6867.49687 6866.59700  0.01%   607 6615s
  7689  3190 6866.81956   64 1004 6867.49687 6866.59777  0.01%   607 6620s
  7697  3196 6867.04337   71  810 6867.49687 6866.59777  0.01%   607 6625s
  7708  3201     cutoff   79      6867.49687 6866.59777  0.01%   607 6630s
  7715  3204 6866.78518   66  928 6867.49687 6866.59800  0.01%   607 6636s
  7727  3216 6866.93674   78  858 6867.49687 6866.59800  0.01%   607 6640s
  7744  3233 6867.38327   95  719 6867.49687 6866.59800  0.01%   606 6645s
  7753  3232 6867.07537   61 1061 6867.49687 6866.59873  0.01%   606 6653s
  7757  3236 6867.15543   65  981 6867.49687 6866.59873  0.01%   606 6655s
  7766  3237     cutoff   70      6867.49687 6866.59873  0.01%   606 6660s
  7768  3237 6867.18771   55 1125 6867.49687 6866.59896  0.01%   607 6668s
  7772  3241 6867.25051   59 1055 6867.49687 6866.59896  0.01%   607 6670s
  7779  3244 6867.38695   63  987 6867.49687 6866.59896  0.01%   607 6675s
  7788  3245 6867.36097   65 1020 6867.49687 6866.59907  0.01%   608 6686s
  7798  3247 6867.46011   68  910 6867.49687 6866.59907  0.01%   607 6690s
  7805  3244 6866.66314   55 1116 6867.49687 6866.59933  0.01%   607 6695s
  7808  3247 6867.18947   58 1039 6867.49687 6866.59933  0.01%   608 6701s
  7813  3252 6867.26928   63  992 6867.49687 6866.59933  0.01%   608 6705s
  7823  3262 6867.43362   73  800 6867.49687 6866.59933  0.01%   608 6710s
  7828  3259 6867.02862   65  976 6867.49687 6866.60195  0.01%   608 6718s
  7831  3262 6867.05698   68  927 6867.49687 6866.60195  0.01%   608 6720s
  7845  3276 6867.36858   81  801 6867.49687 6866.60195  0.01%   608 6725s
  7854  3275 6867.02541   66 1028 6867.49687 6866.60620  0.01%   608 6734s
  7855  3276 6867.14424   67  948 6867.49687 6866.60620  0.01%   609 6736s
  7864  3279     cutoff   73      6867.49687 6866.60620  0.01%   609 6740s
  7867  3280 6866.69870   64  959 6867.49687 6866.60734  0.01%   609 6745s
  7879  3292 6867.00527   76  911 6867.49687 6866.60734  0.01%   608 6750s
  7900  3309 6867.29716   95  715 6867.49687 6866.60734  0.01%   608 6755s
  7917  3315 6866.97125   59 1070 6867.49687 6866.60758  0.01%   607 6762s
  7921  3319 6867.06348   63  993 6867.49687 6866.60758  0.01%   607 6765s
  7935  3323 6867.34687   68  891 6867.49687 6866.60758  0.01%   607 6770s
  7943  3321 6866.67380   57 1083 6867.49687 6866.60758  0.01%   607 6781s
  7948  3326 6867.05901   61 1005 6867.49687 6866.60758  0.01%   607 6785s
  7957  3329     cutoff   64      6867.49687 6866.60758  0.01%   608 6792s
  7961  3331 6867.38583   67  871 6867.49687 6866.60758  0.01%   608 6796s
  7966  3330 6867.44768   69  732 6867.49687 6866.60758  0.01%   609 6800s
  7983  3329 6866.75776   57 1086 6867.49687 6866.60813  0.01%   608 6810s
  7989  3335 6867.30737   63 1000 6867.49687 6866.60813  0.01%   608 6815s
  7994  3336 6867.40899   66  977 6867.49687 6866.60813  0.01%   609 6820s
  8007  3341 6866.91946   63 1045 6867.49687 6866.60824  0.01%   609 6830s
  8013  3345 6866.99031   66  974 6867.49687 6866.60824  0.01%   609 6835s
  8016  3348 6866.94505   68 1008 6867.49687 6866.60824  0.01%   609 6850s
  8023  3353 6867.20682   71  958 6867.49687 6866.60824  0.01%   610 6856s
  8028  3358 6867.03456   74  930 6867.49687 6866.60824  0.01%   610 6860s
  8037  3361     cutoff   78      6867.49687 6866.60824  0.01%   610 6865s
  8044  3366 6867.16372   82  818 6867.49687 6866.60824  0.01%   610 6870s
  8056  3373 6867.24170   88  806 6867.49687 6866.60824  0.01%   610 6875s
  8078  3373 6867.26987   66  985 6867.49687 6866.60834  0.01%   610 6894s
  8079  3374 6867.31649   67  950 6867.49687 6866.60834  0.01%   610 6895s
  8089  3374 6867.33415   67 1028 6867.49687 6866.60916  0.01%   611 6905s
  8098  3375 6866.88163   60 1038 6867.49687 6866.60919  0.01%   611 6911s
  8103  3376 6867.06679   62  941 6867.49687 6866.60919  0.01%   611 6915s
  8108  3375 6866.94301   56 1062 6867.49687 6866.60965  0.01%   612 6924s
  8109  3376 6866.96808   57 1012 6867.49687 6866.60965  0.01%   612 6925s
  8114  3381 6867.45544   62  868 6867.49687 6866.60965  0.01%   612 6930s
  8121  3380 6866.95611   64 1060 6867.49687 6866.60983  0.01%   612 6936s
  8129  3388 6867.05837   71  970 6867.49687 6866.60983  0.01%   612 6940s
  8144  3403 6867.22571   84  826 6867.49687 6866.60983  0.01%   612 6945s
  8155  3413 6867.35143   93  696 6867.49687 6866.60983  0.01%   612 6950s
  8171  3419 6866.98468   61 1083 6867.49687 6866.61037  0.01%   611 6957s
  8175  3423 6867.46968   65  908 6867.49687 6866.61037  0.01%   612 6961s
  8180  3420 6867.06287   55 1103 6867.49687 6866.61283  0.01%   612 6969s
  8182  3422 6867.22741   57 1033 6867.49687 6866.61283  0.01%   612 6971s
  8191  3422 6866.84351   62 1048 6867.49687 6866.61319  0.01%   612 6980s
  8197  3426     cutoff   68      6867.49687 6866.61319  0.01%   613 6986s
  8209  3438 6867.37826   79  739 6867.49687 6866.61319  0.01%   613 6990s
  8233  3450 6866.94646   54 1051 6867.49687 6866.61340  0.01%   612 6999s
  8234  3451 6867.16052   55  995 6867.49687 6866.61340  0.01%   612 7000s
  8244  3455 6867.42056   60  914 6867.49687 6866.61340  0.01%   612 7005s
  8255  3456 6867.46138   63  749 6867.49687 6866.61340  0.01%   612 7010s
  8259  3454 6866.81925   65 1046 6867.49687 6866.61346  0.01%   612 7016s
  8262  3455 6867.14102   67  985 6867.49687 6866.61346  0.01%   612 7020s
  8270  3455 6867.02255   58 1070 6867.49687 6866.61439  0.01%   613 7028s
  8274  3459 6867.13194   62 1020 6867.49687 6866.61439  0.01%   613 7030s
  8284  3469 6867.29775   72  899 6867.49687 6866.61439  0.01%   613 7035s
  8297  3470 6866.88833   68 1028 6867.49687 6866.61480  0.01%   613 7043s
  8299  3472 6866.94438   70  931 6867.49687 6866.61480  0.01%   613 7045s
  8319  3488 6867.16253   88  777 6867.49687 6866.61480  0.01%   612 7050s
  8345  3504 6866.83242   68  982 6867.49687 6866.61514  0.01%   611 7059s
  8347  3506 6866.93751   70  892 6867.49687 6866.61514  0.01%   611 7060s
  8363  3522 6867.03655   86  791 6867.49687 6866.61514  0.01%   611 7065s
  8392  3551 6867.14981  115  675 6867.49687 6866.61514  0.01%   609 7070s
  8443  3589 6867.36501   67  988 6867.49687 6866.61533  0.01%   607 7080s
  8455  3591 6866.97370   58 1062 6867.49687 6866.61540  0.01%   607 7089s
  8456  3592 6867.05864   59  989 6867.49687 6866.61540  0.01%   607 7091s
  8461  3595 6867.40684   63  909 6867.49687 6866.61540  0.01%   608 7095s
  8468  3594 6867.21571   54 1071 6867.49687 6866.61835  0.01%   608 7103s
  8469  3595 6867.28155   55 1022 6867.49687 6866.61835  0.01%   608 7105s
  8475  3601 6867.38992   57  988 6867.49687 6866.61835  0.01%   608 7110s
  8482  3606 6867.42713   64  922 6867.49687 6866.61835  0.01%   609 7115s
  8496  3612 6866.76361   53 1127 6867.49687 6866.61860  0.01%   609 7124s
  8497  3613 6866.76890   54 1101 6867.49687 6866.61860  0.01%   609 7125s
  8506  3622 6866.99220   63 1031 6867.49687 6866.61860  0.01%   609 7130s
  8513  3629 6867.14487   70  903 6867.49687 6866.61860  0.01%   609 7135s
  8524  3640 6867.43033   81  692 6867.49687 6866.61860  0.01%   609 7140s
  8531  3640 6867.38490   53 1099 6867.49687 6866.62091  0.01%   609 7147s
  8537  3642     cutoff   58      6867.49687 6866.62091  0.01%   609 7150s
  8540  3641 6866.77580   69 1015 6867.49687 6866.62173  0.01%   609 7155s
  8548  3649 6867.30766   73  896 6867.49687 6866.62173  0.01%   609 7160s
  8558  3659 6867.06073   78  887 6867.49687 6866.62173  0.01%   609 7165s
  8569  3666 6867.07534   84  838 6867.49687 6866.62173  0.01%   609 7170s
  8584  3675 6867.37642   91  750 6867.49687 6866.62173  0.01%   609 7176s
  8600  3679     cutoff   99      6867.49687 6866.62173  0.01%   609 7180s
  8631  3686 6867.41333  115  554 6867.49687 6866.62173  0.01%   607 7185s
  8649  3685 6866.85716   60 1009 6867.49687 6866.62191  0.01%   606 7190s
  8654  3688 6867.39592   64  996 6867.49687 6866.62191  0.01%   607 7195s
  8663  3689 6867.45535   66  952 6867.49687 6866.62191  0.01%   607 7200s
  8669  3685 6866.99539   61 1032 6867.49687 6866.62234  0.01%   607 7207s
  8671  3687 6867.29253   63  905 6867.49687 6866.62234  0.01%   607 7210s
  8687  3703 6867.43882   79  681 6867.49687 6866.62234  0.01%   607 7215s
  8698  3704 6866.77573   61 1021 6867.49687 6866.62374  0.01%   606 7220s
  8709  3715 6866.90398   72  960 6867.49687 6866.62374  0.01%   606 7225s
  8720  3726 6867.08883   83  818 6867.49687 6866.62374  0.01%   606 7230s
  8734  3736 6867.34158   95  573 6867.49687 6866.62374  0.01%   606 7235s
  8765  3745 6867.22886   66 1000 6867.49687 6866.62515  0.01%   605 7247s
  8775  3755 6867.39117   76  860 6867.49687 6866.62515  0.01%   605 7250s
  8789  3759 6866.86400   62 1049 6867.49687 6866.62548  0.01%   605 7257s
  8794  3764 6867.02740   64  995 6867.49687 6866.62548  0.01%   605 7260s
  8798  3768 6867.39201   65  915 6867.49687 6866.62548  0.01%   605 7265s
  8805  3769 6867.22825   68  958 6867.49687 6866.62548  0.01%   605 7270s
  8814  3770     cutoff   69      6867.49687 6866.62548  0.01%   605 7275s
  8824  3770 6866.95186   69  974 6867.49687 6866.62712  0.01%   606 7286s
  8832  3772     cutoff   74      6867.49687 6866.62712  0.01%   606 7290s
  8842  3774     cutoff   77      6867.49687 6866.62712  0.01%   606 7295s
  8846  3772 6867.18620   56 1078 6867.49687 6866.62715  0.01%   606 7302s
  8848  3772     cutoff   58      6867.49687 6866.62715  0.01%   606 7305s
  8857  3773     cutoff   61      6867.49687 6866.62715  0.01%   607 7310s
  8858  3774 6867.04753   90  944 6867.49687 6866.62799  0.01%   607 7318s
  8861  3775 6867.09889   91  918 6867.49687 6866.62799  0.01%   607 7320s
  8869  3774 6867.35629   56  985 6867.49687 6866.62886  0.01%   608 7332s
  8874  3777 6867.44034   60  894 6867.49687 6866.62886  0.01%   608 7335s
  8883  3778 6867.00485   60 1023 6867.49687 6866.62972  0.01%   608 7341s
  8888  3781     cutoff   65      6867.49687 6866.62972  0.01%   608 7346s
  8892  3779 6867.44586   67  918 6867.49687 6866.62988  0.01%   609 7355s
  8896  3776     cutoff   63      6867.49687 6866.63004  0.01%   609 7367s
  8897  3777 6866.87073   60 1030 6867.49687 6866.63171  0.01%   610 7372s
  8900  3780 6867.34845   63  940 6867.49687 6866.63171  0.01%   610 7375s
  8910  3780 6866.92639   56 1078 6867.49687 6866.63184  0.01%   610 7385s
  8916  3784 6867.41282   61  992 6867.49687 6866.63184  0.01%   610 7390s
  8920  3782 6867.17961   57 1038 6867.49687 6866.63194  0.01%   611 7398s
  8921  3783 6867.28376   58  927 6867.49687 6866.63194  0.01%   611 7400s
  8929  3785     cutoff   63      6867.49687 6866.63194  0.01%   611 7405s
  8933  3785 6867.18361   56 1044 6867.49687 6866.63196  0.01%   612 7414s
  8934  3786 6867.29708   57 1004 6867.49687 6866.63196  0.01%   612 7415s
  8944  3786 6866.89745   68 1014 6867.49687 6866.63244  0.01%   612 7423s
  8946  3786     cutoff   69      6867.49687 6866.63244  0.01%   612 7425s
  8957  3795 6867.35256   77  827 6867.49687 6866.63244  0.01%   612 7430s
  8965  3795 6867.25732   90  930 6867.49687 6866.63266  0.01%   613 7442s
  8976  3794 6866.94108   68 1043 6867.49687 6866.63335  0.01%   613 7455s
  8979  3797 6867.03758   71  986 6867.49687 6866.63335  0.01%   613 7461s
  8983  3801 6867.30600   75  896 6867.49687 6866.63335  0.01%   613 7465s
  8994  3802 6866.76334   59 1045 6867.49687 6866.63382  0.01%   613 7471s
  8999  3807 6866.91004   64  948 6867.49687 6866.63382  0.01%   613 7475s
  9007  3815 6867.10441   72  869 6867.49687 6866.63382  0.01%   613 7480s
  9018  3826 6867.12918   83  808 6867.49687 6866.63382  0.01%   613 7493s
  9024  3832 6867.14249   89  786 6867.49687 6866.63382  0.01%   613 7495s
  9047  3853 6867.21181  111  623 6867.49687 6866.63382  0.01%   612 7500s
  9101  3883 6867.09444   57 1085 6867.49687 6866.63517  0.01%   609 7508s
  9102  3884 6867.29491   58 1020 6867.49687 6866.63517  0.01%   609 7510s
  9114  3896 6867.40793   70  870 6867.49687 6866.63517  0.01%   609 7515s
  9126  3900 6867.11250   62 1032 6867.49687 6866.63641  0.01%   609 7523s
  9128  3902 6867.22210   64  967 6867.49687 6866.63641  0.01%   609 7525s
  9136  3900 6866.83589   69  974 6867.49687 6866.63766  0.01%   610 7535s
  9146  3910 6867.30058   79  770 6867.49687 6866.63766  0.01%   610 7540s
  9170  3924     cutoff   98      6867.49687 6866.63766  0.01%   609 7545s
  9174  3922 6866.90659   58 1065 6867.49687 6866.63783  0.01%   609 7552s
  9176  3923 6867.27072   60  936 6867.49687 6866.63783  0.01%   609 7555s
  9181  3922 6866.98060   54 1095 6867.49687 6866.63805  0.01%   610 7563s
  9184  3925 6867.18879   57 1016 6867.49687 6866.63805  0.01%   610 7567s
  9187  3928 6867.30402   60  987 6867.49687 6866.63805  0.01%   610 7570s
  9194  3929     cutoff   64      6867.49687 6866.63805  0.01%   610 7575s
  9204  3927 6867.40699   61 1059 6867.49687 6866.63886  0.01%   611 7585s
  9215  3930 6867.02865   77  994 6867.49687 6866.63939  0.01%   611 7597s
  9219  3930     cutoff   80      6867.49687 6866.63939  0.01%   611 7600s
  9225  3928     cutoff   77      6867.49687 6866.64104  0.01%   612 7610s
  9226  3929 6866.73599   62 1053 6867.49687 6866.64136  0.01%   612 7615s
  9232  3935 6867.17184   66  956 6867.49687 6866.64136  0.01%   612 7620s
  9238  3939 6867.22466   67  942 6867.49687 6866.64136  0.01%   612 7625s
  9248  3943 6867.44667   69  871 6867.49687 6866.64136  0.01%   612 7630s
  9258  3947     cutoff   75      6867.49687 6866.64136  0.01%   612 7635s
  9271  3948 6867.42020   79  725 6867.49687 6866.64136  0.01%   612 7640s
  9287  3948 6866.83809   70  975 6867.49687 6866.64221  0.01%   612 7646s
  9301  3962 6867.04524   84  806 6867.49687 6866.64221  0.01%   611 7650s
  9332  3993 6867.39082  115  553 6867.49687 6866.64221  0.01%   610 7655s
  9341  3994 6866.92441   56 1125 6867.49687 6866.64303  0.01%   609 7660s
  9344  3995     cutoff   59      6867.49687 6866.64303  0.01%   610 7665s
  9350  3997 6867.08507   60 1012 6867.49687 6866.64303  0.01%   610 7670s
  9357  4002     cutoff   67      6867.49687 6866.64303  0.01%   610 7675s
  9370  4007 6866.96479   70  914 6867.49687 6866.64445  0.01%   610 7683s
  9374  4011 6867.07745   74  861 6867.49687 6866.64445  0.01%   610 7685s
  9396  4033 6867.19502   96  728 6867.49687 6866.64445  0.01%   609 7690s
  9421  4056 6867.31415  121  520 6867.49687 6866.64445  0.01%   608 7695s
  9434  4059 6866.72282   59 1071 6867.49687 6866.64503  0.01%   607 7700s
  9438  4063 6867.01335   63  994 6867.49687 6866.64503  0.01%   608 7705s
  9453  4078 6867.09296   78  912 6867.49687 6866.64503  0.01%   607 7710s
  9468  4091 6867.46559   92  683 6867.49687 6866.64503  0.01%   607 7715s
  9473  4089 6867.08026   68 1017 6867.49687 6866.64522  0.01%   608 7725s
  9478  4089 6867.27980   70  981 6867.49687 6866.64522  0.01%   608 7730s
  9487  4089     cutoff   72      6867.49687 6866.64522  0.01%   608 7735s
  9490  4088 6866.75358   54 1161 6867.49687 6866.64616  0.01%   608 7740s
  9496  4094 6866.92817   60 1044 6867.49687 6866.64616  0.01%   609 7745s
  9500  4096 6867.14547   63  962 6867.49687 6866.64616  0.01%   609 7750s
  9506  4095 6866.77746   52 1096 6867.49687 6866.64650  0.01%   609 7759s
  9507  4096 6866.79755   53 1071 6867.49687 6866.64650  0.01%   609 7760s
  9508  4097 6867.36632   53 1008 6867.49687 6866.64650  0.01%   610 7765s
  9510  4099 6866.86042   54 1050 6867.49687 6866.64650  0.01%   610 7770s
  9514  4101     cutoff   56      6867.49687 6866.64650  0.01%   610 7776s
  9518  4102 6867.35110   58 1021 6867.49687 6866.64650  0.01%   611 7781s
  9522  4100 6866.67468   52 1115 6867.49687 6866.64672  0.01%   611 7790s
  9526  4104 6867.46982   56 1031 6867.49687 6866.64672  0.01%   612 7795s
  9534  4102 6866.90324   71  939 6867.49687 6866.64684  0.01%   612 7803s
  9539  4107 6866.96691   76  892 6867.49687 6866.64684  0.01%   612 7805s
  9555  4123 6867.27682   92  699 6867.49687 6866.64684  0.01%   611 7810s
  9599  4150 6867.00440   56 1118 6867.49687 6866.64798  0.01%   609 7821s
  9603  4152     cutoff   59      6867.49687 6866.64798  0.01%   610 7825s
  9607  4152     cutoff   60      6867.49687 6866.64798  0.01%   610 7830s
  9613  4152 6867.31267   59  974 6867.49687 6866.64798  0.01%   610 7836s
  9619  4150 6866.95176   63 1018 6867.49687 6866.64819  0.01%   611 7844s
  9620  4151 6866.97437   64  976 6867.49687 6866.64819  0.01%   611 7845s
  9631  4162 6867.15095   75  823 6867.49687 6866.64819  0.01%   611 7850s
  9652  4182 6867.33960   96  693 6867.49687 6866.64819  0.01%   610 7855s
  9670  4190 6866.95174   58 1027 6867.49687 6866.64901  0.01%   609 7863s
  9673  4193 6867.12750   61  943 6867.49687 6866.64901  0.01%   609 7865s
  9681  4201 6867.33355   69  793 6867.49687 6866.64901  0.01%   610 7870s
  9686  4198 6867.01606   60 1073 6867.49687 6866.65185  0.01%   610 7877s
  9689  4199     cutoff   62      6867.49687 6866.65185  0.01%   610 7880s
  9698  4198 6867.17747   69  972 6867.49687 6866.65214  0.01%   610 7889s
  9699  4199 6867.25978   70  919 6867.49687 6866.65214  0.01%   610 7890s
  9705  4198 6866.99753   63 1018 6867.49687 6866.65594  0.01%   611 7897s
  9709  4202 6867.27393   67  962 6867.49687 6866.65594  0.01%   611 7900s
  9718  4203 6866.94704   78  984 6867.49687 6866.65612  0.01%   611 7912s
  9722  4207 6867.30094   82  884 6867.49687 6866.65612  0.01%   612 7916s
  9728  4205     cutoff   84      6867.49687 6866.65612  0.01%   612 7920s
  9745  4218 6867.42954   95  606 6867.49687 6866.65612  0.01%   611 7925s
  9759  4217 6866.83976   60 1028 6867.49687 6866.65644  0.01%   611 7932s
  9763  4221 6867.03240   64  946 6867.49687 6866.65644  0.01%   611 7935s
  9770  4224 6867.19828   68  918 6867.49687 6866.65644  0.01%   611 7940s
  9782  4236 6867.41142   80  636 6867.49687 6866.65644  0.01%   611 7945s
  9796  4243 6867.01676   78  949 6867.49687 6866.65661  0.01%   611 7954s
  9798  4245 6867.15276   80  894 6867.49687 6866.65661  0.01%   611 7955s
  9808  4245 6867.25446   58 1047 6867.49687 6866.65746  0.01%   612 7966s
  9811  4245 6867.30875   59  963 6867.49687 6866.65746  0.01%   612 7970s
  9814  4244 6866.87883   53 1139 6867.49687 6866.65798  0.01%   612 7976s
  9817  4245     cutoff   56      6867.49687 6866.65798  0.01%   612 7980s
  9820  4244     cutoff   56      6867.49687 6866.65798  0.01%   613 7985s
  9823  4247 6867.23786   58 1034 6867.49687 6866.65798  0.01%   613 7990s
  9830  4246 6867.13361   57 1102 6867.49687 6866.65963  0.01%   613 7999s
  9831  4247 6867.21135   58 1024 6867.49687 6866.65963  0.01%   613 8000s
  9835  4249 6867.32468   60 1002 6867.49687 6866.65963  0.01%   614 8005s
  9845  4257 6867.48049   69  750 6867.49687 6866.65963  0.01%   614 8010s
  9850  4254 6866.79177   64 1007 6867.49687 6866.65964  0.01%   614 8015s
  9857  4257     cutoff   70      6867.49687 6866.65964  0.01%   614 8021s
  9861  4257     cutoff   72      6867.49687 6866.65964  0.01%   615 8026s
  9870  4262     cutoff   78      6867.49687 6866.65964  0.01%   615 8030s
  9877  4261 6866.80530   57 1069 6867.49687 6866.65972  0.01%   615 8040s
  9883  4267 6867.00256   63  950 6867.49687 6866.65972  0.01%   615 8045s
  9894  4278 6867.32685   74  831 6867.49687 6866.65972  0.01%   615 8050s
  9910  4287 6866.85846   57 1060 6867.49687 6866.65977  0.01%   615 8060s
  9914  4289     cutoff   61      6867.49687 6866.65977  0.01%   615 8065s
  9925  4292 6867.40103   65  899 6867.49687 6866.65977  0.01%   615 8070s
  9936  4294 6866.95176   72  936 6867.49687 6866.66047  0.01%   615 8078s
  9939  4296 6867.17066   75  902 6867.49687 6866.66047  0.01%   615 8080s
  9964  4313 6867.05728   51 1151 6867.49687 6866.66051  0.01%   615 8089s
  9965  4312     cutoff   52      6867.49687 6866.66051  0.01%   615 8090s
  9970  4315 6867.24610   54 1059 6867.49687 6866.66051  0.01%   615 8104s
  9971  4314     cutoff   55      6867.49687 6866.66051  0.01%   615 8107s
  9973  4316 6867.25359   54 1033 6867.49687 6866.66051  0.01%   615 8118s
  9975  4318 6867.30352   56 1041 6867.49687 6866.66051  0.01%   615 8121s
  9980  4317     cutoff   57      6867.49687 6866.66051  0.01%   616 8125s
  9985  4316 6866.68607   55 1085 6867.49687 6866.66089  0.01%   616 8131s
  9991  4322 6866.91298   61 1009 6867.49687 6866.66089  0.01%   616 8136s
  9996  4327 6867.12207   66  945 6867.49687 6866.66089  0.01%   616 8140s
 10011  4342 6867.17375   81  854 6867.49687 6866.66089  0.01%   616 8145s
 10020  4351 6867.21371   90  811 6867.49687 6866.66089  0.01%   615 8152s
 10033  4363 6867.29273  103  715 6867.49687 6866.66089  0.01%   615 8155s
 10056  4376 6866.94225   54 1044 6867.49687 6866.66097  0.01%   614 8164s
 10057  4377 6866.98163   55 1007 6867.49687 6866.66097  0.01%   614 8165s
 10066  4382 6867.22439   61  964 6867.49687 6866.66097  0.01%   615 8171s
 10071  4384 6867.46589   65  867 6867.49687 6866.66097  0.01%   615 8175s
 10074  4383 6866.82394   54 1059 6867.49687 6866.66313  0.01%   615 8180s
 10080  4389 6867.02301   60  978 6867.49687 6866.66313  0.01%   615 8185s
 10085  4394 6867.31097   65  867 6867.49687 6866.66313  0.01%   615 8190s
 10096  4395 6866.71529   61 1035 6867.49687 6866.66315  0.01%   615 8197s
 10102  4401 6866.81069   67  974 6867.49687 6866.66315  0.01%   615 8200s
 10111  4408 6866.94942   75  948 6867.49687 6866.66315  0.01%   615 8205s
 10118  4415 6867.09466   82  869 6867.49687 6866.66315  0.01%   616 8210s
 10133  4426     cutoff   96      6867.49687 6866.66315  0.01%   615 8215s
 10146  4432 6866.80675   56 1106 6867.49687 6866.66354  0.01%   615 8222s
 10149  4435 6866.83447   59 1000 6867.49687 6866.66354  0.01%   615 8225s
 10156  4442 6867.21448   66  980 6867.49687 6866.66354  0.01%   615 8230s
 10166  4452 6867.29889   76  840 6867.49687 6866.66354  0.01%   615 8235s
 10178  4455 6866.79348   61 1065 6867.49687 6866.66509  0.01%   615 8241s
 10184  4461 6866.94415   66  996 6867.49687 6866.66509  0.01%   615 8245s
 10192  4469 6867.10711   72  897 6867.49687 6866.66509  0.01%   615 8250s
 10203  4477 6867.18867   57 1049 6867.49687 6866.66509  0.01%   615 10051s
 10205  4478 6867.29018   81  711 6867.49687 6866.66509  0.01%   615 10055s
 10206  4479 6867.19078   80  881 6867.49687 6866.66509  0.01%   615 10067s
 10207  4480 6867.27879   56  983 6867.49687 6866.66509  0.01%   615 10076s
 10208  4480 6867.15011   62 1051 6867.49687 6866.66509  0.01%   615 10087s
 10209  4481 6867.26001   73 1091 6867.49687 6866.66509  0.01%   615 10095s
 10210  4482 6867.05416  173 1133 6867.49687 6866.66509  0.01%   615 10101s
 10212  4483 6867.31467   84 1126 6867.49687 6866.66509  0.01%   615 10106s
 10215  4485 6866.78380   57 1161 6867.49687 6866.66509  0.01%   615 10110s
 10221  4489 6866.84936   68 1172 6867.49687 6866.66509  0.01%   614 10115s
 10223  4490 6867.22427   79 1169 6867.49687 6866.66509  0.01%   614 10120s
 10228  4494 6867.47101   72 1163 6867.49687 6866.66509  0.01%   614 10126s
 10229  4494 6867.39436   84 1165 6867.49687 6866.66509  0.01%   614 10130s
 10237  4500 6867.39443   78 1158 6867.49687 6866.66509  0.01%   613 10136s
 10238  4500 6867.32186   62 1140 6867.49687 6866.66509  0.01%   613 10142s
 10240  4502 6867.05602   59 1159 6867.49687 6866.66509  0.01%   613 10145s
 10245  4505 6867.31570  108 1120 6867.49687 6866.66509  0.01%   613 10153s
 10246  4506 6867.31424   75 1148 6867.49687 6866.66509  0.01%   613 10155s
 10252  4510 6867.36489   84 1179 6867.49687 6866.66509  0.01%   612 10160s
 10254  4511 6867.41798   72 1180 6867.49687 6866.66509  0.01%   612 10166s
 10258  4514 6866.95838   55 1180 6867.49687 6866.66509  0.01%   612 10170s
 10260  4515 6866.84074   61 1175 6867.49687 6866.66509  0.01%   612 10175s
 10265  4518 6867.12740   85 1183 6867.49687 6866.66509  0.01%   612 10180s
 10268  4520 6866.69737   55 1171 6867.49687 6866.66509  0.01%   612 10185s
 10271  4522 6867.46232  149 1157 6867.49687 6866.66509  0.01%   611 10192s
 10276  4526 6866.94129   75 1192 6867.49687 6866.66509  0.01%   611 10197s
 10277  4526 6867.12775   87 1176 6867.49687 6866.66509  0.01%   611 10201s
 10284  4531 6867.25365   55 1191 6867.49687 6866.66509  0.01%   611 10205s
 10286  4532 6867.05008   64 1189 6867.49687 6866.66509  0.01%   610 10212s
 10291  4536 6867.34367   72 1171 6867.49687 6866.66509  0.01%   610 10215s
 10296  4539 6866.85179   63 1169 6867.49687 6866.66509  0.01%   610 10222s
 10301  4542 6867.27452   68 1171 6867.49687 6866.66509  0.01%   610 10226s
 10302  4543 6866.90738   83 1166 6867.49687 6866.66509  0.01%   609 10230s
 10307  4546 6867.27879   56 1170 6867.49687 6866.66509  0.01%   609 10238s
 10310  4548 6867.05416  173 1167 6867.49687 6866.66509  0.01%   609 10242s
 10311  4549 6867.30024   75 1167 6867.49687 6866.66509  0.01%   609 10246s
 10316  4552 6867.43990   91 1161 6867.49687 6866.66509  0.01%   609 10250s
 10320  4555 6866.82306   71 1177 6867.49687 6866.66509  0.01%   608 10255s
 10322  4556 6866.91450   65 1171 6867.49687 6866.66509  0.01%   608 10261s
 10325  4558 6867.25657  136 1180 6867.49687 6866.66509  0.01%   608 10267s
 10329  4561 6867.39436   84 1170 6867.49687 6866.66509  0.01%   608 10271s
 10330  4562 6867.34065  108 1184 6867.49687 6866.66509  0.01%   608 10275s
 10334  4564 6867.02230   70 1174 6867.49687 6866.66509  0.01%   608 10282s
 10339  4568 6867.15964   92 1189 6867.49687 6866.66509  0.01%   607 10286s
 10340  4568 6867.05602   59 1178 6867.49687 6866.66509  0.01%   607 10291s
 10346  4572 6867.31424   75 1199 6867.49687 6866.66509  0.01%   607 10295s
 10349  4574 6867.31993  122 1185 6867.49687 6866.66509  0.01%   607 10300s
 10351  4576 6866.93739   79 1184 6867.49687 6866.66863  0.01%   607 10306s
 10356  4579 6867.21386   66 1187 6867.49687 6866.67394  0.01%   606 10310s
 10359  4581 6867.32480   99 1172 6867.49687 6866.68012  0.01%   606 10315s
 10361  4582 6867.29427   64 1166 6867.49687 6866.68477  0.01%   606 10322s
 10366  4586 6866.91708   59 1175 6867.49687 6866.68977  0.01%   606 10326s
 10367  4586 6866.90754   77 1162 6867.49687 6866.69209  0.01%   606 10330s
 10371  4589 6867.46232  149 1177 6867.49687 6866.69832  0.01%   605 10337s
 10375  4592 6866.95237   83 1178 6867.49687 6866.70494  0.01%   605 10341s
 10376  4592 6866.94129   75 1175 6867.49687 6866.70705  0.01%   605 10345s
 10381  4596 6867.07214   74 1174 6867.49687 6866.71114  0.01%   605 10352s
 10382  4596 6867.08485   91 1182 6867.49687 6866.71140  0.01%   605 10355s
 10386  4599 6867.05008   64 1171 6867.49687 6866.71777  0.01%   605 10360s
 10388  4600 6867.41132   72 1188 6867.49687 6866.71973  0.01%   604 10366s
 10391  4602 6867.34367   72 1198 6867.49687 6866.72265  0.01%   604 10370s
 10394  4604 6867.44113  136 1194 6867.49687 6866.72504  0.01%   604 10376s
 10395  4605 6867.04149   57 1191 6867.49687 6866.72760  0.01%   604 10380s
 10399  4608 6867.21601   67 1191 6867.49687 6866.73151  0.01%   604 10388s
 10401  4609 6867.27452   68 1181 6867.49687 6866.73280  0.01%   604 10390s
 10403  4610 6867.18867   57 1176 6867.49687 6866.73573  0.01%   604 10395s
 10405  4612 6867.29018   81 1175 6867.49687 6866.73795  0.01%   603 10401s
 10409  4614 6867.26001   73 1186 6867.49687 6866.74128  0.01%   603 10408s
 10411  4616 6867.30024   75 1177 6867.49687 6866.74207  0.01%   603 10411s
 10412  4616 6867.31467   84 1189 6867.49687 6866.74352  0.01%   603 10415s
 10415  4618 6866.78380   57 1198 6867.49687 6866.74646  0.01%   603 10422s
 10417  4620 6867.31137  116 1189 6867.49687 6866.74821  0.01%   603 10428s
 10419  4621 6867.27152   65 1187 6867.49687 6866.74925  0.01%   603 10431s
 10420  4622 6866.82306   71 1186 6867.49687 6866.75065  0.01%   603 10435s
 10423  4624 6867.22427   79 1201 6867.49687 6866.75281  0.01%   602 10441s
 10425  4625 6867.25657  136 1200 6867.49687 6866.75322  0.01%   602 10447s
 10428  4627 6867.47101   72 1195 6867.49687 6866.75568  0.01%   602 10450s
 10430  4628 6867.34065  108 1207 6867.49687 6866.75964  0.01%   602 10455s
 10433  4630 6867.07836   87 1179 6867.49687 6866.76283  0.01%   602 10463s
 10436  4632 6867.41875   89 1184 6867.49687 6866.76445  0.01%   602 10466s
 10439  4636 6867.15964   92 1049 6867.49687 6866.76509  0.01%   614 10470s
 10442  4638 6867.40393   76  824 6867.49687 6866.76509  0.01%   614 10476s
 10443  4639 6867.44673   70  902 6867.49687 6866.76509  0.01%   613 10480s
 10447  4641 6867.23868   94 1084 6867.49687 6866.76509  0.01%   613 10485s
 10452  4645 6867.36489   84 1091 6867.49687 6866.79245  0.01%   613 10491s
 10456  4647 6867.21386   66 1076 6867.49687 6866.81754  0.01%   613 10495s
 10461  4651 6867.29427   64 1056 6867.49687 6866.84391  0.01%   612 10500s
 10469  4656 6867.22827   66 1055 6867.49687 6866.88508  0.01%   612 10505s
 10476  4661 6866.94129   75 1059 6867.49687 6866.91271  0.01%   612 10510s
 10481  4664 6867.07214   74 1046 6867.49687 6866.94010  0.01%   611 10515s
 10490  4670 6866.96566   58 1033 6867.49687 6866.96566  0.01%   611 10520s
 10498  4675 6866.98747   67 1049 6867.49687 6866.98747  0.01%   610 10525s
 10506  4681 6867.19078   80 1025 6867.49687 6867.00921  0.01%   610 10532s
 10511  4684 6867.30024   75 1026 6867.49687 6867.01830  0.01%   610 10536s
 10517  4688 6867.31137  116 1013 6867.49687 6867.02957  0.01%   609 10541s
 10523  4692 6867.22427   79 1025 6867.49687 6867.04250  0.01%   609 10545s
 10532  4698 6867.05358   66 1017 6867.49687 6867.05358  0.01%   608 10551s
 10536  4701 6867.41875   89 1026 6867.49687 6867.05985  0.01%   608 10555s
 10544  4706 6867.06888   73 1009 6867.49687 6867.06888  0.01%   608 10560s
 10549  4709 6867.31993  122 1008 6867.49687 6867.08102  0.01%   607 10565s
 10559  4716 6867.32480   99 1016 6867.49687 6867.09249  0.01%   607 10571s
 10566  4721 6867.10021   59 1015 6867.49687 6867.10021  0.01%   606 10575s
 10570  4723 6867.10663   68 1023 6867.49687 6867.10663  0.01%   606 10580s
 10580  4730 6867.11770   61 1018 6867.49687 6867.11770  0.01%   606 10585s
 10585  4733 6867.23152  131 1006 6867.49687 6867.12512  0.01%   605 10590s
 10594  4739 6867.44113  136 1020 6867.49687 6867.13698  0.01%   605 10595s
 10599  4743 6867.21601   67 1009 6867.49687 6867.14187  0.01%   604 10602s
 10602  4745 6867.14549   83  995 6867.49687 6867.14549  0.01%   604 10606s
 10608  4749 6867.15211   62 1006 6867.49687 6867.15211  0.01%   604 10610s
 10612  4751 6867.31467   84  997 6867.49687 6867.15996  0.00%   604 10616s
 10619  4756 6867.27152   65 1002 6867.49687 6867.16923  0.00%   603 10620s
 10626  4761 6867.17667   74  998 6867.49687 6867.17667  0.00%   603 10625s
 10632  4765 6867.18183   66  991 6867.49687 6867.18183  0.00%   603 10630s
 10637  4768 6867.39443   78 1001 6867.49687 6867.18541  0.00%   602 10635s
 10641  4771 6867.18936   60  994 6867.49687 6867.18936  0.00%   602 10641s
 10645  4773 6867.31570  108  983 6867.49687 6867.19176  0.00%   602 10645s
 10648  4775 6867.19343   78  984 6867.49687 6867.19343  0.00%   602 10651s
 10652  4778 6867.36489   84  996 6867.49687 6867.19549  0.00%   601 10656s
 10656  4781 6867.21386   66  984 6867.49687 6867.19743  0.00%   601 10660s
 10661  4784 6867.29427   64  984 6867.49687 6867.20189  0.00%   601 10665s
 10666  4787 6867.20397   59  988 6867.49687 6867.20397  0.00%   601 10670s
 10671  4791 6867.46232  149  987 6867.49687 6867.20597  0.00%   600 10675s
 10674  4793 6867.20771   76  998 6867.49687 6867.20771  0.00%   600 10680s
 10678  4795 6867.20953   79  999 6867.49687 6867.20953  0.00%   600 10685s
 10682  4798 6867.21104   91  985 6867.49687 6867.21104  0.00%   600 10690s
 10687  4801 6867.43482   75  992 6867.49687 6867.21214  0.00%   599 10696s
 10691  4804 6867.34367   72  993 6867.49687 6867.21361  0.00%   599 10700s
 10696  4807 6867.21404   63  984 6867.49687 6867.21404  0.00%   599 10706s
 10700  4810 6867.44533   58  987 6867.49687 6867.21448  0.00%   599 10710s
 10705  4813 6867.29018   81  981 6867.49687 6867.21525  0.00%   598 10715s
 10709  4816 6867.26001   73  977 6867.49687 6867.21615  0.00%   598 10720s
 10714  4819 6867.21786   78  987 6867.49687 6867.21786  0.00%   598 10726s
 10717  4821 6867.31137  116  987 6867.49687 6867.21794  0.00%   598 10730s
 10722  4825 6867.21930   65  994 6867.49687 6867.21930  0.00%   598 10736s
 10726  4827 6867.22184   74  981 6867.49687 6867.22184  0.00%   597 10741s
 10731  4831 6867.26177   67  985 6867.49687 6867.22388  0.00%   597 10746s
 10734  4833 6867.22529   70  970 6867.49687 6867.22529  0.00%   597 10750s
 10737  4835 6867.39443   78  973 6867.49687 6867.22637  0.00%   597 10755s
 10741  4837 6867.22682   60  979 6867.49687 6867.22682  0.00%   596 10760s
 10746  4841 6867.31424   75  988 6867.49687 6867.22768  0.00%   596 10765s
 10750  4843 6867.41391  106  990 6867.49687 6867.22768  0.00%   596 10770s
 10753  4845 6867.46756   72  983 6867.49687 6867.22802  0.00%   596 10775s
 10757  4848 6867.22849   78  980 6867.49687 6867.22849  0.00%   596 10780s
 10758  4849 6867.22849   55  980 6867.49687 6867.22849  0.00%   596 10785s
 10763  4854 6867.22849   92  733 6867.49687 6867.22849  0.00%   606 10790s
 10772  4860 6867.33990  150  872 6867.49687 6867.23308  0.00%   606 10795s
 10781  4866 6867.24443   74  847 6867.49687 6867.24443  0.00%   605 10800s
 10790  4872 6867.26233   58  836 6867.49687 6867.26233  0.00%   605 10805s
 10797  4876 6867.26688   66  840 6867.49687 6867.26688  0.00%   604 10810s
 10803  4880 6867.27214   57  836 6867.49687 6867.27214  0.00%   604 10815s
 10810  4885 6867.27837  173  829 6867.49687 6867.27837  0.00%   603 10820s
 10816  4889 6867.43990   91  816 6867.49687 6867.28346  0.00%   603 10825s
 10825  4895 6867.28985  136  811 6867.49687 6867.28985  0.00%   603 10830s
 10832  4900 6867.29480   66  823 6867.49687 6867.29480  0.00%   602 10836s
 10838  4904 6867.32186   62  816 6867.49687 6867.29667  0.00%   602 10840s
 10846  4909 6867.31424   75  803 6867.49687 6867.29957  0.00%   601 10845s
 10857  4916 6867.31234   78  776 6867.49687 6867.31234  0.00%   601 10850s
 10868  4924 6867.31984   55  757 6867.49687 6867.31984  0.00%   600 10855s
 10875  4928 6867.32156   83  756 6867.49687 6867.32156  0.00%   600 10860s
 10883  4934 6867.32618   91  751 6867.49687 6867.32618  0.00%   599 10865s
 10893  4940 6867.41198  100  753 6867.49687 6867.33597  0.00%   599 10870s
 10899  4944 6867.33886   67  716 6867.49687 6867.33886  0.00%   598 10875s
 10923  4963 6867.34661   79  246 6867.49687 6867.34661  0.00%   603 10880s

Cutting planes:
  Gomory: 2
  Implied bound: 2
  MIR: 4
  Flow cover: 19
  RLT: 3
  Relax-and-lift: 6
  BQP: 1

Explored 10964 nodes (6716536 simplex iterations) in 10880.65 seconds (11352.92 work units)
Thread count was 1 (of 52 available processors)

Solution count 10: 6867.5 6867.54 6867.54 ... 6868.64

Optimal solution found (tolerance 0.00e+00)
Best objective 6.867496867408e+03, best bound 6.867496867408e+03, gap 0.0000%

User-callback calls 1356931, time in user-callback 2.76 sec
Instance: data/CCRPData/50-100-3000-4.ccrp
Setting: BASE-MIX
Epsilon: 0.15
Dimension: 100
NumScenario: 3000
NumAggScenario: 3000
BasicNumScenario: 2426
NumBasicDomIneqs: 0
NumNonReDomIneqs: 0
NumEdge:        106379
NumBiEdge:      0
NumDomIneqs:    106379
DominanceRatio: 0.0236
MixingCuts: off
MixingScope: root
DominanceLazy: 0
TerminationStatus: OPTIMAL
PrimalStatus: FEASIBLE_POINT
RawStatus: Model was solved to optimality (subject to tolerances), and an optimal solution is available.
SolvingTime: 10880.654325008392
NodeCount: 10964
MixingCutsSubmitted: 0
ObjectiveValue: 6867.496867407761
ObjectiveBound: 6867.496867407761
RelativeGap: 0.0
