***************************************
*         SCIP-based CCP Solver       *
*                                     *
*    Wei Lv and Wei-Kun Chen (2024)   *
***************************************
/beegfs/home/30150120/SCIP-CCP/build/ccp -f data/CCMPPData/30-3000-4.ccmpp -s settings/CCMPPSetting/BASE+DI2.set 
SCIP version 9.1.0 [precision: 8 byte] [memory: block] [mode: optimized] [LP solver: Soplex 7.1.0] [GitHash: 8cab0278ba]
Copyright (c) 2002-2024 Zuse Institute Berlin (ZIB)

External libraries: 
  Soplex 7.1.0         Linear Programming Solver developed at Zuse Institute Berlin (soplex.zib.de) [GitHash: 595bfac9]
  CppAD 20180000.0     Algorithmic Differentiation of C++ algorithms developed by B. Bell (github.com/coin-or/CppAD)
  ZLIB 1.2.7           General purpose compression library by J. Gailly and M. Adler (zlib.net)
  GMP 6.2.1            GNU Multiple Precision Arithmetic Library developed by T. Granlund (gmplib.org)
  AMPL/MP 690e9e7      AMPL .nl file reader library (github.com/ampl/mp)
  PaPILO 2.3.0         parallel presolve for integer and linear optimization (github.com/scipopt/papilo) (built with TBB) [GitHash: 4b8ce6ed]
  Nauty 2.8.8          Computing Graph Automorphism Groups by Brendan D. McKay (users.cecs.anu.edu.au/~bdm/nauty)
  sassy 1.1            Symmetry preprocessor by Markus Anders (github.com/markusa4/sassy)

reading user parameter file <settings/CCMPPSetting/BASE+DI2.set>

read problem <data/CCMPPData/30-3000-4.ccmpp>
============

File name: 	data/CCMPPData/30-3000-4.ccmpp
Problem name:	CCMPPData/30-3000-4
Dimension: 	30
NumScenario: 	3000
ConfidenceParameter: 	0.20
IsEqualProbability: 	1
BASE+DI: 	1
BASE+sDI: 	0
BASE+DB: 	0
BASE+DB+OPF: 	0
Dominance and Aggregation Statistics......
NumEdge:        0
NumBiEdge: 	0
NumDomIneqs: 	0
DominanceRatio: 0.0000
NumAggScenario: 3000 
BasicNumScenario: 2994 
Dominance Inequalities Statistics......
NumBasicDomIneqs: 0
NumNonReDomIneqs: 0
Duration: 0.2100 s 

original problem has 3150 variables (3000 bin, 0 int, 0 impl, 150 cont) and 18122 constraints

solve problem
=============

presolving:
(round 1, fast)       10 del vars, 119 del conss, 0 add conss, 30 chg bounds, 0 chg sides, 0 chg coeffs, 0 upgd conss, 0 impls, 0 clqs
   (0.1s) running MILP presolver
   (0.1s) MILP presolver (3 rounds): 32 aggregations, 3 fixings, 9 bound changes
(round 2, medium)     45 del vars, 119 del conss, 0 add conss, 39 chg bounds, 0 chg sides, 0 chg coeffs, 0 upgd conss, 0 impls, 0 clqs
(round 3, fast)       45 del vars, 151 del conss, 0 add conss, 39 chg bounds, 0 chg sides, 0 chg coeffs, 0 upgd conss, 0 impls, 0 clqs
(round 4, exhaustive) 45 del vars, 151 del conss, 0 add conss, 39 chg bounds, 0 chg sides, 0 chg coeffs, 17885 upgd conss, 0 impls, 0 clqs
   (0.5s) probing: 1000/2994 (33.4%) - 0 fixings, 0 aggregations, 693 implications, 0 bound changes
   (0.5s) probing: 1001/2994 (33.4%) - 0 fixings, 0 aggregations, 694 implications, 0 bound changes
   (0.5s) probing aborted: 1000/1000 successive useless probings
   (0.6s) symmetry computation started: requiring (bin +, int +, cont +), (fixed: bin -, int -, cont -)
   Symmetry detection interrupted: constraints of type chancecons do not provide symmetry information.
   If symmetries shall be detected, implement the CONSGETPERMSYMGRAPH callback.
   (0.6s) could not compute symmetry
presolving (5 rounds: 5 fast, 3 medium, 2 exhaustive):
 45 deleted vars, 151 deleted constraints, 0 added constraints, 39 tightened bounds, 0 added holes, 0 changed sides, 0 changed coefficients
 18579 implications, 0 cliques
presolved problem has 3105 variables (2994 bin, 0 int, 0 impl, 111 cont) and 17971 constraints
      1 constraints of type <chancecons>
  17885 constraints of type <varbound>
      1 constraints of type <knapsack>
     84 constraints of type <linear>
Presolving Time: 0.54

 time | node  | left  |LP iter|LP it/n|mem/heur|mdpt |vars |cons |rows |cuts |sepa|confs|strbr|  dualbound   | primalbound  |  gap   | compl. 
p 0.6s|     1 |     0 |    57 |     - |   locks|   0 |3105 |  17k|  17k|   0 |  0 |   0 |   0 | 0.000000e+00 | 2.031557e+05 |    Inf | unknown
  2.2s|     1 |     0 |  5562 |     - |   272M |   0 |3105 |  17k|  17k|   0 |  0 |   0 |   0 | 1.920095e+05 | 2.031557e+05 |   5.81%| unknown
  2.8s|     1 |     0 |  5739 |     - |   274M |   0 |3105 |  17k|  18k|  40 |  1 |   0 |   0 | 1.922149e+05 | 2.031557e+05 |   5.69%| unknown
  3.2s|     1 |     0 |  5924 |     - |   276M |   0 |3105 |  17k|  18k|  86 |  2 |   0 |   0 | 1.923278e+05 | 2.031557e+05 |   5.63%| unknown
  3.5s|     1 |     0 |  6058 |     - |   279M |   0 |3105 |  17k|  18k| 136 |  3 |   0 |   0 | 1.924340e+05 | 2.031557e+05 |   5.57%| unknown
  4.0s|     1 |     0 |  6256 |     - |   282M |   0 |3105 |  17k|  18k| 184 |  4 |   0 |   0 | 1.926191e+05 | 2.031557e+05 |   5.47%| unknown
  4.5s|     1 |     0 |  6495 |     - |   285M |   0 |3105 |  17k|  18k| 229 |  5 |   0 |   0 | 1.927426e+05 | 2.031557e+05 |   5.40%| unknown
  4.8s|     1 |     0 |  6752 |     - |   287M |   0 |3105 |  17k|  18k| 279 |  6 |   0 |   0 | 1.928602e+05 | 2.031557e+05 |   5.34%| unknown
  5.5s|     1 |     0 |  6933 |     - |   289M |   0 |3105 |  17k|  18k| 326 |  7 |   0 |   0 | 1.929419e+05 | 2.031557e+05 |   5.29%| unknown
  6.1s|     1 |     0 |  7084 |     - |   292M |   0 |3105 |  17k|  18k| 376 |  8 |   0 |   0 | 1.930129e+05 | 2.031557e+05 |   5.26%| unknown
  6.7s|     1 |     0 |  7259 |     - |   294M |   0 |3105 |  17k|  18k| 425 |  9 |   0 |   0 | 1.930941e+05 | 2.031557e+05 |   5.21%| unknown
  7.3s|     1 |     0 |  7391 |     - |   296M |   0 |3105 |  17k|  18k| 468 | 10 |   0 |   0 | 1.931456e+05 | 2.031557e+05 |   5.18%| unknown
  7.7s|     1 |     0 |  7589 |     - |   298M |   0 |3105 |  17k|  18k| 514 | 11 |   0 |   0 | 1.932239e+05 | 2.031557e+05 |   5.14%| unknown
  8.0s|     1 |     0 |  7738 |     - |   300M |   0 |3105 |  17k|  18k| 560 | 12 |   0 |   0 | 1.932776e+05 | 2.031557e+05 |   5.11%| unknown
  8.3s|     1 |     0 |  7955 |     - |   303M |   0 |3105 |  17k|  18k| 613 | 13 |   0 |   0 | 1.933585e+05 | 2.031557e+05 |   5.07%| unknown
 time | node  | left  |LP iter|LP it/n|mem/heur|mdpt |vars |cons |rows |cuts |sepa|confs|strbr|  dualbound   | primalbound  |  gap   | compl. 
  8.7s|     1 |     0 |  8145 |     - |   306M |   0 |3105 |  17k|  18k| 665 | 14 |   0 |   0 | 1.934374e+05 | 2.031557e+05 |   5.02%| unknown
  9.0s|     1 |     0 |  8379 |     - |   308M |   0 |3105 |  17k|  18k| 713 | 15 |   0 |   0 | 1.935233e+05 | 2.031557e+05 |   4.98%| unknown
  9.4s|     1 |     0 |  8635 |     - |   310M |   0 |3105 |  17k|  18k| 762 | 16 |   0 |   0 | 1.935934e+05 | 2.031557e+05 |   4.94%| unknown
  9.8s|     1 |     0 |  8873 |     - |   312M |   0 |3105 |  17k|  18k| 811 | 17 |   0 |   0 | 1.936588e+05 | 2.031557e+05 |   4.90%| unknown
 10.1s|     1 |     0 |  9152 |     - |   315M |   0 |3105 |  17k|  18k| 872 | 18 |   0 |   0 | 1.937116e+05 | 2.031557e+05 |   4.88%| unknown
 10.5s|     1 |     0 |  9378 |     - |   317M |   0 |3105 |  17k|  18k| 918 | 19 |   0 |   0 | 1.937567e+05 | 2.031557e+05 |   4.85%| unknown
 10.9s|     1 |     0 |  9636 |     - |   320M |   0 |3105 |  17k|  18k| 971 | 20 |   0 |   0 | 1.938365e+05 | 2.031557e+05 |   4.81%| unknown
 11.3s|     1 |     0 |  9970 |     - |   322M |   0 |3105 |  17k|  18k|1024 | 21 |   0 |   0 | 1.938948e+05 | 2.031557e+05 |   4.78%| unknown
 11.7s|     1 |     0 | 10313 |     - |   322M |   0 |3105 |  17k|  18k|1081 | 22 |   0 |   0 | 1.939594e+05 | 2.031557e+05 |   4.74%| unknown
 12.2s|     1 |     0 | 10718 |     - |   323M |   0 |3105 |  17k|  19k|1133 | 23 |   0 |   0 | 1.940232e+05 | 2.031557e+05 |   4.71%| unknown
 12.7s|     1 |     0 | 11123 |     - |   323M |   0 |3105 |  17k|  19k|1207 | 24 |   0 |   0 | 1.940765e+05 | 2.031557e+05 |   4.68%| unknown
 13.2s|     1 |     0 | 11590 |     - |   324M |   0 |3105 |  17k|  19k|1272 | 25 |   0 |   0 | 1.941345e+05 | 2.031557e+05 |   4.65%| unknown
 13.7s|     1 |     0 | 12044 |     - |   324M |   0 |3105 |  17k|  19k|1343 | 26 |   0 |   0 | 1.941953e+05 | 2.031557e+05 |   4.61%| unknown
 14.2s|     1 |     0 | 12582 |     - |   326M |   0 |3105 |  17k|  19k|1411 | 27 |   0 |   0 | 1.942470e+05 | 2.031557e+05 |   4.59%| unknown
 14.7s|     1 |     0 | 13018 |     - |   327M |   0 |3105 |  17k|  19k|1487 | 28 |   0 |   0 | 1.942864e+05 | 2.031557e+05 |   4.57%| unknown
 time | node  | left  |LP iter|LP it/n|mem/heur|mdpt |vars |cons |rows |cuts |sepa|confs|strbr|  dualbound   | primalbound  |  gap   | compl. 
 15.2s|     1 |     0 | 13467 |     - |   327M |   0 |3105 |  17k|  19k|1550 | 29 |   0 |   0 | 1.943283e+05 | 2.031557e+05 |   4.54%| unknown
 15.8s|     1 |     0 | 14064 |     - |   328M |   0 |3105 |  17k|  19k|1612 | 30 |   0 |   0 | 1.943701e+05 | 2.031557e+05 |   4.52%| unknown
 16.4s|     1 |     0 | 14595 |     - |   328M |   0 |3105 |  17k|  19k|1681 | 31 |   0 |   0 | 1.944084e+05 | 2.031557e+05 |   4.50%| unknown
 17.0s|     1 |     0 | 15166 |     - |   328M |   0 |3105 |  17k|  19k|1755 | 32 |   0 |   0 | 1.944435e+05 | 2.031557e+05 |   4.48%| unknown
 17.7s|     1 |     0 | 15964 |     - |   329M |   0 |3105 |  17k|  19k|1822 | 33 |   0 |   0 | 1.944841e+05 | 2.031557e+05 |   4.46%| unknown
 18.4s|     1 |     0 | 16667 |     - |   331M |   0 |3105 |  17k|  19k|1900 | 34 |   0 |   0 | 1.945357e+05 | 2.031557e+05 |   4.43%| unknown
 19.0s|     1 |     0 | 17169 |     - |   331M |   0 |3105 |  17k|  19k|1957 | 35 |   0 |   0 | 1.945646e+05 | 2.031557e+05 |   4.42%| unknown
 19.6s|     1 |     0 | 17870 |     - |   333M |   0 |3105 |  17k|  19k|2031 | 36 |   0 |   0 | 1.946116e+05 | 2.031557e+05 |   4.39%| unknown
 20.3s|     1 |     0 | 18446 |     - |   333M |   0 |3105 |  17k|  19k|2106 | 37 |   0 |   0 | 1.946467e+05 | 2.031557e+05 |   4.37%| unknown
 20.9s|     1 |     0 | 19020 |     - |   333M |   0 |3105 |  17k|  19k|2173 | 38 |   0 |   0 | 1.946799e+05 | 2.031557e+05 |   4.35%| unknown
 21.5s|     1 |     0 | 19515 |     - |   334M |   0 |3105 |  17k|  19k|2238 | 39 |   0 |   0 | 1.947080e+05 | 2.031557e+05 |   4.34%| unknown
 22.2s|     1 |     0 | 20220 |     - |   335M |   0 |3105 |  17k|  19k|2300 | 40 |   0 |   0 | 1.947515e+05 | 2.031557e+05 |   4.32%| unknown
 23.0s|     1 |     0 | 20937 |     - |   336M |   0 |3105 |  17k|  19k|2375 | 41 |   0 |   0 | 1.947829e+05 | 2.031557e+05 |   4.30%| unknown
 23.8s|     1 |     0 | 21840 |     - |   336M |   0 |3105 |  17k|  19k|2439 | 42 |   0 |   0 | 1.948302e+05 | 2.031557e+05 |   4.27%| unknown
 24.6s|     1 |     0 | 22591 |     - |   337M |   0 |3105 |  17k|  20k|2513 | 43 |   0 |   0 | 1.948594e+05 | 2.031557e+05 |   4.26%| unknown
 time | node  | left  |LP iter|LP it/n|mem/heur|mdpt |vars |cons |rows |cuts |sepa|confs|strbr|  dualbound   | primalbound  |  gap   | compl. 
 25.6s|     1 |     0 | 23607 |     - |   338M |   0 |3105 |  17k|  19k|2592 | 44 |   0 |   0 | 1.949006e+05 | 2.031557e+05 |   4.24%| unknown
 26.4s|     1 |     0 | 24394 |     - |   339M |   0 |3105 |  17k|  20k|2685 | 45 |   0 |   0 | 1.949282e+05 | 2.031557e+05 |   4.22%| unknown
 27.4s|     1 |     0 | 25404 |     - |   339M |   0 |3105 |  17k|  20k|2774 | 46 |   0 |   0 | 1.949558e+05 | 2.031557e+05 |   4.21%| unknown
 28.3s|     1 |     0 | 26349 |     - |   341M |   0 |3105 |  17k|  20k|2866 | 47 |   0 |   0 | 1.949874e+05 | 2.031557e+05 |   4.19%| unknown
 29.3s|     1 |     0 | 27320 |     - |   342M |   0 |3105 |  17k|  20k|2945 | 48 |   0 |   0 | 1.950109e+05 | 2.031557e+05 |   4.18%| unknown
 30.0s|     1 |     0 | 27991 |     - |   344M |   0 |3105 |  17k|  20k|3011 | 49 |   0 |   0 | 1.950364e+05 | 2.031557e+05 |   4.16%| unknown
 30.9s|     1 |     0 | 28782 |     - |   345M |   0 |3105 |  17k|  20k|3073 | 50 |   0 |   0 | 1.950547e+05 | 2.031557e+05 |   4.15%| unknown
 31.9s|     1 |     0 | 29801 |     - |   345M |   0 |3105 |  17k|  20k|3132 | 51 |   0 |   0 | 1.950772e+05 | 2.031557e+05 |   4.14%| unknown
 33.0s|     1 |     0 | 31000 |     - |   346M |   0 |3105 |  17k|  20k|3194 | 52 |   0 |   0 | 1.951068e+05 | 2.031557e+05 |   4.13%| unknown
 34.3s|     1 |     0 | 32275 |     - |   348M |   0 |3105 |  17k|  20k|3279 | 53 |   0 |   0 | 1.951331e+05 | 2.031557e+05 |   4.11%| unknown
 35.5s|     1 |     0 | 33453 |     - |   348M |   0 |3105 |  17k|  20k|3380 | 54 |   0 |   0 | 1.951542e+05 | 2.031557e+05 |   4.10%| unknown
 36.7s|     1 |     0 | 34611 |     - |   349M |   0 |3105 |  17k|  20k|3458 | 55 |   0 |   0 | 1.951776e+05 | 2.031557e+05 |   4.09%| unknown
 38.0s|     1 |     0 | 35802 |     - |   349M |   0 |3105 |  17k|  20k|3527 | 56 |   0 |   0 | 1.952052e+05 | 2.031557e+05 |   4.07%| unknown
 39.2s|     1 |     0 | 36967 |     - |   349M |   0 |3105 |  17k|  20k|3594 | 57 |   0 |   0 | 1.952319e+05 | 2.031557e+05 |   4.06%| unknown
 40.6s|     1 |     0 | 38327 |     - |   349M |   0 |3105 |  17k|  20k|3681 | 58 |   0 |   0 | 1.952523e+05 | 2.031557e+05 |   4.05%| unknown
 time | node  | left  |LP iter|LP it/n|mem/heur|mdpt |vars |cons |rows |cuts |sepa|confs|strbr|  dualbound   | primalbound  |  gap   | compl. 
 42.0s|     1 |     0 | 39677 |     - |   351M |   0 |3105 |  17k|  20k|3749 | 59 |   0 |   0 | 1.952674e+05 | 2.031557e+05 |   4.04%| unknown
 44.1s|     1 |     0 | 41715 |     - |   352M |   0 |3105 |  17k|  20k|3828 | 60 |   0 |   0 | 1.952955e+05 | 2.031557e+05 |   4.02%| unknown
 46.0s|     1 |     0 | 43478 |     - |   353M |   0 |3105 |  17k|  20k|3911 | 61 |   0 |   0 | 1.953222e+05 | 2.031557e+05 |   4.01%| unknown
 48.2s|     1 |     0 | 45551 |     - |   353M |   0 |3105 |  17k|  20k|4016 | 62 |   0 |   0 | 1.953503e+05 | 2.031557e+05 |   4.00%| unknown
 50.6s|     1 |     0 | 47868 |     - |   354M |   0 |3105 |  17k|  20k|4099 | 63 |   0 |   0 | 1.953765e+05 | 2.031557e+05 |   3.98%| unknown
 52.9s|     1 |     0 | 49981 |     - |   355M |   0 |3105 |  17k|  20k|4187 | 64 |   0 |   0 | 1.954064e+05 | 2.031557e+05 |   3.97%| unknown
 55.0s|     1 |     0 | 51860 |     - |   356M |   0 |3105 |  17k|  20k|4265 | 65 |   0 |   0 | 1.954242e+05 | 2.031557e+05 |   3.96%| unknown
 57.5s|     1 |     0 | 54191 |     - |   360M |   0 |3105 |  17k|  20k|4324 | 66 |   0 |   0 | 1.954492e+05 | 2.031557e+05 |   3.94%| unknown
 59.6s|     1 |     0 | 55996 |     - |   360M |   0 |3105 |  17k|  21k|4394 | 67 |   0 |   0 | 1.954622e+05 | 2.031557e+05 |   3.94%| unknown
 62.0s|     1 |     0 | 58188 |     - |   361M |   0 |3105 |  17k|  20k|4480 | 68 |   0 |   0 | 1.954822e+05 | 2.031557e+05 |   3.93%| unknown
 64.3s|     1 |     0 | 60094 |     - |   361M |   0 |3105 |  17k|  20k|4557 | 69 |   0 |   0 | 1.955044e+05 | 2.031557e+05 |   3.91%| unknown
 66.1s|     1 |     0 | 61607 |     - |   362M |   0 |3105 |  17k|  20k|4640 | 70 |   0 |   0 | 1.955153e+05 | 2.031557e+05 |   3.91%| unknown
 68.6s|     1 |     0 | 63795 |     - |   363M |   0 |3105 |  17k|  21k|4715 | 71 |   0 |   0 | 1.955317e+05 | 2.031557e+05 |   3.90%| unknown
 71.7s|     1 |     0 | 66443 |     - |   363M |   0 |3105 |  17k|  21k|4803 | 72 |   0 |   0 | 1.955562e+05 | 2.031557e+05 |   3.89%| unknown
 74.3s|     1 |     0 | 68484 |     - |   364M |   0 |3105 |  17k|  21k|4885 | 73 |   0 |   0 | 1.955708e+05 | 2.031557e+05 |   3.88%| unknown
 time | node  | left  |LP iter|LP it/n|mem/heur|mdpt |vars |cons |rows |cuts |sepa|confs|strbr|  dualbound   | primalbound  |  gap   | compl. 
 76.9s|     1 |     0 | 70535 |     - |   365M |   0 |3105 |  17k|  21k|4948 | 74 |   0 |   0 | 1.955868e+05 | 2.031557e+05 |   3.87%| unknown
 79.7s|     1 |     0 | 72811 |     - |   366M |   0 |3105 |  17k|  21k|5019 | 75 |   0 |   0 | 1.956015e+05 | 2.031557e+05 |   3.86%| unknown
 82.5s|     1 |     0 | 74992 |     - |   366M |   0 |3105 |  17k|  21k|5118 | 76 |   0 |   0 | 1.956251e+05 | 2.031557e+05 |   3.85%| unknown
 85.6s|     1 |     0 | 77153 |     - |   367M |   0 |3105 |  17k|  21k|5197 | 77 |   0 |   0 | 1.956472e+05 | 2.031557e+05 |   3.84%| unknown
 91.9s|     1 |     0 | 81880 |     - |   367M |   0 |3105 |  17k|  21k|5273 | 78 |   0 |   0 | 1.956640e+05 | 2.031557e+05 |   3.83%| unknown
  101s|     1 |     0 | 88882 |     - |   368M |   0 |3105 |  17k|  21k|5349 | 79 |   0 |   0 | 1.956861e+05 | 2.031557e+05 |   3.82%| unknown
  109s|     1 |     0 | 94862 |     - |   369M |   0 |3105 |  17k|  21k|5439 | 80 |   0 |   0 | 1.956995e+05 | 2.031557e+05 |   3.81%| unknown
  115s|     1 |     0 | 99102 |     - |   369M |   0 |3105 |  17k|  21k|5515 | 81 |   0 |   0 | 1.957111e+05 | 2.031557e+05 |   3.80%| unknown
  121s|     1 |     0 |103553 |     - |   369M |   0 |3105 |  17k|  21k|5601 | 82 |   0 |   0 | 1.957190e+05 | 2.031557e+05 |   3.80%| unknown
  130s|     1 |     0 |109234 |     - |   369M |   0 |3105 |  17k|  21k|5682 | 83 |   0 |   0 | 1.957303e+05 | 2.031557e+05 |   3.79%| unknown
  141s|     1 |     0 |116761 |     - |   371M |   0 |3105 |  17k|  21k|5761 | 84 |   0 |   0 | 1.957486e+05 | 2.031557e+05 |   3.78%| unknown
  149s|     1 |     0 |122094 |     - |   371M |   0 |3105 |  17k|  21k|5844 | 85 |   0 |   0 | 1.957656e+05 | 2.031557e+05 |   3.78%| unknown
  159s|     1 |     0 |128621 |     - |   372M |   0 |3105 |  17k|  21k|5938 | 86 |   0 |   0 | 1.957794e+05 | 2.031557e+05 |   3.77%| unknown
  171s|     1 |     0 |136494 |     - |   372M |   0 |3105 |  17k|  21k|6015 | 87 |   0 |   0 | 1.957981e+05 | 2.031557e+05 |   3.76%| unknown
  182s|     1 |     0 |143649 |     - |   373M |   0 |3105 |  17k|  21k|6091 | 88 |   0 |   0 | 1.958080e+05 | 2.031557e+05 |   3.75%| unknown
 time | node  | left  |LP iter|LP it/n|mem/heur|mdpt |vars |cons |rows |cuts |sepa|confs|strbr|  dualbound   | primalbound  |  gap   | compl. 
  198s|     1 |     0 |153411 |     - |   374M |   0 |3105 |  17k|  21k|6198 | 89 |   0 |   0 | 1.958266e+05 | 2.031557e+05 |   3.74%| unknown
o 216s|     1 |     0 |176887 |     - |feaspump|   0 |3105 |  17k|  21k|6198 | 89 |   0 |   0 | 1.958266e+05 | 2.027107e+05 |   3.52%| unknown
  217s|     1 |     0 |176887 |     - |   375M |   0 |3105 |  17k|  21k|6198 | 89 |   0 |   0 | 1.958266e+05 | 2.027107e+05 |   3.52%| unknown
  228s|     1 |     0 |184121 |     - |   376M |   0 |3105 |  17k|  21k|6302 | 90 |   0 |   0 | 1.958433e+05 | 2.027107e+05 |   3.51%| unknown
  237s|     1 |     0 |189515 |     - |   376M |   0 |3105 |  17k|  21k|6355 | 91 |   0 |   0 | 1.958459e+05 | 2.027107e+05 |   3.51%| unknown
  290s|     1 |     2 |189515 |     - |   377M |   0 |3105 |  17k|  21k|6355 | 91 |   0 |  30 | 1.958460e+05 | 2.027107e+05 |   3.51%| unknown
d 355s|     4 |     5 |208237 |14119.7 |pscostdi|   2 |3105 |  17k|  20k|   0 |  1 |   0 |  92 | 1.958487e+05 | 2.024227e+05 |   3.36%| unknown
d 401s|     5 |     6 |228678 |15700.0 |pscostdi|   2 |3105 |  17k|  20k|   0 |  1 |   1 | 112 | 1.958487e+05 | 2.020727e+05 |   3.18%| unknown
d 492s|    10 |    11 |297580 |14633.6 |fracdivi|   3 |3105 |  17k|  20k|   0 |  1 |  26 | 345 | 1.958585e+05 | 2.019987e+05 |   3.14%| unknown
  797s|   100 |    95 |623136 |4618.8 |   391M |  37 |3105 |  18k|  20k|7260 |  1 | 179 | 770 | 1.958647e+05 | 2.019987e+05 |   3.13%| unknown
d 828s|   114 |   103 |703680 |4759.3 |linesear|  42 |3105 |  18k|  20k|   0 |  1 | 187 | 782 | 1.958647e+05 | 2.018634e+05 |   3.06%| unknown
d 845s|   119 |   106 |750046 |4950.6 |guideddi|  42 |3105 |  18k|  20k|   0 |  1 | 187 | 797 | 1.958647e+05 | 2.017664e+05 |   3.01%| unknown
d 886s|   130 |   113 |863576 |5408.5 |distribu|  44 |3105 |  18k|  20k|   0 |  1 | 189 | 845 | 1.958647e+05 | 2.017595e+05 |   3.01%| unknown
d 986s|   150 |   127 |988354 |5520.0 |conflict|  46 |3105 |  18k|  20k|   0 |  1 | 191 | 962 | 1.958654e+05 | 2.017373e+05 |   3.00%|  15.51%
d1092s|   170 |   147 |  1091k|5474.9 |distribu|  48 |3105 |  18k|  20k|   0 |  1 | 220 |1044 | 1.958750e+05 | 2.017254e+05 |   2.99%|  15.51%
 time | node  | left  |LP iter|LP it/n|mem/heur|mdpt |vars |cons |rows |cuts |sepa|confs|strbr|  dualbound   | primalbound  |  gap   | compl. 
 1206s|   200 |   175 |  1254k|5470.0 |   399M |  52 |3105 |  18k|  20k|9530 |  2 | 221 |1157 | 1.958781e+05 | 2.017254e+05 |   2.99%|  15.74%
d1222s|   210 |   173 |  1305k|5451.9 |veclendi|  54 |3105 |  18k|  20k|   0 |  1 | 221 |1170 | 1.958781e+05 | 2.015941e+05 |   2.92%|  15.81%
d1327s|   244 |   199 |  1486k|5436.1 |guideddi|  58 |3105 |  18k|  20k|   0 |  1 | 227 |1283 | 1.958818e+05 | 2.015901e+05 |   2.91%|  15.83%
d1363s|   260 |   163 |  1602k|5547.4 |pscostdi|  62 |3105 |  18k|  20k|   0 |  1 | 228 |1310 | 1.958818e+05 | 2.011064e+05 |   2.67%|  25.24%
d1531s|   300 |   199 |  1835k|5585.6 |guideddi|  66 |3105 |  18k|  20k|   0 |  1 | 467 |1865 | 1.958830e+05 | 2.011047e+05 |   2.67%|  25.25%
d1622s|   331 |   223 |  2019k|5617.7 |pscostdi|  68 |3105 |  18k|  20k|   0 |  1 | 469 |1940 | 1.958839e+05 | 2.010624e+05 |   2.64%|  25.71%
d1667s|   350 |   212 |  2072k|5463.7 |adaptive|  72 |3105 |  18k|  20k|   0 |  1 | 470 |2075 | 1.958839e+05 | 2.010094e+05 |   2.62%|  25.71%
d1764s|   393 |   232 |  2230k|5266.3 |adaptive|  75 |3105 |  18k|  20k|   0 |  1 | 511 |2293 | 1.958859e+05 | 2.009614e+05 |   2.59%|  25.73%
 1784s|   400 |   239 |  2282k|5304.5 |   405M |  75 |3105 |  18k|  20k|  12k|  1 | 511 |2312 | 1.958859e+05 | 2.009614e+05 |   2.59%|  25.73%
d2001s|   462 |   287 |  2606k|5293.9 |conflict|  82 |3105 |  18k|  20k|   0 |  1 | 517 |2522 | 1.958944e+05 | 2.009604e+05 |   2.59%|  25.73%
 2168s|   500 |   317 |  2848k|5375.2 |   407M |  84 |3105 |  18k|   0 |  13k|  0 | 521 |2686 | 1.958975e+05 | 2.009604e+05 |   2.58%|  25.95%
d2335s|   538 |   351 |  3016k|5309.1 |guideddi|  87 |3105 |  18k|  20k|   0 |  1 | 586 |3242 | 1.959028e+05 | 2.009591e+05 |   2.58%|  25.95%
 2465s|   600 |   411 |  3451k|5485.9 |   413M |  94 |3105 |  18k|  20k|  15k|  1 | 588 |3286 | 1.959028e+05 | 2.009591e+05 |   2.58%|  26.13%
r2487s|   610 |   400 |  3524k|5515.6 |ziroundi|  95 |3105 |  18k|  20k|  15k|  1 | 588 |3286 | 1.959028e+05 | 2.009391e+05 |   2.57%|  26.13%
d2585s|   667 |   437 |  3827k|5497.9 |linesear|  99 |3105 |  18k|  20k|   0 |  1 | 589 |3297 | 1.959028e+05 | 2.009307e+05 |   2.57%|  26.14%
 time | node  | left  |LP iter|LP it/n|mem/heur|mdpt |vars |cons |rows |cuts |sepa|confs|strbr|  dualbound   | primalbound  |  gap   | compl. 
d2636s|   687 |   375 |  4007k|5600.4 |distribu|  99 |3105 |  18k|  20k|   0 |  1 | 589 |3310 | 1.959028e+05 | 2.008714e+05 |   2.54%|  26.14%
 2659s|   700 |   388 |  4077k|5595.6 |   414M |  99 |3105 |  18k|  20k|  16k|  1 | 591 |3322 | 1.959028e+05 | 2.008714e+05 |   2.54%|  26.14%
 2832s|   800 |   448 |  4611k|5563.8 |   417M | 104 |3105 |  18k|  20k|  17k|  1 | 593 |3355 | 1.959028e+05 | 2.008714e+05 |   2.54%|  26.15%
d2901s|   833 |   464 |  4853k|5634.0 |veclendi| 107 |3105 |  18k|  21k|   0 |  1 | 593 |3357 | 1.959028e+05 | 2.008634e+05 |   2.53%|  26.15%
 3001s|   900 |   499 |  5121k|5512.7 |   418M | 116 |3105 |  18k|  20k|  19k|  1 | 602 |3432 | 1.959028e+05 | 2.008634e+05 |   2.53%|  26.16%
r3121s|   947 |   526 |  5386k|5518.3 |ziroundi| 118 |3105 |  18k|  21k|  19k|  1 | 603 |3494 | 1.959063e+05 | 2.008594e+05 |   2.53%|  26.16%
 3192s|  1000 |   559 |  5596k|5436.0 |   422M | 123 |3105 |  18k|  20k|  20k|  1 | 604 |3528 | 1.959063e+05 | 2.008594e+05 |   2.53%|  26.16%
r3246s|  1042 |   458 |  5765k|5379.6 |ziroundi| 125 |3105 |  18k|  21k|  20k|  1 | 604 |3545 | 1.959063e+05 | 2.008321e+05 |   2.51%|  26.17%
 3318s|  1100 |   482 |  5949k|5262.9 |   424M | 129 |3105 |  18k|  20k|  20k|  1 | 620 |3588 | 1.959063e+05 | 2.008321e+05 |   2.51%|  26.17%
d3364s|  1133 |   482 |  6095k|5238.4 |veclendi| 132 |3105 |  18k|  21k|   0 |  1 | 620 |3588 | 1.959063e+05 | 2.007981e+05 |   2.50%|  26.17%
r3405s|  1165 |   446 |  6210k|5192.7 |rounding| 133 |3105 |  18k|  20k|  21k|  0 | 621 |3603 | 1.959063e+05 | 2.007527e+05 |   2.47%|  26.17%
r3426s|  1174 |   437 |  6280k|5212.9 |rounding| 133 |3105 |  18k|  20k|  21k|  0 | 621 |3603 | 1.959063e+05 | 2.006637e+05 |   2.43%|  26.17%
r3462s|  1198 |   444 |  6380k|5191.7 |rounding| 133 |3105 |  18k|  20k|  21k|  0 | 621 |3624 | 1.959063e+05 | 2.006614e+05 |   2.43%|  26.17%
 3464s|  1200 |   446 |  6385k|5187.2 |   425M | 133 |3105 |  18k|  20k|  21k|  1 | 621 |3625 | 1.959063e+05 | 2.006614e+05 |   2.43%|  26.18%
d3604s|  1264 |   488 |  6676k|5154.7 |distribu| 133 |3105 |  18k|  21k|   0 |  1 | 646 |3888 | 1.959108e+05 | 2.006597e+05 |   2.42%|  26.18%
 time | node  | left  |LP iter|LP it/n|mem/heur|mdpt |vars |cons |rows |cuts |sepa|confs|strbr|  dualbound   | primalbound  |  gap   | compl. 
d3637s|  1279 |   481 |  6779k|5175.2 |adaptive| 133 |3105 |  18k|  20k|   0 |  1 | 646 |3889 | 1.959108e+05 | 2.006534e+05 |   2.42%|  26.32%
 3666s|  1300 |   494 |  6862k|5155.0 |   429M | 134 |3105 |  18k|  20k|  22k|  1 | 646 |3894 | 1.959108e+05 | 2.006534e+05 |   2.42%|  26.32%
 3884s|  1400 |   546 |  7354k|5138.3 |   430M | 138 |3105 |  18k|  21k|  23k|  1 | 650 |3973 | 1.959142e+05 | 2.006534e+05 |   2.42%|  26.33%
r3918s|  1411 |   521 |  7446k|5163.7 |rounding| 139 |3105 |  18k|  21k|  23k|  0 | 650 |3984 | 1.959142e+05 | 2.006507e+05 |   2.42%|  26.33%
d3941s|  1419 |   489 |  7513k|5181.8 |veclendi| 141 |3105 |  18k|  21k|   0 |  1 | 650 |3984 | 1.959142e+05 | 2.004857e+05 |   2.33%|  26.42%
r4059s|  1469 |   511 |  7829k|5220.4 |rounding| 143 |3105 |  18k|  21k|  24k|  0 | 655 |4020 | 1.959142e+05 | 2.004834e+05 |   2.33%|  26.43%
r4062s|  1473 |   511 |  7840k|5213.5 |rounding| 143 |3105 |  18k|  21k|  24k|  0 | 655 |4020 | 1.959142e+05 | 2.004807e+05 |   2.33%|  26.43%
r4063s|  1474 |   505 |  7844k|5213.0 |rounding| 143 |3105 |  18k|  21k|  24k|  0 | 655 |4020 | 1.959142e+05 | 2.004777e+05 |   2.33%|  26.43%
 4112s|  1500 |   523 |  7993k|5222.0 |   432M | 145 |3105 |  18k|  21k|  24k|  1 | 655 |4021 | 1.959142e+05 | 2.004777e+05 |   2.33%|  26.43%
r4123s|  1503 |   492 |  8024k|5232.4 |rounding| 145 |3105 |  18k|  21k|  24k|  1 | 655 |4021 | 1.959142e+05 | 2.003504e+05 |   2.26%|  26.43%
d4249s|  1556 |   516 |  8358k|5268.5 |adaptive| 149 |3105 |  18k|  21k|   0 |  1 | 657 |4068 | 1.959142e+05 | 2.003481e+05 |   2.26%|  26.43%
 4384s|  1600 |   548 |  8712k|5345.2 |   433M | 152 |3105 |  18k|  21k|  24k|  1 | 658 |4112 | 1.959142e+05 | 2.003481e+05 |   2.26%|  26.43%
d4510s|  1650 |   566 |  9049k|5387.5 |guideddi| 155 |3105 |  18k|  21k|   0 |  1 | 663 |4117 | 1.959142e+05 | 2.003411e+05 |   2.26%|  26.44%
 4649s|  1700 |   590 |  9258k|5351.8 |   434M | 156 |3105 |  18k|  21k|  25k|  1 | 665 |4233 | 1.959177e+05 | 2.003411e+05 |   2.26%|  26.44%
r4732s|  1779 |   586 |  9504k|5252.3 |rounding| 161 |3105 |  18k|  21k|  26k|  0 | 711 |4245 | 1.959177e+05 | 2.003401e+05 |   2.26%|  26.44%
 time | node  | left  |LP iter|LP it/n|mem/heur|mdpt |vars |cons |rows |cuts |sepa|confs|strbr|  dualbound   | primalbound  |  gap   | compl. 
 4775s|  1800 |   595 |  9621k|5255.8 |   443M | 161 |3105 |  18k|  21k|  26k|  1 | 711 |4250 | 1.959177e+05 | 2.003401e+05 |   2.26%|  26.44%
 4969s|  1900 |   633 | 10170k|5268.1 |   451M | 167 |3105 |  18k|  21k|  27k|  1 | 751 |4277 | 1.959177e+05 | 2.003401e+05 |   2.26%|  26.44%
L5189s|  1979 |   412 | 10730k|5341.3 |crossove| 172 |3105 |  18k|   0 |  27k|  0 | 792 |4361 | 1.959177e+05 | 2.001955e+05 |   2.18%|  31.10%
 5228s|  2000 |   425 | 10814k|5326.9 |   452M | 173 |3105 |  18k|  21k|  27k|  1 | 809 |4388 | 1.959177e+05 | 2.001955e+05 |   2.18%|  31.10%
 5602s|  2100 |   459 | 11159k|5237.6 |   464M | 176 |3105 |  18k|   0 |  28k|  0 | 921 |5226 | 1.959211e+05 | 2.001955e+05 |   2.18%|  32.59%
L5838s|  2179 |   145 | 11270k|5098.7 |    rins| 176 |3105 |  18k|  20k|  30k|  2 |1128 |5933 | 1.959231e+05 | 1.993884e+05 |   1.77%|  34.62%
 5893s|  2200 |   150 | 11283k|5055.7 |   481M | 176 |3105 |  18k|  20k|  30k|  1 |1157 |6149 | 1.959231e+05 | 1.993884e+05 |   1.77%|  34.76%
 6128s|  2300 |   164 | 11390k|4882.3 |   490M | 176 |3105 |  18k|  20k|  31k| 10 |1229 |7054 | 1.959231e+05 | 1.993884e+05 |   1.77%|  34.88%
L6236s|  2379 |   140 | 11494k|4763.9 |crossove| 176 |3105 |  18k|   0 |  32k|  0 |1347 |7375 | 1.959231e+05 | 1.992820e+05 |   1.71%|  34.88%
 6262s|  2400 |   145 | 11510k|4728.9 |   492M | 176 |3105 |  18k|  20k|  33k|  1 |1361 |7466 | 1.959231e+05 | 1.992820e+05 |   1.71%|  34.88%
 6385s|  2500 |   169 | 11655k|4597.7 |   497M | 176 |3105 |  18k|  20k|  34k|  1 |1394 |7631 | 1.959360e+05 | 1.992820e+05 |   1.71%|  34.91%
 6503s|  2600 |   193 | 11822k|4485.1 |   500M | 176 |3105 |  18k|  20k|  35k|  0 |1458 |7897 | 1.959360e+05 | 1.992820e+05 |   1.71%|  34.94%
L6564s|  2661 |   153 | 11920k|4419.2 |    rins| 176 |3105 |  18k|  21k|  36k|  2 |1530 |8050 | 1.959360e+05 | 1.991571e+05 |   1.64%|  35.09%
 6632s|  2700 |   160 | 11959k|4369.5 |   503M | 176 |3105 |  18k|  20k|  36k|  1 |1578 |8172 | 1.960269e+05 | 1.991571e+05 |   1.60%|  35.12%
 6712s|  2800 |   180 | 12057k|4248.6 |   505M | 176 |3105 |  18k|  21k|  38k|  3 |1718 |8428 | 1.960269e+05 | 1.991571e+05 |   1.60%|  35.12%
 time | node  | left  |LP iter|LP it/n|mem/heur|mdpt |vars |cons |rows |cuts |sepa|confs|strbr|  dualbound   | primalbound  |  gap   | compl. 
 6786s|  2900 |   200 | 12120k|4123.7 |   512M | 176 |3105 |  18k|  20k|  39k|  1 |1785 |8575 | 1.960299e+05 | 1.991571e+05 |   1.60%|  35.38%
 6819s|  3000 |   212 | 12163k|4000.6 |   514M | 176 |3105 |  18k|  21k|  40k|  1 |1838 |8645 | 1.960299e+05 | 1.991571e+05 |   1.60%|  35.38%
 6972s|  3100 |   234 | 12270k|3906.1 |   515M | 176 |3105 |  18k|  21k|  41k|  1 |1950 |9161 | 1.960299e+05 | 1.991571e+05 |   1.60%|  35.38%
Restart triggered after 50 consecutive estimations that the remaining tree will be large
(run 1, node 3124) performing user restart

(restart) converted 1392 cuts from the global cut pool into linear constraints

presolving:
(round 1, fast)       0 del vars, 2 del conss, 0 add conss, 70 chg bounds, 0 chg sides, 0 chg coeffs, 0 upgd conss, 18579 impls, 0 clqs
(round 2, fast)       0 del vars, 2 del conss, 0 add conss, 106 chg bounds, 0 chg sides, 0 chg coeffs, 0 upgd conss, 18579 impls, 0 clqs
presolving (3 rounds: 3 fast, 1 medium, 1 exhaustive):
 0 deleted vars, 3 deleted constraints, 0 added constraints, 118 tightened bounds, 0 added holes, 0 changed sides, 12 changed coefficients
 18579 implications, 0 cliques
presolved problem has 3105 variables (2994 bin, 0 int, 0 impl, 111 cont) and 19576 constraints
      1 constraints of type <chancecons>
  17885 constraints of type <varbound>
      1 constraints of type <knapsack>
   1497 constraints of type <linear>
     17 constraints of type <logicor>
    175 constraints of type <bounddisjunction>
Presolving Time: 0.62
transformed 62/62 original solutions to the transformed problem space

 time | node  | left  |LP iter|LP it/n|mem/heur|mdpt |vars |cons |rows |cuts |sepa|confs|strbr|  dualbound   | primalbound  |  gap   | compl. 
 7008s|     1 |     0 | 12316k|     - |   509M |   0 |3105 |  19k|  19k|   0 |  0 |1969 |9223 | 1.960299e+05 | 1.991571e+05 |   1.60%| unknown
 7009s|     1 |     0 | 12316k|     - |   510M |   0 |3105 |  19k|  19k|  43 |  1 |1969 |9223 | 1.960299e+05 | 1.991571e+05 |   1.60%| unknown
 7009s|     1 |     0 | 12317k|     - |   512M |   0 |3105 |  19k|  19k|  84 |  2 |1969 |9223 | 1.960299e+05 | 1.991571e+05 |   1.60%| unknown
 7010s|     1 |     0 | 12317k|     - |   515M |   0 |3105 |  19k|  19k| 129 |  3 |1969 |9223 | 1.960299e+05 | 1.991571e+05 |   1.60%| unknown
 7011s|     1 |     0 | 12318k|     - |   517M |   0 |3105 |  19k|  19k| 184 |  4 |1969 |9223 | 1.960299e+05 | 1.991571e+05 |   1.60%| unknown
 7011s|     1 |     0 | 12318k|     - |   519M |   0 |3105 |  19k|  19k| 229 |  5 |1969 |9223 | 1.960299e+05 | 1.991571e+05 |   1.60%| unknown
 7012s|     1 |     0 | 12319k|     - |   521M |   0 |3105 |  19k|  19k| 273 |  6 |1969 |9223 | 1.960299e+05 | 1.991571e+05 |   1.60%| unknown
 7012s|     1 |     0 | 12319k|     - |   522M |   0 |3105 |  19k|  19k| 328 |  7 |1969 |9223 | 1.960299e+05 | 1.991571e+05 |   1.60%| unknown
 7013s|     1 |     0 | 12320k|     - |   524M |   0 |3105 |  19k|  19k| 378 |  8 |1972 |9223 | 1.960299e+05 | 1.991571e+05 |   1.60%| unknown
 7013s|     1 |     0 | 12320k|     - |   526M |   0 |3105 |  19k|  19k| 427 |  9 |1973 |9223 | 1.960299e+05 | 1.991571e+05 |   1.60%| unknown
 7014s|     1 |     0 | 12321k|     - |   528M |   0 |3105 |  19k|  19k| 482 | 10 |1973 |9223 | 1.960299e+05 | 1.991571e+05 |   1.60%| unknown
 7015s|     1 |     0 | 12322k|     - |   530M |   0 |3105 |  19k|  19k| 541 | 11 |1973 |9223 | 1.960299e+05 | 1.991571e+05 |   1.60%| unknown
 7015s|     1 |     0 | 12323k|     - |   532M |   0 |3105 |  19k|  19k| 596 | 12 |1978 |9223 | 1.960299e+05 | 1.991571e+05 |   1.60%| unknown
 7016s|     1 |     0 | 12324k|     - |   534M |   0 |3105 |  19k|  20k| 648 | 13 |1978 |9223 | 1.960299e+05 | 1.991571e+05 |   1.60%| unknown
 7016s|     1 |     0 | 12324k|     - |   536M |   0 |3105 |  19k|  19k| 698 | 14 |1978 |9223 | 1.960299e+05 | 1.991571e+05 |   1.60%| unknown
 time | node  | left  |LP iter|LP it/n|mem/heur|mdpt |vars |cons |rows |cuts |sepa|confs|strbr|  dualbound   | primalbound  |  gap   | compl. 
 7017s|     1 |     0 | 12325k|     - |   538M |   0 |3105 |  19k|  19k| 744 | 15 |1978 |9223 | 1.960299e+05 | 1.991571e+05 |   1.60%| unknown
 7018s|     1 |     0 | 12326k|     - |   540M |   0 |3105 |  19k|  19k| 802 | 16 |1984 |9223 | 1.960299e+05 | 1.991571e+05 |   1.60%| unknown
 7018s|     1 |     0 | 12327k|     - |   542M |   0 |3105 |  19k|  19k| 848 | 17 |1992 |9223 | 1.960299e+05 | 1.991571e+05 |   1.60%| unknown
 7019s|     1 |     0 | 12327k|     - |   544M |   0 |3105 |  19k|  19k| 897 | 18 |1992 |9223 | 1.960299e+05 | 1.991571e+05 |   1.60%| unknown
 7020s|     1 |     0 | 12328k|     - |   546M |   0 |3105 |  19k|  19k| 955 | 19 |1992 |9223 | 1.960299e+05 | 1.991571e+05 |   1.60%| unknown
 7021s|     1 |     0 | 12330k|     - |   546M |   0 |3105 |  19k|  19k|1011 | 20 |1995 |9223 | 1.960299e+05 | 1.991571e+05 |   1.60%| unknown
 7022s|     1 |     0 | 12331k|     - |   546M |   0 |3105 |  19k|  19k|1058 | 21 |1998 |9223 | 1.960299e+05 | 1.991571e+05 |   1.60%| unknown
 7023s|     1 |     0 | 12333k|     - |   546M |   0 |3105 |  19k|  20k|1119 | 22 |1998 |9223 | 1.960299e+05 | 1.991571e+05 |   1.60%| unknown
 7023s|     1 |     0 | 12334k|     - |   546M |   0 |3105 |  19k|  20k|1180 | 23 |1998 |9223 | 1.960299e+05 | 1.991571e+05 |   1.60%| unknown
 7025s|     1 |     0 | 12335k|     - |   546M |   0 |3105 |  19k|  20k|1267 | 24 |1998 |9223 | 1.960299e+05 | 1.991571e+05 |   1.60%| unknown
 7026s|     1 |     0 | 12337k|     - |   546M |   0 |3105 |  19k|  20k|1350 | 25 |1998 |9223 | 1.960299e+05 | 1.991571e+05 |   1.60%| unknown
 7027s|     1 |     0 | 12340k|     - |   546M |   0 |3105 |  19k|  20k|1414 | 26 |1998 |9223 | 1.960299e+05 | 1.991571e+05 |   1.60%| unknown
 7029s|     1 |     0 | 12342k|     - |   546M |   0 |3105 |  19k|  20k|1482 | 27 |1998 |9223 | 1.960299e+05 | 1.991571e+05 |   1.60%| unknown
 7030s|     1 |     0 | 12343k|     - |   546M |   0 |3105 |  19k|  20k|1554 | 28 |1998 |9223 | 1.960299e+05 | 1.991571e+05 |   1.60%| unknown
 7031s|     1 |     0 | 12345k|     - |   546M |   0 |3105 |  19k|  20k|1623 | 29 |1998 |9223 | 1.960299e+05 | 1.991571e+05 |   1.60%| unknown
 time | node  | left  |LP iter|LP it/n|mem/heur|mdpt |vars |cons |rows |cuts |sepa|confs|strbr|  dualbound   | primalbound  |  gap   | compl. 
 7033s|     1 |     0 | 12347k|     - |   546M |   0 |3105 |  19k|  20k|1695 | 30 |1998 |9223 | 1.960299e+05 | 1.991571e+05 |   1.60%| unknown
 7035s|     1 |     0 | 12349k|     - |   546M |   0 |3105 |  19k|  20k|1781 | 31 |1998 |9223 | 1.960299e+05 | 1.991571e+05 |   1.60%| unknown
 7037s|     1 |     0 | 12352k|     - |   547M |   0 |3105 |  19k|  20k|1857 | 32 |1998 |9223 | 1.960299e+05 | 1.991571e+05 |   1.60%| unknown
 7039s|     1 |     0 | 12355k|     - |   547M |   0 |3105 |  19k|  20k|1930 | 33 |1998 |9223 | 1.960299e+05 | 1.991571e+05 |   1.60%| unknown
 7041s|     1 |     0 | 12358k|     - |   547M |   0 |3105 |  19k|  20k|1996 | 34 |1999 |9223 | 1.960299e+05 | 1.991571e+05 |   1.60%| unknown
 7043s|     1 |     0 | 12360k|     - |   547M |   0 |3105 |  19k|  20k|2072 | 35 |1999 |9223 | 1.960299e+05 | 1.991571e+05 |   1.60%| unknown
 7046s|     1 |     0 | 12364k|     - |   547M |   0 |3105 |  19k|  20k|2130 | 36 |2005 |9223 | 1.960299e+05 | 1.991571e+05 |   1.60%| unknown
 7049s|     1 |     0 | 12367k|     - |   548M |   0 |3105 |  19k|  20k|2182 | 37 |2005 |9223 | 1.960299e+05 | 1.991571e+05 |   1.60%| unknown
 7052s|     1 |     0 | 12371k|     - |   549M |   0 |3105 |  19k|  20k|2251 | 38 |2005 |9223 | 1.960299e+05 | 1.991571e+05 |   1.60%| unknown
 7055s|     1 |     0 | 12374k|     - |   549M |   0 |3105 |  19k|  20k|2345 | 39 |2013 |9223 | 1.960299e+05 | 1.991571e+05 |   1.60%| unknown
 7059s|     1 |     0 | 12379k|     - |   549M |   0 |3105 |  19k|  20k|2422 | 40 |2021 |9223 | 1.960299e+05 | 1.991571e+05 |   1.60%| unknown
 7063s|     1 |     0 | 12384k|     - |   549M |   0 |3105 |  19k|  20k|2513 | 41 |2021 |9223 | 1.960299e+05 | 1.991571e+05 |   1.60%| unknown
 7069s|     1 |     0 | 12390k|     - |   549M |   0 |3105 |  19k|  20k|2593 | 42 |2021 |9223 | 1.960299e+05 | 1.991571e+05 |   1.60%| unknown
 7074s|     1 |     0 | 12396k|     - |   550M |   0 |3105 |  19k|  21k|2673 | 43 |2021 |9223 | 1.960299e+05 | 1.991571e+05 |   1.60%| unknown
 7080s|     1 |     0 | 12402k|     - |   550M |   0 |3105 |  19k|  20k|2755 | 44 |2021 |9223 | 1.960299e+05 | 1.991571e+05 |   1.60%| unknown
 time | node  | left  |LP iter|LP it/n|mem/heur|mdpt |vars |cons |rows |cuts |sepa|confs|strbr|  dualbound   | primalbound  |  gap   | compl. 
 7088s|     1 |     0 | 12410k|     - |   551M |   0 |3105 |  19k|  20k|2841 | 45 |2023 |9223 | 1.960299e+05 | 1.991571e+05 |   1.60%| unknown
 7095s|     1 |     0 | 12417k|     - |   551M |   0 |3105 |  19k|  21k|2923 | 46 |2023 |9223 | 1.960299e+05 | 1.991571e+05 |   1.60%| unknown
 7101s|     1 |     0 | 12423k|     - |   551M |   0 |3105 |  19k|  21k|2990 | 47 |2023 |9223 | 1.960299e+05 | 1.991571e+05 |   1.60%| unknown
 7107s|     1 |     0 | 12429k|     - |   551M |   0 |3105 |  19k|  21k|3049 | 48 |2030 |9223 | 1.960299e+05 | 1.991571e+05 |   1.60%| unknown
 7115s|     1 |     0 | 12436k|     - |   551M |   0 |3105 |  19k|  21k|3101 | 49 |2030 |9223 | 1.960299e+05 | 1.991571e+05 |   1.60%| unknown
 7123s|     1 |     0 | 12443k|     - |   551M |   0 |3105 |  19k|  21k|3160 | 50 |2030 |9223 | 1.960299e+05 | 1.991571e+05 |   1.60%| unknown
 7131s|     1 |     0 | 12450k|     - |   552M |   0 |3105 |  19k|  21k|3218 | 51 |2040 |9223 | 1.960299e+05 | 1.991571e+05 |   1.60%| unknown
 7138s|     1 |     0 | 12457k|     - |   552M |   0 |3105 |  19k|  21k|3288 | 52 |2040 |9223 | 1.960299e+05 | 1.991571e+05 |   1.60%| unknown
 7145s|     1 |     0 | 12463k|     - |   552M |   0 |3105 |  19k|  21k|3345 | 53 |2040 |9223 | 1.960299e+05 | 1.991571e+05 |   1.60%| unknown
 7153s|     1 |     0 | 12469k|     - |   553M |   0 |3105 |  19k|  21k|3431 | 54 |2040 |9223 | 1.960299e+05 | 1.991571e+05 |   1.60%| unknown
 7164s|     1 |     0 | 12478k|     - |   553M |   0 |3105 |  19k|  21k|3499 | 55 |2040 |9223 | 1.960299e+05 | 1.991571e+05 |   1.60%| unknown
 7173s|     1 |     0 | 12486k|     - |   553M |   0 |3105 |  19k|  21k|3571 | 56 |2040 |9223 | 1.960299e+05 | 1.991571e+05 |   1.60%| unknown
 7183s|     1 |     0 | 12494k|     - |   554M |   0 |3105 |  19k|  21k|3631 | 57 |2043 |9223 | 1.960299e+05 | 1.991571e+05 |   1.60%| unknown
 7196s|     1 |     0 | 12503k|     - |   556M |   0 |3105 |  19k|  21k|3689 | 58 |2043 |9223 | 1.960299e+05 | 1.991571e+05 |   1.60%| unknown
 7208s|     1 |     0 | 12512k|     - |   556M |   0 |3105 |  19k|  21k|3755 | 59 |2043 |9223 | 1.960299e+05 | 1.991571e+05 |   1.60%| unknown
 time | node  | left  |LP iter|LP it/n|mem/heur|mdpt |vars |cons |rows |cuts |sepa|confs|strbr|  dualbound   | primalbound  |  gap   | compl. 
 7223s|     1 |     0 | 12522k|     - |   557M |   0 |3105 |  19k|  21k|3830 | 60 |2043 |9223 | 1.960299e+05 | 1.991571e+05 |   1.60%| unknown
 7235s|     1 |     0 | 12530k|     - |   558M |   0 |3105 |  19k|  21k|3889 | 61 |2043 |9223 | 1.960299e+05 | 1.991571e+05 |   1.60%| unknown
 7252s|     1 |     0 | 12541k|     - |   558M |   0 |3105 |  19k|  21k|3964 | 62 |2043 |9223 | 1.960299e+05 | 1.991571e+05 |   1.60%| unknown
 7267s|     1 |     0 | 12551k|     - |   558M |   0 |3105 |  19k|  21k|4034 | 63 |2043 |9223 | 1.960299e+05 | 1.991571e+05 |   1.60%| unknown
 7283s|     1 |     0 | 12561k|     - |   558M |   0 |3105 |  19k|  21k|4124 | 64 |2053 |9223 | 1.960299e+05 | 1.991571e+05 |   1.60%| unknown
 7295s|     1 |     0 | 12569k|     - |   560M |   0 |3105 |  19k|  21k|4210 | 65 |2053 |9223 | 1.960299e+05 | 1.991571e+05 |   1.60%| unknown
 7312s|     1 |     0 | 12580k|     - |   560M |   0 |3105 |  19k|  21k|4275 | 66 |2053 |9223 | 1.960299e+05 | 1.991571e+05 |   1.60%| unknown
 7331s|     1 |     0 | 12590k|     - |   560M |   0 |3105 |  19k|  21k|4346 | 67 |2062 |9223 | 1.960299e+05 | 1.991571e+05 |   1.60%| unknown
 7351s|     1 |     0 | 12601k|     - |   560M |   0 |3105 |  19k|  21k|4437 | 68 |2062 |9223 | 1.960299e+05 | 1.991571e+05 |   1.60%| unknown
 7370s|     1 |     0 | 12611k|     - |   560M |   0 |3105 |  19k|  21k|4525 | 69 |2062 |9223 | 1.960299e+05 | 1.991571e+05 |   1.60%| unknown
 7389s|     1 |     0 | 12621k|     - |   561M |   0 |3105 |  19k|  21k|4596 | 70 |2062 |9223 | 1.960299e+05 | 1.991571e+05 |   1.60%| unknown
 7409s|     1 |     0 | 12632k|     - |   562M |   0 |3105 |  19k|  21k|4660 | 71 |2062 |9223 | 1.960299e+05 | 1.991571e+05 |   1.60%| unknown
 7430s|     1 |     0 | 12642k|     - |   562M |   0 |3105 |  19k|  21k|4729 | 72 |2062 |9223 | 1.960299e+05 | 1.991571e+05 |   1.60%| unknown
 7451s|     1 |     0 | 12653k|     - |   563M |   0 |3105 |  19k|  21k|4809 | 73 |2062 |9223 | 1.960299e+05 | 1.991571e+05 |   1.60%| unknown
 7470s|     1 |     0 | 12663k|     - |   563M |   0 |3105 |  19k|  21k|4886 | 74 |2062 |9223 | 1.960299e+05 | 1.991571e+05 |   1.60%| unknown
 time | node  | left  |LP iter|LP it/n|mem/heur|mdpt |vars |cons |rows |cuts |sepa|confs|strbr|  dualbound   | primalbound  |  gap   | compl. 
 7626s|     1 |     2 | 12686k|     - |   563M |   0 |3105 |  19k|  21k|4886 | 74 |2062 |9289 | 1.960299e+05 | 1.991571e+05 |   1.60%| unknown
 8919s|   100 |    73 | 13149k|3917.3 |   572M |  41 |3105 |  19k|  20k|6378 |  1 |2697 |  11k| 1.960299e+05 | 1.991571e+05 |   1.60%|  50.00%
 9345s|   200 |   103 | 13386k|3870.8 |   590M |  58 |3105 |  19k|  21k|7590 |  1 |2997 |  13k| 1.960299e+05 | 1.991571e+05 |   1.60%|  52.36%
 9471s|   300 |   125 | 13542k|3803.4 |   591M |  71 |3105 |  19k|  21k|8434 |  1 |3095 |  13k| 1.960299e+05 | 1.991571e+05 |   1.60%|  52.36%
 9553s|   400 |   143 | 13663k|3729.7 |   592M |  79 |3105 |  19k|  21k|9073 |  0 |3224 |  13k| 1.960299e+05 | 1.991571e+05 |   1.60%|  52.37%
 9778s|   500 |   161 | 13814k|3668.4 |   595M |  91 |3105 |  19k|  20k|9931 |  2 |3386 |  13k| 1.960299e+05 | 1.991571e+05 |   1.60%|  53.49%
 9997s|   600 |   179 | 13962k|3609.6 |   597M |  95 |3105 |  19k|  21k|  10k|  1 |3467 |  14k| 1.960299e+05 | 1.991571e+05 |   1.60%|  53.65%
  167m|   700 |   197 | 14042k|3536.1 |   598M | 104 |3105 |  19k|   0 |  11k|  0 |3526 |  14k| 1.960299e+05 | 1.991571e+05 |   1.60%|  53.65%
  169m|   800 |   215 | 14134k|3469.4 |   600M | 115 |3105 |  19k|  21k|  12k|  1 |3659 |  14k| 1.960299e+05 | 1.991571e+05 |   1.60%|  53.65%
  172m|   900 |   253 | 14272k|3417.5 |   602M | 124 |3105 |  19k|  21k|  12k|  1 |4116 |  14k| 1.960350e+05 | 1.991571e+05 |   1.59%|  53.70%
  174m|  1000 |   277 | 14350k|3353.7 |   612M | 129 |3105 |  19k|  20k|  13k|  1 |4421 |  15k| 1.960538e+05 | 1.991571e+05 |   1.58%|  54.00%
  176m|  1100 |   303 | 14524k|3315.2 |   614M | 129 |3105 |  19k|  21k|  13k|  1 |4599 |  15k| 1.960538e+05 | 1.991571e+05 |   1.58%|  54.00%
  179m|  1200 |   337 | 14658k|3269.7 |   616M | 133 |3105 |  19k|  21k|  14k|  0 |4778 |  15k| 1.960704e+05 | 1.991571e+05 |   1.57%|  54.17%
  180m|  1300 |   365 | 14775k|3222.3 |   618M | 136 |3105 |  19k|  21k|  14k|  2 |4909 |  16k| 1.960704e+05 | 1.991571e+05 |   1.57%|  54.17%
  181m|  1400 |   389 | 14880k|3174.2 |   619M | 137 |3105 |  19k|  21k|  15k|  1 |5032 |  16k| 1.960704e+05 | 1.991571e+05 |   1.57%|  54.17%
 time | node  | left  |LP iter|LP it/n|mem/heur|mdpt |vars |cons |rows |cuts |sepa|confs|strbr|  dualbound   | primalbound  |  gap   | compl. 
  183m|  1500 |   407 | 14977k|3126.5 |   623M | 141 |3105 |  19k|   0 |  15k|  0 |5180 |  16k| 1.960725e+05 | 1.991571e+05 |   1.57%|  56.47%
  184m|  1600 |   423 | 15037k|3073.1 |   624M | 141 |3105 |  19k|   0 |  15k|  0 |5325 |  16k| 1.960725e+05 | 1.991571e+05 |   1.57%|  56.47%
  186m|  1700 |   451 | 15143k|3031.2 |   625M | 141 |3105 |  19k|  21k|  16k|  1 |5479 |  16k| 1.960725e+05 | 1.991571e+05 |   1.57%|  56.47%
  187m|  1800 |   465 | 15223k|2985.9 |   626M | 143 |3105 |  19k|   0 |  16k|  0 |5620 |  16k| 1.960725e+05 | 1.991571e+05 |   1.57%|  56.47%
  188m|  1900 |   489 | 15316k|2945.0 |   627M | 144 |3105 |  19k|   0 |  16k|  0 |5741 |  17k| 1.960725e+05 | 1.991571e+05 |   1.57%|  56.47%
  191m|  2000 |   511 | 15496k|2922.6 |   628M | 144 |3105 |  19k|   0 |  17k|  0 |5851 |  17k| 1.960997e+05 | 1.991571e+05 |   1.56%|  56.75%
  192m|  2100 |   527 | 15598k|2886.2 |   629M | 144 |3105 |  19k|   0 |  17k|  0 |5907 |  17k| 1.960997e+05 | 1.991571e+05 |   1.56%|  56.75%
  194m|  2200 |   557 | 15764k|2863.3 |   630M | 144 |3105 |  19k|  21k|  17k|  1 |6204 |  17k| 1.961042e+05 | 1.991571e+05 |   1.56%|  56.79%
  195m|  2300 |   573 | 15869k|2829.8 |   630M | 144 |3105 |  19k|  21k|  18k|  0 |6289 |  17k| 1.961042e+05 | 1.991571e+05 |   1.56%|  56.79%
  196m|  2400 |   599 | 15950k|2793.2 |   632M | 145 |3105 |  19k|   0 |  18k|  0 |6438 |  17k| 1.961042e+05 | 1.991571e+05 |   1.56%|  56.79%
  197m|  2500 |   619 | 16031k|2758.0 |   632M | 145 |3105 |  19k|  21k|  18k|  0 |6517 |  17k| 1.961042e+05 | 1.991571e+05 |   1.56%|  56.79%
  199m|  2600 |   647 | 16187k|2737.0 |   633M | 145 |3105 |  19k|  21k|  19k|  0 |6771 |  17k| 1.961205e+05 | 1.991571e+05 |   1.55%|  56.96%
  200m|  2700 |   667 | 16286k|2707.0 |   634M | 145 |3105 |  19k|  21k|  19k|  2 |6833 |  17k| 1.961205e+05 | 1.991571e+05 |   1.55%|  56.96%
  202m|  2800 |   695 | 16431k|2685.8 |   637M | 145 |3105 |  19k|   0 |  19k|  0 |7111 |  17k| 1.961209e+05 | 1.991571e+05 |   1.55%|  56.96%
  203m|  2900 |   717 | 16538k|2659.0 |   638M | 145 |3105 |  19k|  21k|  20k|  0 |7285 |  17k| 1.961209e+05 | 1.991571e+05 |   1.55%|  56.96%
 time | node  | left  |LP iter|LP it/n|mem/heur|mdpt |vars |cons |rows |cuts |sepa|confs|strbr|  dualbound   | primalbound  |  gap   | compl. 
  205m|  3000 |   753 | 16653k|2634.3 |   639M | 151 |3105 |  19k|  21k|  20k|  1 |7379 |  17k| 1.961209e+05 | 1.991571e+05 |   1.55%|  56.96%
  206m|  3100 |   785 | 16753k|2608.0 |   640M | 151 |3105 |  19k|  21k|  20k|  2 |7469 |  17k| 1.961209e+05 | 1.991571e+05 |   1.55%|  56.96%
  207m|  3200 |   805 | 16810k|2575.9 |   642M | 153 |3105 |  19k|  21k|  20k|  1 |7590 |  17k| 1.961209e+05 | 1.991571e+05 |   1.55%|  56.96%
  209m|  3300 |   825 | 16934k|2555.0 |   644M | 155 |3105 |  19k|  20k|  21k|  1 |7732 |  17k| 1.961336e+05 | 1.991571e+05 |   1.54%|  57.09%
  212m|  3400 |   855 | 17179k|2553.4 |   644M | 155 |3105 |  19k|  21k|  21k|  0 |7766 |  17k| 1.961353e+05 | 1.991571e+05 |   1.54%|  57.11%
  214m|  3500 |   875 | 17303k|2533.5 |   645M | 155 |3105 |  19k|  21k|  22k|  2 |7809 |  18k| 1.961353e+05 | 1.991571e+05 |   1.54%|  57.11%
  215m|  3600 |   895 | 17383k|2507.8 |   647M | 155 |3105 |  19k|  21k|  22k|  2 |7957 |  18k| 1.961353e+05 | 1.991571e+05 |   1.54%|  57.11%
  218m|  3700 |   919 | 17567k|2497.9 |   648M | 155 |3105 |  19k|  21k|  22k|  1 |8084 |  18k| 1.961366e+05 | 1.991571e+05 |   1.54%|  57.12%
  220m|  3800 |   939 | 17718k|2483.7 |   653M | 160 |3105 |  19k|  21k|  23k|  1 |8131 |  18k| 1.961392e+05 | 1.991571e+05 |   1.54%|  57.15%
  221m|  3900 |   955 | 17799k|2459.9 |   653M | 160 |3105 |  19k|  21k|  23k|  1 |8232 |  18k| 1.961392e+05 | 1.991571e+05 |   1.54%|  57.15%
  222m|  4000 |   967 | 17871k|2435.5 |   654M | 160 |3105 |  19k|  21k|  23k|  1 |8281 |  18k| 1.961392e+05 | 1.991571e+05 |   1.54%|  57.15%
  223m|  4100 |   985 | 17954k|2413.2 |   655M | 160 |3105 |  19k|  21k|  24k|  2 |8409 |  18k| 1.961392e+05 | 1.991571e+05 |   1.54%|  57.15%
  225m|  4200 |  1011 | 18106k|2401.1 |   657M | 160 |3105 |  19k|   0 |  24k|  0 |8587 |  18k| 1.961392e+05 | 1.991571e+05 |   1.54%|  57.15%
L 225m|  4231 |   701 | 18138k|2395.3 |    rins| 160 |3105 |  19k|  21k|  24k|  2 |8613 |  18k| 1.961392e+05 | 1.990704e+05 |   1.49%|  57.15%
  227m|  4300 |   718 | 18225k|2384.7 |   658M | 160 |3105 |  19k|   0 |  24k|  0 |8705 |  18k| 1.961403e+05 | 1.990704e+05 |   1.49%|  57.16%
 time | node  | left  |LP iter|LP it/n|mem/heur|mdpt |vars |cons |rows |cuts |sepa|confs|strbr|  dualbound   | primalbound  |  gap   | compl. 
  228m|  4400 |   740 | 18318k|2365.3 |   667M | 167 |3105 |  19k|  21k|  25k|  1 |8756 |  18k| 1.961403e+05 | 1.990704e+05 |   1.49%|  57.16%
  229m|  4500 |   760 | 18365k|2340.5 |   678M | 182 |3105 |  19k|  21k|  25k|  0 |8806 |  18k| 1.961403e+05 | 1.990704e+05 |   1.49%|  57.16%
  231m|  4600 |   778 | 18469k|2323.7 |   686M | 190 |3105 |  19k|   0 |  25k|  0 |8841 |  19k| 1.961403e+05 | 1.990704e+05 |   1.49%|  57.18%
  232m|  4700 |   802 | 18641k|2315.9 |   687M | 190 |3105 |  19k|  21k|  25k|  1 |8895 |  19k| 1.961475e+05 | 1.990704e+05 |   1.49%|  57.20%
  233m|  4800 |   824 | 18714k|2295.9 |   694M | 190 |3105 |  19k|  21k|  26k|  1 |8959 |  19k| 1.961475e+05 | 1.990704e+05 |   1.49%|  57.20%
L 234m|  4831 |   732 | 18729k|2288.9 |crossove| 190 |3105 |  19k|  21k|  26k|  1 |8990 |  19k| 1.961475e+05 | 1.990324e+05 |   1.47%|  57.20%
  234m|  4900 |   743 | 18761k|2273.2 |   701M | 190 |3105 |  19k|  21k|  26k|  1 |9021 |  19k| 1.961475e+05 | 1.990324e+05 |   1.47%|  57.20%
  235m|  5000 |   767 | 18817k|2252.0 |   707M | 190 |3105 |  19k|  21k|  26k|  0 |9056 |  19k| 1.961475e+05 | 1.990324e+05 |   1.47%|  57.20%
  235m|  5100 |   781 | 18833k|2226.7 |   707M | 191 |3105 |  19k|  21k|  27k|  0 |9078 |  19k| 1.961475e+05 | 1.990324e+05 |   1.47%|  57.20%
  235m|  5200 |   797 | 18855k|2202.6 |   708M | 193 |3105 |  19k|   0 |  27k|  0 |9104 |  19k| 1.961475e+05 | 1.990324e+05 |   1.47%|  57.20%
  235m|  5300 |   813 | 18873k|2178.5 |   709M | 193 |3105 |  19k|  21k|  27k|  0 |9119 |  19k| 1.961475e+05 | 1.990324e+05 |   1.47%|  57.20%
  238m|  5400 |   847 | 19138k|2184.1 |   713M | 203 |3105 |  19k|  21k|  28k|  1 |9157 |  19k| 1.961555e+05 | 1.990324e+05 |   1.47%|  57.21%
  239m|  5500 |   861 | 19182k|2163.8 |   713M | 203 |3105 |  19k|  21k|  28k|  0 |9248 |  19k| 1.961555e+05 | 1.990324e+05 |   1.47%|  57.21%

SCIP Status        : solving was interrupted [time limit reached]
Solving Time (sec) : 14400.00
Solving Nodes      : 5555 (total of 8679 nodes in 2 runs)
Primal Bound       : +1.99032418000000e+05 (76 solutions)
Dual Bound         : +1.96156076069707e+05
Gap                : 1.47 %

primal solution (original space):
=================================

objective value:                           199032.418
z#0                                                 1 	(obj:0)
z#5                                                 1 	(obj:0)
z#6                                                 1 	(obj:0)
z#8                                                 1 	(obj:0)
z#9                                                 1 	(obj:0)
z#16                                                1 	(obj:0)
z#17                                 1.00000000000006 	(obj:0)
z#25                                                1 	(obj:0)
z#28                                                1 	(obj:0)
z#29                                                1 	(obj:0)
z#33                                                1 	(obj:0)
z#34                                                1 	(obj:0)
z#45                                                1 	(obj:0)
z#51                                                1 	(obj:0)
z#52                                                1 	(obj:0)
z#63                                                1 	(obj:0)
z#74                                                1 	(obj:0)
z#76                                                1 	(obj:0)
z#79                                                1 	(obj:0)
z#87                                                1 	(obj:0)
z#94                                                1 	(obj:0)
z#96                                                1 	(obj:0)
z#101                                               1 	(obj:0)
z#113                                               1 	(obj:0)
z#121                                               1 	(obj:0)
z#125                               0.999999999999998 	(obj:0)
z#127                                               1 	(obj:0)
z#132                                               1 	(obj:0)
z#133                                               1 	(obj:0)
z#135                                               1 	(obj:0)
z#147                                               1 	(obj:0)
z#154                                               1 	(obj:0)
z#156                                               1 	(obj:0)
z#157                                               1 	(obj:0)
z#161                                               1 	(obj:0)
z#165                                               1 	(obj:0)
z#173                                               1 	(obj:0)
z#176                                               1 	(obj:0)
z#177                                               1 	(obj:0)
z#187                                               1 	(obj:0)
z#189                                               1 	(obj:0)
z#190                                               1 	(obj:0)
z#191                                               1 	(obj:0)
z#206                                               1 	(obj:0)
z#209                                1.00000000000003 	(obj:0)
z#210                                               1 	(obj:0)
z#219                                               1 	(obj:0)
z#224                                1.00000015186818 	(obj:0)
z#225                                               1 	(obj:0)
z#231                                               1 	(obj:0)
z#233                                               1 	(obj:0)
z#236                                               1 	(obj:0)
z#239                                               1 	(obj:0)
z#246                               0.999999999980901 	(obj:0)
z#247                                               1 	(obj:0)
z#253                                               1 	(obj:0)
z#266                                               1 	(obj:0)
z#268                                               1 	(obj:0)
z#279                                               1 	(obj:0)
z#283                                               1 	(obj:0)
z#284                                               1 	(obj:0)
z#290                                1.00000000000005 	(obj:0)
z#294                                               1 	(obj:0)
z#295                                               1 	(obj:0)
z#297                                               1 	(obj:0)
z#300                                               1 	(obj:0)
z#303                                               1 	(obj:0)
z#313                                               1 	(obj:0)
z#319                                               1 	(obj:0)
z#320                                               1 	(obj:0)
z#321                                               1 	(obj:0)
z#327                                               1 	(obj:0)
z#328                                               1 	(obj:0)
z#331                                               1 	(obj:0)
z#333                                               1 	(obj:0)
z#339                                               1 	(obj:0)
z#345                                               1 	(obj:0)
z#346                                               1 	(obj:0)
z#355                                               1 	(obj:0)
z#357                                               1 	(obj:0)
z#360                                               1 	(obj:0)
z#362                                               1 	(obj:0)
z#363                               0.999999999999891 	(obj:0)
z#368                                               1 	(obj:0)
z#370                                               1 	(obj:0)
z#373                                               1 	(obj:0)
z#376                                               1 	(obj:0)
z#377                                               1 	(obj:0)
z#379                                               1 	(obj:0)
z#381                                               1 	(obj:0)
z#402                                               1 	(obj:0)
z#404                                               1 	(obj:0)
z#414                                               1 	(obj:0)
z#416                                               1 	(obj:0)
z#418                                               1 	(obj:0)
z#421                                               1 	(obj:0)
z#427                                               1 	(obj:0)
z#429                                               1 	(obj:0)
z#430                               0.999999999999943 	(obj:0)
z#431                                               1 	(obj:0)
z#432                                               1 	(obj:0)
z#436                               0.999999999999943 	(obj:0)
z#443                                               1 	(obj:0)
z#448                                               1 	(obj:0)
z#457                                               1 	(obj:0)
z#458                                               1 	(obj:0)
z#461                                               1 	(obj:0)
z#471                                               1 	(obj:0)
z#493                                               1 	(obj:0)
z#505                                               1 	(obj:0)
z#508                                               1 	(obj:0)
z#509                                               1 	(obj:0)
z#510                                               1 	(obj:0)
z#512                                               1 	(obj:0)
z#513                                               1 	(obj:0)
z#522                                               1 	(obj:0)
z#528                                               1 	(obj:0)
z#530                                               1 	(obj:0)
z#531                                               1 	(obj:0)
z#536                                               1 	(obj:0)
z#541                                               1 	(obj:0)
z#558                                               1 	(obj:0)
z#559                                               1 	(obj:0)
z#565                                               1 	(obj:0)
z#568                                               1 	(obj:0)
z#570                                               1 	(obj:0)
z#581                                               1 	(obj:0)
z#582                                               1 	(obj:0)
z#590                               0.999999999980901 	(obj:0)
z#594                                               1 	(obj:0)
z#612                                               1 	(obj:0)
z#617                                               1 	(obj:0)
z#620                                               1 	(obj:0)
z#627                                               1 	(obj:0)
z#628                                               1 	(obj:0)
z#631                                               1 	(obj:0)
z#641                                               1 	(obj:0)
z#649                                               1 	(obj:0)
z#650                                               1 	(obj:0)
z#661                                               1 	(obj:0)
z#662                                               1 	(obj:0)
z#670                                               1 	(obj:0)
z#689                                               1 	(obj:0)
z#693                                               1 	(obj:0)
z#701                                               1 	(obj:0)
z#703                                               1 	(obj:0)
z#706                                               1 	(obj:0)
z#710                                               1 	(obj:0)
z#721                                               1 	(obj:0)
z#726                                               1 	(obj:0)
z#734                                               1 	(obj:0)
z#735                                               1 	(obj:0)
z#742                                               1 	(obj:0)
z#747                                               1 	(obj:0)
z#748                                               1 	(obj:0)
z#751                                               1 	(obj:0)
z#755                                               1 	(obj:0)
z#767                                               1 	(obj:0)
z#776                                               1 	(obj:0)
z#786                                               1 	(obj:0)
z#797                                               1 	(obj:0)
z#810                                               1 	(obj:0)
z#819                                1.00000000000001 	(obj:0)
z#827                                               1 	(obj:0)
z#833                                               1 	(obj:0)
z#838                                               1 	(obj:0)
z#840                                               1 	(obj:0)
z#841                                               1 	(obj:0)
z#849                                               1 	(obj:0)
z#856                                               1 	(obj:0)
z#857                                               1 	(obj:0)
z#861                                               1 	(obj:0)
z#865                                               1 	(obj:0)
z#890                                               1 	(obj:0)
z#891                                               1 	(obj:0)
z#894                                               1 	(obj:0)
z#895                                               1 	(obj:0)
z#901                                               1 	(obj:0)
z#905                                               1 	(obj:0)
z#906                                               1 	(obj:0)
z#909                                               1 	(obj:0)
z#920                                               1 	(obj:0)
z#922                                               1 	(obj:0)
z#926                                               1 	(obj:0)
z#929                                               1 	(obj:0)
z#938                                               1 	(obj:0)
z#941                                               1 	(obj:0)
z#942                                               1 	(obj:0)
z#945                                               1 	(obj:0)
z#949                                               1 	(obj:0)
z#950                                               1 	(obj:0)
z#963                                               1 	(obj:0)
z#967                                               1 	(obj:0)
z#969                                               1 	(obj:0)
z#971                                               1 	(obj:0)
z#976                                               1 	(obj:0)
z#978                                               1 	(obj:0)
z#980                                               1 	(obj:0)
z#981                                               1 	(obj:0)
z#985                                               1 	(obj:0)
z#991                                               1 	(obj:0)
z#999                                               1 	(obj:0)
z#1007                                              1 	(obj:0)
z#1014                                              1 	(obj:0)
z#1019                                              1 	(obj:0)
z#1033                                              1 	(obj:0)
z#1040                                              1 	(obj:0)
z#1056                                              1 	(obj:0)
z#1058                                              1 	(obj:0)
z#1061                              0.999999999999943 	(obj:0)
z#1065                                              1 	(obj:0)
z#1066                                              1 	(obj:0)
z#1073                                              1 	(obj:0)
z#1081                                              1 	(obj:0)
z#1084                                              1 	(obj:0)
z#1091                                              1 	(obj:0)
z#1094                                              1 	(obj:0)
z#1095                                              1 	(obj:0)
z#1098                                              1 	(obj:0)
z#1100                                              1 	(obj:0)
z#1103                                              1 	(obj:0)
z#1108                                              1 	(obj:0)
z#1112                                              1 	(obj:0)
z#1115                                              1 	(obj:0)
z#1116                                              1 	(obj:0)
z#1117                                              1 	(obj:0)
z#1118                                              1 	(obj:0)
z#1120                                              1 	(obj:0)
z#1128                                              1 	(obj:0)
z#1133                                              1 	(obj:0)
z#1135                                              1 	(obj:0)
z#1141                                              1 	(obj:0)
z#1169                                              1 	(obj:0)
z#1180                                              1 	(obj:0)
z#1181                                              1 	(obj:0)
z#1185                                              1 	(obj:0)
z#1196                                              1 	(obj:0)
z#1203                                              1 	(obj:0)
z#1210                                              1 	(obj:0)
z#1211                                              1 	(obj:0)
z#1215                                              1 	(obj:0)
z#1216                                              1 	(obj:0)
z#1224                                              1 	(obj:0)
z#1225                                              1 	(obj:0)
z#1229                                              1 	(obj:0)
z#1235                                              1 	(obj:0)
z#1237                                              1 	(obj:0)
z#1238                                              1 	(obj:0)
z#1249                                              1 	(obj:0)
z#1265                                              1 	(obj:0)
z#1266                                              1 	(obj:0)
z#1267                                              1 	(obj:0)
z#1271                                              1 	(obj:0)
z#1276                                              1 	(obj:0)
z#1277                                              1 	(obj:0)
z#1283                                              1 	(obj:0)
z#1284                                              1 	(obj:0)
z#1287                                              1 	(obj:0)
z#1292                                              1 	(obj:0)
z#1297                                              1 	(obj:0)
z#1301                                              1 	(obj:0)
z#1310                                              1 	(obj:0)
z#1321                                              1 	(obj:0)
z#1322                                              1 	(obj:0)
z#1323                                              1 	(obj:0)
z#1326                                              1 	(obj:0)
z#1328                                              1 	(obj:0)
z#1329                                              1 	(obj:0)
z#1330                                              1 	(obj:0)
z#1333                                              1 	(obj:0)
z#1335                                              1 	(obj:0)
z#1336                                              1 	(obj:0)
z#1338                                              1 	(obj:0)
z#1343                                              1 	(obj:0)
z#1344                                              1 	(obj:0)
z#1348                                              1 	(obj:0)
z#1352                                              1 	(obj:0)
z#1355                                              1 	(obj:0)
z#1360                                              1 	(obj:0)
z#1361                                              1 	(obj:0)
z#1364                                              1 	(obj:0)
z#1374                                              1 	(obj:0)
z#1386                                              1 	(obj:0)
z#1389                                              1 	(obj:0)
z#1392                                              1 	(obj:0)
z#1395                                              1 	(obj:0)
z#1412                                              1 	(obj:0)
z#1413                              0.999999999999891 	(obj:0)
z#1414                                              1 	(obj:0)
z#1415                                              1 	(obj:0)
z#1418                                              1 	(obj:0)
z#1419                                              1 	(obj:0)
z#1421                                              1 	(obj:0)
z#1422                                              1 	(obj:0)
z#1423                                              1 	(obj:0)
z#1433                                              1 	(obj:0)
z#1449                                              1 	(obj:0)
z#1476                                              1 	(obj:0)
z#1480                                              1 	(obj:0)
z#1482                                              1 	(obj:0)
z#1485                                              1 	(obj:0)
z#1491                                              1 	(obj:0)
z#1492                                              1 	(obj:0)
z#1493                                              1 	(obj:0)
z#1497                                              1 	(obj:0)
z#1500                                              1 	(obj:0)
z#1503                                              1 	(obj:0)
z#1505                                              1 	(obj:0)
z#1509                                              1 	(obj:0)
z#1514                                              1 	(obj:0)
z#1519                                              1 	(obj:0)
z#1533                                              1 	(obj:0)
z#1535                                              1 	(obj:0)
z#1537                                              1 	(obj:0)
z#1542                                              1 	(obj:0)
z#1548                                              1 	(obj:0)
z#1552                                              1 	(obj:0)
z#1563                                              1 	(obj:0)
z#1565                                              1 	(obj:0)
z#1566                                              1 	(obj:0)
z#1567                                              1 	(obj:0)
z#1571                                              1 	(obj:0)
z#1580                                              1 	(obj:0)
z#1582                                              1 	(obj:0)
z#1585                                              1 	(obj:0)
z#1586                                              1 	(obj:0)
z#1588                                              1 	(obj:0)
z#1593                                              1 	(obj:0)
z#1598                                              1 	(obj:0)
z#1599                                              1 	(obj:0)
z#1600                                              1 	(obj:0)
z#1617                                              1 	(obj:0)
z#1618                                              1 	(obj:0)
z#1621                                              1 	(obj:0)
z#1628                                              1 	(obj:0)
z#1629                                              1 	(obj:0)
z#1632                                              1 	(obj:0)
z#1634                                              1 	(obj:0)
z#1644                                              1 	(obj:0)
z#1645                                              1 	(obj:0)
z#1648                                              1 	(obj:0)
z#1656                                              1 	(obj:0)
z#1657                                              1 	(obj:0)
z#1659                                              1 	(obj:0)
z#1665                                              1 	(obj:0)
z#1666                                              1 	(obj:0)
z#1668                                              1 	(obj:0)
z#1670                                              1 	(obj:0)
z#1674                                              1 	(obj:0)
z#1681                                              1 	(obj:0)
z#1684                                              1 	(obj:0)
z#1688                                              1 	(obj:0)
z#1692                                              1 	(obj:0)
z#1695                                              1 	(obj:0)
z#1709                                              1 	(obj:0)
z#1724                                              1 	(obj:0)
z#1737                                              1 	(obj:0)
z#1742                                              1 	(obj:0)
z#1743                                              1 	(obj:0)
z#1744                                              1 	(obj:0)
z#1745                                              1 	(obj:0)
z#1747                                              1 	(obj:0)
z#1748                                              1 	(obj:0)
z#1757                                              1 	(obj:0)
z#1759                                              1 	(obj:0)
z#1762                                              1 	(obj:0)
z#1766                                              1 	(obj:0)
z#1770                                              1 	(obj:0)
z#1773                                              1 	(obj:0)
z#1781                               1.00000000000011 	(obj:0)
z#1787                                1.0000000000191 	(obj:0)
z#1792                                              1 	(obj:0)
z#1793                                              1 	(obj:0)
z#1795                                              1 	(obj:0)
z#1796                                              1 	(obj:0)
z#1800                                              1 	(obj:0)
z#1805                                              1 	(obj:0)
z#1808                                              1 	(obj:0)
z#1811                                              1 	(obj:0)
z#1824                                              1 	(obj:0)
z#1825                                              1 	(obj:0)
z#1829                                              1 	(obj:0)
z#1830                                              1 	(obj:0)
z#1833                                              1 	(obj:0)
z#1834                                              1 	(obj:0)
z#1837                                              1 	(obj:0)
z#1842                                              1 	(obj:0)
z#1850                                              1 	(obj:0)
z#1852                                              1 	(obj:0)
z#1865                                              1 	(obj:0)
z#1868                                              1 	(obj:0)
z#1875                                              1 	(obj:0)
z#1877                                              1 	(obj:0)
z#1880                                              1 	(obj:0)
z#1888                                              1 	(obj:0)
z#1890                                              1 	(obj:0)
z#1892                                              1 	(obj:0)
z#1899                                              1 	(obj:0)
z#1914                                              1 	(obj:0)
z#1922                                              1 	(obj:0)
z#1925                                              1 	(obj:0)
z#1930                                              1 	(obj:0)
z#1933                                              1 	(obj:0)
z#1934                                              1 	(obj:0)
z#1945                                              1 	(obj:0)
z#1948                                              1 	(obj:0)
z#1959                                              1 	(obj:0)
z#1960                                              1 	(obj:0)
z#1966                                              1 	(obj:0)
z#1977                                              1 	(obj:0)
z#1987                                              1 	(obj:0)
z#1996                                              1 	(obj:0)
z#1999                                              1 	(obj:0)
z#2007                                              1 	(obj:0)
z#2010                                              1 	(obj:0)
z#2025                                              1 	(obj:0)
z#2040                                              1 	(obj:0)
z#2042                                              1 	(obj:0)
z#2043                                              1 	(obj:0)
z#2044                                              1 	(obj:0)
z#2051                                              1 	(obj:0)
z#2058                                              1 	(obj:0)
z#2065                                              1 	(obj:0)
z#2066                                              1 	(obj:0)
z#2070                                              1 	(obj:0)
z#2078                                              1 	(obj:0)
z#2086                                              1 	(obj:0)
z#2089                                              1 	(obj:0)
z#2090                                              1 	(obj:0)
z#2095                                              1 	(obj:0)
z#2096                                              1 	(obj:0)
z#2098                                              1 	(obj:0)
z#2108                                              1 	(obj:0)
z#2110                                              1 	(obj:0)
z#2118                                              1 	(obj:0)
z#2121                                              1 	(obj:0)
z#2122                                              1 	(obj:0)
z#2123                                              1 	(obj:0)
z#2125                                              1 	(obj:0)
z#2128                                              1 	(obj:0)
z#2129                                              1 	(obj:0)
z#2130                                              1 	(obj:0)
z#2142                                              1 	(obj:0)
z#2143                                              1 	(obj:0)
z#2148                                              1 	(obj:0)
z#2167                                              1 	(obj:0)
z#2169                                              1 	(obj:0)
z#2175                                              1 	(obj:0)
z#2176                                              1 	(obj:0)
z#2178                                              1 	(obj:0)
z#2180                                              1 	(obj:0)
z#2182                                              1 	(obj:0)
z#2185                                              1 	(obj:0)
z#2189                                              1 	(obj:0)
z#2192                                              1 	(obj:0)
z#2199                                              1 	(obj:0)
z#2203                                              1 	(obj:0)
z#2207                                              1 	(obj:0)
z#2209                                              1 	(obj:0)
z#2224                                              1 	(obj:0)
z#2229                                              1 	(obj:0)
z#2231                                              1 	(obj:0)
z#2240                                              1 	(obj:0)
z#2255                                              1 	(obj:0)
z#2257                                              1 	(obj:0)
z#2265                                              1 	(obj:0)
z#2288                                              1 	(obj:0)
z#2290                                              1 	(obj:0)
z#2292                                              1 	(obj:0)
z#2298                                              1 	(obj:0)
z#2300                                              1 	(obj:0)
z#2303                                              1 	(obj:0)
z#2304                                              1 	(obj:0)
z#2310                                              1 	(obj:0)
z#2313                                              1 	(obj:0)
z#2320                                              1 	(obj:0)
z#2325                                              1 	(obj:0)
z#2327                                              1 	(obj:0)
z#2333                              0.999999999983743 	(obj:0)
z#2356                                              1 	(obj:0)
z#2359                                              1 	(obj:0)
z#2361                                              1 	(obj:0)
z#2363                                              1 	(obj:0)
z#2364                                              1 	(obj:0)
z#2376                                              1 	(obj:0)
z#2381                                              1 	(obj:0)
z#2398                                              1 	(obj:0)
z#2400                                              1 	(obj:0)
z#2402                               1.00000000001899 	(obj:0)
z#2403                                              1 	(obj:0)
z#2409                                              1 	(obj:0)
z#2423                                              1 	(obj:0)
z#2425                                              1 	(obj:0)
z#2436                                              1 	(obj:0)
z#2437                                              1 	(obj:0)
z#2439                                              1 	(obj:0)
z#2447                                              1 	(obj:0)
z#2454                                              1 	(obj:0)
z#2456                                              1 	(obj:0)
z#2460                                              1 	(obj:0)
z#2462                                              1 	(obj:0)
z#2470                                              1 	(obj:0)
z#2478                                              1 	(obj:0)
z#2489                                              1 	(obj:0)
z#2495                                              1 	(obj:0)
z#2504                                              1 	(obj:0)
z#2505                                              1 	(obj:0)
z#2515                                              1 	(obj:0)
z#2518                                              1 	(obj:0)
z#2522                                              1 	(obj:0)
z#2525                                              1 	(obj:0)
z#2526                                              1 	(obj:0)
z#2529                                              1 	(obj:0)
z#2543                                              1 	(obj:0)
z#2547                                              1 	(obj:0)
z#2549                                              1 	(obj:0)
z#2555                                              1 	(obj:0)
z#2559                                              1 	(obj:0)
z#2561                                              1 	(obj:0)
z#2564                                              1 	(obj:0)
z#2569                                              1 	(obj:0)
z#2571                                              1 	(obj:0)
z#2574                                              1 	(obj:0)
z#2584                                              1 	(obj:0)
z#2589                                              1 	(obj:0)
z#2606                                              1 	(obj:0)
z#2613                                              1 	(obj:0)
z#2624                                              1 	(obj:0)
z#2640                                              1 	(obj:0)
z#2642                                              1 	(obj:0)
z#2652                                              1 	(obj:0)
z#2656                                              1 	(obj:0)
z#2657                                              1 	(obj:0)
z#2658                                              1 	(obj:0)
z#2685                                              1 	(obj:0)
z#2687                                              1 	(obj:0)
z#2688                                              1 	(obj:0)
z#2689                                              1 	(obj:0)
z#2694                                              1 	(obj:0)
z#2699                                              1 	(obj:0)
z#2704                                              1 	(obj:0)
z#2712                                              1 	(obj:0)
z#2716                                              1 	(obj:0)
z#2717                                              1 	(obj:0)
z#2719                                              1 	(obj:0)
z#2729                                              1 	(obj:0)
z#2737                                              1 	(obj:0)
z#2743                                              1 	(obj:0)
z#2755                                              1 	(obj:0)
z#2756                                              1 	(obj:0)
z#2757                                              1 	(obj:0)
z#2760                                              1 	(obj:0)
z#2765                                              1 	(obj:0)
z#2767                                              1 	(obj:0)
z#2772                                              1 	(obj:0)
z#2774                                              1 	(obj:0)
z#2783                                              1 	(obj:0)
z#2787                                              1 	(obj:0)
z#2791                                              1 	(obj:0)
z#2792                                              1 	(obj:0)
z#2803                                              1 	(obj:0)
z#2807                                              1 	(obj:0)
z#2810                                              1 	(obj:0)
z#2822                                              1 	(obj:0)
z#2826                                              1 	(obj:0)
z#2834                                              1 	(obj:0)
z#2835                                              1 	(obj:0)
z#2845                                              1 	(obj:0)
z#2846                                              1 	(obj:0)
z#2848                              0.999999999980901 	(obj:0)
z#2853                                              1 	(obj:0)
z#2872                                              1 	(obj:0)
z#2878                                              1 	(obj:0)
z#2882                                              1 	(obj:0)
z#2891                                              1 	(obj:0)
z#2892                                              1 	(obj:0)
z#2896                                              1 	(obj:0)
z#2897                                              1 	(obj:0)
z#2899                                              1 	(obj:0)
z#2902                                              1 	(obj:0)
z#2912                                              1 	(obj:0)
z#2917                                              1 	(obj:0)
z#2920                                              1 	(obj:0)
z#2921                                              1 	(obj:0)
z#2925                                              1 	(obj:0)
z#2928                                              1 	(obj:0)
z#2930                                              1 	(obj:0)
z#2934                                              1 	(obj:0)
z#2936                                              1 	(obj:0)
z#2938                                              1 	(obj:0)
z#2940                                              1 	(obj:0)
z#2943                                              1 	(obj:0)
z#2947                                              1 	(obj:0)
z#2949                                              1 	(obj:0)
z#2960                                              1 	(obj:0)
z#2963                                              1 	(obj:0)
z#2976                                              1 	(obj:0)
z#2982                                              1 	(obj:0)
z#2983                                              1 	(obj:0)
z#2990                                              1 	(obj:0)
x#0                                               557 	(obj:202)
x#1                                            15.453 	(obj:198)
x#4                                            99.812 	(obj:109)
x#15                                          696.304 	(obj:104)
x#26                                 1.63600000000008 	(obj:100)
u#0                                               557 	(obj:0)
u#1                                           572.453 	(obj:0)
u#2                                           572.453 	(obj:0)
u#3                                           572.453 	(obj:0)
u#4                                           672.265 	(obj:0)
u#5                                           672.265 	(obj:0)
u#6                                           672.265 	(obj:0)
u#7                                           672.265 	(obj:0)
u#8                                           672.265 	(obj:0)
u#9                                           672.265 	(obj:0)
u#10                                          672.265 	(obj:0)
u#11                                          672.265 	(obj:0)
u#12                                          672.265 	(obj:0)
u#13                                          672.265 	(obj:0)
u#14                                          672.265 	(obj:0)
u#15                                          811.569 	(obj:0)
u#16                                          796.116 	(obj:0)
u#17                                          796.116 	(obj:0)
u#18                                          796.116 	(obj:0)
u#19                                          696.304 	(obj:0)
u#20                                          696.304 	(obj:0)
u#21                                          696.304 	(obj:0)
u#22                                          696.304 	(obj:0)
u#23                                          696.304 	(obj:0)
u#24                                          696.304 	(obj:0)
u#25                                          696.304 	(obj:0)
u#26                                           697.94 	(obj:0)
u#27                                           697.94 	(obj:0)
u#28                                           697.94 	(obj:0)
u#29                                           697.94 	(obj:0)
w#0                                               557 	(obj:0)
w#1                                           572.453 	(obj:0)
w#2                                           572.453 	(obj:0)
w#3                                           572.453 	(obj:0)
w#4                                           672.265 	(obj:0)
w#5                                           672.265 	(obj:0)
w#6                                           672.265 	(obj:0)
w#7                                           672.265 	(obj:0)
w#8                                           672.265 	(obj:0)
w#9                                           672.265 	(obj:0)
w#10                                          672.265 	(obj:0)
w#11                                          672.265 	(obj:0)
w#12                                          672.265 	(obj:0)
w#13                                          672.265 	(obj:0)
w#14                                          672.265 	(obj:0)
w#15                                          811.569 	(obj:0)
w#16                                          796.116 	(obj:0)
w#17                                          796.116 	(obj:0)
w#18                                          796.116 	(obj:0)
w#19                                          696.304 	(obj:0)
w#20                                          696.304 	(obj:0)
w#21                                          696.304 	(obj:0)
w#22                                          696.304 	(obj:0)
w#23                                          696.304 	(obj:0)
w#24                                          696.304 	(obj:0)
w#25                                          696.304 	(obj:0)
w#26                                           697.94 	(obj:0)
w#27                                           697.94 	(obj:0)
w#28                                           697.94 	(obj:0)
w#29                                           697.94 	(obj:0)

Statistics
==========

SCIP Status        : solving was interrupted [time limit reached]
Total Time         :   14400.52
  solving          :   14400.00
  presolving       :       0.62 (included in solving)
  reading          :       0.52
  copying          :       0.59 (21 #copies) (minimal 0.02, maximal 0.03, average 0.03)
Original Problem   :
  Problem name     : CCMPPData/30-3000-4
  Variables        : 3150 (3000 binary, 0 integer, 0 implicit integer, 150 continuous)
  Constraints      : 18122 initial, 18122 maximal
  Objective        : minimize, 60 non-zeros (abs.min = 100, abs.max = 292)
Presolved Problem  :
  Problem name     : t_CCMPPData/30-3000-4
  Variables        : 3105 (2994 binary, 0 integer, 0 implicit integer, 111 continuous)
  Constraints      : 19576 initial, 19847 maximal
  Objective        : minimize, 57 non-zeros (abs.min = 100, abs.max = 292)
  Nonzeros         : 69043 constraint, 2 clique table
Presolvers         :   ExecTime  SetupTime  Calls  FixedVars   AggrVars   ChgTypes  ChgBounds   AddHoles    DelCons    AddCons   ChgSides   ChgCoefs
  boundshift       :       0.00       0.00      0          0          0          0          0          0          0          0          0          0
  convertinttobin  :       0.00       0.00      0          0          0          0          0          0          0          0          0          0
  domcol           :       0.06       0.00      2          0          0          0          0          0          0          0          0          0
  dualagg          :       0.00       0.00      0          0          0          0          0          0          0          0          0          0
  dualcomp         :       0.02       0.00      2          0          0          0          0          0          0          0          0          0
  dualinfer        :       0.00       0.00      0          0          0          0          0          0          0          0          0          0
  dualsparsify     :       0.03       0.00      1          0          0          0          0          0          0          0          0          0
  gateextraction   :       0.00       0.00      0          0          0          0          0          0          0          0          0          0
  implics          :       0.00       0.00      4          0          0          0          0          0          0          0          0          0
  inttobinary      :       0.00       0.00      0          0          0          0          0          0          0          0          0          0
  milp             :       0.08       0.00      1          3         32          0          9          0          0          0          0          0
  qpkktref         :       0.00       0.00      0          0          0          0          0          0          0          0          0          0
  redvub           :       0.00       0.00      0          0          0          0          0          0          0          0          0          0
  sparsify         :       0.01       0.00      1          0          0          0          0          0          0          0          0          0
  stuffing         :       0.00       0.00      0          0          0          0          0          0          0          0          0          0
  trivial          :       0.00       0.00      8          0          0          0          0          0          0          0          0          0
  tworowbnd        :       0.00       0.00      0          0          0          0          0          0          0          0          0          0
  dualfix          :       0.00       0.00      8          6          0          0          0          0          0          0          0          0
  genvbounds       :       0.00       0.00      0          0          0          0          0          0          0          0          0          0
  probing          :       0.30       0.00      1          0          0          0          0          0          0          0          0          0
  pseudoobj        :       0.00       0.00      2          0          0          0          0          0          0          0          0          0
  symmetry         :       0.00       0.00      1          0          0          0          0          0          0          0          0          0
  vbounds          :       0.00       0.00      0          0          0          0          0          0          0          0          0          0
  chancecons       :       0.00       0.00      0          0          0          0          0          0          0          0          0          0
  varbound         :       0.02       0.00      6          0          0          0          0          0          0          0          0          0
  knapsack         :       0.00       0.00      5          0          0          0          0          0          0          0          0          0
  setppc           :       0.00       0.00      0          0          0          0          0          0          0          0          0          0
  linear           :       0.06       0.01     11          0          4          0        148          0        153          0          0          0
  logicor          :       0.00       0.00      5          0          0          0          0          0          1          0          0         12
  bounddisjunction :       0.00       0.00      3          0          0          0          0          0          0          0          0          0
  benders          :       0.00       0.00      0          0          0          0          0          0          0          0          0          0
  components       :       0.00       0.00      2          0          0          0          0          0          0          0          0          0
  root node        :          -          -      -          1          -          -        971          -          -          -          -          -
Constraints        :     Number  MaxNumber  #Separate #Propagate    #EnfoLP    #EnfoRelax  #EnfoPS    #Check   #ResProp    Cutoffs    DomReds       Cuts    Applied      Conss   Children
  benderslp        :          0          0          0          0       7416          0          0       1261          0          0          0          0          0          0          0
  chancecons       :          1          1        858          0          0          0          0          0          0          0          0      11120      10015          0          0
  integral         :          0          0          0          0       7416          0          0       1261          0          0       5622          0          0       2597      11548
  varbound         :      17885      17885        164     334488          0          0          0       1255    1419923         27     490845          0          0          0          0
  knapsack         :          1          1        164     414639          0          0          0        144        380       2790      10704          0          0          0          0
  setppc           :          0+         1          0      24106          0          0          0          0          0          0          0          0          0          0          0
  linear           :       1497+      1500        164     412294          0          0          0        141      69679       1843     543657        494        272          0          0
  logicor          :         17+       127         74       9344          0          0          0          0       8162          1        114          0          0          0          0
  bounddisjunction :        175+       364          0      37347          0          0          0          0       7081         78        432          0          0          0          0
  benders          :          0          0          0          0          0          0          0        139          0          0          0          0          0          0          0
  fixedvar         :          0          0          0          0          0          0          0        139          0          0          0          0          0          0          0
  countsols        :          0          0          0          0          0          0          0        139          0          0          0          0          0          0          0
  components       :          0          0          0          0          0          0          0          0          0          0          0          0          0          0          0
Constraint Timings :  TotalTime  SetupTime   Separate  Propagate     EnfoLP     EnfoPS     EnfoRelax   Check    ResProp    SB-Prop
  benderslp        :       0.01       0.00       0.00       0.00       0.00       0.00       0.00       0.00       0.00       0.00
  chancecons       :       1.23       0.00       1.23       0.00       0.00       0.00       0.00       0.00       0.00       0.00
  integral         :    5295.97       0.00       0.00       0.00    5295.97       0.00       0.00       0.00       0.00       0.00
  varbound         :      27.41       0.00       0.25       7.28       0.00       0.00       0.00       0.12       0.13      19.64
  knapsack         :      22.96       0.00      20.52       1.61       0.00       0.00       0.00       0.00       0.02       0.80
  setppc           :       0.00       0.00       0.00       0.00       0.00       0.00       0.00       0.00       0.00       0.00
  linear           :      17.43       0.01       1.00       5.37       0.00       0.00       0.00       0.00       0.05      11.00
  logicor          :       0.07       0.00       0.00       0.01       0.00       0.00       0.00       0.00       0.04       0.02
  bounddisjunction :       0.57       0.00       0.00       0.25       0.00       0.00       0.00       0.00       0.02       0.30
  benders          :       0.00       0.00       0.00       0.00       0.00       0.00       0.00       0.00       0.00       0.00
  fixedvar         :       0.00       0.00       0.00       0.00       0.00       0.00       0.00       0.00       0.00       0.00
  countsols        :       0.00       0.00       0.00       0.00       0.00       0.00       0.00       0.00       0.00       0.00
  components       :       0.03       0.00       0.00       0.01       0.00       0.00       0.00       0.00       0.00       0.01
Propagators        : #Propagate   #ResProp    Cutoffs    DomReds
  dualfix          :          9          0          0          0
  genvbounds       :          0          0          0          0
  nlobbt           :          0          0          0          0
  obbt             :          0          0          0          0
  probing          :          0          0          0          0
  pseudoobj        :      34834          0         18        207
  redcost          :      16514          0          0      78322
  rootredcost      :         46          0          0        431
  symmetry         :          0          0          0          0
  vbounds          :     238679          0          0          0
Propagator Timings :  TotalTime  SetupTime   Presolve  Propagate    ResProp    SB-Prop
  dualfix          :       0.00       0.00       0.00       0.00       0.00       0.00
  genvbounds       :       0.05       0.00       0.00       0.02       0.00       0.03
  nlobbt           :       0.00       0.00       0.00       0.00       0.00       0.00
  obbt             :       0.00       0.00       0.00       0.00       0.00       0.00
  probing          :       0.30       0.00       0.30       0.00       0.00       0.00
  pseudoobj        :       0.18       0.00       0.00       0.16       0.00       0.01
  redcost          :       0.94       0.00       0.00       0.91       0.00       0.02
  rootredcost      :       0.06       0.00       0.00       0.03       0.00       0.02
  symmetry         :       0.08       0.00       0.00       0.03       0.00       0.04
  vbounds          :       0.21       0.00       0.00       0.16       0.00       0.05
Symmetry           :
  orbitopal red.   :          0 reductions applied,          0 cutoffs
  orbital reduction:          0 reductions applied,          0 cutoffs
  lexicographic red:          0 reductions applied,          0 cutoffs
  shadow tree time :       0.00 s
Conflict Analysis  :       Time      Calls    Success    DomReds  Conflicts   Literals    Reconvs ReconvLits   Dualrays   Nonzeros   LP Iters   (pool size: [10000,10000])
  propagation      :       1.18       2914       2897          -      26798      318.4        125        6.5          -          -          -
  infeasible LP    :       0.02         20         18          -        105      264.0          5        4.0         12        3.7          0
  bound exceed. LP :      21.67       3328        555          -        436      202.2          5        7.6        353       21.0      29110
  strong branching :       0.00          0          0          -          0        0.0          0        0.0          -          -          0
  pseudo solution  :       0.00          0          0          -          0        0.0          0        0.0          -          -          -
  applied globally :       0.24          -          -        227       8889      231.4          -          -        365          -          -
  applied locally  :          -          -          -          0          3      547.0          -          -          0          -          -
Separators         :   ExecTime  SetupTime      Calls  RootCalls    Cutoffs    DomReds  FoundCuts ViaPoolAdd  DirectAdd    Applied ViaPoolApp  DirectApp      Conss
  cut pool         :       1.92          -       1730        327          -          -      94780     987746          -          -          -          -          -    (maximal pool size:      43535)
  aggregation      :       4.25       0.00        236        164          0          0      88782     919747          0      52832      52832          0          0
  > cmir           :          -          -          -          -          -          -          -     919747          0      52832      52832          0          -
  > flowcover      :          -          -          -          -          -          -          -          0          0          0          0          0          -
  > knapsackcover  :          -          -          -          -          -          -          -          0          0          0          0          0          -
  cgmip            :       0.00       0.00          0          0          0          0          0          0          0          0          0          0          0
  clique           :       0.00       0.00          2          2          0          0          0          0          0          0          0          0          0
  closecuts        :       0.00       0.00          0          0          0          0          0          0          0          0          0          0          0
  convexproj       :       0.00       0.00          0          0          0          0          0          0          0          0          0          0          0
  disjunctive      :       0.00       0.00          0          0          0          0          0          0          0          0          0          0          0
  eccuts           :       0.00       0.00          0          0          0          0          0          0          0          0          0          0          0
  gauge            :       0.00       0.00          0          0          0          0          0          0          0          0          0          0          0
  gomory           :       9.93       0.00         91         20          0          0       5998      67999          0       7139       7139          0          0
  > gomorymi       :          -          -          -          -          -          -          -      67999          0       7139       7139          0          -
  > strongcg       :          -          -          -          -          -          -          -          0          0          0          0          0          -
  impliedbounds    :       0.11       0.00        236        164          0          0          0          0          0          0          0          0          0
  interminor       :       0.00       0.00          0          0          0          0          0          0          0          0          0          0          0
  intobj           :       0.00       0.00          0          0          0          0          0          0          0          0          0          0          0
  lagromory        :       0.00       0.00          0          0          0          0          0          0          0          0          0          0          0
  mcf              :       0.01       0.00          2          2          0          0          0          0          0          0          0          0          0
  minor            :       0.00       0.00         20         20          0          0          0          0          0          0          0          0          0
  mixing           :       0.00       0.00          0          0          0          0          0          0          0          0          0          0          0
  oddcycle         :       0.00       0.00          0          0          0          0          0          0          0          0          0          0          0
  rapidlearning    :       0.00       0.00          0          0          0          0          0          0          0          0          0          0          0
  rlt              :       0.00       0.00         20         20          0          0          0          0          0          0          0          0          0
  zerohalf         :       0.22       0.00        111         40          0          0          0          0          0          0          0          0          0
Cutselectors       :   ExecTime  SetupTime      Calls  RootCalls   Selected     Forced   Filtered  RootSelec   RootForc   RootFilt 
  hybrid           :       2.02       0.00       1496        165      70258          0     929102      11241          0     163134
  ensemble         :       0.00       0.00          0          0          0          0          0          0          0          0
  dynamic          :       0.00       0.00          0          0          0          0          0          0          0          0
Pricers            :   ExecTime  SetupTime      Calls       Vars
  problem variables:       0.00          -          0          0
Branching Rules    :   ExecTime  SetupTime   BranchLP  BranchExt   BranchPS    Cutoffs    DomReds       Cuts      Conss   Children
  allfullstrong    :       0.00       0.00          0          0          0          0          0          0          0          0
  cloud            :       0.00       0.00          0          0          0          0          0          0          0          0
  distribution     :       0.00       0.00          0          0          0          0          0          0          0          0
  fullstrong       :       0.00       0.00          0          0          0          0          0          0          0          0
  gomory           :       0.00       0.00          0          0          0          0          0          0          0          0
  inference        :       0.00       0.00          0          0          0          0          0          0          0          0
  leastinf         :       0.00       0.00          0          0          0          0          0          0          0          0
  lookahead        :       0.00       0.00          0          0          0          0          0          0          0          0
  mostinf          :       0.00       0.00          0          0          0          0          0          0          0          0
  multaggr         :       0.00       0.00          0          0          0          0          0          0          0          0
  nodereopt        :       0.00       0.00          0          0          0          0          0          0          0          0
  pscost           :       0.00       0.00          0          0          0          0          0          0          0          0
  random           :       0.00       0.00          0          0          0          0          0          0          0          0
  relpscost        :    5295.96       0.00       7416          0          0          0       5622          0       4029      11548
  vanillafullstrong:       0.00       0.00          0          0          0          0          0          0          0          0
Primal Heuristics  :   ExecTime  SetupTime      Calls      Found       Best
  LP solutions     :       0.00          -          -          0          0
  relax solutions  :       0.00          -          -          0          0
  pseudo solutions :       0.00          -          -          0          0
  strong branching :       0.07          -          -          0          0
  actconsdiving    :       0.00       0.00          0          0          0
  adaptivediving   :     123.60       0.00         49          4          4
  alns             :       0.38       0.00          5          0          0
  bound            :       0.00       0.00          0          0          0
  clique           :       0.00       0.00          0          0          0
  coefdiving       :       0.00       0.00          0          0          0
  completesol      :       0.00       0.00          0          0          0
  conflictdiving   :      42.05       0.00         25          2          2
  crossover        :       0.89       0.00          8          3          3
  dins             :       0.00       0.00          0          0          0
  distributiondivin:      63.10       0.00         25          4          4
  dps              :       0.00       0.00          0          0          0
  dualval          :       0.00       0.00          0          0          0
  farkasdiving     :       0.00       0.00          0          0          0
  feaspump         :      14.29       0.00          1          1          1
  fixandinfer      :       0.00       0.00          0          0          0
  fracdiving       :      73.96       0.00         25          1          1
  gins             :       0.02       0.00          0          0          0
  guideddiving     :     111.47       0.00         25          5          5
  indicator        :       0.01       0.00          0          0          0
  indicatordiving  :       0.00       0.00          0          0          0
  intdiving        :       0.00       0.00          0          0          0
  intshifting      :      12.78       0.00         17          0          0
  linesearchdiving :      48.96       0.00         25          2          2
  localbranching   :       0.00       0.00          0          0          0
  locks            :       0.07       0.00          1          1          1
  lpface           :       0.01       0.00          0          0          0
  mpec             :       0.00       0.00          0          0          0
  multistart       :       0.00       0.00          0          0          0
  mutation         :       0.00       0.00          0          0          0
  nlpdiving        :       0.00       0.00          0          0          0
  objpscostdiving  :     175.70       0.00         13         13          0
  octane           :       0.00       0.00          0          0          0
  ofins            :       0.00       0.00          0          0          0
  oneopt           :       0.12       0.00         46          0          0
  padm             :       0.00       0.00          0          0          0
  proximity        :       0.00       0.00          0          0          0
  pscostdiving     :     149.84       0.00         26          4          4
  randrounding     :       3.72       0.00       1183          0          0
  rens             :       0.00       0.00          0          0          0
  reoptsols        :       0.00       0.00          0          0          0
  repair           :       0.00       0.00          0          0          0
  rins             :       2.99       0.00          8          8          3
  rootsoldiving    :      20.29       0.00         13         12          0
  rounding         :      10.40       0.00       8030          9          9
  scheduler        :       0.00       0.00          0          0          0
  shiftandpropagate:       0.00       0.00          0          0          0
  shifting         :      32.91       0.00        574          0          0
  simplerounding   :       0.01       0.00          0          0          0
  subnlp           :       0.01       0.00          0          0          0
  trivial          :       0.01       0.00          4          0          0
  trivialnegation  :       0.00       0.00          0          0          0
  trustregion      :       0.00       0.00          0          0          0
  trysol           :       0.00       0.00          0          0          0
  twoopt           :       0.00       0.00          0          0          0
  undercover       :       0.00       0.00          0          0          0
  vbounds          :       0.04       0.00          2          0          0
  veclendiving     :      12.95       0.00         25          4          4
  zeroobj          :       0.00       0.00          0          0          0
  zirounding       :       1.31       0.00       1000          3          3
  other solutions  :          -          -          -          0          -
LNS (Scheduler)    :      Calls  SetupTime  SolveTime SolveNodes       Sols       Best       Exp3    Exp3-IX  EpsGreedy        UCB TgtFixRate  Opt  Inf Node Stal  Sol  Usr Othr Actv
  rens             :          0       0.00       0.00          0          0          0    0.00000    0.12500   -1.00000    1.00000      0.900    0    0    0    0    0    0    0    1
  rins             :          0       0.00       0.00          0          0          0    0.00000    0.12500   -1.00000    1.00000      0.900    0    0    0    0    0    0    0    1
  mutation         :          0       0.00       0.00          0          0          0    0.00000    0.12500   -1.00000    1.00000      0.900    0    0    0    0    0    0    0    1
  localbranching   :          0       0.00       0.00          0          0          0    0.00000    0.12500   -1.00000    1.00000      0.900    0    0    0    0    0    0    0    1
  crossover        :          0       0.00       0.00          0          0          0    0.00000    0.12500   -1.00000    1.00000      0.900    0    0    0    0    0    0    0    1
  proximity        :          0       0.00       0.00          0          0          0    0.00000    0.12500   -1.00000    1.00000      0.900    0    0    0    0    0    0    0    1
  zeroobjective    :          0       0.00       0.00          0          0          0    0.00000    0.12500   -1.00000    1.00000      0.900    0    0    0    0    0    0    0    1
  dins             :          0       0.00       0.00          0          0          0    0.00000    0.12500   -1.00000    1.00000      0.900    0    0    0    0    0    0    0    1
  trustregion      :          0       0.00       0.00          0          0          0    0.00000    0.00000   -1.00000    1.00000      0.900    0    0    0    0    0    0    0    0
LP                 :       Time      Calls Iterations  Iter/call   Iter/sec  Time-0-It Calls-0-It    ItLimit
  primal LP        :       6.13        830          0       0.00       0.00       6.13        830
  dual LP          :    8115.88      10700   17201090    1677.66    2119.44       0.99        447
  lex dual LP      :       0.00          0          0       0.00          -
  barrier LP       :       0.00          0          0       0.00          -       0.00          0
  resolve instable :       0.00          0          0       0.00          -
  diving/probing LP:     874.40       4793    2078905     433.74    2377.52
  strong branching :    5128.01      19461    6669669     342.72    1300.64          -          -       9589
    (at root node) :          -         96      93364     972.54          -
  conflict analysis:      17.95       2920      29110       9.97    1621.38
B&B Tree           :
  number of runs   :          2
  nodes            :       5555 (3425 internal, 2130 leaves)
  feasible leaves  :          0
  infeas. leaves   :        873
  objective leaves :       1256
  nodes (total)    :       8679 (5774 internal, 2905 leaves)
  nodes left       :        879
  max depth        :        203
  max depth (total):        203
  backtracks       :        285 (5.1%)
  early backtracks :          0 (0.0%)
  nodes exc. ref.  :          0 (0.0%)
  delayed cutoffs  :          0
  repropagations   :        936 (600 domain reductions, 0 cutoffs)
  avg switch length:       3.72
  switching time   :       6.63
Root Node          :
  First LP value   : +1.92009464506805e+05
  First LP Iters   :       5401 (3549.79 Iter/sec)
  First LP Time    :       1.52
  Final Dual Bound : +1.96029942787783e+05
  Final Root Iters :     523734
  Root LP Estimate : +2.00977789020853e+05
Solution           :
  Solutions found  :         76 (46 improvements)
  First Solution   : +2.03155720000000e+05   (in run 1, after 1 nodes, 0.63 seconds, depth 601, found by <locks>)
  Gap First Sol.   :   infinite
  Gap Last Sol.    :       1.47 %
  Primal Bound     : +1.99032418000000e+05   (in run 2, after 4831 nodes, 14015.47 seconds, depth 174, found by <crossover>)
  Dual Bound       : +1.96156076069707e+05
  Gap              :       1.47 %
Integrals          :      Total       Avg%
  primal-dual      :   28352.42       1.97
  primal-ref       :          -          - (not evaluated)
  dual-ref         :          -          - (not evaluated)

 Branching Statistics...

 Total number of propagations -> 0

 Number of cutoffs of KnaCons -> 0

 Total number of variables fixed to 1 by the propagator -> 0

 Total number of variables fixed to 0 by the propagator -> 0

 Maximum number of rounds of the approximation algorithm -> 0

 Runtime of the exact algorithm -> 0.0000 s

 Total number of variables fixed to 1 in the exact algorithm -> 0

 Total number of variables fixed to 0 in the exact algorithm -> 0

 Number of cutoffs in the exact algorithm -> 0

 Number of cutoffs in the approximation algorithm -> 0

 PS:  
