***************************************
*         SCIP-based CCP Solver       *
*                                     *
*    Wei Lv and Wei-Kun Chen (2024)   *
***************************************
/share/home/wangzhaowei/lvwei/scipoptsuite-9.1.0/build/bin/examples/ccp -f CCLSData/5-2000-0.ccls -s CCLSSetting/DB-OPF2.set 
SCIP version 9.1.0 [precision: 8 byte] [memory: block] [mode: optimized] [LP solver: Soplex 7.1.0] [GitHash: 8cab0278ba]
Copyright (c) 2002-2024 Zuse Institute Berlin (ZIB)

External libraries: 
  Soplex 7.1.0         Linear Programming Solver developed at Zuse Institute Berlin (soplex.zib.de) [GitHash: 595bfac9]
  CppAD 20180000.0     Algorithmic Differentiation of C++ algorithms developed by B. Bell (github.com/coin-or/CppAD)
  ZLIB 1.2.7           General purpose compression library by J. Gailly and M. Adler (zlib.net)
  GMP 6.0.0            GNU Multiple Precision Arithmetic Library developed by T. Granlund (gmplib.org)
  AMPL/MP 690e9e7      AMPL .nl file reader library (github.com/ampl/mp)
  PaPILO 2.3.0         parallel presolve for integer and linear optimization (github.com/scipopt/papilo) (built with TBB) [GitHash: 4b8ce6ed]
  Nauty 2.8.8          Computing Graph Automorphism Groups by Brendan D. McKay (users.cecs.anu.edu.au/~bdm/nauty)
  sassy 1.1            Symmetry preprocessor by Markus Anders (github.com/markusa4/sassy)

reading user parameter file <CCLSSetting/DB-OPF2.set>

read problem <CCLSData/5-2000-0.ccls>
============

File name: 	CCLSData/5-2000-0.ccls
Problem name:	5-2000-0
Dimension: 	5
NumScenario: 	2000
ConfidenceParameter: 	0.20
IsEqualProbability: 	1
BnC+MIX+DI: 	0
BnC+MIX+sDI: 	0
DB: 	0
DB+OPF: 	1
Dominance and Aggregation Statistics......
NumEdge:        2451100
NumBiEdge: 	681529
NumDomIneqs: 	1769571
DominanceRatio: 0.8852
NumAggScenario: 832 
BasicNumScenario: 831 
Propagator Statistics......
NumBasicDomIneqs: 116127
NumNonReDomIneqs: 6849
Duration: 0.0800 s 

original problem has 10847 variables (837 bin, 0 int, 0 impl, 10010 cont) and 12011 constraints

solve problem
=============

presolving:
(round 1, fast)       1603 del vars, 1602 del conss, 0 add conss, 8006 chg bounds, 0 chg sides, 0 chg coeffs, 0 upgd conss, 0 impls, 6849 clqs
(round 2, fast)       8002 del vars, 8001 del conss, 0 add conss, 8010 chg bounds, 0 chg sides, 0 chg coeffs, 0 upgd conss, 0 impls, 6849 clqs
   (0.1s) running MILP presolver
   (0.1s) MILP presolver (2 rounds): 0 aggregations, 0 fixings, 2000 bound changes
(round 3, medium)     8003 del vars, 8002 del conss, 0 add conss, 10010 chg bounds, 0 chg sides, 0 chg coeffs, 0 upgd conss, 0 impls, 6849 clqs
(round 4, exhaustive) 8003 del vars, 8002 del conss, 0 add conss, 10010 chg bounds, 0 chg sides, 0 chg coeffs, 2003 upgd conss, 0 impls, 6849 clqs
   (8.6s) probing cycle finished: starting next cycle
   (8.6s) symmetry computation started: requiring (bin +, int +, cont +), (fixed: bin -, int -, cont -)
   Symmetry detection interrupted: constraints of type chancecons do not provide symmetry information.
   If symmetries shall be detected, implement the CONSGETPERMSYMGRAPH callback.
   (8.6s) could not compute symmetry
presolving (5 rounds: 5 fast, 3 medium, 2 exhaustive):
 8003 deleted vars, 8002 deleted constraints, 0 added constraints, 10010 tightened bounds, 0 added holes, 0 changed sides, 0 changed coefficients
 615204 implications, 24860 cliques
presolved problem has 2844 variables (835 bin, 0 int, 0 impl, 2009 cont) and 4009 constraints
      1 constraints of type <chancecons>
   2003 constraints of type <varbound>
   2005 constraints of type <linear>
Presolving Time: 8.61

 time | node  | left  |LP iter|LP it/n|mem/heur|mdpt |vars |cons |rows |cuts |sepa|confs|strbr|  dualbound   | primalbound  |  gap   | compl. 
p 8.8s|     1 |     0 |   782 |     - |  clique|   0 |2844 |4009 |4008 |   0 |  0 |   0 |   0 | 1.974841e+03 | 5.627740e+03 | 184.97%| unknown
  9.1s|     1 |     0 |  5321 |     - |   146M |   0 |2844 |4009 |4008 |   0 |  0 |   0 |   0 | 3.951377e+03 | 5.627740e+03 |  42.42%| unknown
 13.3s|     1 |     0 |  6823 |     - |   276M |   0 |2844 |4009 |4590 | 582 |  1 |   0 |   0 | 4.130093e+03 | 5.627740e+03 |  36.26%| unknown
r13.3s|     1 |     0 |  6823 |     - |shifting|   0 |2844 |4009 |4590 | 582 |  1 |   0 |   0 | 4.130093e+03 | 5.397131e+03 |  30.68%| unknown
 14.5s|     1 |     0 |  7121 |     - |   276M |   0 |2844 |4009 |4984 | 976 |  2 |   0 |   0 | 4.147628e+03 | 5.397131e+03 |  30.13%| unknown
 14.5s|     1 |     0 |  7121 |     - |   277M |   0 |2844 |4009 |4984 | 976 |  2 |   0 |   0 | 4.147628e+03 | 5.397131e+03 |  30.13%| unknown
 15.6s|     1 |     0 |  7223 |     - |   277M |   0 |2844 |4009 |5371 |1363 |  3 |   0 |   0 | 4.147822e+03 | 5.397131e+03 |  30.12%| unknown
r15.6s|     1 |     0 |  7223 |     - |shifting|   0 |2844 |4009 |5371 |1363 |  3 |   0 |   0 | 4.147822e+03 | 5.396432e+03 |  30.10%| unknown
 16.6s|     1 |     0 |  7711 |     - |   277M |   0 |2844 |4009 |5755 |1747 |  4 |   0 |   0 | 4.182899e+03 | 5.396432e+03 |  29.01%| unknown
r16.6s|     1 |     0 |  7711 |     - |shifting|   0 |2844 |4009 |5755 |1747 |  4 |   0 |   0 | 4.182899e+03 | 5.386840e+03 |  28.78%| unknown
 17.5s|     1 |     0 |  7822 |     - |   277M |   0 |2844 |4009 |6149 |2141 |  5 |   0 |   0 | 4.183153e+03 | 5.386840e+03 |  28.77%| unknown
 18.5s|     1 |     0 |  8085 |     - |   277M |   0 |2844 |4009 |6544 |2536 |  6 |   0 |   0 | 4.184607e+03 | 5.386840e+03 |  28.73%| unknown
 19.5s|     1 |     0 |  8144 |     - |   278M |   0 |2844 |4009 |6934 |2926 |  7 |   0 |   0 | 4.184738e+03 | 5.386840e+03 |  28.73%| unknown
 20.4s|     1 |     0 |  8261 |     - |   278M |   0 |2844 |4009 |7324 |3316 |  8 |   0 |   0 | 4.184910e+03 | 5.386840e+03 |  28.72%| unknown
 21.4s|     1 |     0 |  8354 |     - |   278M |   0 |2844 |4009 |7713 |3705 |  9 |   0 |   0 | 4.185063e+03 | 5.386840e+03 |  28.72%| unknown
 time | node  | left  |LP iter|LP it/n|mem/heur|mdpt |vars |cons |rows |cuts |sepa|confs|strbr|  dualbound   | primalbound  |  gap   | compl. 
 22.2s|     1 |     0 |  8450 |     - |   278M |   0 |2844 |4009 |8098 |4090 | 10 |   0 |   0 | 4.185199e+03 | 5.386840e+03 |  28.71%| unknown
r22.3s|     1 |     0 |  8450 |     - |shifting|   0 |2844 |4009 |8098 |4090 | 10 |   0 |   0 | 4.185199e+03 | 5.386840e+03 |  28.71%| unknown
 23.1s|     1 |     0 |  8520 |     - |   279M |   0 |2844 |4009 |8481 |4473 | 11 |   0 |   0 | 4.185303e+03 | 5.386840e+03 |  28.71%| unknown
 23.9s|     1 |     0 |  8576 |     - |   279M |   0 |2844 |4009 |8863 |4855 | 12 |   0 |   0 | 4.185405e+03 | 5.386840e+03 |  28.71%| unknown
 24.7s|     1 |     0 |  8631 |     - |   279M |   0 |2844 |4009 |9246 |5238 | 13 |   0 |   0 | 4.185511e+03 | 5.386840e+03 |  28.70%| unknown
 25.5s|     1 |     0 |  8697 |     - |   280M |   0 |2844 |4009 |9628 |5620 | 14 |   0 |   0 | 4.185628e+03 | 5.386840e+03 |  28.70%| unknown
 26.3s|     1 |     0 |  8746 |     - |   280M |   0 |2844 |4009 |  10k|6004 | 15 |   0 |   0 | 4.185721e+03 | 5.386840e+03 |  28.70%| unknown
 27.1s|     1 |     0 |  8830 |     - |   280M |   0 |2844 |4009 |8258 |6383 | 16 |   0 |   0 | 4.185819e+03 | 5.386840e+03 |  28.69%| unknown
d28.3s|     1 |     0 | 19216 |     - |farkasdi|   0 |2844 |4009 |8258 |   0 | 16 |   0 |   0 | 4.185819e+03 | 4.419350e+03 |   5.58%| unknown
 28.8s|     1 |     0 | 21620 |     - |   281M |   0 |2844 |4009 |8258 |6383 | 16 |   0 |   0 | 4.185819e+03 | 4.419350e+03 |   5.58%| unknown
 29.5s|     1 |     0 | 21722 |     - |   282M |   0 |2844 |4009 |8640 |6765 | 17 |   0 |   0 | 4.185932e+03 | 4.419350e+03 |   5.58%| unknown
 32.5s|     1 |     2 | 21722 |     - |   282M |   0 |2844 |4009 |8640 |6765 | 17 |   0 |  22 | 4.190290e+03 | 4.419350e+03 |   5.47%| unknown
*44.9s|     7 |     2 | 25237 |2847.8 |strongbr|   4 |2844 |3935 |4598 |6765 |  2 |   6 | 187 | 4.190290e+03 | 4.374514e+03 |   4.40%|  21.82%

SCIP Status        : problem is solved [optimal solution found]
Solving Time (sec) : 46.80
Solving Nodes      : 57
Primal Bound       : +4.37451428870504e+03 (19 solutions)
Dual Bound         : +4.37451428870504e+03
Gap                : 0.00 %

primal solution (original space):
=================================

objective value:                     4374.51428870498
x#0                                                 1 	(obj:314.956)
x#1                                                 1 	(obj:363.664)
z#2                                                 1 	(obj:0)
z#3                                                 1 	(obj:0)
z#4                                                 1 	(obj:0)
z#5                                                 1 	(obj:0)
z#6                                                 1 	(obj:0)
z#7                                                 1 	(obj:0)
z#10                                                1 	(obj:0)
z#11                                                1 	(obj:0)
z#14                                                1 	(obj:0)
z#15                                                1 	(obj:0)
z#16                                                1 	(obj:0)
z#17                                                1 	(obj:0)
z#18                                                1 	(obj:0)
z#19                                                1 	(obj:0)
z#20                                                1 	(obj:0)
z#21                                                1 	(obj:0)
z#22                                                1 	(obj:0)
z#26                                                1 	(obj:0)
z#27                                                1 	(obj:0)
z#28                                                1 	(obj:0)
z#31                                                1 	(obj:0)
z#32                                                1 	(obj:0)
z#35                                                1 	(obj:0)
z#38                                                1 	(obj:0)
z#39                                                1 	(obj:0)
z#41                                                1 	(obj:0)
z#43                                                1 	(obj:0)
z#45                                                1 	(obj:0)
z#49                                                1 	(obj:0)
z#50                                                1 	(obj:0)
z#54                                                1 	(obj:0)
z#55                                                1 	(obj:0)
z#58                                                1 	(obj:0)
z#59                                                1 	(obj:0)
z#61                                                1 	(obj:0)
z#64                                                1 	(obj:0)
z#67                                                1 	(obj:0)
z#70                                                1 	(obj:0)
z#72                                                1 	(obj:0)
z#74                                                1 	(obj:0)
z#77                                                1 	(obj:0)
z#79                                                1 	(obj:0)
z#81                                                1 	(obj:0)
z#82                                                1 	(obj:0)
z#84                                                1 	(obj:0)
z#86                                                1 	(obj:0)
z#88                                                1 	(obj:0)
z#89                                                1 	(obj:0)
z#90                                                1 	(obj:0)
z#91                                                1 	(obj:0)
z#97                                                1 	(obj:0)
z#100                                               1 	(obj:0)
z#103                                               1 	(obj:0)
z#104                                               1 	(obj:0)
z#107                                               1 	(obj:0)
z#108                                               1 	(obj:0)
z#109                                               1 	(obj:0)
z#113                                               1 	(obj:0)
z#114                                               1 	(obj:0)
z#115                                               1 	(obj:0)
z#116                                               1 	(obj:0)
z#117                                               1 	(obj:0)
z#120                                               1 	(obj:0)
z#122                                               1 	(obj:0)
z#123                                               1 	(obj:0)
z#126                                               1 	(obj:0)
z#127                                               1 	(obj:0)
z#128                                               1 	(obj:0)
z#130                                               1 	(obj:0)
z#136                                               1 	(obj:0)
z#137                                               1 	(obj:0)
z#138                                               1 	(obj:0)
z#140                                               1 	(obj:0)
z#141                                               1 	(obj:0)
z#142                                               1 	(obj:0)
z#144                                               1 	(obj:0)
z#147                                               1 	(obj:0)
z#151                                               1 	(obj:0)
z#155                                               1 	(obj:0)
z#156                                               1 	(obj:0)
z#157                                               1 	(obj:0)
z#160                                               1 	(obj:0)
z#162                                               1 	(obj:0)
z#163                                               1 	(obj:0)
z#165                                               1 	(obj:0)
z#166                                               1 	(obj:0)
z#167                                               1 	(obj:0)
z#168                                               1 	(obj:0)
z#169                                               1 	(obj:0)
z#172                                               1 	(obj:0)
z#174                                               1 	(obj:0)
z#175                                               1 	(obj:0)
z#177                                               1 	(obj:0)
z#178                                               1 	(obj:0)
z#179                                               1 	(obj:0)
z#182                                               1 	(obj:0)
z#185                                               1 	(obj:0)
z#189                                               1 	(obj:0)
z#193                                               1 	(obj:0)
z#194                                               1 	(obj:0)
z#195                                               1 	(obj:0)
z#196                                               1 	(obj:0)
z#199                                               1 	(obj:0)
z#202                                               1 	(obj:0)
z#204                                               1 	(obj:0)
z#205                                               1 	(obj:0)
z#207                                               1 	(obj:0)
z#208                                               1 	(obj:0)
z#209                                               1 	(obj:0)
z#210                                               1 	(obj:0)
z#211                                               1 	(obj:0)
z#212                                               1 	(obj:0)
z#214                                               1 	(obj:0)
z#216                                               1 	(obj:0)
z#218                                               1 	(obj:0)
z#219                                               1 	(obj:0)
z#221                                               1 	(obj:0)
z#223                                               1 	(obj:0)
z#225                                               1 	(obj:0)
z#226                                               1 	(obj:0)
z#227                                               1 	(obj:0)
z#228                                               1 	(obj:0)
z#232                                               1 	(obj:0)
z#234                                               1 	(obj:0)
z#235                                               1 	(obj:0)
z#236                                               1 	(obj:0)
z#240                                               1 	(obj:0)
z#242                                               1 	(obj:0)
z#244                                               1 	(obj:0)
z#246                                               1 	(obj:0)
z#247                                               1 	(obj:0)
z#248                                               1 	(obj:0)
z#249                                               1 	(obj:0)
z#254                                               1 	(obj:0)
z#256                                               1 	(obj:0)
z#258                                               1 	(obj:0)
z#259                                               1 	(obj:0)
z#262                                               1 	(obj:0)
z#263                                               1 	(obj:0)
z#264                                               1 	(obj:0)
z#265                                               1 	(obj:0)
z#267                                               1 	(obj:0)
z#268                                               1 	(obj:0)
z#269                                               1 	(obj:0)
z#270                                               1 	(obj:0)
z#272                                               1 	(obj:0)
z#273                                               1 	(obj:0)
z#276                                               1 	(obj:0)
z#277                                               1 	(obj:0)
z#278                                               1 	(obj:0)
z#279                                               1 	(obj:0)
z#280                                               1 	(obj:0)
z#283                                               1 	(obj:0)
z#284                                               1 	(obj:0)
z#286                                               1 	(obj:0)
z#288                                               1 	(obj:0)
z#291                                               1 	(obj:0)
z#297                                               1 	(obj:0)
z#298                                               1 	(obj:0)
z#299                                               1 	(obj:0)
z#306                                               1 	(obj:0)
z#312                                               1 	(obj:0)
z#313                                               1 	(obj:0)
z#314                                               1 	(obj:0)
z#316                                               1 	(obj:0)
z#317                                               1 	(obj:0)
z#318                                               1 	(obj:0)
z#322                                               1 	(obj:0)
z#326                                               1 	(obj:0)
z#328                                               1 	(obj:0)
z#330                                               1 	(obj:0)
z#331                                               1 	(obj:0)
z#334                                               1 	(obj:0)
z#335                                               1 	(obj:0)
z#341                                               1 	(obj:0)
z#344                                               1 	(obj:0)
z#345                                               1 	(obj:0)
z#346                                               1 	(obj:0)
z#349                                               1 	(obj:0)
z#351                                               1 	(obj:0)
z#352                                               1 	(obj:0)
z#353                                               1 	(obj:0)
z#354                                               1 	(obj:0)
z#356                                               1 	(obj:0)
z#358                                               1 	(obj:0)
z#359                                               1 	(obj:0)
z#362                                               1 	(obj:0)
z#363                                               1 	(obj:0)
z#365                                               1 	(obj:0)
z#366                                               1 	(obj:0)
z#367                                               1 	(obj:0)
z#371                                               1 	(obj:0)
z#377                                               1 	(obj:0)
z#378                                               1 	(obj:0)
z#379                                               1 	(obj:0)
z#382                                               1 	(obj:0)
z#383                                               1 	(obj:0)
z#388                                               1 	(obj:0)
z#389                                               1 	(obj:0)
z#390                                               1 	(obj:0)
z#392                                               1 	(obj:0)
z#393                                               1 	(obj:0)
z#394                                               1 	(obj:0)
z#395                                               1 	(obj:0)
z#400                                               1 	(obj:0)
z#401                                               1 	(obj:0)
z#402                                               1 	(obj:0)
z#403                                               1 	(obj:0)
z#406                                               1 	(obj:0)
z#407                                               1 	(obj:0)
z#413                                               1 	(obj:0)
z#414                                               1 	(obj:0)
z#416                                               1 	(obj:0)
z#418                                               1 	(obj:0)
z#422                                               1 	(obj:0)
z#423                                               1 	(obj:0)
z#424                                               1 	(obj:0)
z#426                                               1 	(obj:0)
z#427                                               1 	(obj:0)
z#429                                               1 	(obj:0)
z#432                                               1 	(obj:0)
z#433                                               1 	(obj:0)
z#434                                               1 	(obj:0)
z#436                                               1 	(obj:0)
z#438                                               1 	(obj:0)
z#440                                               1 	(obj:0)
z#441                                               1 	(obj:0)
z#445                                               1 	(obj:0)
z#446                                               1 	(obj:0)
z#448                                               1 	(obj:0)
z#450                                               1 	(obj:0)
z#451                                               1 	(obj:0)
z#453                                               1 	(obj:0)
z#457                                               1 	(obj:0)
z#458                                               1 	(obj:0)
z#462                                               1 	(obj:0)
z#463                                               1 	(obj:0)
z#464                                               1 	(obj:0)
z#469                                               1 	(obj:0)
z#470                                               1 	(obj:0)
z#471                                               1 	(obj:0)
z#472                                               1 	(obj:0)
z#474                                               1 	(obj:0)
z#478                                               1 	(obj:0)
z#479                                               1 	(obj:0)
z#481                                               1 	(obj:0)
z#485                                               1 	(obj:0)
z#486                                               1 	(obj:0)
z#487                                               1 	(obj:0)
z#488                                               1 	(obj:0)
z#490                                               1 	(obj:0)
z#491                                               1 	(obj:0)
z#494                                               1 	(obj:0)
z#498                                               1 	(obj:0)
z#499                                               1 	(obj:0)
z#500                                               1 	(obj:0)
z#501                                               1 	(obj:0)
z#503                                               1 	(obj:0)
z#505                                               1 	(obj:0)
z#514                                               1 	(obj:0)
z#516                                               1 	(obj:0)
z#520                                               1 	(obj:0)
z#521                                               1 	(obj:0)
z#522                                               1 	(obj:0)
z#523                                               1 	(obj:0)
z#525                                               1 	(obj:0)
z#526                                               1 	(obj:0)
z#527                                               1 	(obj:0)
z#530                                               1 	(obj:0)
z#531                                               1 	(obj:0)
z#538                                               1 	(obj:0)
z#539                                               1 	(obj:0)
z#543                                               1 	(obj:0)
z#544                                               1 	(obj:0)
z#547                                               1 	(obj:0)
z#552                                               1 	(obj:0)
z#554                                               1 	(obj:0)
z#556                                               1 	(obj:0)
z#557                                               1 	(obj:0)
z#559                                               1 	(obj:0)
z#560                                               1 	(obj:0)
z#564                                               1 	(obj:0)
z#568                                               1 	(obj:0)
z#569                                               1 	(obj:0)
z#579                                               1 	(obj:0)
z#582                                               1 	(obj:0)
z#583                                               1 	(obj:0)
z#584                                               1 	(obj:0)
z#586                                               1 	(obj:0)
z#589                                               1 	(obj:0)
z#590                                               1 	(obj:0)
z#593                                               1 	(obj:0)
z#594                                               1 	(obj:0)
z#596                                               1 	(obj:0)
z#597                                               1 	(obj:0)
z#601                                               1 	(obj:0)
z#605                                               1 	(obj:0)
z#606                                               1 	(obj:0)
z#609                                               1 	(obj:0)
z#610                                               1 	(obj:0)
z#612                                               1 	(obj:0)
z#613                                               1 	(obj:0)
z#615                                               1 	(obj:0)
z#616                                               1 	(obj:0)
z#620                                               1 	(obj:0)
z#621                                               1 	(obj:0)
z#623                                               1 	(obj:0)
z#624                                               1 	(obj:0)
z#629                                               1 	(obj:0)
z#631                                               1 	(obj:0)
z#632                                               1 	(obj:0)
z#633                                               1 	(obj:0)
z#636                                               1 	(obj:0)
z#639                                               1 	(obj:0)
z#644                                               1 	(obj:0)
z#645                                               1 	(obj:0)
z#646                                               1 	(obj:0)
z#651                                               1 	(obj:0)
z#655                                               1 	(obj:0)
z#656                                               1 	(obj:0)
z#657                                               1 	(obj:0)
z#659                                               1 	(obj:0)
z#665                                               1 	(obj:0)
z#668                                               1 	(obj:0)
z#669                                               1 	(obj:0)
z#672                                               1 	(obj:0)
z#681                                               1 	(obj:0)
z#682                                               1 	(obj:0)
z#683                                               1 	(obj:0)
z#684                                               1 	(obj:0)
z#688                                               1 	(obj:0)
z#689                                               1 	(obj:0)
z#690                                               1 	(obj:0)
z#691                                               1 	(obj:0)
z#692                                               1 	(obj:0)
z#696                                               1 	(obj:0)
z#698                                               1 	(obj:0)
z#702                                               1 	(obj:0)
z#705                                               1 	(obj:0)
z#708                                               1 	(obj:0)
z#709                                               1 	(obj:0)
z#711                                               1 	(obj:0)
z#712                                               1 	(obj:0)
z#713                                               1 	(obj:0)
z#715                                               1 	(obj:0)
z#717                                               1 	(obj:0)
z#721                                               1 	(obj:0)
z#723                                               1 	(obj:0)
z#725                                               1 	(obj:0)
z#726                                               1 	(obj:0)
z#727                                               1 	(obj:0)
z#729                                               1 	(obj:0)
z#734                                               1 	(obj:0)
z#735                                               1 	(obj:0)
z#736                                               1 	(obj:0)
z#739                                               1 	(obj:0)
z#741                                               1 	(obj:0)
z#744                                               1 	(obj:0)
z#747                                               1 	(obj:0)
z#750                                               1 	(obj:0)
z#752                                               1 	(obj:0)
z#754                                               1 	(obj:0)
z#755                                               1 	(obj:0)
z#759                                               1 	(obj:0)
z#760                                               1 	(obj:0)
z#762                                               1 	(obj:0)
z#764                                               1 	(obj:0)
z#765                                               1 	(obj:0)
z#768                                               1 	(obj:0)
z#769                                               1 	(obj:0)
z#773                                               1 	(obj:0)
z#774                                               1 	(obj:0)
z#776                                               1 	(obj:0)
z#777                                               1 	(obj:0)
z#778                                               1 	(obj:0)
z#779                                               1 	(obj:0)
z#781                                               1 	(obj:0)
z#782                                               1 	(obj:0)
z#784                                               1 	(obj:0)
z#788                                               1 	(obj:0)
z#794                                               1 	(obj:0)
z#795                                               1 	(obj:0)
z#801                                               1 	(obj:0)
z#805                                               1 	(obj:0)
z#807                                               1 	(obj:0)
z#808                                               1 	(obj:0)
z#809                                               1 	(obj:0)
z#811                                               1 	(obj:0)
z#814                                               1 	(obj:0)
z#815                                               1 	(obj:0)
z#816                                               1 	(obj:0)
z#818                                               1 	(obj:0)
z#820                                               1 	(obj:0)
z#822                                               1 	(obj:0)
z#823                                               1 	(obj:0)
z#824                                               1 	(obj:0)
z#826                                               1 	(obj:0)
z#829                                               1 	(obj:0)
z#830                                               1 	(obj:0)
z#831                                               1 	(obj:0)
y#0                                            99.955 	(obj:9.726)
y#1                                           208.361 	(obj:2.468)
s#0#1                                         108.726 	(obj:0.002331)
s#0#2                                          22.301 	(obj:0.002262)
s#1#0                             0.00999999999999091 	(obj:0.002197)
s#1#1                                         113.416 	(obj:0.002331)
s#1#2                                          23.251 	(obj:0.002262)
s#2#0                              0.0199999999999818 	(obj:0.002197)
s#2#1                                         114.086 	(obj:0.002331)
s#2#2                                          26.811 	(obj:0.002262)
s#3#0                              0.0399999999999636 	(obj:0.002197)
s#3#1                                         114.616 	(obj:0.002331)
s#3#2                                28.3509999999999 	(obj:0.002262)
s#4#0                              0.0600000000000023 	(obj:0.002197)
s#4#1                                         115.736 	(obj:0.002331)
s#4#2                                          28.791 	(obj:0.002262)
s#5#0                              0.0600000000000023 	(obj:0.002197)
s#5#1                                         115.786 	(obj:0.002331)
s#5#2                                          31.151 	(obj:0.002262)
s#6#0                              0.0699999999999932 	(obj:0.002197)
s#6#1                                         116.366 	(obj:0.002331)
s#6#2                                          32.331 	(obj:0.002262)
s#7#0                              0.0999999999999659 	(obj:0.002197)
s#7#1                                         117.336 	(obj:0.002331)
s#7#2                                          35.551 	(obj:0.002262)
s#8#0                               0.129999999999995 	(obj:0.002197)
s#8#1                                         117.496 	(obj:0.002331)
s#8#2                                36.7309999999999 	(obj:0.002262)
s#9#0                               0.189999999999998 	(obj:0.002197)
s#9#1                                         118.426 	(obj:0.002331)
s#9#2                                          38.021 	(obj:0.002262)
s#10#0                              0.230000000000018 	(obj:0.002197)
s#10#1                                        118.506 	(obj:0.002331)
s#10#2                                         39.311 	(obj:0.002262)
s#11#0                                           0.25 	(obj:0.002197)
s#11#1                                        119.236 	(obj:0.002331)
s#11#2                                         40.631 	(obj:0.002262)
s#12#0                              0.319999999999993 	(obj:0.002197)
s#12#1                                        119.376 	(obj:0.002331)
s#12#2                                         40.951 	(obj:0.002262)
s#13#0                              0.379999999999995 	(obj:0.002197)
s#13#1                                        119.826 	(obj:0.002331)
s#13#2                                         41.831 	(obj:0.002262)
s#14#0                               0.46999999999997 	(obj:0.002197)
s#14#1                                        119.966 	(obj:0.002331)
s#14#2                                         42.011 	(obj:0.002262)
s#15#0                              0.519999999999982 	(obj:0.002197)
s#15#1                                        120.616 	(obj:0.002331)
s#15#2                                         43.021 	(obj:0.002262)
s#16#0                              0.529999999999973 	(obj:0.002197)
s#16#1                                        120.696 	(obj:0.002331)
s#16#2                                         43.401 	(obj:0.002262)
s#17#0                              0.560000000000002 	(obj:0.002197)
s#17#1                                        121.726 	(obj:0.002331)
s#17#2                               44.0309999999999 	(obj:0.002262)
s#18#0                              0.579999999999984 	(obj:0.002197)
s#18#1                                        121.876 	(obj:0.002331)
s#18#2                               44.2309999999999 	(obj:0.002262)
s#19#0                              0.689999999999998 	(obj:0.002197)
s#19#1                                        122.276 	(obj:0.002331)
s#19#2                                         44.251 	(obj:0.002262)
s#20#0                               0.70999999999998 	(obj:0.002197)
s#20#1                                        122.586 	(obj:0.002331)
s#20#2                               44.7209999999999 	(obj:0.002262)
s#21#0                              0.839999999999975 	(obj:0.002197)
s#21#1                                        122.746 	(obj:0.002331)
s#21#2                                         44.871 	(obj:0.002262)
s#22#0                               0.92999999999995 	(obj:0.002197)
s#22#1                                        123.236 	(obj:0.002331)
s#22#2                                         45.751 	(obj:0.002262)
s#23#0                              0.949999999999989 	(obj:0.002197)
s#23#1                                        123.476 	(obj:0.002331)
s#23#2                                         46.321 	(obj:0.002262)
s#24#0                                              1 	(obj:0.002197)
s#24#1                                        124.186 	(obj:0.002331)
s#24#2                                         46.901 	(obj:0.002262)
s#25#0                               1.02999999999997 	(obj:0.002197)
s#25#1                                        124.896 	(obj:0.002331)
s#25#2                                         47.191 	(obj:0.002262)
s#26#0                               1.06999999999999 	(obj:0.002197)
s#26#1                                        125.346 	(obj:0.002331)
s#26#2                                         47.921 	(obj:0.002262)
s#27#0                               1.09999999999997 	(obj:0.002197)
s#27#1                                        125.386 	(obj:0.002331)
s#27#2                                         48.141 	(obj:0.002262)
s#28#0                               1.09999999999997 	(obj:0.002197)
s#28#1                                        125.456 	(obj:0.002331)
s#28#2                                         48.901 	(obj:0.002262)
s#29#0                               1.19999999999999 	(obj:0.002197)
s#29#1                                        125.546 	(obj:0.002331)
s#29#2                                         48.921 	(obj:0.002262)
s#30#0                               1.25999999999999 	(obj:0.002197)
s#30#1                                        125.646 	(obj:0.002331)
s#30#2                                         50.361 	(obj:0.002262)
s#31#0                               1.26999999999998 	(obj:0.002197)
s#31#1                                        126.066 	(obj:0.002331)
s#31#2                                         50.941 	(obj:0.002262)
s#32#0                               1.33999999999997 	(obj:0.002197)
s#32#1                                        126.096 	(obj:0.002331)
s#32#2                                         51.881 	(obj:0.002262)
s#33#0                               1.39999999999998 	(obj:0.002197)
s#33#1                                        127.296 	(obj:0.002331)
s#33#2                                         52.261 	(obj:0.002262)
s#34#0                               1.42999999999995 	(obj:0.002197)
s#34#1                                        127.306 	(obj:0.002331)
s#34#2                                         52.451 	(obj:0.002262)
s#35#0                                            1.5 	(obj:0.002197)
s#35#1                                        127.486 	(obj:0.002331)
s#35#2                                         54.291 	(obj:0.002262)
s#36#0                               1.54999999999995 	(obj:0.002197)
s#36#1                                        127.696 	(obj:0.002331)
s#36#2                                         54.531 	(obj:0.002262)
s#37#0                                           1.58 	(obj:0.002197)
s#37#1                                        127.866 	(obj:0.002331)
s#37#2                                         55.651 	(obj:0.002262)
s#38#0                               1.57999999999998 	(obj:0.002197)
s#38#1                                        127.906 	(obj:0.002331)
s#38#2                                         55.741 	(obj:0.002262)
s#39#0                               1.59999999999997 	(obj:0.002197)
s#39#1                                        127.956 	(obj:0.002331)
s#39#2                                         55.971 	(obj:0.002262)
s#40#0                               1.67999999999995 	(obj:0.002197)
s#40#1                                        128.006 	(obj:0.002331)
s#40#2                                         56.131 	(obj:0.002262)
s#41#0                               1.70999999999999 	(obj:0.002197)
s#41#1                                        128.836 	(obj:0.002331)
s#41#2                                         56.301 	(obj:0.002262)
s#42#0                               1.77999999999997 	(obj:0.002197)
s#42#1                                        129.036 	(obj:0.002331)
s#42#2                                         56.841 	(obj:0.002262)
s#43#0                               1.78999999999996 	(obj:0.002197)
s#43#1                                        129.656 	(obj:0.002331)
s#43#2                                         57.261 	(obj:0.002262)
s#44#0                                           2.03 	(obj:0.002197)
s#44#1                                        129.936 	(obj:0.002331)
s#44#2                                         57.271 	(obj:0.002262)
s#45#0                                           2.06 	(obj:0.002197)
s#45#1                                        129.936 	(obj:0.002331)
s#45#2                                         57.831 	(obj:0.002262)
s#46#0                                           2.08 	(obj:0.002197)
s#46#1                                        130.076 	(obj:0.002331)
s#46#2                                         57.991 	(obj:0.002262)
s#47#0                               2.17999999999999 	(obj:0.002197)
s#47#1                                        130.146 	(obj:0.002331)
s#47#2                                         58.001 	(obj:0.002262)
s#48#0                                            2.2 	(obj:0.002197)
s#48#1                                        130.166 	(obj:0.002331)
s#48#2                                         58.261 	(obj:0.002262)
s#49#0                                           2.22 	(obj:0.002197)
s#49#1                                        130.336 	(obj:0.002331)
s#49#2                                         58.541 	(obj:0.002262)
s#50#0                               2.27999999999997 	(obj:0.002197)
s#50#1                                        130.406 	(obj:0.002331)
s#50#2                                         58.811 	(obj:0.002262)
s#51#0                                           2.44 	(obj:0.002197)
s#51#1                                        130.466 	(obj:0.002331)
s#51#2                               59.7809999999999 	(obj:0.002262)
s#52#0                               2.45999999999999 	(obj:0.002197)
s#52#1                                        130.646 	(obj:0.002331)
s#52#2                                         59.981 	(obj:0.002262)
s#53#0                                            2.5 	(obj:0.002197)
s#53#1                                        130.666 	(obj:0.002331)
s#53#2                               60.2809999999999 	(obj:0.002262)
s#54#0                               2.51999999999998 	(obj:0.002197)
s#54#1                                        130.776 	(obj:0.002331)
s#54#2                                         61.121 	(obj:0.002262)
s#55#0                               2.58999999999997 	(obj:0.002197)
s#55#1                                        130.796 	(obj:0.002331)
s#55#2                                         61.691 	(obj:0.002262)
s#56#0                                           2.64 	(obj:0.002197)
s#56#1                                        130.976 	(obj:0.002331)
s#56#2                                         61.701 	(obj:0.002262)
s#57#0                               2.66999999999996 	(obj:0.002197)
s#57#1                                        131.166 	(obj:0.002331)
s#57#2                               62.4709999999999 	(obj:0.002262)
s#58#0                               2.67999999999999 	(obj:0.002197)
s#58#1                                        131.606 	(obj:0.002331)
s#58#2                               62.4909999999999 	(obj:0.002262)
s#59#0                               2.76000000000001 	(obj:0.002197)
s#59#1                                        131.706 	(obj:0.002331)
s#59#2                                         62.671 	(obj:0.002262)
s#60#0                               2.81999999999999 	(obj:0.002197)
s#60#1                                        131.716 	(obj:0.002331)
s#60#2                                         62.691 	(obj:0.002262)
s#61#0                                           2.84 	(obj:0.002197)
s#61#1                                        132.206 	(obj:0.002331)
s#61#2                                         62.831 	(obj:0.002262)
s#62#0                                           2.84 	(obj:0.002197)
s#62#1                                        132.296 	(obj:0.002331)
s#62#2                                         63.251 	(obj:0.002262)
s#62#3                              0.225999999999999 	(obj:8e-05)
s#63#0                               2.88999999999999 	(obj:0.002197)
s#63#1                                        132.436 	(obj:0.002331)
s#63#2                                         63.311 	(obj:0.002262)
s#63#3                              0.365999999999985 	(obj:8e-05)
s#64#0                               2.89999999999998 	(obj:0.002197)
s#64#1                                        132.646 	(obj:0.002331)
s#64#2                                         63.321 	(obj:0.002262)
s#64#3                              0.385999999999967 	(obj:8e-05)
s#65#0                                           3.08 	(obj:0.002197)
s#65#1                                        132.786 	(obj:0.002331)
s#65#2                                         63.521 	(obj:0.002262)
s#65#3                               1.15599999999995 	(obj:8e-05)
s#66#0                                           3.12 	(obj:0.002197)
s#66#1                                        133.276 	(obj:0.002331)
s#66#2                                         64.041 	(obj:0.002262)
s#66#3                               1.33599999999996 	(obj:8e-05)
s#67#0                               3.28999999999999 	(obj:0.002197)
s#67#1                                        133.786 	(obj:0.002331)
s#67#2                                         64.241 	(obj:0.002262)
s#67#3                               1.47599999999994 	(obj:8e-05)
s#68#0                                           3.33 	(obj:0.002197)
s#68#1                                        133.856 	(obj:0.002331)
s#68#2                                         65.291 	(obj:0.002262)
s#68#3                               3.36599999999993 	(obj:8e-05)
s#69#0                               3.40999999999997 	(obj:0.002197)
s#69#1                                        133.886 	(obj:0.002331)
s#69#2                                         65.451 	(obj:0.002262)
s#69#3                               3.57599999999996 	(obj:8e-05)
s#70#0                                           3.45 	(obj:0.002197)
s#70#1                                        134.006 	(obj:0.002331)
s#70#2                                         65.541 	(obj:0.002262)
s#70#3                               3.69599999999997 	(obj:8e-05)
s#71#0                                            3.5 	(obj:0.002197)
s#71#1                                        134.856 	(obj:0.002331)
s#71#2                                         65.931 	(obj:0.002262)
s#71#3                               3.71599999999995 	(obj:8e-05)
s#72#0                                            3.5 	(obj:0.002197)
s#72#1                                        134.866 	(obj:0.002331)
s#72#2                                         65.971 	(obj:0.002262)
s#72#3                               3.74599999999998 	(obj:8e-05)
s#73#0                               3.51000000000001 	(obj:0.002197)
s#73#1                                        134.956 	(obj:0.002331)
s#73#2                                         66.171 	(obj:0.002262)
s#73#3                               4.30599999999998 	(obj:8e-05)
s#74#0                               3.56999999999999 	(obj:0.002197)
s#74#1                                        135.146 	(obj:0.002331)
s#74#2                                         66.231 	(obj:0.002262)
s#74#3                                          4.476 	(obj:8e-05)
s#75#0                               3.59999999999997 	(obj:0.002197)
s#75#1                                        135.366 	(obj:0.002331)
s#75#2                                         66.331 	(obj:0.002262)
s#75#3                               4.86599999999999 	(obj:8e-05)
s#76#0                               3.67999999999999 	(obj:0.002197)
s#76#1                                        135.376 	(obj:0.002331)
s#76#2                                         66.401 	(obj:0.002262)
s#76#3                               5.65599999999995 	(obj:8e-05)
s#77#0                                            3.7 	(obj:0.002197)
s#77#1                                        135.916 	(obj:0.002331)
s#77#2                                         66.841 	(obj:0.002262)
s#77#3                               5.75599999999997 	(obj:8e-05)
s#78#0                               3.73000000000002 	(obj:0.002197)
s#78#1                                        135.936 	(obj:0.002331)
s#78#2                                         67.131 	(obj:0.002262)
s#78#3                               5.77600000000001 	(obj:8e-05)
s#79#0                                           3.75 	(obj:0.002197)
s#79#1                                        135.956 	(obj:0.002331)
s#79#2                                         67.351 	(obj:0.002262)
s#79#3                               6.36599999999993 	(obj:8e-05)
s#80#0                                           3.78 	(obj:0.002197)
s#80#1                                        136.086 	(obj:0.002331)
s#80#2                                         67.661 	(obj:0.002262)
s#80#3                               6.75599999999997 	(obj:8e-05)
s#81#0                               3.81999999999999 	(obj:0.002197)
s#81#1                                        136.096 	(obj:0.002331)
s#81#2                                         67.681 	(obj:0.002262)
s#81#3                               6.79599999999994 	(obj:8e-05)
s#82#0                               3.86000000000001 	(obj:0.002197)
s#82#1                                        136.116 	(obj:0.002331)
s#82#2                                         67.841 	(obj:0.002262)
s#82#3                               7.20599999999996 	(obj:8e-05)
s#83#0                               3.86000000000001 	(obj:0.002197)
s#83#1                                        136.326 	(obj:0.002331)
s#83#2                                         68.371 	(obj:0.002262)
s#83#3                               7.31599999999997 	(obj:8e-05)
s#84#0                                           3.87 	(obj:0.002197)
s#84#1                                        136.446 	(obj:0.002331)
s#84#2                                         69.271 	(obj:0.002262)
s#84#3                               7.32599999999996 	(obj:8e-05)
s#85#0                                           3.88 	(obj:0.002197)
s#85#1                                        136.486 	(obj:0.002331)
s#85#2                                         69.611 	(obj:0.002262)
s#85#3                               7.44599999999997 	(obj:8e-05)
s#86#0                                           3.94 	(obj:0.002197)
s#86#1                                        136.696 	(obj:0.002331)
s#86#2                                         70.111 	(obj:0.002262)
s#86#3                               7.45599999999996 	(obj:8e-05)
s#87#0                               3.95999999999999 	(obj:0.002197)
s#87#1                                        136.746 	(obj:0.002331)
s#87#2                                         70.141 	(obj:0.002262)
s#87#3                                          7.666 	(obj:8e-05)
s#88#0                               4.03999999999999 	(obj:0.002197)
s#88#1                                        136.766 	(obj:0.002331)
s#88#2                                         70.271 	(obj:0.002262)
s#88#3                               8.65600000000001 	(obj:8e-05)
s#89#0                               4.06999999999999 	(obj:0.002197)
s#89#1                                        136.936 	(obj:0.002331)
s#89#2                                         70.361 	(obj:0.002262)
s#89#3                               9.71599999999995 	(obj:8e-05)
s#90#0                               4.07999999999998 	(obj:0.002197)
s#90#1                                        137.306 	(obj:0.002331)
s#90#2                                         70.591 	(obj:0.002262)
s#90#3                               9.86599999999993 	(obj:8e-05)
s#91#0                                           4.09 	(obj:0.002197)
s#91#1                                        137.316 	(obj:0.002331)
s#91#2                                         70.691 	(obj:0.002262)
s#91#3                               10.2259999999999 	(obj:8e-05)
s#92#0                               4.09999999999999 	(obj:0.002197)
s#92#1                                        137.326 	(obj:0.002331)
s#92#2                                         71.291 	(obj:0.002262)
s#92#3                               10.4259999999999 	(obj:8e-05)
s#93#0                                           4.12 	(obj:0.002197)
s#93#1                                        137.536 	(obj:0.002331)
s#93#2                                         71.531 	(obj:0.002262)
s#93#3                                         10.946 	(obj:8e-05)
s#94#0                                           4.13 	(obj:0.002197)
s#94#1                                        138.346 	(obj:0.002331)
s#94#2                                         71.581 	(obj:0.002262)
s#94#3                                         11.066 	(obj:8e-05)
s#95#0                                           4.17 	(obj:0.002197)
s#95#1                                        138.366 	(obj:0.002331)
s#95#2                                         71.741 	(obj:0.002262)
s#95#3                                         11.316 	(obj:8e-05)
s#96#0                               4.17999999999999 	(obj:0.002197)
s#96#1                                        138.566 	(obj:0.002331)
s#96#2                                         72.541 	(obj:0.002262)
s#96#3                                         11.526 	(obj:8e-05)
s#97#0                               4.17999999999999 	(obj:0.002197)
s#97#1                                        138.686 	(obj:0.002331)
s#97#2                                         72.591 	(obj:0.002262)
s#97#3                               12.2359999999999 	(obj:8e-05)
s#98#0                               4.26000000000001 	(obj:0.002197)
s#98#1                                        138.706 	(obj:0.002331)
s#98#2                                         73.051 	(obj:0.002262)
s#98#3                                         12.296 	(obj:8e-05)
s#99#0                                           4.27 	(obj:0.002197)
s#99#1                                        138.736 	(obj:0.002331)
s#99#2                                         73.271 	(obj:0.002262)
s#99#3                                         12.376 	(obj:8e-05)
s#100#0                                          4.31 	(obj:0.002197)
s#100#1                                       138.786 	(obj:0.002331)
s#100#2                                        73.651 	(obj:0.002262)
s#100#3                              12.4959999999999 	(obj:8e-05)
s#101#0                              4.36000000000001 	(obj:0.002197)
s#101#1                                       138.956 	(obj:0.002331)
s#101#2                                        74.041 	(obj:0.002262)
s#101#3                                        12.726 	(obj:8e-05)
s#102#0                                          4.37 	(obj:0.002197)
s#102#1                                       139.066 	(obj:0.002331)
s#102#2                              74.2809999999999 	(obj:0.002262)
s#102#3                                        12.966 	(obj:8e-05)
s#103#0                              4.39999999999999 	(obj:0.002197)
s#103#1                                       139.116 	(obj:0.002331)
s#103#2                                        74.641 	(obj:0.002262)
s#103#3                                        13.386 	(obj:8e-05)
s#104#0                              4.42999999999999 	(obj:0.002197)
s#104#1                                       139.356 	(obj:0.002331)
s#104#2                                        74.971 	(obj:0.002262)
s#104#3                              13.5459999999999 	(obj:8e-05)
s#105#0                                          4.45 	(obj:0.002197)
s#105#1                                       139.636 	(obj:0.002331)
s#105#2                                        75.841 	(obj:0.002262)
s#105#3                                        13.666 	(obj:8e-05)
s#106#0                                          4.45 	(obj:0.002197)
s#106#1                                       139.776 	(obj:0.002331)
s#106#2                                        75.971 	(obj:0.002262)
s#106#3                                        13.706 	(obj:8e-05)
s#107#0                              4.49000000000001 	(obj:0.002197)
s#107#1                                       139.876 	(obj:0.002331)
s#107#2                                        76.001 	(obj:0.002262)
s#107#3                                        13.746 	(obj:8e-05)
s#108#0                                          4.55 	(obj:0.002197)
s#108#1                                       140.086 	(obj:0.002331)
s#108#2                                        76.091 	(obj:0.002262)
s#108#3                                        14.236 	(obj:8e-05)
s#109#0                              4.61000000000001 	(obj:0.002197)
s#109#1                                       140.306 	(obj:0.002331)
s#109#2                                        76.111 	(obj:0.002262)
s#109#3                                        14.676 	(obj:8e-05)
s#110#0                                          4.69 	(obj:0.002197)
s#110#1                                       140.576 	(obj:0.002331)
s#110#2                                        76.181 	(obj:0.002262)
s#110#3                              14.7259999999999 	(obj:8e-05)
s#111#0                              4.73000000000002 	(obj:0.002197)
s#111#1                                       140.606 	(obj:0.002331)
s#111#2                                        76.301 	(obj:0.002262)
s#111#3                                        14.766 	(obj:8e-05)
s#112#0                              4.83999999999997 	(obj:0.002197)
s#112#1                                       140.756 	(obj:0.002331)
s#112#2                                        76.541 	(obj:0.002262)
s#112#3                                        14.876 	(obj:8e-05)
s#113#0                              4.99000000000001 	(obj:0.002197)
s#113#1                                       140.796 	(obj:0.002331)
s#113#2                                        76.711 	(obj:0.002262)
s#113#3                              15.1259999999999 	(obj:8e-05)
s#114#0                                          5.03 	(obj:0.002197)
s#114#1                                       140.936 	(obj:0.002331)
s#114#2                                        76.901 	(obj:0.002262)
s#114#3                                        15.386 	(obj:8e-05)
s#115#0                              5.03999999999996 	(obj:0.002197)
s#115#1                                       140.966 	(obj:0.002331)
s#115#2                                        77.281 	(obj:0.002262)
s#115#3                                        15.666 	(obj:8e-05)
s#116#0                              5.06999999999999 	(obj:0.002197)
s#116#1                                       141.246 	(obj:0.002331)
s#116#2                                        77.341 	(obj:0.002262)
s#116#3                                        16.206 	(obj:8e-05)
s#117#0                                          5.13 	(obj:0.002197)
s#117#1                                       141.466 	(obj:0.002331)
s#117#2                                        77.621 	(obj:0.002262)
s#117#3                                        16.756 	(obj:8e-05)
s#118#0                              5.14999999999999 	(obj:0.002197)
s#118#1                                       141.466 	(obj:0.002331)
s#118#2                                        77.911 	(obj:0.002262)
s#118#3                                        16.906 	(obj:8e-05)
s#119#0                              5.14999999999999 	(obj:0.002197)
s#119#1                                       141.566 	(obj:0.002331)
s#119#2                                        77.961 	(obj:0.002262)
s#119#3                                        17.026 	(obj:8e-05)
s#120#0                                          5.16 	(obj:0.002197)
s#120#1                                       141.776 	(obj:0.002331)
s#120#2                                        78.051 	(obj:0.002262)
s#120#3                                        17.286 	(obj:8e-05)
s#121#0                                          5.16 	(obj:0.002197)
s#121#1                                       141.776 	(obj:0.002331)
s#121#2                                        78.141 	(obj:0.002262)
s#121#3                                        17.396 	(obj:8e-05)
s#122#0                                           5.2 	(obj:0.002197)
s#122#1                                       142.276 	(obj:0.002331)
s#122#2                                        78.161 	(obj:0.002262)
s#122#3                                        17.446 	(obj:8e-05)
s#123#0                              5.23000000000002 	(obj:0.002197)
s#123#1                                       142.526 	(obj:0.002331)
s#123#2                                        78.321 	(obj:0.002262)
s#123#3                                        17.636 	(obj:8e-05)
s#124#0                              5.31999999999999 	(obj:0.002197)
s#124#1                                       142.576 	(obj:0.002331)
s#124#2                                        78.391 	(obj:0.002262)
s#124#3                                        18.966 	(obj:8e-05)
s#125#0                              5.34999999999999 	(obj:0.002197)
s#125#1                                       142.666 	(obj:0.002331)
s#125#2                                        78.541 	(obj:0.002262)
s#125#3                              19.1059999999999 	(obj:8e-05)
s#126#0                                          5.41 	(obj:0.002197)
s#126#1                                       143.126 	(obj:0.002331)
s#126#2                                        79.091 	(obj:0.002262)
s#126#3                                        19.196 	(obj:8e-05)
s#127#0                                          5.45 	(obj:0.002197)
s#127#1                                       143.186 	(obj:0.002331)
s#127#2                                        79.171 	(obj:0.002262)
s#127#3                                        19.376 	(obj:8e-05)
s#128#0                              5.45999999999999 	(obj:0.002197)
s#128#1                                       143.206 	(obj:0.002331)
s#128#2                                        79.541 	(obj:0.002262)
s#128#3                                        19.446 	(obj:8e-05)
s#129#0                              5.48000000000002 	(obj:0.002197)
s#129#1                                       143.356 	(obj:0.002331)
s#129#2                                        79.731 	(obj:0.002262)
s#129#3                                        19.526 	(obj:8e-05)
s#130#0                              5.51000000000001 	(obj:0.002197)
s#130#1                                       143.956 	(obj:0.002331)
s#130#2                                        80.181 	(obj:0.002262)
s#130#3                                        19.816 	(obj:8e-05)
s#131#0                              5.53999999999999 	(obj:0.002197)
s#131#1                                       144.496 	(obj:0.002331)
s#131#2                                        80.571 	(obj:0.002262)
s#131#3                                        19.836 	(obj:8e-05)
s#132#0                                          5.58 	(obj:0.002197)
s#132#1                                       144.496 	(obj:0.002331)
s#132#2                                        80.631 	(obj:0.002262)
s#132#3                              20.0959999999999 	(obj:8e-05)
s#133#0                                          5.59 	(obj:0.002197)
s#133#1                                       144.606 	(obj:0.002331)
s#133#2                                        81.111 	(obj:0.002262)
s#133#3                              20.2259999999999 	(obj:8e-05)
s#134#0                              5.61000000000001 	(obj:0.002197)
s#134#1                                       144.616 	(obj:0.002331)
s#134#2                                        81.421 	(obj:0.002262)
s#134#3                                        20.356 	(obj:8e-05)
s#135#0                              5.66999999999996 	(obj:0.002197)
s#135#1                                       144.656 	(obj:0.002331)
s#135#2                                        81.431 	(obj:0.002262)
s#135#3                                        20.566 	(obj:8e-05)
s#136#0                              5.67999999999999 	(obj:0.002197)
s#136#1                                       144.656 	(obj:0.002331)
s#136#2                                        81.451 	(obj:0.002262)
s#136#3                                        20.766 	(obj:8e-05)
s#137#0                                          5.69 	(obj:0.002197)
s#137#1                                       144.696 	(obj:0.002331)
s#137#2                                        81.471 	(obj:0.002262)
s#137#3                                        20.916 	(obj:8e-05)
s#138#0                              5.70999999999998 	(obj:0.002197)
s#138#1                                       144.756 	(obj:0.002331)
s#138#2                                        81.561 	(obj:0.002262)
s#138#3                                        20.926 	(obj:8e-05)
s#139#0                              5.73000000000002 	(obj:0.002197)
s#139#1                                       144.766 	(obj:0.002331)
s#139#2                                        81.601 	(obj:0.002262)
s#139#3                                        21.056 	(obj:8e-05)
s#140#0                                          5.77 	(obj:0.002197)
s#140#1                                       144.856 	(obj:0.002331)
s#140#2                                        82.001 	(obj:0.002262)
s#140#3                                        21.086 	(obj:8e-05)
s#141#0                                          5.87 	(obj:0.002197)
s#141#1                                       144.926 	(obj:0.002331)
s#141#2                                        82.041 	(obj:0.002262)
s#141#3                              21.0959999999999 	(obj:8e-05)
s#142#0                              5.92999999999999 	(obj:0.002197)
s#142#1                                       145.076 	(obj:0.002331)
s#142#2                                        82.201 	(obj:0.002262)
s#142#3                                        21.136 	(obj:8e-05)
s#143#0                                          5.94 	(obj:0.002197)
s#143#1                                       145.076 	(obj:0.002331)
s#143#2                                        82.311 	(obj:0.002262)
s#143#3                                        21.426 	(obj:8e-05)
s#144#0                                          5.97 	(obj:0.002197)
s#144#1                                       145.166 	(obj:0.002331)
s#144#2                                        82.331 	(obj:0.002262)
s#144#3                                        21.496 	(obj:8e-05)
s#145#0                                          6.03 	(obj:0.002197)
s#145#1                                       145.216 	(obj:0.002331)
s#145#2                                        82.501 	(obj:0.002262)
s#145#3                                        21.536 	(obj:8e-05)
s#146#0                              6.09999999999999 	(obj:0.002197)
s#146#1                                       145.356 	(obj:0.002331)
s#146#2                                        82.521 	(obj:0.002262)
s#146#3                                        21.966 	(obj:8e-05)
s#147#0                                          6.12 	(obj:0.002197)
s#147#1                                       145.376 	(obj:0.002331)
s#147#2                                        82.691 	(obj:0.002262)
s#147#3                                        22.006 	(obj:8e-05)
s#148#0                                          6.12 	(obj:0.002197)
s#148#1                                       145.396 	(obj:0.002331)
s#148#2                                        82.751 	(obj:0.002262)
s#148#3                                        22.386 	(obj:8e-05)
s#149#0                                          6.13 	(obj:0.002197)
s#149#1                                       145.416 	(obj:0.002331)
s#149#2                                        83.081 	(obj:0.002262)
s#149#3                                        22.556 	(obj:8e-05)
s#150#0                              6.36000000000001 	(obj:0.002197)
s#150#1                                       145.586 	(obj:0.002331)
s#150#2                                        83.101 	(obj:0.002262)
s#150#3                              22.8459999999999 	(obj:8e-05)
s#151#0                                          6.39 	(obj:0.002197)
s#151#1                                       145.616 	(obj:0.002331)
s#151#2                              83.2909999999999 	(obj:0.002262)
s#151#3                                        23.026 	(obj:8e-05)
s#152#0                                          6.44 	(obj:0.002197)
s#152#1                                       145.636 	(obj:0.002331)
s#152#2                                        83.591 	(obj:0.002262)
s#152#3                              23.0359999999999 	(obj:8e-05)
s#153#0                              6.49000000000001 	(obj:0.002197)
s#153#1                                       145.706 	(obj:0.002331)
s#153#2                                        83.761 	(obj:0.002262)
s#153#3                                        23.066 	(obj:8e-05)
s#154#0                              6.74000000000001 	(obj:0.002197)
s#154#1                                       145.726 	(obj:0.002331)
s#154#2                              83.7809999999999 	(obj:0.002262)
s#154#3                                        23.076 	(obj:8e-05)
s#155#0                                          6.77 	(obj:0.002197)
s#155#1                                       145.776 	(obj:0.002331)
s#155#2                                        83.871 	(obj:0.002262)
s#155#3                                        23.696 	(obj:8e-05)
s#156#0                                           6.8 	(obj:0.002197)
s#156#1                                       145.876 	(obj:0.002331)
s#156#2                                        83.941 	(obj:0.002262)
s#156#3                                        23.696 	(obj:8e-05)
s#157#0                              6.81999999999999 	(obj:0.002197)
s#157#1                                       146.196 	(obj:0.002331)
s#157#2                                        84.011 	(obj:0.002262)
s#157#3                                        23.966 	(obj:8e-05)
s#158#0                              6.86000000000001 	(obj:0.002197)
s#158#1                                       146.196 	(obj:0.002331)
s#158#2                              84.2909999999999 	(obj:0.002262)
s#158#3                                        24.016 	(obj:8e-05)
s#159#0                                          6.87 	(obj:0.002197)
s#159#1                                       146.336 	(obj:0.002331)
s#159#2                                        84.621 	(obj:0.002262)
s#159#3                                        24.496 	(obj:8e-05)
s#160#0                                          6.94 	(obj:0.002197)
s#160#1                                       146.486 	(obj:0.002331)
s#160#2                                        84.921 	(obj:0.002262)
s#160#3                              24.6659999999999 	(obj:8e-05)
s#161#0                              6.98000000000002 	(obj:0.002197)
s#161#1                                       146.516 	(obj:0.002331)
s#161#2                                        84.951 	(obj:0.002262)
s#161#3                                        25.016 	(obj:8e-05)
s#162#0                                             7 	(obj:0.002197)
s#162#1                                       146.536 	(obj:0.002331)
s#162#2                                        85.001 	(obj:0.002262)
s#162#3                                        25.386 	(obj:8e-05)
s#163#0                                          7.05 	(obj:0.002197)
s#163#1                                       146.576 	(obj:0.002331)
s#163#2                                        85.101 	(obj:0.002262)
s#163#3                                        25.436 	(obj:8e-05)
s#164#0                                          7.08 	(obj:0.002197)
s#164#1                                       146.726 	(obj:0.002331)
s#164#2                                        85.151 	(obj:0.002262)
s#164#3                                        25.526 	(obj:8e-05)
s#165#0                              7.11000000000001 	(obj:0.002197)
s#165#1                                       147.206 	(obj:0.002331)
s#165#2                                        85.241 	(obj:0.002262)
s#165#3                              25.6059999999999 	(obj:8e-05)
s#166#0                              7.24000000000001 	(obj:0.002197)
s#166#1                                       147.346 	(obj:0.002331)
s#166#2                                        85.341 	(obj:0.002262)
s#166#3                                        26.006 	(obj:8e-05)
s#167#0                              7.27999999999997 	(obj:0.002197)
s#167#1                                       147.366 	(obj:0.002331)
s#167#2                                        85.431 	(obj:0.002262)
s#167#3                                        26.246 	(obj:8e-05)
s#168#0                                          7.34 	(obj:0.002197)
s#168#1                                       147.666 	(obj:0.002331)
s#168#2                                        85.461 	(obj:0.002262)
s#168#3                                        26.906 	(obj:8e-05)
s#169#0                              7.36000000000001 	(obj:0.002197)
s#169#1                                       147.746 	(obj:0.002331)
s#169#2                                        85.541 	(obj:0.002262)
s#169#3                                        26.966 	(obj:8e-05)
s#170#0                              7.39999999999999 	(obj:0.002197)
s#170#1                                       147.876 	(obj:0.002331)
s#170#2                                        85.591 	(obj:0.002262)
s#170#3                                        27.086 	(obj:8e-05)
s#171#0                              7.42999999999999 	(obj:0.002197)
s#171#1                                       147.896 	(obj:0.002331)
s#171#2                                        85.611 	(obj:0.002262)
s#171#3                              27.3459999999999 	(obj:8e-05)
s#172#0                              7.42999999999999 	(obj:0.002197)
s#172#1                                       148.186 	(obj:0.002331)
s#172#2                                        85.861 	(obj:0.002262)
s#172#3                                        27.386 	(obj:8e-05)
s#173#0                                          7.44 	(obj:0.002197)
s#173#1                                       148.206 	(obj:0.002331)
s#173#2                                        86.171 	(obj:0.002262)
s#173#3                              27.4759999999999 	(obj:8e-05)
s#174#0                                           7.5 	(obj:0.002197)
s#174#1                                       148.286 	(obj:0.002331)
s#174#2                                        86.211 	(obj:0.002262)
s#174#3                                        27.496 	(obj:8e-05)
s#175#0                                          7.53 	(obj:0.002197)
s#175#1                                       148.416 	(obj:0.002331)
s#175#2                                        86.261 	(obj:0.002262)
s#175#3                                        27.566 	(obj:8e-05)
s#176#0                                          7.56 	(obj:0.002197)
s#176#1                                       148.526 	(obj:0.002331)
s#176#2                                        86.381 	(obj:0.002262)
s#176#3                                        27.616 	(obj:8e-05)
s#177#0                                          7.56 	(obj:0.002197)
s#177#1                                       148.556 	(obj:0.002331)
s#177#2                                        86.551 	(obj:0.002262)
s#177#3                                        27.766 	(obj:8e-05)
s#178#0                                          7.62 	(obj:0.002197)
s#178#1                                       148.556 	(obj:0.002331)
s#178#2                                        86.811 	(obj:0.002262)
s#178#3                                        27.956 	(obj:8e-05)
s#179#0                                          7.63 	(obj:0.002197)
s#179#1                                       148.586 	(obj:0.002331)
s#179#2                              87.5309999999999 	(obj:0.002262)
s#179#3                                        28.116 	(obj:8e-05)
s#180#0                                          7.66 	(obj:0.002197)
s#180#1                                       148.696 	(obj:0.002331)
s#180#2                                        87.671 	(obj:0.002262)
s#180#3                                        28.146 	(obj:8e-05)
s#181#0                                          7.69 	(obj:0.002197)
s#181#1                                       148.876 	(obj:0.002331)
s#181#2                                        87.681 	(obj:0.002262)
s#181#3                                        28.386 	(obj:8e-05)
s#182#0                              7.70999999999999 	(obj:0.002197)
s#182#1                                       148.956 	(obj:0.002331)
s#182#2                                        87.741 	(obj:0.002262)
s#182#3                                        28.526 	(obj:8e-05)
s#183#0                              7.74000000000001 	(obj:0.002197)
s#183#1                                       148.966 	(obj:0.002331)
s#183#2                                        87.971 	(obj:0.002262)
s#183#3                                        28.546 	(obj:8e-05)
s#184#0                                          7.75 	(obj:0.002197)
s#184#1                                       149.126 	(obj:0.002331)
s#184#2                                        88.321 	(obj:0.002262)
s#184#3                                        28.826 	(obj:8e-05)
s#185#0                                          7.75 	(obj:0.002197)
s#185#1                                       149.336 	(obj:0.002331)
s#185#2                                        88.441 	(obj:0.002262)
s#185#3                              28.8459999999999 	(obj:8e-05)
s#186#0                              7.78999999999999 	(obj:0.002197)
s#186#1                                       149.376 	(obj:0.002331)
s#186#2                                        88.981 	(obj:0.002262)
s#186#3                                        28.916 	(obj:8e-05)
s#187#0                              7.78999999999999 	(obj:0.002197)
s#187#1                                       149.476 	(obj:0.002331)
s#187#2                                        89.081 	(obj:0.002262)
s#187#3                                        29.006 	(obj:8e-05)
s#188#0                              7.84999999999999 	(obj:0.002197)
s#188#1                                       149.596 	(obj:0.002331)
s#188#2                                        89.121 	(obj:0.002262)
s#188#3                                        29.066 	(obj:8e-05)
s#189#0                              8.01000000000001 	(obj:0.002197)
s#189#1                                       149.766 	(obj:0.002331)
s#189#2                                        89.511 	(obj:0.002262)
s#189#3                                        29.326 	(obj:8e-05)
s#190#0                              8.01000000000001 	(obj:0.002197)
s#190#1                                       149.876 	(obj:0.002331)
s#190#2                                        89.771 	(obj:0.002262)
s#190#3                                        29.336 	(obj:8e-05)
s#191#0                                          8.08 	(obj:0.002197)
s#191#1                                       150.036 	(obj:0.002331)
s#191#2                                        89.791 	(obj:0.002262)
s#191#3                                        29.416 	(obj:8e-05)
s#192#0                                          8.08 	(obj:0.002197)
s#192#1                                       150.086 	(obj:0.002331)
s#192#2                                        89.861 	(obj:0.002262)
s#192#3                                        29.566 	(obj:8e-05)
s#193#0                              8.11000000000001 	(obj:0.002197)
s#193#1                                       150.096 	(obj:0.002331)
s#193#2                                        89.921 	(obj:0.002262)
s#193#3                                        30.076 	(obj:8e-05)
s#194#0                                          8.14 	(obj:0.002197)
s#194#1                                       150.216 	(obj:0.002331)
s#194#2                                        89.951 	(obj:0.002262)
s#194#3                              30.1059999999999 	(obj:8e-05)
s#195#0                              8.14999999999999 	(obj:0.002197)
s#195#1                                       150.246 	(obj:0.002331)
s#195#2                                        90.361 	(obj:0.002262)
s#195#3                                        30.536 	(obj:8e-05)
s#196#0                              8.14999999999999 	(obj:0.002197)
s#196#1                                       150.366 	(obj:0.002331)
s#196#2                                        90.451 	(obj:0.002262)
s#196#3                                        30.706 	(obj:8e-05)
s#197#0                                          8.19 	(obj:0.002197)
s#197#1                                       150.376 	(obj:0.002331)
s#197#2                                        90.511 	(obj:0.002262)
s#197#3                                        30.796 	(obj:8e-05)
s#198#0                                           8.2 	(obj:0.002197)
s#198#1                                       150.476 	(obj:0.002331)
s#198#2                                        90.551 	(obj:0.002262)
s#198#3                                        30.836 	(obj:8e-05)
s#199#0                              8.34999999999999 	(obj:0.002197)
s#199#1                                       150.536 	(obj:0.002331)
s#199#2                                        90.721 	(obj:0.002262)
s#199#3                                        31.026 	(obj:8e-05)
s#200#0                                          8.41 	(obj:0.002197)
s#200#1                                       150.776 	(obj:0.002331)
s#200#2                                        90.751 	(obj:0.002262)
s#200#3                              31.2859999999999 	(obj:8e-05)
s#201#0                                           8.5 	(obj:0.002197)
s#201#1                                       150.806 	(obj:0.002331)
s#201#2                                        90.821 	(obj:0.002262)
s#201#3                                        31.326 	(obj:8e-05)
s#202#0                              8.61000000000001 	(obj:0.002197)
s#202#1                                       150.846 	(obj:0.002331)
s#202#2                                        91.191 	(obj:0.002262)
s#202#3                                        31.476 	(obj:8e-05)
s#203#0                              8.67999999999999 	(obj:0.002197)
s#203#1                                       150.856 	(obj:0.002331)
s#203#2                                        91.301 	(obj:0.002262)
s#203#3                                        31.776 	(obj:8e-05)
s#204#0                                          8.72 	(obj:0.002197)
s#204#1                                       151.246 	(obj:0.002331)
s#204#2                                        91.311 	(obj:0.002262)
s#204#3                              31.9059999999999 	(obj:8e-05)
s#205#0                                          8.72 	(obj:0.002197)
s#205#1                                       151.286 	(obj:0.002331)
s#205#2                              91.7909999999999 	(obj:0.002262)
s#205#3                                        32.456 	(obj:8e-05)
s#206#0                              8.76000000000001 	(obj:0.002197)
s#206#1                                       151.396 	(obj:0.002331)
s#206#2                                        91.831 	(obj:0.002262)
s#206#3                                        32.516 	(obj:8e-05)
s#207#0                                          8.77 	(obj:0.002197)
s#207#1                                       151.456 	(obj:0.002331)
s#207#2                                        91.861 	(obj:0.002262)
s#207#3                                        32.546 	(obj:8e-05)
s#208#0                                          8.88 	(obj:0.002197)
s#208#1                                       151.466 	(obj:0.002331)
s#208#2                                        92.121 	(obj:0.002262)
s#208#3                                        32.896 	(obj:8e-05)
s#209#0                                          8.97 	(obj:0.002197)
s#209#1                                       151.946 	(obj:0.002331)
s#209#2                                        92.151 	(obj:0.002262)
s#209#3                                        32.956 	(obj:8e-05)
s#210#0                                          9.03 	(obj:0.002197)
s#210#1                                       152.186 	(obj:0.002331)
s#210#2                                        92.161 	(obj:0.002262)
s#210#3                              33.1759999999999 	(obj:8e-05)
s#211#0                                          9.14 	(obj:0.002197)
s#211#1                                       152.186 	(obj:0.002331)
s#211#2                                        92.211 	(obj:0.002262)
s#211#3                              33.3459999999999 	(obj:8e-05)
s#212#0                                          9.14 	(obj:0.002197)
s#212#1                                       152.306 	(obj:0.002331)
s#212#2                                        92.231 	(obj:0.002262)
s#212#3                              33.4959999999999 	(obj:8e-05)
s#213#0                                          9.16 	(obj:0.002197)
s#213#1                                       152.516 	(obj:0.002331)
s#213#2                                        92.361 	(obj:0.002262)
s#213#3                                        33.776 	(obj:8e-05)
s#214#0                                          9.25 	(obj:0.002197)
s#214#1                                       152.526 	(obj:0.002331)
s#214#2                                        92.471 	(obj:0.002262)
s#214#3                                        33.836 	(obj:8e-05)
s#215#0                              9.31999999999999 	(obj:0.002197)
s#215#1                                       152.666 	(obj:0.002331)
s#215#2                                        92.501 	(obj:0.002262)
s#215#3                                        34.036 	(obj:8e-05)
s#216#0                              9.34999999999999 	(obj:0.002197)
s#216#1                                       152.696 	(obj:0.002331)
s#216#2                                        92.631 	(obj:0.002262)
s#216#3                                        34.276 	(obj:8e-05)
s#217#0                                          9.39 	(obj:0.002197)
s#217#1                                       152.736 	(obj:0.002331)
s#217#2                                        92.801 	(obj:0.002262)
s#217#3                                        34.436 	(obj:8e-05)
s#218#0                              9.49000000000001 	(obj:0.002197)
s#218#1                                       152.736 	(obj:0.002331)
s#218#2                                        92.831 	(obj:0.002262)
s#218#3                                        34.756 	(obj:8e-05)
s#219#0                              9.49000000000001 	(obj:0.002197)
s#219#1                                       152.886 	(obj:0.002331)
s#219#2                                        92.991 	(obj:0.002262)
s#219#3                                        34.826 	(obj:8e-05)
s#220#0                                          9.53 	(obj:0.002197)
s#220#1                                       153.126 	(obj:0.002331)
s#220#2                                        93.301 	(obj:0.002262)
s#220#3                                        34.916 	(obj:8e-05)
s#221#0                                          9.58 	(obj:0.002197)
s#221#1                                       153.306 	(obj:0.002331)
s#221#2                                        93.541 	(obj:0.002262)
s#221#3                                        35.686 	(obj:8e-05)
s#222#0                                          9.59 	(obj:0.002197)
s#222#1                                       153.356 	(obj:0.002331)
s#222#2                                        93.631 	(obj:0.002262)
s#222#3                              35.7859999999999 	(obj:8e-05)
s#223#0                                          9.59 	(obj:0.002197)
s#223#1                                       153.376 	(obj:0.002331)
s#223#2                                        93.881 	(obj:0.002262)
s#223#3                                        36.166 	(obj:8e-05)
s#224#0                                          9.63 	(obj:0.002197)
s#224#1                                       153.396 	(obj:0.002331)
s#224#2                              94.0309999999999 	(obj:0.002262)
s#224#3                                        36.896 	(obj:8e-05)
s#225#0                                          9.64 	(obj:0.002197)
s#225#1                                       153.566 	(obj:0.002331)
s#225#2                                        94.461 	(obj:0.002262)
s#225#3                                        37.026 	(obj:8e-05)
s#226#0                              9.73000000000002 	(obj:0.002197)
s#226#1                                       153.686 	(obj:0.002331)
s#226#2                              94.5309999999999 	(obj:0.002262)
s#226#3                                        37.036 	(obj:8e-05)
s#227#0                                          9.89 	(obj:0.002197)
s#227#1                                       153.766 	(obj:0.002331)
s#227#2                                        94.621 	(obj:0.002262)
s#227#3                                        37.086 	(obj:8e-05)
s#228#0                              9.89999999999999 	(obj:0.002197)
s#228#1                                       153.776 	(obj:0.002331)
s#228#2                                        94.681 	(obj:0.002262)
s#228#3                                        37.166 	(obj:8e-05)
s#229#0                                          9.91 	(obj:0.002197)
s#229#1                                       153.876 	(obj:0.002331)
s#229#2                                        94.831 	(obj:0.002262)
s#229#3                                        37.176 	(obj:8e-05)
s#230#0                              9.92999999999999 	(obj:0.002197)
s#230#1                                       154.046 	(obj:0.002331)
s#230#2                                        95.091 	(obj:0.002262)
s#230#3                                        37.316 	(obj:8e-05)
s#231#0                              9.92999999999999 	(obj:0.002197)
s#231#1                                       154.536 	(obj:0.002331)
s#231#2                              95.1009999999999 	(obj:0.002262)
s#231#3                                        37.396 	(obj:8e-05)
s#232#0                                          9.97 	(obj:0.002197)
s#232#1                                       154.576 	(obj:0.002331)
s#232#2                                        95.201 	(obj:0.002262)
s#232#3                                        37.426 	(obj:8e-05)
s#233#0                                            10 	(obj:0.002197)
s#233#1                                       154.696 	(obj:0.002331)
s#233#2                                        95.531 	(obj:0.002262)
s#233#3                                        37.576 	(obj:8e-05)
s#234#0                                            10 	(obj:0.002197)
s#234#1                                       154.716 	(obj:0.002331)
s#234#2                                        96.151 	(obj:0.002262)
s#234#3                                        37.696 	(obj:8e-05)
s#235#0                                         10.01 	(obj:0.002197)
s#235#1                                       154.846 	(obj:0.002331)
s#235#2                                        96.241 	(obj:0.002262)
s#235#3                                        37.776 	(obj:8e-05)
s#236#0                                         10.09 	(obj:0.002197)
s#236#1                                       154.976 	(obj:0.002331)
s#236#2                                        96.371 	(obj:0.002262)
s#236#3                                        38.236 	(obj:8e-05)
s#237#0                                         10.36 	(obj:0.002197)
s#237#1                                       155.086 	(obj:0.002331)
s#237#2                              96.4709999999999 	(obj:0.002262)
s#237#3                                        38.466 	(obj:8e-05)
s#238#0                                          10.4 	(obj:0.002197)
s#238#1                                       155.126 	(obj:0.002331)
s#238#2                                        96.661 	(obj:0.002262)
s#238#3                                        38.696 	(obj:8e-05)
s#239#0                                         10.45 	(obj:0.002197)
s#239#1                                       155.346 	(obj:0.002331)
s#239#2                                        96.661 	(obj:0.002262)
s#239#3                                        38.866 	(obj:8e-05)
s#240#0                                         10.49 	(obj:0.002197)
s#240#1                                       155.346 	(obj:0.002331)
s#240#2                                        96.731 	(obj:0.002262)
s#240#3                              39.2259999999999 	(obj:8e-05)
s#241#0                                          10.5 	(obj:0.002197)
s#241#1                                       155.446 	(obj:0.002331)
s#241#2                                        96.761 	(obj:0.002262)
s#241#3                              39.3459999999999 	(obj:8e-05)
s#242#0                                         10.51 	(obj:0.002197)
s#242#1                                       155.446 	(obj:0.002331)
s#242#2                                        96.861 	(obj:0.002262)
s#242#3                              39.4759999999999 	(obj:8e-05)
s#243#0                                         10.59 	(obj:0.002197)
s#243#1                                       155.656 	(obj:0.002331)
s#243#2                                        97.041 	(obj:0.002262)
s#243#3                                        39.526 	(obj:8e-05)
s#244#0                                         10.59 	(obj:0.002197)
s#244#1                                       155.766 	(obj:0.002331)
s#244#2                                        97.141 	(obj:0.002262)
s#244#3                                        39.546 	(obj:8e-05)
s#245#0                                         10.63 	(obj:0.002197)
s#245#1                                       155.766 	(obj:0.002331)
s#245#2                                        97.241 	(obj:0.002262)
s#245#3                                        39.556 	(obj:8e-05)
s#246#0                                         10.67 	(obj:0.002197)
s#246#1                                       155.836 	(obj:0.002331)
s#246#2                                        97.271 	(obj:0.002262)
s#246#3                              39.6259999999999 	(obj:8e-05)
s#247#0                                         10.68 	(obj:0.002197)
s#247#1                                       155.846 	(obj:0.002331)
s#247#2                                        97.341 	(obj:0.002262)
s#247#3                                        40.116 	(obj:8e-05)
s#248#0                                         10.71 	(obj:0.002197)
s#248#1                                       155.856 	(obj:0.002331)
s#248#2                                        97.401 	(obj:0.002262)
s#248#3                                        40.166 	(obj:8e-05)
s#249#0                                          10.9 	(obj:0.002197)
s#249#1                                       156.036 	(obj:0.002331)
s#249#2                                        97.491 	(obj:0.002262)
s#249#3                                        40.586 	(obj:8e-05)
s#250#0                                          10.9 	(obj:0.002197)
s#250#1                                       156.146 	(obj:0.002331)
s#250#2                                        97.541 	(obj:0.002262)
s#250#3                              40.5959999999999 	(obj:8e-05)
s#251#0                                         10.98 	(obj:0.002197)
s#251#1                                       156.196 	(obj:0.002331)
s#251#2                                        97.601 	(obj:0.002262)
s#251#3                              40.6059999999999 	(obj:8e-05)
s#252#0                                         11.07 	(obj:0.002197)
s#252#1                                       156.226 	(obj:0.002331)
s#252#2                                        97.661 	(obj:0.002262)
s#252#3                                        40.716 	(obj:8e-05)
s#253#0                                          11.1 	(obj:0.002197)
s#253#1                                       156.256 	(obj:0.002331)
s#253#2                                        97.821 	(obj:0.002262)
s#253#3                                        40.946 	(obj:8e-05)
s#254#0                                         11.12 	(obj:0.002197)
s#254#1                                       156.286 	(obj:0.002331)
s#254#2                                        97.951 	(obj:0.002262)
s#254#3                                        41.046 	(obj:8e-05)
s#255#0                                          11.2 	(obj:0.002197)
s#255#1                                       156.286 	(obj:0.002331)
s#255#2                                        97.991 	(obj:0.002262)
s#255#3                                        41.476 	(obj:8e-05)
s#256#0                                         11.21 	(obj:0.002197)
s#256#1                                       156.306 	(obj:0.002331)
s#256#2                                        98.011 	(obj:0.002262)
s#256#3                                        41.496 	(obj:8e-05)
s#257#0                                         11.21 	(obj:0.002197)
s#257#1                                       156.396 	(obj:0.002331)
s#257#2                                        98.081 	(obj:0.002262)
s#257#3                                        41.546 	(obj:8e-05)
s#258#0                                         11.27 	(obj:0.002197)
s#258#1                                       156.406 	(obj:0.002331)
s#258#2                                        98.271 	(obj:0.002262)
s#258#3                                        41.716 	(obj:8e-05)
s#259#0                                         11.38 	(obj:0.002197)
s#259#1                                       156.546 	(obj:0.002331)
s#259#2                                        98.301 	(obj:0.002262)
s#259#3                                        41.736 	(obj:8e-05)
s#260#0                                         11.45 	(obj:0.002197)
s#260#1                                       156.556 	(obj:0.002331)
s#260#2                                        98.301 	(obj:0.002262)
s#260#3                                        41.736 	(obj:8e-05)
s#261#0                                         11.58 	(obj:0.002197)
s#261#1                                       156.616 	(obj:0.002331)
s#261#2                                        98.521 	(obj:0.002262)
s#261#3                                        41.776 	(obj:8e-05)
s#262#0                                         11.59 	(obj:0.002197)
s#262#1                                       156.626 	(obj:0.002331)
s#262#2                                        98.611 	(obj:0.002262)
s#262#3                                        41.916 	(obj:8e-05)
s#263#0                                         11.59 	(obj:0.002197)
s#263#1                                       156.846 	(obj:0.002331)
s#263#2                                        98.641 	(obj:0.002262)
s#263#3                                        41.916 	(obj:8e-05)
s#264#0                                          11.6 	(obj:0.002197)
s#264#1                                       157.016 	(obj:0.002331)
s#264#2                                        98.701 	(obj:0.002262)
s#264#3                                        41.936 	(obj:8e-05)
s#265#0                                         11.61 	(obj:0.002197)
s#265#1                                       157.056 	(obj:0.002331)
s#265#2                                        98.711 	(obj:0.002262)
s#265#3                                        42.026 	(obj:8e-05)
s#266#0                                         11.66 	(obj:0.002197)
s#266#1                                       157.116 	(obj:0.002331)
s#266#2                                        98.711 	(obj:0.002262)
s#266#3                              42.0359999999999 	(obj:8e-05)
s#267#0                                         11.69 	(obj:0.002197)
s#267#1                                       157.126 	(obj:0.002331)
s#267#2                                        98.741 	(obj:0.002262)
s#267#3                                        42.146 	(obj:8e-05)
s#268#0                                         11.77 	(obj:0.002197)
s#268#1                                       157.126 	(obj:0.002331)
s#268#2                              98.7809999999999 	(obj:0.002262)
s#268#3                                        42.176 	(obj:8e-05)
s#269#0                                         11.87 	(obj:0.002197)
s#269#1                                       157.156 	(obj:0.002331)
s#269#2                                        98.841 	(obj:0.002262)
s#269#3                                        42.206 	(obj:8e-05)
s#270#0                                         11.95 	(obj:0.002197)
s#270#1                                       157.526 	(obj:0.002331)
s#270#2                                        98.951 	(obj:0.002262)
s#270#3                                        42.566 	(obj:8e-05)
s#271#0                                         12.05 	(obj:0.002197)
s#271#1                                       157.566 	(obj:0.002331)
s#271#2                                        98.971 	(obj:0.002262)
s#271#3                                        42.616 	(obj:8e-05)
s#272#0                                         12.12 	(obj:0.002197)
s#272#1                                       157.626 	(obj:0.002331)
s#272#2                                        99.071 	(obj:0.002262)
s#272#3                                        42.756 	(obj:8e-05)
s#273#0                                         12.14 	(obj:0.002197)
s#273#1                                       157.756 	(obj:0.002331)
s#273#2                                        99.151 	(obj:0.002262)
s#273#3                              42.8559999999999 	(obj:8e-05)
s#274#0                                         12.17 	(obj:0.002197)
s#274#1                                       157.796 	(obj:0.002331)
s#274#2                                        99.171 	(obj:0.002262)
s#274#3                                        43.216 	(obj:8e-05)
s#275#0                                         12.24 	(obj:0.002197)
s#275#1                                       157.826 	(obj:0.002331)
s#275#2                                        99.181 	(obj:0.002262)
s#275#3                                        43.346 	(obj:8e-05)
s#276#0                                         12.28 	(obj:0.002197)
s#276#1                                       157.846 	(obj:0.002331)
s#276#2                              99.2809999999999 	(obj:0.002262)
s#276#3                                        43.376 	(obj:8e-05)
s#277#0                                         12.31 	(obj:0.002197)
s#277#1                                       157.996 	(obj:0.002331)
s#277#2                                        99.321 	(obj:0.002262)
s#277#3                                        43.466 	(obj:8e-05)
s#278#0                                         12.45 	(obj:0.002197)
s#278#1                                       158.136 	(obj:0.002331)
s#278#2                                        99.461 	(obj:0.002262)
s#278#3                              43.8459999999999 	(obj:8e-05)
s#279#0                                         12.64 	(obj:0.002197)
s#279#1                                       158.206 	(obj:0.002331)
s#279#2                                        99.551 	(obj:0.002262)
s#279#3                              43.9159999999999 	(obj:8e-05)
s#280#0                                         12.69 	(obj:0.002197)
s#280#1                                       158.216 	(obj:0.002331)
s#280#2                                        99.611 	(obj:0.002262)
s#280#3                                        43.946 	(obj:8e-05)
s#281#0                                         12.77 	(obj:0.002197)
s#281#1                                       158.336 	(obj:0.002331)
s#281#2                                        99.881 	(obj:0.002262)
s#281#3                                        44.336 	(obj:8e-05)
s#282#0                                         12.95 	(obj:0.002197)
s#282#1                                       158.356 	(obj:0.002331)
s#282#2                                       100.071 	(obj:0.002262)
s#282#3                                        44.346 	(obj:8e-05)
s#283#0                                         12.96 	(obj:0.002197)
s#283#1                                       158.366 	(obj:0.002331)
s#283#2                                       100.081 	(obj:0.002262)
s#283#3                                        44.446 	(obj:8e-05)
s#284#0                                         13.15 	(obj:0.002197)
s#284#1                                       158.376 	(obj:0.002331)
s#284#2                                       100.091 	(obj:0.002262)
s#284#3                                        44.556 	(obj:8e-05)
s#285#0                                         13.18 	(obj:0.002197)
s#285#1                                       158.396 	(obj:0.002331)
s#285#2                                       100.121 	(obj:0.002262)
s#285#3                                        44.556 	(obj:8e-05)
s#286#0                                         13.22 	(obj:0.002197)
s#286#1                                       158.506 	(obj:0.002331)
s#286#2                                       100.251 	(obj:0.002262)
s#286#3                                        44.586 	(obj:8e-05)
s#287#0                                         13.25 	(obj:0.002197)
s#287#1                                       158.546 	(obj:0.002331)
s#287#2                                       100.441 	(obj:0.002262)
s#287#3                                        44.596 	(obj:8e-05)
s#288#0                                         13.35 	(obj:0.002197)
s#288#1                                       158.796 	(obj:0.002331)
s#288#2                                       100.591 	(obj:0.002262)
s#288#3                                        44.836 	(obj:8e-05)
s#289#0                                         13.37 	(obj:0.002197)
s#289#1                                       158.826 	(obj:0.002331)
s#289#2                                       100.771 	(obj:0.002262)
s#289#3                                        44.946 	(obj:8e-05)
s#290#0                                         13.41 	(obj:0.002197)
s#290#1                                       158.856 	(obj:0.002331)
s#290#2                                       100.861 	(obj:0.002262)
s#290#3                                        45.066 	(obj:8e-05)
s#291#0                                         13.46 	(obj:0.002197)
s#291#1                                       158.886 	(obj:0.002331)
s#291#2                                       100.961 	(obj:0.002262)
s#291#3                                        45.086 	(obj:8e-05)
s#292#0                                          13.6 	(obj:0.002197)
s#292#1                                       158.936 	(obj:0.002331)
s#292#2                                       101.191 	(obj:0.002262)
s#292#3                              45.1059999999999 	(obj:8e-05)
s#293#0                                         13.68 	(obj:0.002197)
s#293#1                                       159.156 	(obj:0.002331)
s#293#2                                       101.361 	(obj:0.002262)
s#293#3                                        45.446 	(obj:8e-05)
s#294#0                                         13.74 	(obj:0.002197)
s#294#1                                       159.166 	(obj:0.002331)
s#294#2                                       101.491 	(obj:0.002262)
s#294#3                                        45.506 	(obj:8e-05)
s#295#0                                         13.77 	(obj:0.002197)
s#295#1                                       159.296 	(obj:0.002331)
s#295#2                                       101.731 	(obj:0.002262)
s#295#3                                        45.526 	(obj:8e-05)
s#296#0                                         13.78 	(obj:0.002197)
s#296#1                                       159.566 	(obj:0.002331)
s#296#2                                       101.861 	(obj:0.002262)
s#296#3                                        45.546 	(obj:8e-05)
s#297#0                                         13.78 	(obj:0.002197)
s#297#1                                       159.656 	(obj:0.002331)
s#297#2                                       101.971 	(obj:0.002262)
s#297#3                                        45.576 	(obj:8e-05)
s#298#0                                         13.79 	(obj:0.002197)
s#298#1                                       159.716 	(obj:0.002331)
s#298#2                                       101.971 	(obj:0.002262)
s#298#3                              45.6559999999999 	(obj:8e-05)
s#299#0                                         13.83 	(obj:0.002197)
s#299#1                                       159.796 	(obj:0.002331)
s#299#2                                       102.051 	(obj:0.002262)
s#299#3                                        45.686 	(obj:8e-05)
s#300#0                                         13.84 	(obj:0.002197)
s#300#1                                       159.926 	(obj:0.002331)
s#300#2                                       102.211 	(obj:0.002262)
s#300#3                                        45.706 	(obj:8e-05)
s#301#0                                         13.85 	(obj:0.002197)
s#301#1                                       159.956 	(obj:0.002331)
s#301#2                                       102.261 	(obj:0.002262)
s#301#3                                        45.766 	(obj:8e-05)
s#302#0                                         13.89 	(obj:0.002197)
s#302#1                                       159.966 	(obj:0.002331)
s#302#2                                       102.321 	(obj:0.002262)
s#302#3                                        45.766 	(obj:8e-05)
s#303#0                                         13.97 	(obj:0.002197)
s#303#1                                       160.086 	(obj:0.002331)
s#303#2                                       102.341 	(obj:0.002262)
s#303#3                                        46.076 	(obj:8e-05)
s#304#0                                         14.03 	(obj:0.002197)
s#304#1                                       160.086 	(obj:0.002331)
s#304#2                                       102.361 	(obj:0.002262)
s#304#3                                        46.196 	(obj:8e-05)
s#305#0                                         14.09 	(obj:0.002197)
s#305#1                                       160.116 	(obj:0.002331)
s#305#2                                       102.421 	(obj:0.002262)
s#305#3                                        46.246 	(obj:8e-05)
s#306#0                                         14.11 	(obj:0.002197)
s#306#1                                       160.166 	(obj:0.002331)
s#306#2                                       102.561 	(obj:0.002262)
s#306#3                                        46.716 	(obj:8e-05)
s#307#0                                         14.15 	(obj:0.002197)
s#307#1                                       160.176 	(obj:0.002331)
s#307#2                                       102.871 	(obj:0.002262)
s#307#3                                        46.866 	(obj:8e-05)
s#308#0                                         14.17 	(obj:0.002197)
s#308#1                                       160.216 	(obj:0.002331)
s#308#2                                       102.961 	(obj:0.002262)
s#308#3                              46.9159999999999 	(obj:8e-05)
s#309#0                                         14.23 	(obj:0.002197)
s#309#1                                       160.306 	(obj:0.002331)
s#309#2                                       103.091 	(obj:0.002262)
s#309#3                                        46.916 	(obj:8e-05)
s#310#0                                         14.25 	(obj:0.002197)
s#310#1                                       160.456 	(obj:0.002331)
s#310#2                                       103.171 	(obj:0.002262)
s#310#3                                        47.046 	(obj:8e-05)
s#311#0                                         14.27 	(obj:0.002197)
s#311#1                                       160.516 	(obj:0.002331)
s#311#2                                       103.261 	(obj:0.002262)
s#311#3                                        47.136 	(obj:8e-05)
s#312#0                                         14.31 	(obj:0.002197)
s#312#1                                       160.566 	(obj:0.002331)
s#312#2                                       103.301 	(obj:0.002262)
s#312#3                                        47.166 	(obj:8e-05)
s#313#0                                         14.35 	(obj:0.002197)
s#313#1                                       160.596 	(obj:0.002331)
s#313#2                                       103.331 	(obj:0.002262)
s#313#3                                        47.396 	(obj:8e-05)
s#314#0                                         14.36 	(obj:0.002197)
s#314#1                                       160.676 	(obj:0.002331)
s#314#2                                       103.331 	(obj:0.002262)
s#314#3                                        47.576 	(obj:8e-05)
s#315#0                                         14.44 	(obj:0.002197)
s#315#1                                       160.676 	(obj:0.002331)
s#315#2                                       103.351 	(obj:0.002262)
s#315#3                                        47.716 	(obj:8e-05)
s#316#0                                         14.49 	(obj:0.002197)
s#316#1                                       160.816 	(obj:0.002331)
s#316#2                                       103.471 	(obj:0.002262)
s#316#3                                        47.756 	(obj:8e-05)
s#317#0                                         14.49 	(obj:0.002197)
s#317#1                                       160.896 	(obj:0.002331)
s#317#2                                       103.611 	(obj:0.002262)
s#317#3                                        47.886 	(obj:8e-05)
s#318#0                                         14.57 	(obj:0.002197)
s#318#1                                       160.906 	(obj:0.002331)
s#318#2                                       103.621 	(obj:0.002262)
s#318#3                                        48.206 	(obj:8e-05)
s#319#0                                         14.59 	(obj:0.002197)
s#319#1                                       161.036 	(obj:0.002331)
s#319#2                                       103.741 	(obj:0.002262)
s#319#3                                        48.366 	(obj:8e-05)
s#320#0                                         14.68 	(obj:0.002197)
s#320#1                                       161.096 	(obj:0.002331)
s#320#2                                       103.901 	(obj:0.002262)
s#320#3                              48.4059999999999 	(obj:8e-05)
s#321#0                                         14.75 	(obj:0.002197)
s#321#1                                       161.146 	(obj:0.002331)
s#321#2                                       104.271 	(obj:0.002262)
s#321#3                                        48.436 	(obj:8e-05)
s#322#0                                         14.79 	(obj:0.002197)
s#322#1                                       161.316 	(obj:0.002331)
s#322#2                                       104.281 	(obj:0.002262)
s#322#3                                        48.506 	(obj:8e-05)
s#323#0                                          14.8 	(obj:0.002197)
s#323#1                                       161.336 	(obj:0.002331)
s#323#2                                       104.391 	(obj:0.002262)
s#323#3                                        48.556 	(obj:8e-05)
s#324#0                                         14.81 	(obj:0.002197)
s#324#1                                       161.486 	(obj:0.002331)
s#324#2                                       104.871 	(obj:0.002262)
s#324#3                                        48.616 	(obj:8e-05)
s#325#0                                         14.82 	(obj:0.002197)
s#325#1                                       161.576 	(obj:0.002331)
s#325#2                                       104.991 	(obj:0.002262)
s#325#3                                        48.646 	(obj:8e-05)
s#326#0                                         14.85 	(obj:0.002197)
s#326#1                                       161.576 	(obj:0.002331)
s#326#2                                       105.191 	(obj:0.002262)
s#326#3                                        48.746 	(obj:8e-05)
s#327#0                                         14.91 	(obj:0.002197)
s#327#1                                       161.716 	(obj:0.002331)
s#327#2                                       105.261 	(obj:0.002262)
s#327#3                                        48.776 	(obj:8e-05)
s#328#0                                         14.92 	(obj:0.002197)
s#328#1                                       162.056 	(obj:0.002331)
s#328#2                                       105.281 	(obj:0.002262)
s#328#3                                        48.786 	(obj:8e-05)
s#329#0                                         14.95 	(obj:0.002197)
s#329#1                                       162.256 	(obj:0.002331)
s#329#2                                       105.361 	(obj:0.002262)
s#329#3                                        49.096 	(obj:8e-05)
s#330#0                                         14.96 	(obj:0.002197)
s#330#1                                       162.256 	(obj:0.002331)
s#330#2                                       105.411 	(obj:0.002262)
s#330#3                                        49.136 	(obj:8e-05)
s#331#0                                         14.97 	(obj:0.002197)
s#331#1                                       162.356 	(obj:0.002331)
s#331#2                                       105.551 	(obj:0.002262)
s#331#3                              49.3459999999999 	(obj:8e-05)
s#332#0                                         15.11 	(obj:0.002197)
s#332#1                                       162.536 	(obj:0.002331)
s#332#2                                       105.551 	(obj:0.002262)
s#332#3                              49.3459999999999 	(obj:8e-05)
s#333#0                                         15.24 	(obj:0.002197)
s#333#1                                       162.636 	(obj:0.002331)
s#333#2                                       105.811 	(obj:0.002262)
s#333#3                                        49.546 	(obj:8e-05)
s#334#0                                         15.26 	(obj:0.002197)
s#334#1                                       162.736 	(obj:0.002331)
s#334#2                                       105.891 	(obj:0.002262)
s#334#3                                        49.676 	(obj:8e-05)
s#335#0                                         15.33 	(obj:0.002197)
s#335#1                                       163.056 	(obj:0.002331)
s#335#2                                       105.981 	(obj:0.002262)
s#335#3                                        49.896 	(obj:8e-05)
s#336#0                                         15.36 	(obj:0.002197)
s#336#1                                       163.186 	(obj:0.002331)
s#336#2                                       106.021 	(obj:0.002262)
s#336#3                                        50.286 	(obj:8e-05)
s#337#0                                          15.4 	(obj:0.002197)
s#337#1                                       163.216 	(obj:0.002331)
s#337#2                                       106.031 	(obj:0.002262)
s#337#3                                        50.326 	(obj:8e-05)
s#338#0                                         15.41 	(obj:0.002197)
s#338#1                                       163.246 	(obj:0.002331)
s#338#2                                       106.041 	(obj:0.002262)
s#338#3                                        50.356 	(obj:8e-05)
s#339#0                                         15.53 	(obj:0.002197)
s#339#1                                       163.276 	(obj:0.002331)
s#339#2                                       106.111 	(obj:0.002262)
s#339#3                                        50.526 	(obj:8e-05)
s#340#0                                         15.54 	(obj:0.002197)
s#340#1                                       163.346 	(obj:0.002331)
s#340#2                                       106.291 	(obj:0.002262)
s#340#3                                        50.546 	(obj:8e-05)
s#341#0                                         15.59 	(obj:0.002197)
s#341#1                                       163.396 	(obj:0.002331)
s#341#2                                       106.451 	(obj:0.002262)
s#341#3                                        50.556 	(obj:8e-05)
s#342#0                                         15.65 	(obj:0.002197)
s#342#1                                       163.686 	(obj:0.002331)
s#342#2                                       106.531 	(obj:0.002262)
s#342#3                                        50.566 	(obj:8e-05)
s#343#0                                         15.68 	(obj:0.002197)
s#343#1                                       163.996 	(obj:0.002331)
s#343#2                                       106.611 	(obj:0.002262)
s#343#3                                        50.686 	(obj:8e-05)
s#344#0                                         15.72 	(obj:0.002197)
s#344#1                                       164.036 	(obj:0.002331)
s#344#2                                       106.801 	(obj:0.002262)
s#344#3                                        50.836 	(obj:8e-05)
s#345#0                                         15.76 	(obj:0.002197)
s#345#1                                       164.046 	(obj:0.002331)
s#345#2                                       106.901 	(obj:0.002262)
s#345#3                              51.2259999999999 	(obj:8e-05)
s#346#0                                         15.78 	(obj:0.002197)
s#346#1                                       164.096 	(obj:0.002331)
s#346#2                                       107.021 	(obj:0.002262)
s#346#3                                        51.256 	(obj:8e-05)
s#347#0                                         15.86 	(obj:0.002197)
s#347#1                                       164.146 	(obj:0.002331)
s#347#2                                       107.111 	(obj:0.002262)
s#347#3                                        51.506 	(obj:8e-05)
s#348#0                                         15.89 	(obj:0.002197)
s#348#1                                       164.176 	(obj:0.002331)
s#348#2                                       107.511 	(obj:0.002262)
s#348#3                                        51.516 	(obj:8e-05)
s#349#0                                          15.9 	(obj:0.002197)
s#349#1                                       164.366 	(obj:0.002331)
s#349#2                                       107.531 	(obj:0.002262)
s#349#3                                        51.686 	(obj:8e-05)
s#350#0                                         16.04 	(obj:0.002197)
s#350#1                                       164.526 	(obj:0.002331)
s#350#2                                       107.541 	(obj:0.002262)
s#350#3                                        51.766 	(obj:8e-05)
s#351#0                                         16.11 	(obj:0.002197)
s#351#1                                       164.526 	(obj:0.002331)
s#351#2                                       107.691 	(obj:0.002262)
s#351#3                                        51.826 	(obj:8e-05)
s#352#0                                         16.14 	(obj:0.002197)
s#352#1                                       164.626 	(obj:0.002331)
s#352#2                                       107.931 	(obj:0.002262)
s#352#3                                        51.826 	(obj:8e-05)
s#353#0                                         16.19 	(obj:0.002197)
s#353#1                                       164.676 	(obj:0.002331)
s#353#2                                       108.081 	(obj:0.002262)
s#353#3                                        51.826 	(obj:8e-05)
s#354#0                                         16.27 	(obj:0.002197)
s#354#1                                       164.716 	(obj:0.002331)
s#354#2                                       108.121 	(obj:0.002262)
s#354#3                                        52.016 	(obj:8e-05)
s#355#0                                         16.35 	(obj:0.002197)
s#355#1                                       164.756 	(obj:0.002331)
s#355#2                                       108.291 	(obj:0.002262)
s#355#3                                        52.086 	(obj:8e-05)
s#356#0                                         16.37 	(obj:0.002197)
s#356#1                                       164.766 	(obj:0.002331)
s#356#2                                       108.471 	(obj:0.002262)
s#356#3                                        52.106 	(obj:8e-05)
s#357#0                                         16.38 	(obj:0.002197)
s#357#1                                       164.816 	(obj:0.002331)
s#357#2                                       108.491 	(obj:0.002262)
s#357#3                                        52.176 	(obj:8e-05)
s#358#0                                         16.79 	(obj:0.002197)
s#358#1                                       164.846 	(obj:0.002331)
s#358#2                                       108.531 	(obj:0.002262)
s#358#3                                        52.366 	(obj:8e-05)
s#359#0                                          16.8 	(obj:0.002197)
s#359#1                                       164.946 	(obj:0.002331)
s#359#2                                       108.541 	(obj:0.002262)
s#359#3                                        52.456 	(obj:8e-05)
s#360#0                                         16.85 	(obj:0.002197)
s#360#1                                       165.006 	(obj:0.002331)
s#360#2                                       108.561 	(obj:0.002262)
s#360#3                                        52.456 	(obj:8e-05)
s#361#0                                         16.93 	(obj:0.002197)
s#361#1                                       165.136 	(obj:0.002331)
s#361#2                                       108.631 	(obj:0.002262)
s#361#3                                        52.466 	(obj:8e-05)
s#362#0                                         17.01 	(obj:0.002197)
s#362#1                                       165.256 	(obj:0.002331)
s#362#2                                       108.631 	(obj:0.002262)
s#362#3                                        52.466 	(obj:8e-05)
s#363#0                                         17.03 	(obj:0.002197)
s#363#1                                       165.296 	(obj:0.002331)
s#363#2                                       108.891 	(obj:0.002262)
s#363#3                                        52.476 	(obj:8e-05)
s#364#0                                         17.05 	(obj:0.002197)
s#364#1                                       165.296 	(obj:0.002331)
s#364#2                                       108.981 	(obj:0.002262)
s#364#3                                        52.546 	(obj:8e-05)
s#365#0                                         17.08 	(obj:0.002197)
s#365#1                                       165.466 	(obj:0.002331)
s#365#2                                       109.061 	(obj:0.002262)
s#365#3                                        52.826 	(obj:8e-05)
s#366#0                                         17.11 	(obj:0.002197)
s#366#1                                       165.586 	(obj:0.002331)
s#366#2                                       109.111 	(obj:0.002262)
s#366#3                                        52.886 	(obj:8e-05)
s#367#0                                         17.14 	(obj:0.002197)
s#367#1                                       165.726 	(obj:0.002331)
s#367#2                                       109.371 	(obj:0.002262)
s#367#3                                        53.086 	(obj:8e-05)
s#368#0                                         17.21 	(obj:0.002197)
s#368#1                                       165.816 	(obj:0.002331)
s#368#2                                       109.471 	(obj:0.002262)
s#368#3                                        53.356 	(obj:8e-05)
s#369#0                                         17.32 	(obj:0.002197)
s#369#1                                       165.896 	(obj:0.002331)
s#369#2                                       109.481 	(obj:0.002262)
s#369#3                                        53.376 	(obj:8e-05)
s#370#0                                         17.45 	(obj:0.002197)
s#370#1                                       165.936 	(obj:0.002331)
s#370#2                                       109.531 	(obj:0.002262)
s#370#3                              53.4059999999999 	(obj:8e-05)
s#371#0                                         17.47 	(obj:0.002197)
s#371#1                                       166.126 	(obj:0.002331)
s#371#2                                       109.551 	(obj:0.002262)
s#371#3                                        53.516 	(obj:8e-05)
s#372#0                                         17.51 	(obj:0.002197)
s#372#1                                       166.136 	(obj:0.002331)
s#372#2                                       109.611 	(obj:0.002262)
s#372#3                                        53.526 	(obj:8e-05)
s#373#0                                         17.51 	(obj:0.002197)
s#373#1                                       166.306 	(obj:0.002331)
s#373#2                                       109.681 	(obj:0.002262)
s#373#3                                        53.756 	(obj:8e-05)
s#374#0                                         17.54 	(obj:0.002197)
s#374#1                                       166.366 	(obj:0.002331)
s#374#2                                       109.721 	(obj:0.002262)
s#374#3                                        53.766 	(obj:8e-05)
s#375#0                                         17.56 	(obj:0.002197)
s#375#1                                       166.396 	(obj:0.002331)
s#375#2                                       109.751 	(obj:0.002262)
s#375#3                                        53.906 	(obj:8e-05)
s#376#0                                         17.79 	(obj:0.002197)
s#376#1                                       166.456 	(obj:0.002331)
s#376#2                                       109.841 	(obj:0.002262)
s#376#3                                        53.966 	(obj:8e-05)
s#377#0                                         17.81 	(obj:0.002197)
s#377#1                                       166.716 	(obj:0.002331)
s#377#2                                       110.091 	(obj:0.002262)
s#377#3                                        53.986 	(obj:8e-05)
s#378#0                                         17.85 	(obj:0.002197)
s#378#1                                       166.796 	(obj:0.002331)
s#378#2                                       110.101 	(obj:0.002262)
s#378#3                                        53.996 	(obj:8e-05)
s#379#0                                         17.93 	(obj:0.002197)
s#379#1                                       166.856 	(obj:0.002331)
s#379#2                                       110.111 	(obj:0.002262)
s#379#3                                        54.016 	(obj:8e-05)
s#380#0                                         17.96 	(obj:0.002197)
s#380#1                                       166.856 	(obj:0.002331)
s#380#2                                       110.121 	(obj:0.002262)
s#380#3                                        54.216 	(obj:8e-05)
s#381#0                                         17.98 	(obj:0.002197)
s#381#1                                       166.886 	(obj:0.002331)
s#381#2                                       110.191 	(obj:0.002262)
s#381#3                                        54.516 	(obj:8e-05)
s#382#0                                         18.09 	(obj:0.002197)
s#382#1                                       166.946 	(obj:0.002331)
s#382#2                                       110.271 	(obj:0.002262)
s#382#3                                        54.556 	(obj:8e-05)
s#383#0                                         18.15 	(obj:0.002197)
s#383#1                                       167.196 	(obj:0.002331)
s#383#2                                       110.291 	(obj:0.002262)
s#383#3                                        54.636 	(obj:8e-05)
s#384#0                                         18.19 	(obj:0.002197)
s#384#1                                       167.466 	(obj:0.002331)
s#384#2                                       110.301 	(obj:0.002262)
s#384#3                                        54.666 	(obj:8e-05)
s#385#0                                         18.22 	(obj:0.002197)
s#385#1                                       167.506 	(obj:0.002331)
s#385#2                                       110.441 	(obj:0.002262)
s#385#3                              54.7259999999999 	(obj:8e-05)
s#386#0                                         18.34 	(obj:0.002197)
s#386#1                                       167.516 	(obj:0.002331)
s#386#2                                       110.531 	(obj:0.002262)
s#386#3                                        54.936 	(obj:8e-05)
s#387#0                                         18.36 	(obj:0.002197)
s#387#1                                       167.666 	(obj:0.002331)
s#387#2                                       110.621 	(obj:0.002262)
s#387#3                                        55.076 	(obj:8e-05)
s#388#0                                         18.39 	(obj:0.002197)
s#388#1                                       167.686 	(obj:0.002331)
s#388#2                                       110.711 	(obj:0.002262)
s#388#3                                        55.166 	(obj:8e-05)
s#389#0                                         18.46 	(obj:0.002197)
s#389#1                                       167.806 	(obj:0.002331)
s#389#2                                       110.731 	(obj:0.002262)
s#389#3                                        55.266 	(obj:8e-05)
s#390#0                                         18.51 	(obj:0.002197)
s#390#1                                       167.816 	(obj:0.002331)
s#390#2                                       110.771 	(obj:0.002262)
s#390#3                                        55.296 	(obj:8e-05)
s#391#0                                         18.53 	(obj:0.002197)
s#391#1                                       167.826 	(obj:0.002331)
s#391#2                                       111.031 	(obj:0.002262)
s#391#3                                        55.376 	(obj:8e-05)
s#392#0                                         18.59 	(obj:0.002197)
s#392#1                                       167.876 	(obj:0.002331)
s#392#2                                       111.221 	(obj:0.002262)
s#392#3                                        55.646 	(obj:8e-05)
s#393#0                                         18.64 	(obj:0.002197)
s#393#1                                       167.946 	(obj:0.002331)
s#393#2                                       111.251 	(obj:0.002262)
s#393#3                                        55.686 	(obj:8e-05)
s#394#0                                         18.81 	(obj:0.002197)
s#394#1                                       168.146 	(obj:0.002331)
s#394#2                                       111.281 	(obj:0.002262)
s#394#3                                        55.716 	(obj:8e-05)
s#395#0                                         18.84 	(obj:0.002197)
s#395#1                                       168.266 	(obj:0.002331)
s#395#2                                       111.451 	(obj:0.002262)
s#395#3                                        55.846 	(obj:8e-05)
s#396#0                                         18.85 	(obj:0.002197)
s#396#1                                       168.386 	(obj:0.002331)
s#396#2                                       111.581 	(obj:0.002262)
s#396#3                                        55.966 	(obj:8e-05)
s#397#0                                         18.93 	(obj:0.002197)
s#397#1                                       168.436 	(obj:0.002331)
s#397#2                                       111.651 	(obj:0.002262)
s#397#3                                        56.036 	(obj:8e-05)
s#398#0                                         18.95 	(obj:0.002197)
s#398#1                                       168.756 	(obj:0.002331)
s#398#2                                       111.741 	(obj:0.002262)
s#398#3                                        56.306 	(obj:8e-05)
s#399#0                                         19.07 	(obj:0.002197)
s#399#1                                       168.956 	(obj:0.002331)
s#399#2                                       111.821 	(obj:0.002262)
s#399#3                              56.4059999999999 	(obj:8e-05)
s#400#0                                         19.12 	(obj:0.002197)
s#400#1                                       168.976 	(obj:0.002331)
s#400#2                                       112.241 	(obj:0.002262)
s#400#3                                        56.446 	(obj:8e-05)
s#401#0                                         19.36 	(obj:0.002197)
s#401#1                                       169.106 	(obj:0.002331)
s#401#2                                       112.371 	(obj:0.002262)
s#401#3                                        56.496 	(obj:8e-05)
s#401#4                            0.0699999999999932 	(obj:0.002445)
s#402#0                                         19.38 	(obj:0.002197)
s#402#1                                       169.176 	(obj:0.002331)
s#402#2                                       112.481 	(obj:0.002262)
s#402#3                                        56.706 	(obj:8e-05)
s#402#4                             0.147999999999968 	(obj:0.002445)
s#403#0                                         19.38 	(obj:0.002197)
s#403#1                                       169.196 	(obj:0.002331)
s#403#2                                       112.491 	(obj:0.002262)
s#403#3                                        56.766 	(obj:8e-05)
s#403#4                             0.161999999999978 	(obj:0.002445)
s#404#0                                         19.42 	(obj:0.002197)
s#404#1                                       169.196 	(obj:0.002331)
s#404#2                                       112.571 	(obj:0.002262)
s#404#3                                        56.836 	(obj:8e-05)
s#404#4                             0.182000000000016 	(obj:0.002445)
s#405#0                                         19.43 	(obj:0.002197)
s#405#1                                       169.266 	(obj:0.002331)
s#405#2                                       112.691 	(obj:0.002262)
s#405#3                                        56.876 	(obj:8e-05)
s#405#4                             0.188999999999965 	(obj:0.002445)
s#406#0                                         19.44 	(obj:0.002197)
s#406#1                                       169.416 	(obj:0.002331)
s#406#2                                       112.821 	(obj:0.002262)
s#406#3                                        56.976 	(obj:8e-05)
s#406#4                             0.337999999999965 	(obj:0.002445)
s#407#0                                         19.46 	(obj:0.002197)
s#407#1                                       169.446 	(obj:0.002331)
s#407#2                                       112.841 	(obj:0.002262)
s#407#3                                        56.996 	(obj:8e-05)
s#407#4                             0.340999999999951 	(obj:0.002445)
s#408#0                                         19.47 	(obj:0.002197)
s#408#1                                       169.466 	(obj:0.002331)
s#408#2                                       112.851 	(obj:0.002262)
s#408#3                                        57.296 	(obj:8e-05)
s#408#4                             0.352999999999952 	(obj:0.002445)
s#409#0                                         19.53 	(obj:0.002197)
s#409#1                                       169.486 	(obj:0.002331)
s#409#2                                       112.861 	(obj:0.002262)
s#409#3                                        57.356 	(obj:8e-05)
s#409#4                             0.407999999999959 	(obj:0.002445)
s#410#0                                         19.54 	(obj:0.002197)
s#410#1                                       169.516 	(obj:0.002331)
s#410#2                                       112.921 	(obj:0.002262)
s#410#3                                        57.606 	(obj:8e-05)
s#410#4                             0.604999999999961 	(obj:0.002445)
s#411#0                                         19.61 	(obj:0.002197)
s#411#1                                       169.716 	(obj:0.002331)
s#411#2                                       112.941 	(obj:0.002262)
s#411#3                                        57.616 	(obj:8e-05)
s#411#4                             0.652999999999963 	(obj:0.002445)
s#412#0                                         19.69 	(obj:0.002197)
s#412#1                                       169.806 	(obj:0.002331)
s#412#2                                       113.001 	(obj:0.002262)
s#412#3                                        57.686 	(obj:8e-05)
s#412#4                             0.652999999999963 	(obj:0.002445)
s#413#0                                         19.82 	(obj:0.002197)
s#413#1                                       169.836 	(obj:0.002331)
s#413#2                                       113.041 	(obj:0.002262)
s#413#3                                        57.716 	(obj:8e-05)
s#413#4                             0.704999999999984 	(obj:0.002445)
s#414#0                                         19.87 	(obj:0.002197)
s#414#1                                       169.836 	(obj:0.002331)
s#414#2                                       113.041 	(obj:0.002262)
s#414#3                                        58.186 	(obj:8e-05)
s#414#4                             0.767999999999972 	(obj:0.002445)
s#415#0                                         19.96 	(obj:0.002197)
s#415#1                                       169.876 	(obj:0.002331)
s#415#2                                       113.221 	(obj:0.002262)
s#415#3                                        58.226 	(obj:8e-05)
s#415#4                              1.01799999999997 	(obj:0.002445)
s#416#0                                            20 	(obj:0.002197)
s#416#1                                       169.886 	(obj:0.002331)
s#416#2                                       113.231 	(obj:0.002262)
s#416#3                                        58.286 	(obj:8e-05)
s#416#4                                         1.428 	(obj:0.002445)
s#417#0                                         20.01 	(obj:0.002197)
s#417#1                                       169.896 	(obj:0.002331)
s#417#2                                       113.331 	(obj:0.002262)
s#417#3                                        58.306 	(obj:8e-05)
s#417#4                              1.52699999999999 	(obj:0.002445)
s#418#0                                         20.03 	(obj:0.002197)
s#418#1                                       170.096 	(obj:0.002331)
s#418#2                                       113.581 	(obj:0.002262)
s#418#3                                        58.316 	(obj:8e-05)
s#418#4                              1.54799999999994 	(obj:0.002445)
s#419#0                                         20.13 	(obj:0.002197)
s#419#1                                       170.166 	(obj:0.002331)
s#419#2                                       113.751 	(obj:0.002262)
s#419#3                                        58.506 	(obj:8e-05)
s#419#4                              1.73799999999994 	(obj:0.002445)
s#420#0                                         20.21 	(obj:0.002197)
s#420#1                                       170.236 	(obj:0.002331)
s#420#2                                       113.761 	(obj:0.002262)
s#420#3                                        58.696 	(obj:8e-05)
s#420#4                              1.87599999999992 	(obj:0.002445)
s#421#0                                         20.22 	(obj:0.002197)
s#421#1                                       170.256 	(obj:0.002331)
s#421#2                                       113.811 	(obj:0.002262)
s#421#3                                        58.746 	(obj:8e-05)
s#421#4                              1.95099999999996 	(obj:0.002445)
s#422#0                                         20.42 	(obj:0.002197)
s#422#1                                       170.326 	(obj:0.002331)
s#422#2                                       113.871 	(obj:0.002262)
s#422#3                                        58.766 	(obj:8e-05)
s#422#4                                         2.113 	(obj:0.002445)
s#423#0                                         20.48 	(obj:0.002197)
s#423#1                                       170.396 	(obj:0.002331)
s#423#2                                       113.991 	(obj:0.002262)
s#423#3                                        58.776 	(obj:8e-05)
s#423#4                              2.15899999999993 	(obj:0.002445)
s#424#0                                         20.53 	(obj:0.002197)
s#424#1                                       170.516 	(obj:0.002331)
s#424#2                                       114.001 	(obj:0.002262)
s#424#3                                        58.816 	(obj:8e-05)
s#424#4                              2.42099999999999 	(obj:0.002445)
s#425#0                                         20.59 	(obj:0.002197)
s#425#1                                       170.686 	(obj:0.002331)
s#425#2                                       114.131 	(obj:0.002262)
s#425#3                                        58.936 	(obj:8e-05)
s#425#4                              2.51900000000001 	(obj:0.002445)
s#426#0                                          20.7 	(obj:0.002197)
s#426#1                                       170.866 	(obj:0.002331)
s#426#2                                       114.141 	(obj:0.002262)
s#426#3                                        58.976 	(obj:8e-05)
s#426#4                              2.68799999999999 	(obj:0.002445)
s#427#0                                         20.81 	(obj:0.002197)
s#427#1                                       170.956 	(obj:0.002331)
s#427#2                                       114.381 	(obj:0.002262)
s#427#3                                        59.046 	(obj:8e-05)
s#427#4                              2.79899999999998 	(obj:0.002445)
s#428#0                                         20.87 	(obj:0.002197)
s#428#1                                       170.976 	(obj:0.002331)
s#428#2                                       114.431 	(obj:0.002262)
s#428#3                                        59.056 	(obj:8e-05)
s#428#4                              2.89399999999995 	(obj:0.002445)
s#429#0                                         20.87 	(obj:0.002197)
s#429#1                                       170.976 	(obj:0.002331)
s#429#2                                       114.451 	(obj:0.002262)
s#429#3                                        59.076 	(obj:8e-05)
s#429#4                                         2.904 	(obj:0.002445)
s#430#0                                         20.97 	(obj:0.002197)
s#430#1                                       171.056 	(obj:0.002331)
s#430#2                                       114.491 	(obj:0.002262)
s#430#3                                        59.146 	(obj:8e-05)
s#430#4                              2.96599999999995 	(obj:0.002445)
s#431#0                                         21.01 	(obj:0.002197)
s#431#1                                       171.106 	(obj:0.002331)
s#431#2                                       114.741 	(obj:0.002262)
s#431#3                                        59.296 	(obj:8e-05)
s#431#4                                         3.065 	(obj:0.002445)
s#432#0                                          21.1 	(obj:0.002197)
s#432#1                                       171.106 	(obj:0.002331)
s#432#2                                       114.821 	(obj:0.002262)
s#432#3                                        59.366 	(obj:8e-05)
s#432#4                              3.27800000000002 	(obj:0.002445)
s#433#0                                         21.13 	(obj:0.002197)
s#433#1                                       171.196 	(obj:0.002331)
s#433#2                                       114.921 	(obj:0.002262)
s#433#3                                        59.896 	(obj:8e-05)
s#433#4                              3.42199999999997 	(obj:0.002445)
s#434#0                                         21.18 	(obj:0.002197)
s#434#1                                       171.236 	(obj:0.002331)
s#434#2                                       114.981 	(obj:0.002262)
s#434#3                              59.9059999999999 	(obj:8e-05)
s#434#4                                         3.654 	(obj:0.002445)
s#435#0                                          21.2 	(obj:0.002197)
s#435#1                                       171.276 	(obj:0.002331)
s#435#2                                       115.021 	(obj:0.002262)
s#435#3                                        59.996 	(obj:8e-05)
s#435#4                              3.72399999999999 	(obj:0.002445)
s#436#0                                          21.6 	(obj:0.002197)
s#436#1                                       171.326 	(obj:0.002331)
s#436#2                                       115.231 	(obj:0.002262)
s#436#3                                        60.006 	(obj:8e-05)
s#436#4                              3.81599999999997 	(obj:0.002445)
s#437#0                                         21.74 	(obj:0.002197)
s#437#1                                       171.526 	(obj:0.002331)
s#437#2                                       115.241 	(obj:0.002262)
s#437#3                                        60.076 	(obj:8e-05)
s#437#4                              3.97399999999999 	(obj:0.002445)
s#438#0                                          21.8 	(obj:0.002197)
s#438#1                                       171.606 	(obj:0.002331)
s#438#2                                       115.251 	(obj:0.002262)
s#438#3                              60.1659999999999 	(obj:8e-05)
s#438#4                              4.38400000000001 	(obj:0.002445)
s#439#0                                         21.83 	(obj:0.002197)
s#439#1                                       171.736 	(obj:0.002331)
s#439#2                                       115.331 	(obj:0.002262)
s#439#3                                        60.176 	(obj:8e-05)
s#439#4                              4.44999999999999 	(obj:0.002445)
s#440#0                                         21.92 	(obj:0.002197)
s#440#1                                       172.046 	(obj:0.002331)
s#440#2                                       115.371 	(obj:0.002262)
s#440#3                                        60.266 	(obj:8e-05)
s#440#4                                         4.863 	(obj:0.002445)
s#441#0                                         21.93 	(obj:0.002197)
s#441#1                                       172.206 	(obj:0.002331)
s#441#2                                       115.461 	(obj:0.002262)
s#441#3                                        60.266 	(obj:8e-05)
s#441#4                              4.95199999999994 	(obj:0.002445)
s#442#0                                         22.02 	(obj:0.002197)
s#442#1                                       172.246 	(obj:0.002331)
s#442#2                                       115.481 	(obj:0.002262)
s#442#3                                        60.276 	(obj:8e-05)
s#442#4                              4.99699999999996 	(obj:0.002445)
s#443#0                                         22.02 	(obj:0.002197)
s#443#1                                       172.286 	(obj:0.002331)
s#443#2                                       115.561 	(obj:0.002262)
s#443#3                                        60.306 	(obj:8e-05)
s#443#4                              5.45100000000002 	(obj:0.002445)
s#444#0                                         22.04 	(obj:0.002197)
s#444#1                                       172.286 	(obj:0.002331)
s#444#2                                       115.641 	(obj:0.002262)
s#444#3                                        60.426 	(obj:8e-05)
s#444#4                              5.52199999999993 	(obj:0.002445)
s#445#0                                         22.06 	(obj:0.002197)
s#445#1                                       172.316 	(obj:0.002331)
s#445#2                                       115.661 	(obj:0.002262)
s#445#3                                        60.446 	(obj:8e-05)
s#445#4                              5.60099999999994 	(obj:0.002445)
s#446#0                                         22.06 	(obj:0.002197)
s#446#1                                       172.456 	(obj:0.002331)
s#446#2                                       115.681 	(obj:0.002262)
s#446#3                                        60.486 	(obj:8e-05)
s#446#4                              5.65799999999996 	(obj:0.002445)
s#447#0                                         22.07 	(obj:0.002197)
s#447#1                                       172.536 	(obj:0.002331)
s#447#2                                       115.741 	(obj:0.002262)
s#447#3                                        60.556 	(obj:8e-05)
s#447#4                                         5.702 	(obj:0.002445)
s#448#0                                         22.08 	(obj:0.002197)
s#448#1                                       172.646 	(obj:0.002331)
s#448#2                                       115.751 	(obj:0.002262)
s#448#3                                        60.686 	(obj:8e-05)
s#448#4                              5.82199999999995 	(obj:0.002445)
s#449#0                                         22.17 	(obj:0.002197)
s#449#1                                       172.666 	(obj:0.002331)
s#449#2                                       115.861 	(obj:0.002262)
s#449#3                                        60.686 	(obj:8e-05)
s#449#4                              5.90199999999999 	(obj:0.002445)
s#450#0                                         22.23 	(obj:0.002197)
s#450#1                                       172.696 	(obj:0.002331)
s#450#2                                       115.891 	(obj:0.002262)
s#450#3                                        60.796 	(obj:8e-05)
s#450#4                              5.97999999999996 	(obj:0.002445)
s#451#0                                         22.26 	(obj:0.002197)
s#451#1                                       172.696 	(obj:0.002331)
s#451#2                                       116.021 	(obj:0.002262)
s#451#3                                        60.866 	(obj:8e-05)
s#451#4                              6.01999999999998 	(obj:0.002445)
s#452#0                                          22.4 	(obj:0.002197)
s#452#1                                       172.716 	(obj:0.002331)
s#452#2                                       116.031 	(obj:0.002262)
s#452#3                                        60.876 	(obj:8e-05)
s#452#4                              6.05399999999997 	(obj:0.002445)
s#453#0                                         22.43 	(obj:0.002197)
s#453#1                                       172.776 	(obj:0.002331)
s#453#2                                       116.051 	(obj:0.002262)
s#453#3                                        61.146 	(obj:8e-05)
s#453#4                              6.05499999999995 	(obj:0.002445)
s#454#0                                         22.44 	(obj:0.002197)
s#454#1                                       172.776 	(obj:0.002331)
s#454#2                                       116.331 	(obj:0.002262)
s#454#3                                        61.176 	(obj:8e-05)
s#454#4                              6.19699999999995 	(obj:0.002445)
s#455#0                                         22.59 	(obj:0.002197)
s#455#1                                       172.836 	(obj:0.002331)
s#455#2                                       116.391 	(obj:0.002262)
s#455#3                                        61.306 	(obj:8e-05)
s#455#4                              6.19899999999996 	(obj:0.002445)
s#456#0                                         22.73 	(obj:0.002197)
s#456#1                                       172.886 	(obj:0.002331)
s#456#2                                       116.431 	(obj:0.002262)
s#456#3                                        61.456 	(obj:8e-05)
s#456#4                              6.26900000000001 	(obj:0.002445)
s#457#0                                         22.75 	(obj:0.002197)
s#457#1                                       173.456 	(obj:0.002331)
s#457#2                                       116.471 	(obj:0.002262)
s#457#3                              61.5459999999999 	(obj:8e-05)
s#457#4                              6.60299999999995 	(obj:0.002445)
s#458#0                                         22.79 	(obj:0.002197)
s#458#1                                       173.456 	(obj:0.002331)
s#458#2                                       116.611 	(obj:0.002262)
s#458#3                                        61.546 	(obj:8e-05)
s#458#4                              6.66499999999996 	(obj:0.002445)
s#459#0                                         22.83 	(obj:0.002197)
s#459#1                                       173.586 	(obj:0.002331)
s#459#2                                       116.761 	(obj:0.002262)
s#459#3                                        61.576 	(obj:8e-05)
s#459#4                              6.72499999999997 	(obj:0.002445)
s#460#0                                         22.85 	(obj:0.002197)
s#460#1                                       173.596 	(obj:0.002331)
s#460#2                                       116.801 	(obj:0.002262)
s#460#3                                        61.576 	(obj:8e-05)
s#460#4                                         6.774 	(obj:0.002445)
s#461#0                                         22.87 	(obj:0.002197)
s#461#1                                       173.716 	(obj:0.002331)
s#461#2                                       116.941 	(obj:0.002262)
s#461#3                                        61.666 	(obj:8e-05)
s#461#4                              6.81400000000002 	(obj:0.002445)
s#462#0                                         22.91 	(obj:0.002197)
s#462#1                                       173.756 	(obj:0.002331)
s#462#2                                       117.041 	(obj:0.002262)
s#462#3                                        61.666 	(obj:8e-05)
s#462#4                              6.97499999999997 	(obj:0.002445)
s#463#0                                         22.93 	(obj:0.002197)
s#463#1                                       173.826 	(obj:0.002331)
s#463#2                                       117.091 	(obj:0.002262)
s#463#3                                        61.826 	(obj:8e-05)
s#463#4                              7.09699999999998 	(obj:0.002445)
s#464#0                                         22.94 	(obj:0.002197)
s#464#1                                       173.926 	(obj:0.002331)
s#464#2                                       117.241 	(obj:0.002262)
s#464#3                                        61.946 	(obj:8e-05)
s#464#4                              7.15899999999993 	(obj:0.002445)
s#465#0                                         22.98 	(obj:0.002197)
s#465#1                                       174.196 	(obj:0.002331)
s#465#2                                       117.391 	(obj:0.002262)
s#465#3                                        62.046 	(obj:8e-05)
s#465#4                              7.38199999999995 	(obj:0.002445)
s#466#0                                            23 	(obj:0.002197)
s#466#1                                       174.406 	(obj:0.002331)
s#466#2                                       117.441 	(obj:0.002262)
s#466#3                                        62.086 	(obj:8e-05)
s#466#4                              7.45999999999998 	(obj:0.002445)
s#467#0                                         23.01 	(obj:0.002197)
s#467#1                                       174.666 	(obj:0.002331)
s#467#2                                       117.491 	(obj:0.002262)
s#467#3                                        62.126 	(obj:8e-05)
s#467#4                              7.73599999999993 	(obj:0.002445)
s#468#0                                         23.04 	(obj:0.002197)
s#468#1                                       174.706 	(obj:0.002331)
s#468#2                                       117.561 	(obj:0.002262)
s#468#3                                        62.166 	(obj:8e-05)
s#468#4                              8.04399999999998 	(obj:0.002445)
s#469#0                                         23.12 	(obj:0.002197)
s#469#1                                       174.726 	(obj:0.002331)
s#469#2                                       117.591 	(obj:0.002262)
s#469#3                                        62.176 	(obj:8e-05)
s#469#4                              8.08199999999999 	(obj:0.002445)
s#470#0                                         23.12 	(obj:0.002197)
s#470#1                                       174.936 	(obj:0.002331)
s#470#2                                       117.651 	(obj:0.002262)
s#470#3                              62.6659999999999 	(obj:8e-05)
s#470#4                              8.29999999999995 	(obj:0.002445)
s#471#0                                         23.14 	(obj:0.002197)
s#471#1                                       175.016 	(obj:0.002331)
s#471#2                                       117.741 	(obj:0.002262)
s#471#3                                        62.716 	(obj:8e-05)
s#471#4                              8.38499999999999 	(obj:0.002445)
s#472#0                                         23.27 	(obj:0.002197)
s#472#1                                       175.096 	(obj:0.002331)
s#472#2                                       117.781 	(obj:0.002262)
s#472#3                                        62.796 	(obj:8e-05)
s#472#4                              8.55999999999995 	(obj:0.002445)
s#473#0                                         23.27 	(obj:0.002197)
s#473#1                                       175.146 	(obj:0.002331)
s#473#2                                       117.821 	(obj:0.002262)
s#473#3                                        63.016 	(obj:8e-05)
s#473#4                                         8.642 	(obj:0.002445)
s#474#0                                         23.39 	(obj:0.002197)
s#474#1                                       175.216 	(obj:0.002331)
s#474#2                                       118.111 	(obj:0.002262)
s#474#3                                        63.126 	(obj:8e-05)
s#474#4                              8.67999999999995 	(obj:0.002445)
s#475#0                                         23.47 	(obj:0.002197)
s#475#1                                       175.486 	(obj:0.002331)
s#475#2                                       118.171 	(obj:0.002262)
s#475#3                                        63.186 	(obj:8e-05)
s#475#4                              8.87200000000001 	(obj:0.002445)
s#476#0                                         23.48 	(obj:0.002197)
s#476#1                                       175.526 	(obj:0.002331)
s#476#2                                       118.341 	(obj:0.002262)
s#476#3                              63.2859999999999 	(obj:8e-05)
s#476#4                              9.20299999999997 	(obj:0.002445)
s#477#0                                          23.5 	(obj:0.002197)
s#477#1                                       175.596 	(obj:0.002331)
s#477#2                                       118.381 	(obj:0.002262)
s#477#3                                        63.316 	(obj:8e-05)
s#477#4                              9.28300000000002 	(obj:0.002445)
s#478#0                                         23.54 	(obj:0.002197)
s#478#1                                       175.726 	(obj:0.002331)
s#478#2                                       118.381 	(obj:0.002262)
s#478#3                                        63.366 	(obj:8e-05)
s#478#4                              9.40299999999996 	(obj:0.002445)
s#479#0                                         23.57 	(obj:0.002197)
s#479#1                                       175.736 	(obj:0.002331)
s#479#2                                       118.381 	(obj:0.002262)
s#479#3                                        63.466 	(obj:8e-05)
s#479#4                              9.42899999999992 	(obj:0.002445)
s#480#0                                         23.58 	(obj:0.002197)
s#480#1                                       175.806 	(obj:0.002331)
s#480#2                                       118.571 	(obj:0.002262)
s#480#3                                        63.536 	(obj:8e-05)
s#480#4                              9.45400000000001 	(obj:0.002445)
s#481#0                                         23.73 	(obj:0.002197)
s#481#1                                       175.906 	(obj:0.002331)
s#481#2                                       118.611 	(obj:0.002262)
s#481#3                                        63.596 	(obj:8e-05)
s#481#4                              9.87999999999994 	(obj:0.002445)
s#482#0                                         23.84 	(obj:0.002197)
s#482#1                                       175.956 	(obj:0.002331)
s#482#2                                       118.621 	(obj:0.002262)
s#482#3                                        63.886 	(obj:8e-05)
s#482#4                              9.89799999999997 	(obj:0.002445)
s#483#0                                         23.88 	(obj:0.002197)
s#483#1                                       176.346 	(obj:0.002331)
s#483#2                                       118.651 	(obj:0.002262)
s#483#3                                        63.926 	(obj:8e-05)
s#483#4                              9.91399999999999 	(obj:0.002445)
s#484#0                                         23.93 	(obj:0.002197)
s#484#1                                       176.616 	(obj:0.002331)
s#484#2                                       118.691 	(obj:0.002262)
s#484#3                                        64.006 	(obj:8e-05)
s#484#4                              9.91800000000001 	(obj:0.002445)
s#485#0                                         23.95 	(obj:0.002197)
s#485#1                                       176.706 	(obj:0.002331)
s#485#2                                       118.931 	(obj:0.002262)
s#485#3                                        64.046 	(obj:8e-05)
s#485#4                                         9.935 	(obj:0.002445)
s#486#0                                            24 	(obj:0.002197)
s#486#1                                       176.826 	(obj:0.002331)
s#486#2                                       119.031 	(obj:0.002262)
s#486#3                                        64.246 	(obj:8e-05)
s#486#4                              9.93799999999999 	(obj:0.002445)
s#487#0                                         24.01 	(obj:0.002197)
s#487#1                                       176.886 	(obj:0.002331)
s#487#2                                       119.361 	(obj:0.002262)
s#487#3                                        64.346 	(obj:8e-05)
s#487#4                              9.95999999999998 	(obj:0.002445)
s#488#0                                         24.05 	(obj:0.002197)
s#488#1                                       176.906 	(obj:0.002331)
s#488#2                                       119.371 	(obj:0.002262)
s#488#3                                        64.366 	(obj:8e-05)
s#488#4                                          10.1 	(obj:0.002445)
s#489#0                                         24.11 	(obj:0.002197)
s#489#1                                       176.916 	(obj:0.002331)
s#489#2                                       119.471 	(obj:0.002262)
s#489#3                              64.3759999999999 	(obj:8e-05)
s#489#4                                        10.107 	(obj:0.002445)
s#490#0                                         24.16 	(obj:0.002197)
s#490#1                                       176.996 	(obj:0.002331)
s#490#2                                       119.551 	(obj:0.002262)
s#490#3                                        64.396 	(obj:8e-05)
s#490#4                                         10.26 	(obj:0.002445)
s#491#0                                         24.23 	(obj:0.002197)
s#491#1                                       177.006 	(obj:0.002331)
s#491#2                                       119.781 	(obj:0.002262)
s#491#3                                        64.416 	(obj:8e-05)
s#491#4                              10.2859999999999 	(obj:0.002445)
s#492#0                                         24.24 	(obj:0.002197)
s#492#1                                       177.066 	(obj:0.002331)
s#492#2                                       119.871 	(obj:0.002262)
s#492#3                                        64.416 	(obj:8e-05)
s#492#4                                         10.31 	(obj:0.002445)
s#493#0                                         24.24 	(obj:0.002197)
s#493#1                                       177.096 	(obj:0.002331)
s#493#2                                       119.951 	(obj:0.002262)
s#493#3                                        64.446 	(obj:8e-05)
s#493#4                                        10.357 	(obj:0.002445)
s#494#0                                         24.31 	(obj:0.002197)
s#494#1                                       177.106 	(obj:0.002331)
s#494#2                                       120.051 	(obj:0.002262)
s#494#3                                        64.596 	(obj:8e-05)
s#494#4                                        10.493 	(obj:0.002445)
s#495#0                                         24.42 	(obj:0.002197)
s#495#1                                       177.186 	(obj:0.002331)
s#495#2                                       120.201 	(obj:0.002262)
s#495#3                                        64.616 	(obj:8e-05)
s#495#4                                        10.824 	(obj:0.002445)
s#496#0                                         24.46 	(obj:0.002197)
s#496#1                                       177.276 	(obj:0.002331)
s#496#2                                       120.231 	(obj:0.002262)
s#496#3                                        64.746 	(obj:8e-05)
s#496#4                                        11.068 	(obj:0.002445)
s#497#0                                         24.62 	(obj:0.002197)
s#497#1                                       177.296 	(obj:0.002331)
s#497#2                                       120.471 	(obj:0.002262)
s#497#3                                        64.926 	(obj:8e-05)
s#497#4                              11.1659999999999 	(obj:0.002445)
s#498#0                                         24.65 	(obj:0.002197)
s#498#1                                       177.406 	(obj:0.002331)
s#498#2                                       120.511 	(obj:0.002262)
s#498#3                                        64.936 	(obj:8e-05)
s#498#4                                        11.259 	(obj:0.002445)
s#499#0                                          24.7 	(obj:0.002197)
s#499#1                                       177.656 	(obj:0.002331)
s#499#2                                       120.571 	(obj:0.002262)
s#499#3                                        64.956 	(obj:8e-05)
s#499#4                                        11.374 	(obj:0.002445)
s#500#0                                         24.83 	(obj:0.002197)
s#500#1                                       177.726 	(obj:0.002331)
s#500#2                                       120.591 	(obj:0.002262)
s#500#3                                        65.116 	(obj:8e-05)
s#500#4                                        11.492 	(obj:0.002445)
s#501#0                                         24.85 	(obj:0.002197)
s#501#1                                       177.736 	(obj:0.002331)
s#501#2                                       120.801 	(obj:0.002262)
s#501#3                                        65.306 	(obj:8e-05)
s#501#4                              11.5369999999999 	(obj:0.002445)
s#502#0                                         24.89 	(obj:0.002197)
s#502#1                                       177.746 	(obj:0.002331)
s#502#2                                       120.871 	(obj:0.002262)
s#502#3                                        65.476 	(obj:8e-05)
s#502#4                                        11.597 	(obj:0.002445)
s#503#0                                         24.98 	(obj:0.002197)
s#503#1                                       177.816 	(obj:0.002331)
s#503#2                                       120.901 	(obj:0.002262)
s#503#3                                        65.516 	(obj:8e-05)
s#503#4                              11.7569999999999 	(obj:0.002445)
s#504#0                                          25.1 	(obj:0.002197)
s#504#1                                       177.876 	(obj:0.002331)
s#504#2                                       120.921 	(obj:0.002262)
s#504#3                                        65.666 	(obj:8e-05)
s#504#4                                        11.956 	(obj:0.002445)
s#505#0                                         25.11 	(obj:0.002197)
s#505#1                                       178.016 	(obj:0.002331)
s#505#2                                       121.031 	(obj:0.002262)
s#505#3                                        65.826 	(obj:8e-05)
s#505#4                                        11.989 	(obj:0.002445)
s#506#0                                         25.14 	(obj:0.002197)
s#506#1                                       178.066 	(obj:0.002331)
s#506#2                                       121.371 	(obj:0.002262)
s#506#3                                        65.836 	(obj:8e-05)
s#506#4                                         12.04 	(obj:0.002445)
s#507#0                                         25.17 	(obj:0.002197)
s#507#1                                       178.096 	(obj:0.002331)
s#507#2                                       121.391 	(obj:0.002262)
s#507#3                              65.8459999999999 	(obj:8e-05)
s#507#4                                        12.065 	(obj:0.002445)
s#508#0                                         25.17 	(obj:0.002197)
s#508#1                                       178.126 	(obj:0.002331)
s#508#2                                       121.391 	(obj:0.002262)
s#508#3                                        65.896 	(obj:8e-05)
s#508#4                                        12.166 	(obj:0.002445)
s#509#0                                         25.18 	(obj:0.002197)
s#509#1                                       178.146 	(obj:0.002331)
s#509#2                                       121.401 	(obj:0.002262)
s#509#3                                        65.986 	(obj:8e-05)
s#509#4                                        12.205 	(obj:0.002445)
s#510#0                                          25.2 	(obj:0.002197)
s#510#1                                       178.156 	(obj:0.002331)
s#510#2                                       121.411 	(obj:0.002262)
s#510#3                                        66.126 	(obj:8e-05)
s#510#4                                        12.219 	(obj:0.002445)
s#511#0                                         25.21 	(obj:0.002197)
s#511#1                                       178.206 	(obj:0.002331)
s#511#2                                       121.461 	(obj:0.002262)
s#511#3                                        66.206 	(obj:8e-05)
s#511#4                                        12.334 	(obj:0.002445)
s#512#0                                         25.28 	(obj:0.002197)
s#512#1                                       178.456 	(obj:0.002331)
s#512#2                                       121.501 	(obj:0.002262)
s#512#3                                        66.226 	(obj:8e-05)
s#512#4                                        12.405 	(obj:0.002445)
s#513#0                                         25.28 	(obj:0.002197)
s#513#1                                       178.526 	(obj:0.002331)
s#513#2                                       121.551 	(obj:0.002262)
s#513#3                                        66.326 	(obj:8e-05)
s#513#4                              12.4449999999999 	(obj:0.002445)
s#514#0                                          25.3 	(obj:0.002197)
s#514#1                                       178.596 	(obj:0.002331)
s#514#2                                       121.661 	(obj:0.002262)
s#514#3                                        66.326 	(obj:8e-05)
s#514#4                              12.4809999999999 	(obj:0.002445)
s#515#0                                         25.35 	(obj:0.002197)
s#515#1                                       178.776 	(obj:0.002331)
s#515#2                                       121.691 	(obj:0.002262)
s#515#3                                        66.366 	(obj:8e-05)
s#515#4                                        12.497 	(obj:0.002445)
s#516#0                                         25.47 	(obj:0.002197)
s#516#1                                       178.906 	(obj:0.002331)
s#516#2                                       121.731 	(obj:0.002262)
s#516#3                                        66.376 	(obj:8e-05)
s#516#4                                         12.96 	(obj:0.002445)
s#517#0                                         25.55 	(obj:0.002197)
s#517#1                                       179.036 	(obj:0.002331)
s#517#2                                       121.731 	(obj:0.002262)
s#517#3                                        66.416 	(obj:8e-05)
s#517#4                                        13.045 	(obj:0.002445)
s#518#0                                          25.6 	(obj:0.002197)
s#518#1                                       179.036 	(obj:0.002331)
s#518#2                                       121.821 	(obj:0.002262)
s#518#3                                        66.466 	(obj:8e-05)
s#518#4                                        13.168 	(obj:0.002445)
s#519#0                                         25.63 	(obj:0.002197)
s#519#1                                       179.056 	(obj:0.002331)
s#519#2                                       122.081 	(obj:0.002262)
s#519#3                                        66.556 	(obj:8e-05)
s#519#4                                        13.271 	(obj:0.002445)
s#520#0                                         25.76 	(obj:0.002197)
s#520#1                                       179.106 	(obj:0.002331)
s#520#2                                       122.141 	(obj:0.002262)
s#520#3                                        66.606 	(obj:8e-05)
s#520#4                                        13.636 	(obj:0.002445)
s#521#0                                         25.78 	(obj:0.002197)
s#521#1                                       179.106 	(obj:0.002331)
s#521#2                                       122.151 	(obj:0.002262)
s#521#3                                        66.616 	(obj:8e-05)
s#521#4                              13.7089999999999 	(obj:0.002445)
s#522#0                                          25.8 	(obj:0.002197)
s#522#1                                       179.126 	(obj:0.002331)
s#522#2                                       122.321 	(obj:0.002262)
s#522#3                                        66.636 	(obj:8e-05)
s#522#4                                        14.269 	(obj:0.002445)
s#523#0                                         25.84 	(obj:0.002197)
s#523#1                                       179.246 	(obj:0.002331)
s#523#2                                       122.391 	(obj:0.002262)
s#523#3                                        66.706 	(obj:8e-05)
s#523#4                                        14.368 	(obj:0.002445)
s#524#0                                         25.87 	(obj:0.002197)
s#524#1                                       179.316 	(obj:0.002331)
s#524#2                                       122.461 	(obj:0.002262)
s#524#3                                        66.856 	(obj:8e-05)
s#524#4                                        14.389 	(obj:0.002445)
s#525#0                                         25.93 	(obj:0.002197)
s#525#1                                       179.396 	(obj:0.002331)
s#525#2                                       122.601 	(obj:0.002262)
s#525#3                                        66.866 	(obj:8e-05)
s#525#4                                        14.393 	(obj:0.002445)
s#526#0                                         25.95 	(obj:0.002197)
s#526#1                                       179.436 	(obj:0.002331)
s#526#2                                       122.621 	(obj:0.002262)
s#526#3                                        66.906 	(obj:8e-05)
s#526#4                                        14.437 	(obj:0.002445)
s#527#0                                            26 	(obj:0.002197)
s#527#1                                       179.456 	(obj:0.002331)
s#527#2                                       122.621 	(obj:0.002262)
s#527#3                                        67.036 	(obj:8e-05)
s#527#4                                         14.65 	(obj:0.002445)
s#528#0                                         26.02 	(obj:0.002197)
s#528#1                                       179.516 	(obj:0.002331)
s#528#2                                       122.721 	(obj:0.002262)
s#528#3                                        67.056 	(obj:8e-05)
s#528#4                                        14.704 	(obj:0.002445)
s#529#0                                         26.06 	(obj:0.002197)
s#529#1                                       179.576 	(obj:0.002331)
s#529#2                                       122.851 	(obj:0.002262)
s#529#3                                        67.086 	(obj:8e-05)
s#529#4                                        14.736 	(obj:0.002445)
s#530#0                                         26.08 	(obj:0.002197)
s#530#1                                       179.706 	(obj:0.002331)
s#530#2                                       122.881 	(obj:0.002262)
s#530#3                                        67.246 	(obj:8e-05)
s#530#4                                        14.941 	(obj:0.002445)
s#531#0                                         26.12 	(obj:0.002197)
s#531#1                                       179.736 	(obj:0.002331)
s#531#2                                       122.931 	(obj:0.002262)
s#531#3                                        67.326 	(obj:8e-05)
s#531#4                                        14.943 	(obj:0.002445)
s#532#0                                         26.17 	(obj:0.002197)
s#532#1                                       179.736 	(obj:0.002331)
s#532#2                                       122.971 	(obj:0.002262)
s#532#3                                        67.356 	(obj:8e-05)
s#532#4                                        15.049 	(obj:0.002445)
s#533#0                                         26.17 	(obj:0.002197)
s#533#1                                       179.746 	(obj:0.002331)
s#533#2                                       123.101 	(obj:0.002262)
s#533#3                                        67.386 	(obj:8e-05)
s#533#4                                        15.067 	(obj:0.002445)
s#534#0                                         26.24 	(obj:0.002197)
s#534#1                                       179.816 	(obj:0.002331)
s#534#2                                       123.171 	(obj:0.002262)
s#534#3                                        67.396 	(obj:8e-05)
s#534#4                                        15.229 	(obj:0.002445)
s#535#0                                         26.31 	(obj:0.002197)
s#535#1                                       179.846 	(obj:0.002331)
s#535#2                                       123.181 	(obj:0.002262)
s#535#3                                        67.456 	(obj:8e-05)
s#535#4                              15.4019999999999 	(obj:0.002445)
s#536#0                                         26.39 	(obj:0.002197)
s#536#1                                       179.846 	(obj:0.002331)
s#536#2                                       123.321 	(obj:0.002262)
s#536#3                                        67.566 	(obj:8e-05)
s#536#4                                        15.403 	(obj:0.002445)
s#537#0                                         26.43 	(obj:0.002197)
s#537#1                                       180.026 	(obj:0.002331)
s#537#2                                       123.331 	(obj:0.002262)
s#537#3                                        67.706 	(obj:8e-05)
s#537#4                                        15.449 	(obj:0.002445)
s#538#0                                         26.54 	(obj:0.002197)
s#538#1                                       180.056 	(obj:0.002331)
s#538#2                                       123.411 	(obj:0.002262)
s#538#3                                        67.996 	(obj:8e-05)
s#538#4                                        15.455 	(obj:0.002445)
s#539#0                                         26.55 	(obj:0.002197)
s#539#1                                       180.106 	(obj:0.002331)
s#539#2                                       123.441 	(obj:0.002262)
s#539#3                                        68.006 	(obj:8e-05)
s#539#4                                        15.705 	(obj:0.002445)
s#540#0                                         26.57 	(obj:0.002197)
s#540#1                                       180.126 	(obj:0.002331)
s#540#2                                       123.451 	(obj:0.002262)
s#540#3                                        68.056 	(obj:8e-05)
s#540#4                                        15.837 	(obj:0.002445)
s#541#0                                         26.74 	(obj:0.002197)
s#541#1                                       180.206 	(obj:0.002331)
s#541#2                                       123.471 	(obj:0.002262)
s#541#3                                        68.286 	(obj:8e-05)
s#541#4                                        15.994 	(obj:0.002445)
s#542#0                                         26.74 	(obj:0.002197)
s#542#1                                       180.206 	(obj:0.002331)
s#542#2                                       123.511 	(obj:0.002262)
s#542#3                                        68.286 	(obj:8e-05)
s#542#4                                        15.998 	(obj:0.002445)
s#543#0                                         26.79 	(obj:0.002197)
s#543#1                                       180.326 	(obj:0.002331)
s#543#2                                       123.671 	(obj:0.002262)
s#543#3                                        68.436 	(obj:8e-05)
s#543#4                                        16.082 	(obj:0.002445)
s#544#0                                         26.83 	(obj:0.002197)
s#544#1                                       180.336 	(obj:0.002331)
s#544#2                                       123.761 	(obj:0.002262)
s#544#3                                        68.436 	(obj:8e-05)
s#544#4                                          16.1 	(obj:0.002445)
s#545#0                                         26.83 	(obj:0.002197)
s#545#1                                       180.336 	(obj:0.002331)
s#545#2                                       123.771 	(obj:0.002262)
s#545#3                              68.4759999999999 	(obj:8e-05)
s#545#4                                        16.102 	(obj:0.002445)
s#546#0                                         26.85 	(obj:0.002197)
s#546#1                                       180.346 	(obj:0.002331)
s#546#2                                       124.071 	(obj:0.002262)
s#546#3                                        68.486 	(obj:8e-05)
s#546#4                                        16.197 	(obj:0.002445)
s#547#0                                         26.87 	(obj:0.002197)
s#547#1                                       180.346 	(obj:0.002331)
s#547#2                                       124.351 	(obj:0.002262)
s#547#3                                        68.616 	(obj:8e-05)
s#547#4                                         16.21 	(obj:0.002445)
s#548#0                                          26.9 	(obj:0.002197)
s#548#1                                       180.466 	(obj:0.002331)
s#548#2                                       124.371 	(obj:0.002262)
s#548#3                                        68.796 	(obj:8e-05)
s#548#4                                        16.232 	(obj:0.002445)
s#549#0                                         26.92 	(obj:0.002197)
s#549#1                                       180.546 	(obj:0.002331)
s#549#2                                       124.431 	(obj:0.002262)
s#549#3                                        69.016 	(obj:8e-05)
s#549#4                                         16.29 	(obj:0.002445)
s#550#0                                         26.94 	(obj:0.002197)
s#550#1                                       180.566 	(obj:0.002331)
s#550#2                                       124.631 	(obj:0.002262)
s#550#3                                        69.246 	(obj:8e-05)
s#550#4                                        16.372 	(obj:0.002445)
s#551#0                                         27.06 	(obj:0.002197)
s#551#1                                       180.646 	(obj:0.002331)
s#551#2                                       124.741 	(obj:0.002262)
s#551#3                                        69.256 	(obj:8e-05)
s#551#4                              16.4949999999999 	(obj:0.002445)
s#552#0                                         27.09 	(obj:0.002197)
s#552#1                                       180.896 	(obj:0.002331)
s#552#2                                       124.871 	(obj:0.002262)
s#552#3                                        69.596 	(obj:8e-05)
s#552#4                                        16.503 	(obj:0.002445)
s#553#0                                         27.13 	(obj:0.002197)
s#553#1                                       181.206 	(obj:0.002331)
s#553#2                                       124.891 	(obj:0.002262)
s#553#3                                        69.606 	(obj:8e-05)
s#553#4                                        16.646 	(obj:0.002445)
s#554#0                                         27.21 	(obj:0.002197)
s#554#1                                       181.276 	(obj:0.002331)
s#554#2                                       125.181 	(obj:0.002262)
s#554#3                                        69.606 	(obj:8e-05)
s#554#4                                        16.726 	(obj:0.002445)
s#555#0                                         27.26 	(obj:0.002197)
s#555#1                                       181.286 	(obj:0.002331)
s#555#2                                       125.271 	(obj:0.002262)
s#555#3                                        69.746 	(obj:8e-05)
s#555#4                                        16.854 	(obj:0.002445)
s#556#0                                         27.27 	(obj:0.002197)
s#556#1                                       181.326 	(obj:0.002331)
s#556#2                                       125.341 	(obj:0.002262)
s#556#3                                        69.786 	(obj:8e-05)
s#556#4                              17.0429999999999 	(obj:0.002445)
s#557#0                                         27.28 	(obj:0.002197)
s#557#1                                       181.416 	(obj:0.002331)
s#557#2                                       125.511 	(obj:0.002262)
s#557#3                                        69.886 	(obj:8e-05)
s#557#4                              17.1109999999999 	(obj:0.002445)
s#558#0                                         27.28 	(obj:0.002197)
s#558#1                                       181.466 	(obj:0.002331)
s#558#2                                       125.541 	(obj:0.002262)
s#558#3                              69.9759999999999 	(obj:8e-05)
s#558#4                                        17.121 	(obj:0.002445)
s#559#0                                         27.29 	(obj:0.002197)
s#559#1                                       181.516 	(obj:0.002331)
s#559#2                                       125.681 	(obj:0.002262)
s#559#3                                        70.026 	(obj:8e-05)
s#559#4                                        17.137 	(obj:0.002445)
s#560#0                                         27.37 	(obj:0.002197)
s#560#1                                       181.526 	(obj:0.002331)
s#560#2                                       125.821 	(obj:0.002262)
s#560#3                                        70.176 	(obj:8e-05)
s#560#4                              17.1679999999999 	(obj:0.002445)
s#561#0                                         27.43 	(obj:0.002197)
s#561#1                                       181.616 	(obj:0.002331)
s#561#2                                       125.861 	(obj:0.002262)
s#561#3                                        70.196 	(obj:8e-05)
s#561#4                                        17.201 	(obj:0.002445)
s#562#0                                         27.43 	(obj:0.002197)
s#562#1                                       181.686 	(obj:0.002331)
s#562#2                                       125.911 	(obj:0.002262)
s#562#3                                        70.436 	(obj:8e-05)
s#562#4                                         17.23 	(obj:0.002445)
s#563#0                                         27.73 	(obj:0.002197)
s#563#1                                       181.696 	(obj:0.002331)
s#563#2                                       126.081 	(obj:0.002262)
s#563#3                                        70.666 	(obj:8e-05)
s#563#4                              17.3419999999999 	(obj:0.002445)
s#564#0                                         27.83 	(obj:0.002197)
s#564#1                                       181.756 	(obj:0.002331)
s#564#2                                       126.171 	(obj:0.002262)
s#564#3                                        70.706 	(obj:8e-05)
s#564#4                              17.3709999999999 	(obj:0.002445)
s#565#0                                         27.89 	(obj:0.002197)
s#565#1                                       181.846 	(obj:0.002331)
s#565#2                                       126.271 	(obj:0.002262)
s#565#3                                        70.786 	(obj:8e-05)
s#565#4                                        17.448 	(obj:0.002445)
s#566#0                                         27.93 	(obj:0.002197)
s#566#1                                       181.876 	(obj:0.002331)
s#566#2                                       126.361 	(obj:0.002262)
s#566#3                                        70.856 	(obj:8e-05)
s#566#4                              17.4959999999999 	(obj:0.002445)
s#567#0                                         27.96 	(obj:0.002197)
s#567#1                                       181.886 	(obj:0.002331)
s#567#2                                       126.481 	(obj:0.002262)
s#567#3                                        70.926 	(obj:8e-05)
s#567#4                                        17.561 	(obj:0.002445)
s#568#0                                         28.02 	(obj:0.002197)
s#568#1                                       181.886 	(obj:0.002331)
s#568#2                                       126.751 	(obj:0.002262)
s#568#3                                        71.076 	(obj:8e-05)
s#568#4                                        17.672 	(obj:0.002445)
s#569#0                                         28.03 	(obj:0.002197)
s#569#1                                       181.976 	(obj:0.002331)
s#569#2                                       126.771 	(obj:0.002262)
s#569#3                                        71.086 	(obj:8e-05)
s#569#4                                        17.679 	(obj:0.002445)
s#570#0                                         28.15 	(obj:0.002197)
s#570#1                                       182.086 	(obj:0.002331)
s#570#2                                       126.871 	(obj:0.002262)
s#570#3                              71.0959999999999 	(obj:8e-05)
s#570#4                                        17.856 	(obj:0.002445)
s#571#0                                         28.18 	(obj:0.002197)
s#571#1                                       182.166 	(obj:0.002331)
s#571#2                                       126.891 	(obj:0.002262)
s#571#3                                        71.116 	(obj:8e-05)
s#571#4                                        17.939 	(obj:0.002445)
s#572#0                                         28.25 	(obj:0.002197)
s#572#1                                       182.186 	(obj:0.002331)
s#572#2                                       127.091 	(obj:0.002262)
s#572#3                                        71.356 	(obj:8e-05)
s#572#4                                        18.009 	(obj:0.002445)
s#573#0                                         28.25 	(obj:0.002197)
s#573#1                                       182.186 	(obj:0.002331)
s#573#2                                       127.151 	(obj:0.002262)
s#573#3                              71.5359999999999 	(obj:8e-05)
s#573#4                                        18.021 	(obj:0.002445)
s#574#0                                         28.34 	(obj:0.002197)
s#574#1                                       182.206 	(obj:0.002331)
s#574#2                                       127.301 	(obj:0.002262)
s#574#3                                        71.866 	(obj:8e-05)
s#574#4                                        18.061 	(obj:0.002445)
s#575#0                                         28.35 	(obj:0.002197)
s#575#1                                       182.236 	(obj:0.002331)
s#575#2                                       127.491 	(obj:0.002262)
s#575#3                                        71.896 	(obj:8e-05)
s#575#4                                        18.118 	(obj:0.002445)
s#576#0                                          28.4 	(obj:0.002197)
s#576#1                                       182.276 	(obj:0.002331)
s#576#2                                       127.541 	(obj:0.002262)
s#576#3                                        71.936 	(obj:8e-05)
s#576#4                                        18.169 	(obj:0.002445)
s#577#0                                         28.41 	(obj:0.002197)
s#577#1                                       182.296 	(obj:0.002331)
s#577#2                                       127.561 	(obj:0.002262)
s#577#3                                        72.306 	(obj:8e-05)
s#577#4                                        18.311 	(obj:0.002445)
s#578#0                                         28.51 	(obj:0.002197)
s#578#1                                       182.326 	(obj:0.002331)
s#578#2                                       127.581 	(obj:0.002262)
s#578#3                                        72.416 	(obj:8e-05)
s#578#4                                        18.575 	(obj:0.002445)
s#579#0                                         28.65 	(obj:0.002197)
s#579#1                                       182.356 	(obj:0.002331)
s#579#2                                       127.581 	(obj:0.002262)
s#579#3                                        72.526 	(obj:8e-05)
s#579#4                              18.6199999999999 	(obj:0.002445)
s#580#0                                         28.67 	(obj:0.002197)
s#580#1                                       182.466 	(obj:0.002331)
s#580#2                                       127.611 	(obj:0.002262)
s#580#3                                        72.726 	(obj:8e-05)
s#580#4                                        18.768 	(obj:0.002445)
s#581#0                                         28.68 	(obj:0.002197)
s#581#1                                       182.636 	(obj:0.002331)
s#581#2                                       127.641 	(obj:0.002262)
s#581#3                                        72.966 	(obj:8e-05)
s#581#4                                        18.954 	(obj:0.002445)
s#582#0                                         28.81 	(obj:0.002197)
s#582#1                                       182.876 	(obj:0.002331)
s#582#2                                       127.801 	(obj:0.002262)
s#582#3                                        72.976 	(obj:8e-05)
s#582#4                                        18.961 	(obj:0.002445)
s#583#0                                         28.82 	(obj:0.002197)
s#583#1                                       183.286 	(obj:0.002331)
s#583#2                                       127.801 	(obj:0.002262)
s#583#3                                        73.056 	(obj:8e-05)
s#583#4                                        18.999 	(obj:0.002445)
s#584#0                                         28.88 	(obj:0.002197)
s#584#1                                       183.296 	(obj:0.002331)
s#584#2                                       127.901 	(obj:0.002262)
s#584#3                                        73.096 	(obj:8e-05)
s#584#4                                         19.04 	(obj:0.002445)
s#585#0                                         28.93 	(obj:0.002197)
s#585#1                                       183.356 	(obj:0.002331)
s#585#2                                       128.061 	(obj:0.002262)
s#585#3                                        73.106 	(obj:8e-05)
s#585#4                                        19.162 	(obj:0.002445)
s#586#0                                         28.95 	(obj:0.002197)
s#586#1                                       183.376 	(obj:0.002331)
s#586#2                                       128.061 	(obj:0.002262)
s#586#3                                        73.136 	(obj:8e-05)
s#586#4                                        19.215 	(obj:0.002445)
s#587#0                                         29.01 	(obj:0.002197)
s#587#1                                       183.376 	(obj:0.002331)
s#587#2                                       128.161 	(obj:0.002262)
s#587#3                                        73.246 	(obj:8e-05)
s#587#4                                        19.478 	(obj:0.002445)
s#588#0                                         29.03 	(obj:0.002197)
s#588#1                                       183.426 	(obj:0.002331)
s#588#2                                       128.171 	(obj:0.002262)
s#588#3                                        73.326 	(obj:8e-05)
s#588#4                                        19.676 	(obj:0.002445)
s#589#0                                         29.04 	(obj:0.002197)
s#589#1                                       183.496 	(obj:0.002331)
s#589#2                                       128.351 	(obj:0.002262)
s#589#3                              73.4059999999999 	(obj:8e-05)
s#589#4                                        19.757 	(obj:0.002445)
s#590#0                                         29.09 	(obj:0.002197)
s#590#1                                       183.516 	(obj:0.002331)
s#590#2                                       128.361 	(obj:0.002262)
s#590#3                                        73.536 	(obj:8e-05)
s#590#4                                        19.834 	(obj:0.002445)
s#591#0                                         29.22 	(obj:0.002197)
s#591#1                                       183.876 	(obj:0.002331)
s#591#2                                       128.381 	(obj:0.002262)
s#591#3                              73.7259999999999 	(obj:8e-05)
s#591#4                                        19.997 	(obj:0.002445)
s#592#0                                         29.38 	(obj:0.002197)
s#592#1                                       183.896 	(obj:0.002331)
s#592#2                                       128.421 	(obj:0.002262)
s#592#3                                        74.006 	(obj:8e-05)
s#592#4                                        20.001 	(obj:0.002445)
s#593#0                                         29.39 	(obj:0.002197)
s#593#1                                       183.916 	(obj:0.002331)
s#593#2                                       128.551 	(obj:0.002262)
s#593#3                                        74.006 	(obj:8e-05)
s#593#4                              20.0309999999999 	(obj:0.002445)
s#594#0                                         29.51 	(obj:0.002197)
s#594#1                                       183.936 	(obj:0.002331)
s#594#2                                       128.701 	(obj:0.002262)
s#594#3                              74.0359999999999 	(obj:8e-05)
s#594#4                                        20.149 	(obj:0.002445)
s#595#0                                         29.61 	(obj:0.002197)
s#595#1                                       183.986 	(obj:0.002331)
s#595#2                                       128.741 	(obj:0.002262)
s#595#3                                        74.146 	(obj:8e-05)
s#595#4                                        20.284 	(obj:0.002445)
s#596#0                                         29.65 	(obj:0.002197)
s#596#1                                       184.106 	(obj:0.002331)
s#596#2                                       128.871 	(obj:0.002262)
s#596#3                                        74.216 	(obj:8e-05)
s#596#4                                        20.336 	(obj:0.002445)
s#597#0                                         29.72 	(obj:0.002197)
s#597#1                                       184.106 	(obj:0.002331)
s#597#2                                       128.881 	(obj:0.002262)
s#597#3                                        74.476 	(obj:8e-05)
s#597#4                                        20.355 	(obj:0.002445)
s#598#0                                         29.75 	(obj:0.002197)
s#598#1                                       184.436 	(obj:0.002331)
s#598#2                                       128.951 	(obj:0.002262)
s#598#3                                        74.566 	(obj:8e-05)
s#598#4                                        20.448 	(obj:0.002445)
s#599#0                                         29.77 	(obj:0.002197)
s#599#1                                       184.486 	(obj:0.002331)
s#599#2                                       129.081 	(obj:0.002262)
s#599#3                                        74.566 	(obj:8e-05)
s#599#4                                        20.489 	(obj:0.002445)
s#600#0                                         29.77 	(obj:0.002197)
s#600#1                                       184.516 	(obj:0.002331)
s#600#2                                       129.151 	(obj:0.002262)
s#600#3                                        74.696 	(obj:8e-05)
s#600#4                                        20.492 	(obj:0.002445)
s#601#0                                         29.78 	(obj:0.002197)
s#601#1                                       184.646 	(obj:0.002331)
s#601#2                                       129.181 	(obj:0.002262)
s#601#3                                        74.746 	(obj:8e-05)
s#601#4                                        20.524 	(obj:0.002445)
s#602#0                                         29.84 	(obj:0.002197)
s#602#1                                       184.696 	(obj:0.002331)
s#602#2                                       129.251 	(obj:0.002262)
s#602#3                                        74.806 	(obj:8e-05)
s#602#4                              20.6039999999999 	(obj:0.002445)
s#603#0                                         29.85 	(obj:0.002197)
s#603#1                                       184.716 	(obj:0.002331)
s#603#2                                       129.341 	(obj:0.002262)
s#603#3                                        74.836 	(obj:8e-05)
s#603#4                                        20.627 	(obj:0.002445)
s#604#0                                         29.94 	(obj:0.002197)
s#604#1                                       184.756 	(obj:0.002331)
s#604#2                                       129.461 	(obj:0.002262)
s#604#3                              74.8559999999999 	(obj:8e-05)
s#604#4                                        20.705 	(obj:0.002445)
s#605#0                                         29.98 	(obj:0.002197)
s#605#1                                       184.796 	(obj:0.002331)
s#605#2                                       129.631 	(obj:0.002262)
s#605#3                                        74.956 	(obj:8e-05)
s#605#4                              20.7209999999999 	(obj:0.002445)
s#606#0                                         30.06 	(obj:0.002197)
s#606#1                                       184.816 	(obj:0.002331)
s#606#2                                       129.671 	(obj:0.002262)
s#606#3                                        74.956 	(obj:8e-05)
s#606#4                                        20.733 	(obj:0.002445)
s#607#0                                          30.1 	(obj:0.002197)
s#607#1                                       184.856 	(obj:0.002331)
s#607#2                                       129.691 	(obj:0.002262)
s#607#3                                        75.036 	(obj:8e-05)
s#607#4                                        20.773 	(obj:0.002445)
s#608#0                                         30.17 	(obj:0.002197)
s#608#1                                       184.926 	(obj:0.002331)
s#608#2                                       129.751 	(obj:0.002262)
s#608#3                                        75.036 	(obj:8e-05)
s#608#4                                        20.918 	(obj:0.002445)
s#609#0                                         30.22 	(obj:0.002197)
s#609#1                                       185.096 	(obj:0.002331)
s#609#2                                       129.861 	(obj:0.002262)
s#609#3                              75.1559999999999 	(obj:8e-05)
s#609#4                                        21.327 	(obj:0.002445)
s#610#0                                         30.24 	(obj:0.002197)
s#610#1                                       185.146 	(obj:0.002331)
s#610#2                                       129.881 	(obj:0.002262)
s#610#3                                        75.196 	(obj:8e-05)
s#610#4                              21.4209999999999 	(obj:0.002445)
s#611#0                                          30.3 	(obj:0.002197)
s#611#1                                       185.256 	(obj:0.002331)
s#611#2                                       130.041 	(obj:0.002262)
s#611#3                                        75.256 	(obj:8e-05)
s#611#4                                        21.473 	(obj:0.002445)
s#612#0                                         30.31 	(obj:0.002197)
s#612#1                                       185.376 	(obj:0.002331)
s#612#2                                       130.051 	(obj:0.002262)
s#612#3                                        75.256 	(obj:8e-05)
s#612#4                                         21.59 	(obj:0.002445)
s#613#0                                         30.36 	(obj:0.002197)
s#613#1                                       185.406 	(obj:0.002331)
s#613#2                                       130.131 	(obj:0.002262)
s#613#3                                        75.366 	(obj:8e-05)
s#613#4                                        21.657 	(obj:0.002445)
s#614#0                                         30.39 	(obj:0.002197)
s#614#1                                       185.446 	(obj:0.002331)
s#614#2                                       130.171 	(obj:0.002262)
s#614#3                              75.5059999999999 	(obj:8e-05)
s#614#4                                        21.715 	(obj:0.002445)
s#615#0                                         30.42 	(obj:0.002197)
s#615#1                                       185.486 	(obj:0.002331)
s#615#2                                       130.231 	(obj:0.002262)
s#615#3                                        75.586 	(obj:8e-05)
s#615#4                                        21.726 	(obj:0.002445)
s#616#0                                         30.43 	(obj:0.002197)
s#616#1                                       185.496 	(obj:0.002331)
s#616#2                                       130.251 	(obj:0.002262)
s#616#3                                        75.626 	(obj:8e-05)
s#616#4                              22.2979999999999 	(obj:0.002445)
s#617#0                                          30.5 	(obj:0.002197)
s#617#1                                       185.546 	(obj:0.002331)
s#617#2                                       130.281 	(obj:0.002262)
s#617#3                              75.7259999999999 	(obj:8e-05)
s#617#4                              22.3699999999999 	(obj:0.002445)
s#618#0                                         30.57 	(obj:0.002197)
s#618#1                                       185.576 	(obj:0.002331)
s#618#2                                       130.281 	(obj:0.002262)
s#618#3                                        75.776 	(obj:8e-05)
s#618#4                                        22.431 	(obj:0.002445)
s#619#0                                         30.57 	(obj:0.002197)
s#619#1                                       185.606 	(obj:0.002331)
s#619#2                                       130.421 	(obj:0.002262)
s#619#3                                        75.806 	(obj:8e-05)
s#619#4                                        22.435 	(obj:0.002445)
s#620#0                                         30.61 	(obj:0.002197)
s#620#1                                       185.636 	(obj:0.002331)
s#620#2                                       130.431 	(obj:0.002262)
s#620#3                                        75.956 	(obj:8e-05)
s#620#4                                         22.44 	(obj:0.002445)
s#621#0                                         30.69 	(obj:0.002197)
s#621#1                                       185.756 	(obj:0.002331)
s#621#2                                       130.461 	(obj:0.002262)
s#621#3                                        75.996 	(obj:8e-05)
s#621#4                              22.4629999999999 	(obj:0.002445)
s#622#0                                         30.77 	(obj:0.002197)
s#622#1                                       185.856 	(obj:0.002331)
s#622#2                                       130.471 	(obj:0.002262)
s#622#3                                        76.016 	(obj:8e-05)
s#622#4                                        22.467 	(obj:0.002445)
s#623#0                                         30.83 	(obj:0.002197)
s#623#1                                       186.116 	(obj:0.002331)
s#623#2                                       130.541 	(obj:0.002262)
s#623#3                                        76.026 	(obj:8e-05)
s#623#4                                        22.622 	(obj:0.002445)
s#624#0                                         30.83 	(obj:0.002197)
s#624#1                                       186.136 	(obj:0.002331)
s#624#2                                       130.581 	(obj:0.002262)
s#624#3                              76.0459999999999 	(obj:8e-05)
s#624#4                                        22.719 	(obj:0.002445)
s#625#0                                         30.97 	(obj:0.002197)
s#625#1                                       186.236 	(obj:0.002331)
s#625#2                                       130.621 	(obj:0.002262)
s#625#3                                        76.046 	(obj:8e-05)
s#625#4                                        22.813 	(obj:0.002445)
s#626#0                                            31 	(obj:0.002197)
s#626#1                                       186.336 	(obj:0.002331)
s#626#2                                       130.631 	(obj:0.002262)
s#626#3                                        76.056 	(obj:8e-05)
s#626#4                                        22.873 	(obj:0.002445)
s#627#0                                            31 	(obj:0.002197)
s#627#1                                       186.406 	(obj:0.002331)
s#627#2                                       130.681 	(obj:0.002262)
s#627#3                                        76.106 	(obj:8e-05)
s#627#4                                        22.951 	(obj:0.002445)
s#628#0                                         31.01 	(obj:0.002197)
s#628#1                                       186.466 	(obj:0.002331)
s#628#2                                       130.961 	(obj:0.002262)
s#628#3                              76.1559999999999 	(obj:8e-05)
s#628#4                                        22.954 	(obj:0.002445)
s#629#0                                         31.01 	(obj:0.002197)
s#629#1                                       186.536 	(obj:0.002331)
s#629#2                                       131.101 	(obj:0.002262)
s#629#3                                        76.166 	(obj:8e-05)
s#629#4                                        22.974 	(obj:0.002445)
s#630#0                                         31.04 	(obj:0.002197)
s#630#1                                       186.556 	(obj:0.002331)
s#630#2                                       131.121 	(obj:0.002262)
s#630#3                                        76.296 	(obj:8e-05)
s#630#4                                        23.015 	(obj:0.002445)
s#631#0                                         31.05 	(obj:0.002197)
s#631#1                                       186.576 	(obj:0.002331)
s#631#2                                       131.161 	(obj:0.002262)
s#631#3                                        76.366 	(obj:8e-05)
s#631#4                                        23.191 	(obj:0.002445)
s#632#0                                         31.09 	(obj:0.002197)
s#632#1                                       186.596 	(obj:0.002331)
s#632#2                                       131.171 	(obj:0.002262)
s#632#3                                        76.376 	(obj:8e-05)
s#632#4                                        23.214 	(obj:0.002445)
s#633#0                                         31.21 	(obj:0.002197)
s#633#1                                       186.746 	(obj:0.002331)
s#633#2                                       131.211 	(obj:0.002262)
s#633#3                                        76.416 	(obj:8e-05)
s#633#4                                        23.227 	(obj:0.002445)
s#634#0                                          31.3 	(obj:0.002197)
s#634#1                                       186.786 	(obj:0.002331)
s#634#2                                       131.331 	(obj:0.002262)
s#634#3                                        76.436 	(obj:8e-05)
s#634#4                                        23.395 	(obj:0.002445)
s#635#0                                          31.3 	(obj:0.002197)
s#635#1                                       186.786 	(obj:0.002331)
s#635#2                                       131.341 	(obj:0.002262)
s#635#3                                        76.586 	(obj:8e-05)
s#635#4                                        23.563 	(obj:0.002445)
s#636#0                                         31.34 	(obj:0.002197)
s#636#1                                       186.836 	(obj:0.002331)
s#636#2                                       131.381 	(obj:0.002262)
s#636#3                              76.5959999999999 	(obj:8e-05)
s#636#4                                        23.576 	(obj:0.002445)
s#637#0                                         31.37 	(obj:0.002197)
s#637#1                                       186.866 	(obj:0.002331)
s#637#2                                       131.381 	(obj:0.002262)
s#637#3                                        76.636 	(obj:8e-05)
s#637#4                              23.5939999999999 	(obj:0.002445)
s#638#0                                         31.38 	(obj:0.002197)
s#638#1                                       186.876 	(obj:0.002331)
s#638#2                                       131.471 	(obj:0.002262)
s#638#3                                        76.746 	(obj:8e-05)
s#638#4                                        23.644 	(obj:0.002445)
s#639#0                                         31.38 	(obj:0.002197)
s#639#1                                       186.906 	(obj:0.002331)
s#639#2                                       131.471 	(obj:0.002262)
s#639#3                                        76.756 	(obj:8e-05)
s#639#4                                        23.721 	(obj:0.002445)
s#640#0                                         31.42 	(obj:0.002197)
s#640#1                                       186.916 	(obj:0.002331)
s#640#2                                       131.771 	(obj:0.002262)
s#640#3                                        76.826 	(obj:8e-05)
s#640#4                                        23.749 	(obj:0.002445)
s#641#0                                         31.45 	(obj:0.002197)
s#641#1                                       186.966 	(obj:0.002331)
s#641#2                                       131.901 	(obj:0.002262)
s#641#3                                        76.866 	(obj:8e-05)
s#641#4                                        23.905 	(obj:0.002445)
s#642#0                                         31.47 	(obj:0.002197)
s#642#1                                       186.966 	(obj:0.002331)
s#642#2                                       131.991 	(obj:0.002262)
s#642#3                                        77.006 	(obj:8e-05)
s#642#4                                         23.98 	(obj:0.002445)
s#643#0                                         31.47 	(obj:0.002197)
s#643#1                                       187.016 	(obj:0.002331)
s#643#2                                       132.031 	(obj:0.002262)
s#643#3                                        77.096 	(obj:8e-05)
s#643#4                                         23.99 	(obj:0.002445)
s#644#0                                         31.51 	(obj:0.002197)
s#644#1                                       187.176 	(obj:0.002331)
s#644#2                                       132.141 	(obj:0.002262)
s#644#3                                        77.276 	(obj:8e-05)
s#644#4                                        24.127 	(obj:0.002445)
s#645#0                                         31.56 	(obj:0.002197)
s#645#1                                       187.236 	(obj:0.002331)
s#645#2                                       132.141 	(obj:0.002262)
s#645#3                                        77.416 	(obj:8e-05)
s#645#4                                        24.246 	(obj:0.002445)
s#646#0                                         31.57 	(obj:0.002197)
s#646#1                                       187.286 	(obj:0.002331)
s#646#2                                       132.171 	(obj:0.002262)
s#646#3                                        77.546 	(obj:8e-05)
s#646#4                                        24.295 	(obj:0.002445)
s#647#0                                         31.57 	(obj:0.002197)
s#647#1                                       187.346 	(obj:0.002331)
s#647#2                                       132.191 	(obj:0.002262)
s#647#3                                        77.656 	(obj:8e-05)
s#647#4                                        24.405 	(obj:0.002445)
s#648#0                                         31.58 	(obj:0.002197)
s#648#1                                       187.446 	(obj:0.002331)
s#648#2                                       132.201 	(obj:0.002262)
s#648#3                                        77.746 	(obj:8e-05)
s#648#4                                        24.463 	(obj:0.002445)
s#649#0                                         31.58 	(obj:0.002197)
s#649#1                                       187.446 	(obj:0.002331)
s#649#2                                       132.221 	(obj:0.002262)
s#649#3                                        77.746 	(obj:8e-05)
s#649#4                              24.5429999999999 	(obj:0.002445)
s#650#0                                          31.6 	(obj:0.002197)
s#650#1                                       187.456 	(obj:0.002331)
s#650#2                                       132.331 	(obj:0.002262)
s#650#3                                        78.066 	(obj:8e-05)
s#650#4                                        24.754 	(obj:0.002445)
s#651#0                                          31.6 	(obj:0.002197)
s#651#1                                       187.456 	(obj:0.002331)
s#651#2                                       132.361 	(obj:0.002262)
s#651#3                                        78.126 	(obj:8e-05)
s#651#4                                        24.771 	(obj:0.002445)
s#652#0                                         31.62 	(obj:0.002197)
s#652#1                                       187.556 	(obj:0.002331)
s#652#2                                       132.401 	(obj:0.002262)
s#652#3                                        78.166 	(obj:8e-05)
s#652#4                                        24.912 	(obj:0.002445)
s#653#0                                         31.68 	(obj:0.002197)
s#653#1                                       187.566 	(obj:0.002331)
s#653#2                                       132.431 	(obj:0.002262)
s#653#3                                        78.236 	(obj:8e-05)
s#653#4                              25.0389999999999 	(obj:0.002445)
s#654#0                                         31.69 	(obj:0.002197)
s#654#1                                       187.586 	(obj:0.002331)
s#654#2                                       132.551 	(obj:0.002262)
s#654#3                                        78.306 	(obj:8e-05)
s#654#4                                        25.051 	(obj:0.002445)
s#655#0                                         31.71 	(obj:0.002197)
s#655#1                                       187.656 	(obj:0.002331)
s#655#2                                       132.571 	(obj:0.002262)
s#655#3                                        78.326 	(obj:8e-05)
s#655#4                                        25.111 	(obj:0.002445)
s#656#0                                         31.75 	(obj:0.002197)
s#656#1                                       187.686 	(obj:0.002331)
s#656#2                                       132.651 	(obj:0.002262)
s#656#3                                        78.526 	(obj:8e-05)
s#656#4                                        25.111 	(obj:0.002445)
s#657#0                                         31.75 	(obj:0.002197)
s#657#1                                       187.806 	(obj:0.002331)
s#657#2                                       132.661 	(obj:0.002262)
s#657#3                                        78.566 	(obj:8e-05)
s#657#4                                        25.177 	(obj:0.002445)
s#658#0                                         31.77 	(obj:0.002197)
s#658#1                                       187.856 	(obj:0.002331)
s#658#2                                       132.671 	(obj:0.002262)
s#658#3                                        78.606 	(obj:8e-05)
s#658#4                                        25.273 	(obj:0.002445)
s#659#0                                         31.78 	(obj:0.002197)
s#659#1                                       188.026 	(obj:0.002331)
s#659#2                                       132.711 	(obj:0.002262)
s#659#3                                        78.796 	(obj:8e-05)
s#659#4                                         25.33 	(obj:0.002445)
s#660#0                                          31.8 	(obj:0.002197)
s#660#1                                       188.066 	(obj:0.002331)
s#660#2                                       132.761 	(obj:0.002262)
s#660#3                                        78.796 	(obj:8e-05)
s#660#4                                        25.422 	(obj:0.002445)
s#661#0                                         31.84 	(obj:0.002197)
s#661#1                                       188.216 	(obj:0.002331)
s#661#2                                       132.821 	(obj:0.002262)
s#661#3                                        78.856 	(obj:8e-05)
s#661#4                                        25.437 	(obj:0.002445)
s#662#0                                         31.85 	(obj:0.002197)
s#662#1                                       188.396 	(obj:0.002331)
s#662#2                                       132.981 	(obj:0.002262)
s#662#3                                        78.906 	(obj:8e-05)
s#662#4                                        25.601 	(obj:0.002445)
s#663#0                                         31.95 	(obj:0.002197)
s#663#1                                       188.406 	(obj:0.002331)
s#663#2                                       133.011 	(obj:0.002262)
s#663#3                                        79.006 	(obj:8e-05)
s#663#4                                        25.616 	(obj:0.002445)
s#664#0                                         31.99 	(obj:0.002197)
s#664#1                                       188.406 	(obj:0.002331)
s#664#2                                       133.261 	(obj:0.002262)
s#664#3                                        79.016 	(obj:8e-05)
s#664#4                                        25.694 	(obj:0.002445)
s#665#0                                         32.01 	(obj:0.002197)
s#665#1                                       188.416 	(obj:0.002331)
s#665#2                                       133.471 	(obj:0.002262)
s#665#3                              79.0359999999999 	(obj:8e-05)
s#665#4                              25.7069999999999 	(obj:0.002445)
s#666#0                                         32.01 	(obj:0.002197)
s#666#1                                       188.456 	(obj:0.002331)
s#666#2                                       133.531 	(obj:0.002262)
s#666#3                              79.1559999999999 	(obj:8e-05)
s#666#4                                        25.725 	(obj:0.002445)
s#667#0                                         32.12 	(obj:0.002197)
s#667#1                                       188.466 	(obj:0.002331)
s#667#2                                       133.531 	(obj:0.002262)
s#667#3                                        79.226 	(obj:8e-05)
s#667#4                                         25.96 	(obj:0.002445)
s#668#0                                          32.2 	(obj:0.002197)
s#668#1                                       188.486 	(obj:0.002331)
s#668#2                                       133.541 	(obj:0.002262)
s#668#3                                        79.286 	(obj:8e-05)
s#668#4                              26.0099999999999 	(obj:0.002445)
s#669#0                                         32.25 	(obj:0.002197)
s#669#1                                       188.526 	(obj:0.002331)
s#669#2                                       133.551 	(obj:0.002262)
s#669#3                                        79.296 	(obj:8e-05)
s#669#4                                        26.056 	(obj:0.002445)
s#670#0                                         32.27 	(obj:0.002197)
s#670#1                                       188.626 	(obj:0.002331)
s#670#2                                       133.711 	(obj:0.002262)
s#670#3                                        79.306 	(obj:8e-05)
s#670#4                                        26.236 	(obj:0.002445)
s#671#0                                         32.29 	(obj:0.002197)
s#671#1                                       188.666 	(obj:0.002331)
s#671#2                                       133.721 	(obj:0.002262)
s#671#3                                        79.406 	(obj:8e-05)
s#671#4                              26.2689999999999 	(obj:0.002445)
s#672#0                                         32.41 	(obj:0.002197)
s#672#1                                       188.676 	(obj:0.002331)
s#672#2                                       133.751 	(obj:0.002262)
s#672#3                                        79.436 	(obj:8e-05)
s#672#4                                        26.382 	(obj:0.002445)
s#673#0                                         32.42 	(obj:0.002197)
s#673#1                                       188.696 	(obj:0.002331)
s#673#2                                       133.751 	(obj:0.002262)
s#673#3                                        79.566 	(obj:8e-05)
s#673#4                                        26.393 	(obj:0.002445)
s#674#0                                         32.48 	(obj:0.002197)
s#674#1                                       188.706 	(obj:0.002331)
s#674#2                                       133.761 	(obj:0.002262)
s#674#3                                        79.576 	(obj:8e-05)
s#674#4                                         26.67 	(obj:0.002445)
s#675#0                                          32.5 	(obj:0.002197)
s#675#1                                       188.766 	(obj:0.002331)
s#675#2                                       133.811 	(obj:0.002262)
s#675#3                                        79.606 	(obj:8e-05)
s#675#4                                         26.67 	(obj:0.002445)
s#676#0                                         32.59 	(obj:0.002197)
s#676#1                                       188.776 	(obj:0.002331)
s#676#2                                       133.871 	(obj:0.002262)
s#676#3                                        79.676 	(obj:8e-05)
s#676#4                                        26.723 	(obj:0.002445)
s#677#0                                         32.62 	(obj:0.002197)
s#677#1                                       188.916 	(obj:0.002331)
s#677#2                                       133.901 	(obj:0.002262)
s#677#3                                        79.726 	(obj:8e-05)
s#677#4                                        26.965 	(obj:0.002445)
s#678#0                                         32.62 	(obj:0.002197)
s#678#1                                       188.986 	(obj:0.002331)
s#678#2                                       133.931 	(obj:0.002262)
s#678#3                                        79.856 	(obj:8e-05)
s#678#4                                        27.017 	(obj:0.002445)
s#679#0                                          32.7 	(obj:0.002197)
s#679#1                                       189.056 	(obj:0.002331)
s#679#2                                       133.981 	(obj:0.002262)
s#679#3                                        79.946 	(obj:8e-05)
s#679#4                                        27.165 	(obj:0.002445)
s#680#0                                         32.72 	(obj:0.002197)
s#680#1                                       189.066 	(obj:0.002331)
s#680#2                                       133.991 	(obj:0.002262)
s#680#3                                        79.946 	(obj:8e-05)
s#680#4                                        27.219 	(obj:0.002445)
s#681#0                                         32.79 	(obj:0.002197)
s#681#1                                       189.106 	(obj:0.002331)
s#681#2                                       134.151 	(obj:0.002262)
s#681#3                                        80.006 	(obj:8e-05)
s#681#4                                        27.375 	(obj:0.002445)
s#682#0                                         32.83 	(obj:0.002197)
s#682#1                                       189.136 	(obj:0.002331)
s#682#2                                       134.181 	(obj:0.002262)
s#682#3                                        80.076 	(obj:8e-05)
s#682#4                                         27.38 	(obj:0.002445)
s#683#0                                         32.83 	(obj:0.002197)
s#683#1                                       189.206 	(obj:0.002331)
s#683#2                                       134.231 	(obj:0.002262)
s#683#3                                        80.106 	(obj:8e-05)
s#683#4                                        27.517 	(obj:0.002445)
s#684#0                                         32.91 	(obj:0.002197)
s#684#1                                       189.456 	(obj:0.002331)
s#684#2                                       134.281 	(obj:0.002262)
s#684#3                                        80.166 	(obj:8e-05)
s#684#4                                        27.526 	(obj:0.002445)
s#685#0                                         32.92 	(obj:0.002197)
s#685#1                                       189.486 	(obj:0.002331)
s#685#2                                       134.291 	(obj:0.002262)
s#685#3                                        80.186 	(obj:8e-05)
s#685#4                                        27.555 	(obj:0.002445)
s#686#0                                         32.95 	(obj:0.002197)
s#686#1                                       189.486 	(obj:0.002331)
s#686#2                                       134.311 	(obj:0.002262)
s#686#3                                        80.316 	(obj:8e-05)
s#686#4                                        27.557 	(obj:0.002445)
s#687#0                                         33.02 	(obj:0.002197)
s#687#1                                       189.876 	(obj:0.002331)
s#687#2                                       134.331 	(obj:0.002262)
s#687#3                                        80.336 	(obj:8e-05)
s#687#4                                         27.57 	(obj:0.002445)
s#688#0                                         33.08 	(obj:0.002197)
s#688#1                                       189.886 	(obj:0.002331)
s#688#2                                       134.471 	(obj:0.002262)
s#688#3                                        80.506 	(obj:8e-05)
s#688#4                                        27.729 	(obj:0.002445)
s#689#0                                         33.11 	(obj:0.002197)
s#689#1                                       189.906 	(obj:0.002331)
s#689#2                                       134.571 	(obj:0.002262)
s#689#3                                        80.586 	(obj:8e-05)
s#689#4                                        27.782 	(obj:0.002445)
s#690#0                                         33.25 	(obj:0.002197)
s#690#1                                       189.926 	(obj:0.002331)
s#690#2                                       134.671 	(obj:0.002262)
s#690#3                              80.6659999999999 	(obj:8e-05)
s#690#4                                        27.962 	(obj:0.002445)
s#691#0                                         33.32 	(obj:0.002197)
s#691#1                                       189.936 	(obj:0.002331)
s#691#2                                       134.681 	(obj:0.002262)
s#691#3                                        80.756 	(obj:8e-05)
s#691#4                                        28.141 	(obj:0.002445)
s#692#0                                         33.33 	(obj:0.002197)
s#692#1                                       189.956 	(obj:0.002331)
s#692#2                                       134.771 	(obj:0.002262)
s#692#3                                        81.016 	(obj:8e-05)
s#692#4                                        28.204 	(obj:0.002445)
s#693#0                                         33.34 	(obj:0.002197)
s#693#1                                       189.976 	(obj:0.002331)
s#693#2                                       134.771 	(obj:0.002262)
s#693#3                                        81.066 	(obj:8e-05)
s#693#4                                        28.209 	(obj:0.002445)
s#694#0                                         33.34 	(obj:0.002197)
s#694#1                                       189.996 	(obj:0.002331)
s#694#2                                       134.831 	(obj:0.002262)
s#694#3                              81.1659999999999 	(obj:8e-05)
s#694#4                                        28.304 	(obj:0.002445)
s#695#0                                         33.38 	(obj:0.002197)
s#695#1                                       190.026 	(obj:0.002331)
s#695#2                                       134.851 	(obj:0.002262)
s#695#3                                        81.246 	(obj:8e-05)
s#695#4                                         28.32 	(obj:0.002445)
s#696#0                                         33.39 	(obj:0.002197)
s#696#1                                       190.036 	(obj:0.002331)
s#696#2                                       134.871 	(obj:0.002262)
s#696#3                                        81.476 	(obj:8e-05)
s#696#4                                        28.443 	(obj:0.002445)
s#697#0                                         33.42 	(obj:0.002197)
s#697#1                                       190.206 	(obj:0.002331)
s#697#2                                       134.931 	(obj:0.002262)
s#697#3                                        81.886 	(obj:8e-05)
s#697#4                                        28.681 	(obj:0.002445)
s#698#0                                         33.48 	(obj:0.002197)
s#698#1                                       190.376 	(obj:0.002331)
s#698#2                                       135.091 	(obj:0.002262)
s#698#3                                        81.916 	(obj:8e-05)
s#698#4                                        28.696 	(obj:0.002445)
s#699#0                                         33.49 	(obj:0.002197)
s#699#1                                       190.406 	(obj:0.002331)
s#699#2                                       135.101 	(obj:0.002262)
s#699#3                                        81.926 	(obj:8e-05)
s#699#4                                         28.73 	(obj:0.002445)
s#700#0                                         33.53 	(obj:0.002197)
s#700#1                                       190.506 	(obj:0.002331)
s#700#2                                       135.141 	(obj:0.002262)
s#700#3                                        81.996 	(obj:8e-05)
s#700#4                                        28.807 	(obj:0.002445)
s#701#0                                         33.66 	(obj:0.002197)
s#701#1                                       190.516 	(obj:0.002331)
s#701#2                                       135.151 	(obj:0.002262)
s#701#3                                        82.196 	(obj:8e-05)
s#701#4                                        28.869 	(obj:0.002445)
s#702#0                                         33.69 	(obj:0.002197)
s#702#1                                       190.586 	(obj:0.002331)
s#702#2                                       135.151 	(obj:0.002262)
s#702#3                                        82.516 	(obj:8e-05)
s#702#4                                        28.927 	(obj:0.002445)
s#703#0                                         33.78 	(obj:0.002197)
s#703#1                                       190.606 	(obj:0.002331)
s#703#2                                       135.161 	(obj:0.002262)
s#703#3                                        82.596 	(obj:8e-05)
s#703#4                              29.0339999999999 	(obj:0.002445)
s#704#0                                          33.8 	(obj:0.002197)
s#704#1                                       190.776 	(obj:0.002331)
s#704#2                                       135.361 	(obj:0.002262)
s#704#3                                        82.626 	(obj:8e-05)
s#704#4                                         29.09 	(obj:0.002445)
s#705#0                                         33.89 	(obj:0.002197)
s#705#1                                       190.896 	(obj:0.002331)
s#705#2                                       135.571 	(obj:0.002262)
s#705#3                                        82.796 	(obj:8e-05)
s#705#4                                        29.142 	(obj:0.002445)
s#706#0                                          33.9 	(obj:0.002197)
s#706#1                                       190.966 	(obj:0.002331)
s#706#2                                       135.751 	(obj:0.002262)
s#706#3                                        82.846 	(obj:8e-05)
s#706#4                                        29.357 	(obj:0.002445)
s#707#0                                         33.93 	(obj:0.002197)
s#707#1                                       190.976 	(obj:0.002331)
s#707#2                                       135.851 	(obj:0.002262)
s#707#3                                        82.896 	(obj:8e-05)
s#707#4                                         29.42 	(obj:0.002445)
s#708#0                                         33.94 	(obj:0.002197)
s#708#1                                       190.986 	(obj:0.002331)
s#708#2                                       135.851 	(obj:0.002262)
s#708#3                                        82.996 	(obj:8e-05)
s#708#4                                         29.63 	(obj:0.002445)
s#709#0                                         33.98 	(obj:0.002197)
s#709#1                                       190.996 	(obj:0.002331)
s#709#2                                       135.871 	(obj:0.002262)
s#709#3                                        83.116 	(obj:8e-05)
s#709#4                              29.7619999999999 	(obj:0.002445)
s#710#0                                         34.02 	(obj:0.002197)
s#710#1                                       191.006 	(obj:0.002331)
s#710#2                                       135.891 	(obj:0.002262)
s#710#3                                        83.126 	(obj:8e-05)
s#710#4                                        29.777 	(obj:0.002445)
s#711#0                                         34.06 	(obj:0.002197)
s#711#1                                       191.026 	(obj:0.002331)
s#711#2                                       136.261 	(obj:0.002262)
s#711#3                                        83.136 	(obj:8e-05)
s#711#4                              29.8269999999999 	(obj:0.002445)
s#712#0                                         34.06 	(obj:0.002197)
s#712#1                                       191.056 	(obj:0.002331)
s#712#2                                       136.291 	(obj:0.002262)
s#712#3                                        83.266 	(obj:8e-05)
s#712#4                              29.8969999999999 	(obj:0.002445)
s#713#0                                         34.07 	(obj:0.002197)
s#713#1                                       191.056 	(obj:0.002331)
s#713#2                                       136.361 	(obj:0.002262)
s#713#3                                        83.446 	(obj:8e-05)
s#713#4                                        29.926 	(obj:0.002445)
s#714#0                                         34.08 	(obj:0.002197)
s#714#1                                       191.116 	(obj:0.002331)
s#714#2                                       136.361 	(obj:0.002262)
s#714#3                                        83.466 	(obj:8e-05)
s#714#4                                        29.953 	(obj:0.002445)
s#715#0                                         34.12 	(obj:0.002197)
s#715#1                                       191.116 	(obj:0.002331)
s#715#2                                       136.541 	(obj:0.002262)
s#715#3                                        83.566 	(obj:8e-05)
s#715#4                              30.1249999999999 	(obj:0.002445)
s#716#0                                         34.15 	(obj:0.002197)
s#716#1                                       191.186 	(obj:0.002331)
s#716#2                                       136.551 	(obj:0.002262)
s#716#3                                        83.596 	(obj:8e-05)
s#716#4                                        30.421 	(obj:0.002445)
s#717#0                                         34.19 	(obj:0.002197)
s#717#1                                       191.266 	(obj:0.002331)
s#717#2                                       136.631 	(obj:0.002262)
s#717#3                                        83.626 	(obj:8e-05)
s#717#4                                        30.527 	(obj:0.002445)
s#718#0                                         34.22 	(obj:0.002197)
s#718#1                                       191.286 	(obj:0.002331)
s#718#2                                       136.751 	(obj:0.002262)
s#718#3                                        83.966 	(obj:8e-05)
s#718#4                                        30.669 	(obj:0.002445)
s#719#0                                         34.33 	(obj:0.002197)
s#719#1                                       191.306 	(obj:0.002331)
s#719#2                                       136.761 	(obj:0.002262)
s#719#3                                        83.976 	(obj:8e-05)
s#719#4                                        31.055 	(obj:0.002445)
s#720#0                                         34.36 	(obj:0.002197)
s#720#1                                       191.306 	(obj:0.002331)
s#720#2                                       136.871 	(obj:0.002262)
s#720#3                                        83.986 	(obj:8e-05)
s#720#4                                        31.102 	(obj:0.002445)
s#721#0                                         34.39 	(obj:0.002197)
s#721#1                                       191.436 	(obj:0.002331)
s#721#2                                       137.091 	(obj:0.002262)
s#721#3                                        84.066 	(obj:8e-05)
s#721#4                                        31.129 	(obj:0.002445)
s#722#0                                         34.42 	(obj:0.002197)
s#722#1                                       191.586 	(obj:0.002331)
s#722#2                                       137.141 	(obj:0.002262)
s#722#3                                        84.156 	(obj:8e-05)
s#722#4                                        31.366 	(obj:0.002445)
s#723#0                                         34.46 	(obj:0.002197)
s#723#1                                       191.666 	(obj:0.002331)
s#723#2                                       137.181 	(obj:0.002262)
s#723#3                                        84.166 	(obj:8e-05)
s#723#4                                        31.421 	(obj:0.002445)
s#724#0                                         34.46 	(obj:0.002197)
s#724#1                                       191.696 	(obj:0.002331)
s#724#2                                       137.191 	(obj:0.002262)
s#724#3                                        84.176 	(obj:8e-05)
s#724#4                              31.6109999999999 	(obj:0.002445)
s#725#0                                         34.47 	(obj:0.002197)
s#725#1                                       191.856 	(obj:0.002331)
s#725#2                                       137.231 	(obj:0.002262)
s#725#3                                        84.216 	(obj:8e-05)
s#725#4                                        31.815 	(obj:0.002445)
s#726#0                                          34.5 	(obj:0.002197)
s#726#1                                       191.926 	(obj:0.002331)
s#726#2                                       137.281 	(obj:0.002262)
s#726#3                                        84.366 	(obj:8e-05)
s#726#4                                        31.819 	(obj:0.002445)
s#727#0                                         34.54 	(obj:0.002197)
s#727#1                                       191.926 	(obj:0.002331)
s#727#2                                       137.321 	(obj:0.002262)
s#727#3                                        84.376 	(obj:8e-05)
s#727#4                                        31.883 	(obj:0.002445)
s#728#0                                         34.55 	(obj:0.002197)
s#728#1                                       191.936 	(obj:0.002331)
s#728#2                                       137.571 	(obj:0.002262)
s#728#3                                        84.496 	(obj:8e-05)
s#728#4                                        32.346 	(obj:0.002445)
s#729#0                                         34.72 	(obj:0.002197)
s#729#1                                       191.976 	(obj:0.002331)
s#729#2                                       137.701 	(obj:0.002262)
s#729#3                                        84.606 	(obj:8e-05)
s#729#4                                         32.36 	(obj:0.002445)
s#730#0                                         34.73 	(obj:0.002197)
s#730#1                                       192.196 	(obj:0.002331)
s#730#2                                       137.711 	(obj:0.002262)
s#730#3                                        84.636 	(obj:8e-05)
s#730#4                                        32.383 	(obj:0.002445)
s#731#0                                         34.77 	(obj:0.002197)
s#731#1                                       192.296 	(obj:0.002331)
s#731#2                                       137.781 	(obj:0.002262)
s#731#3                                        84.726 	(obj:8e-05)
s#731#4                                        32.429 	(obj:0.002445)
s#732#0                                         34.87 	(obj:0.002197)
s#732#1                                       192.306 	(obj:0.002331)
s#732#2                                       137.781 	(obj:0.002262)
s#732#3                                        84.806 	(obj:8e-05)
s#732#4                                        32.431 	(obj:0.002445)
s#733#0                                         34.97 	(obj:0.002197)
s#733#1                                       192.356 	(obj:0.002331)
s#733#2                                       137.791 	(obj:0.002262)
s#733#3                                        85.076 	(obj:8e-05)
s#733#4                                        32.437 	(obj:0.002445)
s#734#0                                         35.08 	(obj:0.002197)
s#734#1                                       192.396 	(obj:0.002331)
s#734#2                                       137.821 	(obj:0.002262)
s#734#3                                        85.116 	(obj:8e-05)
s#734#4                                        32.567 	(obj:0.002445)
s#735#0                                         35.18 	(obj:0.002197)
s#735#1                                       192.456 	(obj:0.002331)
s#735#2                                       137.851 	(obj:0.002262)
s#735#3                                        85.216 	(obj:8e-05)
s#735#4                              32.6729999999999 	(obj:0.002445)
s#736#0                                         35.19 	(obj:0.002197)
s#736#1                                       192.616 	(obj:0.002331)
s#736#2                                       137.891 	(obj:0.002262)
s#736#3                                        85.406 	(obj:8e-05)
s#736#4                                        32.806 	(obj:0.002445)
s#737#0                                         35.21 	(obj:0.002197)
s#737#1                                       192.706 	(obj:0.002331)
s#737#2                                       138.201 	(obj:0.002262)
s#737#3                                        85.476 	(obj:8e-05)
s#737#4                                        33.023 	(obj:0.002445)
s#738#0                                         35.23 	(obj:0.002197)
s#738#1                                       192.796 	(obj:0.002331)
s#738#2                                       138.271 	(obj:0.002262)
s#738#3                                        85.536 	(obj:8e-05)
s#738#4                                        33.066 	(obj:0.002445)
s#739#0                                          35.3 	(obj:0.002197)
s#739#1                                       192.856 	(obj:0.002331)
s#739#2                                       138.371 	(obj:0.002262)
s#739#3                                        85.556 	(obj:8e-05)
s#739#4                                        33.173 	(obj:0.002445)
s#740#0                                         35.31 	(obj:0.002197)
s#740#1                                       192.886 	(obj:0.002331)
s#740#2                                       138.401 	(obj:0.002262)
s#740#3                                        85.646 	(obj:8e-05)
s#740#4                              33.2379999999999 	(obj:0.002445)
s#741#0                                         35.32 	(obj:0.002197)
s#741#1                                       192.906 	(obj:0.002331)
s#741#2                                       138.441 	(obj:0.002262)
s#741#3                                        85.766 	(obj:8e-05)
s#741#4                                        33.305 	(obj:0.002445)
s#742#0                                         35.41 	(obj:0.002197)
s#742#1                                       192.946 	(obj:0.002331)
s#742#2                                       138.621 	(obj:0.002262)
s#742#3                                        85.926 	(obj:8e-05)
s#742#4                                        33.319 	(obj:0.002445)
s#743#0                                         35.59 	(obj:0.002197)
s#743#1                                       192.976 	(obj:0.002331)
s#743#2                                       138.721 	(obj:0.002262)
s#743#3                                        85.976 	(obj:8e-05)
s#743#4                                        33.658 	(obj:0.002445)
s#744#0                                         35.65 	(obj:0.002197)
s#744#1                                       193.006 	(obj:0.002331)
s#744#2                                       138.791 	(obj:0.002262)
s#744#3                              85.9859999999999 	(obj:8e-05)
s#744#4                              33.8149999999999 	(obj:0.002445)
s#745#0                                         35.66 	(obj:0.002197)
s#745#1                                       193.006 	(obj:0.002331)
s#745#2                                       138.871 	(obj:0.002262)
s#745#3                                        86.016 	(obj:8e-05)
s#745#4                                        33.816 	(obj:0.002445)
s#746#0                                         35.72 	(obj:0.002197)
s#746#1                                       193.076 	(obj:0.002331)
s#746#2                                       138.881 	(obj:0.002262)
s#746#3                                        86.146 	(obj:8e-05)
s#746#4                                        33.818 	(obj:0.002445)
s#747#0                                         35.83 	(obj:0.002197)
s#747#1                                       193.076 	(obj:0.002331)
s#747#2                                       138.891 	(obj:0.002262)
s#747#3                                        86.206 	(obj:8e-05)
s#747#4                                        33.819 	(obj:0.002445)
s#748#0                                         35.98 	(obj:0.002197)
s#748#1                                       193.106 	(obj:0.002331)
s#748#2                                       138.941 	(obj:0.002262)
s#748#3                                        86.246 	(obj:8e-05)
s#748#4                                        33.852 	(obj:0.002445)
s#749#0                                         35.99 	(obj:0.002197)
s#749#1                                       193.176 	(obj:0.002331)
s#749#2                                       138.951 	(obj:0.002262)
s#749#3                                        86.366 	(obj:8e-05)
s#749#4                              33.8609999999999 	(obj:0.002445)
s#750#0                                            36 	(obj:0.002197)
s#750#1                                       193.246 	(obj:0.002331)
s#750#2                                       138.971 	(obj:0.002262)
s#750#3                              86.3759999999999 	(obj:8e-05)
s#750#4                                        33.944 	(obj:0.002445)
s#751#0                                         36.05 	(obj:0.002197)
s#751#1                                       193.386 	(obj:0.002331)
s#751#2                                       138.981 	(obj:0.002262)
s#751#3                                        86.516 	(obj:8e-05)
s#751#4                                        33.985 	(obj:0.002445)
s#752#0                                         36.09 	(obj:0.002197)
s#752#1                                       193.406 	(obj:0.002331)
s#752#2                                       139.031 	(obj:0.002262)
s#752#3                                        86.566 	(obj:8e-05)
s#752#4                                        34.037 	(obj:0.002445)
s#753#0                                         36.09 	(obj:0.002197)
s#753#1                                       193.426 	(obj:0.002331)
s#753#2                                       139.121 	(obj:0.002262)
s#753#3                                        86.576 	(obj:8e-05)
s#753#4                              34.0959999999999 	(obj:0.002445)
s#754#0                                         36.15 	(obj:0.002197)
s#754#1                                       193.496 	(obj:0.002331)
s#754#2                                       139.191 	(obj:0.002262)
s#754#3                                        86.646 	(obj:8e-05)
s#754#4                              34.2189999999999 	(obj:0.002445)
s#755#0                                         36.17 	(obj:0.002197)
s#755#1                                       193.686 	(obj:0.002331)
s#755#2                                       139.241 	(obj:0.002262)
s#755#3                                        86.706 	(obj:8e-05)
s#755#4                                        34.276 	(obj:0.002445)
s#756#0                                         36.23 	(obj:0.002197)
s#756#1                                       193.756 	(obj:0.002331)
s#756#2                                       139.261 	(obj:0.002262)
s#756#3                                        86.876 	(obj:8e-05)
s#756#4                                        34.362 	(obj:0.002445)
s#757#0                                         36.23 	(obj:0.002197)
s#757#1                                       194.056 	(obj:0.002331)
s#757#2                                       139.291 	(obj:0.002262)
s#757#3                                        86.966 	(obj:8e-05)
s#757#4                                        34.459 	(obj:0.002445)
s#758#0                                         36.64 	(obj:0.002197)
s#758#1                                       194.066 	(obj:0.002331)
s#758#2                                       139.301 	(obj:0.002262)
s#758#3                                        87.016 	(obj:8e-05)
s#758#4                                        34.484 	(obj:0.002445)
s#759#0                                         36.66 	(obj:0.002197)
s#759#1                                       194.076 	(obj:0.002331)
s#759#2                                       139.361 	(obj:0.002262)
s#759#3                                        87.286 	(obj:8e-05)
s#759#4                                        34.568 	(obj:0.002445)
s#760#0                                         36.72 	(obj:0.002197)
s#760#1                                       194.106 	(obj:0.002331)
s#760#2                                       139.401 	(obj:0.002262)
s#760#3                                        87.326 	(obj:8e-05)
s#760#4                                        34.701 	(obj:0.002445)
s#761#0                                         36.77 	(obj:0.002197)
s#761#1                                       194.126 	(obj:0.002331)
s#761#2                                       139.421 	(obj:0.002262)
s#761#3                                        87.526 	(obj:8e-05)
s#761#4                                        34.973 	(obj:0.002445)
s#762#0                                         36.79 	(obj:0.002197)
s#762#1                                       194.176 	(obj:0.002331)
s#762#2                                       139.681 	(obj:0.002262)
s#762#3                                        87.596 	(obj:8e-05)
s#762#4                                        35.034 	(obj:0.002445)
s#763#0                                          36.8 	(obj:0.002197)
s#763#1                                       194.176 	(obj:0.002331)
s#763#2                                       139.721 	(obj:0.002262)
s#763#3                                        87.716 	(obj:8e-05)
s#763#4                                        35.046 	(obj:0.002445)
s#764#0                                         36.86 	(obj:0.002197)
s#764#1                                       194.266 	(obj:0.002331)
s#764#2                                       139.731 	(obj:0.002262)
s#764#3                                        87.836 	(obj:8e-05)
s#764#4                              35.0799999999999 	(obj:0.002445)
s#765#0                                         36.92 	(obj:0.002197)
s#765#1                                       194.296 	(obj:0.002331)
s#765#2                                       139.771 	(obj:0.002262)
s#765#3                                        87.926 	(obj:8e-05)
s#765#4                                        35.133 	(obj:0.002445)
s#766#0                                         36.98 	(obj:0.002197)
s#766#1                                       194.346 	(obj:0.002331)
s#766#2                                       139.791 	(obj:0.002262)
s#766#3                                        87.956 	(obj:8e-05)
s#766#4                                        35.183 	(obj:0.002445)
s#767#0                                            37 	(obj:0.002197)
s#767#1                                       194.406 	(obj:0.002331)
s#767#2                                       139.951 	(obj:0.002262)
s#767#3                                        87.996 	(obj:8e-05)
s#767#4                                        35.264 	(obj:0.002445)
s#768#0                                         37.05 	(obj:0.002197)
s#768#1                                       194.466 	(obj:0.002331)
s#768#2                                       139.961 	(obj:0.002262)
s#768#3                                        88.006 	(obj:8e-05)
s#768#4                                        35.324 	(obj:0.002445)
s#769#0                                         37.09 	(obj:0.002197)
s#769#1                                       194.546 	(obj:0.002331)
s#769#2                                       139.981 	(obj:0.002262)
s#769#3                                        88.086 	(obj:8e-05)
s#769#4                                        35.335 	(obj:0.002445)
s#770#0                                          37.1 	(obj:0.002197)
s#770#1                                       194.656 	(obj:0.002331)
s#770#2                                       139.981 	(obj:0.002262)
s#770#3                                        88.196 	(obj:8e-05)
s#770#4                                        35.337 	(obj:0.002445)
s#771#0                                         37.15 	(obj:0.002197)
s#771#1                                       194.656 	(obj:0.002331)
s#771#2                                       140.161 	(obj:0.002262)
s#771#3                                        88.246 	(obj:8e-05)
s#771#4                                        35.419 	(obj:0.002445)
s#772#0                                         37.15 	(obj:0.002197)
s#772#1                                       194.676 	(obj:0.002331)
s#772#2                                       140.221 	(obj:0.002262)
s#772#3                                        88.256 	(obj:8e-05)
s#772#4                              35.4689999999999 	(obj:0.002445)
s#773#0                                          37.2 	(obj:0.002197)
s#773#1                                       194.716 	(obj:0.002331)
s#773#2                                       140.261 	(obj:0.002262)
s#773#3                                        88.386 	(obj:8e-05)
s#773#4                                        35.535 	(obj:0.002445)
s#774#0                                         37.22 	(obj:0.002197)
s#774#1                                       194.726 	(obj:0.002331)
s#774#2                                       140.281 	(obj:0.002262)
s#774#3                                        88.446 	(obj:8e-05)
s#774#4                                        35.651 	(obj:0.002445)
s#775#0                                         37.26 	(obj:0.002197)
s#775#1                                       194.766 	(obj:0.002331)
s#775#2                                       140.331 	(obj:0.002262)
s#775#3                                        88.476 	(obj:8e-05)
s#775#4                                        35.799 	(obj:0.002445)
s#776#0                                         37.29 	(obj:0.002197)
s#776#1                                       194.896 	(obj:0.002331)
s#776#2                                       140.361 	(obj:0.002262)
s#776#3                                        88.546 	(obj:8e-05)
s#776#4                                         35.86 	(obj:0.002445)
s#777#0                                          37.3 	(obj:0.002197)
s#777#1                                       194.946 	(obj:0.002331)
s#777#2                                       140.451 	(obj:0.002262)
s#777#3                                        88.646 	(obj:8e-05)
s#777#4                                        35.891 	(obj:0.002445)
s#778#0                                         37.35 	(obj:0.002197)
s#778#1                                       195.156 	(obj:0.002331)
s#778#2                                       140.461 	(obj:0.002262)
s#778#3                                        88.656 	(obj:8e-05)
s#778#4                                        35.939 	(obj:0.002445)
s#779#0                                         37.39 	(obj:0.002197)
s#779#1                                       195.266 	(obj:0.002331)
s#779#2                                       140.521 	(obj:0.002262)
s#779#3                                        88.786 	(obj:8e-05)
s#779#4                                        35.944 	(obj:0.002445)
s#780#0                                         37.42 	(obj:0.002197)
s#780#1                                       195.306 	(obj:0.002331)
s#780#2                                       140.601 	(obj:0.002262)
s#780#3                                        88.796 	(obj:8e-05)
s#780#4                                        36.107 	(obj:0.002445)
s#781#0                                         37.43 	(obj:0.002197)
s#781#1                                       195.406 	(obj:0.002331)
s#781#2                                       140.771 	(obj:0.002262)
s#781#3                              88.8759999999999 	(obj:8e-05)
s#781#4                                        36.273 	(obj:0.002445)
s#782#0                                         37.67 	(obj:0.002197)
s#782#1                                       195.456 	(obj:0.002331)
s#782#2                                       140.841 	(obj:0.002262)
s#782#3                                        88.896 	(obj:8e-05)
s#782#4                                        36.282 	(obj:0.002445)
s#783#0                                         37.72 	(obj:0.002197)
s#783#1                                       195.516 	(obj:0.002331)
s#783#2                                       141.041 	(obj:0.002262)
s#783#3                                        88.946 	(obj:8e-05)
s#783#4                                        36.348 	(obj:0.002445)
s#784#0                                         37.76 	(obj:0.002197)
s#784#1                                       195.516 	(obj:0.002331)
s#784#2                                       141.081 	(obj:0.002262)
s#784#3                                        89.056 	(obj:8e-05)
s#784#4                                        36.372 	(obj:0.002445)
s#785#0                                         37.82 	(obj:0.002197)
s#785#1                                       195.606 	(obj:0.002331)
s#785#2                                       141.241 	(obj:0.002262)
s#785#3                                        89.116 	(obj:8e-05)
s#785#4                                        36.481 	(obj:0.002445)
s#786#0                                         37.83 	(obj:0.002197)
s#786#1                                       195.626 	(obj:0.002331)
s#786#2                                       141.251 	(obj:0.002262)
s#786#3                                        89.216 	(obj:8e-05)
s#786#4                                        36.554 	(obj:0.002445)
s#787#0                                         37.96 	(obj:0.002197)
s#787#1                                       195.646 	(obj:0.002331)
s#787#2                                       141.281 	(obj:0.002262)
s#787#3                                        89.336 	(obj:8e-05)
s#787#4                                        36.554 	(obj:0.002445)
s#788#0                                         37.98 	(obj:0.002197)
s#788#1                                       195.696 	(obj:0.002331)
s#788#2                                       141.311 	(obj:0.002262)
s#788#3                                        89.386 	(obj:8e-05)
s#788#4                                        36.696 	(obj:0.002445)
s#789#0                                         38.04 	(obj:0.002197)
s#789#1                                       195.696 	(obj:0.002331)
s#789#2                                       141.331 	(obj:0.002262)
s#789#3                                        89.456 	(obj:8e-05)
s#789#4                              36.7119999999999 	(obj:0.002445)
s#790#0                                         38.23 	(obj:0.002197)
s#790#1                                       195.836 	(obj:0.002331)
s#790#2                                       141.331 	(obj:0.002262)
s#790#3                                        89.466 	(obj:8e-05)
s#790#4                                        36.902 	(obj:0.002445)
s#791#0                                         38.23 	(obj:0.002197)
s#791#1                                       195.926 	(obj:0.002331)
s#791#2                                       141.371 	(obj:0.002262)
s#791#3                                        89.556 	(obj:8e-05)
s#791#4                                         36.94 	(obj:0.002445)
s#792#0                                         38.29 	(obj:0.002197)
s#792#1                                       195.946 	(obj:0.002331)
s#792#2                                       141.631 	(obj:0.002262)
s#792#3                                        89.606 	(obj:8e-05)
s#792#4                                        37.106 	(obj:0.002445)
s#793#0                                         38.37 	(obj:0.002197)
s#793#1                                       195.946 	(obj:0.002331)
s#793#2                                       141.631 	(obj:0.002262)
s#793#3                                        89.756 	(obj:8e-05)
s#793#4                                        37.538 	(obj:0.002445)
s#794#0                                         38.39 	(obj:0.002197)
s#794#1                                       195.956 	(obj:0.002331)
s#794#2                                       141.671 	(obj:0.002262)
s#794#3                                        90.086 	(obj:8e-05)
s#794#4                                        37.759 	(obj:0.002445)
s#795#0                                          38.4 	(obj:0.002197)
s#795#1                                       195.966 	(obj:0.002331)
s#795#2                                       141.891 	(obj:0.002262)
s#795#3                                        90.186 	(obj:8e-05)
s#795#4                                        37.873 	(obj:0.002445)
s#796#0                                         38.49 	(obj:0.002197)
s#796#1                                       196.036 	(obj:0.002331)
s#796#2                                       141.991 	(obj:0.002262)
s#796#3                              90.2859999999999 	(obj:8e-05)
s#796#4                                        38.016 	(obj:0.002445)
s#797#0                                         38.52 	(obj:0.002197)
s#797#1                                       196.196 	(obj:0.002331)
s#797#2                                       142.091 	(obj:0.002262)
s#797#3                                        90.426 	(obj:8e-05)
s#797#4                                        38.078 	(obj:0.002445)
s#798#0                                         38.55 	(obj:0.002197)
s#798#1                                       196.216 	(obj:0.002331)
s#798#2                                       142.241 	(obj:0.002262)
s#798#3                                        90.586 	(obj:8e-05)
s#798#4                                        38.085 	(obj:0.002445)
s#799#0                                         38.81 	(obj:0.002197)
s#799#1                                       196.236 	(obj:0.002331)
s#799#2                                       142.281 	(obj:0.002262)
s#799#3                                        90.716 	(obj:8e-05)
s#799#4                                        38.104 	(obj:0.002445)
s#800#0                                         38.95 	(obj:0.002197)
s#800#1                                       196.246 	(obj:0.002331)
s#800#2                                       142.301 	(obj:0.002262)
s#800#3                                        90.796 	(obj:8e-05)
s#800#4                                        38.123 	(obj:0.002445)
s#801#0                                            39 	(obj:0.002197)
s#801#1                                       196.286 	(obj:0.002331)
s#801#2                                       142.461 	(obj:0.002262)
s#801#3                                        90.806 	(obj:8e-05)
s#801#4                                        38.124 	(obj:0.002445)
s#802#0                                         39.09 	(obj:0.002197)
s#802#1                                       196.316 	(obj:0.002331)
s#802#2                                       142.511 	(obj:0.002262)
s#802#3                                        90.826 	(obj:8e-05)
s#802#4                              38.1549999999999 	(obj:0.002445)
s#803#0                                         39.16 	(obj:0.002197)
s#803#1                                       196.316 	(obj:0.002331)
s#803#2                                       142.641 	(obj:0.002262)
s#803#3                                        90.936 	(obj:8e-05)
s#803#4                                        38.373 	(obj:0.002445)
s#804#0                                         39.16 	(obj:0.002197)
s#804#1                                       196.356 	(obj:0.002331)
s#804#2                                       142.651 	(obj:0.002262)
s#804#3                                        90.946 	(obj:8e-05)
s#804#4                                        38.427 	(obj:0.002445)
s#805#0                                         39.24 	(obj:0.002197)
s#805#1                                       196.366 	(obj:0.002331)
s#805#2                                       142.731 	(obj:0.002262)
s#805#3                                        90.976 	(obj:8e-05)
s#805#4                                        38.484 	(obj:0.002445)
s#806#0                                         39.25 	(obj:0.002197)
s#806#1                                       196.436 	(obj:0.002331)
s#806#2                                       142.741 	(obj:0.002262)
s#806#3                                        91.086 	(obj:8e-05)
s#806#4                                        38.512 	(obj:0.002445)
s#807#0                                         39.27 	(obj:0.002197)
s#807#1                                       196.456 	(obj:0.002331)
s#807#2                                       142.841 	(obj:0.002262)
s#807#3                                        91.256 	(obj:8e-05)
s#807#4                              38.5719999999999 	(obj:0.002445)
s#808#0                                         39.28 	(obj:0.002197)
s#808#1                                       196.506 	(obj:0.002331)
s#808#2                                       142.881 	(obj:0.002262)
s#808#3                                        91.276 	(obj:8e-05)
s#808#4                                        38.846 	(obj:0.002445)
s#809#0                                         39.29 	(obj:0.002197)
s#809#1                                       196.536 	(obj:0.002331)
s#809#2                                       142.951 	(obj:0.002262)
s#809#3                                        91.386 	(obj:8e-05)
s#809#4                                         38.85 	(obj:0.002445)
s#810#0                                          39.3 	(obj:0.002197)
s#810#1                                       196.546 	(obj:0.002331)
s#810#2                                       142.981 	(obj:0.002262)
s#810#3                                        91.396 	(obj:8e-05)
s#810#4                                        39.066 	(obj:0.002445)
s#811#0                                         39.38 	(obj:0.002197)
s#811#1                                       196.556 	(obj:0.002331)
s#811#2                                       142.991 	(obj:0.002262)
s#811#3                                        91.516 	(obj:8e-05)
s#811#4                                        39.069 	(obj:0.002445)
s#812#0                                         39.55 	(obj:0.002197)
s#812#1                                       196.646 	(obj:0.002331)
s#812#2                                       143.021 	(obj:0.002262)
s#812#3                                        91.516 	(obj:8e-05)
s#812#4                                        39.378 	(obj:0.002445)
s#813#0                                         39.66 	(obj:0.002197)
s#813#1                                       196.656 	(obj:0.002331)
s#813#2                                       143.041 	(obj:0.002262)
s#813#3                                        91.556 	(obj:8e-05)
s#813#4                              39.3919999999999 	(obj:0.002445)
s#814#0                                         39.67 	(obj:0.002197)
s#814#1                                       196.726 	(obj:0.002331)
s#814#2                                       143.081 	(obj:0.002262)
s#814#3                                        91.616 	(obj:8e-05)
s#814#4                              39.5389999999999 	(obj:0.002445)
s#815#0                                         39.69 	(obj:0.002197)
s#815#1                                       196.816 	(obj:0.002331)
s#815#2                                       143.111 	(obj:0.002262)
s#815#3                                        91.646 	(obj:8e-05)
s#815#4                                        39.629 	(obj:0.002445)
s#816#0                                         39.71 	(obj:0.002197)
s#816#1                                       196.856 	(obj:0.002331)
s#816#2                                       143.231 	(obj:0.002262)
s#816#3                                        91.676 	(obj:8e-05)
s#816#4                                        39.942 	(obj:0.002445)
s#817#0                                         39.83 	(obj:0.002197)
s#817#1                                       196.956 	(obj:0.002331)
s#817#2                                       143.251 	(obj:0.002262)
s#817#3                                        91.706 	(obj:8e-05)
s#817#4                                        40.048 	(obj:0.002445)
s#818#0                                         39.87 	(obj:0.002197)
s#818#1                                       196.956 	(obj:0.002331)
s#818#2                                       143.281 	(obj:0.002262)
s#818#3                                        91.726 	(obj:8e-05)
s#818#4                                        40.084 	(obj:0.002445)
s#819#0                                         39.87 	(obj:0.002197)
s#819#1                                       196.966 	(obj:0.002331)
s#819#2                                       143.501 	(obj:0.002262)
s#819#3                                        91.806 	(obj:8e-05)
s#819#4                                         40.29 	(obj:0.002445)
s#820#0                                         39.96 	(obj:0.002197)
s#820#1                                       197.096 	(obj:0.002331)
s#820#2                                       143.531 	(obj:0.002262)
s#820#3                                        91.806 	(obj:8e-05)
s#820#4                                        40.333 	(obj:0.002445)
s#821#0                                         40.08 	(obj:0.002197)
s#821#1                                       197.096 	(obj:0.002331)
s#821#2                                       143.541 	(obj:0.002262)
s#821#3                                        91.866 	(obj:8e-05)
s#821#4                                        40.368 	(obj:0.002445)
s#822#0                                          40.1 	(obj:0.002197)
s#822#1                                       197.256 	(obj:0.002331)
s#822#2                                       143.551 	(obj:0.002262)
s#822#3                                        91.886 	(obj:8e-05)
s#822#4                                        40.648 	(obj:0.002445)
s#823#0                                         40.12 	(obj:0.002197)
s#823#1                                       197.296 	(obj:0.002331)
s#823#2                                       143.591 	(obj:0.002262)
s#823#3                                        92.056 	(obj:8e-05)
s#823#4                                         40.67 	(obj:0.002445)
s#824#0                                         40.19 	(obj:0.002197)
s#824#1                                       197.366 	(obj:0.002331)
s#824#2                                       143.651 	(obj:0.002262)
s#824#3                                        92.066 	(obj:8e-05)
s#824#4                                        40.844 	(obj:0.002445)
s#825#0                                         40.21 	(obj:0.002197)
s#825#1                                       197.416 	(obj:0.002331)
s#825#2                                       143.661 	(obj:0.002262)
s#825#3                                        92.076 	(obj:8e-05)
s#825#4                                        40.895 	(obj:0.002445)
s#826#0                                         40.23 	(obj:0.002197)
s#826#1                                       197.416 	(obj:0.002331)
s#826#2                                       143.701 	(obj:0.002262)
s#826#3                                        92.236 	(obj:8e-05)
s#826#4                                        41.109 	(obj:0.002445)
s#827#0                                         40.31 	(obj:0.002197)
s#827#1                                       197.596 	(obj:0.002331)
s#827#2                                       143.801 	(obj:0.002262)
s#827#3                                        92.266 	(obj:8e-05)
s#827#4                                        41.222 	(obj:0.002445)
s#828#0                                         40.46 	(obj:0.002197)
s#828#1                                       197.706 	(obj:0.002331)
s#828#2                                       143.841 	(obj:0.002262)
s#828#3                                        92.346 	(obj:8e-05)
s#828#4                                        41.316 	(obj:0.002445)
s#829#0                                         40.55 	(obj:0.002197)
s#829#1                                       197.766 	(obj:0.002331)
s#829#2                                       143.951 	(obj:0.002262)
s#829#3                                        92.426 	(obj:8e-05)
s#829#4                                        41.326 	(obj:0.002445)
s#830#0                                         40.56 	(obj:0.002197)
s#830#1                                       197.816 	(obj:0.002331)
s#830#2                                       143.991 	(obj:0.002262)
s#830#3                                        92.516 	(obj:8e-05)
s#830#4                                        41.418 	(obj:0.002445)
s#831#0                                         40.59 	(obj:0.002197)
s#831#1                                       197.896 	(obj:0.002331)
s#831#2                                       144.151 	(obj:0.002262)
s#831#3                                        92.596 	(obj:8e-05)
s#831#4                              41.5079999999999 	(obj:0.002445)
s#832#0                                         40.68 	(obj:0.002197)
s#832#1                                       197.916 	(obj:0.002331)
s#832#2                                       144.231 	(obj:0.002262)
s#832#3                                        92.716 	(obj:8e-05)
s#832#4                                        41.521 	(obj:0.002445)
s#833#0                                         40.69 	(obj:0.002197)
s#833#1                                       197.966 	(obj:0.002331)
s#833#2                                       144.241 	(obj:0.002262)
s#833#3                                        92.826 	(obj:8e-05)
s#833#4                                        41.575 	(obj:0.002445)
s#834#0                                         40.69 	(obj:0.002197)
s#834#1                                       197.996 	(obj:0.002331)
s#834#2                                       144.351 	(obj:0.002262)
s#834#3                                        92.846 	(obj:8e-05)
s#834#4                                         41.59 	(obj:0.002445)
s#835#0                                         40.76 	(obj:0.002197)
s#835#1                                       198.016 	(obj:0.002331)
s#835#2                                       144.351 	(obj:0.002262)
s#835#3                                        92.926 	(obj:8e-05)
s#835#4                                        41.651 	(obj:0.002445)
s#836#0                                         40.78 	(obj:0.002197)
s#836#1                                       198.046 	(obj:0.002331)
s#836#2                                       144.541 	(obj:0.002262)
s#836#3                                        92.966 	(obj:8e-05)
s#836#4                              41.7909999999999 	(obj:0.002445)
s#837#0                                          40.8 	(obj:0.002197)
s#837#1                                       198.136 	(obj:0.002331)
s#837#2                                       144.601 	(obj:0.002262)
s#837#3                                        93.066 	(obj:8e-05)
s#837#4                                        41.857 	(obj:0.002445)
s#838#0                                         40.86 	(obj:0.002197)
s#838#1                                       198.266 	(obj:0.002331)
s#838#2                                       144.681 	(obj:0.002262)
s#838#3                                        93.076 	(obj:8e-05)
s#838#4                                        41.931 	(obj:0.002445)
s#839#0                                         40.93 	(obj:0.002197)
s#839#1                                       198.296 	(obj:0.002331)
s#839#2                                       144.711 	(obj:0.002262)
s#839#3                                        93.286 	(obj:8e-05)
s#839#4                                        41.955 	(obj:0.002445)
s#840#0                                         41.01 	(obj:0.002197)
s#840#1                                       198.426 	(obj:0.002331)
s#840#2                                       144.781 	(obj:0.002262)
s#840#3                                        93.356 	(obj:8e-05)
s#840#4                                        42.016 	(obj:0.002445)
s#841#0                                         41.14 	(obj:0.002197)
s#841#1                                       198.546 	(obj:0.002331)
s#841#2                                       144.811 	(obj:0.002262)
s#841#3                                        93.416 	(obj:8e-05)
s#841#4                                         42.08 	(obj:0.002445)
s#842#0                                         41.17 	(obj:0.002197)
s#842#1                                       198.556 	(obj:0.002331)
s#842#2                                       144.891 	(obj:0.002262)
s#842#3                                        93.516 	(obj:8e-05)
s#842#4                                        42.148 	(obj:0.002445)
s#843#0                                         41.18 	(obj:0.002197)
s#843#1                                       198.686 	(obj:0.002331)
s#843#2                                       144.891 	(obj:0.002262)
s#843#3                                        93.646 	(obj:8e-05)
s#843#4                                        42.162 	(obj:0.002445)
s#844#0                                         41.25 	(obj:0.002197)
s#844#1                                       198.776 	(obj:0.002331)
s#844#2                                       144.911 	(obj:0.002262)
s#844#3                                        93.676 	(obj:8e-05)
s#844#4                                        42.223 	(obj:0.002445)
s#845#0                                         41.29 	(obj:0.002197)
s#845#1                                       198.806 	(obj:0.002331)
s#845#2                                       145.021 	(obj:0.002262)
s#845#3                                        93.876 	(obj:8e-05)
s#845#4                                        42.249 	(obj:0.002445)
s#846#0                                         41.48 	(obj:0.002197)
s#846#1                                       198.836 	(obj:0.002331)
s#846#2                                       145.281 	(obj:0.002262)
s#846#3                              93.9059999999999 	(obj:8e-05)
s#846#4                              42.2839999999999 	(obj:0.002445)
s#847#0                                         41.54 	(obj:0.002197)
s#847#1                                       198.956 	(obj:0.002331)
s#847#2                                       145.361 	(obj:0.002262)
s#847#3                                        93.966 	(obj:8e-05)
s#847#4                                        42.318 	(obj:0.002445)
s#848#0                                         41.57 	(obj:0.002197)
s#848#1                                       198.986 	(obj:0.002331)
s#848#2                                       145.361 	(obj:0.002262)
s#848#3                                        94.236 	(obj:8e-05)
s#848#4                              42.3659999999999 	(obj:0.002445)
s#849#0                                         41.62 	(obj:0.002197)
s#849#1                                       198.996 	(obj:0.002331)
s#849#2                                       145.411 	(obj:0.002262)
s#849#3                                        94.276 	(obj:8e-05)
s#849#4                                         42.51 	(obj:0.002445)
s#850#0                                         41.65 	(obj:0.002197)
s#850#1                                       199.106 	(obj:0.002331)
s#850#2                                       145.511 	(obj:0.002262)
s#850#3                                        94.286 	(obj:8e-05)
s#850#4                                        42.511 	(obj:0.002445)
s#851#0                                         41.79 	(obj:0.002197)
s#851#1                                       199.146 	(obj:0.002331)
s#851#2                                       145.531 	(obj:0.002262)
s#851#3                                        94.636 	(obj:8e-05)
s#851#4                                        42.864 	(obj:0.002445)
s#852#0                                         41.84 	(obj:0.002197)
s#852#1                                       199.166 	(obj:0.002331)
s#852#2                                       145.561 	(obj:0.002262)
s#852#3                                        94.726 	(obj:8e-05)
s#852#4                                        42.874 	(obj:0.002445)
s#853#0                                         41.89 	(obj:0.002197)
s#853#1                                       199.176 	(obj:0.002331)
s#853#2                                       145.811 	(obj:0.002262)
s#853#3                                        94.736 	(obj:8e-05)
s#853#4                                        42.895 	(obj:0.002445)
s#854#0                                         41.99 	(obj:0.002197)
s#854#1                                       199.216 	(obj:0.002331)
s#854#2                                       145.821 	(obj:0.002262)
s#854#3                                        94.826 	(obj:8e-05)
s#854#4                              42.9469999999999 	(obj:0.002445)
s#855#0                                         42.08 	(obj:0.002197)
s#855#1                                       199.376 	(obj:0.002331)
s#855#2                                       145.881 	(obj:0.002262)
s#855#3                                        94.916 	(obj:8e-05)
s#855#4                              42.9829999999999 	(obj:0.002445)
s#856#0                                         42.12 	(obj:0.002197)
s#856#1                                       199.436 	(obj:0.002331)
s#856#2                                       145.961 	(obj:0.002262)
s#856#3                                        94.936 	(obj:8e-05)
s#856#4                                        43.101 	(obj:0.002445)
s#857#0                                         42.14 	(obj:0.002197)
s#857#1                                       199.456 	(obj:0.002331)
s#857#2                                       146.131 	(obj:0.002262)
s#857#3                                        95.206 	(obj:8e-05)
s#857#4                                        43.148 	(obj:0.002445)
s#858#0                                         42.24 	(obj:0.002197)
s#858#1                                       199.476 	(obj:0.002331)
s#858#2                                       146.231 	(obj:0.002262)
s#858#3                                        95.356 	(obj:8e-05)
s#858#4                                        43.227 	(obj:0.002445)
s#859#0                                         42.25 	(obj:0.002197)
s#859#1                                       199.546 	(obj:0.002331)
s#859#2                                       146.231 	(obj:0.002262)
s#859#3                                        95.516 	(obj:8e-05)
s#859#4                                        43.267 	(obj:0.002445)
s#860#0                                          42.3 	(obj:0.002197)
s#860#1                                       199.636 	(obj:0.002331)
s#860#2                                       146.251 	(obj:0.002262)
s#860#3                                        95.546 	(obj:8e-05)
s#860#4                                        43.333 	(obj:0.002445)
s#861#0                                         42.35 	(obj:0.002197)
s#861#1                                       199.726 	(obj:0.002331)
s#861#2                                       146.301 	(obj:0.002262)
s#861#3                                        95.576 	(obj:8e-05)
s#861#4                              43.3849999999999 	(obj:0.002445)
s#862#0                                         42.41 	(obj:0.002197)
s#862#1                                       199.956 	(obj:0.002331)
s#862#2                                       146.311 	(obj:0.002262)
s#862#3                              95.5959999999999 	(obj:8e-05)
s#862#4                                        43.463 	(obj:0.002445)
s#863#0                                         42.43 	(obj:0.002197)
s#863#1                                       199.956 	(obj:0.002331)
s#863#2                                       146.331 	(obj:0.002262)
s#863#3                                        95.636 	(obj:8e-05)
s#863#4                              43.5679999999999 	(obj:0.002445)
s#864#0                                         42.71 	(obj:0.002197)
s#864#1                                       200.036 	(obj:0.002331)
s#864#2                                       146.351 	(obj:0.002262)
s#864#3                                        95.646 	(obj:8e-05)
s#864#4                                        43.594 	(obj:0.002445)
s#865#0                                         42.74 	(obj:0.002197)
s#865#1                                       200.086 	(obj:0.002331)
s#865#2                                       146.431 	(obj:0.002262)
s#865#3                                        95.726 	(obj:8e-05)
s#865#4                                        43.717 	(obj:0.002445)
s#866#0                                         42.81 	(obj:0.002197)
s#866#1                                       200.196 	(obj:0.002331)
s#866#2                                       146.481 	(obj:0.002262)
s#866#3                                        95.816 	(obj:8e-05)
s#866#4                                        43.772 	(obj:0.002445)
s#867#0                                         42.82 	(obj:0.002197)
s#867#1                                       200.236 	(obj:0.002331)
s#867#2                                       146.561 	(obj:0.002262)
s#867#3                                        95.836 	(obj:8e-05)
s#867#4                                        43.811 	(obj:0.002445)
s#868#0                                         42.88 	(obj:0.002197)
s#868#1                                       200.256 	(obj:0.002331)
s#868#2                                       146.611 	(obj:0.002262)
s#868#3                                        95.936 	(obj:8e-05)
s#868#4                                        43.835 	(obj:0.002445)
s#869#0                                         42.92 	(obj:0.002197)
s#869#1                                       200.296 	(obj:0.002331)
s#869#2                                       146.771 	(obj:0.002262)
s#869#3                                        95.956 	(obj:8e-05)
s#869#4                                        43.849 	(obj:0.002445)
s#870#0                                         42.98 	(obj:0.002197)
s#870#1                                       200.436 	(obj:0.002331)
s#870#2                                       146.901 	(obj:0.002262)
s#870#3                                        95.956 	(obj:8e-05)
s#870#4                                        43.876 	(obj:0.002445)
s#871#0                                         43.04 	(obj:0.002197)
s#871#1                                       200.506 	(obj:0.002331)
s#871#2                                       147.001 	(obj:0.002262)
s#871#3                                        96.066 	(obj:8e-05)
s#871#4                                        43.922 	(obj:0.002445)
s#872#0                                         43.12 	(obj:0.002197)
s#872#1                                       200.536 	(obj:0.002331)
s#872#2                                       147.091 	(obj:0.002262)
s#872#3                                        96.106 	(obj:8e-05)
s#872#4                                        43.996 	(obj:0.002445)
s#873#0                                         43.14 	(obj:0.002197)
s#873#1                                       200.576 	(obj:0.002331)
s#873#2                                       147.091 	(obj:0.002262)
s#873#3                                        96.136 	(obj:8e-05)
s#873#4                                        44.017 	(obj:0.002445)
s#874#0                                         43.21 	(obj:0.002197)
s#874#1                                       200.756 	(obj:0.002331)
s#874#2                                       147.201 	(obj:0.002262)
s#874#3                                        96.166 	(obj:8e-05)
s#874#4                                        44.148 	(obj:0.002445)
s#875#0                                          43.3 	(obj:0.002197)
s#875#1                                       200.756 	(obj:0.002331)
s#875#2                                       147.221 	(obj:0.002262)
s#875#3                                        96.176 	(obj:8e-05)
s#875#4                                        44.311 	(obj:0.002445)
s#876#0                                         43.31 	(obj:0.002197)
s#876#1                                       200.786 	(obj:0.002331)
s#876#2                                       147.231 	(obj:0.002262)
s#876#3                                        96.256 	(obj:8e-05)
s#876#4                                        44.407 	(obj:0.002445)
s#877#0                                         43.35 	(obj:0.002197)
s#877#1                                       200.916 	(obj:0.002331)
s#877#2                                       147.241 	(obj:0.002262)
s#877#3                                        96.516 	(obj:8e-05)
s#877#4                                        44.493 	(obj:0.002445)
s#878#0                                          43.4 	(obj:0.002197)
s#878#1                                       201.006 	(obj:0.002331)
s#878#2                                       147.291 	(obj:0.002262)
s#878#3                                        96.606 	(obj:8e-05)
s#878#4                                        44.871 	(obj:0.002445)
s#879#0                                         43.48 	(obj:0.002197)
s#879#1                                       201.026 	(obj:0.002331)
s#879#2                                       147.371 	(obj:0.002262)
s#879#3                                        96.676 	(obj:8e-05)
s#879#4                                        45.041 	(obj:0.002445)
s#880#0                                         43.49 	(obj:0.002197)
s#880#1                                       201.026 	(obj:0.002331)
s#880#2                                       147.371 	(obj:0.002262)
s#880#3                                        96.696 	(obj:8e-05)
s#880#4                                        45.121 	(obj:0.002445)
s#881#0                                          43.5 	(obj:0.002197)
s#881#1                                       201.066 	(obj:0.002331)
s#881#2                                       147.411 	(obj:0.002262)
s#881#3                                        96.816 	(obj:8e-05)
s#881#4                                        45.126 	(obj:0.002445)
s#882#0                                         43.59 	(obj:0.002197)
s#882#1                                       201.066 	(obj:0.002331)
s#882#2                                       147.501 	(obj:0.002262)
s#882#3                                        96.836 	(obj:8e-05)
s#882#4                                        45.185 	(obj:0.002445)
s#883#0                                          43.7 	(obj:0.002197)
s#883#1                                       201.066 	(obj:0.002331)
s#883#2                                       147.521 	(obj:0.002262)
s#883#3                                        96.856 	(obj:8e-05)
s#883#4                                        45.264 	(obj:0.002445)
s#884#0                                         43.72 	(obj:0.002197)
s#884#1                                       201.066 	(obj:0.002331)
s#884#2                                       147.521 	(obj:0.002262)
s#884#3                                        97.046 	(obj:8e-05)
s#884#4                                        45.266 	(obj:0.002445)
s#885#0                                         43.75 	(obj:0.002197)
s#885#1                                       201.136 	(obj:0.002331)
s#885#2                                       147.521 	(obj:0.002262)
s#885#3                                        97.076 	(obj:8e-05)
s#885#4                              45.2689999999999 	(obj:0.002445)
s#886#0                                         43.77 	(obj:0.002197)
s#886#1                                       201.166 	(obj:0.002331)
s#886#2                                       147.601 	(obj:0.002262)
s#886#3                                        97.186 	(obj:8e-05)
s#886#4                                        45.297 	(obj:0.002445)
s#887#0                                         43.81 	(obj:0.002197)
s#887#1                                       201.166 	(obj:0.002331)
s#887#2                                       147.731 	(obj:0.002262)
s#887#3                                        97.186 	(obj:8e-05)
s#887#4                                        45.359 	(obj:0.002445)
s#888#0                                         43.85 	(obj:0.002197)
s#888#1                                       201.256 	(obj:0.002331)
s#888#2                                       147.881 	(obj:0.002262)
s#888#3                                        97.276 	(obj:8e-05)
s#888#4                                        45.441 	(obj:0.002445)
s#889#0                                         43.89 	(obj:0.002197)
s#889#1                                       201.386 	(obj:0.002331)
s#889#2                                       147.951 	(obj:0.002262)
s#889#3                                        97.426 	(obj:8e-05)
s#889#4                                        45.465 	(obj:0.002445)
s#890#0                                         43.94 	(obj:0.002197)
s#890#1                                       201.396 	(obj:0.002331)
s#890#2                                       148.031 	(obj:0.002262)
s#890#3                                        97.446 	(obj:8e-05)
s#890#4                                        45.493 	(obj:0.002445)
s#891#0                                            44 	(obj:0.002197)
s#891#1                                       201.416 	(obj:0.002331)
s#891#2                                       148.081 	(obj:0.002262)
s#891#3                                        97.556 	(obj:8e-05)
s#891#4                                        45.702 	(obj:0.002445)
s#892#0                                         44.01 	(obj:0.002197)
s#892#1                                       201.466 	(obj:0.002331)
s#892#2                                       148.101 	(obj:0.002262)
s#892#3                                        97.646 	(obj:8e-05)
s#892#4                                        45.719 	(obj:0.002445)
s#893#0                                         44.06 	(obj:0.002197)
s#893#1                                       201.486 	(obj:0.002331)
s#893#2                                       148.111 	(obj:0.002262)
s#893#3                                        97.666 	(obj:8e-05)
s#893#4                                        45.784 	(obj:0.002445)
s#894#0                                         44.25 	(obj:0.002197)
s#894#1                                       201.506 	(obj:0.002331)
s#894#2                                       148.151 	(obj:0.002262)
s#894#3                                        97.666 	(obj:8e-05)
s#894#4                                        45.862 	(obj:0.002445)
s#895#0                                         44.25 	(obj:0.002197)
s#895#1                                       201.576 	(obj:0.002331)
s#895#2                                       148.221 	(obj:0.002262)
s#895#3                                        97.726 	(obj:8e-05)
s#895#4                                        45.866 	(obj:0.002445)
s#896#0                                         44.44 	(obj:0.002197)
s#896#1                                       201.586 	(obj:0.002331)
s#896#2                                       148.221 	(obj:0.002262)
s#896#3                                        97.736 	(obj:8e-05)
s#896#4                              45.9179999999999 	(obj:0.002445)
s#897#0                                         44.44 	(obj:0.002197)
s#897#1                                       201.616 	(obj:0.002331)
s#897#2                                       148.241 	(obj:0.002262)
s#897#3                                        97.746 	(obj:8e-05)
s#897#4                              46.0559999999999 	(obj:0.002445)
s#898#0                                         44.49 	(obj:0.002197)
s#898#1                                       201.636 	(obj:0.002331)
s#898#2                                       148.331 	(obj:0.002262)
s#898#3                                        97.766 	(obj:8e-05)
s#898#4                                        46.063 	(obj:0.002445)
s#899#0                                         44.51 	(obj:0.002197)
s#899#1                                       201.676 	(obj:0.002331)
s#899#2                                       148.451 	(obj:0.002262)
s#899#3                                        97.846 	(obj:8e-05)
s#899#4                                        46.134 	(obj:0.002445)
s#900#0                                         44.52 	(obj:0.002197)
s#900#1                                       201.706 	(obj:0.002331)
s#900#2                                       148.491 	(obj:0.002262)
s#900#3                                        97.996 	(obj:8e-05)
s#900#4                                        46.191 	(obj:0.002445)
s#901#0                                         44.54 	(obj:0.002197)
s#901#1                                       201.736 	(obj:0.002331)
s#901#2                                       148.541 	(obj:0.002262)
s#901#3                                        98.006 	(obj:8e-05)
s#901#4                                        46.239 	(obj:0.002445)
s#902#0                                         44.62 	(obj:0.002197)
s#902#1                                       201.806 	(obj:0.002331)
s#902#2                                       148.571 	(obj:0.002262)
s#902#3                                        98.056 	(obj:8e-05)
s#902#4                                        46.309 	(obj:0.002445)
s#903#0                                         44.65 	(obj:0.002197)
s#903#1                                       201.836 	(obj:0.002331)
s#903#2                                       148.651 	(obj:0.002262)
s#903#3                                        98.286 	(obj:8e-05)
s#903#4                                        46.367 	(obj:0.002445)
s#904#0                                         44.68 	(obj:0.002197)
s#904#1                                       201.856 	(obj:0.002331)
s#904#2                                       148.731 	(obj:0.002262)
s#904#3                                        98.446 	(obj:8e-05)
s#904#4                                        46.429 	(obj:0.002445)
s#905#0                                         44.74 	(obj:0.002197)
s#905#1                                       201.906 	(obj:0.002331)
s#905#2                                       148.791 	(obj:0.002262)
s#905#3                                        98.626 	(obj:8e-05)
s#905#4                                        46.545 	(obj:0.002445)
s#906#0                                         44.84 	(obj:0.002197)
s#906#1                                       201.916 	(obj:0.002331)
s#906#2                                       148.901 	(obj:0.002262)
s#906#3                                        98.716 	(obj:8e-05)
s#906#4                              46.5479999999999 	(obj:0.002445)
s#907#0                                         44.89 	(obj:0.002197)
s#907#1                                       201.946 	(obj:0.002331)
s#907#2                                       148.951 	(obj:0.002262)
s#907#3                                        98.946 	(obj:8e-05)
s#907#4                              46.6569999999999 	(obj:0.002445)
s#908#0                                         44.92 	(obj:0.002197)
s#908#1                                       201.986 	(obj:0.002331)
s#908#2                                       149.021 	(obj:0.002262)
s#908#3                                        98.986 	(obj:8e-05)
s#908#4                                        46.667 	(obj:0.002445)
s#909#0                                         44.93 	(obj:0.002197)
s#909#1                                       202.006 	(obj:0.002331)
s#909#2                                       149.141 	(obj:0.002262)
s#909#3                                        99.016 	(obj:8e-05)
s#909#4                                        46.692 	(obj:0.002445)
s#910#0                                         44.94 	(obj:0.002197)
s#910#1                                       202.116 	(obj:0.002331)
s#910#2                                       149.171 	(obj:0.002262)
s#910#3                                        99.376 	(obj:8e-05)
s#910#4                                        46.723 	(obj:0.002445)
s#911#0                                         45.09 	(obj:0.002197)
s#911#1                                       202.126 	(obj:0.002331)
s#911#2                                       149.211 	(obj:0.002262)
s#911#3                                        99.476 	(obj:8e-05)
s#911#4                                         46.78 	(obj:0.002445)
s#912#0                                         45.09 	(obj:0.002197)
s#912#1                                       202.216 	(obj:0.002331)
s#912#2                                       149.231 	(obj:0.002262)
s#912#3                                        99.516 	(obj:8e-05)
s#912#4                                        46.859 	(obj:0.002445)
s#913#0                                          45.1 	(obj:0.002197)
s#913#1                                       202.356 	(obj:0.002331)
s#913#2                                       149.241 	(obj:0.002262)
s#913#3                                        99.546 	(obj:8e-05)
s#913#4                                        46.969 	(obj:0.002445)
s#914#0                                         45.23 	(obj:0.002197)
s#914#1                                       202.386 	(obj:0.002331)
s#914#2                                       149.281 	(obj:0.002262)
s#914#3                                        99.646 	(obj:8e-05)
s#914#4                              47.0049999999999 	(obj:0.002445)
s#915#0                                         45.23 	(obj:0.002197)
s#915#1                                       202.496 	(obj:0.002331)
s#915#2                                       149.351 	(obj:0.002262)
s#915#3                                        99.786 	(obj:8e-05)
s#915#4                              47.0629999999999 	(obj:0.002445)
s#916#0                                         45.25 	(obj:0.002197)
s#916#1                                       202.516 	(obj:0.002331)
s#916#2                                       149.471 	(obj:0.002262)
s#916#3                                        99.826 	(obj:8e-05)
s#916#4                                        47.076 	(obj:0.002445)
s#917#0                                         45.32 	(obj:0.002197)
s#917#1                                       202.566 	(obj:0.002331)
s#917#2                                       149.661 	(obj:0.002262)
s#917#3                                        99.956 	(obj:8e-05)
s#917#4                              47.0959999999999 	(obj:0.002445)
s#918#0                                         45.35 	(obj:0.002197)
s#918#1                                       202.576 	(obj:0.002331)
s#918#2                                       149.811 	(obj:0.002262)
s#918#3                                       100.046 	(obj:8e-05)
s#918#4                                        47.412 	(obj:0.002445)
s#919#0                                         45.36 	(obj:0.002197)
s#919#1                                       202.586 	(obj:0.002331)
s#919#2                                       150.021 	(obj:0.002262)
s#919#3                                       100.156 	(obj:8e-05)
s#919#4                                        47.456 	(obj:0.002445)
s#920#0                                         45.41 	(obj:0.002197)
s#920#1                                       202.606 	(obj:0.002331)
s#920#2                                       150.041 	(obj:0.002262)
s#920#3                                       100.206 	(obj:8e-05)
s#920#4                                        47.556 	(obj:0.002445)
s#921#0                                         45.41 	(obj:0.002197)
s#921#1                                       202.666 	(obj:0.002331)
s#921#2                                       150.161 	(obj:0.002262)
s#921#3                                       100.236 	(obj:8e-05)
s#921#4                                        47.629 	(obj:0.002445)
s#922#0                                         45.43 	(obj:0.002197)
s#922#1                                       202.676 	(obj:0.002331)
s#922#2                                       150.381 	(obj:0.002262)
s#922#3                                       100.306 	(obj:8e-05)
s#922#4                                        47.698 	(obj:0.002445)
s#923#0                                         45.46 	(obj:0.002197)
s#923#1                                       202.696 	(obj:0.002331)
s#923#2                                       150.571 	(obj:0.002262)
s#923#3                                       100.326 	(obj:8e-05)
s#923#4                                        47.705 	(obj:0.002445)
s#924#0                                         45.52 	(obj:0.002197)
s#924#1                                       202.776 	(obj:0.002331)
s#924#2                                       150.681 	(obj:0.002262)
s#924#3                                       100.346 	(obj:8e-05)
s#924#4                              47.7429999999999 	(obj:0.002445)
s#925#0                                         45.63 	(obj:0.002197)
s#925#1                                       202.816 	(obj:0.002331)
s#925#2                                       150.701 	(obj:0.002262)
s#925#3                                       100.396 	(obj:8e-05)
s#925#4                                        47.769 	(obj:0.002445)
s#926#0                                         45.64 	(obj:0.002197)
s#926#1                                       202.926 	(obj:0.002331)
s#926#2                                       150.941 	(obj:0.002262)
s#926#3                                       100.476 	(obj:8e-05)
s#926#4                                        47.855 	(obj:0.002445)
s#927#0                                         45.68 	(obj:0.002197)
s#927#1                                       202.936 	(obj:0.002331)
s#927#2                                       151.031 	(obj:0.002262)
s#927#3                                       100.486 	(obj:8e-05)
s#927#4                                        47.881 	(obj:0.002445)
s#928#0                                         45.76 	(obj:0.002197)
s#928#1                                       202.936 	(obj:0.002331)
s#928#2                                       151.041 	(obj:0.002262)
s#928#3                                       100.496 	(obj:8e-05)
s#928#4                                        47.961 	(obj:0.002445)
s#929#0                                         45.82 	(obj:0.002197)
s#929#1                                       203.026 	(obj:0.002331)
s#929#2                                       151.291 	(obj:0.002262)
s#929#3                                       100.536 	(obj:8e-05)
s#929#4                                        48.249 	(obj:0.002445)
s#930#0                                         45.89 	(obj:0.002197)
s#930#1                                       203.066 	(obj:0.002331)
s#930#2                                       151.411 	(obj:0.002262)
s#930#3                                       100.576 	(obj:8e-05)
s#930#4                              48.2929999999999 	(obj:0.002445)
s#931#0                                         45.93 	(obj:0.002197)
s#931#1                                       203.156 	(obj:0.002331)
s#931#2                                       151.491 	(obj:0.002262)
s#931#3                                       100.586 	(obj:8e-05)
s#931#4                                        48.344 	(obj:0.002445)
s#932#0                                         46.01 	(obj:0.002197)
s#932#1                                       203.186 	(obj:0.002331)
s#932#2                                       151.701 	(obj:0.002262)
s#932#3                                       100.596 	(obj:8e-05)
s#932#4                                        48.568 	(obj:0.002445)
s#933#0                                         46.03 	(obj:0.002197)
s#933#1                                       203.196 	(obj:0.002331)
s#933#2                                       151.861 	(obj:0.002262)
s#933#3                                       100.816 	(obj:8e-05)
s#933#4                                        48.747 	(obj:0.002445)
s#934#0                                         46.14 	(obj:0.002197)
s#934#1                                       203.236 	(obj:0.002331)
s#934#2                                       151.891 	(obj:0.002262)
s#934#3                                       100.916 	(obj:8e-05)
s#934#4                                        49.093 	(obj:0.002445)
s#935#0                                         46.16 	(obj:0.002197)
s#935#1                                       203.306 	(obj:0.002331)
s#935#2                                       151.901 	(obj:0.002262)
s#935#3                                       101.046 	(obj:8e-05)
s#935#4                                        49.138 	(obj:0.002445)
s#936#0                                         46.26 	(obj:0.002197)
s#936#1                                       203.316 	(obj:0.002331)
s#936#2                                       151.961 	(obj:0.002262)
s#936#3                                       101.066 	(obj:8e-05)
s#936#4                                        49.165 	(obj:0.002445)
s#937#0                                         46.31 	(obj:0.002197)
s#937#1                                       203.326 	(obj:0.002331)
s#937#2                                       152.071 	(obj:0.002262)
s#937#3                                       101.146 	(obj:8e-05)
s#937#4                                        49.206 	(obj:0.002445)
s#938#0                                         46.31 	(obj:0.002197)
s#938#1                                       203.326 	(obj:0.002331)
s#938#2                                       152.071 	(obj:0.002262)
s#938#3                                       101.286 	(obj:8e-05)
s#938#4                                        49.264 	(obj:0.002445)
s#939#0                                         46.32 	(obj:0.002197)
s#939#1                                       203.426 	(obj:0.002331)
s#939#2                                       152.081 	(obj:0.002262)
s#939#3                                       101.346 	(obj:8e-05)
s#939#4                                        49.283 	(obj:0.002445)
s#940#0                                         46.34 	(obj:0.002197)
s#940#1                                       203.436 	(obj:0.002331)
s#940#2                                       152.101 	(obj:0.002262)
s#940#3                                       101.356 	(obj:8e-05)
s#940#4                              49.3659999999999 	(obj:0.002445)
s#941#0                                         46.36 	(obj:0.002197)
s#941#1                                       203.476 	(obj:0.002331)
s#941#2                                       152.131 	(obj:0.002262)
s#941#3                                       101.466 	(obj:8e-05)
s#941#4                                        49.432 	(obj:0.002445)
s#942#0                                         46.38 	(obj:0.002197)
s#942#1                                       203.476 	(obj:0.002331)
s#942#2                                       152.231 	(obj:0.002262)
s#942#3                                       101.476 	(obj:8e-05)
s#942#4                                        49.445 	(obj:0.002445)
s#943#0                                         46.39 	(obj:0.002197)
s#943#1                                       203.486 	(obj:0.002331)
s#943#2                                       152.311 	(obj:0.002262)
s#943#3                                       101.586 	(obj:8e-05)
s#943#4                                        49.552 	(obj:0.002445)
s#944#0                                         46.48 	(obj:0.002197)
s#944#1                                       203.486 	(obj:0.002331)
s#944#2                                       152.391 	(obj:0.002262)
s#944#3                                       101.786 	(obj:8e-05)
s#944#4                                        49.986 	(obj:0.002445)
s#945#0                                         46.65 	(obj:0.002197)
s#945#1                                       203.546 	(obj:0.002331)
s#945#2                                       152.651 	(obj:0.002262)
s#945#3                                       101.826 	(obj:8e-05)
s#945#4                                         50.08 	(obj:0.002445)
s#946#0                                         46.67 	(obj:0.002197)
s#946#1                                       203.576 	(obj:0.002331)
s#946#2                                       152.721 	(obj:0.002262)
s#946#3                                       101.886 	(obj:8e-05)
s#946#4                              50.1089999999999 	(obj:0.002445)
s#947#0                                         46.68 	(obj:0.002197)
s#947#1                                       203.576 	(obj:0.002331)
s#947#2                                       152.811 	(obj:0.002262)
s#947#3                                       101.906 	(obj:8e-05)
s#947#4                                         50.16 	(obj:0.002445)
s#948#0                                         46.69 	(obj:0.002197)
s#948#1                                       203.606 	(obj:0.002331)
s#948#2                                       152.881 	(obj:0.002262)
s#948#3                                       101.906 	(obj:8e-05)
s#948#4                              50.5049999999999 	(obj:0.002445)
s#949#0                                          46.7 	(obj:0.002197)
s#949#1                                       203.626 	(obj:0.002331)
s#949#2                                       152.951 	(obj:0.002262)
s#949#3                                       102.196 	(obj:8e-05)
s#949#4                                        50.575 	(obj:0.002445)
s#950#0                                         46.76 	(obj:0.002197)
s#950#1                                       203.646 	(obj:0.002331)
s#950#2                                       153.011 	(obj:0.002262)
s#950#3                                       102.296 	(obj:8e-05)
s#950#4                                         50.61 	(obj:0.002445)
s#951#0                                         46.89 	(obj:0.002197)
s#951#1                                       203.666 	(obj:0.002331)
s#951#2                                       153.131 	(obj:0.002262)
s#951#3                                       102.316 	(obj:8e-05)
s#951#4                                        50.652 	(obj:0.002445)
s#952#0                                         46.95 	(obj:0.002197)
s#952#1                                       203.686 	(obj:0.002331)
s#952#2                                       153.211 	(obj:0.002262)
s#952#3                                       102.346 	(obj:8e-05)
s#952#4                                        50.743 	(obj:0.002445)
s#953#0                                         46.99 	(obj:0.002197)
s#953#1                                       203.716 	(obj:0.002331)
s#953#2                                       153.221 	(obj:0.002262)
s#953#3                                       102.356 	(obj:8e-05)
s#953#4                              50.7979999999999 	(obj:0.002445)
s#954#0                                         47.03 	(obj:0.002197)
s#954#1                                       203.756 	(obj:0.002331)
s#954#2                                       153.221 	(obj:0.002262)
s#954#3                                       102.476 	(obj:8e-05)
s#954#4                                        50.917 	(obj:0.002445)
s#955#0                                          47.1 	(obj:0.002197)
s#955#1                                       203.876 	(obj:0.002331)
s#955#2                                       153.431 	(obj:0.002262)
s#955#3                                       102.546 	(obj:8e-05)
s#955#4                                        51.035 	(obj:0.002445)
s#956#0                                          47.1 	(obj:0.002197)
s#956#1                                       203.896 	(obj:0.002331)
s#956#2                                       153.491 	(obj:0.002262)
s#956#3                                       102.646 	(obj:8e-05)
s#956#4                                        51.046 	(obj:0.002445)
s#957#0                                         47.14 	(obj:0.002197)
s#957#1                                       203.996 	(obj:0.002331)
s#957#2                                       153.531 	(obj:0.002262)
s#957#3                                       102.746 	(obj:8e-05)
s#957#4                              51.5409999999999 	(obj:0.002445)
s#958#0                                         47.23 	(obj:0.002197)
s#958#1                                       204.066 	(obj:0.002331)
s#958#2                                       153.591 	(obj:0.002262)
s#958#3                                       102.766 	(obj:8e-05)
s#958#4                              51.6729999999999 	(obj:0.002445)
s#959#0                                         47.29 	(obj:0.002197)
s#959#1                                       204.096 	(obj:0.002331)
s#959#2                                       153.621 	(obj:0.002262)
s#959#3                                       102.786 	(obj:8e-05)
s#959#4                                        51.734 	(obj:0.002445)
s#960#0                                         47.31 	(obj:0.002197)
s#960#1                                       204.146 	(obj:0.002331)
s#960#2                                       153.761 	(obj:0.002262)
s#960#3                                       102.806 	(obj:8e-05)
s#960#4                                         51.79 	(obj:0.002445)
s#961#0                                         47.33 	(obj:0.002197)
s#961#1                                       204.166 	(obj:0.002331)
s#961#2                                       153.771 	(obj:0.002262)
s#961#3                                       102.946 	(obj:8e-05)
s#961#4                                        51.812 	(obj:0.002445)
s#962#0                                         47.35 	(obj:0.002197)
s#962#1                                       204.216 	(obj:0.002331)
s#962#2                                       153.781 	(obj:0.002262)
s#962#3                                       103.006 	(obj:8e-05)
s#962#4                                        51.817 	(obj:0.002445)
s#963#0                                         47.53 	(obj:0.002197)
s#963#1                                       204.256 	(obj:0.002331)
s#963#2                                       153.851 	(obj:0.002262)
s#963#3                                       103.296 	(obj:8e-05)
s#963#4                                        51.833 	(obj:0.002445)
s#964#0                                         47.58 	(obj:0.002197)
s#964#1                                       204.296 	(obj:0.002331)
s#964#2                                       153.881 	(obj:0.002262)
s#964#3                                       103.316 	(obj:8e-05)
s#964#4                                        51.928 	(obj:0.002445)
s#965#0                                         47.62 	(obj:0.002197)
s#965#1                                       204.386 	(obj:0.002331)
s#965#2                                       154.001 	(obj:0.002262)
s#965#3                                       103.436 	(obj:8e-05)
s#965#4                                        52.023 	(obj:0.002445)
s#966#0                                         47.66 	(obj:0.002197)
s#966#1                                       204.426 	(obj:0.002331)
s#966#2                                       154.041 	(obj:0.002262)
s#966#3                                       103.556 	(obj:8e-05)
s#966#4                                        52.074 	(obj:0.002445)
s#967#0                                         47.78 	(obj:0.002197)
s#967#1                                       204.486 	(obj:0.002331)
s#967#2                                       154.161 	(obj:0.002262)
s#967#3                                       103.626 	(obj:8e-05)
s#967#4                                        52.121 	(obj:0.002445)
s#968#0                                         47.86 	(obj:0.002197)
s#968#1                                       204.546 	(obj:0.002331)
s#968#2                                       154.171 	(obj:0.002262)
s#968#3                                       103.746 	(obj:8e-05)
s#968#4                                        52.139 	(obj:0.002445)
s#969#0                                         47.88 	(obj:0.002197)
s#969#1                                       204.596 	(obj:0.002331)
s#969#2                                       154.261 	(obj:0.002262)
s#969#3                                       103.756 	(obj:8e-05)
s#969#4                                        52.228 	(obj:0.002445)
s#970#0                                         47.98 	(obj:0.002197)
s#970#1                                       204.596 	(obj:0.002331)
s#970#2                                       154.391 	(obj:0.002262)
s#970#3                                       103.776 	(obj:8e-05)
s#970#4                                        52.364 	(obj:0.002445)
s#971#0                                         48.05 	(obj:0.002197)
s#971#1                                       204.696 	(obj:0.002331)
s#971#2                                       154.481 	(obj:0.002262)
s#971#3                                       103.826 	(obj:8e-05)
s#971#4                                        52.367 	(obj:0.002445)
s#972#0                                         48.08 	(obj:0.002197)
s#972#1                                       204.696 	(obj:0.002331)
s#972#2                                       154.631 	(obj:0.002262)
s#972#3                                       103.836 	(obj:8e-05)
s#972#4                                         52.54 	(obj:0.002445)
s#973#0                                         48.09 	(obj:0.002197)
s#973#1                                       204.746 	(obj:0.002331)
s#973#2                                       154.691 	(obj:0.002262)
s#973#3                                       103.886 	(obj:8e-05)
s#973#4                                        52.542 	(obj:0.002445)
s#974#0                                         48.16 	(obj:0.002197)
s#974#1                                       204.816 	(obj:0.002331)
s#974#2                                       154.771 	(obj:0.002262)
s#974#3                                       103.896 	(obj:8e-05)
s#974#4                                        52.855 	(obj:0.002445)
s#975#0                                          48.2 	(obj:0.002197)
s#975#1                                       204.836 	(obj:0.002331)
s#975#2                                       154.841 	(obj:0.002262)
s#975#3                                       103.916 	(obj:8e-05)
s#975#4                                        52.864 	(obj:0.002445)
s#976#0                                          48.3 	(obj:0.002197)
s#976#1                                       204.836 	(obj:0.002331)
s#976#2                                       154.891 	(obj:0.002262)
s#976#3                                       103.956 	(obj:8e-05)
s#976#4                                        52.902 	(obj:0.002445)
s#977#0                                         48.45 	(obj:0.002197)
s#977#1                                       204.836 	(obj:0.002331)
s#977#2                                       154.901 	(obj:0.002262)
s#977#3                                       103.966 	(obj:8e-05)
s#977#4                                        52.954 	(obj:0.002445)
s#978#0                                         48.58 	(obj:0.002197)
s#978#1                                       204.896 	(obj:0.002331)
s#978#2                                       155.021 	(obj:0.002262)
s#978#3                                       104.016 	(obj:8e-05)
s#978#4                                        52.993 	(obj:0.002445)
s#979#0                                         48.62 	(obj:0.002197)
s#979#1                                       204.946 	(obj:0.002331)
s#979#2                                       155.101 	(obj:0.002262)
s#979#3                                       104.036 	(obj:8e-05)
s#979#4                                        53.009 	(obj:0.002445)
s#980#0                                         48.63 	(obj:0.002197)
s#980#1                                       205.046 	(obj:0.002331)
s#980#2                                       155.231 	(obj:0.002262)
s#980#3                                       104.066 	(obj:8e-05)
s#980#4                                        53.018 	(obj:0.002445)
s#981#0                                         48.64 	(obj:0.002197)
s#981#1                                       205.096 	(obj:0.002331)
s#981#2                                       155.391 	(obj:0.002262)
s#981#3                                       104.166 	(obj:8e-05)
s#981#4                                        53.116 	(obj:0.002445)
s#982#0                                         48.68 	(obj:0.002197)
s#982#1                                       205.216 	(obj:0.002331)
s#982#2                                       155.461 	(obj:0.002262)
s#982#3                                       104.186 	(obj:8e-05)
s#982#4                                        53.215 	(obj:0.002445)
s#983#0                                          48.7 	(obj:0.002197)
s#983#1                                       205.226 	(obj:0.002331)
s#983#2                                       155.551 	(obj:0.002262)
s#983#3                                       104.256 	(obj:8e-05)
s#983#4                                        53.302 	(obj:0.002445)
s#984#0                                         48.72 	(obj:0.002197)
s#984#1                                       205.316 	(obj:0.002331)
s#984#2                                       155.661 	(obj:0.002262)
s#984#3                                       104.346 	(obj:8e-05)
s#984#4                                        53.311 	(obj:0.002445)
s#985#0                                         48.78 	(obj:0.002197)
s#985#1                                       205.386 	(obj:0.002331)
s#985#2                                       155.781 	(obj:0.002262)
s#985#3                                       104.356 	(obj:8e-05)
s#985#4                                        53.398 	(obj:0.002445)
s#986#0                                          48.8 	(obj:0.002197)
s#986#1                                       205.406 	(obj:0.002331)
s#986#2                                       156.061 	(obj:0.002262)
s#986#3                                       104.376 	(obj:8e-05)
s#986#4                                        53.432 	(obj:0.002445)
s#987#0                                         48.88 	(obj:0.002197)
s#987#1                                       205.446 	(obj:0.002331)
s#987#2                                       156.091 	(obj:0.002262)
s#987#3                                       104.496 	(obj:8e-05)
s#987#4                                        53.451 	(obj:0.002445)
s#988#0                                         48.89 	(obj:0.002197)
s#988#1                                       205.456 	(obj:0.002331)
s#988#2                                       156.221 	(obj:0.002262)
s#988#3                                       104.516 	(obj:8e-05)
s#988#4                                         53.51 	(obj:0.002445)
s#989#0                                         48.98 	(obj:0.002197)
s#989#1                                       205.546 	(obj:0.002331)
s#989#2                                       156.221 	(obj:0.002262)
s#989#3                                       104.596 	(obj:8e-05)
s#989#4                                        53.798 	(obj:0.002445)
s#990#0                                          49.1 	(obj:0.002197)
s#990#1                                       205.576 	(obj:0.002331)
s#990#2                                       156.311 	(obj:0.002262)
s#990#3                                       104.596 	(obj:8e-05)
s#990#4                              53.9589999999999 	(obj:0.002445)
s#991#0                                         49.11 	(obj:0.002197)
s#991#1                                       205.606 	(obj:0.002331)
s#991#2                                       156.311 	(obj:0.002262)
s#991#3                                       104.816 	(obj:8e-05)
s#991#4                                        53.969 	(obj:0.002445)
s#992#0                                         49.11 	(obj:0.002197)
s#992#1                                       205.666 	(obj:0.002331)
s#992#2                                       156.481 	(obj:0.002262)
s#992#3                                       104.876 	(obj:8e-05)
s#992#4                                        54.121 	(obj:0.002445)
s#993#0                                         49.11 	(obj:0.002197)
s#993#1                                       205.686 	(obj:0.002331)
s#993#2                                       156.491 	(obj:0.002262)
s#993#3                                       104.886 	(obj:8e-05)
s#993#4                                        54.322 	(obj:0.002445)
s#994#0                                         49.12 	(obj:0.002197)
s#994#1                                       205.706 	(obj:0.002331)
s#994#2                                       156.631 	(obj:0.002262)
s#994#3                                       104.926 	(obj:8e-05)
s#994#4                                        54.358 	(obj:0.002445)
s#995#0                                         49.22 	(obj:0.002197)
s#995#1                                       205.756 	(obj:0.002331)
s#995#2                                       156.641 	(obj:0.002262)
s#995#3                                       104.986 	(obj:8e-05)
s#995#4                                        54.386 	(obj:0.002445)
s#996#0                                         49.35 	(obj:0.002197)
s#996#1                                       205.816 	(obj:0.002331)
s#996#2                                       156.671 	(obj:0.002262)
s#996#3                                       105.026 	(obj:8e-05)
s#996#4                                        54.442 	(obj:0.002445)
s#997#0                                         49.36 	(obj:0.002197)
s#997#1                                       205.836 	(obj:0.002331)
s#997#2                                       156.691 	(obj:0.002262)
s#997#3                                       105.036 	(obj:8e-05)
s#997#4                                         54.48 	(obj:0.002445)
s#998#0                                         49.38 	(obj:0.002197)
s#998#1                                       205.886 	(obj:0.002331)
s#998#2                                       156.691 	(obj:0.002262)
s#998#3                                       105.096 	(obj:8e-05)
s#998#4                                        54.488 	(obj:0.002445)
s#999#0                                         49.49 	(obj:0.002197)
s#999#1                                       206.016 	(obj:0.002331)
s#999#2                                       156.871 	(obj:0.002262)
s#999#3                                       105.116 	(obj:8e-05)
s#999#4                                        54.519 	(obj:0.002445)
s#1000#0                                        49.53 	(obj:0.002197)
s#1000#1                                      206.186 	(obj:0.002331)
s#1000#2                                      156.881 	(obj:0.002262)
s#1000#3                                      105.196 	(obj:8e-05)
s#1000#4                                        54.55 	(obj:0.002445)
s#1001#0                                        49.57 	(obj:0.002197)
s#1001#1                                      206.236 	(obj:0.002331)
s#1001#2                                      156.941 	(obj:0.002262)
s#1001#3                                      105.196 	(obj:8e-05)
s#1001#4                             54.9619999999999 	(obj:0.002445)
s#1002#0                                        49.57 	(obj:0.002197)
s#1002#1                                      206.256 	(obj:0.002331)
s#1002#2                                      157.001 	(obj:0.002262)
s#1002#3                                      105.436 	(obj:8e-05)
s#1002#4                                       54.982 	(obj:0.002445)
s#1003#0                                        49.61 	(obj:0.002197)
s#1003#1                                      206.266 	(obj:0.002331)
s#1003#2                                      157.001 	(obj:0.002262)
s#1003#3                                      105.446 	(obj:8e-05)
s#1003#4                                       55.097 	(obj:0.002445)
s#1004#0                                        49.64 	(obj:0.002197)
s#1004#1                                      206.276 	(obj:0.002331)
s#1004#2                                      157.011 	(obj:0.002262)
s#1004#3                                      105.566 	(obj:8e-05)
s#1004#4                                        55.14 	(obj:0.002445)
s#1005#0                                        49.71 	(obj:0.002197)
s#1005#1                                      206.296 	(obj:0.002331)
s#1005#2                                      157.211 	(obj:0.002262)
s#1005#3                                      105.766 	(obj:8e-05)
s#1005#4                                       55.162 	(obj:0.002445)
s#1006#0                                        49.88 	(obj:0.002197)
s#1006#1                                      206.416 	(obj:0.002331)
s#1006#2                                      157.251 	(obj:0.002262)
s#1006#3                                      105.886 	(obj:8e-05)
s#1006#4                                       55.186 	(obj:0.002445)
s#1007#0                                        49.88 	(obj:0.002197)
s#1007#1                                      206.436 	(obj:0.002331)
s#1007#2                                      157.291 	(obj:0.002262)
s#1007#3                                      105.926 	(obj:8e-05)
s#1007#4                                       55.209 	(obj:0.002445)
s#1008#0                                        49.98 	(obj:0.002197)
s#1008#1                                      206.436 	(obj:0.002331)
s#1008#2                                      157.311 	(obj:0.002262)
s#1008#3                                      106.056 	(obj:8e-05)
s#1008#4                             55.2289999999999 	(obj:0.002445)
s#1009#0                                        50.03 	(obj:0.002197)
s#1009#1                                      206.456 	(obj:0.002331)
s#1009#2                                      157.401 	(obj:0.002262)
s#1009#3                                      106.146 	(obj:8e-05)
s#1009#4                                       55.266 	(obj:0.002445)
s#1010#0                                        50.04 	(obj:0.002197)
s#1010#1                                      206.596 	(obj:0.002331)
s#1010#2                                      157.441 	(obj:0.002262)
s#1010#3                                      106.146 	(obj:8e-05)
s#1010#4                                       55.298 	(obj:0.002445)
s#1011#0                                        50.04 	(obj:0.002197)
s#1011#1                                      206.666 	(obj:0.002331)
s#1011#2                                      157.451 	(obj:0.002262)
s#1011#3                                      106.466 	(obj:8e-05)
s#1011#4                                       55.382 	(obj:0.002445)
s#1012#0                                        50.07 	(obj:0.002197)
s#1012#1                                      206.736 	(obj:0.002331)
s#1012#2                                      157.451 	(obj:0.002262)
s#1012#3                                      106.496 	(obj:8e-05)
s#1012#4                                       55.422 	(obj:0.002445)
s#1013#0                                        50.23 	(obj:0.002197)
s#1013#1                                      206.776 	(obj:0.002331)
s#1013#2                                      157.551 	(obj:0.002262)
s#1013#3                                      106.506 	(obj:8e-05)
s#1013#4                                       55.497 	(obj:0.002445)
s#1014#0                                        50.24 	(obj:0.002197)
s#1014#1                                      206.876 	(obj:0.002331)
s#1014#2                                      157.581 	(obj:0.002262)
s#1014#3                                      106.506 	(obj:8e-05)
s#1014#4                                       55.532 	(obj:0.002445)
s#1015#0                                        50.28 	(obj:0.002197)
s#1015#1                                      206.916 	(obj:0.002331)
s#1015#2                                      157.611 	(obj:0.002262)
s#1015#3                                      106.506 	(obj:8e-05)
s#1015#4                                       55.579 	(obj:0.002445)
s#1016#0                                        50.31 	(obj:0.002197)
s#1016#1                                      206.916 	(obj:0.002331)
s#1016#2                                      157.651 	(obj:0.002262)
s#1016#3                                      106.546 	(obj:8e-05)
s#1016#4                                       55.605 	(obj:0.002445)
s#1017#0                                        50.37 	(obj:0.002197)
s#1017#1                                      206.926 	(obj:0.002331)
s#1017#2                                      157.651 	(obj:0.002262)
s#1017#3                                      106.556 	(obj:8e-05)
s#1017#4                                       55.844 	(obj:0.002445)
s#1018#0                                        50.38 	(obj:0.002197)
s#1018#1                                      206.956 	(obj:0.002331)
s#1018#2                                      157.761 	(obj:0.002262)
s#1018#3                                      106.976 	(obj:8e-05)
s#1018#4                                       55.917 	(obj:0.002445)
s#1019#0                                        50.39 	(obj:0.002197)
s#1019#1                                      206.966 	(obj:0.002331)
s#1019#2                                      157.911 	(obj:0.002262)
s#1019#3                                      107.016 	(obj:8e-05)
s#1019#4                                       55.921 	(obj:0.002445)
s#1020#0                                         50.4 	(obj:0.002197)
s#1020#1                                      206.996 	(obj:0.002331)
s#1020#2                                      157.941 	(obj:0.002262)
s#1020#3                                      107.166 	(obj:8e-05)
s#1020#4                                       55.941 	(obj:0.002445)
s#1021#0                                        50.42 	(obj:0.002197)
s#1021#1                                      207.036 	(obj:0.002331)
s#1021#2                                      158.201 	(obj:0.002262)
s#1021#3                                      107.186 	(obj:8e-05)
s#1021#4                             56.0309999999999 	(obj:0.002445)
s#1022#0                                        50.51 	(obj:0.002197)
s#1022#1                                      207.086 	(obj:0.002331)
s#1022#2                                      158.301 	(obj:0.002262)
s#1022#3                                      107.226 	(obj:8e-05)
s#1022#4                                       56.183 	(obj:0.002445)
s#1023#0                                        50.61 	(obj:0.002197)
s#1023#1                                      207.126 	(obj:0.002331)
s#1023#2                                      158.311 	(obj:0.002262)
s#1023#3                                      107.246 	(obj:8e-05)
s#1023#4                                       56.205 	(obj:0.002445)
s#1024#0                                        50.64 	(obj:0.002197)
s#1024#1                                      207.156 	(obj:0.002331)
s#1024#2                                      158.341 	(obj:0.002262)
s#1024#3                                      107.266 	(obj:8e-05)
s#1024#4                                       56.243 	(obj:0.002445)
s#1025#0                                        50.67 	(obj:0.002197)
s#1025#1                                      207.186 	(obj:0.002331)
s#1025#2                                      158.351 	(obj:0.002262)
s#1025#3                                      107.446 	(obj:8e-05)
s#1025#4                                       56.269 	(obj:0.002445)
s#1026#0                                        50.68 	(obj:0.002197)
s#1026#1                                      207.246 	(obj:0.002331)
s#1026#2                                      158.441 	(obj:0.002262)
s#1026#3                                      107.456 	(obj:8e-05)
s#1026#4                                       56.333 	(obj:0.002445)
s#1027#0                                        50.68 	(obj:0.002197)
s#1027#1                                      207.316 	(obj:0.002331)
s#1027#2                                      158.531 	(obj:0.002262)
s#1027#3                                      107.646 	(obj:8e-05)
s#1027#4                                        56.35 	(obj:0.002445)
s#1028#0                                        50.69 	(obj:0.002197)
s#1028#1                                      207.336 	(obj:0.002331)
s#1028#2                                      158.551 	(obj:0.002262)
s#1028#3                                      107.666 	(obj:8e-05)
s#1028#4                                       56.377 	(obj:0.002445)
s#1029#0                                        50.71 	(obj:0.002197)
s#1029#1                                      207.466 	(obj:0.002331)
s#1029#2                                      158.551 	(obj:0.002262)
s#1029#3                                      107.706 	(obj:8e-05)
s#1029#4                                       56.417 	(obj:0.002445)
s#1030#0                                        50.74 	(obj:0.002197)
s#1030#1                                      207.496 	(obj:0.002331)
s#1030#2                                      158.571 	(obj:0.002262)
s#1030#3                                      107.816 	(obj:8e-05)
s#1030#4                                       56.429 	(obj:0.002445)
s#1031#0                                        50.76 	(obj:0.002197)
s#1031#1                                      207.706 	(obj:0.002331)
s#1031#2                                      158.631 	(obj:0.002262)
s#1031#3                                      107.836 	(obj:8e-05)
s#1031#4                                       56.467 	(obj:0.002445)
s#1032#0                                        50.78 	(obj:0.002197)
s#1032#1                                      207.706 	(obj:0.002331)
s#1032#2                                      158.701 	(obj:0.002262)
s#1032#3                                      108.026 	(obj:8e-05)
s#1032#4                                        56.81 	(obj:0.002445)
s#1033#0                                         50.8 	(obj:0.002197)
s#1033#1                                      207.906 	(obj:0.002331)
s#1033#2                                      158.801 	(obj:0.002262)
s#1033#3                                      108.096 	(obj:8e-05)
s#1033#4                                       56.983 	(obj:0.002445)
s#1034#0                                         50.8 	(obj:0.002197)
s#1034#1                                      207.966 	(obj:0.002331)
s#1034#2                                      158.841 	(obj:0.002262)
s#1034#3                                      108.376 	(obj:8e-05)
s#1034#4                                       57.004 	(obj:0.002445)
s#1035#0                                        50.82 	(obj:0.002197)
s#1035#1                                      208.176 	(obj:0.002331)
s#1035#2                                      158.881 	(obj:0.002262)
s#1035#3                                      108.476 	(obj:8e-05)
s#1035#4                                       57.012 	(obj:0.002445)
s#1036#0                                        50.94 	(obj:0.002197)
s#1036#1                                      208.196 	(obj:0.002331)
s#1036#2                                      158.961 	(obj:0.002262)
s#1036#3                                      108.506 	(obj:8e-05)
s#1036#4                                        57.32 	(obj:0.002445)
s#1037#0                                        50.94 	(obj:0.002197)
s#1037#1                                      208.216 	(obj:0.002331)
s#1037#2                                      159.141 	(obj:0.002262)
s#1037#3                                      108.656 	(obj:8e-05)
s#1037#4                                       57.341 	(obj:0.002445)
s#1038#0                                        51.02 	(obj:0.002197)
s#1038#1                                      208.236 	(obj:0.002331)
s#1038#2                                      159.161 	(obj:0.002262)
s#1038#3                                      108.676 	(obj:8e-05)
s#1038#4                                       57.562 	(obj:0.002445)
s#1039#0                                        51.02 	(obj:0.002197)
s#1039#1                                      208.286 	(obj:0.002331)
s#1039#2                                      159.231 	(obj:0.002262)
s#1039#3                                      108.836 	(obj:8e-05)
s#1039#4                                       57.622 	(obj:0.002445)
s#1040#0                                        51.09 	(obj:0.002197)
s#1040#1                                      208.346 	(obj:0.002331)
s#1040#2                                      159.361 	(obj:0.002262)
s#1040#3                                      108.896 	(obj:8e-05)
s#1040#4                                       57.652 	(obj:0.002445)
s#1041#0                                        51.18 	(obj:0.002197)
s#1041#1                                      208.356 	(obj:0.002331)
s#1041#2                                      159.541 	(obj:0.002262)
s#1041#3                                      108.896 	(obj:8e-05)
s#1041#4                                       57.717 	(obj:0.002445)
s#1042#0                                        51.21 	(obj:0.002197)
s#1042#1                                      208.376 	(obj:0.002331)
s#1042#2                                      159.601 	(obj:0.002262)
s#1042#3                                      108.916 	(obj:8e-05)
s#1042#4                                       57.867 	(obj:0.002445)
s#1043#0                                        51.24 	(obj:0.002197)
s#1043#1                                      208.416 	(obj:0.002331)
s#1043#2                                      159.621 	(obj:0.002262)
s#1043#3                                      108.976 	(obj:8e-05)
s#1043#4                                       57.869 	(obj:0.002445)
s#1044#0                                        51.27 	(obj:0.002197)
s#1044#1                                      208.446 	(obj:0.002331)
s#1044#2                                      159.651 	(obj:0.002262)
s#1044#3                                      109.076 	(obj:8e-05)
s#1044#4                                       57.966 	(obj:0.002445)
s#1045#0                                        51.32 	(obj:0.002197)
s#1045#1                                      208.556 	(obj:0.002331)
s#1045#2                                      159.711 	(obj:0.002262)
s#1045#3                                      109.166 	(obj:8e-05)
s#1045#4                                        58.02 	(obj:0.002445)
s#1046#0                                        51.44 	(obj:0.002197)
s#1046#1                                      208.626 	(obj:0.002331)
s#1046#2                                      159.731 	(obj:0.002262)
s#1046#3                                      109.256 	(obj:8e-05)
s#1046#4                                       58.062 	(obj:0.002445)
s#1047#0                                        51.45 	(obj:0.002197)
s#1047#1                                      208.736 	(obj:0.002331)
s#1047#2                                      159.741 	(obj:0.002262)
s#1047#3                                      109.306 	(obj:8e-05)
s#1047#4                                       58.078 	(obj:0.002445)
s#1048#0                                         51.5 	(obj:0.002197)
s#1048#1                                      208.786 	(obj:0.002331)
s#1048#2                                      159.801 	(obj:0.002262)
s#1048#3                                      109.376 	(obj:8e-05)
s#1048#4                                       58.324 	(obj:0.002445)
s#1049#0                                         51.5 	(obj:0.002197)
s#1049#1                                      208.786 	(obj:0.002331)
s#1049#2                                      160.061 	(obj:0.002262)
s#1049#3                                      109.436 	(obj:8e-05)
s#1049#4                                       58.417 	(obj:0.002445)
s#1050#0                                        51.57 	(obj:0.002197)
s#1050#1                                      208.966 	(obj:0.002331)
s#1050#2                                      160.061 	(obj:0.002262)
s#1050#3                                      109.536 	(obj:8e-05)
s#1050#4                                       58.462 	(obj:0.002445)
s#1051#0                                        51.61 	(obj:0.002197)
s#1051#1                                      209.016 	(obj:0.002331)
s#1051#2                                      160.161 	(obj:0.002262)
s#1051#3                                      109.616 	(obj:8e-05)
s#1051#4                                       58.552 	(obj:0.002445)
s#1052#0                                        51.68 	(obj:0.002197)
s#1052#1                                      209.066 	(obj:0.002331)
s#1052#2                                      160.181 	(obj:0.002262)
s#1052#3                                      109.806 	(obj:8e-05)
s#1052#4                                       58.574 	(obj:0.002445)
s#1053#0                                        51.79 	(obj:0.002197)
s#1053#1                                      209.106 	(obj:0.002331)
s#1053#2                                      160.211 	(obj:0.002262)
s#1053#3                                      109.836 	(obj:8e-05)
s#1053#4                                        58.58 	(obj:0.002445)
s#1054#0                                        51.81 	(obj:0.002197)
s#1054#1                                      209.116 	(obj:0.002331)
s#1054#2                                      160.271 	(obj:0.002262)
s#1054#3                                      109.916 	(obj:8e-05)
s#1054#4                                       58.587 	(obj:0.002445)
s#1055#0                                        51.86 	(obj:0.002197)
s#1055#1                                      209.166 	(obj:0.002331)
s#1055#2                                      160.371 	(obj:0.002262)
s#1055#3                                      109.956 	(obj:8e-05)
s#1055#4                                       58.588 	(obj:0.002445)
s#1056#0                                        51.97 	(obj:0.002197)
s#1056#1                                      209.186 	(obj:0.002331)
s#1056#2                                      160.541 	(obj:0.002262)
s#1056#3                                      110.016 	(obj:8e-05)
s#1056#4                                       58.693 	(obj:0.002445)
s#1057#0                                        52.04 	(obj:0.002197)
s#1057#1                                      209.216 	(obj:0.002331)
s#1057#2                                      160.581 	(obj:0.002262)
s#1057#3                                      110.186 	(obj:8e-05)
s#1057#4                                        58.73 	(obj:0.002445)
s#1058#0                                        52.14 	(obj:0.002197)
s#1058#1                                      209.296 	(obj:0.002331)
s#1058#2                                      160.841 	(obj:0.002262)
s#1058#3                                      110.206 	(obj:8e-05)
s#1058#4                                       58.756 	(obj:0.002445)
s#1059#0                                        52.15 	(obj:0.002197)
s#1059#1                                      209.326 	(obj:0.002331)
s#1059#2                                      160.961 	(obj:0.002262)
s#1059#3                                      110.296 	(obj:8e-05)
s#1059#4                                       58.764 	(obj:0.002445)
s#1060#0                                        52.16 	(obj:0.002197)
s#1060#1                                      209.366 	(obj:0.002331)
s#1060#2                                      161.011 	(obj:0.002262)
s#1060#3                                      110.306 	(obj:8e-05)
s#1060#4                                       58.852 	(obj:0.002445)
s#1061#0                                        52.25 	(obj:0.002197)
s#1061#1                                      209.376 	(obj:0.002331)
s#1061#2                                      161.061 	(obj:0.002262)
s#1061#3                                      110.386 	(obj:8e-05)
s#1061#4                                       58.865 	(obj:0.002445)
s#1062#0                                        52.28 	(obj:0.002197)
s#1062#1                                      209.446 	(obj:0.002331)
s#1062#2                                      161.071 	(obj:0.002262)
s#1062#3                                      110.436 	(obj:8e-05)
s#1062#4                                       58.918 	(obj:0.002445)
s#1063#0                                        52.32 	(obj:0.002197)
s#1063#1                                      209.686 	(obj:0.002331)
s#1063#2                                      161.091 	(obj:0.002262)
s#1063#3                                      110.636 	(obj:8e-05)
s#1063#4                                       59.001 	(obj:0.002445)
s#1064#0                                        52.34 	(obj:0.002197)
s#1064#1                                      209.726 	(obj:0.002331)
s#1064#2                                      161.111 	(obj:0.002262)
s#1064#3                                      110.736 	(obj:8e-05)
s#1064#4                             59.0169999999999 	(obj:0.002445)
s#1065#0                                        52.47 	(obj:0.002197)
s#1065#1                                      209.796 	(obj:0.002331)
s#1065#2                                      161.221 	(obj:0.002262)
s#1065#3                                      110.906 	(obj:8e-05)
s#1065#4                                       59.103 	(obj:0.002445)
s#1066#0                                         52.5 	(obj:0.002197)
s#1066#1                                      209.806 	(obj:0.002331)
s#1066#2                                      161.301 	(obj:0.002262)
s#1066#3                                      110.956 	(obj:8e-05)
s#1066#4                                       59.334 	(obj:0.002445)
s#1067#0                                        52.56 	(obj:0.002197)
s#1067#1                                      209.886 	(obj:0.002331)
s#1067#2                                      161.471 	(obj:0.002262)
s#1067#3                                      110.976 	(obj:8e-05)
s#1067#4                                       59.351 	(obj:0.002445)
s#1068#0                                         52.6 	(obj:0.002197)
s#1068#1                                      209.966 	(obj:0.002331)
s#1068#2                                      161.521 	(obj:0.002262)
s#1068#3                                      111.286 	(obj:8e-05)
s#1068#4                                       59.378 	(obj:0.002445)
s#1069#0                                        52.61 	(obj:0.002197)
s#1069#1                                      209.986 	(obj:0.002331)
s#1069#2                                      161.541 	(obj:0.002262)
s#1069#3                                      111.286 	(obj:8e-05)
s#1069#4                                       59.583 	(obj:0.002445)
s#1070#0                                        52.72 	(obj:0.002197)
s#1070#1                                      210.136 	(obj:0.002331)
s#1070#2                                      161.681 	(obj:0.002262)
s#1070#3                                      111.316 	(obj:8e-05)
s#1070#4                                        59.67 	(obj:0.002445)
s#1071#0                                        52.79 	(obj:0.002197)
s#1071#1                                      210.176 	(obj:0.002331)
s#1071#2                                      161.701 	(obj:0.002262)
s#1071#3                                      111.326 	(obj:8e-05)
s#1071#4                                       59.676 	(obj:0.002445)
s#1072#0                                        52.79 	(obj:0.002197)
s#1072#1                                      210.206 	(obj:0.002331)
s#1072#2                                      161.751 	(obj:0.002262)
s#1072#3                                      111.336 	(obj:8e-05)
s#1072#4                                       59.766 	(obj:0.002445)
s#1073#0                                        52.86 	(obj:0.002197)
s#1073#1                                      210.216 	(obj:0.002331)
s#1073#2                                      161.771 	(obj:0.002262)
s#1073#3                                      111.356 	(obj:8e-05)
s#1073#4                                       59.775 	(obj:0.002445)
s#1074#0                                        52.95 	(obj:0.002197)
s#1074#1                                      210.286 	(obj:0.002331)
s#1074#2                                      161.821 	(obj:0.002262)
s#1074#3                                      111.576 	(obj:8e-05)
s#1074#4                                       59.832 	(obj:0.002445)
s#1075#0                                        52.96 	(obj:0.002197)
s#1075#1                                      210.336 	(obj:0.002331)
s#1075#2                                      161.881 	(obj:0.002262)
s#1075#3                                      111.686 	(obj:8e-05)
s#1075#4                                       60.128 	(obj:0.002445)
s#1076#0                                        53.06 	(obj:0.002197)
s#1076#1                                      210.506 	(obj:0.002331)
s#1076#2                                      161.991 	(obj:0.002262)
s#1076#3                                      111.696 	(obj:8e-05)
s#1076#4                                       60.271 	(obj:0.002445)
s#1077#0                                        53.09 	(obj:0.002197)
s#1077#1                                      210.506 	(obj:0.002331)
s#1077#2                                      162.011 	(obj:0.002262)
s#1077#3                                      111.856 	(obj:8e-05)
s#1077#4                                       60.279 	(obj:0.002445)
s#1078#0                                        53.09 	(obj:0.002197)
s#1078#1                                      210.586 	(obj:0.002331)
s#1078#2                                      162.141 	(obj:0.002262)
s#1078#3                                      111.946 	(obj:8e-05)
s#1078#4                                        60.36 	(obj:0.002445)
s#1079#0                                        53.15 	(obj:0.002197)
s#1079#1                                      210.726 	(obj:0.002331)
s#1079#2                                      162.151 	(obj:0.002262)
s#1079#3                                      111.956 	(obj:8e-05)
s#1079#4                                       60.544 	(obj:0.002445)
s#1080#0                                        53.21 	(obj:0.002197)
s#1080#1                                      210.926 	(obj:0.002331)
s#1080#2                                      162.171 	(obj:0.002262)
s#1080#3                                      111.966 	(obj:8e-05)
s#1080#4                                       60.623 	(obj:0.002445)
s#1081#0                                        53.22 	(obj:0.002197)
s#1081#1                                      211.046 	(obj:0.002331)
s#1081#2                                      162.171 	(obj:0.002262)
s#1081#3                                      111.976 	(obj:8e-05)
s#1081#4                                       60.703 	(obj:0.002445)
s#1082#0                                        53.23 	(obj:0.002197)
s#1082#1                                      211.116 	(obj:0.002331)
s#1082#2                                      162.181 	(obj:0.002262)
s#1082#3                                      111.996 	(obj:8e-05)
s#1082#4                                       60.748 	(obj:0.002445)
s#1083#0                                        53.25 	(obj:0.002197)
s#1083#1                                      211.266 	(obj:0.002331)
s#1083#2                                      162.241 	(obj:0.002262)
s#1083#3                                      112.056 	(obj:8e-05)
s#1083#4                                       60.809 	(obj:0.002445)
s#1084#0                                        53.27 	(obj:0.002197)
s#1084#1                                      211.396 	(obj:0.002331)
s#1084#2                                      162.251 	(obj:0.002262)
s#1084#3                                      112.126 	(obj:8e-05)
s#1084#4                                       60.817 	(obj:0.002445)
s#1085#0                                         53.3 	(obj:0.002197)
s#1085#1                                      211.426 	(obj:0.002331)
s#1085#2                                      162.351 	(obj:0.002262)
s#1085#3                                      112.136 	(obj:8e-05)
s#1085#4                                       60.922 	(obj:0.002445)
s#1086#0                                        53.37 	(obj:0.002197)
s#1086#1                                      211.516 	(obj:0.002331)
s#1086#2                                      162.381 	(obj:0.002262)
s#1086#3                                      112.146 	(obj:8e-05)
s#1086#4                                       60.951 	(obj:0.002445)
s#1087#0                                        53.42 	(obj:0.002197)
s#1087#1                                      211.516 	(obj:0.002331)
s#1087#2                                      162.471 	(obj:0.002262)
s#1087#3                                      112.176 	(obj:8e-05)
s#1087#4                                       61.076 	(obj:0.002445)
s#1088#0                                        53.49 	(obj:0.002197)
s#1088#1                                      211.776 	(obj:0.002331)
s#1088#2                                      162.661 	(obj:0.002262)
s#1088#3                                      112.206 	(obj:8e-05)
s#1088#4                                       61.077 	(obj:0.002445)
s#1089#0                                        53.56 	(obj:0.002197)
s#1089#1                                      211.786 	(obj:0.002331)
s#1089#2                                      162.891 	(obj:0.002262)
s#1089#3                                      112.346 	(obj:8e-05)
s#1089#4                                       61.104 	(obj:0.002445)
s#1090#0                                        53.57 	(obj:0.002197)
s#1090#1                                      211.796 	(obj:0.002331)
s#1090#2                                      162.911 	(obj:0.002262)
s#1090#3                                      112.366 	(obj:8e-05)
s#1090#4                                        61.16 	(obj:0.002445)
s#1091#0                                        53.68 	(obj:0.002197)
s#1091#1                                      211.956 	(obj:0.002331)
s#1091#2                                      162.941 	(obj:0.002262)
s#1091#3                                      112.426 	(obj:8e-05)
s#1091#4                                       61.443 	(obj:0.002445)
s#1092#0                                         53.7 	(obj:0.002197)
s#1092#1                                      212.036 	(obj:0.002331)
s#1092#2                                      163.031 	(obj:0.002262)
s#1092#3                                      112.536 	(obj:8e-05)
s#1092#4                                       61.538 	(obj:0.002445)
s#1093#0                                        53.72 	(obj:0.002197)
s#1093#1                                      212.096 	(obj:0.002331)
s#1093#2                                      163.051 	(obj:0.002262)
s#1093#3                                      112.546 	(obj:8e-05)
s#1093#4                                       61.778 	(obj:0.002445)
s#1094#0                                        53.73 	(obj:0.002197)
s#1094#1                                      212.136 	(obj:0.002331)
s#1094#2                                      163.331 	(obj:0.002262)
s#1094#3                                      112.686 	(obj:8e-05)
s#1094#4                                       61.807 	(obj:0.002445)
s#1095#0                                        53.78 	(obj:0.002197)
s#1095#1                                      212.166 	(obj:0.002331)
s#1095#2                                      163.351 	(obj:0.002262)
s#1095#3                                      112.696 	(obj:8e-05)
s#1095#4                                       61.809 	(obj:0.002445)
s#1096#0                                        53.79 	(obj:0.002197)
s#1096#1                                      212.276 	(obj:0.002331)
s#1096#2                                      163.401 	(obj:0.002262)
s#1096#3                                      112.836 	(obj:8e-05)
s#1096#4                                       61.819 	(obj:0.002445)
s#1097#0                                         53.8 	(obj:0.002197)
s#1097#1                                      212.276 	(obj:0.002331)
s#1097#2                                      163.411 	(obj:0.002262)
s#1097#3                                      113.016 	(obj:8e-05)
s#1097#4                                       61.858 	(obj:0.002445)
s#1098#0                                        53.86 	(obj:0.002197)
s#1098#1                                      212.306 	(obj:0.002331)
s#1098#2                                      163.481 	(obj:0.002262)
s#1098#3                                      113.016 	(obj:8e-05)
s#1098#4                                       62.034 	(obj:0.002445)
s#1099#0                                        53.86 	(obj:0.002197)
s#1099#1                                      212.356 	(obj:0.002331)
s#1099#2                                      163.511 	(obj:0.002262)
s#1099#3                                      113.016 	(obj:8e-05)
s#1099#4                                       62.036 	(obj:0.002445)
s#1100#0                                        53.86 	(obj:0.002197)
s#1100#1                                      212.416 	(obj:0.002331)
s#1100#2                                      163.561 	(obj:0.002262)
s#1100#3                                      113.066 	(obj:8e-05)
s#1100#4                                       62.299 	(obj:0.002445)
s#1101#0                                        53.91 	(obj:0.002197)
s#1101#1                                      212.486 	(obj:0.002331)
s#1101#2                                      163.841 	(obj:0.002262)
s#1101#3                                      113.126 	(obj:8e-05)
s#1101#4                                       62.368 	(obj:0.002445)
s#1102#0                                        53.92 	(obj:0.002197)
s#1102#1                                      212.536 	(obj:0.002331)
s#1102#2                                      163.911 	(obj:0.002262)
s#1102#3                                      113.166 	(obj:8e-05)
s#1102#4                                       62.395 	(obj:0.002445)
s#1103#0                                        54.01 	(obj:0.002197)
s#1103#1                                      212.666 	(obj:0.002331)
s#1103#2                                      163.941 	(obj:0.002262)
s#1103#3                                      113.196 	(obj:8e-05)
s#1103#4                                       62.466 	(obj:0.002445)
s#1104#0                                        54.02 	(obj:0.002197)
s#1104#1                                      212.676 	(obj:0.002331)
s#1104#2                                      163.951 	(obj:0.002262)
s#1104#3                                      113.246 	(obj:8e-05)
s#1104#4                                       62.533 	(obj:0.002445)
s#1105#0                                        54.03 	(obj:0.002197)
s#1105#1                                      212.686 	(obj:0.002331)
s#1105#2                                      163.971 	(obj:0.002262)
s#1105#3                                      113.266 	(obj:8e-05)
s#1105#4                                       62.633 	(obj:0.002445)
s#1106#0                                        54.15 	(obj:0.002197)
s#1106#1                                      212.746 	(obj:0.002331)
s#1106#2                                      163.991 	(obj:0.002262)
s#1106#3                                      113.286 	(obj:8e-05)
s#1106#4                                       62.746 	(obj:0.002445)
s#1107#0                                         54.2 	(obj:0.002197)
s#1107#1                                      212.936 	(obj:0.002331)
s#1107#2                                      164.081 	(obj:0.002262)
s#1107#3                                      113.476 	(obj:8e-05)
s#1107#4                                       62.849 	(obj:0.002445)
s#1108#0                                         54.3 	(obj:0.002197)
s#1108#1                                      213.006 	(obj:0.002331)
s#1108#2                                      164.141 	(obj:0.002262)
s#1108#3                                      113.666 	(obj:8e-05)
s#1108#4                                        63.04 	(obj:0.002445)
s#1109#0                                        54.38 	(obj:0.002197)
s#1109#1                                      213.086 	(obj:0.002331)
s#1109#2                                      164.251 	(obj:0.002262)
s#1109#3                                      113.726 	(obj:8e-05)
s#1109#4                                       63.238 	(obj:0.002445)
s#1110#0                                         54.4 	(obj:0.002197)
s#1110#1                                      213.166 	(obj:0.002331)
s#1110#2                                      164.311 	(obj:0.002262)
s#1110#3                                      113.966 	(obj:8e-05)
s#1110#4                                        63.48 	(obj:0.002445)
s#1111#0                                        54.54 	(obj:0.002197)
s#1111#1                                      213.176 	(obj:0.002331)
s#1111#2                                      164.361 	(obj:0.002262)
s#1111#3                                      114.056 	(obj:8e-05)
s#1111#4                                       63.582 	(obj:0.002445)
s#1112#0                                        54.54 	(obj:0.002197)
s#1112#1                                      213.216 	(obj:0.002331)
s#1112#2                                      164.611 	(obj:0.002262)
s#1112#3                                      114.086 	(obj:8e-05)
s#1112#4                                       63.607 	(obj:0.002445)
s#1113#0                                        54.69 	(obj:0.002197)
s#1113#1                                      213.256 	(obj:0.002331)
s#1113#2                                      164.631 	(obj:0.002262)
s#1113#3                                      114.086 	(obj:8e-05)
s#1113#4                                       63.664 	(obj:0.002445)
s#1114#0                                        54.73 	(obj:0.002197)
s#1114#1                                      213.406 	(obj:0.002331)
s#1114#2                                      164.721 	(obj:0.002262)
s#1114#3                                      114.136 	(obj:8e-05)
s#1114#4                                       63.713 	(obj:0.002445)
s#1115#0                                        54.74 	(obj:0.002197)
s#1115#1                                      213.456 	(obj:0.002331)
s#1115#2                                      164.771 	(obj:0.002262)
s#1115#3                                      114.166 	(obj:8e-05)
s#1115#4                                       63.757 	(obj:0.002445)
s#1116#0                                        54.75 	(obj:0.002197)
s#1116#1                                      213.586 	(obj:0.002331)
s#1116#2                                      164.811 	(obj:0.002262)
s#1116#3                                      114.266 	(obj:8e-05)
s#1116#4                                       63.796 	(obj:0.002445)
s#1117#0                                        54.78 	(obj:0.002197)
s#1117#1                                      213.706 	(obj:0.002331)
s#1117#2                                      164.831 	(obj:0.002262)
s#1117#3                                      114.276 	(obj:8e-05)
s#1117#4                                       63.868 	(obj:0.002445)
s#1118#0                                        54.85 	(obj:0.002197)
s#1118#1                                      213.796 	(obj:0.002331)
s#1118#2                                      164.841 	(obj:0.002262)
s#1118#3                                      114.286 	(obj:8e-05)
s#1118#4                                       63.925 	(obj:0.002445)
s#1119#0                                        54.89 	(obj:0.002197)
s#1119#1                                      213.816 	(obj:0.002331)
s#1119#2                                      164.841 	(obj:0.002262)
s#1119#3                                      114.556 	(obj:8e-05)
s#1119#4                                       63.928 	(obj:0.002445)
s#1120#0                                        54.97 	(obj:0.002197)
s#1120#1                                      213.906 	(obj:0.002331)
s#1120#2                                      164.951 	(obj:0.002262)
s#1120#3                                      114.666 	(obj:8e-05)
s#1120#4                                        63.96 	(obj:0.002445)
s#1121#0                                        54.99 	(obj:0.002197)
s#1121#1                                      213.906 	(obj:0.002331)
s#1121#2                                      164.961 	(obj:0.002262)
s#1121#3                                      114.676 	(obj:8e-05)
s#1121#4                                       63.978 	(obj:0.002445)
s#1122#0                                        55.07 	(obj:0.002197)
s#1122#1                                      213.926 	(obj:0.002331)
s#1122#2                                      165.191 	(obj:0.002262)
s#1122#3                                      114.966 	(obj:8e-05)
s#1122#4                                       64.417 	(obj:0.002445)
s#1123#0                                        55.19 	(obj:0.002197)
s#1123#1                                      213.986 	(obj:0.002331)
s#1123#2                                      165.241 	(obj:0.002262)
s#1123#3                                      115.116 	(obj:8e-05)
s#1123#4                                       64.561 	(obj:0.002445)
s#1124#0                                        55.22 	(obj:0.002197)
s#1124#1                                      213.996 	(obj:0.002331)
s#1124#2                                      165.411 	(obj:0.002262)
s#1124#3                                      115.136 	(obj:8e-05)
s#1124#4                                       64.638 	(obj:0.002445)
s#1125#0                                        55.32 	(obj:0.002197)
s#1125#1                                      214.056 	(obj:0.002331)
s#1125#2                                      165.441 	(obj:0.002262)
s#1125#3                                      115.286 	(obj:8e-05)
s#1125#4                                        64.66 	(obj:0.002445)
s#1126#0                                        55.37 	(obj:0.002197)
s#1126#1                                      214.086 	(obj:0.002331)
s#1126#2                                      165.501 	(obj:0.002262)
s#1126#3                                      115.306 	(obj:8e-05)
s#1126#4                                       64.704 	(obj:0.002445)
s#1127#0                                         55.4 	(obj:0.002197)
s#1127#1                                      214.246 	(obj:0.002331)
s#1127#2                                      165.801 	(obj:0.002262)
s#1127#3                                      115.316 	(obj:8e-05)
s#1127#4                                       64.812 	(obj:0.002445)
s#1128#0                                        55.42 	(obj:0.002197)
s#1128#1                                      214.256 	(obj:0.002331)
s#1128#2                                      165.861 	(obj:0.002262)
s#1128#3                                      115.326 	(obj:8e-05)
s#1128#4                                       64.849 	(obj:0.002445)
s#1129#0                                        55.52 	(obj:0.002197)
s#1129#1                                      214.436 	(obj:0.002331)
s#1129#2                                      165.991 	(obj:0.002262)
s#1129#3                                      115.326 	(obj:8e-05)
s#1129#4                                        65.06 	(obj:0.002445)
s#1130#0                                        55.61 	(obj:0.002197)
s#1130#1                                      214.606 	(obj:0.002331)
s#1130#2                                      166.141 	(obj:0.002262)
s#1130#3                                      115.606 	(obj:8e-05)
s#1130#4                                       65.085 	(obj:0.002445)
s#1131#0                                        55.61 	(obj:0.002197)
s#1131#1                                      214.636 	(obj:0.002331)
s#1131#2                                      166.281 	(obj:0.002262)
s#1131#3                                      115.606 	(obj:8e-05)
s#1131#4                                       65.103 	(obj:0.002445)
s#1132#0                                        55.64 	(obj:0.002197)
s#1132#1                                      214.676 	(obj:0.002331)
s#1132#2                                      166.401 	(obj:0.002262)
s#1132#3                                      115.646 	(obj:8e-05)
s#1132#4                             65.1559999999999 	(obj:0.002445)
s#1133#0                                        55.75 	(obj:0.002197)
s#1133#1                                      214.706 	(obj:0.002331)
s#1133#2                                      166.421 	(obj:0.002262)
s#1133#3                                      115.926 	(obj:8e-05)
s#1133#4                             65.1609999999999 	(obj:0.002445)
s#1134#0                                        55.81 	(obj:0.002197)
s#1134#1                                      214.716 	(obj:0.002331)
s#1134#2                                      166.521 	(obj:0.002262)
s#1134#3                                      115.936 	(obj:8e-05)
s#1134#4                                       65.336 	(obj:0.002445)
s#1135#0                                        55.87 	(obj:0.002197)
s#1135#1                                      214.766 	(obj:0.002331)
s#1135#2                                      166.531 	(obj:0.002262)
s#1135#3                                      116.126 	(obj:8e-05)
s#1135#4                                       65.682 	(obj:0.002445)
s#1136#0                                        56.03 	(obj:0.002197)
s#1136#1                                      214.786 	(obj:0.002331)
s#1136#2                                      166.631 	(obj:0.002262)
s#1136#3                                      116.176 	(obj:8e-05)
s#1136#4                                       65.734 	(obj:0.002445)
s#1137#0                                        56.17 	(obj:0.002197)
s#1137#1                                      214.816 	(obj:0.002331)
s#1137#2                                      166.661 	(obj:0.002262)
s#1137#3                                      116.336 	(obj:8e-05)
s#1137#4                                       65.769 	(obj:0.002445)
s#1138#0                                        56.18 	(obj:0.002197)
s#1138#1                                      214.816 	(obj:0.002331)
s#1138#2                                      166.701 	(obj:0.002262)
s#1138#3                                      116.436 	(obj:8e-05)
s#1138#4                                       65.857 	(obj:0.002445)
s#1139#0                                        56.23 	(obj:0.002197)
s#1139#1                                      214.846 	(obj:0.002331)
s#1139#2                                      166.711 	(obj:0.002262)
s#1139#3                                      116.446 	(obj:8e-05)
s#1139#4                                        65.87 	(obj:0.002445)
s#1140#0                                        56.31 	(obj:0.002197)
s#1140#1                                      214.866 	(obj:0.002331)
s#1140#2                                      166.721 	(obj:0.002262)
s#1140#3                                      116.456 	(obj:8e-05)
s#1140#4                                       65.904 	(obj:0.002445)
s#1141#0                                        56.34 	(obj:0.002197)
s#1141#1                                      215.106 	(obj:0.002331)
s#1141#2                                      166.721 	(obj:0.002262)
s#1141#3                                      116.506 	(obj:8e-05)
s#1141#4                                       66.189 	(obj:0.002445)
s#1142#0                                         56.4 	(obj:0.002197)
s#1142#1                                      215.116 	(obj:0.002331)
s#1142#2                                      166.781 	(obj:0.002262)
s#1142#3                                      116.536 	(obj:8e-05)
s#1142#4                                        66.26 	(obj:0.002445)
s#1143#0                                         56.4 	(obj:0.002197)
s#1143#1                                      215.156 	(obj:0.002331)
s#1143#2                                      166.811 	(obj:0.002262)
s#1143#3                                      116.676 	(obj:8e-05)
s#1143#4                                       66.435 	(obj:0.002445)
s#1144#0                                        56.47 	(obj:0.002197)
s#1144#1                                      215.206 	(obj:0.002331)
s#1144#2                                      166.831 	(obj:0.002262)
s#1144#3                                      116.726 	(obj:8e-05)
s#1144#4                                       66.591 	(obj:0.002445)
s#1145#0                                        56.48 	(obj:0.002197)
s#1145#1                                      215.236 	(obj:0.002331)
s#1145#2                                      166.841 	(obj:0.002262)
s#1145#3                                      116.766 	(obj:8e-05)
s#1145#4                                       66.687 	(obj:0.002445)
s#1146#0                                        56.49 	(obj:0.002197)
s#1146#1                                      215.246 	(obj:0.002331)
s#1146#2                                      166.961 	(obj:0.002262)
s#1146#3                                      116.766 	(obj:8e-05)
s#1146#4                                       66.806 	(obj:0.002445)
s#1147#0                                        56.51 	(obj:0.002197)
s#1147#1                                      215.286 	(obj:0.002331)
s#1147#2                                      167.091 	(obj:0.002262)
s#1147#3                                      116.796 	(obj:8e-05)
s#1147#4                                       66.863 	(obj:0.002445)
s#1148#0                                        56.58 	(obj:0.002197)
s#1148#1                                      215.286 	(obj:0.002331)
s#1148#2                                      167.111 	(obj:0.002262)
s#1148#3                                      117.036 	(obj:8e-05)
s#1148#4                                       67.154 	(obj:0.002445)
s#1149#0                                        56.66 	(obj:0.002197)
s#1149#1                                      215.346 	(obj:0.002331)
s#1149#2                                      167.151 	(obj:0.002262)
s#1149#3                                      117.046 	(obj:8e-05)
s#1149#4                                       67.182 	(obj:0.002445)
s#1150#0                                        56.72 	(obj:0.002197)
s#1150#1                                      215.356 	(obj:0.002331)
s#1150#2                                      167.261 	(obj:0.002262)
s#1150#3                                      117.136 	(obj:8e-05)
s#1150#4                                       67.334 	(obj:0.002445)
s#1151#0                                        56.78 	(obj:0.002197)
s#1151#1                                      215.426 	(obj:0.002331)
s#1151#2                                      167.271 	(obj:0.002262)
s#1151#3                                      117.256 	(obj:8e-05)
s#1151#4                                       67.387 	(obj:0.002445)
s#1152#0                                         56.8 	(obj:0.002197)
s#1152#1                                      215.506 	(obj:0.002331)
s#1152#2                                      167.301 	(obj:0.002262)
s#1152#3                                      117.286 	(obj:8e-05)
s#1152#4                                       67.453 	(obj:0.002445)
s#1153#0                                        56.85 	(obj:0.002197)
s#1153#1                                      215.576 	(obj:0.002331)
s#1153#2                                      167.321 	(obj:0.002262)
s#1153#3                                      117.316 	(obj:8e-05)
s#1153#4                                       67.503 	(obj:0.002445)
s#1154#0                                        56.88 	(obj:0.002197)
s#1154#1                                      215.576 	(obj:0.002331)
s#1154#2                                      167.321 	(obj:0.002262)
s#1154#3                                      117.376 	(obj:8e-05)
s#1154#4                                       67.754 	(obj:0.002445)
s#1155#0                                        56.93 	(obj:0.002197)
s#1155#1                                      215.616 	(obj:0.002331)
s#1155#2                                      167.421 	(obj:0.002262)
s#1155#3                                      117.466 	(obj:8e-05)
s#1155#4                                       67.815 	(obj:0.002445)
s#1156#0                                        56.93 	(obj:0.002197)
s#1156#1                                      215.626 	(obj:0.002331)
s#1156#2                                      167.461 	(obj:0.002262)
s#1156#3                                      117.526 	(obj:8e-05)
s#1156#4                                       67.929 	(obj:0.002445)
s#1157#0                                        57.04 	(obj:0.002197)
s#1157#1                                      215.636 	(obj:0.002331)
s#1157#2                                      167.501 	(obj:0.002262)
s#1157#3                                      117.586 	(obj:8e-05)
s#1157#4                                       67.931 	(obj:0.002445)
s#1158#0                                        57.09 	(obj:0.002197)
s#1158#1                                      215.656 	(obj:0.002331)
s#1158#2                                      167.761 	(obj:0.002262)
s#1158#3                                      117.696 	(obj:8e-05)
s#1158#4                                       67.958 	(obj:0.002445)
s#1159#0                                         57.1 	(obj:0.002197)
s#1159#1                                      215.676 	(obj:0.002331)
s#1159#2                                      167.811 	(obj:0.002262)
s#1159#3                                      117.766 	(obj:8e-05)
s#1159#4                                        67.96 	(obj:0.002445)
s#1160#0                                        57.13 	(obj:0.002197)
s#1160#1                                      215.696 	(obj:0.002331)
s#1160#2                                      167.841 	(obj:0.002262)
s#1160#3                                      117.796 	(obj:8e-05)
s#1160#4                                       68.065 	(obj:0.002445)
s#1161#0                                        57.14 	(obj:0.002197)
s#1161#1                                      215.746 	(obj:0.002331)
s#1161#2                                      167.841 	(obj:0.002262)
s#1161#3                                      117.916 	(obj:8e-05)
s#1161#4                                       68.212 	(obj:0.002445)
s#1162#0                                         57.2 	(obj:0.002197)
s#1162#1                                      215.806 	(obj:0.002331)
s#1162#2                                      167.891 	(obj:0.002262)
s#1162#3                                      117.956 	(obj:8e-05)
s#1162#4                                        68.24 	(obj:0.002445)
s#1163#0                                        57.27 	(obj:0.002197)
s#1163#1                                      215.886 	(obj:0.002331)
s#1163#2                                      167.941 	(obj:0.002262)
s#1163#3                                      118.036 	(obj:8e-05)
s#1163#4                                       68.271 	(obj:0.002445)
s#1164#0                                        57.27 	(obj:0.002197)
s#1164#1                                      215.956 	(obj:0.002331)
s#1164#2                                      168.151 	(obj:0.002262)
s#1164#3                                      118.046 	(obj:8e-05)
s#1164#4                                       68.273 	(obj:0.002445)
s#1165#0                                        57.28 	(obj:0.002197)
s#1165#1                                      216.046 	(obj:0.002331)
s#1165#2                                      168.171 	(obj:0.002262)
s#1165#3                                      118.086 	(obj:8e-05)
s#1165#4                                        68.29 	(obj:0.002445)
s#1166#0                                        57.31 	(obj:0.002197)
s#1166#1                                      216.076 	(obj:0.002331)
s#1166#2                                      168.461 	(obj:0.002262)
s#1166#3                                      118.116 	(obj:8e-05)
s#1166#4                                       68.371 	(obj:0.002445)
s#1167#0                                        57.47 	(obj:0.002197)
s#1167#1                                      216.086 	(obj:0.002331)
s#1167#2                                      168.531 	(obj:0.002262)
s#1167#3                                      118.146 	(obj:8e-05)
s#1167#4                                       68.474 	(obj:0.002445)
s#1168#0                                        57.47 	(obj:0.002197)
s#1168#1                                      216.116 	(obj:0.002331)
s#1168#2                                      168.591 	(obj:0.002262)
s#1168#3                                      118.196 	(obj:8e-05)
s#1168#4                                       68.589 	(obj:0.002445)
s#1169#0                                         57.5 	(obj:0.002197)
s#1169#1                                      216.146 	(obj:0.002331)
s#1169#2                                      168.601 	(obj:0.002262)
s#1169#3                                      118.266 	(obj:8e-05)
s#1169#4                                        68.59 	(obj:0.002445)
s#1170#0                                        57.56 	(obj:0.002197)
s#1170#1                                      216.336 	(obj:0.002331)
s#1170#2                                      168.771 	(obj:0.002262)
s#1170#3                                      118.306 	(obj:8e-05)
s#1170#4                                       68.694 	(obj:0.002445)
s#1171#0                                        57.62 	(obj:0.002197)
s#1171#1                                      216.406 	(obj:0.002331)
s#1171#2                                      168.831 	(obj:0.002262)
s#1171#3                                      118.316 	(obj:8e-05)
s#1171#4                             68.9909999999999 	(obj:0.002445)
s#1172#0                                        57.66 	(obj:0.002197)
s#1172#1                                      216.416 	(obj:0.002331)
s#1172#2                                      168.871 	(obj:0.002262)
s#1172#3                                      118.326 	(obj:8e-05)
s#1172#4                             69.1969999999999 	(obj:0.002445)
s#1173#0                                        57.67 	(obj:0.002197)
s#1173#1                                      216.426 	(obj:0.002331)
s#1173#2                                      168.911 	(obj:0.002262)
s#1173#3                                      118.336 	(obj:8e-05)
s#1173#4                                         69.2 	(obj:0.002445)
s#1174#0                                        57.67 	(obj:0.002197)
s#1174#1                                      216.516 	(obj:0.002331)
s#1174#2                                      169.051 	(obj:0.002262)
s#1174#3                                      118.376 	(obj:8e-05)
s#1174#4                             69.2679999999999 	(obj:0.002445)
s#1175#0                                        57.67 	(obj:0.002197)
s#1175#1                                      216.546 	(obj:0.002331)
s#1175#2                                      169.061 	(obj:0.002262)
s#1175#3                                      118.436 	(obj:8e-05)
s#1175#4                                       69.316 	(obj:0.002445)
s#1176#0                                        57.77 	(obj:0.002197)
s#1176#1                                      216.556 	(obj:0.002331)
s#1176#2                                      169.071 	(obj:0.002262)
s#1176#3                                      118.516 	(obj:8e-05)
s#1176#4                                       69.363 	(obj:0.002445)
s#1177#0                                         57.9 	(obj:0.002197)
s#1177#1                                      216.556 	(obj:0.002331)
s#1177#2                                      169.121 	(obj:0.002262)
s#1177#3                                      118.536 	(obj:8e-05)
s#1177#4                                       69.452 	(obj:0.002445)
s#1178#0                                        57.96 	(obj:0.002197)
s#1178#1                                      216.566 	(obj:0.002331)
s#1178#2                                      169.161 	(obj:0.002262)
s#1178#3                                      118.546 	(obj:8e-05)
s#1178#4                                       69.455 	(obj:0.002445)
s#1179#0                                        58.07 	(obj:0.002197)
s#1179#1                                      216.596 	(obj:0.002331)
s#1179#2                                      169.181 	(obj:0.002262)
s#1179#3                                      118.546 	(obj:8e-05)
s#1179#4                                       69.501 	(obj:0.002445)
s#1180#0                                        58.11 	(obj:0.002197)
s#1180#1                                      216.616 	(obj:0.002331)
s#1180#2                                      169.251 	(obj:0.002262)
s#1180#3                                      118.546 	(obj:8e-05)
s#1180#4                                       69.527 	(obj:0.002445)
s#1181#0                                        58.19 	(obj:0.002197)
s#1181#1                                      216.666 	(obj:0.002331)
s#1181#2                                      169.281 	(obj:0.002262)
s#1181#3                                      118.726 	(obj:8e-05)
s#1181#4                                       69.677 	(obj:0.002445)
s#1182#0                                        58.19 	(obj:0.002197)
s#1182#1                                      216.726 	(obj:0.002331)
s#1182#2                                      169.401 	(obj:0.002262)
s#1182#3                                      118.766 	(obj:8e-05)
s#1182#4                                       69.984 	(obj:0.002445)
s#1183#0                                        58.24 	(obj:0.002197)
s#1183#1                                      216.746 	(obj:0.002331)
s#1183#2                                      169.401 	(obj:0.002262)
s#1183#3                                      118.786 	(obj:8e-05)
s#1183#4                                       70.179 	(obj:0.002445)
s#1184#0                                        58.38 	(obj:0.002197)
s#1184#1                                      216.746 	(obj:0.002331)
s#1184#2                                      169.431 	(obj:0.002262)
s#1184#3                                      118.976 	(obj:8e-05)
s#1184#4                                       70.234 	(obj:0.002445)
s#1185#0                                        58.47 	(obj:0.002197)
s#1185#1                                      216.856 	(obj:0.002331)
s#1185#2                                      169.491 	(obj:0.002262)
s#1185#3                                      119.476 	(obj:8e-05)
s#1185#4                                       70.397 	(obj:0.002445)
s#1186#0                                        58.59 	(obj:0.002197)
s#1186#1                                      216.906 	(obj:0.002331)
s#1186#2                                      169.671 	(obj:0.002262)
s#1186#3                                      119.486 	(obj:8e-05)
s#1186#4                                       70.417 	(obj:0.002445)
s#1187#0                                        58.59 	(obj:0.002197)
s#1187#1                                      216.946 	(obj:0.002331)
s#1187#2                                      169.701 	(obj:0.002262)
s#1187#3                                      119.506 	(obj:8e-05)
s#1187#4                                       70.847 	(obj:0.002445)
s#1188#0                                        58.66 	(obj:0.002197)
s#1188#1                                      216.956 	(obj:0.002331)
s#1188#2                                      169.721 	(obj:0.002262)
s#1188#3                                      119.636 	(obj:8e-05)
s#1188#4                                       70.884 	(obj:0.002445)
s#1189#0                                        58.69 	(obj:0.002197)
s#1189#1                                      216.966 	(obj:0.002331)
s#1189#2                                      170.031 	(obj:0.002262)
s#1189#3                                      119.926 	(obj:8e-05)
s#1189#4                                       71.001 	(obj:0.002445)
s#1190#0                                        58.73 	(obj:0.002197)
s#1190#1                                      217.106 	(obj:0.002331)
s#1190#2                                      170.071 	(obj:0.002262)
s#1190#3                                      119.986 	(obj:8e-05)
s#1190#4                                       71.199 	(obj:0.002445)
s#1191#0                                        58.83 	(obj:0.002197)
s#1191#1                                      217.136 	(obj:0.002331)
s#1191#2                                      170.301 	(obj:0.002262)
s#1191#3                                      120.016 	(obj:8e-05)
s#1191#4                                       71.263 	(obj:0.002445)
s#1192#0                                        58.86 	(obj:0.002197)
s#1192#1                                      217.146 	(obj:0.002331)
s#1192#2                                      170.301 	(obj:0.002262)
s#1192#3                                      120.016 	(obj:8e-05)
s#1192#4                                       71.283 	(obj:0.002445)
s#1193#0                                        58.94 	(obj:0.002197)
s#1193#1                                      217.166 	(obj:0.002331)
s#1193#2                                      170.341 	(obj:0.002262)
s#1193#3                                      120.036 	(obj:8e-05)
s#1193#4                                       71.314 	(obj:0.002445)
s#1194#0                                        58.96 	(obj:0.002197)
s#1194#1                                      217.266 	(obj:0.002331)
s#1194#2                                      170.471 	(obj:0.002262)
s#1194#3                                      120.076 	(obj:8e-05)
s#1194#4                                       71.404 	(obj:0.002445)
s#1195#0                                        59.08 	(obj:0.002197)
s#1195#1                                      217.266 	(obj:0.002331)
s#1195#2                                      170.491 	(obj:0.002262)
s#1195#3                                      120.216 	(obj:8e-05)
s#1195#4                                       71.699 	(obj:0.002445)
s#1196#0                                        59.08 	(obj:0.002197)
s#1196#1                                      217.376 	(obj:0.002331)
s#1196#2                                      170.531 	(obj:0.002262)
s#1196#3                                      120.376 	(obj:8e-05)
s#1196#4                                       71.754 	(obj:0.002445)
s#1197#0                                         59.1 	(obj:0.002197)
s#1197#1                                      217.466 	(obj:0.002331)
s#1197#2                                      170.601 	(obj:0.002262)
s#1197#3                                      120.436 	(obj:8e-05)
s#1197#4                                       71.782 	(obj:0.002445)
s#1198#0                                        59.18 	(obj:0.002197)
s#1198#1                                      217.546 	(obj:0.002331)
s#1198#2                                      170.611 	(obj:0.002262)
s#1198#3                                      120.456 	(obj:8e-05)
s#1198#4                                       71.815 	(obj:0.002445)
s#1199#0                                        59.26 	(obj:0.002197)
s#1199#1                                      217.626 	(obj:0.002331)
s#1199#2                                      170.641 	(obj:0.002262)
s#1199#3                                      120.466 	(obj:8e-05)
s#1199#4                                       71.817 	(obj:0.002445)
s#1200#0                                        59.27 	(obj:0.002197)
s#1200#1                                      217.626 	(obj:0.002331)
s#1200#2                                      170.691 	(obj:0.002262)
s#1200#3                                      120.586 	(obj:8e-05)
s#1200#4                                       71.884 	(obj:0.002445)
s#1201#0                                         59.3 	(obj:0.002197)
s#1201#1                                      217.776 	(obj:0.002331)
s#1201#2                                      170.721 	(obj:0.002262)
s#1201#3                                      120.676 	(obj:8e-05)
s#1201#4                                       71.969 	(obj:0.002445)
s#1202#0                                         59.3 	(obj:0.002197)
s#1202#1                                      217.786 	(obj:0.002331)
s#1202#2                                      170.831 	(obj:0.002262)
s#1202#3                                      120.756 	(obj:8e-05)
s#1202#4                             72.5719999999999 	(obj:0.002445)
s#1203#0                                        59.33 	(obj:0.002197)
s#1203#1                                      217.836 	(obj:0.002331)
s#1203#2                                      170.931 	(obj:0.002262)
s#1203#3                                      120.926 	(obj:8e-05)
s#1203#4                                       72.578 	(obj:0.002445)
s#1204#0                                        59.44 	(obj:0.002197)
s#1204#1                                      217.886 	(obj:0.002331)
s#1204#2                                      171.001 	(obj:0.002262)
s#1204#3                                      121.036 	(obj:8e-05)
s#1204#4                                       72.711 	(obj:0.002445)
s#1205#0                                        59.45 	(obj:0.002197)
s#1205#1                                      217.946 	(obj:0.002331)
s#1205#2                                      171.071 	(obj:0.002262)
s#1205#3                                      121.126 	(obj:8e-05)
s#1205#4                                       72.739 	(obj:0.002445)
s#1206#0                                        59.47 	(obj:0.002197)
s#1206#1                                      217.976 	(obj:0.002331)
s#1206#2                                      171.071 	(obj:0.002262)
s#1206#3                                      121.176 	(obj:8e-05)
s#1206#4                                       72.883 	(obj:0.002445)
s#1207#0                                        59.49 	(obj:0.002197)
s#1207#1                                      218.096 	(obj:0.002331)
s#1207#2                                      171.241 	(obj:0.002262)
s#1207#3                                      121.216 	(obj:8e-05)
s#1207#4                                       73.059 	(obj:0.002445)
s#1208#0                                        59.51 	(obj:0.002197)
s#1208#1                                      218.096 	(obj:0.002331)
s#1208#2                                      171.341 	(obj:0.002262)
s#1208#3                                      121.266 	(obj:8e-05)
s#1208#4                                       73.075 	(obj:0.002445)
s#1209#0                                        59.55 	(obj:0.002197)
s#1209#1                                      218.116 	(obj:0.002331)
s#1209#2                                      171.461 	(obj:0.002262)
s#1209#3                                      121.366 	(obj:8e-05)
s#1209#4                                        73.08 	(obj:0.002445)
s#1210#0                                        59.64 	(obj:0.002197)
s#1210#1                                      218.126 	(obj:0.002331)
s#1210#2                                      171.541 	(obj:0.002262)
s#1210#3                                      121.516 	(obj:8e-05)
s#1210#4                                       73.093 	(obj:0.002445)
s#1211#0                                        59.72 	(obj:0.002197)
s#1211#1                                      218.166 	(obj:0.002331)
s#1211#2                                      171.631 	(obj:0.002262)
s#1211#3                                      121.556 	(obj:8e-05)
s#1211#4                                       73.526 	(obj:0.002445)
s#1212#0                                        59.72 	(obj:0.002197)
s#1212#1                                      218.176 	(obj:0.002331)
s#1212#2                                      171.651 	(obj:0.002262)
s#1212#3                                      121.646 	(obj:8e-05)
s#1212#4                                        73.53 	(obj:0.002445)
s#1213#0                                        59.76 	(obj:0.002197)
s#1213#1                                      218.206 	(obj:0.002331)
s#1213#2                                      171.681 	(obj:0.002262)
s#1213#3                                      121.656 	(obj:8e-05)
s#1213#4                                       73.578 	(obj:0.002445)
s#1214#0                                        59.81 	(obj:0.002197)
s#1214#1                                      218.246 	(obj:0.002331)
s#1214#2                                      171.741 	(obj:0.002262)
s#1214#3                                      121.776 	(obj:8e-05)
s#1214#4                                       73.612 	(obj:0.002445)
s#1215#0                                        59.93 	(obj:0.002197)
s#1215#1                                      218.326 	(obj:0.002331)
s#1215#2                                      171.771 	(obj:0.002262)
s#1215#3                                      121.806 	(obj:8e-05)
s#1215#4                                       73.633 	(obj:0.002445)
s#1216#0                                        59.93 	(obj:0.002197)
s#1216#1                                      218.416 	(obj:0.002331)
s#1216#2                                      171.861 	(obj:0.002262)
s#1216#3                                      121.816 	(obj:8e-05)
s#1216#4                                       73.637 	(obj:0.002445)
s#1217#0                                           60 	(obj:0.002197)
s#1217#1                                      218.546 	(obj:0.002331)
s#1217#2                                      171.871 	(obj:0.002262)
s#1217#3                                      121.836 	(obj:8e-05)
s#1217#4                                       73.698 	(obj:0.002445)
s#1218#0                                        60.01 	(obj:0.002197)
s#1218#1                                      218.556 	(obj:0.002331)
s#1218#2                                      171.881 	(obj:0.002262)
s#1218#3                                      121.876 	(obj:8e-05)
s#1218#4                                       73.794 	(obj:0.002445)
s#1219#0                                        60.04 	(obj:0.002197)
s#1219#1                                      218.696 	(obj:0.002331)
s#1219#2                                      171.991 	(obj:0.002262)
s#1219#3                                      122.166 	(obj:8e-05)
s#1219#4                                        73.84 	(obj:0.002445)
s#1220#0                                        60.06 	(obj:0.002197)
s#1220#1                                      218.716 	(obj:0.002331)
s#1220#2                                      172.011 	(obj:0.002262)
s#1220#3                                      122.196 	(obj:8e-05)
s#1220#4                                       74.039 	(obj:0.002445)
s#1221#0                                        60.07 	(obj:0.002197)
s#1221#1                                      218.776 	(obj:0.002331)
s#1221#2                                      172.081 	(obj:0.002262)
s#1221#3                                      122.296 	(obj:8e-05)
s#1221#4                                       74.237 	(obj:0.002445)
s#1222#0                                        60.11 	(obj:0.002197)
s#1222#1                                      218.986 	(obj:0.002331)
s#1222#2                                      172.121 	(obj:0.002262)
s#1222#3                                      122.776 	(obj:8e-05)
s#1222#4                                       74.266 	(obj:0.002445)
s#1223#0                                        60.16 	(obj:0.002197)
s#1223#1                                      219.056 	(obj:0.002331)
s#1223#2                                      172.181 	(obj:0.002262)
s#1223#3                                      122.896 	(obj:8e-05)
s#1223#4                             74.4639999999999 	(obj:0.002445)
s#1224#0                                        60.18 	(obj:0.002197)
s#1224#1                                      219.206 	(obj:0.002331)
s#1224#2                                      172.191 	(obj:0.002262)
s#1224#3                                      122.896 	(obj:8e-05)
s#1224#4                                       74.484 	(obj:0.002445)
s#1225#0                                         60.2 	(obj:0.002197)
s#1225#1                                      219.346 	(obj:0.002331)
s#1225#2                                      172.271 	(obj:0.002262)
s#1225#3                                      122.926 	(obj:8e-05)
s#1225#4                             74.6679999999999 	(obj:0.002445)
s#1226#0                                        60.28 	(obj:0.002197)
s#1226#1                                      219.356 	(obj:0.002331)
s#1226#2                                      172.291 	(obj:0.002262)
s#1226#3                                      123.016 	(obj:8e-05)
s#1226#4                                       74.712 	(obj:0.002445)
s#1227#0                                        60.33 	(obj:0.002197)
s#1227#1                                      219.386 	(obj:0.002331)
s#1227#2                                      172.331 	(obj:0.002262)
s#1227#3                                      123.086 	(obj:8e-05)
s#1227#4                                       74.729 	(obj:0.002445)
s#1228#0                                        60.35 	(obj:0.002197)
s#1228#1                                      219.486 	(obj:0.002331)
s#1228#2                                      172.411 	(obj:0.002262)
s#1228#3                                      123.176 	(obj:8e-05)
s#1228#4                                       74.777 	(obj:0.002445)
s#1229#0                                        60.39 	(obj:0.002197)
s#1229#1                                      219.526 	(obj:0.002331)
s#1229#2                                      172.421 	(obj:0.002262)
s#1229#3                                      123.206 	(obj:8e-05)
s#1229#4                                       75.017 	(obj:0.002445)
s#1230#0                                        60.41 	(obj:0.002197)
s#1230#1                                      219.596 	(obj:0.002331)
s#1230#2                                      172.501 	(obj:0.002262)
s#1230#3                                      123.246 	(obj:8e-05)
s#1230#4                                       75.154 	(obj:0.002445)
s#1231#0                                        60.46 	(obj:0.002197)
s#1231#1                                      219.636 	(obj:0.002331)
s#1231#2                                      172.691 	(obj:0.002262)
s#1231#3                                      123.266 	(obj:8e-05)
s#1231#4                             75.2479999999999 	(obj:0.002445)
s#1232#0                                        60.52 	(obj:0.002197)
s#1232#1                                      219.666 	(obj:0.002331)
s#1232#2                                      172.751 	(obj:0.002262)
s#1232#3                                      123.316 	(obj:8e-05)
s#1232#4                                        75.34 	(obj:0.002445)
s#1233#0                                        60.54 	(obj:0.002197)
s#1233#1                                      219.726 	(obj:0.002331)
s#1233#2                                      172.761 	(obj:0.002262)
s#1233#3                                      123.336 	(obj:8e-05)
s#1233#4                                       75.479 	(obj:0.002445)
s#1234#0                                        60.57 	(obj:0.002197)
s#1234#1                                      219.746 	(obj:0.002331)
s#1234#2                                      172.821 	(obj:0.002262)
s#1234#3                                      123.376 	(obj:8e-05)
s#1234#4                                       75.555 	(obj:0.002445)
s#1235#0                                        60.57 	(obj:0.002197)
s#1235#1                                      219.806 	(obj:0.002331)
s#1235#2                                      172.931 	(obj:0.002262)
s#1235#3                                      123.416 	(obj:8e-05)
s#1235#4                                       75.663 	(obj:0.002445)
s#1236#0                                        60.63 	(obj:0.002197)
s#1236#1                                      219.876 	(obj:0.002331)
s#1236#2                                      172.961 	(obj:0.002262)
s#1236#3                                      123.526 	(obj:8e-05)
s#1236#4                                       75.746 	(obj:0.002445)
s#1237#0                                        60.63 	(obj:0.002197)
s#1237#1                                      219.916 	(obj:0.002331)
s#1237#2                                      173.051 	(obj:0.002262)
s#1237#3                                      123.726 	(obj:8e-05)
s#1237#4                                       75.759 	(obj:0.002445)
s#1238#0                                        60.66 	(obj:0.002197)
s#1238#1                                      219.986 	(obj:0.002331)
s#1238#2                                      173.131 	(obj:0.002262)
s#1238#3                                      123.926 	(obj:8e-05)
s#1238#4                             75.7859999999999 	(obj:0.002445)
s#1239#0                                        60.68 	(obj:0.002197)
s#1239#1                                      220.016 	(obj:0.002331)
s#1239#2                                      173.191 	(obj:0.002262)
s#1239#3                                      123.956 	(obj:8e-05)
s#1239#4                                       75.786 	(obj:0.002445)
s#1240#0                                         61.1 	(obj:0.002197)
s#1240#1                                      220.026 	(obj:0.002331)
s#1240#2                                      173.271 	(obj:0.002262)
s#1240#3                                      124.056 	(obj:8e-05)
s#1240#4                                       75.842 	(obj:0.002445)
s#1241#0                                        61.13 	(obj:0.002197)
s#1241#1                                      220.106 	(obj:0.002331)
s#1241#2                                      173.381 	(obj:0.002262)
s#1241#3                                      124.166 	(obj:8e-05)
s#1241#4                                       75.854 	(obj:0.002445)
s#1242#0                                        61.13 	(obj:0.002197)
s#1242#1                                      220.186 	(obj:0.002331)
s#1242#2                                      173.401 	(obj:0.002262)
s#1242#3                                      124.216 	(obj:8e-05)
s#1242#4                                       75.858 	(obj:0.002445)
s#1243#0                                        61.14 	(obj:0.002197)
s#1243#1                                      220.226 	(obj:0.002331)
s#1243#2                                      173.441 	(obj:0.002262)
s#1243#3                                      124.226 	(obj:8e-05)
s#1243#4                                       76.064 	(obj:0.002445)
s#1244#0                                        61.18 	(obj:0.002197)
s#1244#1                                      220.306 	(obj:0.002331)
s#1244#2                                      173.481 	(obj:0.002262)
s#1244#3                                      124.236 	(obj:8e-05)
s#1244#4                                       76.122 	(obj:0.002445)
s#1245#0                                        61.24 	(obj:0.002197)
s#1245#1                                      220.346 	(obj:0.002331)
s#1245#2                                      173.521 	(obj:0.002262)
s#1245#3                                      124.306 	(obj:8e-05)
s#1245#4                                       76.131 	(obj:0.002445)
s#1246#0                                        61.25 	(obj:0.002197)
s#1246#1                                      220.366 	(obj:0.002331)
s#1246#2                                      173.561 	(obj:0.002262)
s#1246#3                                      124.446 	(obj:8e-05)
s#1246#4                                       76.369 	(obj:0.002445)
s#1247#0                                        61.31 	(obj:0.002197)
s#1247#1                                      220.376 	(obj:0.002331)
s#1247#2                                      173.711 	(obj:0.002262)
s#1247#3                                      124.446 	(obj:8e-05)
s#1247#4                                       76.567 	(obj:0.002445)
s#1248#0                                        61.38 	(obj:0.002197)
s#1248#1                                      220.406 	(obj:0.002331)
s#1248#2                                      173.711 	(obj:0.002262)
s#1248#3                                      124.466 	(obj:8e-05)
s#1248#4                                       76.583 	(obj:0.002445)
s#1249#0                                        61.41 	(obj:0.002197)
s#1249#1                                      220.496 	(obj:0.002331)
s#1249#2                                      173.831 	(obj:0.002262)
s#1249#3                                      124.576 	(obj:8e-05)
s#1249#4                                       76.622 	(obj:0.002445)
s#1250#0                                        61.51 	(obj:0.002197)
s#1250#1                                      220.546 	(obj:0.002331)
s#1250#2                                      173.831 	(obj:0.002262)
s#1250#3                                      124.696 	(obj:8e-05)
s#1250#4                                       76.714 	(obj:0.002445)
s#1251#0                                         61.6 	(obj:0.002197)
s#1251#1                                      220.576 	(obj:0.002331)
s#1251#2                                      173.851 	(obj:0.002262)
s#1251#3                                      124.916 	(obj:8e-05)
s#1251#4                                       76.716 	(obj:0.002445)
s#1252#0                                        61.61 	(obj:0.002197)
s#1252#1                                      220.886 	(obj:0.002331)
s#1252#2                                      173.861 	(obj:0.002262)
s#1252#3                                      125.096 	(obj:8e-05)
s#1252#4                                        76.72 	(obj:0.002445)
s#1253#0                                        61.66 	(obj:0.002197)
s#1253#1                                      220.906 	(obj:0.002331)
s#1253#2                                      173.861 	(obj:0.002262)
s#1253#3                                      125.116 	(obj:8e-05)
s#1253#4                                       76.742 	(obj:0.002445)
s#1254#0                                        61.81 	(obj:0.002197)
s#1254#1                                      220.926 	(obj:0.002331)
s#1254#2                                      173.951 	(obj:0.002262)
s#1254#3                                      125.116 	(obj:8e-05)
s#1254#4                                       76.754 	(obj:0.002445)
s#1255#0                                        61.82 	(obj:0.002197)
s#1255#1                                      221.056 	(obj:0.002331)
s#1255#2                                      173.991 	(obj:0.002262)
s#1255#3                                      125.116 	(obj:8e-05)
s#1255#4                                       76.769 	(obj:0.002445)
s#1256#0                                        61.85 	(obj:0.002197)
s#1256#1                                      221.116 	(obj:0.002331)
s#1256#2                                      174.001 	(obj:0.002262)
s#1256#3                                      125.196 	(obj:8e-05)
s#1256#4                                       76.772 	(obj:0.002445)
s#1257#0                                        61.96 	(obj:0.002197)
s#1257#1                                      221.156 	(obj:0.002331)
s#1257#2                                      174.081 	(obj:0.002262)
s#1257#3                                      125.386 	(obj:8e-05)
s#1257#4                                       76.801 	(obj:0.002445)
s#1258#0                                        62.13 	(obj:0.002197)
s#1258#1                                      221.156 	(obj:0.002331)
s#1258#2                                      174.311 	(obj:0.002262)
s#1258#3                                      125.546 	(obj:8e-05)
s#1258#4                                       76.824 	(obj:0.002445)
s#1259#0                                        62.26 	(obj:0.002197)
s#1259#1                                      221.226 	(obj:0.002331)
s#1259#2                                      174.321 	(obj:0.002262)
s#1259#3                                      125.566 	(obj:8e-05)
s#1259#4                                       76.859 	(obj:0.002445)
s#1260#0                                        62.31 	(obj:0.002197)
s#1260#1                                      221.326 	(obj:0.002331)
s#1260#2                                      174.331 	(obj:0.002262)
s#1260#3                                      125.586 	(obj:8e-05)
s#1260#4                                       76.875 	(obj:0.002445)
s#1261#0                                        62.33 	(obj:0.002197)
s#1261#1                                      221.546 	(obj:0.002331)
s#1261#2                                      174.351 	(obj:0.002262)
s#1261#3                                      125.676 	(obj:8e-05)
s#1261#4                                       76.896 	(obj:0.002445)
s#1262#0                                        62.34 	(obj:0.002197)
s#1262#1                                      221.546 	(obj:0.002331)
s#1262#2                                      174.351 	(obj:0.002262)
s#1262#3                                      125.706 	(obj:8e-05)
s#1262#4                                       76.899 	(obj:0.002445)
s#1263#0                                         62.4 	(obj:0.002197)
s#1263#1                                      221.596 	(obj:0.002331)
s#1263#2                                      174.371 	(obj:0.002262)
s#1263#3                                      125.756 	(obj:8e-05)
s#1263#4                                       76.934 	(obj:0.002445)
s#1264#0                                        62.42 	(obj:0.002197)
s#1264#1                                      221.616 	(obj:0.002331)
s#1264#2                                      174.431 	(obj:0.002262)
s#1264#3                                      125.816 	(obj:8e-05)
s#1264#4                                       77.009 	(obj:0.002445)
s#1265#0                                        62.43 	(obj:0.002197)
s#1265#1                                      221.746 	(obj:0.002331)
s#1265#2                                      174.441 	(obj:0.002262)
s#1265#3                                      125.856 	(obj:8e-05)
s#1265#4                                       77.087 	(obj:0.002445)
s#1266#0                                        62.45 	(obj:0.002197)
s#1266#1                                      221.786 	(obj:0.002331)
s#1266#2                                      174.601 	(obj:0.002262)
s#1266#3                                      125.946 	(obj:8e-05)
s#1266#4                                       77.212 	(obj:0.002445)
s#1267#0                                        62.48 	(obj:0.002197)
s#1267#1                                      221.806 	(obj:0.002331)
s#1267#2                                      174.611 	(obj:0.002262)
s#1267#3                                      126.026 	(obj:8e-05)
s#1267#4                                       77.265 	(obj:0.002445)
s#1268#0                                        62.48 	(obj:0.002197)
s#1268#1                                      221.806 	(obj:0.002331)
s#1268#2                                      174.701 	(obj:0.002262)
s#1268#3                                      126.146 	(obj:8e-05)
s#1268#4                                       77.491 	(obj:0.002445)
s#1269#0                                        62.65 	(obj:0.002197)
s#1269#1                                      221.876 	(obj:0.002331)
s#1269#2                                      174.721 	(obj:0.002262)
s#1269#3                                      126.176 	(obj:8e-05)
s#1269#4                                       77.532 	(obj:0.002445)
s#1270#0                                        62.69 	(obj:0.002197)
s#1270#1                                      221.966 	(obj:0.002331)
s#1270#2                                      174.751 	(obj:0.002262)
s#1270#3                                      126.176 	(obj:8e-05)
s#1270#4                                       77.559 	(obj:0.002445)
s#1271#0                                        62.72 	(obj:0.002197)
s#1271#1                                      222.016 	(obj:0.002331)
s#1271#2                                      174.831 	(obj:0.002262)
s#1271#3                                      126.276 	(obj:8e-05)
s#1271#4                                       77.929 	(obj:0.002445)
s#1272#0                                        62.76 	(obj:0.002197)
s#1272#1                                      222.046 	(obj:0.002331)
s#1272#2                                      174.841 	(obj:0.002262)
s#1272#3                                      126.306 	(obj:8e-05)
s#1272#4                                       78.169 	(obj:0.002445)
s#1273#0                                        62.78 	(obj:0.002197)
s#1273#1                                      222.106 	(obj:0.002331)
s#1273#2                                      175.011 	(obj:0.002262)
s#1273#3                                      126.386 	(obj:8e-05)
s#1273#4                                       78.526 	(obj:0.002445)
s#1274#0                                        62.79 	(obj:0.002197)
s#1274#1                                      222.196 	(obj:0.002331)
s#1274#2                                      175.031 	(obj:0.002262)
s#1274#3                                      126.506 	(obj:8e-05)
s#1274#4                                       78.564 	(obj:0.002445)
s#1275#0                                        62.79 	(obj:0.002197)
s#1275#1                                      222.216 	(obj:0.002331)
s#1275#2                                      175.261 	(obj:0.002262)
s#1275#3                                      126.576 	(obj:8e-05)
s#1275#4                                       78.768 	(obj:0.002445)
s#1276#0                                        62.81 	(obj:0.002197)
s#1276#1                                      222.256 	(obj:0.002331)
s#1276#2                                      175.281 	(obj:0.002262)
s#1276#3                                      126.586 	(obj:8e-05)
s#1276#4                                       78.784 	(obj:0.002445)
s#1277#0                                        63.21 	(obj:0.002197)
s#1277#1                                      222.376 	(obj:0.002331)
s#1277#2                                      175.331 	(obj:0.002262)
s#1277#3                                      126.936 	(obj:8e-05)
s#1277#4                                       79.051 	(obj:0.002445)
s#1278#0                                        63.24 	(obj:0.002197)
s#1278#1                                      222.376 	(obj:0.002331)
s#1278#2                                      175.371 	(obj:0.002262)
s#1278#3                                      126.976 	(obj:8e-05)
s#1278#4                                       79.093 	(obj:0.002445)
s#1279#0                                        63.33 	(obj:0.002197)
s#1279#1                                      222.376 	(obj:0.002331)
s#1279#2                                      175.451 	(obj:0.002262)
s#1279#3                                      127.046 	(obj:8e-05)
s#1279#4                                       79.119 	(obj:0.002445)
s#1280#0                                        63.36 	(obj:0.002197)
s#1280#1                                      222.386 	(obj:0.002331)
s#1280#2                                      175.581 	(obj:0.002262)
s#1280#3                                      127.366 	(obj:8e-05)
s#1280#4                                       79.158 	(obj:0.002445)
s#1281#0                                        63.42 	(obj:0.002197)
s#1281#1                                      222.516 	(obj:0.002331)
s#1281#2                                      175.591 	(obj:0.002262)
s#1281#3                                      127.366 	(obj:8e-05)
s#1281#4                                       79.266 	(obj:0.002445)
s#1282#0                                        63.43 	(obj:0.002197)
s#1282#1                                      222.586 	(obj:0.002331)
s#1282#2                                      175.661 	(obj:0.002262)
s#1282#3                                      127.716 	(obj:8e-05)
s#1282#4                                       79.354 	(obj:0.002445)
s#1283#0                                        63.44 	(obj:0.002197)
s#1283#1                                      222.646 	(obj:0.002331)
s#1283#2                                      175.891 	(obj:0.002262)
s#1283#3                                      127.746 	(obj:8e-05)
s#1283#4                                       79.387 	(obj:0.002445)
s#1284#0                                        63.55 	(obj:0.002197)
s#1284#1                                      222.716 	(obj:0.002331)
s#1284#2                                      175.901 	(obj:0.002262)
s#1284#3                                      127.816 	(obj:8e-05)
s#1284#4                                       79.445 	(obj:0.002445)
s#1285#0                                        63.55 	(obj:0.002197)
s#1285#1                                      222.756 	(obj:0.002331)
s#1285#2                                      175.941 	(obj:0.002262)
s#1285#3                                      127.836 	(obj:8e-05)
s#1285#4                                       79.464 	(obj:0.002445)
s#1286#0                                        63.61 	(obj:0.002197)
s#1286#1                                      222.766 	(obj:0.002331)
s#1286#2                                      176.001 	(obj:0.002262)
s#1286#3                                      127.856 	(obj:8e-05)
s#1286#4                                       79.515 	(obj:0.002445)
s#1287#0                                        63.62 	(obj:0.002197)
s#1287#1                                      222.866 	(obj:0.002331)
s#1287#2                                      176.011 	(obj:0.002262)
s#1287#3                                      127.986 	(obj:8e-05)
s#1287#4                                       79.569 	(obj:0.002445)
s#1288#0                                        63.64 	(obj:0.002197)
s#1288#1                                      222.946 	(obj:0.002331)
s#1288#2                                      176.091 	(obj:0.002262)
s#1288#3                                      128.016 	(obj:8e-05)
s#1288#4                                       79.747 	(obj:0.002445)
s#1289#0                                        63.71 	(obj:0.002197)
s#1289#1                                      222.976 	(obj:0.002331)
s#1289#2                                      176.141 	(obj:0.002262)
s#1289#3                                      128.286 	(obj:8e-05)
s#1289#4                                       79.785 	(obj:0.002445)
s#1290#0                                        63.71 	(obj:0.002197)
s#1290#1                                      223.036 	(obj:0.002331)
s#1290#2                                      176.181 	(obj:0.002262)
s#1290#3                                      128.406 	(obj:8e-05)
s#1290#4                                       79.838 	(obj:0.002445)
s#1291#0                                        63.72 	(obj:0.002197)
s#1291#1                                      223.206 	(obj:0.002331)
s#1291#2                                      176.201 	(obj:0.002262)
s#1291#3                                      128.436 	(obj:8e-05)
s#1291#4                                       79.891 	(obj:0.002445)
s#1292#0                                        63.75 	(obj:0.002197)
s#1292#1                                      223.276 	(obj:0.002331)
s#1292#2                                      176.221 	(obj:0.002262)
s#1292#3                                      128.576 	(obj:8e-05)
s#1292#4                                       79.891 	(obj:0.002445)
s#1293#0                                         63.8 	(obj:0.002197)
s#1293#1                                      223.316 	(obj:0.002331)
s#1293#2                                      176.271 	(obj:0.002262)
s#1293#3                                      128.726 	(obj:8e-05)
s#1293#4                                        79.94 	(obj:0.002445)
s#1294#0                                        63.82 	(obj:0.002197)
s#1294#1                                      223.336 	(obj:0.002331)
s#1294#2                                      176.371 	(obj:0.002262)
s#1294#3                                      128.816 	(obj:8e-05)
s#1294#4                                       79.984 	(obj:0.002445)
s#1295#0                                         63.9 	(obj:0.002197)
s#1295#1                                      223.376 	(obj:0.002331)
s#1295#2                                      176.371 	(obj:0.002262)
s#1295#3                                      128.856 	(obj:8e-05)
s#1295#4                                       80.113 	(obj:0.002445)
s#1296#0                                        63.97 	(obj:0.002197)
s#1296#1                                      223.436 	(obj:0.002331)
s#1296#2                                      176.401 	(obj:0.002262)
s#1296#3                                      128.916 	(obj:8e-05)
s#1296#4                                       80.137 	(obj:0.002445)
s#1297#0                                        63.99 	(obj:0.002197)
s#1297#1                                      223.546 	(obj:0.002331)
s#1297#2                                      176.471 	(obj:0.002262)
s#1297#3                                      128.966 	(obj:8e-05)
s#1297#4                                       80.157 	(obj:0.002445)
s#1298#0                                        64.01 	(obj:0.002197)
s#1298#1                                      223.586 	(obj:0.002331)
s#1298#2                                      176.491 	(obj:0.002262)
s#1298#3                                      128.986 	(obj:8e-05)
s#1298#4                                       80.312 	(obj:0.002445)
s#1299#0                                         64.1 	(obj:0.002197)
s#1299#1                                      223.646 	(obj:0.002331)
s#1299#2                                      176.621 	(obj:0.002262)
s#1299#3                                      129.096 	(obj:8e-05)
s#1299#4                                       80.496 	(obj:0.002445)
s#1300#0                                        64.11 	(obj:0.002197)
s#1300#1                                      223.716 	(obj:0.002331)
s#1300#2                                      176.681 	(obj:0.002262)
s#1300#3                                      129.196 	(obj:8e-05)
s#1300#4                                        80.59 	(obj:0.002445)
s#1301#0                                        64.12 	(obj:0.002197)
s#1301#1                                      223.716 	(obj:0.002331)
s#1301#2                                      176.741 	(obj:0.002262)
s#1301#3                                      129.376 	(obj:8e-05)
s#1301#4                                       80.633 	(obj:0.002445)
s#1302#0                                        64.15 	(obj:0.002197)
s#1302#1                                      223.726 	(obj:0.002331)
s#1302#2                                      176.751 	(obj:0.002262)
s#1302#3                                      129.496 	(obj:8e-05)
s#1302#4                                       80.696 	(obj:0.002445)
s#1303#0                                        64.19 	(obj:0.002197)
s#1303#1                                      223.736 	(obj:0.002331)
s#1303#2                                      176.751 	(obj:0.002262)
s#1303#3                                      129.586 	(obj:8e-05)
s#1303#4                                       80.737 	(obj:0.002445)
s#1304#0                                        64.26 	(obj:0.002197)
s#1304#1                                      223.876 	(obj:0.002331)
s#1304#2                                      176.751 	(obj:0.002262)
s#1304#3                                      129.596 	(obj:8e-05)
s#1304#4                                       80.892 	(obj:0.002445)
s#1305#0                                        64.31 	(obj:0.002197)
s#1305#1                                      223.886 	(obj:0.002331)
s#1305#2                                      176.761 	(obj:0.002262)
s#1305#3                                      129.676 	(obj:8e-05)
s#1305#4                                       80.906 	(obj:0.002445)
s#1306#0                                        64.33 	(obj:0.002197)
s#1306#1                                      223.946 	(obj:0.002331)
s#1306#2                                      176.791 	(obj:0.002262)
s#1306#3                                      129.716 	(obj:8e-05)
s#1306#4                             80.9709999999999 	(obj:0.002445)
s#1307#0                                        64.39 	(obj:0.002197)
s#1307#1                                      224.106 	(obj:0.002331)
s#1307#2                                      176.841 	(obj:0.002262)
s#1307#3                                      129.966 	(obj:8e-05)
s#1307#4                                       81.209 	(obj:0.002445)
s#1308#0                                        64.39 	(obj:0.002197)
s#1308#1                                      224.136 	(obj:0.002331)
s#1308#2                                      176.851 	(obj:0.002262)
s#1308#3                                      130.556 	(obj:8e-05)
s#1308#4                                       81.218 	(obj:0.002445)
s#1309#0                                         64.4 	(obj:0.002197)
s#1309#1                                      224.146 	(obj:0.002331)
s#1309#2                                      176.891 	(obj:0.002262)
s#1309#3                                      130.566 	(obj:8e-05)
s#1309#4                                        81.35 	(obj:0.002445)
s#1310#0                                        64.41 	(obj:0.002197)
s#1310#1                                      224.176 	(obj:0.002331)
s#1310#2                                      177.001 	(obj:0.002262)
s#1310#3                                      130.596 	(obj:8e-05)
s#1310#4                                       81.387 	(obj:0.002445)
s#1311#0                                        64.41 	(obj:0.002197)
s#1311#1                                      224.176 	(obj:0.002331)
s#1311#2                                      177.071 	(obj:0.002262)
s#1311#3                                      130.706 	(obj:8e-05)
s#1311#4                                       81.402 	(obj:0.002445)
s#1312#0                                        64.44 	(obj:0.002197)
s#1312#1                                      224.186 	(obj:0.002331)
s#1312#2                                      177.121 	(obj:0.002262)
s#1312#3                                      130.806 	(obj:8e-05)
s#1312#4                                       81.537 	(obj:0.002445)
s#1313#0                                        64.52 	(obj:0.002197)
s#1313#1                                      224.226 	(obj:0.002331)
s#1313#2                                      177.161 	(obj:0.002262)
s#1313#3                                      130.906 	(obj:8e-05)
s#1313#4                                       81.573 	(obj:0.002445)
s#1314#0                                        64.53 	(obj:0.002197)
s#1314#1                                      224.276 	(obj:0.002331)
s#1314#2                                      177.251 	(obj:0.002262)
s#1314#3                                      130.926 	(obj:8e-05)
s#1314#4                                       81.636 	(obj:0.002445)
s#1315#0                                        64.67 	(obj:0.002197)
s#1315#1                                      224.286 	(obj:0.002331)
s#1315#2                                      177.481 	(obj:0.002262)
s#1315#3                                      130.956 	(obj:8e-05)
s#1315#4                                       81.766 	(obj:0.002445)
s#1316#0                                        64.67 	(obj:0.002197)
s#1316#1                                      224.356 	(obj:0.002331)
s#1316#2                                      177.561 	(obj:0.002262)
s#1316#3                                      131.016 	(obj:8e-05)
s#1316#4                                       81.886 	(obj:0.002445)
s#1317#0                                         64.7 	(obj:0.002197)
s#1317#1                                      224.386 	(obj:0.002331)
s#1317#2                                      177.571 	(obj:0.002262)
s#1317#3                                      131.146 	(obj:8e-05)
s#1317#4                                       81.948 	(obj:0.002445)
s#1318#0                                        64.81 	(obj:0.002197)
s#1318#1                                      224.426 	(obj:0.002331)
s#1318#2                                      177.591 	(obj:0.002262)
s#1318#3                                      131.216 	(obj:8e-05)
s#1318#4                                       81.969 	(obj:0.002445)
s#1319#0                                        64.82 	(obj:0.002197)
s#1319#1                                      224.466 	(obj:0.002331)
s#1319#2                                      177.621 	(obj:0.002262)
s#1319#3                                      131.266 	(obj:8e-05)
s#1319#4                                       82.001 	(obj:0.002445)
s#1320#0                                        64.83 	(obj:0.002197)
s#1320#1                                      224.526 	(obj:0.002331)
s#1320#2                                      177.661 	(obj:0.002262)
s#1320#3                                      131.316 	(obj:8e-05)
s#1320#4                                       82.045 	(obj:0.002445)
s#1321#0                                        64.88 	(obj:0.002197)
s#1321#1                                      224.546 	(obj:0.002331)
s#1321#2                                      177.871 	(obj:0.002262)
s#1321#3                                      131.396 	(obj:8e-05)
s#1321#4                                       82.046 	(obj:0.002445)
s#1322#0                                        64.89 	(obj:0.002197)
s#1322#1                                      224.576 	(obj:0.002331)
s#1322#2                                      177.891 	(obj:0.002262)
s#1322#3                                      131.396 	(obj:8e-05)
s#1322#4                                       82.169 	(obj:0.002445)
s#1323#0                                        64.99 	(obj:0.002197)
s#1323#1                                      224.656 	(obj:0.002331)
s#1323#2                                      177.901 	(obj:0.002262)
s#1323#3                                      131.466 	(obj:8e-05)
s#1323#4                                       82.253 	(obj:0.002445)
s#1324#0                                        65.02 	(obj:0.002197)
s#1324#1                                      224.716 	(obj:0.002331)
s#1324#2                                      177.911 	(obj:0.002262)
s#1324#3                                      131.486 	(obj:8e-05)
s#1324#4                                       82.266 	(obj:0.002445)
s#1325#0                                         65.1 	(obj:0.002197)
s#1325#1                                      224.826 	(obj:0.002331)
s#1325#2                                      177.921 	(obj:0.002262)
s#1325#3                                      131.516 	(obj:8e-05)
s#1325#4                                       82.346 	(obj:0.002445)
s#1326#0                                        65.21 	(obj:0.002197)
s#1326#1                                      225.216 	(obj:0.002331)
s#1326#2                                      178.091 	(obj:0.002262)
s#1326#3                                      131.576 	(obj:8e-05)
s#1326#4                                       82.377 	(obj:0.002445)
s#1327#0                                        65.23 	(obj:0.002197)
s#1327#1                                      225.356 	(obj:0.002331)
s#1327#2                                      178.111 	(obj:0.002262)
s#1327#3                                      131.686 	(obj:8e-05)
s#1327#4                                       82.534 	(obj:0.002445)
s#1328#0                                        65.28 	(obj:0.002197)
s#1328#1                                      225.386 	(obj:0.002331)
s#1328#2                                      178.121 	(obj:0.002262)
s#1328#3                                      131.846 	(obj:8e-05)
s#1328#4                                       82.592 	(obj:0.002445)
s#1329#0                                        65.34 	(obj:0.002197)
s#1329#1                                      225.426 	(obj:0.002331)
s#1329#2                                      178.261 	(obj:0.002262)
s#1329#3                                      131.846 	(obj:8e-05)
s#1329#4                                       82.672 	(obj:0.002445)
s#1330#0                                        65.38 	(obj:0.002197)
s#1330#1                                      225.536 	(obj:0.002331)
s#1330#2                                      178.361 	(obj:0.002262)
s#1330#3                                      131.926 	(obj:8e-05)
s#1330#4                                       82.695 	(obj:0.002445)
s#1331#0                                        65.38 	(obj:0.002197)
s#1331#1                                      225.566 	(obj:0.002331)
s#1331#2                                      178.421 	(obj:0.002262)
s#1331#3                                      132.036 	(obj:8e-05)
s#1331#4                                       82.717 	(obj:0.002445)
s#1332#0                                        65.48 	(obj:0.002197)
s#1332#1                                      225.566 	(obj:0.002331)
s#1332#2                                      178.601 	(obj:0.002262)
s#1332#3                                      132.056 	(obj:8e-05)
s#1332#4                                       82.728 	(obj:0.002445)
s#1333#0                                         65.5 	(obj:0.002197)
s#1333#1                                      225.576 	(obj:0.002331)
s#1333#2                                      178.681 	(obj:0.002262)
s#1333#3                                      132.096 	(obj:8e-05)
s#1333#4                                       83.064 	(obj:0.002445)
s#1334#0                                         65.6 	(obj:0.002197)
s#1334#1                                      225.576 	(obj:0.002331)
s#1334#2                                      178.761 	(obj:0.002262)
s#1334#3                                      132.096 	(obj:8e-05)
s#1334#4                                       83.124 	(obj:0.002445)
s#1335#0                                        65.62 	(obj:0.002197)
s#1335#1                                      225.736 	(obj:0.002331)
s#1335#2                                      178.771 	(obj:0.002262)
s#1335#3                                      132.126 	(obj:8e-05)
s#1335#4                                       83.133 	(obj:0.002445)
s#1336#0                                        65.63 	(obj:0.002197)
s#1336#1                                      225.756 	(obj:0.002331)
s#1336#2                                      178.841 	(obj:0.002262)
s#1336#3                                      132.126 	(obj:8e-05)
s#1336#4                                       83.144 	(obj:0.002445)
s#1337#0                                        65.66 	(obj:0.002197)
s#1337#1                                      225.786 	(obj:0.002331)
s#1337#2                                      178.921 	(obj:0.002262)
s#1337#3                                      132.256 	(obj:8e-05)
s#1337#4                                       83.161 	(obj:0.002445)
s#1338#0                                        65.79 	(obj:0.002197)
s#1338#1                                      225.896 	(obj:0.002331)
s#1338#2                                      178.971 	(obj:0.002262)
s#1338#3                                      132.456 	(obj:8e-05)
s#1338#4                                       83.193 	(obj:0.002445)
s#1339#0                                        65.88 	(obj:0.002197)
s#1339#1                                      226.066 	(obj:0.002331)
s#1339#2                                      178.991 	(obj:0.002262)
s#1339#3                                      132.646 	(obj:8e-05)
s#1339#4                                       83.361 	(obj:0.002445)
s#1340#0                                        66.07 	(obj:0.002197)
s#1340#1                                      226.196 	(obj:0.002331)
s#1340#2                                      179.021 	(obj:0.002262)
s#1340#3                                      132.666 	(obj:8e-05)
s#1340#4                                       83.591 	(obj:0.002445)
s#1341#0                                        66.13 	(obj:0.002197)
s#1341#1                                      226.306 	(obj:0.002331)
s#1341#2                                      179.071 	(obj:0.002262)
s#1341#3                                      132.826 	(obj:8e-05)
s#1341#4                                       83.716 	(obj:0.002445)
s#1342#0                                        66.17 	(obj:0.002197)
s#1342#1                                      226.306 	(obj:0.002331)
s#1342#2                                      179.241 	(obj:0.002262)
s#1342#3                                      132.826 	(obj:8e-05)
s#1342#4                                       83.787 	(obj:0.002445)
s#1343#0                                        66.32 	(obj:0.002197)
s#1343#1                                      226.426 	(obj:0.002331)
s#1343#2                                      179.251 	(obj:0.002262)
s#1343#3                                      132.866 	(obj:8e-05)
s#1343#4                             83.8279999999999 	(obj:0.002445)
s#1344#0                                        66.35 	(obj:0.002197)
s#1344#1                                      226.506 	(obj:0.002331)
s#1344#2                                      179.301 	(obj:0.002262)
s#1344#3                                      133.016 	(obj:8e-05)
s#1344#4                                       83.876 	(obj:0.002445)
s#1345#0                                        66.35 	(obj:0.002197)
s#1345#1                                      226.576 	(obj:0.002331)
s#1345#2                                      179.371 	(obj:0.002262)
s#1345#3                                      133.186 	(obj:8e-05)
s#1345#4                                       83.958 	(obj:0.002445)
s#1346#0                                        66.37 	(obj:0.002197)
s#1346#1                                      226.636 	(obj:0.002331)
s#1346#2                                      179.441 	(obj:0.002262)
s#1346#3                                      133.346 	(obj:8e-05)
s#1346#4                                       84.087 	(obj:0.002445)
s#1347#0                                        66.38 	(obj:0.002197)
s#1347#1                                      226.686 	(obj:0.002331)
s#1347#2                                      179.611 	(obj:0.002262)
s#1347#3                                      133.456 	(obj:8e-05)
s#1347#4                                       84.147 	(obj:0.002445)
s#1348#0                                        66.41 	(obj:0.002197)
s#1348#1                                      226.746 	(obj:0.002331)
s#1348#2                                      179.671 	(obj:0.002262)
s#1348#3                                      133.536 	(obj:8e-05)
s#1348#4                                       84.442 	(obj:0.002445)
s#1349#0                                        66.48 	(obj:0.002197)
s#1349#1                                      226.816 	(obj:0.002331)
s#1349#2                                      179.751 	(obj:0.002262)
s#1349#3                                      133.666 	(obj:8e-05)
s#1349#4                                       84.526 	(obj:0.002445)
s#1350#0                                        66.49 	(obj:0.002197)
s#1350#1                                      226.876 	(obj:0.002331)
s#1350#2                                      179.831 	(obj:0.002262)
s#1350#3                                      133.676 	(obj:8e-05)
s#1350#4                                       84.556 	(obj:0.002445)
s#1351#0                                        66.53 	(obj:0.002197)
s#1351#1                                      226.896 	(obj:0.002331)
s#1351#2                                      179.971 	(obj:0.002262)
s#1351#3                                      133.766 	(obj:8e-05)
s#1351#4                                         84.6 	(obj:0.002445)
s#1352#0                                        66.58 	(obj:0.002197)
s#1352#1                                      226.906 	(obj:0.002331)
s#1352#2                                      180.101 	(obj:0.002262)
s#1352#3                                      133.826 	(obj:8e-05)
s#1352#4                                        84.66 	(obj:0.002445)
s#1353#0                                         66.6 	(obj:0.002197)
s#1353#1                                      226.936 	(obj:0.002331)
s#1353#2                                      180.221 	(obj:0.002262)
s#1353#3                                      133.876 	(obj:8e-05)
s#1353#4                                       84.742 	(obj:0.002445)
s#1354#0                                        66.64 	(obj:0.002197)
s#1354#1                                      226.946 	(obj:0.002331)
s#1354#2                                      180.291 	(obj:0.002262)
s#1354#3                                      134.066 	(obj:8e-05)
s#1354#4                                       84.855 	(obj:0.002445)
s#1355#0                                        66.71 	(obj:0.002197)
s#1355#1                                      227.046 	(obj:0.002331)
s#1355#2                                      180.381 	(obj:0.002262)
s#1355#3                                      134.106 	(obj:8e-05)
s#1355#4                                       84.893 	(obj:0.002445)
s#1356#0                                        66.82 	(obj:0.002197)
s#1356#1                                      227.046 	(obj:0.002331)
s#1356#2                                      180.471 	(obj:0.002262)
s#1356#3                                      134.106 	(obj:8e-05)
s#1356#4                                        84.92 	(obj:0.002445)
s#1357#0                                        66.83 	(obj:0.002197)
s#1357#1                                      227.146 	(obj:0.002331)
s#1357#2                                      180.581 	(obj:0.002262)
s#1357#3                                      134.206 	(obj:8e-05)
s#1357#4                                       85.153 	(obj:0.002445)
s#1358#0                                        66.89 	(obj:0.002197)
s#1358#1                                      227.316 	(obj:0.002331)
s#1358#2                                      180.611 	(obj:0.002262)
s#1358#3                                      134.426 	(obj:8e-05)
s#1358#4                                       85.462 	(obj:0.002445)
s#1359#0                                        66.95 	(obj:0.002197)
s#1359#1                                      227.356 	(obj:0.002331)
s#1359#2                                      180.621 	(obj:0.002262)
s#1359#3                                      134.426 	(obj:8e-05)
s#1359#4                                       85.623 	(obj:0.002445)
s#1360#0                                        67.01 	(obj:0.002197)
s#1360#1                                      227.396 	(obj:0.002331)
s#1360#2                                      180.631 	(obj:0.002262)
s#1360#3                                      134.426 	(obj:8e-05)
s#1360#4                             85.6619999999999 	(obj:0.002445)
s#1361#0                                        67.03 	(obj:0.002197)
s#1361#1                                      227.416 	(obj:0.002331)
s#1361#2                                      180.661 	(obj:0.002262)
s#1361#3                                      134.446 	(obj:8e-05)
s#1361#4                                       85.907 	(obj:0.002445)
s#1362#0                                        67.09 	(obj:0.002197)
s#1362#1                                      227.476 	(obj:0.002331)
s#1362#2                                      180.711 	(obj:0.002262)
s#1362#3                                      134.626 	(obj:8e-05)
s#1362#4                                       85.908 	(obj:0.002445)
s#1363#0                                        67.22 	(obj:0.002197)
s#1363#1                                      227.516 	(obj:0.002331)
s#1363#2                                      180.731 	(obj:0.002262)
s#1363#3                                      134.636 	(obj:8e-05)
s#1363#4                                        85.97 	(obj:0.002445)
s#1364#0                                        67.22 	(obj:0.002197)
s#1364#1                                      227.516 	(obj:0.002331)
s#1364#2                                      180.731 	(obj:0.002262)
s#1364#3                                      134.696 	(obj:8e-05)
s#1364#4                                       86.294 	(obj:0.002445)
s#1365#0                                        67.28 	(obj:0.002197)
s#1365#1                                      227.526 	(obj:0.002331)
s#1365#2                                      180.841 	(obj:0.002262)
s#1365#3                                      134.706 	(obj:8e-05)
s#1365#4                                         86.3 	(obj:0.002445)
s#1366#0                                        67.33 	(obj:0.002197)
s#1366#1                                      227.606 	(obj:0.002331)
s#1366#2                                      180.851 	(obj:0.002262)
s#1366#3                                      134.736 	(obj:8e-05)
s#1366#4                                       86.471 	(obj:0.002445)
s#1367#0                                         67.4 	(obj:0.002197)
s#1367#1                                      227.666 	(obj:0.002331)
s#1367#2                                      180.911 	(obj:0.002262)
s#1367#3                                      134.736 	(obj:8e-05)
s#1367#4                                       86.552 	(obj:0.002445)
s#1368#0                                        67.48 	(obj:0.002197)
s#1368#1                                      227.686 	(obj:0.002331)
s#1368#2                                      180.961 	(obj:0.002262)
s#1368#3                                      134.806 	(obj:8e-05)
s#1368#4                                        86.59 	(obj:0.002445)
s#1369#0                                        67.57 	(obj:0.002197)
s#1369#1                                      227.806 	(obj:0.002331)
s#1369#2                                      181.091 	(obj:0.002262)
s#1369#3                                      134.896 	(obj:8e-05)
s#1369#4                                       86.652 	(obj:0.002445)
s#1370#0                                        67.68 	(obj:0.002197)
s#1370#1                                      227.936 	(obj:0.002331)
s#1370#2                                      181.131 	(obj:0.002262)
s#1370#3                                      134.956 	(obj:8e-05)
s#1370#4                                       86.676 	(obj:0.002445)
s#1371#0                                        67.68 	(obj:0.002197)
s#1371#1                                      228.056 	(obj:0.002331)
s#1371#2                                      181.181 	(obj:0.002262)
s#1371#3                                      135.066 	(obj:8e-05)
s#1371#4                                       86.881 	(obj:0.002445)
s#1372#0                                        67.75 	(obj:0.002197)
s#1372#1                                      228.086 	(obj:0.002331)
s#1372#2                                      181.251 	(obj:0.002262)
s#1372#3                                      135.106 	(obj:8e-05)
s#1372#4                                       86.907 	(obj:0.002445)
s#1373#0                                        67.87 	(obj:0.002197)
s#1373#1                                      228.136 	(obj:0.002331)
s#1373#2                                      181.351 	(obj:0.002262)
s#1373#3                                      135.186 	(obj:8e-05)
s#1373#4                                       86.945 	(obj:0.002445)
s#1374#0                                         67.9 	(obj:0.002197)
s#1374#1                                      228.316 	(obj:0.002331)
s#1374#2                                      181.371 	(obj:0.002262)
s#1374#3                                      135.196 	(obj:8e-05)
s#1374#4                                        87.08 	(obj:0.002445)
s#1375#0                                        67.91 	(obj:0.002197)
s#1375#1                                      228.446 	(obj:0.002331)
s#1375#2                                      181.391 	(obj:0.002262)
s#1375#3                                      135.196 	(obj:8e-05)
s#1375#4                                       87.308 	(obj:0.002445)
s#1376#0                                        67.98 	(obj:0.002197)
s#1376#1                                      228.456 	(obj:0.002331)
s#1376#2                                      181.531 	(obj:0.002262)
s#1376#3                                      135.246 	(obj:8e-05)
s#1376#4                                       87.488 	(obj:0.002445)
s#1377#0                                        68.02 	(obj:0.002197)
s#1377#1                                      228.466 	(obj:0.002331)
s#1377#2                                      181.561 	(obj:0.002262)
s#1377#3                                      135.356 	(obj:8e-05)
s#1377#4                                       87.615 	(obj:0.002445)
s#1378#0                                        68.02 	(obj:0.002197)
s#1378#1                                      228.576 	(obj:0.002331)
s#1378#2                                      181.571 	(obj:0.002262)
s#1378#3                                      135.366 	(obj:8e-05)
s#1378#4                             87.6619999999999 	(obj:0.002445)
s#1379#0                                        68.03 	(obj:0.002197)
s#1379#1                                      228.616 	(obj:0.002331)
s#1379#2                                      181.741 	(obj:0.002262)
s#1379#3                                      135.746 	(obj:8e-05)
s#1379#4                             87.8549999999999 	(obj:0.002445)
s#1380#0                                        68.06 	(obj:0.002197)
s#1380#1                                      228.746 	(obj:0.002331)
s#1380#2                                      181.801 	(obj:0.002262)
s#1380#3                                      135.776 	(obj:8e-05)
s#1380#4                                       87.883 	(obj:0.002445)
s#1381#0                                        68.07 	(obj:0.002197)
s#1381#1                                      229.016 	(obj:0.002331)
s#1381#2                                      181.851 	(obj:0.002262)
s#1381#3                                      135.796 	(obj:8e-05)
s#1381#4                                       88.064 	(obj:0.002445)
s#1382#0                                        68.11 	(obj:0.002197)
s#1382#1                                      229.186 	(obj:0.002331)
s#1382#2                                      181.941 	(obj:0.002262)
s#1382#3                                      135.906 	(obj:8e-05)
s#1382#4                                       88.166 	(obj:0.002445)
s#1383#0                                        68.12 	(obj:0.002197)
s#1383#1                                      229.196 	(obj:0.002331)
s#1383#2                                      181.961 	(obj:0.002262)
s#1383#3                                      135.936 	(obj:8e-05)
s#1383#4                                       88.176 	(obj:0.002445)
s#1384#0                                        68.18 	(obj:0.002197)
s#1384#1                                      229.256 	(obj:0.002331)
s#1384#2                                      181.991 	(obj:0.002262)
s#1384#3                                      136.206 	(obj:8e-05)
s#1384#4                                       88.309 	(obj:0.002445)
s#1385#0                                        68.19 	(obj:0.002197)
s#1385#1                                      229.346 	(obj:0.002331)
s#1385#2                                      182.021 	(obj:0.002262)
s#1385#3                                      136.226 	(obj:8e-05)
s#1385#4                                       88.446 	(obj:0.002445)
s#1386#0                                        68.22 	(obj:0.002197)
s#1386#1                                      229.356 	(obj:0.002331)
s#1386#2                                      182.041 	(obj:0.002262)
s#1386#3                                      136.276 	(obj:8e-05)
s#1386#4                                       88.451 	(obj:0.002445)
s#1387#0                                         68.3 	(obj:0.002197)
s#1387#1                                      229.356 	(obj:0.002331)
s#1387#2                                      182.091 	(obj:0.002262)
s#1387#3                                      136.326 	(obj:8e-05)
s#1387#4                                       88.836 	(obj:0.002445)
s#1388#0                                        68.33 	(obj:0.002197)
s#1388#1                                      229.476 	(obj:0.002331)
s#1388#2                                      182.211 	(obj:0.002262)
s#1388#3                                      136.546 	(obj:8e-05)
s#1388#4                                       88.867 	(obj:0.002445)
s#1389#0                                        68.38 	(obj:0.002197)
s#1389#1                                      229.506 	(obj:0.002331)
s#1389#2                                      182.251 	(obj:0.002262)
s#1389#3                                      136.646 	(obj:8e-05)
s#1389#4                                       89.048 	(obj:0.002445)
s#1390#0                                        68.47 	(obj:0.002197)
s#1390#1                                      229.636 	(obj:0.002331)
s#1390#2                                      182.281 	(obj:0.002262)
s#1390#3                                      136.886 	(obj:8e-05)
s#1390#4                                       89.115 	(obj:0.002445)
s#1391#0                                        68.53 	(obj:0.002197)
s#1391#1                                      229.716 	(obj:0.002331)
s#1391#2                                      182.301 	(obj:0.002262)
s#1391#3                                      136.946 	(obj:8e-05)
s#1391#4                                       89.145 	(obj:0.002445)
s#1392#0                                        68.94 	(obj:0.002197)
s#1392#1                                      229.766 	(obj:0.002331)
s#1392#2                                      182.451 	(obj:0.002262)
s#1392#3                                      137.106 	(obj:8e-05)
s#1392#4                                       89.252 	(obj:0.002445)
s#1393#0                                        68.94 	(obj:0.002197)
s#1393#1                                      229.816 	(obj:0.002331)
s#1393#2                                      182.601 	(obj:0.002262)
s#1393#3                                      137.116 	(obj:8e-05)
s#1393#4                                       89.401 	(obj:0.002445)
s#1394#0                                        68.98 	(obj:0.002197)
s#1394#1                                      229.916 	(obj:0.002331)
s#1394#2                                      182.661 	(obj:0.002262)
s#1394#3                                      137.146 	(obj:8e-05)
s#1394#4                                       89.562 	(obj:0.002445)
s#1395#0                                        68.99 	(obj:0.002197)
s#1395#1                                      229.956 	(obj:0.002331)
s#1395#2                                      182.701 	(obj:0.002262)
s#1395#3                                      137.186 	(obj:8e-05)
s#1395#4                                       89.583 	(obj:0.002445)
s#1396#0                                        69.01 	(obj:0.002197)
s#1396#1                                      229.976 	(obj:0.002331)
s#1396#2                                      182.971 	(obj:0.002262)
s#1396#3                                      137.306 	(obj:8e-05)
s#1396#4                                       89.645 	(obj:0.002445)
s#1397#0                                        69.02 	(obj:0.002197)
s#1397#1                                      230.066 	(obj:0.002331)
s#1397#2                                      182.981 	(obj:0.002262)
s#1397#3                                      137.396 	(obj:8e-05)
s#1397#4                                       89.754 	(obj:0.002445)
s#1398#0                                        69.05 	(obj:0.002197)
s#1398#1                                      230.066 	(obj:0.002331)
s#1398#2                                      182.991 	(obj:0.002262)
s#1398#3                                      137.456 	(obj:8e-05)
s#1398#4                                       89.775 	(obj:0.002445)
s#1399#0                                        69.14 	(obj:0.002197)
s#1399#1                                      230.156 	(obj:0.002331)
s#1399#2                                      183.011 	(obj:0.002262)
s#1399#3                                      137.456 	(obj:8e-05)
s#1399#4                                       89.953 	(obj:0.002445)
s#1400#0                                        69.16 	(obj:0.002197)
s#1400#1                                      230.196 	(obj:0.002331)
s#1400#2                                      183.031 	(obj:0.002262)
s#1400#3                                      137.736 	(obj:8e-05)
s#1400#4                                       89.996 	(obj:0.002445)
s#1401#0                                        69.22 	(obj:0.002197)
s#1401#1                                      230.476 	(obj:0.002331)
s#1401#2                                      183.361 	(obj:0.002262)
s#1401#3                                      137.796 	(obj:8e-05)
s#1401#4                                       90.051 	(obj:0.002445)
s#1402#0                                        69.25 	(obj:0.002197)
s#1402#1                                      230.546 	(obj:0.002331)
s#1402#2                                      183.371 	(obj:0.002262)
s#1402#3                                      137.936 	(obj:8e-05)
s#1402#4                                       90.057 	(obj:0.002445)
s#1403#0                                        69.27 	(obj:0.002197)
s#1403#1                                      230.606 	(obj:0.002331)
s#1403#2                                      183.371 	(obj:0.002262)
s#1403#3                                      137.966 	(obj:8e-05)
s#1403#4                                       90.065 	(obj:0.002445)
s#1404#0                                        69.43 	(obj:0.002197)
s#1404#1                                      230.646 	(obj:0.002331)
s#1404#2                                      183.431 	(obj:0.002262)
s#1404#3                                      138.176 	(obj:8e-05)
s#1404#4                             90.1309999999999 	(obj:0.002445)
s#1405#0                                        69.45 	(obj:0.002197)
s#1405#1                                      230.786 	(obj:0.002331)
s#1405#2                                      183.541 	(obj:0.002262)
s#1405#3                                      138.176 	(obj:8e-05)
s#1405#4                                        90.15 	(obj:0.002445)
s#1406#0                                        69.46 	(obj:0.002197)
s#1406#1                                      230.876 	(obj:0.002331)
s#1406#2                                      183.631 	(obj:0.002262)
s#1406#3                                      138.186 	(obj:8e-05)
s#1406#4                                       90.164 	(obj:0.002445)
s#1407#0                                        69.64 	(obj:0.002197)
s#1407#1                                      230.886 	(obj:0.002331)
s#1407#2                                      183.911 	(obj:0.002262)
s#1407#3                                      138.206 	(obj:8e-05)
s#1407#4                                       90.291 	(obj:0.002445)
s#1408#0                                         69.7 	(obj:0.002197)
s#1408#1                                      230.906 	(obj:0.002331)
s#1408#2                                      184.061 	(obj:0.002262)
s#1408#3                                      138.216 	(obj:8e-05)
s#1408#4                                       90.292 	(obj:0.002445)
s#1409#0                                         69.7 	(obj:0.002197)
s#1409#1                                      231.026 	(obj:0.002331)
s#1409#2                                      184.111 	(obj:0.002262)
s#1409#3                                      138.256 	(obj:8e-05)
s#1409#4                                       90.459 	(obj:0.002445)
s#1410#0                                         69.9 	(obj:0.002197)
s#1410#1                                      231.026 	(obj:0.002331)
s#1410#2                                      184.231 	(obj:0.002262)
s#1410#3                                      138.256 	(obj:8e-05)
s#1410#4                                       90.514 	(obj:0.002445)
s#1411#0                                        69.93 	(obj:0.002197)
s#1411#1                                      231.066 	(obj:0.002331)
s#1411#2                                      184.301 	(obj:0.002262)
s#1411#3                                      138.316 	(obj:8e-05)
s#1411#4                                       90.576 	(obj:0.002445)
s#1412#0                                         70.1 	(obj:0.002197)
s#1412#1                                      231.256 	(obj:0.002331)
s#1412#2                                      184.471 	(obj:0.002262)
s#1412#3                                      138.326 	(obj:8e-05)
s#1412#4                                       90.958 	(obj:0.002445)
s#1413#0                                        70.16 	(obj:0.002197)
s#1413#1                                      231.286 	(obj:0.002331)
s#1413#2                                      184.481 	(obj:0.002262)
s#1413#3                                      138.536 	(obj:8e-05)
s#1413#4                                       91.593 	(obj:0.002445)
s#1414#0                                        70.26 	(obj:0.002197)
s#1414#1                                      231.296 	(obj:0.002331)
s#1414#2                                      184.491 	(obj:0.002262)
s#1414#3                                      138.646 	(obj:8e-05)
s#1414#4                                       91.863 	(obj:0.002445)
s#1415#0                                         70.3 	(obj:0.002197)
s#1415#1                                      231.386 	(obj:0.002331)
s#1415#2                                      184.521 	(obj:0.002262)
s#1415#3                                      138.696 	(obj:8e-05)
s#1415#4                                       91.967 	(obj:0.002445)
s#1416#0                                        70.39 	(obj:0.002197)
s#1416#1                                      231.486 	(obj:0.002331)
s#1416#2                                      184.561 	(obj:0.002262)
s#1416#3                                      138.716 	(obj:8e-05)
s#1416#4                                       91.971 	(obj:0.002445)
s#1417#0                                        70.49 	(obj:0.002197)
s#1417#1                                      231.536 	(obj:0.002331)
s#1417#2                                      184.791 	(obj:0.002262)
s#1417#3                                      138.776 	(obj:8e-05)
s#1417#4                                       92.003 	(obj:0.002445)
s#1418#0                                        70.53 	(obj:0.002197)
s#1418#1                                      231.556 	(obj:0.002331)
s#1418#2                                      184.831 	(obj:0.002262)
s#1418#3                                      138.856 	(obj:8e-05)
s#1418#4                                       92.288 	(obj:0.002445)
s#1419#0                                        70.58 	(obj:0.002197)
s#1419#1                                      231.556 	(obj:0.002331)
s#1419#2                                      184.851 	(obj:0.002262)
s#1419#3                                      138.936 	(obj:8e-05)
s#1419#4                                       92.426 	(obj:0.002445)
s#1420#0                                         70.7 	(obj:0.002197)
s#1420#1                                      231.616 	(obj:0.002331)
s#1420#2                                      184.951 	(obj:0.002262)
s#1420#3                                      138.936 	(obj:8e-05)
s#1420#4                             92.4949999999999 	(obj:0.002445)
s#1421#0                                        70.75 	(obj:0.002197)
s#1421#1                                      231.616 	(obj:0.002331)
s#1421#2                                      184.961 	(obj:0.002262)
s#1421#3                                      139.106 	(obj:8e-05)
s#1421#4                                       92.508 	(obj:0.002445)
s#1422#0                                        70.78 	(obj:0.002197)
s#1422#1                                      231.646 	(obj:0.002331)
s#1422#2                                      185.031 	(obj:0.002262)
s#1422#3                                      139.166 	(obj:8e-05)
s#1422#4                                       92.696 	(obj:0.002445)
s#1423#0                                        70.92 	(obj:0.002197)
s#1423#1                                      231.716 	(obj:0.002331)
s#1423#2                                      185.161 	(obj:0.002262)
s#1423#3                                      139.596 	(obj:8e-05)
s#1423#4                                       92.801 	(obj:0.002445)
s#1424#0                                        70.96 	(obj:0.002197)
s#1424#1                                      231.716 	(obj:0.002331)
s#1424#2                                      185.171 	(obj:0.002262)
s#1424#3                                      139.616 	(obj:8e-05)
s#1424#4                                       93.089 	(obj:0.002445)
s#1425#0                                        71.08 	(obj:0.002197)
s#1425#1                                      231.876 	(obj:0.002331)
s#1425#2                                      185.221 	(obj:0.002262)
s#1425#3                                      139.656 	(obj:8e-05)
s#1425#4                                       93.223 	(obj:0.002445)
s#1426#0                                         71.1 	(obj:0.002197)
s#1426#1                                      231.946 	(obj:0.002331)
s#1426#2                                      185.221 	(obj:0.002262)
s#1426#3                                      139.736 	(obj:8e-05)
s#1426#4                                       93.415 	(obj:0.002445)
s#1427#0                                        71.12 	(obj:0.002197)
s#1427#1                                      231.966 	(obj:0.002331)
s#1427#2                                      185.241 	(obj:0.002262)
s#1427#3                                      139.916 	(obj:8e-05)
s#1427#4                                       93.686 	(obj:0.002445)
s#1428#0                                        71.13 	(obj:0.002197)
s#1428#1                                      231.996 	(obj:0.002331)
s#1428#2                                      185.281 	(obj:0.002262)
s#1428#3                                      139.946 	(obj:8e-05)
s#1428#4                                       93.792 	(obj:0.002445)
s#1429#0                                        71.35 	(obj:0.002197)
s#1429#1                                      232.006 	(obj:0.002331)
s#1429#2                                      185.451 	(obj:0.002262)
s#1429#3                                      140.016 	(obj:8e-05)
s#1429#4                                       93.986 	(obj:0.002445)
s#1430#0                                        71.37 	(obj:0.002197)
s#1430#1                                      232.036 	(obj:0.002331)
s#1430#2                                      185.461 	(obj:0.002262)
s#1430#3                                      140.116 	(obj:8e-05)
s#1430#4                                       94.347 	(obj:0.002445)
s#1431#0                                        71.43 	(obj:0.002197)
s#1431#1                                      232.036 	(obj:0.002331)
s#1431#2                                      185.561 	(obj:0.002262)
s#1431#3                                      140.156 	(obj:8e-05)
s#1431#4                                       94.421 	(obj:0.002445)
s#1432#0                                        71.46 	(obj:0.002197)
s#1432#1                                      232.096 	(obj:0.002331)
s#1432#2                                      185.591 	(obj:0.002262)
s#1432#3                                      140.166 	(obj:8e-05)
s#1432#4                                       94.446 	(obj:0.002445)
s#1433#0                                        71.49 	(obj:0.002197)
s#1433#1                                      232.156 	(obj:0.002331)
s#1433#2                                      185.591 	(obj:0.002262)
s#1433#3                                      140.216 	(obj:8e-05)
s#1433#4                                        94.51 	(obj:0.002445)
s#1434#0                                        71.66 	(obj:0.002197)
s#1434#1                                      232.166 	(obj:0.002331)
s#1434#2                                      185.631 	(obj:0.002262)
s#1434#3                                      140.226 	(obj:8e-05)
s#1434#4                                        94.51 	(obj:0.002445)
s#1435#0                                        71.71 	(obj:0.002197)
s#1435#1                                      232.286 	(obj:0.002331)
s#1435#2                                      185.651 	(obj:0.002262)
s#1435#3                                      140.396 	(obj:8e-05)
s#1435#4                                       94.529 	(obj:0.002445)
s#1436#0                                        71.75 	(obj:0.002197)
s#1436#1                                      232.336 	(obj:0.002331)
s#1436#2                                      185.691 	(obj:0.002262)
s#1436#3                                      140.436 	(obj:8e-05)
s#1436#4                                       94.544 	(obj:0.002445)
s#1437#0                                        71.78 	(obj:0.002197)
s#1437#1                                      232.336 	(obj:0.002331)
s#1437#2                                      185.701 	(obj:0.002262)
s#1437#3                                      140.516 	(obj:8e-05)
s#1437#4                                       94.578 	(obj:0.002445)
s#1438#0                                        71.78 	(obj:0.002197)
s#1438#1                                      232.346 	(obj:0.002331)
s#1438#2                                      185.741 	(obj:0.002262)
s#1438#3                                      140.596 	(obj:8e-05)
s#1438#4                                       94.641 	(obj:0.002445)
s#1439#0                                         71.8 	(obj:0.002197)
s#1439#1                                      232.376 	(obj:0.002331)
s#1439#2                                      185.791 	(obj:0.002262)
s#1439#3                                      140.706 	(obj:8e-05)
s#1439#4                                        94.75 	(obj:0.002445)
s#1440#0                                        71.83 	(obj:0.002197)
s#1440#1                                      232.396 	(obj:0.002331)
s#1440#2                                      185.811 	(obj:0.002262)
s#1440#3                                      140.726 	(obj:8e-05)
s#1440#4                                        94.79 	(obj:0.002445)
s#1441#0                                        71.85 	(obj:0.002197)
s#1441#1                                      232.406 	(obj:0.002331)
s#1441#2                                      185.891 	(obj:0.002262)
s#1441#3                                      141.146 	(obj:8e-05)
s#1441#4                                       95.229 	(obj:0.002445)
s#1442#0                                           72 	(obj:0.002197)
s#1442#1                                      232.416 	(obj:0.002331)
s#1442#2                                      185.901 	(obj:0.002262)
s#1442#3                                      141.206 	(obj:8e-05)
s#1442#4                                       95.421 	(obj:0.002445)
s#1443#0                                        72.05 	(obj:0.002197)
s#1443#1                                      232.686 	(obj:0.002331)
s#1443#2                                      185.921 	(obj:0.002262)
s#1443#3                                      141.206 	(obj:8e-05)
s#1443#4                                        95.48 	(obj:0.002445)
s#1444#0                                        72.09 	(obj:0.002197)
s#1444#1                                      232.716 	(obj:0.002331)
s#1444#2                                      186.201 	(obj:0.002262)
s#1444#3                                      141.436 	(obj:8e-05)
s#1444#4                                       95.521 	(obj:0.002445)
s#1445#0                                        72.16 	(obj:0.002197)
s#1445#1                                      232.746 	(obj:0.002331)
s#1445#2                                      186.311 	(obj:0.002262)
s#1445#3                                      141.566 	(obj:8e-05)
s#1445#4                                       95.542 	(obj:0.002445)
s#1446#0                                        72.16 	(obj:0.002197)
s#1446#1                                      233.056 	(obj:0.002331)
s#1446#2                                      186.421 	(obj:0.002262)
s#1446#3                                      141.606 	(obj:8e-05)
s#1446#4                                       95.561 	(obj:0.002445)
s#1447#0                                         72.2 	(obj:0.002197)
s#1447#1                                      233.096 	(obj:0.002331)
s#1447#2                                      186.431 	(obj:0.002262)
s#1447#3                                      141.716 	(obj:8e-05)
s#1447#4                             95.6849999999999 	(obj:0.002445)
s#1448#0                                        72.24 	(obj:0.002197)
s#1448#1                                      233.116 	(obj:0.002331)
s#1448#2                                      186.491 	(obj:0.002262)
s#1448#3                                      141.986 	(obj:8e-05)
s#1448#4                                       95.749 	(obj:0.002445)
s#1449#0                                        72.25 	(obj:0.002197)
s#1449#1                                      233.216 	(obj:0.002331)
s#1449#2                                      186.611 	(obj:0.002262)
s#1449#3                                      142.116 	(obj:8e-05)
s#1449#4                                       95.805 	(obj:0.002445)
s#1450#0                                        72.27 	(obj:0.002197)
s#1450#1                                      233.266 	(obj:0.002331)
s#1450#2                                      186.671 	(obj:0.002262)
s#1450#3                                      142.356 	(obj:8e-05)
s#1450#4                                       96.033 	(obj:0.002445)
s#1451#0                                        72.28 	(obj:0.002197)
s#1451#1                                      233.356 	(obj:0.002331)
s#1451#2                                      186.971 	(obj:0.002262)
s#1451#3                                      142.366 	(obj:8e-05)
s#1451#4                                       96.062 	(obj:0.002445)
s#1452#0                                         72.3 	(obj:0.002197)
s#1452#1                                      233.366 	(obj:0.002331)
s#1452#2                                      187.001 	(obj:0.002262)
s#1452#3                                      142.376 	(obj:8e-05)
s#1452#4                                       96.078 	(obj:0.002445)
s#1453#0                                        72.32 	(obj:0.002197)
s#1453#1                                      233.416 	(obj:0.002331)
s#1453#2                                      187.001 	(obj:0.002262)
s#1453#3                                      142.496 	(obj:8e-05)
s#1453#4                                       96.316 	(obj:0.002445)
s#1454#0                                        72.35 	(obj:0.002197)
s#1454#1                                      233.676 	(obj:0.002331)
s#1454#2                                      187.281 	(obj:0.002262)
s#1454#3                                      142.506 	(obj:8e-05)
s#1454#4                                       96.513 	(obj:0.002445)
s#1455#0                                        72.37 	(obj:0.002197)
s#1455#1                                      233.716 	(obj:0.002331)
s#1455#2                                      187.291 	(obj:0.002262)
s#1455#3                                      142.536 	(obj:8e-05)
s#1455#4                             96.5549999999999 	(obj:0.002445)
s#1456#0                                        72.43 	(obj:0.002197)
s#1456#1                                      233.756 	(obj:0.002331)
s#1456#2                                      187.311 	(obj:0.002262)
s#1456#3                                      142.586 	(obj:8e-05)
s#1456#4                                       96.743 	(obj:0.002445)
s#1457#0                                        72.48 	(obj:0.002197)
s#1457#1                                      233.836 	(obj:0.002331)
s#1457#2                                      187.461 	(obj:0.002262)
s#1457#3                                      142.686 	(obj:8e-05)
s#1457#4                                       96.917 	(obj:0.002445)
s#1458#0                                         72.5 	(obj:0.002197)
s#1458#1                                      233.996 	(obj:0.002331)
s#1458#2                                      187.521 	(obj:0.002262)
s#1458#3                                      142.716 	(obj:8e-05)
s#1458#4                             96.9569999999999 	(obj:0.002445)
s#1459#0                                         72.5 	(obj:0.002197)
s#1459#1                                      234.126 	(obj:0.002331)
s#1459#2                                      187.651 	(obj:0.002262)
s#1459#3                                      142.806 	(obj:8e-05)
s#1459#4                                       96.994 	(obj:0.002445)
s#1460#0                                        72.52 	(obj:0.002197)
s#1460#1                                      234.146 	(obj:0.002331)
s#1460#2                                      188.271 	(obj:0.002262)
s#1460#3                                      142.846 	(obj:8e-05)
s#1460#4                                       97.054 	(obj:0.002445)
s#1461#0                                        72.53 	(obj:0.002197)
s#1461#1                                      234.146 	(obj:0.002331)
s#1461#2                                      188.281 	(obj:0.002262)
s#1461#3                                      142.876 	(obj:8e-05)
s#1461#4                                       97.074 	(obj:0.002445)
s#1462#0                                        72.58 	(obj:0.002197)
s#1462#1                                      234.156 	(obj:0.002331)
s#1462#2                                      188.301 	(obj:0.002262)
s#1462#3                                      142.876 	(obj:8e-05)
s#1462#4                                       97.119 	(obj:0.002445)
s#1463#0                                        72.65 	(obj:0.002197)
s#1463#1                                      234.286 	(obj:0.002331)
s#1463#2                                      188.331 	(obj:0.002262)
s#1463#3                                      143.136 	(obj:8e-05)
s#1463#4                                       97.219 	(obj:0.002445)
s#1464#0                                        72.68 	(obj:0.002197)
s#1464#1                                      234.356 	(obj:0.002331)
s#1464#2                                      188.341 	(obj:0.002262)
s#1464#3                                      143.146 	(obj:8e-05)
s#1464#4                                       97.233 	(obj:0.002445)
s#1465#0                                        72.72 	(obj:0.002197)
s#1465#1                                      234.376 	(obj:0.002331)
s#1465#2                                      188.451 	(obj:0.002262)
s#1465#3                                      143.246 	(obj:8e-05)
s#1465#4                                       97.267 	(obj:0.002445)
s#1466#0                                        72.73 	(obj:0.002197)
s#1466#1                                      234.406 	(obj:0.002331)
s#1466#2                                      188.481 	(obj:0.002262)
s#1466#3                                      143.306 	(obj:8e-05)
s#1466#4                                       97.409 	(obj:0.002445)
s#1467#0                                         72.8 	(obj:0.002197)
s#1467#1                                      234.476 	(obj:0.002331)
s#1467#2                                      188.531 	(obj:0.002262)
s#1467#3                                      143.306 	(obj:8e-05)
s#1467#4                                       97.648 	(obj:0.002445)
s#1468#0                                        72.86 	(obj:0.002197)
s#1468#1                                      234.536 	(obj:0.002331)
s#1468#2                                      188.811 	(obj:0.002262)
s#1468#3                                      143.346 	(obj:8e-05)
s#1468#4                                       97.764 	(obj:0.002445)
s#1469#0                                        72.92 	(obj:0.002197)
s#1469#1                                      234.866 	(obj:0.002331)
s#1469#2                                      188.831 	(obj:0.002262)
s#1469#3                                      143.376 	(obj:8e-05)
s#1469#4                                       97.824 	(obj:0.002445)
s#1470#0                                        72.93 	(obj:0.002197)
s#1470#1                                      234.916 	(obj:0.002331)
s#1470#2                                      188.831 	(obj:0.002262)
s#1470#3                                      143.686 	(obj:8e-05)
s#1470#4                                       97.854 	(obj:0.002445)
s#1471#0                                        72.94 	(obj:0.002197)
s#1471#1                                      234.946 	(obj:0.002331)
s#1471#2                                      188.841 	(obj:0.002262)
s#1471#3                                      143.696 	(obj:8e-05)
s#1471#4                                       97.861 	(obj:0.002445)
s#1472#0                                        73.02 	(obj:0.002197)
s#1472#1                                      234.966 	(obj:0.002331)
s#1472#2                                      188.871 	(obj:0.002262)
s#1472#3                                      143.716 	(obj:8e-05)
s#1472#4                                       97.973 	(obj:0.002445)
s#1473#0                                        73.22 	(obj:0.002197)
s#1473#1                                      234.976 	(obj:0.002331)
s#1473#2                                      188.961 	(obj:0.002262)
s#1473#3                                      143.836 	(obj:8e-05)
s#1473#4                                       97.994 	(obj:0.002445)
s#1474#0                                        73.29 	(obj:0.002197)
s#1474#1                                      235.036 	(obj:0.002331)
s#1474#2                                      189.021 	(obj:0.002262)
s#1474#3                                      143.986 	(obj:8e-05)
s#1474#4                                       98.033 	(obj:0.002445)
s#1475#0                                        73.31 	(obj:0.002197)
s#1475#1                                      235.036 	(obj:0.002331)
s#1475#2                                      189.171 	(obj:0.002262)
s#1475#3                                      144.206 	(obj:8e-05)
s#1475#4                             98.0479999999999 	(obj:0.002445)
s#1476#0                                        73.34 	(obj:0.002197)
s#1476#1                                      235.046 	(obj:0.002331)
s#1476#2                                      189.271 	(obj:0.002262)
s#1476#3                                      144.256 	(obj:8e-05)
s#1476#4                                       98.146 	(obj:0.002445)
s#1477#0                                        73.34 	(obj:0.002197)
s#1477#1                                      235.076 	(obj:0.002331)
s#1477#2                                      189.331 	(obj:0.002262)
s#1477#3                                      144.276 	(obj:8e-05)
s#1477#4                                       98.297 	(obj:0.002445)
s#1478#0                                        73.38 	(obj:0.002197)
s#1478#1                                      235.136 	(obj:0.002331)
s#1478#2                                      189.341 	(obj:0.002262)
s#1478#3                                      144.416 	(obj:8e-05)
s#1478#4                                       98.492 	(obj:0.002445)
s#1479#0                                        73.43 	(obj:0.002197)
s#1479#1                                      235.176 	(obj:0.002331)
s#1479#2                                      189.471 	(obj:0.002262)
s#1479#3                                      144.426 	(obj:8e-05)
s#1479#4                                       98.783 	(obj:0.002445)
s#1480#0                                        73.43 	(obj:0.002197)
s#1480#1                                      235.236 	(obj:0.002331)
s#1480#2                                      189.511 	(obj:0.002262)
s#1480#3                                      144.596 	(obj:8e-05)
s#1480#4                                        99.01 	(obj:0.002445)
s#1481#0                                        73.44 	(obj:0.002197)
s#1481#1                                      235.256 	(obj:0.002331)
s#1481#2                                      189.671 	(obj:0.002262)
s#1481#3                                      144.816 	(obj:8e-05)
s#1481#4                                       99.234 	(obj:0.002445)
s#1482#0                                        73.49 	(obj:0.002197)
s#1482#1                                      235.336 	(obj:0.002331)
s#1482#2                                      189.751 	(obj:0.002262)
s#1482#3                                      144.826 	(obj:8e-05)
s#1482#4                                       99.252 	(obj:0.002445)
s#1483#0                                        73.51 	(obj:0.002197)
s#1483#1                                      235.346 	(obj:0.002331)
s#1483#2                                      189.821 	(obj:0.002262)
s#1483#3                                      144.886 	(obj:8e-05)
s#1483#4                                       99.542 	(obj:0.002445)
s#1484#0                                        73.54 	(obj:0.002197)
s#1484#1                                      235.366 	(obj:0.002331)
s#1484#2                                      189.841 	(obj:0.002262)
s#1484#3                                      145.076 	(obj:8e-05)
s#1484#4                                       99.588 	(obj:0.002445)
s#1485#0                                        73.54 	(obj:0.002197)
s#1485#1                                      235.436 	(obj:0.002331)
s#1485#2                                      190.031 	(obj:0.002262)
s#1485#3                                      145.156 	(obj:8e-05)
s#1485#4                                       99.612 	(obj:0.002445)
s#1486#0                                        73.62 	(obj:0.002197)
s#1486#1                                      235.456 	(obj:0.002331)
s#1486#2                                      190.031 	(obj:0.002262)
s#1486#3                                      145.206 	(obj:8e-05)
s#1486#4                                        99.92 	(obj:0.002445)
s#1487#0                                        73.66 	(obj:0.002197)
s#1487#1                                      235.486 	(obj:0.002331)
s#1487#2                                      190.091 	(obj:0.002262)
s#1487#3                                      145.686 	(obj:8e-05)
s#1487#4                                       99.956 	(obj:0.002445)
s#1488#0                                        73.66 	(obj:0.002197)
s#1488#1                                      235.566 	(obj:0.002331)
s#1488#2                                      190.141 	(obj:0.002262)
s#1488#3                                      145.696 	(obj:8e-05)
s#1488#4                                       99.984 	(obj:0.002445)
s#1489#0                                        73.67 	(obj:0.002197)
s#1489#1                                      235.576 	(obj:0.002331)
s#1489#2                                      190.151 	(obj:0.002262)
s#1489#3                                      145.736 	(obj:8e-05)
s#1489#4                                      100.074 	(obj:0.002445)
s#1490#0                                        73.74 	(obj:0.002197)
s#1490#1                                      235.586 	(obj:0.002331)
s#1490#2                                      190.341 	(obj:0.002262)
s#1490#3                                      145.776 	(obj:8e-05)
s#1490#4                                      100.102 	(obj:0.002445)
s#1491#0                                        73.76 	(obj:0.002197)
s#1491#1                                      235.616 	(obj:0.002331)
s#1491#2                                      190.361 	(obj:0.002262)
s#1491#3                                      145.846 	(obj:8e-05)
s#1491#4                                      100.122 	(obj:0.002445)
s#1492#0                                        73.77 	(obj:0.002197)
s#1492#1                                      235.656 	(obj:0.002331)
s#1492#2                                      190.411 	(obj:0.002262)
s#1492#3                                      146.206 	(obj:8e-05)
s#1492#4                                      100.148 	(obj:0.002445)
s#1493#0                                        73.78 	(obj:0.002197)
s#1493#1                                      235.766 	(obj:0.002331)
s#1493#2                                      190.461 	(obj:0.002262)
s#1493#3                                      146.526 	(obj:8e-05)
s#1493#4                                      100.243 	(obj:0.002445)
s#1494#0                                        73.78 	(obj:0.002197)
s#1494#1                                      235.806 	(obj:0.002331)
s#1494#2                                      190.511 	(obj:0.002262)
s#1494#3                                      146.606 	(obj:8e-05)
s#1494#4                                      100.541 	(obj:0.002445)
s#1495#0                                        73.81 	(obj:0.002197)
s#1495#1                                      235.846 	(obj:0.002331)
s#1495#2                                      190.651 	(obj:0.002262)
s#1495#3                                      146.896 	(obj:8e-05)
s#1495#4                                      100.789 	(obj:0.002445)
s#1496#0                                        73.82 	(obj:0.002197)
s#1496#1                                      235.866 	(obj:0.002331)
s#1496#2                                      190.671 	(obj:0.002262)
s#1496#3                                      147.046 	(obj:8e-05)
s#1496#4                                      100.917 	(obj:0.002445)
s#1497#0                                        73.93 	(obj:0.002197)
s#1497#1                                      235.866 	(obj:0.002331)
s#1497#2                                      190.751 	(obj:0.002262)
s#1497#3                                      147.186 	(obj:8e-05)
s#1497#4                                      101.196 	(obj:0.002445)
s#1498#0                                        73.99 	(obj:0.002197)
s#1498#1                                      235.956 	(obj:0.002331)
s#1498#2                                      190.751 	(obj:0.002262)
s#1498#3                                      147.236 	(obj:8e-05)
s#1498#4                                      101.283 	(obj:0.002445)
s#1499#0                                        74.03 	(obj:0.002197)
s#1499#1                                      236.046 	(obj:0.002331)
s#1499#2                                      190.821 	(obj:0.002262)
s#1499#3                                      147.366 	(obj:8e-05)
s#1499#4                                      101.347 	(obj:0.002445)
s#1500#0                                        74.06 	(obj:0.002197)
s#1500#1                                      236.046 	(obj:0.002331)
s#1500#2                                      190.941 	(obj:0.002262)
s#1500#3                                      147.526 	(obj:8e-05)
s#1500#4                                      101.474 	(obj:0.002445)
s#1501#0                                         74.1 	(obj:0.002197)
s#1501#1                                      236.116 	(obj:0.002331)
s#1501#2                                      191.191 	(obj:0.002262)
s#1501#3                                      147.566 	(obj:8e-05)
s#1501#4                                       101.55 	(obj:0.002445)
s#1502#0                                        74.17 	(obj:0.002197)
s#1502#1                                      236.156 	(obj:0.002331)
s#1502#2                                      191.211 	(obj:0.002262)
s#1502#3                                      147.576 	(obj:8e-05)
s#1502#4                                      101.594 	(obj:0.002445)
s#1503#0                                        74.19 	(obj:0.002197)
s#1503#1                                      236.176 	(obj:0.002331)
s#1503#2                                      191.491 	(obj:0.002262)
s#1503#3                                      147.726 	(obj:8e-05)
s#1503#4                                      101.599 	(obj:0.002445)
s#1504#0                                        74.27 	(obj:0.002197)
s#1504#1                                      236.196 	(obj:0.002331)
s#1504#2                                      191.581 	(obj:0.002262)
s#1504#3                                      148.246 	(obj:8e-05)
s#1504#4                                      101.724 	(obj:0.002445)
s#1505#0                                        74.31 	(obj:0.002197)
s#1505#1                                      236.396 	(obj:0.002331)
s#1505#2                                      191.741 	(obj:0.002262)
s#1505#3                                      148.336 	(obj:8e-05)
s#1505#4                                      101.788 	(obj:0.002445)
s#1506#0                                        74.34 	(obj:0.002197)
s#1506#1                                      236.406 	(obj:0.002331)
s#1506#2                                      192.131 	(obj:0.002262)
s#1506#3                                      148.566 	(obj:8e-05)
s#1506#4                                      102.394 	(obj:0.002445)
s#1507#0                                        74.38 	(obj:0.002197)
s#1507#1                                      236.526 	(obj:0.002331)
s#1507#2                                      192.141 	(obj:0.002262)
s#1507#3                                      148.626 	(obj:8e-05)
s#1507#4                                      102.495 	(obj:0.002445)
s#1508#0                                         74.4 	(obj:0.002197)
s#1508#1                                      236.526 	(obj:0.002331)
s#1508#2                                      192.151 	(obj:0.002262)
s#1508#3                                      148.746 	(obj:8e-05)
s#1508#4                                       102.74 	(obj:0.002445)
s#1509#0                                         74.5 	(obj:0.002197)
s#1509#1                                      236.566 	(obj:0.002331)
s#1509#2                                      192.191 	(obj:0.002262)
s#1509#3                                      148.846 	(obj:8e-05)
s#1509#4                                      102.777 	(obj:0.002445)
s#1510#0                                        74.64 	(obj:0.002197)
s#1510#1                                      236.566 	(obj:0.002331)
s#1510#2                                      192.251 	(obj:0.002262)
s#1510#3                                      148.936 	(obj:8e-05)
s#1510#4                                      102.848 	(obj:0.002445)
s#1511#0                                        74.76 	(obj:0.002197)
s#1511#1                                      236.576 	(obj:0.002331)
s#1511#2                                      192.401 	(obj:0.002262)
s#1511#3                                      149.106 	(obj:8e-05)
s#1511#4                                      103.011 	(obj:0.002445)
s#1512#0                                        74.78 	(obj:0.002197)
s#1512#1                                      236.676 	(obj:0.002331)
s#1512#2                                      192.691 	(obj:0.002262)
s#1512#3                                      149.186 	(obj:8e-05)
s#1512#4                                      103.044 	(obj:0.002445)
s#1513#0                                         74.8 	(obj:0.002197)
s#1513#1                                      236.726 	(obj:0.002331)
s#1513#2                                      192.751 	(obj:0.002262)
s#1513#3                                      149.256 	(obj:8e-05)
s#1513#4                                      103.064 	(obj:0.002445)
s#1514#0                                         74.8 	(obj:0.002197)
s#1514#1                                      236.726 	(obj:0.002331)
s#1514#2                                      192.801 	(obj:0.002262)
s#1514#3                                      149.346 	(obj:8e-05)
s#1514#4                                      103.082 	(obj:0.002445)
s#1515#0                                        74.95 	(obj:0.002197)
s#1515#1                                      236.736 	(obj:0.002331)
s#1515#2                                      192.821 	(obj:0.002262)
s#1515#3                                      149.506 	(obj:8e-05)
s#1515#4                                      103.105 	(obj:0.002445)
s#1516#0                                        75.01 	(obj:0.002197)
s#1516#1                                      236.746 	(obj:0.002331)
s#1516#2                                      192.941 	(obj:0.002262)
s#1516#3                                      149.716 	(obj:8e-05)
s#1516#4                                      103.151 	(obj:0.002445)
s#1517#0                                        75.17 	(obj:0.002197)
s#1517#1                                      236.806 	(obj:0.002331)
s#1517#2                                      193.051 	(obj:0.002262)
s#1517#3                                      149.766 	(obj:8e-05)
s#1517#4                                      103.152 	(obj:0.002445)
s#1518#0                                        75.19 	(obj:0.002197)
s#1518#1                                      236.976 	(obj:0.002331)
s#1518#2                                      193.171 	(obj:0.002262)
s#1518#3                                      149.806 	(obj:8e-05)
s#1518#4                                      103.377 	(obj:0.002445)
s#1519#0                                        75.21 	(obj:0.002197)
s#1519#1                                      237.056 	(obj:0.002331)
s#1519#2                                      193.281 	(obj:0.002262)
s#1519#3                                      149.886 	(obj:8e-05)
s#1519#4                                      103.541 	(obj:0.002445)
s#1520#0                                        75.26 	(obj:0.002197)
s#1520#1                                      237.106 	(obj:0.002331)
s#1520#2                                      193.331 	(obj:0.002262)
s#1520#3                                      150.056 	(obj:8e-05)
s#1520#4                                      103.644 	(obj:0.002445)
s#1521#0                                        75.37 	(obj:0.002197)
s#1521#1                                      237.216 	(obj:0.002331)
s#1521#2                                      193.541 	(obj:0.002262)
s#1521#3                                      150.226 	(obj:8e-05)
s#1521#4                                       103.68 	(obj:0.002445)
s#1522#0                                        75.43 	(obj:0.002197)
s#1522#1                                      237.246 	(obj:0.002331)
s#1522#2                                      193.641 	(obj:0.002262)
s#1522#3                                      150.226 	(obj:8e-05)
s#1522#4                                      103.949 	(obj:0.002445)
s#1523#0                                        75.52 	(obj:0.002197)
s#1523#1                                      237.406 	(obj:0.002331)
s#1523#2                                      193.661 	(obj:0.002262)
s#1523#3                                      150.226 	(obj:8e-05)
s#1523#4                                      104.039 	(obj:0.002445)
s#1524#0                                        75.65 	(obj:0.002197)
s#1524#1                                      237.406 	(obj:0.002331)
s#1524#2                                      193.681 	(obj:0.002262)
s#1524#3                                      150.326 	(obj:8e-05)
s#1524#4                                      104.102 	(obj:0.002445)
s#1525#0                                        75.67 	(obj:0.002197)
s#1525#1                                      237.426 	(obj:0.002331)
s#1525#2                                      193.741 	(obj:0.002262)
s#1525#3                                      150.346 	(obj:8e-05)
s#1525#4                                      104.358 	(obj:0.002445)
s#1526#0                                        75.76 	(obj:0.002197)
s#1526#1                                      237.856 	(obj:0.002331)
s#1526#2                                      193.831 	(obj:0.002262)
s#1526#3                                      150.476 	(obj:8e-05)
s#1526#4                                      104.477 	(obj:0.002445)
s#1527#0                                        75.82 	(obj:0.002197)
s#1527#1                                      237.916 	(obj:0.002331)
s#1527#2                                      193.881 	(obj:0.002262)
s#1527#3                                      150.556 	(obj:8e-05)
s#1527#4                                      104.548 	(obj:0.002445)
s#1528#0                                         75.9 	(obj:0.002197)
s#1528#1                                      238.216 	(obj:0.002331)
s#1528#2                                      193.941 	(obj:0.002262)
s#1528#3                                      150.596 	(obj:8e-05)
s#1528#4                                      104.572 	(obj:0.002445)
s#1529#0                                        75.98 	(obj:0.002197)
s#1529#1                                      238.246 	(obj:0.002331)
s#1529#2                                      194.081 	(obj:0.002262)
s#1529#3                                      150.716 	(obj:8e-05)
s#1529#4                                      104.705 	(obj:0.002445)
s#1530#0                                        76.05 	(obj:0.002197)
s#1530#1                                      238.256 	(obj:0.002331)
s#1530#2                                      194.131 	(obj:0.002262)
s#1530#3                                      150.956 	(obj:8e-05)
s#1530#4                                      104.786 	(obj:0.002445)
s#1531#0                                         76.4 	(obj:0.002197)
s#1531#1                                      238.296 	(obj:0.002331)
s#1531#2                                      194.191 	(obj:0.002262)
s#1531#3                                      151.166 	(obj:8e-05)
s#1531#4                                      104.827 	(obj:0.002445)
s#1532#0                                        76.41 	(obj:0.002197)
s#1532#1                                      238.406 	(obj:0.002331)
s#1532#2                                      194.291 	(obj:0.002262)
s#1532#3                                      151.206 	(obj:8e-05)
s#1532#4                                      104.985 	(obj:0.002445)
s#1533#0                                        76.43 	(obj:0.002197)
s#1533#1                                      238.416 	(obj:0.002331)
s#1533#2                                      194.311 	(obj:0.002262)
s#1533#3                                      151.236 	(obj:8e-05)
s#1533#4                                      105.004 	(obj:0.002445)
s#1534#0                                        76.44 	(obj:0.002197)
s#1534#1                                      238.456 	(obj:0.002331)
s#1534#2                                      194.431 	(obj:0.002262)
s#1534#3                                      151.256 	(obj:8e-05)
s#1534#4                                      105.086 	(obj:0.002445)
s#1535#0                                        76.46 	(obj:0.002197)
s#1535#1                                      238.726 	(obj:0.002331)
s#1535#2                                      194.531 	(obj:0.002262)
s#1535#3                                      151.336 	(obj:8e-05)
s#1535#4                                       105.37 	(obj:0.002445)
s#1536#0                                        76.49 	(obj:0.002197)
s#1536#1                                      238.816 	(obj:0.002331)
s#1536#2                                      194.661 	(obj:0.002262)
s#1536#3                                      151.506 	(obj:8e-05)
s#1536#4                                      105.693 	(obj:0.002445)
s#1537#0                                        76.55 	(obj:0.002197)
s#1537#1                                      238.816 	(obj:0.002331)
s#1537#2                                      194.701 	(obj:0.002262)
s#1537#3                                      151.546 	(obj:8e-05)
s#1537#4                                        105.7 	(obj:0.002445)
s#1538#0                                        76.65 	(obj:0.002197)
s#1538#1                                      238.856 	(obj:0.002331)
s#1538#2                                      194.891 	(obj:0.002262)
s#1538#3                                      151.876 	(obj:8e-05)
s#1538#4                                      105.716 	(obj:0.002445)
s#1539#0                                        76.66 	(obj:0.002197)
s#1539#1                                      239.046 	(obj:0.002331)
s#1539#2                                      194.981 	(obj:0.002262)
s#1539#3                                      151.886 	(obj:8e-05)
s#1539#4                                      105.937 	(obj:0.002445)
s#1540#0                                        76.67 	(obj:0.002197)
s#1540#1                                      239.076 	(obj:0.002331)
s#1540#2                                      195.001 	(obj:0.002262)
s#1540#3                                      151.966 	(obj:8e-05)
s#1540#4                                      105.975 	(obj:0.002445)
s#1541#0                                        76.67 	(obj:0.002197)
s#1541#1                                      239.116 	(obj:0.002331)
s#1541#2                                      195.001 	(obj:0.002262)
s#1541#3                                      152.166 	(obj:8e-05)
s#1541#4                                      105.998 	(obj:0.002445)
s#1542#0                                        76.71 	(obj:0.002197)
s#1542#1                                      239.326 	(obj:0.002331)
s#1542#2                                      195.001 	(obj:0.002262)
s#1542#3                                      152.366 	(obj:8e-05)
s#1542#4                                      106.093 	(obj:0.002445)
s#1543#0                                        76.72 	(obj:0.002197)
s#1543#1                                      239.676 	(obj:0.002331)
s#1543#2                                      195.061 	(obj:0.002262)
s#1543#3                                      152.476 	(obj:8e-05)
s#1543#4                                      106.138 	(obj:0.002445)
s#1544#0                                        76.74 	(obj:0.002197)
s#1544#1                                      239.786 	(obj:0.002331)
s#1544#2                                      195.131 	(obj:0.002262)
s#1544#3                                      152.576 	(obj:8e-05)
s#1544#4                                      106.312 	(obj:0.002445)
s#1545#0                                        76.84 	(obj:0.002197)
s#1545#1                                      239.796 	(obj:0.002331)
s#1545#2                                      195.221 	(obj:0.002262)
s#1545#3                                      152.716 	(obj:8e-05)
s#1545#4                                      106.346 	(obj:0.002445)
s#1546#0                                        76.99 	(obj:0.002197)
s#1546#1                                      239.806 	(obj:0.002331)
s#1546#2                                      195.311 	(obj:0.002262)
s#1546#3                                      152.946 	(obj:8e-05)
s#1546#4                                      106.351 	(obj:0.002445)
s#1547#0                                        76.99 	(obj:0.002197)
s#1547#1                                      239.956 	(obj:0.002331)
s#1547#2                                      195.341 	(obj:0.002262)
s#1547#3                                      152.996 	(obj:8e-05)
s#1547#4                                      106.365 	(obj:0.002445)
s#1548#0                                        77.02 	(obj:0.002197)
s#1548#1                                      240.006 	(obj:0.002331)
s#1548#2                                      195.561 	(obj:0.002262)
s#1548#3                                      152.996 	(obj:8e-05)
s#1548#4                                      106.366 	(obj:0.002445)
s#1549#0                                        77.03 	(obj:0.002197)
s#1549#1                                      240.206 	(obj:0.002331)
s#1549#2                                      195.681 	(obj:0.002262)
s#1549#3                                      153.046 	(obj:8e-05)
s#1549#4                                      106.375 	(obj:0.002445)
s#1550#0                                        77.07 	(obj:0.002197)
s#1550#1                                      240.206 	(obj:0.002331)
s#1550#2                                      195.681 	(obj:0.002262)
s#1550#3                                      153.046 	(obj:8e-05)
s#1550#4                                      106.457 	(obj:0.002445)
s#1551#0                                        77.14 	(obj:0.002197)
s#1551#1                                      240.286 	(obj:0.002331)
s#1551#2                                      195.681 	(obj:0.002262)
s#1551#3                                      153.066 	(obj:8e-05)
s#1551#4                                      106.677 	(obj:0.002445)
s#1552#0                                        77.21 	(obj:0.002197)
s#1552#1                                      240.306 	(obj:0.002331)
s#1552#2                                      195.711 	(obj:0.002262)
s#1552#3                                      153.146 	(obj:8e-05)
s#1552#4                                      106.839 	(obj:0.002445)
s#1553#0                                        77.24 	(obj:0.002197)
s#1553#1                                      240.326 	(obj:0.002331)
s#1553#2                                      195.891 	(obj:0.002262)
s#1553#3                                      153.326 	(obj:8e-05)
s#1553#4                                      106.933 	(obj:0.002445)
s#1554#0                                        77.32 	(obj:0.002197)
s#1554#1                                      240.376 	(obj:0.002331)
s#1554#2                                      195.971 	(obj:0.002262)
s#1554#3                                      153.336 	(obj:8e-05)
s#1554#4                                      107.015 	(obj:0.002445)
s#1555#0                                        77.36 	(obj:0.002197)
s#1555#1                                      240.476 	(obj:0.002331)
s#1555#2                                      196.041 	(obj:0.002262)
s#1555#3                                      153.506 	(obj:8e-05)
s#1555#4                                      107.069 	(obj:0.002445)
s#1556#0                                        77.39 	(obj:0.002197)
s#1556#1                                      240.626 	(obj:0.002331)
s#1556#2                                      196.091 	(obj:0.002262)
s#1556#3                                      153.516 	(obj:8e-05)
s#1556#4                                      107.072 	(obj:0.002445)
s#1557#0                                        77.41 	(obj:0.002197)
s#1557#1                                      240.656 	(obj:0.002331)
s#1557#2                                      196.261 	(obj:0.002262)
s#1557#3                                      153.556 	(obj:8e-05)
s#1557#4                                      107.563 	(obj:0.002445)
s#1558#0                                        77.41 	(obj:0.002197)
s#1558#1                                      240.776 	(obj:0.002331)
s#1558#2                                      196.391 	(obj:0.002262)
s#1558#3                                      153.606 	(obj:8e-05)
s#1558#4                                      107.738 	(obj:0.002445)
s#1559#0                                        77.62 	(obj:0.002197)
s#1559#1                                      240.796 	(obj:0.002331)
s#1559#2                                      196.441 	(obj:0.002262)
s#1559#3                                      153.636 	(obj:8e-05)
s#1559#4                                       107.87 	(obj:0.002445)
s#1560#0                                         77.7 	(obj:0.002197)
s#1560#1                                      240.806 	(obj:0.002331)
s#1560#2                                      196.521 	(obj:0.002262)
s#1560#3                                      153.896 	(obj:8e-05)
s#1560#4                                      107.967 	(obj:0.002445)
s#1561#0                                         77.7 	(obj:0.002197)
s#1561#1                                      240.846 	(obj:0.002331)
s#1561#2                                      196.601 	(obj:0.002262)
s#1561#3                                      153.976 	(obj:8e-05)
s#1561#4                                      108.172 	(obj:0.002445)
s#1562#0                                        77.73 	(obj:0.002197)
s#1562#1                                      240.876 	(obj:0.002331)
s#1562#2                                      196.801 	(obj:0.002262)
s#1562#3                                      154.056 	(obj:8e-05)
s#1562#4                                      108.228 	(obj:0.002445)
s#1563#0                                        77.76 	(obj:0.002197)
s#1563#1                                      240.896 	(obj:0.002331)
s#1563#2                                      196.811 	(obj:0.002262)
s#1563#3                                      154.056 	(obj:8e-05)
s#1563#4                                      108.251 	(obj:0.002445)
s#1564#0                                        77.76 	(obj:0.002197)
s#1564#1                                      240.916 	(obj:0.002331)
s#1564#2                                      196.881 	(obj:0.002262)
s#1564#3                                      154.076 	(obj:8e-05)
s#1564#4                                      108.281 	(obj:0.002445)
s#1565#0                                        77.77 	(obj:0.002197)
s#1565#1                                      241.036 	(obj:0.002331)
s#1565#2                                      196.921 	(obj:0.002262)
s#1565#3                                      154.086 	(obj:8e-05)
s#1565#4                                      108.458 	(obj:0.002445)
s#1566#0                                        77.78 	(obj:0.002197)
s#1566#1                                      241.046 	(obj:0.002331)
s#1566#2                                      196.981 	(obj:0.002262)
s#1566#3                                      154.256 	(obj:8e-05)
s#1566#4                                      108.555 	(obj:0.002445)
s#1567#0                                        77.81 	(obj:0.002197)
s#1567#1                                      241.096 	(obj:0.002331)
s#1567#2                                      196.981 	(obj:0.002262)
s#1567#3                                      154.326 	(obj:8e-05)
s#1567#4                                      108.558 	(obj:0.002445)
s#1568#0                                        77.83 	(obj:0.002197)
s#1568#1                                      241.216 	(obj:0.002331)
s#1568#2                                      197.001 	(obj:0.002262)
s#1568#3                                      154.376 	(obj:8e-05)
s#1568#4                                      108.566 	(obj:0.002445)
s#1569#0                                        77.88 	(obj:0.002197)
s#1569#1                                      241.236 	(obj:0.002331)
s#1569#2                                      197.201 	(obj:0.002262)
s#1569#3                                      154.496 	(obj:8e-05)
s#1569#4                                      108.664 	(obj:0.002445)
s#1570#0                                        77.91 	(obj:0.002197)
s#1570#1                                      241.256 	(obj:0.002331)
s#1570#2                                      197.221 	(obj:0.002262)
s#1570#3                                      154.556 	(obj:8e-05)
s#1570#4                                      108.685 	(obj:0.002445)
s#1571#0                                        78.05 	(obj:0.002197)
s#1571#1                                      241.286 	(obj:0.002331)
s#1571#2                                      197.361 	(obj:0.002262)
s#1571#3                                      154.666 	(obj:8e-05)
s#1571#4                                      108.732 	(obj:0.002445)
s#1572#0                                        78.06 	(obj:0.002197)
s#1572#1                                      241.336 	(obj:0.002331)
s#1572#2                                      197.451 	(obj:0.002262)
s#1572#3                                      154.696 	(obj:8e-05)
s#1572#4                                      108.802 	(obj:0.002445)
s#1573#0                                        78.06 	(obj:0.002197)
s#1573#1                                      241.386 	(obj:0.002331)
s#1573#2                                      197.471 	(obj:0.002262)
s#1573#3                                      154.716 	(obj:8e-05)
s#1573#4                                      109.056 	(obj:0.002445)
s#1574#0                                        78.08 	(obj:0.002197)
s#1574#1                                      241.406 	(obj:0.002331)
s#1574#2                                      197.511 	(obj:0.002262)
s#1574#3                                      154.736 	(obj:8e-05)
s#1574#4                                      109.287 	(obj:0.002445)
s#1575#0                                        78.19 	(obj:0.002197)
s#1575#1                                      241.546 	(obj:0.002331)
s#1575#2                                      197.601 	(obj:0.002262)
s#1575#3                                      154.866 	(obj:8e-05)
s#1575#4                                      109.569 	(obj:0.002445)
s#1576#0                                        78.24 	(obj:0.002197)
s#1576#1                                      241.776 	(obj:0.002331)
s#1576#2                                      197.641 	(obj:0.002262)
s#1576#3                                      155.386 	(obj:8e-05)
s#1576#4                                       109.72 	(obj:0.002445)
s#1577#0                                        78.27 	(obj:0.002197)
s#1577#1                                      241.796 	(obj:0.002331)
s#1577#2                                      197.651 	(obj:0.002262)
s#1577#3                                      155.486 	(obj:8e-05)
s#1577#4                                      109.887 	(obj:0.002445)
s#1578#0                                        78.28 	(obj:0.002197)
s#1578#1                                      241.946 	(obj:0.002331)
s#1578#2                                      197.691 	(obj:0.002262)
s#1578#3                                      155.516 	(obj:8e-05)
s#1578#4                                      109.911 	(obj:0.002445)
s#1579#0                                        78.33 	(obj:0.002197)
s#1579#1                                      241.946 	(obj:0.002331)
s#1579#2                                      197.911 	(obj:0.002262)
s#1579#3                                      155.536 	(obj:8e-05)
s#1579#4                                      110.024 	(obj:0.002445)
s#1580#0                                        78.34 	(obj:0.002197)
s#1580#1                                      242.086 	(obj:0.002331)
s#1580#2                                      198.031 	(obj:0.002262)
s#1580#3                                      155.546 	(obj:8e-05)
s#1580#4                                      110.186 	(obj:0.002445)
s#1581#0                                        78.43 	(obj:0.002197)
s#1581#1                                      242.256 	(obj:0.002331)
s#1581#2                                      198.091 	(obj:0.002262)
s#1581#3                                      155.586 	(obj:8e-05)
s#1581#4                                      110.458 	(obj:0.002445)
s#1582#0                                        78.47 	(obj:0.002197)
s#1582#1                                      242.356 	(obj:0.002331)
s#1582#2                                      198.201 	(obj:0.002262)
s#1582#3                                      155.636 	(obj:8e-05)
s#1582#4                                      110.689 	(obj:0.002445)
s#1583#0                                        78.52 	(obj:0.002197)
s#1583#1                                      242.626 	(obj:0.002331)
s#1583#2                                      198.211 	(obj:0.002262)
s#1583#3                                      155.646 	(obj:8e-05)
s#1583#4                                      110.803 	(obj:0.002445)
s#1584#0                                         78.6 	(obj:0.002197)
s#1584#1                                      242.636 	(obj:0.002331)
s#1584#2                                      198.221 	(obj:0.002262)
s#1584#3                                      155.656 	(obj:8e-05)
s#1584#4                                      110.826 	(obj:0.002445)
s#1585#0                                        78.64 	(obj:0.002197)
s#1585#1                                      242.676 	(obj:0.002331)
s#1585#2                                      198.321 	(obj:0.002262)
s#1585#3                                      155.666 	(obj:8e-05)
s#1585#4                                       110.93 	(obj:0.002445)
s#1586#0                                        78.66 	(obj:0.002197)
s#1586#1                                      242.696 	(obj:0.002331)
s#1586#2                                      198.381 	(obj:0.002262)
s#1586#3                                      155.676 	(obj:8e-05)
s#1586#4                                      111.012 	(obj:0.002445)
s#1587#0                                        78.68 	(obj:0.002197)
s#1587#1                                      242.726 	(obj:0.002331)
s#1587#2                                      198.531 	(obj:0.002262)
s#1587#3                                      155.826 	(obj:8e-05)
s#1587#4                                      111.335 	(obj:0.002445)
s#1588#0                                        78.69 	(obj:0.002197)
s#1588#1                                      242.926 	(obj:0.002331)
s#1588#2                                      198.541 	(obj:0.002262)
s#1588#3                                      155.926 	(obj:8e-05)
s#1588#4                                      111.378 	(obj:0.002445)
s#1589#0                                        78.82 	(obj:0.002197)
s#1589#1                                      242.936 	(obj:0.002331)
s#1589#2                                      198.631 	(obj:0.002262)
s#1589#3                                      155.926 	(obj:8e-05)
s#1589#4                                      111.571 	(obj:0.002445)
s#1590#0                                        78.84 	(obj:0.002197)
s#1590#1                                      243.016 	(obj:0.002331)
s#1590#2                                      198.651 	(obj:0.002262)
s#1590#3                                      155.976 	(obj:8e-05)
s#1590#4                                      111.986 	(obj:0.002445)
s#1591#0                                        78.88 	(obj:0.002197)
s#1591#1                                      243.226 	(obj:0.002331)
s#1591#2                                      198.681 	(obj:0.002262)
s#1591#3                                      155.986 	(obj:8e-05)
s#1591#4                                      112.137 	(obj:0.002445)
s#1592#0                                        78.98 	(obj:0.002197)
s#1592#1                                      243.316 	(obj:0.002331)
s#1592#2                                      198.761 	(obj:0.002262)
s#1592#3                                      156.196 	(obj:8e-05)
s#1592#4                                      112.195 	(obj:0.002445)
s#1593#0                                        79.07 	(obj:0.002197)
s#1593#1                                      243.316 	(obj:0.002331)
s#1593#2                                      198.771 	(obj:0.002262)
s#1593#3                                      156.236 	(obj:8e-05)
s#1593#4                                      112.216 	(obj:0.002445)
s#1594#0                                        79.08 	(obj:0.002197)
s#1594#1                                      243.446 	(obj:0.002331)
s#1594#2                                      198.771 	(obj:0.002262)
s#1594#3                                      156.276 	(obj:8e-05)
s#1594#4                                      112.331 	(obj:0.002445)
s#1595#0                                         79.1 	(obj:0.002197)
s#1595#1                                      243.596 	(obj:0.002331)
s#1595#2                                      198.811 	(obj:0.002262)
s#1595#3                                      156.486 	(obj:8e-05)
s#1595#4                                      112.333 	(obj:0.002445)
s#1596#0                                        79.15 	(obj:0.002197)
s#1596#1                                      243.736 	(obj:0.002331)
s#1596#2                                      199.011 	(obj:0.002262)
s#1596#3                                      156.506 	(obj:8e-05)
s#1596#4                                      112.501 	(obj:0.002445)
s#1597#0                                        79.22 	(obj:0.002197)
s#1597#1                                      243.806 	(obj:0.002331)
s#1597#2                                      199.011 	(obj:0.002262)
s#1597#3                                      156.546 	(obj:8e-05)
s#1597#4                                      112.543 	(obj:0.002445)
s#1598#0                                        79.24 	(obj:0.002197)
s#1598#1                                      243.806 	(obj:0.002331)
s#1598#2                                      199.051 	(obj:0.002262)
s#1598#3                                      156.746 	(obj:8e-05)
s#1598#4                                      112.572 	(obj:0.002445)
s#1599#0                                         79.3 	(obj:0.002197)
s#1599#1                                      243.846 	(obj:0.002331)
s#1599#2                                      199.081 	(obj:0.002262)
s#1599#3                                      156.766 	(obj:8e-05)
s#1599#4                                      112.735 	(obj:0.002445)
s#1600#0                                        79.38 	(obj:0.002197)
s#1600#1                                      243.956 	(obj:0.002331)
s#1600#2                                      199.271 	(obj:0.002262)
s#1600#3                                      156.786 	(obj:8e-05)
s#1600#4                                      112.796 	(obj:0.002445)
s#1601#0                                        79.44 	(obj:0.002197)
s#1601#1                                      244.126 	(obj:0.002331)
s#1601#2                                      199.291 	(obj:0.002262)
s#1601#3                                      156.856 	(obj:8e-05)
s#1601#4                                       112.94 	(obj:0.002445)
s#1602#0                                        79.45 	(obj:0.002197)
s#1602#1                                      244.246 	(obj:0.002331)
s#1602#2                                      199.371 	(obj:0.002262)
s#1602#3                                      156.876 	(obj:8e-05)
s#1602#4                                      112.941 	(obj:0.002445)
s#1603#0                                        79.47 	(obj:0.002197)
s#1603#1                                      244.356 	(obj:0.002331)
s#1603#2                                      199.371 	(obj:0.002262)
s#1603#3                                      156.916 	(obj:8e-05)
s#1603#4                                      112.985 	(obj:0.002445)
s#1604#0                                        79.54 	(obj:0.002197)
s#1604#1                                      244.366 	(obj:0.002331)
s#1604#2                                      199.371 	(obj:0.002262)
s#1604#3                                      156.976 	(obj:8e-05)
s#1604#4                                      113.199 	(obj:0.002445)
s#1605#0                                        79.55 	(obj:0.002197)
s#1605#1                                      244.486 	(obj:0.002331)
s#1605#2                                      199.421 	(obj:0.002262)
s#1605#3                                      157.006 	(obj:8e-05)
s#1605#4                                      113.228 	(obj:0.002445)
s#1606#0                                        79.56 	(obj:0.002197)
s#1606#1                                      244.556 	(obj:0.002331)
s#1606#2                                      199.441 	(obj:0.002262)
s#1606#3                                      157.096 	(obj:8e-05)
s#1606#4                                      113.269 	(obj:0.002445)
s#1607#0                                        79.68 	(obj:0.002197)
s#1607#1                                      244.616 	(obj:0.002331)
s#1607#2                                      199.451 	(obj:0.002262)
s#1607#3                                      157.266 	(obj:8e-05)
s#1607#4                                      113.281 	(obj:0.002445)
s#1608#0                                        79.72 	(obj:0.002197)
s#1608#1                                      244.716 	(obj:0.002331)
s#1608#2                                      199.731 	(obj:0.002262)
s#1608#3                                      157.306 	(obj:8e-05)
s#1608#4                                      113.297 	(obj:0.002445)
s#1609#0                                        79.73 	(obj:0.002197)
s#1609#1                                      244.716 	(obj:0.002331)
s#1609#2                                      199.761 	(obj:0.002262)
s#1609#3                                      157.336 	(obj:8e-05)
s#1609#4                                      113.535 	(obj:0.002445)
s#1610#0                                        79.78 	(obj:0.002197)
s#1610#1                                      245.246 	(obj:0.002331)
s#1610#2                                      199.781 	(obj:0.002262)
s#1610#3                                      157.376 	(obj:8e-05)
s#1610#4                                      114.191 	(obj:0.002445)
s#1611#0                                        79.79 	(obj:0.002197)
s#1611#1                                      245.296 	(obj:0.002331)
s#1611#2                                      199.811 	(obj:0.002262)
s#1611#3                                      157.566 	(obj:8e-05)
s#1611#4                                      114.241 	(obj:0.002445)
s#1612#0                                        79.83 	(obj:0.002197)
s#1612#1                                      245.356 	(obj:0.002331)
s#1612#2                                      200.201 	(obj:0.002262)
s#1612#3                                      157.596 	(obj:8e-05)
s#1612#4                                      114.408 	(obj:0.002445)
s#1613#0                                         79.9 	(obj:0.002197)
s#1613#1                                      245.416 	(obj:0.002331)
s#1613#2                                      200.201 	(obj:0.002262)
s#1613#3                                      157.666 	(obj:8e-05)
s#1613#4                                      114.509 	(obj:0.002445)
s#1614#0                                        79.93 	(obj:0.002197)
s#1614#1                                      245.516 	(obj:0.002331)
s#1614#2                                      200.301 	(obj:0.002262)
s#1614#3                                      157.946 	(obj:8e-05)
s#1614#4                                       114.58 	(obj:0.002445)
s#1615#0                                        79.95 	(obj:0.002197)
s#1615#1                                      245.686 	(obj:0.002331)
s#1615#2                                      200.331 	(obj:0.002262)
s#1615#3                                      157.986 	(obj:8e-05)
s#1615#4                                      114.603 	(obj:0.002445)
s#1616#0                                        80.01 	(obj:0.002197)
s#1616#1                                      245.846 	(obj:0.002331)
s#1616#2                                      200.341 	(obj:0.002262)
s#1616#3                                      158.126 	(obj:8e-05)
s#1616#4                                      114.632 	(obj:0.002445)
s#1617#0                                        80.07 	(obj:0.002197)
s#1617#1                                      245.956 	(obj:0.002331)
s#1617#2                                      200.421 	(obj:0.002262)
s#1617#3                                      158.246 	(obj:8e-05)
s#1617#4                                      114.701 	(obj:0.002445)
s#1618#0                                        80.09 	(obj:0.002197)
s#1618#1                                      245.956 	(obj:0.002331)
s#1618#2                                      200.801 	(obj:0.002262)
s#1618#3                                      158.306 	(obj:8e-05)
s#1618#4                                      114.811 	(obj:0.002445)
s#1619#0                                        80.27 	(obj:0.002197)
s#1619#1                                      246.056 	(obj:0.002331)
s#1619#2                                      200.831 	(obj:0.002262)
s#1619#3                                      158.376 	(obj:8e-05)
s#1619#4                                      114.824 	(obj:0.002445)
s#1620#0                                        80.36 	(obj:0.002197)
s#1620#1                                      246.156 	(obj:0.002331)
s#1620#2                                      200.961 	(obj:0.002262)
s#1620#3                                      158.386 	(obj:8e-05)
s#1620#4                                      114.872 	(obj:0.002445)
s#1621#0                                        80.39 	(obj:0.002197)
s#1621#1                                      246.166 	(obj:0.002331)
s#1621#2                                      201.001 	(obj:0.002262)
s#1621#3                                      158.666 	(obj:8e-05)
s#1621#4                                      114.929 	(obj:0.002445)
s#1622#0                                        80.42 	(obj:0.002197)
s#1622#1                                      246.196 	(obj:0.002331)
s#1622#2                                      201.131 	(obj:0.002262)
s#1622#3                                      158.696 	(obj:8e-05)
s#1622#4                                      114.949 	(obj:0.002445)
s#1623#0                                        80.43 	(obj:0.002197)
s#1623#1                                      246.306 	(obj:0.002331)
s#1623#2                                      201.141 	(obj:0.002262)
s#1623#3                                      158.776 	(obj:8e-05)
s#1623#4                                      115.108 	(obj:0.002445)
s#1624#0                                        80.44 	(obj:0.002197)
s#1624#1                                      246.406 	(obj:0.002331)
s#1624#2                                      201.191 	(obj:0.002262)
s#1624#3                                      158.786 	(obj:8e-05)
s#1624#4                                      115.116 	(obj:0.002445)
s#1625#0                                        80.45 	(obj:0.002197)
s#1625#1                                      246.406 	(obj:0.002331)
s#1625#2                                      201.451 	(obj:0.002262)
s#1625#3                                      158.906 	(obj:8e-05)
s#1625#4                                      115.168 	(obj:0.002445)
s#1626#0                                         80.5 	(obj:0.002197)
s#1626#1                                      246.466 	(obj:0.002331)
s#1626#2                                      201.461 	(obj:0.002262)
s#1626#3                                      159.256 	(obj:8e-05)
s#1626#4                                      115.257 	(obj:0.002445)
s#1627#0                                         80.5 	(obj:0.002197)
s#1627#1                                      246.516 	(obj:0.002331)
s#1627#2                                      201.481 	(obj:0.002262)
s#1627#3                                      159.256 	(obj:8e-05)
s#1627#4                                      115.393 	(obj:0.002445)
s#1628#0                                        80.55 	(obj:0.002197)
s#1628#1                                      246.716 	(obj:0.002331)
s#1628#2                                      201.511 	(obj:0.002262)
s#1628#3                                      159.616 	(obj:8e-05)
s#1628#4                                      115.664 	(obj:0.002445)
s#1629#0                                        80.57 	(obj:0.002197)
s#1629#1                                      246.866 	(obj:0.002331)
s#1629#2                                      201.551 	(obj:0.002262)
s#1629#3                                      159.816 	(obj:8e-05)
s#1629#4                                      115.681 	(obj:0.002445)
s#1630#0                                         80.6 	(obj:0.002197)
s#1630#1                                      246.916 	(obj:0.002331)
s#1630#2                                      201.741 	(obj:0.002262)
s#1630#3                                      159.876 	(obj:8e-05)
s#1630#4                                      115.746 	(obj:0.002445)
s#1631#0                                        80.64 	(obj:0.002197)
s#1631#1                                      247.006 	(obj:0.002331)
s#1631#2                                      201.941 	(obj:0.002262)
s#1631#3                                      159.906 	(obj:8e-05)
s#1631#4                                      115.847 	(obj:0.002445)
s#1632#0                                        80.68 	(obj:0.002197)
s#1632#1                                      247.016 	(obj:0.002331)
s#1632#2                                      201.991 	(obj:0.002262)
s#1632#3                                      160.026 	(obj:8e-05)
s#1632#4                                      115.895 	(obj:0.002445)
s#1633#0                                        80.68 	(obj:0.002197)
s#1633#1                                      247.156 	(obj:0.002331)
s#1633#2                                      202.171 	(obj:0.002262)
s#1633#3                                      160.316 	(obj:8e-05)
s#1633#4                                      116.325 	(obj:0.002445)
s#1634#0                                        80.74 	(obj:0.002197)
s#1634#1                                      247.196 	(obj:0.002331)
s#1634#2                                      202.471 	(obj:0.002262)
s#1634#3                                      160.466 	(obj:8e-05)
s#1634#4                                       116.55 	(obj:0.002445)
s#1635#0                                        80.76 	(obj:0.002197)
s#1635#1                                      247.386 	(obj:0.002331)
s#1635#2                                      202.491 	(obj:0.002262)
s#1635#3                                      160.556 	(obj:8e-05)
s#1635#4                                      116.656 	(obj:0.002445)
s#1636#0                                        80.77 	(obj:0.002197)
s#1636#1                                      247.406 	(obj:0.002331)
s#1636#2                                      202.541 	(obj:0.002262)
s#1636#3                                      160.566 	(obj:8e-05)
s#1636#4                                      116.693 	(obj:0.002445)
s#1637#0                                         80.9 	(obj:0.002197)
s#1637#1                                      247.406 	(obj:0.002331)
s#1637#2                                      202.651 	(obj:0.002262)
s#1637#3                                      160.626 	(obj:8e-05)
s#1637#4                                      116.758 	(obj:0.002445)
s#1638#0                                        80.94 	(obj:0.002197)
s#1638#1                                      247.566 	(obj:0.002331)
s#1638#2                                      202.681 	(obj:0.002262)
s#1638#3                                      160.746 	(obj:8e-05)
s#1638#4                                      116.774 	(obj:0.002445)
s#1639#0                                        81.03 	(obj:0.002197)
s#1639#1                                      247.696 	(obj:0.002331)
s#1639#2                                      202.991 	(obj:0.002262)
s#1639#3                                      160.906 	(obj:8e-05)
s#1639#4                                      116.925 	(obj:0.002445)
s#1640#0                                        81.23 	(obj:0.002197)
s#1640#1                                      247.766 	(obj:0.002331)
s#1640#2                                      203.081 	(obj:0.002262)
s#1640#3                                      161.126 	(obj:8e-05)
s#1640#4                                      116.952 	(obj:0.002445)
s#1641#0                                        81.31 	(obj:0.002197)
s#1641#1                                      247.816 	(obj:0.002331)
s#1641#2                                      203.201 	(obj:0.002262)
s#1641#3                                      161.166 	(obj:8e-05)
s#1641#4                                      117.051 	(obj:0.002445)
s#1642#0                                        81.32 	(obj:0.002197)
s#1642#1                                      247.836 	(obj:0.002331)
s#1642#2                                      203.221 	(obj:0.002262)
s#1642#3                                      161.226 	(obj:8e-05)
s#1642#4                                       117.14 	(obj:0.002445)
s#1643#0                                        81.44 	(obj:0.002197)
s#1643#1                                      247.836 	(obj:0.002331)
s#1643#2                                      203.311 	(obj:0.002262)
s#1643#3                                      161.286 	(obj:8e-05)
s#1643#4                                      117.157 	(obj:0.002445)
s#1644#0                                        81.51 	(obj:0.002197)
s#1644#1                                      247.856 	(obj:0.002331)
s#1644#2                                      203.601 	(obj:0.002262)
s#1644#3                                      161.306 	(obj:8e-05)
s#1644#4                                      117.195 	(obj:0.002445)
s#1645#0                                        81.56 	(obj:0.002197)
s#1645#1                                      248.066 	(obj:0.002331)
s#1645#2                                      203.611 	(obj:0.002262)
s#1645#3                                      161.576 	(obj:8e-05)
s#1645#4                                      117.289 	(obj:0.002445)
s#1646#0                                         81.6 	(obj:0.002197)
s#1646#1                                      248.066 	(obj:0.002331)
s#1646#2                                      203.751 	(obj:0.002262)
s#1646#3                                      161.756 	(obj:8e-05)
s#1646#4                                      117.548 	(obj:0.002445)
s#1647#0                                         81.6 	(obj:0.002197)
s#1647#1                                      248.176 	(obj:0.002331)
s#1647#2                                      203.861 	(obj:0.002262)
s#1647#3                                      161.846 	(obj:8e-05)
s#1647#4                                      117.677 	(obj:0.002445)
s#1648#0                                        81.63 	(obj:0.002197)
s#1648#1                                      248.206 	(obj:0.002331)
s#1648#2                                      203.901 	(obj:0.002262)
s#1648#3                                      162.306 	(obj:8e-05)
s#1648#4                                      117.728 	(obj:0.002445)
s#1649#0                                        81.64 	(obj:0.002197)
s#1649#1                                      248.206 	(obj:0.002331)
s#1649#2                                      204.011 	(obj:0.002262)
s#1649#3                                      162.506 	(obj:8e-05)
s#1649#4                                      118.081 	(obj:0.002445)
s#1650#0                                        81.65 	(obj:0.002197)
s#1650#1                                      248.346 	(obj:0.002331)
s#1650#2                                      204.061 	(obj:0.002262)
s#1650#3                                      162.746 	(obj:8e-05)
s#1650#4                                      118.232 	(obj:0.002445)
s#1651#0                                        81.71 	(obj:0.002197)
s#1651#1                                      248.356 	(obj:0.002331)
s#1651#2                                      204.061 	(obj:0.002262)
s#1651#3                                      162.866 	(obj:8e-05)
s#1651#4                                      118.413 	(obj:0.002445)
s#1652#0                                        81.78 	(obj:0.002197)
s#1652#1                                      248.426 	(obj:0.002331)
s#1652#2                                      204.081 	(obj:0.002262)
s#1652#3                                      162.886 	(obj:8e-05)
s#1652#4                                      118.972 	(obj:0.002445)
s#1653#0                                        81.79 	(obj:0.002197)
s#1653#1                                      248.566 	(obj:0.002331)
s#1653#2                                      204.091 	(obj:0.002262)
s#1653#3                                      162.906 	(obj:8e-05)
s#1653#4                                       119.26 	(obj:0.002445)
s#1654#0                                        81.79 	(obj:0.002197)
s#1654#1                                      249.036 	(obj:0.002331)
s#1654#2                                      204.201 	(obj:0.002262)
s#1654#3                                      162.946 	(obj:8e-05)
s#1654#4                                      119.411 	(obj:0.002445)
s#1655#0                                        81.91 	(obj:0.002197)
s#1655#1                                      249.076 	(obj:0.002331)
s#1655#2                                      204.291 	(obj:0.002262)
s#1655#3                                      163.036 	(obj:8e-05)
s#1655#4                                      119.477 	(obj:0.002445)
s#1656#0                                        81.91 	(obj:0.002197)
s#1656#1                                      249.176 	(obj:0.002331)
s#1656#2                                      204.371 	(obj:0.002262)
s#1656#3                                      163.166 	(obj:8e-05)
s#1656#4                                       119.48 	(obj:0.002445)
s#1657#0                                        81.92 	(obj:0.002197)
s#1657#1                                      249.336 	(obj:0.002331)
s#1657#2                                      204.371 	(obj:0.002262)
s#1657#3                                      163.196 	(obj:8e-05)
s#1657#4                                      119.755 	(obj:0.002445)
s#1658#0                                        82.04 	(obj:0.002197)
s#1658#1                                      249.486 	(obj:0.002331)
s#1658#2                                      204.521 	(obj:0.002262)
s#1658#3                                      163.546 	(obj:8e-05)
s#1658#4                                      119.804 	(obj:0.002445)
s#1659#0                                        82.05 	(obj:0.002197)
s#1659#1                                      249.606 	(obj:0.002331)
s#1659#2                                      204.581 	(obj:0.002262)
s#1659#3                                      163.616 	(obj:8e-05)
s#1659#4                                      120.034 	(obj:0.002445)
s#1660#0                                        82.06 	(obj:0.002197)
s#1660#1                                      249.816 	(obj:0.002331)
s#1660#2                                      204.631 	(obj:0.002262)
s#1660#3                                      163.756 	(obj:8e-05)
s#1660#4                                      120.194 	(obj:0.002445)
s#1661#0                                        82.12 	(obj:0.002197)
s#1661#1                                      249.946 	(obj:0.002331)
s#1661#2                                      204.721 	(obj:0.002262)
s#1661#3                                      163.786 	(obj:8e-05)
s#1661#4                                      120.276 	(obj:0.002445)
s#1662#0                                        82.12 	(obj:0.002197)
s#1662#1                                      250.026 	(obj:0.002331)
s#1662#2                                      205.031 	(obj:0.002262)
s#1662#3                                      163.796 	(obj:8e-05)
s#1662#4                                      120.335 	(obj:0.002445)
s#1663#0                                         82.2 	(obj:0.002197)
s#1663#1                                      250.166 	(obj:0.002331)
s#1663#2                                      205.031 	(obj:0.002262)
s#1663#3                                      164.136 	(obj:8e-05)
s#1663#4                                      120.466 	(obj:0.002445)
s#1664#0                                        82.21 	(obj:0.002197)
s#1664#1                                      250.216 	(obj:0.002331)
s#1664#2                                      205.071 	(obj:0.002262)
s#1664#3                                      164.216 	(obj:8e-05)
s#1664#4                                      120.569 	(obj:0.002445)
s#1665#0                                        82.27 	(obj:0.002197)
s#1665#1                                      250.276 	(obj:0.002331)
s#1665#2                                      205.121 	(obj:0.002262)
s#1665#3                                      164.326 	(obj:8e-05)
s#1665#4                                      120.619 	(obj:0.002445)
s#1666#0                                        82.29 	(obj:0.002197)
s#1666#1                                      250.326 	(obj:0.002331)
s#1666#2                                      205.171 	(obj:0.002262)
s#1666#3                                      164.626 	(obj:8e-05)
s#1666#4                                      120.654 	(obj:0.002445)
s#1667#0                                        82.31 	(obj:0.002197)
s#1667#1                                      250.366 	(obj:0.002331)
s#1667#2                                      205.171 	(obj:0.002262)
s#1667#3                                      164.646 	(obj:8e-05)
s#1667#4                                      120.763 	(obj:0.002445)
s#1668#0                                        82.43 	(obj:0.002197)
s#1668#1                                      250.396 	(obj:0.002331)
s#1668#2                                      205.261 	(obj:0.002262)
s#1668#3                                      164.946 	(obj:8e-05)
s#1668#4                                      120.987 	(obj:0.002445)
s#1669#0                                        82.54 	(obj:0.002197)
s#1669#1                                      250.406 	(obj:0.002331)
s#1669#2                                      205.331 	(obj:0.002262)
s#1669#3                                      164.956 	(obj:8e-05)
s#1669#4                                      121.015 	(obj:0.002445)
s#1670#0                                        82.55 	(obj:0.002197)
s#1670#1                                      250.416 	(obj:0.002331)
s#1670#2                                      205.561 	(obj:0.002262)
s#1670#3                                      165.146 	(obj:8e-05)
s#1670#4                                      121.019 	(obj:0.002445)
s#1671#0                                        82.72 	(obj:0.002197)
s#1671#1                                      250.616 	(obj:0.002331)
s#1671#2                                      205.581 	(obj:0.002262)
s#1671#3                                      165.256 	(obj:8e-05)
s#1671#4                                      121.059 	(obj:0.002445)
s#1672#0                                        82.81 	(obj:0.002197)
s#1672#1                                      250.656 	(obj:0.002331)
s#1672#2                                      205.951 	(obj:0.002262)
s#1672#3                                      165.606 	(obj:8e-05)
s#1672#4                                      121.203 	(obj:0.002445)
s#1673#0                                        82.88 	(obj:0.002197)
s#1673#1                                      250.676 	(obj:0.002331)
s#1673#2                                      206.441 	(obj:0.002262)
s#1673#3                                      165.776 	(obj:8e-05)
s#1673#4                                      121.345 	(obj:0.002445)
s#1674#0                                        82.95 	(obj:0.002197)
s#1674#1                                      250.696 	(obj:0.002331)
s#1674#2                                      206.511 	(obj:0.002262)
s#1674#3                                      165.796 	(obj:8e-05)
s#1674#4                                      121.577 	(obj:0.002445)
s#1675#0                                        82.97 	(obj:0.002197)
s#1675#1                                      250.706 	(obj:0.002331)
s#1675#2                                      206.521 	(obj:0.002262)
s#1675#3                                      165.846 	(obj:8e-05)
s#1675#4                                      121.598 	(obj:0.002445)
s#1676#0                                        82.98 	(obj:0.002197)
s#1676#1                                      250.706 	(obj:0.002331)
s#1676#2                                      206.531 	(obj:0.002262)
s#1676#3                                      165.946 	(obj:8e-05)
s#1676#4                                      121.939 	(obj:0.002445)
s#1677#0                                        83.05 	(obj:0.002197)
s#1677#1                                      250.846 	(obj:0.002331)
s#1677#2                                      206.541 	(obj:0.002262)
s#1677#3                                      165.986 	(obj:8e-05)
s#1677#4                                      122.049 	(obj:0.002445)
s#1678#0                                        83.15 	(obj:0.002197)
s#1678#1                                      250.856 	(obj:0.002331)
s#1678#2                                      206.541 	(obj:0.002262)
s#1678#3                                      166.006 	(obj:8e-05)
s#1678#4                                      122.195 	(obj:0.002445)
s#1679#0                                        83.17 	(obj:0.002197)
s#1679#1                                      250.866 	(obj:0.002331)
s#1679#2                                      206.711 	(obj:0.002262)
s#1679#3                                      166.026 	(obj:8e-05)
s#1679#4                                      122.235 	(obj:0.002445)
s#1680#0                                         83.2 	(obj:0.002197)
s#1680#1                                      250.996 	(obj:0.002331)
s#1680#2                                      206.991 	(obj:0.002262)
s#1680#3                                      166.046 	(obj:8e-05)
s#1680#4                                      122.332 	(obj:0.002445)
s#1681#0                                        83.32 	(obj:0.002197)
s#1681#1                                      251.066 	(obj:0.002331)
s#1681#2                                      207.351 	(obj:0.002262)
s#1681#3                                      166.096 	(obj:8e-05)
s#1681#4                                      122.619 	(obj:0.002445)
s#1682#0                                        83.35 	(obj:0.002197)
s#1682#1                                      251.236 	(obj:0.002331)
s#1682#2                                      207.411 	(obj:0.002262)
s#1682#3                                      166.166 	(obj:8e-05)
s#1682#4                                      122.659 	(obj:0.002445)
s#1683#0                                         83.4 	(obj:0.002197)
s#1683#1                                      251.246 	(obj:0.002331)
s#1683#2                                      207.451 	(obj:0.002262)
s#1683#3                                      166.226 	(obj:8e-05)
s#1683#4                                      122.722 	(obj:0.002445)
s#1684#0                                        83.45 	(obj:0.002197)
s#1684#1                                      251.386 	(obj:0.002331)
s#1684#2                                      207.461 	(obj:0.002262)
s#1684#3                                      166.276 	(obj:8e-05)
s#1684#4                                      123.042 	(obj:0.002445)
s#1685#0                                        83.61 	(obj:0.002197)
s#1685#1                                      251.576 	(obj:0.002331)
s#1685#2                                      207.531 	(obj:0.002262)
s#1685#3                                      166.326 	(obj:8e-05)
s#1685#4                                      123.076 	(obj:0.002445)
s#1686#0                                        83.62 	(obj:0.002197)
s#1686#1                                      251.606 	(obj:0.002331)
s#1686#2                                      207.581 	(obj:0.002262)
s#1686#3                                      166.336 	(obj:8e-05)
s#1686#4                                      123.357 	(obj:0.002445)
s#1687#0                                        83.72 	(obj:0.002197)
s#1687#1                                      251.666 	(obj:0.002331)
s#1687#2                                      207.631 	(obj:0.002262)
s#1687#3                                      166.386 	(obj:8e-05)
s#1687#4                                      123.477 	(obj:0.002445)
s#1688#0                                        83.76 	(obj:0.002197)
s#1688#1                                      251.716 	(obj:0.002331)
s#1688#2                                      207.871 	(obj:0.002262)
s#1688#3                                      166.396 	(obj:8e-05)
s#1688#4                                      124.024 	(obj:0.002445)
s#1689#0                                        83.84 	(obj:0.002197)
s#1689#1                                      251.746 	(obj:0.002331)
s#1689#2                                      207.881 	(obj:0.002262)
s#1689#3                                      166.596 	(obj:8e-05)
s#1689#4                                      124.037 	(obj:0.002445)
s#1690#0                                        83.88 	(obj:0.002197)
s#1690#1                                      251.866 	(obj:0.002331)
s#1690#2                                      207.991 	(obj:0.002262)
s#1690#3                                      166.626 	(obj:8e-05)
s#1690#4                                      124.356 	(obj:0.002445)
s#1691#0                                         83.9 	(obj:0.002197)
s#1691#1                                      252.016 	(obj:0.002331)
s#1691#2                                      208.001 	(obj:0.002262)
s#1691#3                                      166.736 	(obj:8e-05)
s#1691#4                                      124.407 	(obj:0.002445)
s#1692#0                                        84.03 	(obj:0.002197)
s#1692#1                                      252.046 	(obj:0.002331)
s#1692#2                                      208.131 	(obj:0.002262)
s#1692#3                                      166.816 	(obj:8e-05)
s#1692#4                                      124.754 	(obj:0.002445)
s#1693#0                                        84.05 	(obj:0.002197)
s#1693#1                                      252.146 	(obj:0.002331)
s#1693#2                                      208.491 	(obj:0.002262)
s#1693#3                                      167.026 	(obj:8e-05)
s#1693#4                                      124.781 	(obj:0.002445)
s#1694#0                                        84.07 	(obj:0.002197)
s#1694#1                                      252.256 	(obj:0.002331)
s#1694#2                                      208.541 	(obj:0.002262)
s#1694#3                                      167.046 	(obj:8e-05)
s#1694#4                                      124.793 	(obj:0.002445)
s#1695#0                                         84.1 	(obj:0.002197)
s#1695#1                                      252.306 	(obj:0.002331)
s#1695#2                                      208.551 	(obj:0.002262)
s#1695#3                                      167.606 	(obj:8e-05)
s#1695#4                                      125.016 	(obj:0.002445)
s#1696#0                                        84.18 	(obj:0.002197)
s#1696#1                                      252.326 	(obj:0.002331)
s#1696#2                                      208.611 	(obj:0.002262)
s#1696#3                                      167.746 	(obj:8e-05)
s#1696#4                                      125.041 	(obj:0.002445)
s#1697#0                                        84.19 	(obj:0.002197)
s#1697#1                                      252.356 	(obj:0.002331)
s#1697#2                                      208.641 	(obj:0.002262)
s#1697#3                                      167.806 	(obj:8e-05)
s#1697#4                                      125.213 	(obj:0.002445)
s#1698#0                                        84.27 	(obj:0.002197)
s#1698#1                                      252.356 	(obj:0.002331)
s#1698#2                                      208.651 	(obj:0.002262)
s#1698#3                                      167.826 	(obj:8e-05)
s#1698#4                                      125.344 	(obj:0.002445)
s#1699#0                                        84.27 	(obj:0.002197)
s#1699#1                                      252.396 	(obj:0.002331)
s#1699#2                                      208.791 	(obj:0.002262)
s#1699#3                                      167.926 	(obj:8e-05)
s#1699#4                                      125.514 	(obj:0.002445)
s#1700#0                                        84.29 	(obj:0.002197)
s#1700#1                                      252.436 	(obj:0.002331)
s#1700#2                                      208.801 	(obj:0.002262)
s#1700#3                                      167.946 	(obj:8e-05)
s#1700#4                                      125.591 	(obj:0.002445)
s#1701#0                                         84.3 	(obj:0.002197)
s#1701#1                                      252.496 	(obj:0.002331)
s#1701#2                                      208.851 	(obj:0.002262)
s#1701#3                                      168.046 	(obj:8e-05)
s#1701#4                                      125.599 	(obj:0.002445)
s#1702#0                                        84.39 	(obj:0.002197)
s#1702#1                                      252.636 	(obj:0.002331)
s#1702#2                                      209.031 	(obj:0.002262)
s#1702#3                                      168.056 	(obj:8e-05)
s#1702#4                                      125.846 	(obj:0.002445)
s#1703#0                                         84.4 	(obj:0.002197)
s#1703#1                                      252.676 	(obj:0.002331)
s#1703#2                                      209.081 	(obj:0.002262)
s#1703#3                                      168.226 	(obj:8e-05)
s#1703#4                                      125.856 	(obj:0.002445)
s#1704#0                                        84.41 	(obj:0.002197)
s#1704#1                                      252.696 	(obj:0.002331)
s#1704#2                                      209.211 	(obj:0.002262)
s#1704#3                                      168.326 	(obj:8e-05)
s#1704#4                                      125.876 	(obj:0.002445)
s#1705#0                                        84.53 	(obj:0.002197)
s#1705#1                                      252.706 	(obj:0.002331)
s#1705#2                                      209.221 	(obj:0.002262)
s#1705#3                                      168.406 	(obj:8e-05)
s#1705#4                                        126.1 	(obj:0.002445)
s#1706#0                                        84.54 	(obj:0.002197)
s#1706#1                                      252.786 	(obj:0.002331)
s#1706#2                                      209.291 	(obj:0.002262)
s#1706#3                                      168.706 	(obj:8e-05)
s#1706#4                                      126.137 	(obj:0.002445)
s#1707#0                                        84.55 	(obj:0.002197)
s#1707#1                                      252.836 	(obj:0.002331)
s#1707#2                                      209.451 	(obj:0.002262)
s#1707#3                                      168.896 	(obj:8e-05)
s#1707#4                                      126.245 	(obj:0.002445)
s#1708#0                                        84.68 	(obj:0.002197)
s#1708#1                                      252.866 	(obj:0.002331)
s#1708#2                                      209.451 	(obj:0.002262)
s#1708#3                                      168.906 	(obj:8e-05)
s#1708#4                                      126.272 	(obj:0.002445)
s#1709#0                                         84.7 	(obj:0.002197)
s#1709#1                                      252.896 	(obj:0.002331)
s#1709#2                                      209.601 	(obj:0.002262)
s#1709#3                                      168.936 	(obj:8e-05)
s#1709#4                                      126.536 	(obj:0.002445)
s#1710#0                                        84.72 	(obj:0.002197)
s#1710#1                                      253.006 	(obj:0.002331)
s#1710#2                                      209.921 	(obj:0.002262)
s#1710#3                                      169.006 	(obj:8e-05)
s#1710#4                                       126.59 	(obj:0.002445)
s#1711#0                                        84.73 	(obj:0.002197)
s#1711#1                                      253.056 	(obj:0.002331)
s#1711#2                                      210.121 	(obj:0.002262)
s#1711#3                                      169.126 	(obj:8e-05)
s#1711#4                                      126.606 	(obj:0.002445)
s#1712#0                                        84.74 	(obj:0.002197)
s#1712#1                                      253.076 	(obj:0.002331)
s#1712#2                                      210.141 	(obj:0.002262)
s#1712#3                                      169.146 	(obj:8e-05)
s#1712#4                                      126.888 	(obj:0.002445)
s#1713#0                                        84.76 	(obj:0.002197)
s#1713#1                                      253.116 	(obj:0.002331)
s#1713#2                                      210.221 	(obj:0.002262)
s#1713#3                                      169.226 	(obj:8e-05)
s#1713#4                                      127.121 	(obj:0.002445)
s#1714#0                                        84.77 	(obj:0.002197)
s#1714#1                                      253.146 	(obj:0.002331)
s#1714#2                                      210.281 	(obj:0.002262)
s#1714#3                                      169.436 	(obj:8e-05)
s#1714#4                                      127.458 	(obj:0.002445)
s#1715#0                                        84.78 	(obj:0.002197)
s#1715#1                                      253.166 	(obj:0.002331)
s#1715#2                                      210.341 	(obj:0.002262)
s#1715#3                                      169.446 	(obj:8e-05)
s#1715#4                                      128.328 	(obj:0.002445)
s#1716#0                                        84.81 	(obj:0.002197)
s#1716#1                                      253.306 	(obj:0.002331)
s#1716#2                                      210.351 	(obj:0.002262)
s#1716#3                                      169.636 	(obj:8e-05)
s#1716#4                                      128.391 	(obj:0.002445)
s#1717#0                                        84.81 	(obj:0.002197)
s#1717#1                                      253.336 	(obj:0.002331)
s#1717#2                                      210.491 	(obj:0.002262)
s#1717#3                                      169.906 	(obj:8e-05)
s#1717#4                                      128.537 	(obj:0.002445)
s#1718#0                                        84.84 	(obj:0.002197)
s#1718#1                                      253.386 	(obj:0.002331)
s#1718#2                                      210.581 	(obj:0.002262)
s#1718#3                                      169.926 	(obj:8e-05)
s#1718#4                                      128.565 	(obj:0.002445)
s#1719#0                                        84.86 	(obj:0.002197)
s#1719#1                                      253.456 	(obj:0.002331)
s#1719#2                                      210.641 	(obj:0.002262)
s#1719#3                                      170.126 	(obj:8e-05)
s#1719#4                                      128.644 	(obj:0.002445)
s#1720#0                                        84.89 	(obj:0.002197)
s#1720#1                                      253.476 	(obj:0.002331)
s#1720#2                                      210.681 	(obj:0.002262)
s#1720#3                                      170.156 	(obj:8e-05)
s#1720#4                                      128.734 	(obj:0.002445)
s#1721#0                                        84.95 	(obj:0.002197)
s#1721#1                                      253.646 	(obj:0.002331)
s#1721#2                                      210.911 	(obj:0.002262)
s#1721#3                                      170.286 	(obj:8e-05)
s#1721#4                                      128.875 	(obj:0.002445)
s#1722#0                                        85.01 	(obj:0.002197)
s#1722#1                                      253.666 	(obj:0.002331)
s#1722#2                                      210.921 	(obj:0.002262)
s#1722#3                                      170.436 	(obj:8e-05)
s#1722#4                                      129.006 	(obj:0.002445)
s#1723#0                                        85.03 	(obj:0.002197)
s#1723#1                                      253.716 	(obj:0.002331)
s#1723#2                                      211.131 	(obj:0.002262)
s#1723#3                                      170.546 	(obj:8e-05)
s#1723#4                                      129.283 	(obj:0.002445)
s#1724#0                                        85.07 	(obj:0.002197)
s#1724#1                                      253.856 	(obj:0.002331)
s#1724#2                                      211.441 	(obj:0.002262)
s#1724#3                                      170.606 	(obj:8e-05)
s#1724#4                                      129.316 	(obj:0.002445)
s#1725#0                                        85.12 	(obj:0.002197)
s#1725#1                                      253.876 	(obj:0.002331)
s#1725#2                                      211.531 	(obj:0.002262)
s#1725#3                                      170.616 	(obj:8e-05)
s#1725#4                                      129.401 	(obj:0.002445)
s#1726#0                                        85.14 	(obj:0.002197)
s#1726#1                                      253.936 	(obj:0.002331)
s#1726#2                                      211.771 	(obj:0.002262)
s#1726#3                                      170.876 	(obj:8e-05)
s#1726#4                                      129.557 	(obj:0.002445)
s#1727#0                                        85.29 	(obj:0.002197)
s#1727#1                                      254.106 	(obj:0.002331)
s#1727#2                                      211.891 	(obj:0.002262)
s#1727#3                                      170.956 	(obj:8e-05)
s#1727#4                                       129.63 	(obj:0.002445)
s#1728#0                                        85.31 	(obj:0.002197)
s#1728#1                                      254.126 	(obj:0.002331)
s#1728#2                                      211.921 	(obj:0.002262)
s#1728#3                                      171.016 	(obj:8e-05)
s#1728#4                                      129.739 	(obj:0.002445)
s#1729#0                                        85.34 	(obj:0.002197)
s#1729#1                                      254.176 	(obj:0.002331)
s#1729#2                                      211.981 	(obj:0.002262)
s#1729#3                                      171.046 	(obj:8e-05)
s#1729#4                                      129.793 	(obj:0.002445)
s#1730#0                                        85.34 	(obj:0.002197)
s#1730#1                                      254.196 	(obj:0.002331)
s#1730#2                                      212.321 	(obj:0.002262)
s#1730#3                                      171.296 	(obj:8e-05)
s#1730#4                                      130.184 	(obj:0.002445)
s#1731#0                                        85.35 	(obj:0.002197)
s#1731#1                                      254.276 	(obj:0.002331)
s#1731#2                                      212.341 	(obj:0.002262)
s#1731#3                                      171.356 	(obj:8e-05)
s#1731#4                                      130.354 	(obj:0.002445)
s#1732#0                                        85.41 	(obj:0.002197)
s#1732#1                                      254.306 	(obj:0.002331)
s#1732#2                                      212.561 	(obj:0.002262)
s#1732#3                                      171.446 	(obj:8e-05)
s#1732#4                                       130.43 	(obj:0.002445)
s#1733#0                                        85.44 	(obj:0.002197)
s#1733#1                                      254.496 	(obj:0.002331)
s#1733#2                                      212.641 	(obj:0.002262)
s#1733#3                                      171.456 	(obj:8e-05)
s#1733#4                                      130.491 	(obj:0.002445)
s#1734#0                                        85.45 	(obj:0.002197)
s#1734#1                                      254.596 	(obj:0.002331)
s#1734#2                                      212.911 	(obj:0.002262)
s#1734#3                                      171.546 	(obj:8e-05)
s#1734#4                                      130.535 	(obj:0.002445)
s#1735#0                                        85.48 	(obj:0.002197)
s#1735#1                                      254.686 	(obj:0.002331)
s#1735#2                                      212.961 	(obj:0.002262)
s#1735#3                                      171.786 	(obj:8e-05)
s#1735#4                                      130.549 	(obj:0.002445)
s#1736#0                                        85.55 	(obj:0.002197)
s#1736#1                                      254.826 	(obj:0.002331)
s#1736#2                                      213.031 	(obj:0.002262)
s#1736#3                                      171.906 	(obj:8e-05)
s#1736#4                                      130.711 	(obj:0.002445)
s#1737#0                                        85.66 	(obj:0.002197)
s#1737#1                                      254.856 	(obj:0.002331)
s#1737#2                                      213.081 	(obj:0.002262)
s#1737#3                                      171.976 	(obj:8e-05)
s#1737#4                                      130.719 	(obj:0.002445)
s#1738#0                                        85.66 	(obj:0.002197)
s#1738#1                                      254.896 	(obj:0.002331)
s#1738#2                                      213.121 	(obj:0.002262)
s#1738#3                                      172.066 	(obj:8e-05)
s#1738#4                                      130.851 	(obj:0.002445)
s#1739#0                                        85.68 	(obj:0.002197)
s#1739#1                                      254.946 	(obj:0.002331)
s#1739#2                                      213.141 	(obj:0.002262)
s#1739#3                                      172.146 	(obj:8e-05)
s#1739#4                                      131.146 	(obj:0.002445)
s#1740#0                                        85.74 	(obj:0.002197)
s#1740#1                                      255.056 	(obj:0.002331)
s#1740#2                                      213.241 	(obj:0.002262)
s#1740#3                                      172.366 	(obj:8e-05)
s#1740#4                                      131.184 	(obj:0.002445)
s#1741#0                                        85.76 	(obj:0.002197)
s#1741#1                                      255.126 	(obj:0.002331)
s#1741#2                                      213.651 	(obj:0.002262)
s#1741#3                                      172.466 	(obj:8e-05)
s#1741#4                                      131.255 	(obj:0.002445)
s#1742#0                                        85.76 	(obj:0.002197)
s#1742#1                                      255.216 	(obj:0.002331)
s#1742#2                                      213.831 	(obj:0.002262)
s#1742#3                                      172.566 	(obj:8e-05)
s#1742#4                                      131.416 	(obj:0.002445)
s#1743#0                                        85.79 	(obj:0.002197)
s#1743#1                                      255.876 	(obj:0.002331)
s#1743#2                                      213.951 	(obj:0.002262)
s#1743#3                                      172.726 	(obj:8e-05)
s#1743#4                                      131.459 	(obj:0.002445)
s#1744#0                                        85.85 	(obj:0.002197)
s#1744#1                                      256.136 	(obj:0.002331)
s#1744#2                                      213.961 	(obj:0.002262)
s#1744#3                                      172.826 	(obj:8e-05)
s#1744#4                                      131.466 	(obj:0.002445)
s#1745#0                                        85.93 	(obj:0.002197)
s#1745#1                                      256.426 	(obj:0.002331)
s#1745#2                                      213.981 	(obj:0.002262)
s#1745#3                                      172.966 	(obj:8e-05)
s#1745#4                                      131.507 	(obj:0.002445)
s#1746#0                                        85.96 	(obj:0.002197)
s#1746#1                                      256.436 	(obj:0.002331)
s#1746#2                                      214.011 	(obj:0.002262)
s#1746#3                                      173.056 	(obj:8e-05)
s#1746#4                                      131.513 	(obj:0.002445)
s#1747#0                                        86.09 	(obj:0.002197)
s#1747#1                                      256.466 	(obj:0.002331)
s#1747#2                                      214.371 	(obj:0.002262)
s#1747#3                                      173.126 	(obj:8e-05)
s#1747#4                                      131.662 	(obj:0.002445)
s#1748#0                                        86.17 	(obj:0.002197)
s#1748#1                                      256.696 	(obj:0.002331)
s#1748#2                                      214.401 	(obj:0.002262)
s#1748#3                                      173.316 	(obj:8e-05)
s#1748#4                                      131.919 	(obj:0.002445)
s#1749#0                                        86.18 	(obj:0.002197)
s#1749#1                                      256.836 	(obj:0.002331)
s#1749#2                                      214.631 	(obj:0.002262)
s#1749#3                                      173.656 	(obj:8e-05)
s#1749#4                                      131.999 	(obj:0.002445)
s#1750#0                                        86.22 	(obj:0.002197)
s#1750#1                                      257.166 	(obj:0.002331)
s#1750#2                                      214.681 	(obj:0.002262)
s#1750#3                                      174.076 	(obj:8e-05)
s#1750#4                                      132.078 	(obj:0.002445)
s#1751#0                                        86.23 	(obj:0.002197)
s#1751#1                                      257.286 	(obj:0.002331)
s#1751#2                                      214.801 	(obj:0.002262)
s#1751#3                                      174.376 	(obj:8e-05)
s#1751#4                                      132.121 	(obj:0.002445)
s#1752#0                                        86.27 	(obj:0.002197)
s#1752#1                                      257.336 	(obj:0.002331)
s#1752#2                                      214.811 	(obj:0.002262)
s#1752#3                                      174.406 	(obj:8e-05)
s#1752#4                                      132.507 	(obj:0.002445)
s#1753#0                                        86.32 	(obj:0.002197)
s#1753#1                                      257.346 	(obj:0.002331)
s#1753#2                                      215.191 	(obj:0.002262)
s#1753#3                                      174.486 	(obj:8e-05)
s#1753#4                                      132.736 	(obj:0.002445)
s#1754#0                                        86.35 	(obj:0.002197)
s#1754#1                                      257.606 	(obj:0.002331)
s#1754#2                                      215.441 	(obj:0.002262)
s#1754#3                                      174.556 	(obj:8e-05)
s#1754#4                                      133.176 	(obj:0.002445)
s#1755#0                                        86.36 	(obj:0.002197)
s#1755#1                                      257.676 	(obj:0.002331)
s#1755#2                                      215.631 	(obj:0.002262)
s#1755#3                                      174.776 	(obj:8e-05)
s#1755#4                                      133.214 	(obj:0.002445)
s#1756#0                                        86.37 	(obj:0.002197)
s#1756#1                                      257.686 	(obj:0.002331)
s#1756#2                                      215.671 	(obj:0.002262)
s#1756#3                                      174.836 	(obj:8e-05)
s#1756#4                                      133.621 	(obj:0.002445)
s#1757#0                                        86.46 	(obj:0.002197)
s#1757#1                                      257.866 	(obj:0.002331)
s#1757#2                                      215.841 	(obj:0.002262)
s#1757#3                                      175.266 	(obj:8e-05)
s#1757#4                                      134.033 	(obj:0.002445)
s#1758#0                                        86.48 	(obj:0.002197)
s#1758#1                                      257.996 	(obj:0.002331)
s#1758#2                                      216.291 	(obj:0.002262)
s#1758#3                                      175.416 	(obj:8e-05)
s#1758#4                                      134.229 	(obj:0.002445)
s#1759#0                                        86.51 	(obj:0.002197)
s#1759#1                                      258.036 	(obj:0.002331)
s#1759#2                                      216.341 	(obj:0.002262)
s#1759#3                                      175.436 	(obj:8e-05)
s#1759#4                                      134.387 	(obj:0.002445)
s#1760#0                                        86.54 	(obj:0.002197)
s#1760#1                                      258.126 	(obj:0.002331)
s#1760#2                                      216.371 	(obj:0.002262)
s#1760#3                                      175.486 	(obj:8e-05)
s#1760#4                                      134.429 	(obj:0.002445)
s#1761#0                                        86.62 	(obj:0.002197)
s#1761#1                                      258.146 	(obj:0.002331)
s#1761#2                                      216.391 	(obj:0.002262)
s#1761#3                                      175.526 	(obj:8e-05)
s#1761#4                                      134.565 	(obj:0.002445)
s#1762#0                                        86.66 	(obj:0.002197)
s#1762#1                                      258.256 	(obj:0.002331)
s#1762#2                                      216.791 	(obj:0.002262)
s#1762#3                                      175.566 	(obj:8e-05)
s#1762#4                                      134.678 	(obj:0.002445)
s#1763#0                                         86.7 	(obj:0.002197)
s#1763#1                                      258.336 	(obj:0.002331)
s#1763#2                                      216.801 	(obj:0.002262)
s#1763#3                                      175.746 	(obj:8e-05)
s#1763#4                                      135.267 	(obj:0.002445)
s#1764#0                                        86.74 	(obj:0.002197)
s#1764#1                                      258.416 	(obj:0.002331)
s#1764#2                                      216.851 	(obj:0.002262)
s#1764#3                                      175.766 	(obj:8e-05)
s#1764#4                                      135.294 	(obj:0.002445)
s#1765#0                                        86.89 	(obj:0.002197)
s#1765#1                                      258.456 	(obj:0.002331)
s#1765#2                                      216.991 	(obj:0.002262)
s#1765#3                                      175.796 	(obj:8e-05)
s#1765#4                                       135.48 	(obj:0.002445)
s#1766#0                                        86.91 	(obj:0.002197)
s#1766#1                                      258.476 	(obj:0.002331)
s#1766#2                                      217.001 	(obj:0.002262)
s#1766#3                                      175.966 	(obj:8e-05)
s#1766#4                                      135.581 	(obj:0.002445)
s#1767#0                                        86.95 	(obj:0.002197)
s#1767#1                                      258.666 	(obj:0.002331)
s#1767#2                                      217.301 	(obj:0.002262)
s#1767#3                                      176.156 	(obj:8e-05)
s#1767#4                                      135.596 	(obj:0.002445)
s#1768#0                                        87.11 	(obj:0.002197)
s#1768#1                                      258.776 	(obj:0.002331)
s#1768#2                                      217.491 	(obj:0.002262)
s#1768#3                                      176.226 	(obj:8e-05)
s#1768#4                                        135.7 	(obj:0.002445)
s#1769#0                                        87.12 	(obj:0.002197)
s#1769#1                                      258.856 	(obj:0.002331)
s#1769#2                                      217.951 	(obj:0.002262)
s#1769#3                                      177.636 	(obj:8e-05)
s#1769#4                                      135.777 	(obj:0.002445)
s#1770#0                                        87.15 	(obj:0.002197)
s#1770#1                                      258.876 	(obj:0.002331)
s#1770#2                                      218.481 	(obj:0.002262)
s#1770#3                                      177.786 	(obj:8e-05)
s#1770#4                                       135.79 	(obj:0.002445)
s#1771#0                                        87.24 	(obj:0.002197)
s#1771#1                                      258.986 	(obj:0.002331)
s#1771#2                                      218.621 	(obj:0.002262)
s#1771#3                                      177.866 	(obj:8e-05)
s#1771#4                                      135.957 	(obj:0.002445)
s#1772#0                                        87.24 	(obj:0.002197)
s#1772#1                                      259.006 	(obj:0.002331)
s#1772#2                                      218.701 	(obj:0.002262)
s#1772#3                                      178.286 	(obj:8e-05)
s#1772#4                                      135.963 	(obj:0.002445)
s#1773#0                                        87.24 	(obj:0.002197)
s#1773#1                                      259.036 	(obj:0.002331)
s#1773#2                                      218.971 	(obj:0.002262)
s#1773#3                                      178.366 	(obj:8e-05)
s#1773#4                                       136.27 	(obj:0.002445)
s#1774#0                                        87.25 	(obj:0.002197)
s#1774#1                                      259.046 	(obj:0.002331)
s#1774#2                                      219.041 	(obj:0.002262)
s#1774#3                                      178.586 	(obj:8e-05)
s#1774#4                                      136.281 	(obj:0.002445)
s#1775#0                                        87.34 	(obj:0.002197)
s#1775#1                                      259.266 	(obj:0.002331)
s#1775#2                                      219.271 	(obj:0.002262)
s#1775#3                                      178.656 	(obj:8e-05)
s#1775#4                                      136.443 	(obj:0.002445)
s#1776#0                                        87.38 	(obj:0.002197)
s#1776#1                                      259.286 	(obj:0.002331)
s#1776#2                                      219.311 	(obj:0.002262)
s#1776#3                                      178.686 	(obj:8e-05)
s#1776#4                                       136.97 	(obj:0.002445)
s#1777#0                                        87.43 	(obj:0.002197)
s#1777#1                                      259.646 	(obj:0.002331)
s#1777#2                                      219.441 	(obj:0.002262)
s#1777#3                                      178.816 	(obj:8e-05)
s#1777#4                                      137.067 	(obj:0.002445)
s#1778#0                                        87.44 	(obj:0.002197)
s#1778#1                                      259.726 	(obj:0.002331)
s#1778#2                                      219.581 	(obj:0.002262)
s#1778#3                                      178.926 	(obj:8e-05)
s#1778#4                                      137.185 	(obj:0.002445)
s#1779#0                                        87.49 	(obj:0.002197)
s#1779#1                                      259.886 	(obj:0.002331)
s#1779#2                                      219.601 	(obj:0.002262)
s#1779#3                                      178.956 	(obj:8e-05)
s#1779#4                                      137.433 	(obj:0.002445)
s#1780#0                                        87.62 	(obj:0.002197)
s#1780#1                                      259.946 	(obj:0.002331)
s#1780#2                                      219.621 	(obj:0.002262)
s#1780#3                                      179.086 	(obj:8e-05)
s#1780#4                                      137.449 	(obj:0.002445)
s#1781#0                                        87.72 	(obj:0.002197)
s#1781#1                                      260.106 	(obj:0.002331)
s#1781#2                                      219.651 	(obj:0.002262)
s#1781#3                                      179.406 	(obj:8e-05)
s#1781#4                                      137.765 	(obj:0.002445)
s#1782#0                                        87.74 	(obj:0.002197)
s#1782#1                                      260.606 	(obj:0.002331)
s#1782#2                                      219.871 	(obj:0.002262)
s#1782#3                                      179.486 	(obj:8e-05)
s#1782#4                                      138.094 	(obj:0.002445)
s#1783#0                                        87.76 	(obj:0.002197)
s#1783#1                                      260.606 	(obj:0.002331)
s#1783#2                                      220.231 	(obj:0.002262)
s#1783#3                                      179.566 	(obj:8e-05)
s#1783#4                                      138.128 	(obj:0.002445)
s#1784#0                                        87.84 	(obj:0.002197)
s#1784#1                                      260.616 	(obj:0.002331)
s#1784#2                                      220.241 	(obj:0.002262)
s#1784#3                                      179.826 	(obj:8e-05)
s#1784#4                                      138.248 	(obj:0.002445)
s#1785#0                                        87.86 	(obj:0.002197)
s#1785#1                                      260.706 	(obj:0.002331)
s#1785#2                                      220.461 	(obj:0.002262)
s#1785#3                                      179.986 	(obj:8e-05)
s#1785#4                                      138.682 	(obj:0.002445)
s#1786#0                                        87.89 	(obj:0.002197)
s#1786#1                                      260.726 	(obj:0.002331)
s#1786#2                                      220.461 	(obj:0.002262)
s#1786#3                                      180.076 	(obj:8e-05)
s#1786#4                                       139.63 	(obj:0.002445)
s#1787#0                                        88.01 	(obj:0.002197)
s#1787#1                                      260.936 	(obj:0.002331)
s#1787#2                                      220.741 	(obj:0.002262)
s#1787#3                                      180.296 	(obj:8e-05)
s#1787#4                                      139.702 	(obj:0.002445)
s#1788#0                                        88.07 	(obj:0.002197)
s#1788#1                                      261.106 	(obj:0.002331)
s#1788#2                                      220.741 	(obj:0.002262)
s#1788#3                                      180.516 	(obj:8e-05)
s#1788#4                                      140.362 	(obj:0.002445)
s#1789#0                                        88.09 	(obj:0.002197)
s#1789#1                                      261.106 	(obj:0.002331)
s#1789#2                                      221.201 	(obj:0.002262)
s#1789#3                                      180.686 	(obj:8e-05)
s#1789#4                                      140.409 	(obj:0.002445)
s#1790#0                                        88.16 	(obj:0.002197)
s#1790#1                                      261.296 	(obj:0.002331)
s#1790#2                                      221.421 	(obj:0.002262)
s#1790#3                                      181.056 	(obj:8e-05)
s#1790#4                                      140.485 	(obj:0.002445)
s#1791#0                                        88.17 	(obj:0.002197)
s#1791#1                                      261.476 	(obj:0.002331)
s#1791#2                                      221.431 	(obj:0.002262)
s#1791#3                                      181.146 	(obj:8e-05)
s#1791#4                                      140.899 	(obj:0.002445)
s#1792#0                                        88.27 	(obj:0.002197)
s#1792#1                                      261.616 	(obj:0.002331)
s#1792#2                                      221.461 	(obj:0.002262)
s#1792#3                                      181.216 	(obj:8e-05)
s#1792#4                                      141.442 	(obj:0.002445)
s#1793#0                                        88.27 	(obj:0.002197)
s#1793#1                                      261.726 	(obj:0.002331)
s#1793#2                                      221.691 	(obj:0.002262)
s#1793#3                                      181.306 	(obj:8e-05)
s#1793#4                                      141.618 	(obj:0.002445)
s#1794#0                                        88.31 	(obj:0.002197)
s#1794#1                                      262.066 	(obj:0.002331)
s#1794#2                                      221.751 	(obj:0.002262)
s#1794#3                                      181.356 	(obj:8e-05)
s#1794#4                                       141.91 	(obj:0.002445)
s#1795#0                                        88.31 	(obj:0.002197)
s#1795#1                                      262.206 	(obj:0.002331)
s#1795#2                                      221.771 	(obj:0.002262)
s#1795#3                                      181.636 	(obj:8e-05)
s#1795#4                                      142.066 	(obj:0.002445)
s#1796#0                                        88.45 	(obj:0.002197)
s#1796#1                                      262.276 	(obj:0.002331)
s#1796#2                                      221.821 	(obj:0.002262)
s#1796#3                                      181.756 	(obj:8e-05)
s#1796#4                                      142.092 	(obj:0.002445)
s#1797#0                                        88.47 	(obj:0.002197)
s#1797#1                                      262.476 	(obj:0.002331)
s#1797#2                                      222.191 	(obj:0.002262)
s#1797#3                                      182.306 	(obj:8e-05)
s#1797#4                                      142.176 	(obj:0.002445)
s#1798#0                                        88.51 	(obj:0.002197)
s#1798#1                                      262.506 	(obj:0.002331)
s#1798#2                                      222.201 	(obj:0.002262)
s#1798#3                                      182.656 	(obj:8e-05)
s#1798#4                                      142.305 	(obj:0.002445)
s#1799#0                                        88.56 	(obj:0.002197)
s#1799#1                                      262.636 	(obj:0.002331)
s#1799#2                                      222.231 	(obj:0.002262)
s#1799#3                                      182.756 	(obj:8e-05)
s#1799#4                                      142.358 	(obj:0.002445)
s#1800#0                                         88.6 	(obj:0.002197)
s#1800#1                                      262.696 	(obj:0.002331)
s#1800#2                                      222.311 	(obj:0.002262)
s#1800#3                                      182.806 	(obj:8e-05)
s#1800#4                                      142.405 	(obj:0.002445)
s#1801#0                                        88.66 	(obj:0.002197)
s#1801#1                                      262.986 	(obj:0.002331)
s#1801#2                                      222.331 	(obj:0.002262)
s#1801#3                                      182.866 	(obj:8e-05)
s#1801#4                                      142.607 	(obj:0.002445)
s#1802#0                                        88.68 	(obj:0.002197)
s#1802#1                                      263.076 	(obj:0.002331)
s#1802#2                                      222.461 	(obj:0.002262)
s#1802#3                                      182.916 	(obj:8e-05)
s#1802#4                                      142.638 	(obj:0.002445)
s#1803#0                                        88.75 	(obj:0.002197)
s#1803#1                                      263.176 	(obj:0.002331)
s#1803#2                                      222.801 	(obj:0.002262)
s#1803#3                                      183.026 	(obj:8e-05)
s#1803#4                                      142.816 	(obj:0.002445)
s#1804#0                                        88.81 	(obj:0.002197)
s#1804#1                                      263.506 	(obj:0.002331)
s#1804#2                                      222.821 	(obj:0.002262)
s#1804#3                                      183.316 	(obj:8e-05)
s#1804#4                                      143.089 	(obj:0.002445)
s#1805#0                                        88.84 	(obj:0.002197)
s#1805#1                                      263.676 	(obj:0.002331)
s#1805#2                                      222.821 	(obj:0.002262)
s#1805#3                                      183.326 	(obj:8e-05)
s#1805#4                                      143.259 	(obj:0.002445)
s#1806#0                                        88.92 	(obj:0.002197)
s#1806#1                                      263.906 	(obj:0.002331)
s#1806#2                                      222.851 	(obj:0.002262)
s#1806#3                                      183.326 	(obj:8e-05)
s#1806#4                                      143.402 	(obj:0.002445)
s#1807#0                                        88.93 	(obj:0.002197)
s#1807#1                                      263.906 	(obj:0.002331)
s#1807#2                                      222.881 	(obj:0.002262)
s#1807#3                                      183.586 	(obj:8e-05)
s#1807#4                                      143.411 	(obj:0.002445)
s#1808#0                                        88.97 	(obj:0.002197)
s#1808#1                                      264.266 	(obj:0.002331)
s#1808#2                                      222.941 	(obj:0.002262)
s#1808#3                                      183.606 	(obj:8e-05)
s#1808#4                                      143.889 	(obj:0.002445)
s#1809#0                                        89.13 	(obj:0.002197)
s#1809#1                                      264.556 	(obj:0.002331)
s#1809#2                                      223.101 	(obj:0.002262)
s#1809#3                                      183.736 	(obj:8e-05)
s#1809#4                                      143.998 	(obj:0.002445)
s#1810#0                                        89.15 	(obj:0.002197)
s#1810#1                                      264.656 	(obj:0.002331)
s#1810#2                                      223.221 	(obj:0.002262)
s#1810#3                                      183.836 	(obj:8e-05)
s#1810#4                                      144.495 	(obj:0.002445)
s#1811#0                                        89.16 	(obj:0.002197)
s#1811#1                                      264.666 	(obj:0.002331)
s#1811#2                                      223.371 	(obj:0.002262)
s#1811#3                                      183.846 	(obj:8e-05)
s#1811#4                                      144.571 	(obj:0.002445)
s#1812#0                                         89.2 	(obj:0.002197)
s#1812#1                                      264.796 	(obj:0.002331)
s#1812#2                                      223.491 	(obj:0.002262)
s#1812#3                                      183.876 	(obj:8e-05)
s#1812#4                                      144.656 	(obj:0.002445)
s#1813#0                                        89.21 	(obj:0.002197)
s#1813#1                                      264.816 	(obj:0.002331)
s#1813#2                                      223.501 	(obj:0.002262)
s#1813#3                                      183.966 	(obj:8e-05)
s#1813#4                                      144.696 	(obj:0.002445)
s#1814#0                                        89.41 	(obj:0.002197)
s#1814#1                                      264.896 	(obj:0.002331)
s#1814#2                                      223.691 	(obj:0.002262)
s#1814#3                                      184.046 	(obj:8e-05)
s#1814#4                                      145.165 	(obj:0.002445)
s#1815#0                                        89.46 	(obj:0.002197)
s#1815#1                                      265.066 	(obj:0.002331)
s#1815#2                                      223.791 	(obj:0.002262)
s#1815#3                                      184.336 	(obj:8e-05)
s#1815#4                                      145.169 	(obj:0.002445)
s#1816#0                                        89.49 	(obj:0.002197)
s#1816#1                                      265.086 	(obj:0.002331)
s#1816#2                                      224.171 	(obj:0.002262)
s#1816#3                                      184.376 	(obj:8e-05)
s#1816#4                                      145.206 	(obj:0.002445)
s#1817#0                                        89.55 	(obj:0.002197)
s#1817#1                                      265.266 	(obj:0.002331)
s#1817#2                                      224.271 	(obj:0.002262)
s#1817#3                                      184.376 	(obj:8e-05)
s#1817#4                                      145.518 	(obj:0.002445)
s#1818#0                                        89.59 	(obj:0.002197)
s#1818#1                                      265.276 	(obj:0.002331)
s#1818#2                                      224.471 	(obj:0.002262)
s#1818#3                                      184.726 	(obj:8e-05)
s#1818#4                                      145.573 	(obj:0.002445)
s#1819#0                                        89.67 	(obj:0.002197)
s#1819#1                                      265.416 	(obj:0.002331)
s#1819#2                                      224.561 	(obj:0.002262)
s#1819#3                                      184.776 	(obj:8e-05)
s#1819#4                                      145.658 	(obj:0.002445)
s#1820#0                                        89.74 	(obj:0.002197)
s#1820#1                                      265.576 	(obj:0.002331)
s#1820#2                                      224.941 	(obj:0.002262)
s#1820#3                                      184.946 	(obj:8e-05)
s#1820#4                                      146.072 	(obj:0.002445)
s#1821#0                                        89.77 	(obj:0.002197)
s#1821#1                                      265.686 	(obj:0.002331)
s#1821#2                                      225.101 	(obj:0.002262)
s#1821#3                                      185.566 	(obj:8e-05)
s#1821#4                                      146.308 	(obj:0.002445)
s#1822#0                                        89.81 	(obj:0.002197)
s#1822#1                                      265.786 	(obj:0.002331)
s#1822#2                                      225.191 	(obj:0.002262)
s#1822#3                                      185.666 	(obj:8e-05)
s#1822#4                                      146.648 	(obj:0.002445)
s#1823#0                                        89.86 	(obj:0.002197)
s#1823#1                                      265.996 	(obj:0.002331)
s#1823#2                                      225.271 	(obj:0.002262)
s#1823#3                                      185.856 	(obj:8e-05)
s#1823#4                                      146.658 	(obj:0.002445)
s#1824#0                                        89.95 	(obj:0.002197)
s#1824#1                                      266.026 	(obj:0.002331)
s#1824#2                                      225.421 	(obj:0.002262)
s#1824#3                                      185.966 	(obj:8e-05)
s#1824#4                                       147.28 	(obj:0.002445)
s#1825#0                                        90.04 	(obj:0.002197)
s#1825#1                                      266.176 	(obj:0.002331)
s#1825#2                                      225.661 	(obj:0.002262)
s#1825#3                                      186.036 	(obj:8e-05)
s#1825#4                                      147.429 	(obj:0.002445)
s#1826#0                                        90.09 	(obj:0.002197)
s#1826#1                                      266.486 	(obj:0.002331)
s#1826#2                                      225.681 	(obj:0.002262)
s#1826#3                                      186.166 	(obj:8e-05)
s#1826#4                                      147.548 	(obj:0.002445)
s#1827#0                                        90.09 	(obj:0.002197)
s#1827#1                                      266.696 	(obj:0.002331)
s#1827#2                                      226.091 	(obj:0.002262)
s#1827#3                                      186.396 	(obj:8e-05)
s#1827#4                                       147.58 	(obj:0.002445)
s#1828#0                                        90.14 	(obj:0.002197)
s#1828#1                                      266.746 	(obj:0.002331)
s#1828#2                                      226.211 	(obj:0.002262)
s#1828#3                                      186.846 	(obj:8e-05)
s#1828#4                                      148.006 	(obj:0.002445)
s#1829#0                                        90.21 	(obj:0.002197)
s#1829#1                                      266.856 	(obj:0.002331)
s#1829#2                                      226.231 	(obj:0.002262)
s#1829#3                                      186.856 	(obj:8e-05)
s#1829#4                                      148.234 	(obj:0.002445)
s#1830#0                                        90.23 	(obj:0.002197)
s#1830#1                                      266.916 	(obj:0.002331)
s#1830#2                                      226.731 	(obj:0.002262)
s#1830#3                                      187.136 	(obj:8e-05)
s#1830#4                                      148.543 	(obj:0.002445)
s#1831#0                                        90.24 	(obj:0.002197)
s#1831#1                                      267.006 	(obj:0.002331)
s#1831#2                                      226.851 	(obj:0.002262)
s#1831#3                                      187.256 	(obj:8e-05)
s#1831#4                                      148.571 	(obj:0.002445)
s#1832#0                                        90.25 	(obj:0.002197)
s#1832#1                                      267.006 	(obj:0.002331)
s#1832#2                                      226.881 	(obj:0.002262)
s#1832#3                                      187.326 	(obj:8e-05)
s#1832#4                                      148.585 	(obj:0.002445)
s#1833#0                                        90.26 	(obj:0.002197)
s#1833#1                                      267.036 	(obj:0.002331)
s#1833#2                                      226.881 	(obj:0.002262)
s#1833#3                                      187.536 	(obj:8e-05)
s#1833#4                                      148.655 	(obj:0.002445)
s#1834#0                                         90.3 	(obj:0.002197)
s#1834#1                                      267.066 	(obj:0.002331)
s#1834#2                                      227.471 	(obj:0.002262)
s#1834#3                                      188.076 	(obj:8e-05)
s#1834#4                                      148.858 	(obj:0.002445)
s#1835#0                                        90.31 	(obj:0.002197)
s#1835#1                                      267.146 	(obj:0.002331)
s#1835#2                                      227.601 	(obj:0.002262)
s#1835#3                                      188.356 	(obj:8e-05)
s#1835#4                                      149.096 	(obj:0.002445)
s#1836#0                                        90.31 	(obj:0.002197)
s#1836#1                                      267.256 	(obj:0.002331)
s#1836#2                                      227.731 	(obj:0.002262)
s#1836#3                                      188.536 	(obj:8e-05)
s#1836#4                                      149.185 	(obj:0.002445)
s#1837#0                                        90.37 	(obj:0.002197)
s#1837#1                                      267.356 	(obj:0.002331)
s#1837#2                                      227.821 	(obj:0.002262)
s#1837#3                                      189.186 	(obj:8e-05)
s#1837#4                                      149.499 	(obj:0.002445)
s#1838#0                                        90.37 	(obj:0.002197)
s#1838#1                                      267.436 	(obj:0.002331)
s#1838#2                                      227.821 	(obj:0.002262)
s#1838#3                                      189.806 	(obj:8e-05)
s#1838#4                                      149.552 	(obj:0.002445)
s#1839#0                                         90.4 	(obj:0.002197)
s#1839#1                                      267.476 	(obj:0.002331)
s#1839#2                                      227.831 	(obj:0.002262)
s#1839#3                                      189.886 	(obj:8e-05)
s#1839#4                                      149.602 	(obj:0.002445)
s#1840#0                                        90.48 	(obj:0.002197)
s#1840#1                                      267.506 	(obj:0.002331)
s#1840#2                                      227.881 	(obj:0.002262)
s#1840#3                                      190.256 	(obj:8e-05)
s#1840#4                                      149.825 	(obj:0.002445)
s#1841#0                                        90.53 	(obj:0.002197)
s#1841#1                                      267.526 	(obj:0.002331)
s#1841#2                                      228.101 	(obj:0.002262)
s#1841#3                                      190.306 	(obj:8e-05)
s#1841#4                                      150.245 	(obj:0.002445)
s#1842#0                                        90.55 	(obj:0.002197)
s#1842#1                                      267.526 	(obj:0.002331)
s#1842#2                                      228.121 	(obj:0.002262)
s#1842#3                                      190.416 	(obj:8e-05)
s#1842#4                                      150.316 	(obj:0.002445)
s#1843#0                                        90.64 	(obj:0.002197)
s#1843#1                                      267.616 	(obj:0.002331)
s#1843#2                                      228.681 	(obj:0.002262)
s#1843#3                                      190.456 	(obj:8e-05)
s#1843#4                                      150.642 	(obj:0.002445)
s#1844#0                                         90.8 	(obj:0.002197)
s#1844#1                                      267.816 	(obj:0.002331)
s#1844#2                                      228.971 	(obj:0.002262)
s#1844#3                                      190.566 	(obj:8e-05)
s#1844#4                                      150.995 	(obj:0.002445)
s#1845#0                                        90.83 	(obj:0.002197)
s#1845#1                                      267.836 	(obj:0.002331)
s#1845#2                                      229.331 	(obj:0.002262)
s#1845#3                                      191.026 	(obj:8e-05)
s#1845#4                                      151.019 	(obj:0.002445)
s#1846#0                                        90.84 	(obj:0.002197)
s#1846#1                                      267.876 	(obj:0.002331)
s#1846#2                                      229.361 	(obj:0.002262)
s#1846#3                                      191.246 	(obj:8e-05)
s#1846#4                                      151.199 	(obj:0.002445)
s#1847#0                                         90.9 	(obj:0.002197)
s#1847#1                                      267.986 	(obj:0.002331)
s#1847#2                                      229.801 	(obj:0.002262)
s#1847#3                                      191.516 	(obj:8e-05)
s#1847#4                                      151.237 	(obj:0.002445)
s#1848#0                                        90.91 	(obj:0.002197)
s#1848#1                                      268.076 	(obj:0.002331)
s#1848#2                                      230.031 	(obj:0.002262)
s#1848#3                                      191.666 	(obj:8e-05)
s#1848#4                                       151.39 	(obj:0.002445)
s#1849#0                                        90.91 	(obj:0.002197)
s#1849#1                                      268.306 	(obj:0.002331)
s#1849#2                                      230.181 	(obj:0.002262)
s#1849#3                                      191.856 	(obj:8e-05)
s#1849#4                                      151.571 	(obj:0.002445)
s#1850#0                                        90.96 	(obj:0.002197)
s#1850#1                                      268.356 	(obj:0.002331)
s#1850#2                                      230.251 	(obj:0.002262)
s#1850#3                                      191.896 	(obj:8e-05)
s#1850#4                                      151.585 	(obj:0.002445)
s#1851#0                                        90.97 	(obj:0.002197)
s#1851#1                                      268.406 	(obj:0.002331)
s#1851#2                                      230.571 	(obj:0.002262)
s#1851#3                                      192.156 	(obj:8e-05)
s#1851#4                                      151.645 	(obj:0.002445)
s#1852#0                                        91.01 	(obj:0.002197)
s#1852#1                                      268.546 	(obj:0.002331)
s#1852#2                                      230.591 	(obj:0.002262)
s#1852#3                                      192.246 	(obj:8e-05)
s#1852#4                                      151.937 	(obj:0.002445)
s#1853#0                                        91.02 	(obj:0.002197)
s#1853#1                                      268.706 	(obj:0.002331)
s#1853#2                                      230.671 	(obj:0.002262)
s#1853#3                                      192.656 	(obj:8e-05)
s#1853#4                                      152.155 	(obj:0.002445)
s#1854#0                                        91.16 	(obj:0.002197)
s#1854#1                                      269.186 	(obj:0.002331)
s#1854#2                                      230.701 	(obj:0.002262)
s#1854#3                                      192.726 	(obj:8e-05)
s#1854#4                                      152.281 	(obj:0.002445)
s#1855#0                                        91.16 	(obj:0.002197)
s#1855#1                                      269.256 	(obj:0.002331)
s#1855#2                                      230.811 	(obj:0.002262)
s#1855#3                                      192.896 	(obj:8e-05)
s#1855#4                                      152.299 	(obj:0.002445)
s#1856#0                                        91.18 	(obj:0.002197)
s#1856#1                                      269.296 	(obj:0.002331)
s#1856#2                                      230.861 	(obj:0.002262)
s#1856#3                                      192.946 	(obj:8e-05)
s#1856#4                                      152.332 	(obj:0.002445)
s#1857#0                                        91.22 	(obj:0.002197)
s#1857#1                                      269.676 	(obj:0.002331)
s#1857#2                                      231.661 	(obj:0.002262)
s#1857#3                                      193.076 	(obj:8e-05)
s#1857#4                                      152.618 	(obj:0.002445)
s#1858#0                                        91.27 	(obj:0.002197)
s#1858#1                                      269.846 	(obj:0.002331)
s#1858#2                                      231.681 	(obj:0.002262)
s#1858#3                                      193.746 	(obj:8e-05)
s#1858#4                                      152.682 	(obj:0.002445)
s#1859#0                                         91.3 	(obj:0.002197)
s#1859#1                                      269.966 	(obj:0.002331)
s#1859#2                                      231.781 	(obj:0.002262)
s#1859#3                                      194.076 	(obj:8e-05)
s#1859#4                                      153.233 	(obj:0.002445)
s#1860#0                                        91.33 	(obj:0.002197)
s#1860#1                                      269.986 	(obj:0.002331)
s#1860#2                                      231.841 	(obj:0.002262)
s#1860#3                                      194.496 	(obj:8e-05)
s#1860#4                                      153.257 	(obj:0.002445)
s#1861#0                                        91.47 	(obj:0.002197)
s#1861#1                                      270.136 	(obj:0.002331)
s#1861#2                                      231.971 	(obj:0.002262)
s#1861#3                                      194.666 	(obj:8e-05)
s#1861#4                                      153.319 	(obj:0.002445)
s#1862#0                                        91.49 	(obj:0.002197)
s#1862#1                                      270.206 	(obj:0.002331)
s#1862#2                                      232.091 	(obj:0.002262)
s#1862#3                                      194.806 	(obj:8e-05)
s#1862#4                                      153.608 	(obj:0.002445)
s#1863#0                                        91.54 	(obj:0.002197)
s#1863#1                                      270.266 	(obj:0.002331)
s#1863#2                                      232.181 	(obj:0.002262)
s#1863#3                                      194.986 	(obj:8e-05)
s#1863#4                                      153.995 	(obj:0.002445)
s#1864#0                                        91.57 	(obj:0.002197)
s#1864#1                                      270.296 	(obj:0.002331)
s#1864#2                                      232.291 	(obj:0.002262)
s#1864#3                                      195.016 	(obj:8e-05)
s#1864#4                                      154.197 	(obj:0.002445)
s#1865#0                                        91.64 	(obj:0.002197)
s#1865#1                                      270.326 	(obj:0.002331)
s#1865#2                                      232.391 	(obj:0.002262)
s#1865#3                                      195.366 	(obj:8e-05)
s#1865#4                                      154.248 	(obj:0.002445)
s#1866#0                                        91.71 	(obj:0.002197)
s#1866#1                                      270.386 	(obj:0.002331)
s#1866#2                                      232.481 	(obj:0.002262)
s#1866#3                                      195.536 	(obj:8e-05)
s#1866#4                                      154.442 	(obj:0.002445)
s#1867#0                                        91.74 	(obj:0.002197)
s#1867#1                                      270.386 	(obj:0.002331)
s#1867#2                                      232.601 	(obj:0.002262)
s#1867#3                                      195.706 	(obj:8e-05)
s#1867#4                                      154.504 	(obj:0.002445)
s#1868#0                                        91.76 	(obj:0.002197)
s#1868#1                                      270.596 	(obj:0.002331)
s#1868#2                                      232.621 	(obj:0.002262)
s#1868#3                                      196.016 	(obj:8e-05)
s#1868#4                                      154.551 	(obj:0.002445)
s#1869#0                                        91.78 	(obj:0.002197)
s#1869#1                                      270.666 	(obj:0.002331)
s#1869#2                                      232.691 	(obj:0.002262)
s#1869#3                                      196.086 	(obj:8e-05)
s#1869#4                                      154.583 	(obj:0.002445)
s#1870#0                                        91.86 	(obj:0.002197)
s#1870#1                                      270.956 	(obj:0.002331)
s#1870#2                                      232.801 	(obj:0.002262)
s#1870#3                                      196.496 	(obj:8e-05)
s#1870#4                                      155.015 	(obj:0.002445)
s#1871#0                                         91.9 	(obj:0.002197)
s#1871#1                                      271.026 	(obj:0.002331)
s#1871#2                                      233.161 	(obj:0.002262)
s#1871#3                                      196.706 	(obj:8e-05)
s#1871#4                                      156.469 	(obj:0.002445)
s#1872#0                                        91.92 	(obj:0.002197)
s#1872#1                                      271.066 	(obj:0.002331)
s#1872#2                                      233.211 	(obj:0.002262)
s#1872#3                                      196.846 	(obj:8e-05)
s#1872#4                                      156.736 	(obj:0.002445)
s#1873#0                                        91.98 	(obj:0.002197)
s#1873#1                                      271.246 	(obj:0.002331)
s#1873#2                                      233.411 	(obj:0.002262)
s#1873#3                                      197.066 	(obj:8e-05)
s#1873#4                                      156.884 	(obj:0.002445)
s#1874#0                                        92.03 	(obj:0.002197)
s#1874#1                                      271.306 	(obj:0.002331)
s#1874#2                                      233.431 	(obj:0.002262)
s#1874#3                                      197.256 	(obj:8e-05)
s#1874#4                                      157.052 	(obj:0.002445)
s#1875#0                                        92.05 	(obj:0.002197)
s#1875#1                                      271.416 	(obj:0.002331)
s#1875#2                                      233.781 	(obj:0.002262)
s#1875#3                                      197.336 	(obj:8e-05)
s#1875#4                                      157.194 	(obj:0.002445)
s#1876#0                                        92.16 	(obj:0.002197)
s#1876#1                                      271.486 	(obj:0.002331)
s#1876#2                                      233.911 	(obj:0.002262)
s#1876#3                                      197.526 	(obj:8e-05)
s#1876#4                                      157.246 	(obj:0.002445)
s#1877#0                                        92.25 	(obj:0.002197)
s#1877#1                                      271.556 	(obj:0.002331)
s#1877#2                                      233.981 	(obj:0.002262)
s#1877#3                                      197.676 	(obj:8e-05)
s#1877#4                                      157.735 	(obj:0.002445)
s#1878#0                                        92.31 	(obj:0.002197)
s#1878#1                                      271.746 	(obj:0.002331)
s#1878#2                                      234.301 	(obj:0.002262)
s#1878#3                                      197.756 	(obj:8e-05)
s#1878#4                                      157.928 	(obj:0.002445)
s#1879#0                                        92.34 	(obj:0.002197)
s#1879#1                                      271.976 	(obj:0.002331)
s#1879#2                                      234.491 	(obj:0.002262)
s#1879#3                                      197.866 	(obj:8e-05)
s#1879#4                                      158.855 	(obj:0.002445)
s#1880#0                                        92.35 	(obj:0.002197)
s#1880#1                                      272.316 	(obj:0.002331)
s#1880#2                                      234.661 	(obj:0.002262)
s#1880#3                                      197.926 	(obj:8e-05)
s#1880#4                                        158.9 	(obj:0.002445)
s#1881#0                                        92.54 	(obj:0.002197)
s#1881#1                                      272.436 	(obj:0.002331)
s#1881#2                                      235.191 	(obj:0.002262)
s#1881#3                                      198.846 	(obj:8e-05)
s#1881#4                                      159.118 	(obj:0.002445)
s#1882#0                                         92.6 	(obj:0.002197)
s#1882#1                                      272.516 	(obj:0.002331)
s#1882#2                                      235.481 	(obj:0.002262)
s#1882#3                                      199.066 	(obj:8e-05)
s#1882#4                                      159.153 	(obj:0.002445)
s#1883#0                                        92.81 	(obj:0.002197)
s#1883#1                                      272.746 	(obj:0.002331)
s#1883#2                                      235.721 	(obj:0.002262)
s#1883#3                                      199.226 	(obj:8e-05)
s#1883#4                                      159.233 	(obj:0.002445)
s#1884#0                                        92.85 	(obj:0.002197)
s#1884#1                                      272.756 	(obj:0.002331)
s#1884#2                                      235.881 	(obj:0.002262)
s#1884#3                                      199.346 	(obj:8e-05)
s#1884#4                                      159.247 	(obj:0.002445)
s#1885#0                                        92.88 	(obj:0.002197)
s#1885#1                                      272.896 	(obj:0.002331)
s#1885#2                                      236.201 	(obj:0.002262)
s#1885#3                                      199.646 	(obj:8e-05)
s#1885#4                                      159.361 	(obj:0.002445)
s#1886#0                                        92.89 	(obj:0.002197)
s#1886#1                                      272.926 	(obj:0.002331)
s#1886#2                                      236.641 	(obj:0.002262)
s#1886#3                                      199.736 	(obj:8e-05)
s#1886#4                                      159.751 	(obj:0.002445)
s#1887#0                                           93 	(obj:0.002197)
s#1887#1                                      272.926 	(obj:0.002331)
s#1887#2                                      237.011 	(obj:0.002262)
s#1887#3                                      199.796 	(obj:8e-05)
s#1887#4                                      160.989 	(obj:0.002445)
s#1888#0                                        93.01 	(obj:0.002197)
s#1888#1                                      272.956 	(obj:0.002331)
s#1888#2                                      237.461 	(obj:0.002262)
s#1888#3                                      200.076 	(obj:8e-05)
s#1888#4                                      161.267 	(obj:0.002445)
s#1889#0                                         93.1 	(obj:0.002197)
s#1889#1                                      273.106 	(obj:0.002331)
s#1889#2                                      238.351 	(obj:0.002262)
s#1889#3                                      200.516 	(obj:8e-05)
s#1889#4                                      161.521 	(obj:0.002445)
s#1890#0                                        93.11 	(obj:0.002197)
s#1890#1                                      273.926 	(obj:0.002331)
s#1890#2                                      238.501 	(obj:0.002262)
s#1890#3                                      200.556 	(obj:8e-05)
s#1890#4                                        161.6 	(obj:0.002445)
s#1891#0                                        93.12 	(obj:0.002197)
s#1891#1                                      273.986 	(obj:0.002331)
s#1891#2                                      238.951 	(obj:0.002262)
s#1891#3                                      200.576 	(obj:8e-05)
s#1891#4                                      161.637 	(obj:0.002445)
s#1892#0                                        93.19 	(obj:0.002197)
s#1892#1                                      274.096 	(obj:0.002331)
s#1892#2                                      238.991 	(obj:0.002262)
s#1892#3                                      200.946 	(obj:8e-05)
s#1892#4                                      161.912 	(obj:0.002445)
s#1893#0                                        93.21 	(obj:0.002197)
s#1893#1                                      274.226 	(obj:0.002331)
s#1893#2                                      239.101 	(obj:0.002262)
s#1893#3                                      200.986 	(obj:8e-05)
s#1893#4                                      161.964 	(obj:0.002445)
s#1894#0                                        93.25 	(obj:0.002197)
s#1894#1                                      274.226 	(obj:0.002331)
s#1894#2                                      239.121 	(obj:0.002262)
s#1894#3                                      201.066 	(obj:8e-05)
s#1894#4                                       162.05 	(obj:0.002445)
s#1895#0                                        93.28 	(obj:0.002197)
s#1895#1                                      274.276 	(obj:0.002331)
s#1895#2                                      239.481 	(obj:0.002262)
s#1895#3                                      201.456 	(obj:8e-05)
s#1895#4                                       162.19 	(obj:0.002445)
s#1896#0                                         93.3 	(obj:0.002197)
s#1896#1                                      274.656 	(obj:0.002331)
s#1896#2                                      239.661 	(obj:0.002262)
s#1896#3                                      201.646 	(obj:8e-05)
s#1896#4                                      162.339 	(obj:0.002445)
s#1897#0                                        93.34 	(obj:0.002197)
s#1897#1                                      274.696 	(obj:0.002331)
s#1897#2                                      240.011 	(obj:0.002262)
s#1897#3                                      201.706 	(obj:8e-05)
s#1897#4                                      162.622 	(obj:0.002445)
s#1898#0                                        93.48 	(obj:0.002197)
s#1898#1                                      274.936 	(obj:0.002331)
s#1898#2                                      240.101 	(obj:0.002262)
s#1898#3                                      201.856 	(obj:8e-05)
s#1898#4                                      162.673 	(obj:0.002445)
s#1899#0                                        93.49 	(obj:0.002197)
s#1899#1                                      274.986 	(obj:0.002331)
s#1899#2                                      240.241 	(obj:0.002262)
s#1899#3                                      201.966 	(obj:8e-05)
s#1899#4                                      163.114 	(obj:0.002445)
s#1900#0                                        93.52 	(obj:0.002197)
s#1900#1                                      275.216 	(obj:0.002331)
s#1900#2                                      240.491 	(obj:0.002262)
s#1900#3                                      202.096 	(obj:8e-05)
s#1900#4                                      163.142 	(obj:0.002445)
s#1901#0                                        93.55 	(obj:0.002197)
s#1901#1                                      275.346 	(obj:0.002331)
s#1901#2                                      240.631 	(obj:0.002262)
s#1901#3                                      202.106 	(obj:8e-05)
s#1901#4                                      163.438 	(obj:0.002445)
s#1902#0                                        93.63 	(obj:0.002197)
s#1902#1                                      275.766 	(obj:0.002331)
s#1902#2                                      240.861 	(obj:0.002262)
s#1902#3                                      202.276 	(obj:8e-05)
s#1902#4                                      164.215 	(obj:0.002445)
s#1903#0                                        93.69 	(obj:0.002197)
s#1903#1                                      276.326 	(obj:0.002331)
s#1903#2                                      240.881 	(obj:0.002262)
s#1903#3                                      202.556 	(obj:8e-05)
s#1903#4                                      164.527 	(obj:0.002445)
s#1904#0                                        93.69 	(obj:0.002197)
s#1904#1                                      276.466 	(obj:0.002331)
s#1904#2                                      241.021 	(obj:0.002262)
s#1904#3                                      202.986 	(obj:8e-05)
s#1904#4                                      165.485 	(obj:0.002445)
s#1905#0                                        93.93 	(obj:0.002197)
s#1905#1                                      276.716 	(obj:0.002331)
s#1905#2                                      241.381 	(obj:0.002262)
s#1905#3                                      203.036 	(obj:8e-05)
s#1905#4                                      165.528 	(obj:0.002445)
s#1906#0                                        94.08 	(obj:0.002197)
s#1906#1                                      276.766 	(obj:0.002331)
s#1906#2                                      241.541 	(obj:0.002262)
s#1906#3                                      203.566 	(obj:8e-05)
s#1906#4                                      166.105 	(obj:0.002445)
s#1907#0                                        94.22 	(obj:0.002197)
s#1907#1                                      277.026 	(obj:0.002331)
s#1907#2                                      241.561 	(obj:0.002262)
s#1907#3                                      203.606 	(obj:8e-05)
s#1907#4                                      166.902 	(obj:0.002445)
s#1908#0                                        94.28 	(obj:0.002197)
s#1908#1                                      277.516 	(obj:0.002331)
s#1908#2                                      241.931 	(obj:0.002262)
s#1908#3                                      203.756 	(obj:8e-05)
s#1908#4                                      167.123 	(obj:0.002445)
s#1909#0                                        94.33 	(obj:0.002197)
s#1909#1                                      277.606 	(obj:0.002331)
s#1909#2                                      242.101 	(obj:0.002262)
s#1909#3                                      204.616 	(obj:8e-05)
s#1909#4                                      167.668 	(obj:0.002445)
s#1910#0                                        94.37 	(obj:0.002197)
s#1910#1                                      277.626 	(obj:0.002331)
s#1910#2                                      242.621 	(obj:0.002262)
s#1910#3                                      205.006 	(obj:8e-05)
s#1910#4                                      167.675 	(obj:0.002445)
s#1911#0                                        94.38 	(obj:0.002197)
s#1911#1                                      277.666 	(obj:0.002331)
s#1911#2                                      242.671 	(obj:0.002262)
s#1911#3                                      205.196 	(obj:8e-05)
s#1911#4                                      167.869 	(obj:0.002445)
s#1912#0                                        94.41 	(obj:0.002197)
s#1912#1                                      277.856 	(obj:0.002331)
s#1912#2                                      242.781 	(obj:0.002262)
s#1912#3                                      206.036 	(obj:8e-05)
s#1912#4                                      167.952 	(obj:0.002445)
s#1913#0                                        94.47 	(obj:0.002197)
s#1913#1                                      278.286 	(obj:0.002331)
s#1913#2                                      242.811 	(obj:0.002262)
s#1913#3                                      206.286 	(obj:8e-05)
s#1913#4                                       169.06 	(obj:0.002445)
s#1914#0                                        94.48 	(obj:0.002197)
s#1914#1                                      278.306 	(obj:0.002331)
s#1914#2                                      242.991 	(obj:0.002262)
s#1914#3                                      206.336 	(obj:8e-05)
s#1914#4                                      169.327 	(obj:0.002445)
s#1915#0                                        94.53 	(obj:0.002197)
s#1915#1                                      278.876 	(obj:0.002331)
s#1915#2                                      243.431 	(obj:0.002262)
s#1915#3                                      206.346 	(obj:8e-05)
s#1915#4                                      169.711 	(obj:0.002445)
s#1916#0                                        94.57 	(obj:0.002197)
s#1916#1                                      278.896 	(obj:0.002331)
s#1916#2                                      243.441 	(obj:0.002262)
s#1916#3                                      206.686 	(obj:8e-05)
s#1916#4                                      169.736 	(obj:0.002445)
s#1917#0                                        94.61 	(obj:0.002197)
s#1917#1                                      279.096 	(obj:0.002331)
s#1917#2                                      243.931 	(obj:0.002262)
s#1917#3                                      206.716 	(obj:8e-05)
s#1917#4                                      170.158 	(obj:0.002445)
s#1918#0                                        94.62 	(obj:0.002197)
s#1918#1                                      279.326 	(obj:0.002331)
s#1918#2                                      244.021 	(obj:0.002262)
s#1918#3                                      208.486 	(obj:8e-05)
s#1918#4                                      170.267 	(obj:0.002445)
s#1919#0                                        94.64 	(obj:0.002197)
s#1919#1                                      279.486 	(obj:0.002331)
s#1919#2                                      244.111 	(obj:0.002262)
s#1919#3                                      208.766 	(obj:8e-05)
s#1919#4                                      171.275 	(obj:0.002445)
s#1920#0                                        94.68 	(obj:0.002197)
s#1920#1                                      279.676 	(obj:0.002331)
s#1920#2                                      244.511 	(obj:0.002262)
s#1920#3                                      209.016 	(obj:8e-05)
s#1920#4                                      171.526 	(obj:0.002445)
s#1921#0                                        94.68 	(obj:0.002197)
s#1921#1                                      279.966 	(obj:0.002331)
s#1921#2                                      244.611 	(obj:0.002262)
s#1921#3                                      209.356 	(obj:8e-05)
s#1921#4                                      171.964 	(obj:0.002445)
s#1922#0                                        94.78 	(obj:0.002197)
s#1922#1                                      280.486 	(obj:0.002331)
s#1922#2                                      244.631 	(obj:0.002262)
s#1922#3                                      209.366 	(obj:8e-05)
s#1922#4                                      172.939 	(obj:0.002445)
s#1923#0                                        94.91 	(obj:0.002197)
s#1923#1                                      280.516 	(obj:0.002331)
s#1923#2                                      244.711 	(obj:0.002262)
s#1923#3                                      209.376 	(obj:8e-05)
s#1923#4                                      173.166 	(obj:0.002445)
s#1924#0                                        94.99 	(obj:0.002197)
s#1924#1                                      280.966 	(obj:0.002331)
s#1924#2                                      244.901 	(obj:0.002262)
s#1924#3                                      209.606 	(obj:8e-05)
s#1924#4                                      173.407 	(obj:0.002445)
s#1925#0                                        95.01 	(obj:0.002197)
s#1925#1                                      281.216 	(obj:0.002331)
s#1925#2                                      244.921 	(obj:0.002262)
s#1925#3                                      210.256 	(obj:8e-05)
s#1925#4                                      173.441 	(obj:0.002445)
s#1926#0                                        95.04 	(obj:0.002197)
s#1926#1                                      281.226 	(obj:0.002331)
s#1926#2                                      245.151 	(obj:0.002262)
s#1926#3                                      210.536 	(obj:8e-05)
s#1926#4                                      173.488 	(obj:0.002445)
s#1927#0                                        95.13 	(obj:0.002197)
s#1927#1                                      281.266 	(obj:0.002331)
s#1927#2                                      245.381 	(obj:0.002262)
s#1927#3                                      210.796 	(obj:8e-05)
s#1927#4                                      173.673 	(obj:0.002445)
s#1928#0                                        95.35 	(obj:0.002197)
s#1928#1                                      281.276 	(obj:0.002331)
s#1928#2                                      245.671 	(obj:0.002262)
s#1928#3                                      210.986 	(obj:8e-05)
s#1928#4                                      174.139 	(obj:0.002445)
s#1929#0                                        95.36 	(obj:0.002197)
s#1929#1                                      281.386 	(obj:0.002331)
s#1929#2                                      246.071 	(obj:0.002262)
s#1929#3                                      211.656 	(obj:8e-05)
s#1929#4                                      174.904 	(obj:0.002445)
s#1930#0                                        95.38 	(obj:0.002197)
s#1930#1                                      281.396 	(obj:0.002331)
s#1930#2                                      246.151 	(obj:0.002262)
s#1930#3                                      212.266 	(obj:8e-05)
s#1930#4                                      175.001 	(obj:0.002445)
s#1931#0                                        95.46 	(obj:0.002197)
s#1931#1                                      281.616 	(obj:0.002331)
s#1931#2                                      246.401 	(obj:0.002262)
s#1931#3                                      212.346 	(obj:8e-05)
s#1931#4                                      175.666 	(obj:0.002445)
s#1932#0                                        95.55 	(obj:0.002197)
s#1932#1                                      281.616 	(obj:0.002331)
s#1932#2                                      247.171 	(obj:0.002262)
s#1932#3                                      213.576 	(obj:8e-05)
s#1932#4                                      176.511 	(obj:0.002445)
s#1933#0                                        95.57 	(obj:0.002197)
s#1933#1                                      281.646 	(obj:0.002331)
s#1933#2                                      247.591 	(obj:0.002262)
s#1933#3                                      214.086 	(obj:8e-05)
s#1933#4                                      176.899 	(obj:0.002445)
s#1934#0                                        95.59 	(obj:0.002197)
s#1934#1                                      282.076 	(obj:0.002331)
s#1934#2                                      247.721 	(obj:0.002262)
s#1934#3                                      214.556 	(obj:8e-05)
s#1934#4                                      176.964 	(obj:0.002445)
s#1935#0                                        95.59 	(obj:0.002197)
s#1935#1                                      282.226 	(obj:0.002331)
s#1935#2                                      247.931 	(obj:0.002262)
s#1935#3                                      214.656 	(obj:8e-05)
s#1935#4                                      177.337 	(obj:0.002445)
s#1936#0                                        95.59 	(obj:0.002197)
s#1936#1                                      282.736 	(obj:0.002331)
s#1936#2                                      247.981 	(obj:0.002262)
s#1936#3                                      215.206 	(obj:8e-05)
s#1936#4                                      177.349 	(obj:0.002445)
s#1937#0                                        95.61 	(obj:0.002197)
s#1937#1                                      283.306 	(obj:0.002331)
s#1937#2                                      248.391 	(obj:0.002262)
s#1937#3                                      215.296 	(obj:8e-05)
s#1937#4                                      177.373 	(obj:0.002445)
s#1938#0                                        95.62 	(obj:0.002197)
s#1938#1                                      283.336 	(obj:0.002331)
s#1938#2                                      248.541 	(obj:0.002262)
s#1938#3                                      215.706 	(obj:8e-05)
s#1938#4                                      177.477 	(obj:0.002445)
s#1939#0                                        95.68 	(obj:0.002197)
s#1939#1                                      283.486 	(obj:0.002331)
s#1939#2                                      248.941 	(obj:0.002262)
s#1939#3                                      216.206 	(obj:8e-05)
s#1939#4                                      178.368 	(obj:0.002445)
s#1940#0                                        95.68 	(obj:0.002197)
s#1940#1                                      283.616 	(obj:0.002331)
s#1940#2                                      249.431 	(obj:0.002262)
s#1940#3                                      216.226 	(obj:8e-05)
s#1940#4                                      178.979 	(obj:0.002445)
s#1941#0                                        95.86 	(obj:0.002197)
s#1941#1                                      283.696 	(obj:0.002331)
s#1941#2                                      250.561 	(obj:0.002262)
s#1941#3                                      218.286 	(obj:8e-05)
s#1941#4                                      179.046 	(obj:0.002445)
s#1942#0                                        95.97 	(obj:0.002197)
s#1942#1                                      283.706 	(obj:0.002331)
s#1942#2                                      250.881 	(obj:0.002262)
s#1942#3                                      218.406 	(obj:8e-05)
s#1942#4                                       179.22 	(obj:0.002445)
s#1943#0                                        95.98 	(obj:0.002197)
s#1943#1                                      283.756 	(obj:0.002331)
s#1943#2                                      251.871 	(obj:0.002262)
s#1943#3                                      218.836 	(obj:8e-05)
s#1943#4                                      179.687 	(obj:0.002445)
s#1944#0                                        95.99 	(obj:0.002197)
s#1944#1                                      284.956 	(obj:0.002331)
s#1944#2                                      252.151 	(obj:0.002262)
s#1944#3                                      218.856 	(obj:8e-05)
s#1944#4                                      180.081 	(obj:0.002445)
s#1945#0                                        96.05 	(obj:0.002197)
s#1945#1                                      285.106 	(obj:0.002331)
s#1945#2                                      252.171 	(obj:0.002262)
s#1945#3                                      218.896 	(obj:8e-05)
s#1945#4                                      180.212 	(obj:0.002445)
s#1946#0                                        96.07 	(obj:0.002197)
s#1946#1                                      285.506 	(obj:0.002331)
s#1946#2                                      252.291 	(obj:0.002262)
s#1946#3                                      219.046 	(obj:8e-05)
s#1946#4                                      180.866 	(obj:0.002445)
s#1947#0                                        96.08 	(obj:0.002197)
s#1947#1                                      285.516 	(obj:0.002331)
s#1947#2                                      252.341 	(obj:0.002262)
s#1947#3                                      219.346 	(obj:8e-05)
s#1947#4                                      180.908 	(obj:0.002445)
s#1948#0                                        96.11 	(obj:0.002197)
s#1948#1                                      285.616 	(obj:0.002331)
s#1948#2                                      252.401 	(obj:0.002262)
s#1948#3                                      221.496 	(obj:8e-05)
s#1948#4                                      181.397 	(obj:0.002445)
s#1949#0                                        96.15 	(obj:0.002197)
s#1949#1                                      285.776 	(obj:0.002331)
s#1949#2                                      252.601 	(obj:0.002262)
s#1949#3                                      221.826 	(obj:8e-05)
s#1949#4                                      181.692 	(obj:0.002445)
s#1950#0                                        96.17 	(obj:0.002197)
s#1950#1                                      286.516 	(obj:0.002331)
s#1950#2                                      253.521 	(obj:0.002262)
s#1950#3                                      221.926 	(obj:8e-05)
s#1950#4                                      181.932 	(obj:0.002445)
s#1951#0                                        96.25 	(obj:0.002197)
s#1951#1                                      287.346 	(obj:0.002331)
s#1951#2                                      253.521 	(obj:0.002262)
s#1951#3                                      222.576 	(obj:8e-05)
s#1951#4                                      182.797 	(obj:0.002445)
s#1952#0                                        96.25 	(obj:0.002197)
s#1952#1                                      287.486 	(obj:0.002331)
s#1952#2                                      253.521 	(obj:0.002262)
s#1952#3                                      222.586 	(obj:8e-05)
s#1952#4                                      182.865 	(obj:0.002445)
s#1953#0                                        96.26 	(obj:0.002197)
s#1953#1                                      287.566 	(obj:0.002331)
s#1953#2                                      255.711 	(obj:0.002262)
s#1953#3                                      222.636 	(obj:8e-05)
s#1953#4                                      183.001 	(obj:0.002445)
s#1954#0                                        96.38 	(obj:0.002197)
s#1954#1                                      287.586 	(obj:0.002331)
s#1954#2                                      255.851 	(obj:0.002262)
s#1954#3                                      222.886 	(obj:8e-05)
s#1954#4                                      183.138 	(obj:0.002445)
s#1955#0                                        96.39 	(obj:0.002197)
s#1955#1                                      287.606 	(obj:0.002331)
s#1955#2                                      256.171 	(obj:0.002262)
s#1955#3                                      222.986 	(obj:8e-05)
s#1955#4                                      183.171 	(obj:0.002445)
s#1956#0                                        96.54 	(obj:0.002197)
s#1956#1                                      288.086 	(obj:0.002331)
s#1956#2                                      256.221 	(obj:0.002262)
s#1956#3                                      224.446 	(obj:8e-05)
s#1956#4                                      183.656 	(obj:0.002445)
s#1957#0                                        96.57 	(obj:0.002197)
s#1957#1                                      288.166 	(obj:0.002331)
s#1957#2                                      256.521 	(obj:0.002262)
s#1957#3                                      224.856 	(obj:8e-05)
s#1957#4                                      184.154 	(obj:0.002445)
s#1958#0                                        96.66 	(obj:0.002197)
s#1958#1                                      288.316 	(obj:0.002331)
s#1958#2                                      256.701 	(obj:0.002262)
s#1958#3                                      224.886 	(obj:8e-05)
s#1958#4                                      184.505 	(obj:0.002445)
s#1959#0                                        96.69 	(obj:0.002197)
s#1959#1                                      288.376 	(obj:0.002331)
s#1959#2                                      257.191 	(obj:0.002262)
s#1959#3                                      225.526 	(obj:8e-05)
s#1959#4                                      184.593 	(obj:0.002445)
s#1960#0                                        96.85 	(obj:0.002197)
s#1960#1                                      288.406 	(obj:0.002331)
s#1960#2                                      257.201 	(obj:0.002262)
s#1960#3                                      226.086 	(obj:8e-05)
s#1960#4                                      185.235 	(obj:0.002445)
s#1961#0                                        96.88 	(obj:0.002197)
s#1961#1                                      288.526 	(obj:0.002331)
s#1961#2                                      258.361 	(obj:0.002262)
s#1961#3                                      226.476 	(obj:8e-05)
s#1961#4                                      185.675 	(obj:0.002445)
s#1962#0                                        96.93 	(obj:0.002197)
s#1962#1                                      288.766 	(obj:0.002331)
s#1962#2                                      259.181 	(obj:0.002262)
s#1962#3                                      228.056 	(obj:8e-05)
s#1962#4                                       186.36 	(obj:0.002445)
s#1963#0                                        97.12 	(obj:0.002197)
s#1963#1                                      288.816 	(obj:0.002331)
s#1963#2                                      259.731 	(obj:0.002262)
s#1963#3                                      228.216 	(obj:8e-05)
s#1963#4                                      186.575 	(obj:0.002445)
s#1964#0                                        97.15 	(obj:0.002197)
s#1964#1                                      288.856 	(obj:0.002331)
s#1964#2                                      260.391 	(obj:0.002262)
s#1964#3                                      228.696 	(obj:8e-05)
s#1964#4                                      186.711 	(obj:0.002445)
s#1965#0                                        97.21 	(obj:0.002197)
s#1965#1                                      288.986 	(obj:0.002331)
s#1965#2                                      260.821 	(obj:0.002262)
s#1965#3                                      229.936 	(obj:8e-05)
s#1965#4                                      186.775 	(obj:0.002445)
s#1966#0                                        97.23 	(obj:0.002197)
s#1966#1                                      289.096 	(obj:0.002331)
s#1966#2                                      261.861 	(obj:0.002262)
s#1966#3                                      230.636 	(obj:8e-05)
s#1966#4                                      187.128 	(obj:0.002445)
s#1967#0                                        97.28 	(obj:0.002197)
s#1967#1                                      289.146 	(obj:0.002331)
s#1967#2                                      262.001 	(obj:0.002262)
s#1967#3                                      231.056 	(obj:8e-05)
s#1967#4                                      188.862 	(obj:0.002445)
s#1968#0                                        97.29 	(obj:0.002197)
s#1968#1                                      289.196 	(obj:0.002331)
s#1968#2                                      262.541 	(obj:0.002262)
s#1968#3                                      231.656 	(obj:8e-05)
s#1968#4                                      190.453 	(obj:0.002445)
s#1969#0                                        97.29 	(obj:0.002197)
s#1969#1                                      289.536 	(obj:0.002331)
s#1969#2                                      262.611 	(obj:0.002262)
s#1969#3                                      231.986 	(obj:8e-05)
s#1969#4                                      190.492 	(obj:0.002445)
s#1970#0                                        97.32 	(obj:0.002197)
s#1970#1                                      290.256 	(obj:0.002331)
s#1970#2                                      263.501 	(obj:0.002262)
s#1970#3                                      233.136 	(obj:8e-05)
s#1970#4                                      191.583 	(obj:0.002445)
s#1971#0                                        97.32 	(obj:0.002197)
s#1971#1                                      290.416 	(obj:0.002331)
s#1971#2                                      263.961 	(obj:0.002262)
s#1971#3                                      233.546 	(obj:8e-05)
s#1971#4                                      193.487 	(obj:0.002445)
s#1972#0                                        97.41 	(obj:0.002197)
s#1972#1                                      291.126 	(obj:0.002331)
s#1972#2                                      264.641 	(obj:0.002262)
s#1972#3                                      234.336 	(obj:8e-05)
s#1972#4                                      194.244 	(obj:0.002445)
s#1973#0                                        97.43 	(obj:0.002197)
s#1973#1                                      291.406 	(obj:0.002331)
s#1973#2                                      264.651 	(obj:0.002262)
s#1973#3                                      234.576 	(obj:8e-05)
s#1973#4                                      196.167 	(obj:0.002445)
s#1974#0                                        97.53 	(obj:0.002197)
s#1974#1                                      291.716 	(obj:0.002331)
s#1974#2                                      264.651 	(obj:0.002262)
s#1974#3                                      234.776 	(obj:8e-05)
s#1974#4                                      197.121 	(obj:0.002445)
s#1975#0                                         97.6 	(obj:0.002197)
s#1975#1                                      292.476 	(obj:0.002331)
s#1975#2                                      264.801 	(obj:0.002262)
s#1975#3                                      236.456 	(obj:8e-05)
s#1975#4                                      197.233 	(obj:0.002445)
s#1976#0                                        97.65 	(obj:0.002197)
s#1976#1                                      292.526 	(obj:0.002331)
s#1976#2                                      265.051 	(obj:0.002262)
s#1976#3                                      236.606 	(obj:8e-05)
s#1976#4                                      197.295 	(obj:0.002445)
s#1977#0                                        97.68 	(obj:0.002197)
s#1977#1                                      292.636 	(obj:0.002331)
s#1977#2                                      266.941 	(obj:0.002262)
s#1977#3                                      236.776 	(obj:8e-05)
s#1977#4                                      198.914 	(obj:0.002445)
s#1978#0                                        97.69 	(obj:0.002197)
s#1978#1                                      293.256 	(obj:0.002331)
s#1978#2                                      267.051 	(obj:0.002262)
s#1978#3                                      236.876 	(obj:8e-05)
s#1978#4                                      201.257 	(obj:0.002445)
s#1979#0                                        97.72 	(obj:0.002197)
s#1979#1                                      293.836 	(obj:0.002331)
s#1979#2                                      267.551 	(obj:0.002262)
s#1979#3                                      237.086 	(obj:8e-05)
s#1979#4                                       201.29 	(obj:0.002445)
s#1980#0                                        97.79 	(obj:0.002197)
s#1980#1                                      293.966 	(obj:0.002331)
s#1980#2                                      267.731 	(obj:0.002262)
s#1980#3                                      237.236 	(obj:8e-05)
s#1980#4                                      201.446 	(obj:0.002445)
s#1981#0                                        97.81 	(obj:0.002197)
s#1981#1                                      294.486 	(obj:0.002331)
s#1981#2                                      267.971 	(obj:0.002262)
s#1981#3                                      237.356 	(obj:8e-05)
s#1981#4                                      202.262 	(obj:0.002445)
s#1982#0                                        97.82 	(obj:0.002197)
s#1982#1                                      294.666 	(obj:0.002331)
s#1982#2                                      268.051 	(obj:0.002262)
s#1982#3                                      238.666 	(obj:8e-05)
s#1982#4                                      203.278 	(obj:0.002445)
s#1983#0                                        97.83 	(obj:0.002197)
s#1983#1                                      295.866 	(obj:0.002331)
s#1983#2                                      268.391 	(obj:0.002262)
s#1983#3                                      239.496 	(obj:8e-05)
s#1983#4                                      205.526 	(obj:0.002445)
s#1984#0                                        97.88 	(obj:0.002197)
s#1984#1                                      296.756 	(obj:0.002331)
s#1984#2                                      268.491 	(obj:0.002262)
s#1984#3                                      240.666 	(obj:8e-05)
s#1984#4                                      205.833 	(obj:0.002445)
s#1985#0                                        97.89 	(obj:0.002197)
s#1985#1                                      296.876 	(obj:0.002331)
s#1985#2                                      270.371 	(obj:0.002262)
s#1985#3                                      240.726 	(obj:8e-05)
s#1985#4                                       209.63 	(obj:0.002445)
s#1986#0                                        97.96 	(obj:0.002197)
s#1986#1                                      297.346 	(obj:0.002331)
s#1986#2                                      270.631 	(obj:0.002262)
s#1986#3                                      241.536 	(obj:8e-05)
s#1986#4                                      212.529 	(obj:0.002445)
s#1987#0                                        98.02 	(obj:0.002197)
s#1987#1                                      297.406 	(obj:0.002331)
s#1987#2                                      272.351 	(obj:0.002262)
s#1987#3                                      241.616 	(obj:8e-05)
s#1987#4                                      212.667 	(obj:0.002445)
s#1988#0                                        98.03 	(obj:0.002197)
s#1988#1                                      297.706 	(obj:0.002331)
s#1988#2                                      272.361 	(obj:0.002262)
s#1988#3                                      242.556 	(obj:8e-05)
s#1988#4                                      213.789 	(obj:0.002445)
s#1989#0                                        98.18 	(obj:0.002197)
s#1989#1                                      298.456 	(obj:0.002331)
s#1989#2                                      272.901 	(obj:0.002262)
s#1989#3                                      245.766 	(obj:8e-05)
s#1989#4                                      215.081 	(obj:0.002445)
s#1990#0                                        98.26 	(obj:0.002197)
s#1990#1                                      299.006 	(obj:0.002331)
s#1990#2                                      273.181 	(obj:0.002262)
s#1990#3                                      246.926 	(obj:8e-05)
s#1990#4                                      216.584 	(obj:0.002445)
s#1991#0                                        98.31 	(obj:0.002197)
s#1991#1                                      299.986 	(obj:0.002331)
s#1991#2                                      274.781 	(obj:0.002262)
s#1991#3                                      247.636 	(obj:8e-05)
s#1991#4                                      217.196 	(obj:0.002445)
s#1992#0                                         98.4 	(obj:0.002197)
s#1992#1                                      300.396 	(obj:0.002331)
s#1992#2                                      275.491 	(obj:0.002262)
s#1992#3                                      249.316 	(obj:8e-05)
s#1992#4                                      217.259 	(obj:0.002445)
s#1993#0                                        98.45 	(obj:0.002197)
s#1993#1                                      300.946 	(obj:0.002331)
s#1993#2                                      276.291 	(obj:0.002262)
s#1993#3                                      249.846 	(obj:8e-05)
s#1993#4                                      217.462 	(obj:0.002445)
s#1994#0                                        98.55 	(obj:0.002197)
s#1994#1                                      301.746 	(obj:0.002331)
s#1994#2                                      277.001 	(obj:0.002262)
s#1994#3                                      251.046 	(obj:8e-05)
s#1994#4                                      217.572 	(obj:0.002445)
s#1995#0                                        98.66 	(obj:0.002197)
s#1995#1                                      301.856 	(obj:0.002331)
s#1995#2                                      278.571 	(obj:0.002262)
s#1995#3                                      251.306 	(obj:8e-05)
s#1995#4                                      222.299 	(obj:0.002445)
s#1996#0                                        98.66 	(obj:0.002197)
s#1996#1                                      301.916 	(obj:0.002331)
s#1996#2                                      278.911 	(obj:0.002262)
s#1996#3                                      253.566 	(obj:8e-05)
s#1996#4                                       223.21 	(obj:0.002445)
s#1997#0                                        98.71 	(obj:0.002197)
s#1997#1                                      302.926 	(obj:0.002331)
s#1997#2                                      279.431 	(obj:0.002262)
s#1997#3                                      253.766 	(obj:8e-05)
s#1997#4                                      225.891 	(obj:0.002445)
s#1998#0                                        98.84 	(obj:0.002197)
s#1998#1                                      304.276 	(obj:0.002331)
s#1998#2                                      280.281 	(obj:0.002262)
s#1998#3                                      263.546 	(obj:8e-05)
s#1998#4                                      225.956 	(obj:0.002445)
s#1999#0                                        98.94 	(obj:0.002197)
s#1999#1                                      304.506 	(obj:0.002331)
s#1999#2                                      298.791 	(obj:0.002262)
s#1999#3                                      268.306 	(obj:8e-05)
s#1999#4                                      231.017 	(obj:0.002445)
v#0                                            99.955 	(obj:0)
v#1                                           308.316 	(obj:0)
v#2                                           308.316 	(obj:0)
v#3                                           308.316 	(obj:0)
v#4                                           308.316 	(obj:0)

Statistics
==========

SCIP Status        : problem is solved [optimal solution found]
Total Time         :      47.01
  solving          :      46.80
  presolving       :       8.61 (included in solving)
  reading          :       0.21
  copying          :       0.04 (2 #copies) (minimal 0.02, maximal 0.02, average 0.02)
Original Problem   :
  Problem name     : 5-2000-0
  Variables        : 10847 (837 binary, 0 integer, 0 implicit integer, 10010 continuous)
  Constraints      : 12011 initial, 12011 maximal
  Objective        : minimize, 10010 non-zeros (abs.min = 8e-05, abs.max = 745.93)
Presolved Problem  :
  Problem name     : t_5-2000-0
  Variables        : 2844 (835 binary, 0 integer, 0 implicit integer, 2009 continuous)
  Constraints      : 4009 initial, 4009 maximal
  Objective        : minimize, 2013 non-zeros (abs.min = 8e-05, abs.max = 745.93)
  Nonzeros         : 8855 constraint, 8004 clique table
Presolvers         :   ExecTime  SetupTime  Calls  FixedVars   AggrVars   ChgTypes  ChgBounds   AddHoles    DelCons    AddCons   ChgSides   ChgCoefs
  boundshift       :       0.00       0.00      0          0          0          0          0          0          0          0          0          0
  convertinttobin  :       0.00       0.00      0          0          0          0          0          0          0          0          0          0
  domcol           :       0.01       0.00      1          0          0          0          0          0          0          0          0          0
  dualagg          :       0.00       0.00      0          0          0          0          0          0          0          0          0          0
  dualcomp         :       0.00       0.00      1          0          0          0          0          0          0          0          0          0
  dualinfer        :       0.00       0.00      0          0          0          0          0          0          0          0          0          0
  dualsparsify     :       0.01       0.00      1          0          0          0          0          0          0          0          0          0
  gateextraction   :       0.00       0.00      0          0          0          0          0          0          0          0          0          0
  implics          :       0.00       0.00      3          0          0          0          0          0          0          0          0          0
  inttobinary      :       0.00       0.00      0          0          0          0          0          0          0          0          0          0
  milp             :       0.01       0.00      1          0          0          0       2000          0          0          0          0          0
  qpkktref         :       0.00       0.00      0          0          0          0          0          0          0          0          0          0
  redvub           :       0.00       0.00      0          0          0          0          0          0          0          0          0          0
  sparsify         :       0.00       0.00      1          0          0          0          0          0          0          0          0          0
  stuffing         :       0.00       0.00      0          0          0          0          0          0          0          0          0          0
  trivial          :       0.00       0.00      5          0          0          0          0          0          0          0          0          0
  tworowbnd        :       0.00       0.00      0          0          0          0          0          0          0          0          0          0
  dualfix          :       0.00       0.00      5          1          0          0          0          0          0          0          0          0
  genvbounds       :       0.00       0.00      0          0          0          0          0          0          0          0          0          0
  probing          :       8.49       0.00      1          0          0          0          0          0          0          0          0          0
  pseudoobj        :       0.00       0.00      0          0          0          0          0          0          0          0          0          0
  symmetry         :       0.00       0.00      1          0          0          0          0          0          0          0          0          0
  vbounds          :       0.00       0.00      1          0          0          0          0          0          0          0          0          0
  chancecons       :       0.01       0.00      1          0          0          0          0          0          0          0          0          0
  varbound         :       0.00       0.00      2          0          0          0          0          0          0          0          0          0
  linear           :       0.06       0.01      7          1       8001          0       8010          0       8002          0          0          0
  logicor          :       0.00       0.00      0          0          0          0          0          0          0          0          0          0
  benders          :       0.00       0.00      0          0          0          0          0          0          0          0          0          0
  components       :       0.00       0.00      1          0          0          0          0          0          0          0          0          0
  root node        :          -          -      -        576          -          -       2585          -          -          -          -          -
Constraints        :     Number  MaxNumber  #Separate #Propagate    #EnfoLP    #EnfoRelax  #EnfoPS    #Check   #ResProp    Cutoffs    DomReds       Cuts    Applied      Conss   Children
  benderslp        :          0          0          0          0         39          0          0         37          0          0          0          0          0          0          0
  chancecons       :          1          1          2       4999          0          0          0          0          0         12       2760          5          4          0          0
  integral         :          0          0          0          0         39          0          0         37          0          0       1542          0          0          0         56
  varbound         :       2003       2003          1       5016          0          0          0         32         10          0         40          0          0          0          0
  linear           :       2005       2005          1       5016          0          0          0         23         20          0      23710          0          0          0          0
  logicor          :          0+         1          0          7          0          0          0          0          0          0          1          0          0          0          0
  benders          :          0          0          0          0          0          0          0         20          0          0          0          0          0          0          0
  fixedvar         :          0          0          0          0          0          0          0         20          0          0          0          0          0          0          0
  countsols        :          0          0          0          0          0          0          0         20          0          0          0          0          0          0          0
  components       :          0          0          0          0          0          0          0          0          0          0          0          0          0          0          0
Constraint Timings :  TotalTime  SetupTime   Separate  Propagate     EnfoLP     EnfoPS     EnfoRelax   Check    ResProp    SB-Prop
  benderslp        :       0.00       0.00       0.00       0.00       0.00       0.00       0.00       0.00       0.00       0.00
  chancecons       :       4.15       0.00       0.00       3.13       0.00       0.00       0.00       0.00       0.00       1.01
  integral         :      15.82       0.00       0.00       0.00      15.82       0.00       0.00       0.00       0.00       0.00
  varbound         :       0.39       0.00       0.00       0.33       0.00       0.00       0.00       0.00       0.00       0.06
  linear           :       1.34       0.01       0.01       1.04       0.00       0.00       0.00       0.00       0.00       0.27
  logicor          :       0.00       0.00       0.00       0.00       0.00       0.00       0.00       0.00       0.00       0.00
  benders          :       0.00       0.00       0.00       0.00       0.00       0.00       0.00       0.00       0.00       0.00
  fixedvar         :       0.01       0.00       0.00       0.00       0.00       0.00       0.00       0.01       0.00       0.00
  countsols        :       0.00       0.00       0.00       0.00       0.00       0.00       0.00       0.00       0.00       0.00
  components       :       0.00       0.00       0.00       0.00       0.00       0.00       0.00       0.00       0.00       0.00
Propagators        : #Propagate   #ResProp    Cutoffs    DomReds
  dualfix          :          6          0          0          0
  genvbounds       :          0          0          0          0
  nlobbt           :          0          0          0          0
  obbt             :          0          0          0          0
  probing          :          0          0          0          0
  pseudoobj        :        262          6          8         22
  redcost          :        108          0          0          5
  rootredcost      :          2          0          0          0
  symmetry         :          0          0          0          0
  vbounds          :       1599          0          0          0
Propagator Timings :  TotalTime  SetupTime   Presolve  Propagate    ResProp    SB-Prop
  dualfix          :       0.00       0.00       0.00       0.00       0.00       0.00
  genvbounds       :       0.00       0.00       0.00       0.00       0.00       0.00
  nlobbt           :       0.00       0.00       0.00       0.00       0.00       0.00
  obbt             :       0.00       0.00       0.00       0.00       0.00       0.00
  probing          :       8.49       0.00       8.49       0.00       0.00       0.00
  pseudoobj        :       0.03       0.00       0.00       0.03       0.00       0.00
  redcost          :       0.01       0.00       0.00       0.01       0.00       0.00
  rootredcost      :       0.00       0.00       0.00       0.00       0.00       0.00
  symmetry         :       0.00       0.00       0.00       0.00       0.00       0.00
  vbounds          :       0.12       0.00       0.00       0.11       0.00       0.01
Symmetry           :
  orbitopal red.   :          0 reductions applied,          0 cutoffs
  orbital reduction:          0 reductions applied,          0 cutoffs
  lexicographic red:          0 reductions applied,          0 cutoffs
  shadow tree time :       0.00 s
Conflict Analysis  :       Time      Calls    Success    DomReds  Conflicts   Literals    Reconvs ReconvLits   Dualrays   Nonzeros   LP Iters   (pool size: [10000,10000])
  propagation      :       0.00          6          5          -          5        4.2          0        0.0          -          -          -
  infeasible LP    :       0.00          0          0          -          0        0.0          0        0.0          0        0.0          0
  bound exceed. LP :       0.07         23         19          -          1        3.0          0        0.0         11        1.0        240
  strong branching :       0.00          0          0          -          0        0.0          0        0.0          -          -          0
  pseudo solution  :       0.00          0          0          -          0        0.0          0        0.0          -          -          -
  applied globally :       0.00          -          -         11          1        3.0          -          -         11          -          -
  applied locally  :          -          -          -          0          0        0.0          -          -          0          -          -
Separators         :   ExecTime  SetupTime      Calls  RootCalls    Cutoffs    DomReds  FoundCuts ViaPoolAdd  DirectAdd    Applied ViaPoolApp  DirectApp      Conss
  cut pool         :       0.25          -         22         17          -          -     218027    1435987          -          -          -          -          -    (maximal pool size:     218027)
  aggregation      :       0.02       0.00          2          1          0          0        503        978          0          8          8          0          0
  > cmir           :          -          -          -          -          -          -          -        967          0          6          6          0          -
  > flowcover      :          -          -          -          -          -          -          -         11          0          2          2          0          -
  > knapsackcover  :          -          -          -          -          -          -          -          0          0          0          0          0          -
  cgmip            :       0.00       0.00          0          0          0          0          0          0          0          0          0          0          0
  clique           :       0.04       0.00          1          1          0          0          0          0          0          0          0          0          0
  closecuts        :       0.00       0.00          0          0          0          0          0          0          0          0          0          0          0
  convexproj       :       0.00       0.00          0          0          0          0          0          0          0          0          0          0          0
  disjunctive      :       0.00       0.00          0          0          0          0          0          0          0          0          0          0          0
  eccuts           :       0.00       0.00          0          0          0          0          0          0          0          0          0          0          0
  gauge            :       0.00       0.00          0          0          0          0          0          0          0          0          0          0          0
  gomory           :       0.02       0.00          2          1          0          0        205        209          0          3          3          0          0
  > gomorymi       :          -          -          -          -          -          -          -        209          0          3          3          0          -
  > strongcg       :          -          -          -          -          -          -          -          0          0          0          0          0          -
  impliedbounds    :       0.41       0.00          2          1          0          0     217316    1434793          0       6788       6788          0          0
  interminor       :       0.00       0.00          0          0          0          0          0          0          0          0          0          0          0
  intobj           :       0.00       0.00          0          0          0          0          0          0          0          0          0          0          0
  lagromory        :       0.00       0.00          0          0          0          0          0          0          0          0          0          0          0
  mcf              :       0.01       0.00          1          1          0          0          3          7          0          1          1          0          0
  minor            :       0.00       0.00          1          1          0          0          0          0          0          0          0          0          0
  mixing           :       0.00       0.00          0          0          0          0          0          0          0          0          0          0          0
  oddcycle         :       0.00       0.00          0          0          0          0          0          0          0          0          0          0          0
  rapidlearning    :       0.00       0.00          0          0          0          0          0          0          0          0          0          0          0
  rlt              :       0.00       0.00          1          1          0          0          0          0          0          0          0          0          0
  zerohalf         :       0.00       0.00          2          1          0          0          0          0          0          0          0          0          0
Cutselectors       :   ExecTime  SetupTime      Calls  RootCalls   Selected     Forced   Filtered  RootSelec   RootForc   RootFilt 
  hybrid           :      16.34       0.00         21         17       6804          0    1429188       6765          0    1425876
  ensemble         :       0.00       0.00          0          0          0          0          0          0          0          0
  dynamic          :       0.00       0.00          0          0          0          0          0          0          0          0
Pricers            :   ExecTime  SetupTime      Calls       Vars
  problem variables:       0.00          -          0          0
Branching Rules    :   ExecTime  SetupTime   BranchLP  BranchExt   BranchPS    Cutoffs    DomReds       Cuts      Conss   Children
  allfullstrong    :       0.00       0.00          0          0          0          0          0          0          0          0
  cloud            :       0.00       0.00          0          0          0          0          0          0          0          0
  distribution     :       0.00       0.00          0          0          0          0          0          0          0          0
  fullstrong       :       0.00       0.00          0          0          0          0          0          0          0          0
  gomory           :       0.00       0.00          0          0          0          0          0          0          0          0
  inference        :       0.00       0.00          0          0          0          0          0          0          0          0
  leastinf         :       0.00       0.00          0          0          0          0          0          0          0          0
  lookahead        :       0.00       0.00          0          0          0          0          0          0          0          0
  mostinf          :       0.00       0.00          0          0          0          0          0          0          0          0
  multaggr         :       0.00       0.00          0          0          0          0          0          0          0          0
  nodereopt        :       0.00       0.00          0          0          0          0          0          0          0          0
  pscost           :       0.00       0.00          0          0          0          0          0          0          0          0
  random           :       0.00       0.00          0          0          0          0          0          0          0          0
  relpscost        :      15.82       0.00         39          0          0          0       1542          0          0         56
  vanillafullstrong:       0.00       0.00          0          0          0          0          0          0          0          0
Primal Heuristics  :   ExecTime  SetupTime      Calls      Found       Best
  LP solutions     :       0.00          -          -          0          0
  relax solutions  :       0.00          -          -          0          0
  pseudo solutions :       0.00          -          -          0          0
  strong branching :       0.00          -          -          1          1
  actconsdiving    :       0.00       0.00          0          0          0
  adaptivediving   :       0.00       0.00          0          0          0
  alns             :       0.06       0.00          1          0          0
  bound            :       0.00       0.00          0          0          0
  clique           :       0.07       0.00          1          1          1
  coefdiving       :       0.00       0.00          0          0          0
  completesol      :       0.00       0.00          0          0          0
  conflictdiving   :       0.00       0.00          0          0          0
  crossover        :       0.00       0.00          0          0          0
  dins             :       0.00       0.00          0          0          0
  distributiondivin:       0.00       0.00          0          0          0
  dps              :       0.00       0.00          0          0          0
  dualval          :       0.00       0.00          0          0          0
  farkasdiving     :       1.02       0.00          1          1          1
  feaspump         :       0.28       0.00          1          1          0
  fixandinfer      :       0.00       0.00          0          0          0
  fracdiving       :       0.00       0.00          0          0          0
  gins             :       0.00       0.00          0          0          0
  guideddiving     :       0.00       0.00          0          0          0
  indicator        :       0.00       0.00          0          0          0
  indicatordiving  :       0.00       0.00          0          0          0
  intdiving        :       0.00       0.00          0          0          0
  intshifting      :       0.14       0.00          1          0          0
  linesearchdiving :       0.00       0.00          0          0          0
  localbranching   :       0.00       0.00          0          0          0
  locks            :       0.15       0.00          1          0          0
  lpface           :       0.00       0.00          0          0          0
  mpec             :       0.00       0.00          0          0          0
  multistart       :       0.00       0.00          0          0          0
  mutation         :       0.00       0.00          0          0          0
  nlpdiving        :       0.00       0.00          0          0          0
  objpscostdiving  :       0.00       0.00          0          0          0
  octane           :       0.00       0.00          0          0          0
  ofins            :       0.00       0.00          0          0          0
  oneopt           :       0.01       0.00          7          0          0
  padm             :       0.00       0.00          0          0          0
  proximity        :       0.00       0.00          0          0          0
  pscostdiving     :       0.00       0.00          0          0          0
  randrounding     :       0.90       0.00         19          0          0
  rens             :       0.11       0.00          1          0          0
  reoptsols        :       0.00       0.00          0          0          0
  repair           :       0.00       0.00          0          0          0
  rins             :       0.00       0.00          0          0          0
  rootsoldiving    :       0.00       0.00          0          0          0
  rounding         :       0.02       0.00         63          0          0
  scheduler        :       0.00       0.00          0          0          0
  shiftandpropagate:       0.00       0.00          0          0          0
  shifting         :       0.22       0.00         24         11          4
  simplerounding   :       0.00       0.00         68          1          0
  subnlp           :       0.00       0.00          0          0          0
  trivial          :       0.00       0.00          2          0          0
  trivialnegation  :       0.00       0.00          0          0          0
  trustregion      :       0.00       0.00          0          0          0
  trysol           :       0.00       0.00          0          0          0
  twoopt           :       0.00       0.00          0          0          0
  undercover       :       0.00       0.00          0          0          0
  vbounds          :       0.00       0.00          0          0          0
  veclendiving     :       0.00       0.00          0          0          0
  zeroobj          :       0.00       0.00          0          0          0
  zirounding       :       0.01       0.00         28          3          0
  other solutions  :          -          -          -          0          -
LNS (Scheduler)    :      Calls  SetupTime  SolveTime SolveNodes       Sols       Best       Exp3    Exp3-IX  EpsGreedy        UCB TgtFixRate  Opt  Inf Node Stal  Sol  Usr Othr Actv
  rens             :          0       0.00       0.00          0          0          0    0.00000    0.12500   -1.00000    1.00000      0.900    0    0    0    0    0    0    0    1
  rins             :          0       0.00       0.00          0          0          0    0.00000    0.12500   -1.00000    1.00000      0.900    0    0    0    0    0    0    0    1
  mutation         :          0       0.00       0.00          0          0          0    0.00000    0.12500   -1.00000    1.00000      0.900    0    0    0    0    0    0    0    1
  localbranching   :          0       0.00       0.00          0          0          0    0.00000    0.12500   -1.00000    1.00000      0.900    0    0    0    0    0    0    0    1
  crossover        :          0       0.00       0.00          0          0          0    0.00000    0.12500   -1.00000    1.00000      0.900    0    0    0    0    0    0    0    1
  proximity        :          0       0.00       0.00          0          0          0    0.00000    0.12500   -1.00000    1.00000      0.900    0    0    0    0    0    0    0    1
  zeroobjective    :          0       0.00       0.00          0          0          0    0.00000    0.12500   -1.00000    1.00000      0.900    0    0    0    0    0    0    0    1
  dins             :          0       0.00       0.00          0          0          0    0.00000    0.12500   -1.00000    1.00000      0.900    0    0    0    0    0    0    0    1
  trustregion      :          0       0.00       0.00          0          0          0    0.00000    0.00000   -1.00000    1.00000      0.900    0    0    0    0    0    0    0    0
LP                 :       Time      Calls Iterations  Iter/call   Iter/sec  Time-0-It Calls-0-It    ItLimit
  primal LP        :       0.00          5          0       0.00          -       0.00          5
  dual LP          :       1.20         88      15510     201.43   12881.74       0.01         11
  lex dual LP      :       0.00          0          0       0.00          -
  barrier LP       :       0.00          0          0       0.00          -       0.00          0
  resolve instable :       0.00          0          0       0.00          -
  diving/probing LP:       1.36         26      13572     522.00    9983.41
  strong branching :      12.98        219     127924     584.13    9856.89          -          -        151
    (at root node) :          -         22      17473     794.23          -
  conflict analysis:       0.03         24        240      10.00    8284.72
B&B Tree           :
  number of runs   :          1
  nodes            :         57 (28 internal, 29 leaves)
  feasible leaves  :          0
  infeas. leaves   :         12
  objective leaves :         17
  nodes (total)    :         57 (28 internal, 29 leaves)
  nodes left       :          0
  max depth        :         15
  max depth (total):         15
  backtracks       :         12 (21.1%)
  early backtracks :          0 (0.0%)
  nodes exc. ref.  :          0 (0.0%)
  delayed cutoffs  :          0
  repropagations   :         16 (1218 domain reductions, 0 cutoffs)
  avg switch length:       3.09
  switching time   :       0.42
Root Node          :
  First LP value   : +3.95137668586046e+03
  First LP Iters   :       4539 (29089.07 Iter/sec)
  First LP Time    :       0.16
  Final Dual Bound : +4.19028990539920e+03
  Final Root Iters :       8150
  Root LP Estimate : +5.54514447916966e+03
Solution           :
  Solutions found  :         19 (7 improvements)
  First Solution   : +5.62774043751002e+03   (in run 1, after 1 nodes, 8.81 seconds, depth 6, found by <clique>)
  Gap First Sol.   :     184.97 %
  Gap Last Sol.    :       4.40 %
  Primal Bound     : +4.37451428870504e+03   (in run 1, after 7 nodes, 44.94 seconds, depth 6, found by <relaxation>)
  Dual Bound       : +4.37451428870504e+03
  Gap              :       0.00 %
Integrals          :      Total       Avg%
  primal-dual      :    1456.05      31.11
  primal-ref       :          -          - (not evaluated)
  dual-ref         :          -          - (not evaluated)

 Branching Statistics...

 Total number of propagations -> 4999

 Number of cutoffs of KnaCons -> 1

 Total number of variables fixed to 1 by the propagator -> 1039

 Total number of variables fixed to 0 by the propagator -> 1592

 Maximum number of rounds of the approximation algorithm -> 6

 Runtime of the exact algorithm -> 0.0000 s

 Total number of variables fixed to 1 in the exact algorithm -> 0

 Total number of variables fixed to 0 in the exact algorithm -> 0

 Number of cutoffs in the exact algorithm -> 0

 Number of cutoffs in the approximation algorithm -> 0

 PS:  
