***************************************
*         SCIP-based CCP Solver       *
*                                     *
*    Wei Lv and Wei-Kun Chen (2024)   *
***************************************
/beegfs/home/30150120/SCIP-CCP/build/ccp -f data/CCMPPData/50-3000-4.ccmpp -s settings/CCMPPSetting/BASE+DB+OPF2.set 
SCIP version 9.1.0 [precision: 8 byte] [memory: block] [mode: optimized] [LP solver: Soplex 7.1.0] [GitHash: 8cab0278ba]
Copyright (c) 2002-2024 Zuse Institute Berlin (ZIB)

External libraries: 
  Soplex 7.1.0         Linear Programming Solver developed at Zuse Institute Berlin (soplex.zib.de) [GitHash: 595bfac9]
  CppAD 20180000.0     Algorithmic Differentiation of C++ algorithms developed by B. Bell (github.com/coin-or/CppAD)
  ZLIB 1.2.7           General purpose compression library by J. Gailly and M. Adler (zlib.net)
  GMP 6.2.1            GNU Multiple Precision Arithmetic Library developed by T. Granlund (gmplib.org)
  AMPL/MP 690e9e7      AMPL .nl file reader library (github.com/ampl/mp)
  PaPILO 2.3.0         parallel presolve for integer and linear optimization (github.com/scipopt/papilo) (built with TBB) [GitHash: 4b8ce6ed]
  Nauty 2.8.8          Computing Graph Automorphism Groups by Brendan D. McKay (users.cecs.anu.edu.au/~bdm/nauty)
  sassy 1.1            Symmetry preprocessor by Markus Anders (github.com/markusa4/sassy)

reading user parameter file <settings/CCMPPSetting/BASE+DB+OPF2.set>

read problem <data/CCMPPData/50-3000-4.ccmpp>
============

File name: 	data/CCMPPData/50-3000-4.ccmpp
Problem name:	CCMPPData/50-3000-4
Dimension: 	50
NumScenario: 	3000
ConfidenceParameter: 	0.20
IsEqualProbability: 	1
BASE+DI: 	0
BASE+sDI: 	0
BASE+DB: 	0
BASE+DB+OPF: 	1
Dominance and Aggregation Statistics......
NumEdge:        84
NumBiEdge: 	0
NumDomIneqs: 	84
DominanceRatio: 0.0000
NumAggScenario: 3000 
BasicNumScenario: 3000 
Propagator Statistics......
NumBasicDomIneqs: 84
NumNonReDomIneqs: 84
Duration: 0.3700 s 

original problem has 3250 variables (3000 bin, 0 int, 0 impl, 250 cont) and 30202 constraints

solve problem
=============

presolving:
(round 1, fast)       4 del vars, 236 del conss, 0 add conss, 50 chg bounds, 0 chg sides, 0 chg coeffs, 0 upgd conss, 0 impls, 84 clqs
   (0.1s) running MILP presolver
   (0.2s) MILP presolver (3 rounds): 52 aggregations, 2 fixings, 21 bound changes
(round 2, medium)     58 del vars, 236 del conss, 0 add conss, 71 chg bounds, 0 chg sides, 0 chg coeffs, 0 upgd conss, 0 impls, 84 clqs
(round 3, fast)       58 del vars, 288 del conss, 0 add conss, 71 chg bounds, 0 chg sides, 0 chg coeffs, 0 upgd conss, 0 impls, 84 clqs
(round 4, exhaustive) 58 del vars, 288 del conss, 0 add conss, 71 chg bounds, 0 chg sides, 0 chg coeffs, 29769 upgd conss, 0 impls, 84 clqs
   (6.1s) probing: 1000/3000 (33.3%) - 0 fixings, 0 aggregations, 4665 implications, 0 bound changes
   (6.1s) probing: 1001/3000 (33.4%) - 0 fixings, 0 aggregations, 4668 implications, 0 bound changes
   (6.1s) probing aborted: 1000/1000 successive useless probings
   (6.1s) symmetry computation started: requiring (bin +, int +, cont +), (fixed: bin -, int -, cont -)
   Symmetry detection interrupted: constraints of type chancecons do not provide symmetry information.
   If symmetries shall be detected, implement the CONSGETPERMSYMGRAPH callback.
   (6.1s) could not compute symmetry
presolving (5 rounds: 5 fast, 3 medium, 2 exhaustive):
 58 deleted vars, 288 deleted constraints, 0 added constraints, 71 tightened bounds, 0 added holes, 0 changed sides, 0 changed coefficients
 34436 implications, 84 cliques
presolved problem has 3192 variables (3000 bin, 0 int, 0 impl, 192 cont) and 29914 constraints
      1 constraints of type <chancecons>
  29768 constraints of type <varbound>
      1 constraints of type <knapsack>
    144 constraints of type <linear>
Presolving Time: 6.04

 time | node  | left  |LP iter|LP it/n|mem/heur|mdpt |vars |cons |rows |cuts |sepa|confs|strbr|  dualbound   | primalbound  |  gap   | compl. 
p10.2s|     1 |     0 |    94 |     - | vbounds|   0 |3192 |  29k|  29k|   0 |  0 |   0 |   0 | 0.000000e+00 | 3.507943e+05 |    Inf | unknown
p10.8s|     1 |     0 |   202 |     - | vbounds|   0 |3192 |  29k|  29k|   0 |  0 |   0 |   0 | 0.000000e+00 | 3.507938e+05 |    Inf | unknown
 15.3s|     1 |     0 |  9640 |     - |   604M |   0 |3192 |  29k|  29k|   0 |  0 |   1 |   0 | 3.369511e+05 | 3.507938e+05 |   4.11%| unknown
 16.1s|     1 |     0 |  9900 |     - |   608M |   0 |3192 |  29k|  29k|  53 |  1 |   1 |   0 | 3.371920e+05 | 3.507938e+05 |   4.03%| unknown
 17.1s|     1 |     0 | 10137 |     - |   611M |   0 |3192 |  29k|  30k| 116 |  2 |   1 |   0 | 3.373783e+05 | 3.507938e+05 |   3.98%| unknown
 18.0s|     1 |     0 | 10457 |     - |   615M |   0 |3192 |  29k|  30k| 180 |  3 |   1 |   0 | 3.376291e+05 | 3.507938e+05 |   3.90%| unknown
 19.0s|     1 |     0 | 10775 |     - |   618M |   0 |3192 |  29k|  30k| 245 |  4 |   1 |   0 | 3.377932e+05 | 3.507938e+05 |   3.85%| unknown
 19.8s|     1 |     0 | 11074 |     - |   624M |   0 |3192 |  29k|  30k| 312 |  5 |   1 |   0 | 3.379905e+05 | 3.507938e+05 |   3.79%| unknown
 20.4s|     1 |     0 | 11406 |     - |   627M |   0 |3192 |  29k|  30k| 388 |  6 |   1 |   0 | 3.381378e+05 | 3.507938e+05 |   3.74%| unknown
 21.1s|     1 |     0 | 11764 |     - |   631M |   0 |3192 |  29k|  30k| 458 |  7 |   1 |   0 | 3.383043e+05 | 3.507938e+05 |   3.69%| unknown
 22.1s|     1 |     0 | 12136 |     - |   635M |   0 |3192 |  29k|  30k| 545 |  8 |   1 |   0 | 3.384288e+05 | 3.507938e+05 |   3.65%| unknown
 23.0s|     1 |     0 | 12492 |     - |   638M |   0 |3192 |  29k|  30k| 617 |  9 |   1 |   0 | 3.385289e+05 | 3.507938e+05 |   3.62%| unknown
 24.0s|     1 |     0 | 12832 |     - |   643M |   0 |3192 |  29k|  30k| 688 | 10 |   1 |   0 | 3.386219e+05 | 3.507938e+05 |   3.59%| unknown
 24.6s|     1 |     0 | 13208 |     - |   646M |   0 |3192 |  29k|  30k| 762 | 11 |   1 |   0 | 3.387164e+05 | 3.507938e+05 |   3.57%| unknown
 25.3s|     1 |     0 | 13610 |     - |   649M |   0 |3192 |  29k|  30k| 840 | 12 |   1 |   0 | 3.388163e+05 | 3.507938e+05 |   3.54%| unknown
 time | node  | left  |LP iter|LP it/n|mem/heur|mdpt |vars |cons |rows |cuts |sepa|confs|strbr|  dualbound   | primalbound  |  gap   | compl. 
 25.9s|     1 |     0 | 13997 |     - |   653M |   0 |3192 |  29k|  30k| 934 | 13 |   1 |   0 | 3.388749e+05 | 3.507938e+05 |   3.52%| unknown
 26.5s|     1 |     0 | 14375 |     - |   656M |   0 |3192 |  29k|  30k|1011 | 14 |   1 |   0 | 3.389556e+05 | 3.507938e+05 |   3.49%| unknown
 27.2s|     1 |     0 | 14851 |     - |   660M |   0 |3192 |  29k|  30k|1090 | 15 |   1 |   0 | 3.390169e+05 | 3.507938e+05 |   3.47%| unknown
 28.0s|     1 |     0 | 15373 |     - |   663M |   0 |3192 |  29k|  31k|1167 | 16 |   1 |   0 | 3.390705e+05 | 3.507938e+05 |   3.46%| unknown
 28.8s|     1 |     0 | 15930 |     - |   667M |   0 |3192 |  29k|  31k|1240 | 17 |   1 |   0 | 3.391325e+05 | 3.507938e+05 |   3.44%| unknown
 29.6s|     1 |     0 | 16466 |     - |   671M |   0 |3192 |  29k|  31k|1320 | 18 |   1 |   0 | 3.391821e+05 | 3.507938e+05 |   3.42%| unknown
 30.4s|     1 |     0 | 17078 |     - |   675M |   0 |3192 |  29k|  31k|1405 | 19 |   1 |   0 | 3.392584e+05 | 3.507938e+05 |   3.40%| unknown
 31.4s|     1 |     0 | 17876 |     - |   679M |   0 |3192 |  29k|  31k|1500 | 20 |   1 |   0 | 3.393243e+05 | 3.507938e+05 |   3.38%| unknown
 32.3s|     1 |     0 | 18683 |     - |   679M |   0 |3192 |  29k|  31k|1595 | 21 |   1 |   0 | 3.393815e+05 | 3.507938e+05 |   3.36%| unknown
 33.2s|     1 |     0 | 19442 |     - |   679M |   0 |3192 |  29k|  31k|1673 | 22 |   1 |   0 | 3.394436e+05 | 3.507938e+05 |   3.34%| unknown
 34.0s|     1 |     0 | 20000 |     - |   681M |   0 |3192 |  29k|  31k|1754 | 23 |   1 |   0 | 3.395023e+05 | 3.507938e+05 |   3.33%| unknown
 34.9s|     1 |     0 | 20701 |     - |   681M |   0 |3192 |  29k|  31k|1819 | 24 |   1 |   0 | 3.395540e+05 | 3.507938e+05 |   3.31%| unknown
 35.9s|     1 |     0 | 21715 |     - |   681M |   0 |3192 |  29k|  31k|1895 | 25 |   1 |   0 | 3.396008e+05 | 3.507938e+05 |   3.30%| unknown
 37.1s|     1 |     0 | 22870 |     - |   682M |   0 |3192 |  29k|  31k|1999 | 26 |   1 |   0 | 3.396600e+05 | 3.507938e+05 |   3.28%| unknown
 38.2s|     1 |     0 | 23832 |     - |   682M |   0 |3192 |  29k|  31k|2074 | 27 |   1 |   0 | 3.397064e+05 | 3.507938e+05 |   3.26%| unknown
 time | node  | left  |LP iter|LP it/n|mem/heur|mdpt |vars |cons |rows |cuts |sepa|confs|strbr|  dualbound   | primalbound  |  gap   | compl. 
 39.3s|     1 |     0 | 24840 |     - |   683M |   0 |3192 |  29k|  31k|2189 | 28 |   1 |   0 | 3.397420e+05 | 3.507938e+05 |   3.25%| unknown
 40.2s|     1 |     0 | 25765 |     - |   684M |   0 |3192 |  29k|  31k|2259 | 29 |   1 |   0 | 3.397727e+05 | 3.507938e+05 |   3.24%| unknown
 41.2s|     1 |     0 | 26595 |     - |   685M |   0 |3192 |  29k|  32k|2337 | 30 |   1 |   0 | 3.398091e+05 | 3.507938e+05 |   3.23%| unknown
 42.3s|     1 |     0 | 27635 |     - |   686M |   0 |3192 |  29k|  32k|2388 | 31 |   1 |   0 | 3.398304e+05 | 3.507938e+05 |   3.23%| unknown
 43.5s|     1 |     0 | 28664 |     - |   686M |   0 |3192 |  29k|  31k|2467 | 32 |   1 |   0 | 3.398607e+05 | 3.507938e+05 |   3.22%| unknown
 44.8s|     1 |     0 | 29787 |     - |   687M |   0 |3192 |  29k|  31k|2533 | 33 |   1 |   0 | 3.398967e+05 | 3.507938e+05 |   3.21%| unknown
 46.1s|     1 |     0 | 31075 |     - |   687M |   0 |3192 |  29k|  32k|2621 | 34 |   1 |   0 | 3.399313e+05 | 3.507938e+05 |   3.20%| unknown
 47.4s|     1 |     0 | 32246 |     - |   688M |   0 |3192 |  29k|  32k|2733 | 35 |   1 |   0 | 3.399711e+05 | 3.507938e+05 |   3.18%| unknown
 48.9s|     1 |     0 | 33736 |     - |   690M |   0 |3192 |  29k|  32k|2818 | 36 |   1 |   0 | 3.400056e+05 | 3.507938e+05 |   3.17%| unknown
 50.0s|     1 |     0 | 34698 |     - |   690M |   0 |3192 |  29k|  32k|2898 | 37 |   1 |   0 | 3.400281e+05 | 3.507938e+05 |   3.17%| unknown
 51.5s|     1 |     0 | 36257 |     - |   691M |   0 |3192 |  29k|  32k|2985 | 38 |   1 |   0 | 3.400634e+05 | 3.507938e+05 |   3.16%| unknown
 52.6s|     1 |     0 | 37109 |     - |   691M |   0 |3192 |  29k|  32k|3076 | 39 |   1 |   0 | 3.400802e+05 | 3.507938e+05 |   3.15%| unknown
 53.9s|     1 |     0 | 38420 |     - |   691M |   0 |3192 |  29k|  32k|3134 | 40 |   1 |   0 | 3.401084e+05 | 3.507938e+05 |   3.14%| unknown
 55.2s|     1 |     0 | 39559 |     - |   692M |   0 |3192 |  29k|  32k|3217 | 41 |   1 |   0 | 3.401332e+05 | 3.507938e+05 |   3.13%| unknown
 56.6s|     1 |     0 | 40664 |     - |   692M |   0 |3192 |  29k|  32k|3288 | 42 |   1 |   0 | 3.401726e+05 | 3.507938e+05 |   3.12%| unknown
 time | node  | left  |LP iter|LP it/n|mem/heur|mdpt |vars |cons |rows |cuts |sepa|confs|strbr|  dualbound   | primalbound  |  gap   | compl. 
 58.0s|     1 |     0 | 42037 |     - |   695M |   0 |3192 |  29k|  32k|3374 | 43 |   1 |   0 | 3.402009e+05 | 3.507938e+05 |   3.11%| unknown
 59.3s|     1 |     0 | 43161 |     - |   695M |   0 |3192 |  29k|  32k|3449 | 44 |   1 |   0 | 3.402369e+05 | 3.507938e+05 |   3.10%| unknown
 60.3s|     1 |     0 | 44065 |     - |   696M |   0 |3192 |  29k|  32k|3566 | 45 |   1 |   0 | 3.402571e+05 | 3.507938e+05 |   3.10%| unknown
 61.7s|     1 |     0 | 45172 |     - |   697M |   0 |3192 |  29k|  32k|3625 | 46 |   1 |   0 | 3.402828e+05 | 3.507938e+05 |   3.09%| unknown
 63.4s|     1 |     0 | 46623 |     - |   698M |   0 |3192 |  29k|  32k|3723 | 47 |   1 |   0 | 3.403144e+05 | 3.507938e+05 |   3.08%| unknown
 65.2s|     1 |     0 | 48103 |     - |   698M |   0 |3192 |  29k|  32k|3799 | 48 |   1 |   0 | 3.403385e+05 | 3.507938e+05 |   3.07%| unknown
 66.8s|     1 |     0 | 49643 |     - |   699M |   0 |3192 |  29k|  32k|3880 | 49 |   1 |   0 | 3.403755e+05 | 3.507938e+05 |   3.06%| unknown
 68.4s|     1 |     0 | 51175 |     - |   700M |   0 |3192 |  29k|  32k|3996 | 50 |   1 |   0 | 3.404033e+05 | 3.507938e+05 |   3.05%| unknown
 70.7s|     1 |     0 | 53231 |     - |   701M |   0 |3192 |  29k|  32k|4111 | 51 |   1 |   0 | 3.404405e+05 | 3.507938e+05 |   3.04%| unknown
 72.1s|     1 |     0 | 54401 |     - |   701M |   0 |3192 |  29k|  32k|4220 | 52 |   1 |   0 | 3.404616e+05 | 3.507938e+05 |   3.03%| unknown
 73.6s|     1 |     0 | 55667 |     - |   701M |   0 |3192 |  29k|  32k|4306 | 53 |   1 |   0 | 3.404785e+05 | 3.507938e+05 |   3.03%| unknown
 75.6s|     1 |     0 | 57673 |     - |   702M |   0 |3192 |  29k|  32k|4390 | 54 |   1 |   0 | 3.405033e+05 | 3.507938e+05 |   3.02%| unknown
 77.4s|     1 |     0 | 59301 |     - |   702M |   0 |3192 |  29k|  33k|4486 | 55 |   1 |   0 | 3.405243e+05 | 3.507938e+05 |   3.02%| unknown
 79.6s|     1 |     0 | 61369 |     - |   704M |   0 |3192 |  29k|  32k|4566 | 56 |   1 |   0 | 3.405537e+05 | 3.507938e+05 |   3.01%| unknown
 81.2s|     1 |     0 | 62909 |     - |   705M |   0 |3192 |  29k|  32k|4657 | 57 |   1 |   0 | 3.405808e+05 | 3.507938e+05 |   3.00%| unknown
 time | node  | left  |LP iter|LP it/n|mem/heur|mdpt |vars |cons |rows |cuts |sepa|confs|strbr|  dualbound   | primalbound  |  gap   | compl. 
 83.7s|     1 |     0 | 65095 |     - |   705M |   0 |3192 |  29k|  33k|4789 | 58 |   1 |   0 | 3.406246e+05 | 3.507938e+05 |   2.99%| unknown
 85.7s|     1 |     0 | 66972 |     - |   705M |   0 |3192 |  29k|  33k|4978 | 59 |   1 |   0 | 3.406503e+05 | 3.507938e+05 |   2.98%| unknown
 88.1s|     1 |     0 | 69322 |     - |   706M |   0 |3192 |  29k|  33k|5112 | 60 |   1 |   0 | 3.406809e+05 | 3.507938e+05 |   2.97%| unknown
 89.9s|     1 |     0 | 70907 |     - |   706M |   0 |3192 |  29k|  33k|5212 | 61 |   1 |   0 | 3.406949e+05 | 3.507938e+05 |   2.96%| unknown
 92.2s|     1 |     0 | 72964 |     - |   707M |   0 |3192 |  29k|  33k|5282 | 62 |   1 |   0 | 3.407228e+05 | 3.507938e+05 |   2.96%| unknown
 94.5s|     1 |     0 | 74948 |     - |   708M |   0 |3192 |  29k|  33k|5375 | 63 |   1 |   0 | 3.407520e+05 | 3.507938e+05 |   2.95%| unknown
 96.5s|     1 |     0 | 76610 |     - |   708M |   0 |3192 |  29k|  33k|5491 | 64 |   1 |   0 | 3.407733e+05 | 3.507938e+05 |   2.94%| unknown
 98.8s|     1 |     0 | 78725 |     - |   709M |   0 |3192 |  29k|  33k|5573 | 65 |   1 |   0 | 3.408019e+05 | 3.507938e+05 |   2.93%| unknown
  102s|     1 |     0 | 81078 |     - |   709M |   0 |3192 |  29k|  33k|5655 | 66 |   1 |   0 | 3.408270e+05 | 3.507938e+05 |   2.92%| unknown
  104s|     1 |     0 | 83373 |     - |   710M |   0 |3192 |  29k|  33k|5754 | 67 |   1 |   0 | 3.408592e+05 | 3.507938e+05 |   2.91%| unknown
  107s|     1 |     0 | 85684 |     - |   711M |   0 |3192 |  29k|  33k|5904 | 68 |   1 |   0 | 3.408773e+05 | 3.507938e+05 |   2.91%| unknown
o 119s|     1 |     0 |103237 |     - |feaspump|   0 |3192 |  29k|  33k|5904 | 68 |   1 |   0 | 3.408773e+05 | 3.507467e+05 |   2.90%| unknown
d 123s|     1 |     0 |110434 |     - |conflict|   0 |3192 |  29k|  33k|   0 | 68 |   1 |   0 | 3.408773e+05 | 3.505553e+05 |   2.84%| unknown
  123s|     1 |     0 |110434 |     - |   712M |   0 |3192 |  29k|  33k|5904 | 68 |   1 |   0 | 3.408773e+05 | 3.505553e+05 |   2.84%| unknown
  126s|     1 |     0 |113074 |     - |   714M |   0 |3192 |  29k|  33k|6026 | 69 |   1 |   0 | 3.409037e+05 | 3.505553e+05 |   2.83%| unknown
 time | node  | left  |LP iter|LP it/n|mem/heur|mdpt |vars |cons |rows |cuts |sepa|confs|strbr|  dualbound   | primalbound  |  gap   | compl. 
  127s|     1 |     0 |113998 |     - |   714M |   0 |3192 |  29k|  33k|6154 | 70 |   1 |   0 | 3.409072e+05 | 3.505553e+05 |   2.83%| unknown
  148s|     1 |     2 |113998 |     - |   715M |   0 |3192 |  29k|  33k|6154 | 70 |   1 |  21 | 3.409183e+05 | 3.505553e+05 |   2.83%| unknown
d 279s|     9 |    10 |149231 |7535.9 |adaptive|   5 |3192 |  29k|  32k|   0 |  1 |   1 | 292 | 3.409243e+05 | 3.495973e+05 |   2.54%| unknown
d 397s|    15 |    16 |303244 |15307.1 |adaptive|   5 |3192 |  29k|  32k|   0 |  1 |   3 | 354 | 3.409321e+05 | 3.489862e+05 |   2.36%| unknown
d 472s|    23 |    24 |426028 |15322.0 |adaptive|   6 |3192 |  29k|  32k|   0 |  1 |  15 | 363 | 3.409321e+05 | 3.489718e+05 |   2.36%| unknown
d 528s|    32 |    33 |513940 |13709.5 |guideddi|   7 |3192 |  29k|  32k|   0 |  1 |  15 | 380 | 3.409321e+05 | 3.485490e+05 |   2.23%| unknown
d 551s|    33 |    34 |556003 |14595.6 |guideddi|   7 |3192 |  29k|  32k|   0 |  1 |  15 | 380 | 3.409321e+05 | 3.483940e+05 |   2.19%| unknown
  622s|   100 |    65 |724030 |6415.0 |   727M |  31 |3192 |  29k|  32k|7097 |  0 |  33 | 422 | 3.409321e+05 | 3.483940e+05 |   2.19%| unknown
  769s|   200 |    81 |986160 |4508.6 |   729M |  40 |3192 |  29k|   0 |8075 |  0 |  41 | 606 | 3.409359e+05 | 3.483940e+05 |   2.19%| unknown
L 880s|   233 |    77 |  1077k|4262.2 |    rins|  40 |3192 |  29k|  32k|8226 |  1 |  43 | 780 | 3.409359e+05 | 3.483173e+05 |   2.17%| unknown
  986s|   300 |    90 |  1250k|3886.5 |   730M |  40 |3192 |  29k|  32k|8745 |  1 |  45 | 908 | 3.409537e+05 | 3.483173e+05 |   2.16%| unknown
 1103s|   400 |    96 |  1452k|3418.1 |   734M |  49 |3192 |  29k|   0 |9480 |  0 |  48 |1034 | 3.409604e+05 | 3.483173e+05 |   2.16%| unknown
L1281s|   434 |    85 |  1561k|3400.5 |    rins|  49 |3192 |  29k|  32k|9774 |  1 |  48 |1223 | 3.409764e+05 | 3.482392e+05 |   2.13%| unknown
 1444s|   500 |   121 |  1705k|3239.1 |   740M |  49 |3192 |  29k|  32k|  11k|  0 |  48 |1393 | 3.409872e+05 | 3.482392e+05 |   2.13%| unknown
 1625s|   600 |   135 |  1976k|3151.4 |   743M |  49 |3192 |  29k|   0 |  12k|  0 |  67 |1506 | 3.410066e+05 | 3.482392e+05 |   2.12%| unknown
 time | node  | left  |LP iter|LP it/n|mem/heur|mdpt |vars |cons |rows |cuts |sepa|confs|strbr|  dualbound   | primalbound  |  gap   | compl. 
L1774s|   634 |   140 |  2069k|3129.2 |crossove|  49 |3192 |  29k|  32k|  12k|  1 |  74 |1652 | 3.410212e+05 | 3.481312e+05 |   2.08%| unknown
 1793s|   700 |   152 |  2094k|2868.5 |   746M |  49 |3192 |  29k|  32k|  13k|  1 |  75 |1671 | 3.410212e+05 | 3.481312e+05 |   2.08%| unknown
 1885s|   800 |   154 |  2204k|2647.6 |   748M |  49 |3192 |  29k|  32k|  13k|  1 |  76 |1706 | 3.410992e+05 | 3.481312e+05 |   2.06%| unknown
 2155s|   900 |   166 |  2350k|2515.6 |   752M |  49 |3192 |  29k|  32k|  13k|  0 |  84 |1779 | 3.411241e+05 | 3.481312e+05 |   2.05%| unknown
 2276s|  1000 |   180 |  2445k|2359.4 |   753M |  49 |3192 |  29k|  32k|  14k|  0 |  87 |1856 | 3.411881e+05 | 3.481312e+05 |   2.03%| unknown
 2350s|  1100 |   182 |  2536k|2227.1 |   754M |  49 |3192 |  29k|  32k|  15k|  2 |  87 |1898 | 3.411925e+05 | 3.481312e+05 |   2.03%| unknown
 2533s|  1200 |   198 |  2677k|2159.1 |   757M |  49 |3192 |  29k|   0 |  16k|  0 |  91 |2014 | 3.412073e+05 | 3.481312e+05 |   2.03%| unknown
 2618s|  1300 |   200 |  2763k|2058.9 |   759M |  49 |3192 |  29k|  32k|  17k|  1 |  94 |2049 | 3.412411e+05 | 3.481312e+05 |   2.02%| unknown
 2777s|  1400 |   206 |  2960k|2052.6 |   761M |  49 |3192 |  29k|  32k|  18k|  1 |  99 |2122 | 3.412794e+05 | 3.481312e+05 |   2.01%| unknown
 3016s|  1500 |   212 |  3176k|2059.7 |   763M |  49 |3192 |  29k|  32k|  19k|  1 | 105 |2364 | 3.412893e+05 | 3.481312e+05 |   2.00%| unknown
 3044s|  1600 |   210 |  3208k|1951.1 |   765M |  49 |3192 |  29k|  32k|  20k|  1 | 110 |2410 | 3.412893e+05 | 3.481312e+05 |   2.00%| unknown
 3267s|  1700 |   206 |  3391k|1943.8 |   767M |  49 |3192 |  29k|  32k|  21k|  1 | 113 |2492 | 3.412951e+05 | 3.481312e+05 |   2.00%| unknown
 3489s|  1800 |   230 |  3606k|1955.1 |   769M |  54 |3192 |  29k|   0 |  22k|  0 | 116 |2735 | 3.413214e+05 | 3.481312e+05 |   2.00%| unknown
 3631s|  1900 |   246 |  3834k|1972.4 |   771M |  54 |3192 |  29k|  32k|  24k|  1 | 116 |2812 | 3.413358e+05 | 3.481312e+05 |   1.99%| unknown
 3763s|  2000 |   252 |  3986k|1949.8 |   772M |  57 |3192 |  29k|  32k|  24k|  2 | 120 |3023 | 3.413410e+05 | 3.481312e+05 |   1.99%| unknown
 time | node  | left  |LP iter|LP it/n|mem/heur|mdpt |vars |cons |rows |cuts |sepa|confs|strbr|  dualbound   | primalbound  |  gap   | compl. 
 3982s|  2100 |   283 |  4213k|1965.1 |   789M |  57 |3192 |  29k|  32k|  26k|  1 | 126 |3265 | 3.413443e+05 | 3.481312e+05 |   1.99%| unknown
L3989s|  2143 |   282 |  4221k|1929.5 |crossove|  57 |3192 |  29k|   0 |  26k|  0 | 129 |3295 | 3.413443e+05 | 3.480581e+05 |   1.97%| unknown
 4079s|  2200 |   291 |  4306k|1918.1 |   792M |  57 |3192 |  29k|  32k|  27k|  1 | 129 |3353 | 3.413567e+05 | 3.480581e+05 |   1.96%| unknown
 4172s|  2300 |   309 |  4399k|1875.1 |   813M |  57 |3192 |  29k|   0 |  27k|  0 | 129 |3425 | 3.413688e+05 | 3.480581e+05 |   1.96%| unknown
 4187s|  2400 |   307 |  4419k|1805.3 |   822M |  59 |3192 |  29k|   0 |  28k|  0 | 130 |3484 | 3.413688e+05 | 3.480581e+05 |   1.96%| unknown
 4313s|  2500 |   329 |  4535k|1779.5 |   833M |  59 |3192 |  29k|   0 |  28k|  0 | 130 |3594 | 3.413819e+05 | 3.480581e+05 |   1.96%| unknown
 4363s|  2600 |   339 |  4598k|1735.0 |   835M |  66 |3192 |  29k|  33k|  29k|  1 | 130 |3635 | 3.414238e+05 | 3.480581e+05 |   1.94%| unknown
 4398s|  2700 |   351 |  4640k|1686.3 |   838M |  66 |3192 |  29k|  33k|  30k|  1 | 130 |3714 | 3.414314e+05 | 3.480581e+05 |   1.94%| unknown
 4553s|  2800 |   353 |  4712k|1651.9 |   851M |  66 |3192 |  29k|  33k|  31k|  1 | 130 |3856 | 3.414347e+05 | 3.480581e+05 |   1.94%| unknown
 4610s|  2900 |   359 |  4760k|1611.6 |   860M |  66 |3192 |  29k|   0 |  31k|  0 | 130 |3957 | 3.414370e+05 | 3.480581e+05 |   1.94%| unknown
 4694s|  3000 |   369 |  4851k|1588.0 |   865M |  66 |3192 |  29k|  33k|  32k|  1 | 130 |4074 | 3.414374e+05 | 3.480581e+05 |   1.94%| unknown
 4723s|  3100 |   365 |  4891k|1549.8 |   882M |  66 |3192 |  29k|   0 |  32k|  0 | 131 |4229 | 3.414374e+05 | 3.480581e+05 |   1.94%| unknown
 4915s|  3200 |   405 |  5106k|1568.5 |   889M |  66 |3192 |  29k|  33k|  34k|  2 | 139 |4459 | 3.414420e+05 | 3.480581e+05 |   1.94%| unknown
 4975s|  3300 |   417 |  5184k|1544.6 |   892M |  66 |3192 |  29k|  33k|  35k|  2 | 145 |4564 | 3.414438e+05 | 3.480581e+05 |   1.94%| unknown
 5068s|  3400 |   421 |  5278k|1526.8 |   926M |  66 |3192 |  29k|  33k|  36k|  1 | 147 |4667 | 3.414457e+05 | 3.480581e+05 |   1.94%| unknown
 time | node  | left  |LP iter|LP it/n|mem/heur|mdpt |vars |cons |rows |cuts |sepa|confs|strbr|  dualbound   | primalbound  |  gap   | compl. 
 5167s|  3500 |   433 |  5441k|1529.7 |   928M |  66 |3192 |  29k|  33k|  37k|  1 | 152 |4730 | 3.414483e+05 | 3.480581e+05 |   1.94%| unknown
 5297s|  3600 |   438 |  5547k|1516.6 |   941M |  66 |3192 |  29k|  33k|  37k|  1 | 174 |4951 | 3.414557e+05 | 3.480581e+05 |   1.93%| unknown
 5411s|  3700 |   444 |  5709k|1519.4 |   947M |  66 |3192 |  29k|  33k|  39k|  1 | 184 |5250 | 3.414557e+05 | 3.480581e+05 |   1.93%| unknown
 5618s|  3800 |   464 |  5805k|1504.7 |   953M |  66 |3192 |  29k|  33k|  39k|  0 | 184 |5316 | 3.414654e+05 | 3.480581e+05 |   1.93%| unknown
 5750s|  3900 |   478 |  5945k|1502.0 |   968M |  66 |3192 |  29k|  33k|  40k|  0 | 187 |5474 | 3.414795e+05 | 3.480581e+05 |   1.93%| unknown
 5891s|  4000 |   484 |  6106k|1504.7 |  1045M |  66 |3192 |  29k|  33k|  42k|  0 | 188 |5634 | 3.414821e+05 | 3.480581e+05 |   1.93%| unknown
 5928s|  4100 |   492 |  6159k|1481.1 |  1067M |  66 |3192 |  29k|  33k|  43k|  2 | 190 |5713 | 3.414837e+05 | 3.480581e+05 |   1.93%| unknown
 6068s|  4200 |   506 |  6305k|1480.5 |  1102M |  66 |3192 |  29k|   0 |  44k|  0 | 193 |5882 | 3.415025e+05 | 3.480581e+05 |   1.92%| unknown
 6183s|  4300 |   534 |  6428k|1474.7 |  1106M |  66 |3192 |  29k|  33k|  45k|  0 | 194 |6040 | 3.415160e+05 | 3.480581e+05 |   1.92%| unknown
 6269s|  4400 |   546 |  6527k|1463.6 |  1132M |  66 |3192 |  29k|  33k|  46k|  1 | 196 |6125 | 3.415202e+05 | 3.480581e+05 |   1.91%| unknown
 6370s|  4500 |   552 |  6654k|1459.2 |  1154M |  66 |3192 |  29k|   0 |  47k|  0 | 199 |6339 | 3.415202e+05 | 3.480581e+05 |   1.91%| unknown
 6500s|  4600 |   566 |  6754k|1449.3 |  1162M |  66 |3192 |  29k|   0 |  49k|  0 | 200 |6442 | 3.415317e+05 | 3.480581e+05 |   1.91%| unknown
 6678s|  4700 |   596 |  6902k|1450.1 |  1184M |  66 |3192 |  29k|  33k|  50k|  0 | 203 |6592 | 3.415409e+05 | 3.480581e+05 |   1.91%| unknown
 6870s|  4800 |   622 |  7013k|1442.8 |  1186M |  66 |3192 |  29k|  33k|  51k|  1 | 203 |6673 | 3.415537e+05 | 3.480581e+05 |   1.90%| unknown
 6931s|  4900 |   624 |  7085k|1428.2 |  1191M |  66 |3192 |  29k|  33k|  52k|  4 | 205 |6785 | 3.415543e+05 | 3.480581e+05 |   1.90%| unknown
 time | node  | left  |LP iter|LP it/n|mem/heur|mdpt |vars |cons |rows |cuts |sepa|confs|strbr|  dualbound   | primalbound  |  gap   | compl. 
 7063s|  5000 |   640 |  7188k|1420.1 |  1196M |  66 |3192 |  29k|  33k|  53k|  2 | 206 |6933 | 3.415572e+05 | 3.480581e+05 |   1.90%| unknown
 7105s|  5100 |   640 |  7247k|1403.9 |  1200M |  66 |3192 |  29k|  33k|  53k|  2 | 207 |7000 | 3.415572e+05 | 3.480581e+05 |   1.90%| unknown
 7257s|  5200 |   646 |  7503k|1426.1 |  1206M |  66 |3192 |  29k|  33k|  54k|  1 | 212 |7161 | 3.415572e+05 | 3.480581e+05 |   1.90%| unknown
 7613s|  5300 |   662 |  7676k|1431.8 |  1208M |  66 |3192 |  29k|  32k|  55k|  1 | 215 |7460 | 3.415602e+05 | 3.480581e+05 |   1.90%| unknown
 7648s|  5400 |   674 |  7745k|1418.2 |  1208M |  66 |3192 |  29k|  33k|  56k|  1 | 215 |7481 | 3.415602e+05 | 3.480581e+05 |   1.90%| unknown
 7708s|  5500 |   676 |  7797k|1401.8 |  1209M |  66 |3192 |  29k|  33k|  57k|  1 | 215 |7508 | 3.415649e+05 | 3.480581e+05 |   1.90%| unknown
 7746s|  5600 |   686 |  7848k|1385.9 |  1216M |  66 |3192 |  29k|  33k|  57k|  1 | 216 |7543 | 3.415651e+05 | 3.480581e+05 |   1.90%| unknown
 7756s|  5700 |   686 |  7866k|1364.8 |  1216M |  66 |3192 |  29k|  33k|  58k|  1 | 216 |7544 | 3.415651e+05 | 3.480581e+05 |   1.90%| unknown
Restart triggered after 50 consecutive estimations that the remaining tree will be large
(run 1, node 5719) performing user restart

(restart) converted 1555 cuts from the global cut pool into linear constraints

presolving:
presolving (1 rounds: 1 fast, 1 medium, 1 exhaustive):
 0 deleted vars, 0 deleted constraints, 0 added constraints, 1 tightened bounds, 0 added holes, 0 changed sides, 0 changed coefficients
 34436 implications, 84 cliques
presolved problem has 3192 variables (3000 bin, 0 int, 0 impl, 192 cont) and 31485 constraints
      1 constraints of type <chancecons>
  29768 constraints of type <varbound>
      1 constraints of type <knapsack>
     24 constraints of type <setppc>
   1691 constraints of type <linear>
Presolving Time: 6.13
transformed 37/37 original solutions to the transformed problem space

 time | node  | left  |LP iter|LP it/n|mem/heur|mdpt |vars |cons |rows |cuts |sepa|confs|strbr|  dualbound   | primalbound  |  gap   | compl. 
 7764s|     1 |     0 |  7882k|     - |  1203M |   0 |3192 |  31k|  31k|   0 |  0 | 216 |7544 | 3.415651e+05 | 3.480581e+05 |   1.90%| unknown
 7765s|     1 |     0 |  7882k|     - |  1206M |   0 |3192 |  31k|  31k|  63 |  1 | 216 |7544 | 3.415651e+05 | 3.480581e+05 |   1.90%| unknown
 7766s|     1 |     0 |  7883k|     - |  1209M |   0 |3192 |  31k|  31k| 131 |  2 | 216 |7544 | 3.415651e+05 | 3.480581e+05 |   1.90%| unknown
 7767s|     1 |     0 |  7883k|     - |  1213M |   0 |3192 |  31k|  31k| 198 |  3 | 216 |7544 | 3.415651e+05 | 3.480581e+05 |   1.90%| unknown
 7768s|     1 |     0 |  7884k|     - |  1216M |   0 |3192 |  31k|  31k| 264 |  4 | 216 |7544 | 3.415651e+05 | 3.480581e+05 |   1.90%| unknown
 7769s|     1 |     0 |  7885k|     - |  1220M |   0 |3192 |  31k|  31k| 337 |  5 | 216 |7544 | 3.415651e+05 | 3.480581e+05 |   1.90%| unknown
 7771s|     1 |     0 |  7886k|     - |  1223M |   0 |3192 |  31k|  31k| 415 |  6 | 216 |7544 | 3.415651e+05 | 3.480581e+05 |   1.90%| unknown
 7772s|     1 |     0 |  7887k|     - |  1226M |   0 |3192 |  31k|  31k| 488 |  7 | 216 |7544 | 3.415651e+05 | 3.480581e+05 |   1.90%| unknown
 7773s|     1 |     0 |  7888k|     - |  1230M |   0 |3192 |  31k|  32k| 556 |  8 | 216 |7544 | 3.415651e+05 | 3.480581e+05 |   1.90%| unknown
 7775s|     1 |     0 |  7889k|     - |  1233M |   0 |3192 |  31k|  32k| 628 |  9 | 216 |7544 | 3.415651e+05 | 3.480581e+05 |   1.90%| unknown
 7776s|     1 |     0 |  7891k|     - |  1237M |   0 |3192 |  31k|  32k| 708 | 10 | 216 |7544 | 3.415651e+05 | 3.480581e+05 |   1.90%| unknown
 7777s|     1 |     0 |  7892k|     - |  1240M |   0 |3192 |  31k|  32k| 800 | 11 | 216 |7544 | 3.415651e+05 | 3.480581e+05 |   1.90%| unknown
 7779s|     1 |     0 |  7894k|     - |  1243M |   0 |3192 |  31k|  32k| 876 | 12 | 216 |7544 | 3.415651e+05 | 3.480581e+05 |   1.90%| unknown
 7780s|     1 |     0 |  7895k|     - |  1246M |   0 |3192 |  31k|  32k| 945 | 13 | 216 |7544 | 3.415651e+05 | 3.480581e+05 |   1.90%| unknown
 7781s|     1 |     0 |  7896k|     - |  1249M |   0 |3192 |  31k|  32k|1024 | 14 | 216 |7544 | 3.415651e+05 | 3.480581e+05 |   1.90%| unknown
 time | node  | left  |LP iter|LP it/n|mem/heur|mdpt |vars |cons |rows |cuts |sepa|confs|strbr|  dualbound   | primalbound  |  gap   | compl. 
 7782s|     1 |     0 |  7897k|     - |  1253M |   0 |3192 |  31k|  32k|1083 | 15 | 216 |7544 | 3.415651e+05 | 3.480581e+05 |   1.90%| unknown
 7783s|     1 |     0 |  7898k|     - |  1257M |   0 |3192 |  31k|  32k|1160 | 16 | 216 |7544 | 3.415651e+05 | 3.480581e+05 |   1.90%| unknown
 7784s|     1 |     0 |  7900k|     - |  1260M |   0 |3192 |  31k|  32k|1239 | 17 | 216 |7544 | 3.415651e+05 | 3.480581e+05 |   1.90%| unknown
 7786s|     1 |     0 |  7902k|     - |  1263M |   0 |3192 |  31k|  32k|1323 | 18 | 216 |7544 | 3.415651e+05 | 3.480581e+05 |   1.90%| unknown
 7788s|     1 |     0 |  7904k|     - |  1266M |   0 |3192 |  31k|  32k|1421 | 19 | 216 |7544 | 3.415651e+05 | 3.480581e+05 |   1.90%| unknown
 7790s|     1 |     0 |  7906k|     - |  1270M |   0 |3192 |  31k|  32k|1522 | 20 | 216 |7544 | 3.415651e+05 | 3.480581e+05 |   1.90%| unknown
 7792s|     1 |     0 |  7908k|     - |  1270M |   0 |3192 |  31k|  32k|1609 | 21 | 216 |7544 | 3.415651e+05 | 3.480581e+05 |   1.90%| unknown
 7794s|     1 |     0 |  7910k|     - |  1271M |   0 |3192 |  31k|  32k|1684 | 22 | 216 |7544 | 3.415651e+05 | 3.480581e+05 |   1.90%| unknown
 7796s|     1 |     0 |  7913k|     - |  1271M |   0 |3192 |  31k|  32k|1773 | 23 | 216 |7544 | 3.415651e+05 | 3.480581e+05 |   1.90%| unknown
 7798s|     1 |     0 |  7915k|     - |  1271M |   0 |3192 |  31k|  32k|1852 | 24 | 216 |7544 | 3.415651e+05 | 3.480581e+05 |   1.90%| unknown
 7801s|     1 |     0 |  7918k|     - |  1271M |   0 |3192 |  31k|  32k|1929 | 25 | 216 |7544 | 3.415651e+05 | 3.480581e+05 |   1.90%| unknown
 7803s|     1 |     0 |  7921k|     - |  1271M |   0 |3192 |  31k|  32k|2000 | 26 | 216 |7544 | 3.415651e+05 | 3.480581e+05 |   1.90%| unknown
 7805s|     1 |     0 |  7923k|     - |  1271M |   0 |3192 |  31k|  32k|2059 | 27 | 216 |7544 | 3.415651e+05 | 3.480581e+05 |   1.90%| unknown
 7809s|     1 |     0 |  7927k|     - |  1272M |   0 |3192 |  31k|  32k|2136 | 28 | 216 |7544 | 3.415651e+05 | 3.480581e+05 |   1.90%| unknown
 7812s|     1 |     0 |  7931k|     - |  1273M |   0 |3192 |  31k|  33k|2225 | 29 | 216 |7544 | 3.415651e+05 | 3.480581e+05 |   1.90%| unknown
 time | node  | left  |LP iter|LP it/n|mem/heur|mdpt |vars |cons |rows |cuts |sepa|confs|strbr|  dualbound   | primalbound  |  gap   | compl. 
 7816s|     1 |     0 |  7934k|     - |  1273M |   0 |3192 |  31k|  32k|2305 | 30 | 216 |7544 | 3.415651e+05 | 3.480581e+05 |   1.90%| unknown
 7819s|     1 |     0 |  7937k|     - |  1273M |   0 |3192 |  31k|  32k|2393 | 31 | 216 |7544 | 3.415651e+05 | 3.480581e+05 |   1.90%| unknown
 7822s|     1 |     0 |  7941k|     - |  1273M |   0 |3192 |  31k|  33k|2467 | 32 | 216 |7544 | 3.415651e+05 | 3.480581e+05 |   1.90%| unknown
 7826s|     1 |     0 |  7945k|     - |  1273M |   0 |3192 |  31k|  33k|2560 | 33 | 216 |7544 | 3.415651e+05 | 3.480581e+05 |   1.90%| unknown
 7829s|     1 |     0 |  7948k|     - |  1273M |   0 |3192 |  31k|  33k|2648 | 34 | 216 |7544 | 3.415651e+05 | 3.480581e+05 |   1.90%| unknown
 7833s|     1 |     0 |  7951k|     - |  1275M |   0 |3192 |  31k|  33k|2728 | 35 | 216 |7544 | 3.415651e+05 | 3.480581e+05 |   1.90%| unknown
 7836s|     1 |     0 |  7955k|     - |  1275M |   0 |3192 |  31k|  33k|2809 | 36 | 216 |7544 | 3.415651e+05 | 3.480581e+05 |   1.90%| unknown
 7840s|     1 |     0 |  7959k|     - |  1275M |   0 |3192 |  31k|  33k|2899 | 37 | 216 |7544 | 3.415651e+05 | 3.480581e+05 |   1.90%| unknown
 7845s|     1 |     0 |  7963k|     - |  1275M |   0 |3192 |  31k|  33k|2980 | 38 | 216 |7544 | 3.415651e+05 | 3.480581e+05 |   1.90%| unknown
 7875s|     1 |     2 |  7995k|     - |  1275M |   0 |3192 |  31k|  33k|2980 | 38 | 216 |7547 | 3.415651e+05 | 3.480581e+05 |   1.90%| unknown
 8125s|   100 |    39 |  8164k|1372.0 |  1279M |  34 |3192 |  31k|  32k|3483 |  1 | 216 |7852 | 3.415651e+05 | 3.480581e+05 |   1.90%| unknown
 8195s|   200 |    47 |  8244k|1362.4 |  1283M |  36 |3192 |  31k|  32k|4253 |  4 | 216 |7948 | 3.415651e+05 | 3.480581e+05 |   1.90%| unknown
 8265s|   300 |    65 |  8333k|1354.6 |  1286M |  36 |3192 |  31k|  32k|4778 |  1 | 218 |8022 | 3.415651e+05 | 3.480581e+05 |   1.90%| unknown
 8421s|   400 |    73 |  8487k|1357.7 |  1295M |  40 |3192 |  31k|  32k|5680 |  1 | 220 |8124 | 3.415651e+05 | 3.480581e+05 |   1.90%| unknown
 8490s|   500 |    81 |  8563k|1348.0 |  1299M |  40 |3192 |  31k|  32k|6168 |  3 | 222 |8208 | 3.415651e+05 | 3.480581e+05 |   1.90%| unknown
 time | node  | left  |LP iter|LP it/n|mem/heur|mdpt |vars |cons |rows |cuts |sepa|confs|strbr|  dualbound   | primalbound  |  gap   | compl. 
 8511s|   600 |    85 |  8590k|1331.0 |  1301M |  40 |3192 |  31k|  32k|6897 |  1 | 226 |8271 | 3.415651e+05 | 3.480581e+05 |   1.90%| unknown
 8601s|   700 |   101 |  8685k|1325.0 |  1304M |  40 |3192 |  31k|  32k|8161 |  0 | 226 |8384 | 3.415651e+05 | 3.480581e+05 |   1.90%| unknown
 8672s|   800 |   113 |  8760k|1316.2 |  1306M |  40 |3192 |  31k|  33k|8813 |  1 | 231 |8511 | 3.415651e+05 | 3.480581e+05 |   1.90%| unknown
 8735s|   900 |   113 |  8827k|1306.4 |  1308M |  40 |3192 |  31k|  33k|9638 |  1 | 234 |8617 | 3.415651e+05 | 3.480581e+05 |   1.90%| unknown
 8955s|  1000 |   123 |  9019k|1315.6 |  1324M |  40 |3192 |  31k|   0 |  10k|  0 | 238 |8847 | 3.415651e+05 | 3.480581e+05 |   1.90%| unknown
 9027s|  1100 |   121 |  9090k|1306.7 |  1325M |  40 |3192 |  31k|   0 |  11k|  0 | 239 |8947 | 3.415651e+05 | 3.480581e+05 |   1.90%| unknown
 9218s|  1200 |   131 |  9263k|1312.8 |  1327M |  40 |3192 |  31k|  33k|  12k|  1 | 241 |9201 | 3.415651e+05 | 3.480581e+05 |   1.90%| unknown
 9257s|  1300 |   127 |  9304k|1299.9 |  1328M |  40 |3192 |  31k|  33k|  12k|  1 | 241 |9293 | 3.415651e+05 | 3.480581e+05 |   1.90%| unknown
 9417s|  1400 |   143 |  9477k|1305.9 |  1346M |  40 |3192 |  31k|  33k|  13k|  1 | 243 |9467 | 3.415651e+05 | 3.480581e+05 |   1.90%| unknown
 9542s|  1500 |   153 |  9597k|1304.5 |  1364M |  40 |3192 |  31k|  32k|  14k|  1 | 249 |9637 | 3.415651e+05 | 3.480581e+05 |   1.90%| unknown
 9603s|  1600 |   169 |  9693k|1299.8 |  1365M |  40 |3192 |  31k|   0 |  14k|  0 | 253 |9705 | 3.415651e+05 | 3.480581e+05 |   1.90%| unknown
 9707s|  1700 |   183 |  9803k|1297.0 |  1378M |  40 |3192 |  31k|  33k|  15k|  1 | 255 |9836 | 3.415651e+05 | 3.480581e+05 |   1.90%| unknown
 9817s|  1800 |   203 |  9958k|1300.4 |  1381M |  40 |3192 |  31k|  32k|  16k|  1 | 258 |9956 | 3.415651e+05 | 3.480581e+05 |   1.90%| unknown
 9931s|  1900 |   217 | 10078k|1299.1 |  1382M |  40 |3192 |  31k|   0 |  17k|  0 | 258 |  10k| 3.415651e+05 | 3.480581e+05 |   1.90%| unknown
  167m|  2000 |   229 | 10188k|1296.6 |  1400M |  43 |3192 |  31k|  33k|  17k|  1 | 258 |  10k| 3.415651e+05 | 3.480581e+05 |   1.90%| unknown
 time | node  | left  |LP iter|LP it/n|mem/heur|mdpt |vars |cons |rows |cuts |sepa|confs|strbr|  dualbound   | primalbound  |  gap   | compl. 
  170m|  2100 |   243 | 10370k|1303.2 |  1403M |  43 |3192 |  31k|  33k|  18k|  0 | 259 |  10k| 3.415651e+05 | 3.480581e+05 |   1.90%| unknown
  174m|  2200 |   251 | 10605k|1316.5 |  1421M |  43 |3192 |  31k|  33k|  20k|  0 | 261 |  10k| 3.415651e+05 | 3.480581e+05 |   1.90%| unknown
  175m|  2300 |   269 | 10710k|1313.1 |  1422M |  43 |3192 |  31k|  32k|  20k|  1 | 265 |  10k| 3.415651e+05 | 3.480581e+05 |   1.90%| unknown
  182m|  2400 |   281 | 11037k|1337.2 |  1423M |  43 |3192 |  31k|  33k|  22k|  0 | 265 |  10k| 3.415651e+05 | 3.480581e+05 |   1.90%| unknown
  185m|  2500 |   291 | 11208k|1341.8 |  1426M |  43 |3192 |  31k|  33k|  23k|  0 | 270 |  11k| 3.415651e+05 | 3.480581e+05 |   1.90%| unknown
  191m|  2600 |   309 | 11532k|1364.6 |  1428M |  43 |3192 |  31k|  33k|  24k|  1 | 272 |  11k| 3.415651e+05 | 3.480581e+05 |   1.90%| unknown
  194m|  2700 |   321 | 11878k|1389.5 |  1428M |  43 |3192 |  31k|   0 |  25k|  0 | 272 |  11k| 3.415651e+05 | 3.480581e+05 |   1.90%| unknown
  201m|  2800 |   335 | 12213k|1412.5 |  1432M |  43 |3192 |  31k|   0 |  26k|  0 | 272 |  11k| 3.415651e+05 | 3.480581e+05 |   1.90%| unknown
  209m|  2900 |   351 | 12545k|1434.7 |  1435M |  44 |3192 |  31k|  33k|  27k|  1 | 273 |  11k| 3.415651e+05 | 3.480581e+05 |   1.90%| unknown
  213m|  3000 |   359 | 12780k|1445.2 |  1436M |  44 |3192 |  31k|  33k|  28k|  1 | 273 |  11k| 3.415651e+05 | 3.480581e+05 |   1.90%| unknown
  223m|  3100 |   385 | 13078k|1462.5 |  1447M |  54 |3192 |  31k|   0 |  30k|  0 | 273 |  12k| 3.415651e+05 | 3.480581e+05 |   1.90%| unknown
  225m|  3200 |   403 | 13287k|1469.6 |  1448M |  61 |3192 |  31k|   0 |  30k|  0 | 273 |  12k| 3.415651e+05 | 3.480581e+05 |   1.90%| unknown
  228m|  3300 |   409 | 13450k|1471.4 |  1449M |  61 |3192 |  31k|   0 |  31k|  0 | 274 |  12k| 3.415651e+05 | 3.480581e+05 |   1.90%| unknown
  229m|  3400 |   411 | 13603k|1472.0 |  1456M |  61 |3192 |  31k|  33k|  32k|  1 | 277 |  12k| 3.415651e+05 | 3.480581e+05 |   1.90%| unknown
  234m|  3500 |   425 | 13786k|1475.9 |  1471M |  61 |3192 |  31k|  33k|  33k| 17 | 291 |  13k| 3.415651e+05 | 3.480581e+05 |   1.90%| unknown

SCIP Status        : solving was interrupted [time limit reached]
Solving Time (sec) : 14400.00
Solving Nodes      : 3544 (total of 9263 nodes in 2 runs)
Primal Bound       : +3.48058085000000e+05 (47 solutions)
Dual Bound         : +3.41565060124917e+05
Gap                : 1.90 %

primal solution (original space):
=================================

objective value:                           348058.085
z#0                                                 1 	(obj:0)
z#1                                                 1 	(obj:0)
z#2                                                 1 	(obj:0)
z#3                                                 1 	(obj:0)
z#5                                                 1 	(obj:0)
z#10                                                1 	(obj:0)
z#11                                                1 	(obj:0)
z#18                                                1 	(obj:0)
z#26                                                1 	(obj:0)
z#29                                                1 	(obj:0)
z#41                                                1 	(obj:0)
z#44                                                1 	(obj:0)
z#45                                                1 	(obj:0)
z#47                                                1 	(obj:0)
z#50                                                1 	(obj:0)
z#52                                                1 	(obj:0)
z#54                                                1 	(obj:0)
z#57                                                1 	(obj:0)
z#61                                                1 	(obj:0)
z#64                                                1 	(obj:0)
z#72                                                1 	(obj:0)
z#79                                                1 	(obj:0)
z#85                                                1 	(obj:0)
z#91                                                1 	(obj:0)
z#92                                                1 	(obj:0)
z#95                                                1 	(obj:0)
z#96                                                1 	(obj:0)
z#100                                               1 	(obj:0)
z#103                                               1 	(obj:0)
z#107                                               1 	(obj:0)
z#109                                               1 	(obj:0)
z#113                                               1 	(obj:0)
z#114                                               1 	(obj:0)
z#133                                               1 	(obj:0)
z#139                                               1 	(obj:0)
z#140                                               1 	(obj:0)
z#142                                               1 	(obj:0)
z#156                                               1 	(obj:0)
z#157                                               1 	(obj:0)
z#158                                               1 	(obj:0)
z#161                                               1 	(obj:0)
z#165                                               1 	(obj:0)
z#167                               0.999999999998636 	(obj:0)
z#170                                               1 	(obj:0)
z#171                                               1 	(obj:0)
z#172                                               1 	(obj:0)
z#174                                               1 	(obj:0)
z#175                                               1 	(obj:0)
z#176                                               1 	(obj:0)
z#186                                               1 	(obj:0)
z#197                                               1 	(obj:0)
z#198                                               1 	(obj:0)
z#205                                               1 	(obj:0)
z#214                                               1 	(obj:0)
z#218                                               1 	(obj:0)
z#219                                               1 	(obj:0)
z#220                                               1 	(obj:0)
z#234                                               1 	(obj:0)
z#237                                               1 	(obj:0)
z#244                                               1 	(obj:0)
z#249                                               1 	(obj:0)
z#251                                               1 	(obj:0)
z#255                                               1 	(obj:0)
z#258                                               1 	(obj:0)
z#268                                               1 	(obj:0)
z#269                                               1 	(obj:0)
z#270                                               1 	(obj:0)
z#279                                               1 	(obj:0)
z#283                                               1 	(obj:0)
z#288                                               1 	(obj:0)
z#291                                               1 	(obj:0)
z#302                                               1 	(obj:0)
z#305                                               1 	(obj:0)
z#313                                               1 	(obj:0)
z#317                                               1 	(obj:0)
z#323                                               1 	(obj:0)
z#325                                               1 	(obj:0)
z#327                                               1 	(obj:0)
z#328                                               1 	(obj:0)
z#335                                               1 	(obj:0)
z#347                                               1 	(obj:0)
z#352                                               1 	(obj:0)
z#353                                               1 	(obj:0)
z#372                                               1 	(obj:0)
z#381                                               1 	(obj:0)
z#393                                               1 	(obj:0)
z#394                                               1 	(obj:0)
z#403                                               1 	(obj:0)
z#410                                               1 	(obj:0)
z#414                                               1 	(obj:0)
z#416                                               1 	(obj:0)
z#417                                               1 	(obj:0)
z#418                                               1 	(obj:0)
z#429                                               1 	(obj:0)
z#434                                               1 	(obj:0)
z#449                                               1 	(obj:0)
z#450                                               1 	(obj:0)
z#462                                               1 	(obj:0)
z#464                                               1 	(obj:0)
z#466                                               1 	(obj:0)
z#478                                               1 	(obj:0)
z#491                                               1 	(obj:0)
z#493                                               1 	(obj:0)
z#497                                               1 	(obj:0)
z#499                                               1 	(obj:0)
z#503                                               1 	(obj:0)
z#504                                               1 	(obj:0)
z#507                                               1 	(obj:0)
z#520                                               1 	(obj:0)
z#532                                               1 	(obj:0)
z#543                                               1 	(obj:0)
z#544                                               1 	(obj:0)
z#546                                               1 	(obj:0)
z#551                                1.00000000000125 	(obj:0)
z#552                                               1 	(obj:0)
z#553                                               1 	(obj:0)
z#555                                               1 	(obj:0)
z#564                                               1 	(obj:0)
z#571                                               1 	(obj:0)
z#573                                               1 	(obj:0)
z#576                                               1 	(obj:0)
z#581                                               1 	(obj:0)
z#588                                               1 	(obj:0)
z#589                                               1 	(obj:0)
z#592                                               1 	(obj:0)
z#606                                               1 	(obj:0)
z#612                                               1 	(obj:0)
z#613                                               1 	(obj:0)
z#617                                               1 	(obj:0)
z#620                                               1 	(obj:0)
z#623                                               1 	(obj:0)
z#628                                               1 	(obj:0)
z#629                                               1 	(obj:0)
z#636                                               1 	(obj:0)
z#638                                               1 	(obj:0)
z#642                                               1 	(obj:0)
z#649                                               1 	(obj:0)
z#650                                               1 	(obj:0)
z#651                                               1 	(obj:0)
z#652                                               1 	(obj:0)
z#654                                               1 	(obj:0)
z#661                                               1 	(obj:0)
z#674                                               1 	(obj:0)
z#678                                               1 	(obj:0)
z#679                                               1 	(obj:0)
z#680                                               1 	(obj:0)
z#693                                               1 	(obj:0)
z#708                                               1 	(obj:0)
z#713                                               1 	(obj:0)
z#716                                               1 	(obj:0)
z#720                                               1 	(obj:0)
z#721                                               1 	(obj:0)
z#723                                               1 	(obj:0)
z#724                                               1 	(obj:0)
z#727                                               1 	(obj:0)
z#728                                               1 	(obj:0)
z#733                                               1 	(obj:0)
z#734                                               1 	(obj:0)
z#736                                               1 	(obj:0)
z#737                                               1 	(obj:0)
z#752                                               1 	(obj:0)
z#761                                               1 	(obj:0)
z#767                                               1 	(obj:0)
z#768                                               1 	(obj:0)
z#769                                               1 	(obj:0)
z#771                                               1 	(obj:0)
z#772                                               1 	(obj:0)
z#778                                               1 	(obj:0)
z#780                                               1 	(obj:0)
z#785                                               1 	(obj:0)
z#786                                               1 	(obj:0)
z#791                                               1 	(obj:0)
z#793                                               1 	(obj:0)
z#794                                               1 	(obj:0)
z#799                                               1 	(obj:0)
z#801                                               1 	(obj:0)
z#802                                               1 	(obj:0)
z#805                                               1 	(obj:0)
z#828                                               1 	(obj:0)
z#829                                               1 	(obj:0)
z#838                                               1 	(obj:0)
z#841                                               1 	(obj:0)
z#843                                               1 	(obj:0)
z#852                                               1 	(obj:0)
z#853                                               1 	(obj:0)
z#857                                               1 	(obj:0)
z#860                                               1 	(obj:0)
z#862                                               1 	(obj:0)
z#864                                               1 	(obj:0)
z#868                                               1 	(obj:0)
z#869                                               1 	(obj:0)
z#870                                               1 	(obj:0)
z#873                                               1 	(obj:0)
z#885                                               1 	(obj:0)
z#886                                               1 	(obj:0)
z#889                                               1 	(obj:0)
z#896                                               1 	(obj:0)
z#912                                               1 	(obj:0)
z#921                                               1 	(obj:0)
z#928                                               1 	(obj:0)
z#934                                               1 	(obj:0)
z#948                                               1 	(obj:0)
z#953                                               1 	(obj:0)
z#957                                               1 	(obj:0)
z#961                                               1 	(obj:0)
z#965                                               1 	(obj:0)
z#966                                               1 	(obj:0)
z#967                                               1 	(obj:0)
z#969                                               1 	(obj:0)
z#974                                               1 	(obj:0)
z#981                                               1 	(obj:0)
z#986                                               1 	(obj:0)
z#999                                               1 	(obj:0)
z#1006                                              1 	(obj:0)
z#1009                                              1 	(obj:0)
z#1014                                              1 	(obj:0)
z#1019                                              1 	(obj:0)
z#1020                                              1 	(obj:0)
z#1021                                              1 	(obj:0)
z#1022                                              1 	(obj:0)
z#1026                                              1 	(obj:0)
z#1031                                              1 	(obj:0)
z#1034                                              1 	(obj:0)
z#1037                                              1 	(obj:0)
z#1039                                              1 	(obj:0)
z#1040                                              1 	(obj:0)
z#1044                                              1 	(obj:0)
z#1045                                              1 	(obj:0)
z#1050                                              1 	(obj:0)
z#1055                                              1 	(obj:0)
z#1056                                              1 	(obj:0)
z#1063                                              1 	(obj:0)
z#1072                                              1 	(obj:0)
z#1081                                              1 	(obj:0)
z#1088                                              1 	(obj:0)
z#1089                                              1 	(obj:0)
z#1090                                              1 	(obj:0)
z#1097                                              1 	(obj:0)
z#1111                                              1 	(obj:0)
z#1118                                              1 	(obj:0)
z#1124                                              1 	(obj:0)
z#1132                                              1 	(obj:0)
z#1138                                              1 	(obj:0)
z#1139                                              1 	(obj:0)
z#1141                                              1 	(obj:0)
z#1144                                              1 	(obj:0)
z#1153                                              1 	(obj:0)
z#1156                                              1 	(obj:0)
z#1167                                              1 	(obj:0)
z#1169                                              1 	(obj:0)
z#1178                                              1 	(obj:0)
z#1180                                              1 	(obj:0)
z#1187                                              1 	(obj:0)
z#1191                                              1 	(obj:0)
z#1192                                              1 	(obj:0)
z#1194                                              1 	(obj:0)
z#1199                                              1 	(obj:0)
z#1203                                              1 	(obj:0)
z#1207                                              1 	(obj:0)
z#1209                                              1 	(obj:0)
z#1218                                              1 	(obj:0)
z#1219                                              1 	(obj:0)
z#1221                                              1 	(obj:0)
z#1222                                              1 	(obj:0)
z#1231                                              1 	(obj:0)
z#1236                                              1 	(obj:0)
z#1238                                              1 	(obj:0)
z#1239                                              1 	(obj:0)
z#1249                                              1 	(obj:0)
z#1259                                              1 	(obj:0)
z#1262                                              1 	(obj:0)
z#1263                                              1 	(obj:0)
z#1266                                              1 	(obj:0)
z#1279                                              1 	(obj:0)
z#1281                                              1 	(obj:0)
z#1303                                              1 	(obj:0)
z#1307                                              1 	(obj:0)
z#1309                                              1 	(obj:0)
z#1313                                              1 	(obj:0)
z#1314                                              1 	(obj:0)
z#1316                                              1 	(obj:0)
z#1318                                              1 	(obj:0)
z#1320                                              1 	(obj:0)
z#1324                                              1 	(obj:0)
z#1339                                              1 	(obj:0)
z#1347                                              1 	(obj:0)
z#1348                                              1 	(obj:0)
z#1361                                              1 	(obj:0)
z#1363                                              1 	(obj:0)
z#1367                                              1 	(obj:0)
z#1368                                              1 	(obj:0)
z#1370                                              1 	(obj:0)
z#1373                                              1 	(obj:0)
z#1389                                              1 	(obj:0)
z#1391                                              1 	(obj:0)
z#1394                                              1 	(obj:0)
z#1414                                              1 	(obj:0)
z#1423                                              1 	(obj:0)
z#1428                                              1 	(obj:0)
z#1435                                              1 	(obj:0)
z#1437                                              1 	(obj:0)
z#1442                                              1 	(obj:0)
z#1449                                              1 	(obj:0)
z#1467                                              1 	(obj:0)
z#1470                                              1 	(obj:0)
z#1471                                              1 	(obj:0)
z#1477                                              1 	(obj:0)
z#1485                                              1 	(obj:0)
z#1486                                              1 	(obj:0)
z#1488                                              1 	(obj:0)
z#1491                                              1 	(obj:0)
z#1502                                              1 	(obj:0)
z#1509                                              1 	(obj:0)
z#1510                                              1 	(obj:0)
z#1515                                              1 	(obj:0)
z#1517                                              1 	(obj:0)
z#1518                                              1 	(obj:0)
z#1525                                              1 	(obj:0)
z#1528                                              1 	(obj:0)
z#1541                                              1 	(obj:0)
z#1542                                              1 	(obj:0)
z#1546                                              1 	(obj:0)
z#1560                                              1 	(obj:0)
z#1561                                              1 	(obj:0)
z#1562                                              1 	(obj:0)
z#1568                                              1 	(obj:0)
z#1579                                              1 	(obj:0)
z#1583                                              1 	(obj:0)
z#1585                                              1 	(obj:0)
z#1587                                              1 	(obj:0)
z#1588                                              1 	(obj:0)
z#1591                                              1 	(obj:0)
z#1611                                              1 	(obj:0)
z#1616                                              1 	(obj:0)
z#1621                                              1 	(obj:0)
z#1637                                              1 	(obj:0)
z#1642                                              1 	(obj:0)
z#1645                                              1 	(obj:0)
z#1647                                              1 	(obj:0)
z#1649                                              1 	(obj:0)
z#1650                                              1 	(obj:0)
z#1652                                              1 	(obj:0)
z#1660                                              1 	(obj:0)
z#1668                                              1 	(obj:0)
z#1672                                              1 	(obj:0)
z#1675                                              1 	(obj:0)
z#1676                                              1 	(obj:0)
z#1690                                              1 	(obj:0)
z#1691                                              1 	(obj:0)
z#1692                                              1 	(obj:0)
z#1696                                              1 	(obj:0)
z#1700                                              1 	(obj:0)
z#1710                                              1 	(obj:0)
z#1714                                              1 	(obj:0)
z#1717                                              1 	(obj:0)
z#1724                                              1 	(obj:0)
z#1730                                              1 	(obj:0)
z#1735                                              1 	(obj:0)
z#1736                                              1 	(obj:0)
z#1741                                              1 	(obj:0)
z#1743                                              1 	(obj:0)
z#1749                                              1 	(obj:0)
z#1753                                              1 	(obj:0)
z#1754                                              1 	(obj:0)
z#1761                                              1 	(obj:0)
z#1772                                              1 	(obj:0)
z#1779                                              1 	(obj:0)
z#1782                                              1 	(obj:0)
z#1783                                              1 	(obj:0)
z#1790                                              1 	(obj:0)
z#1814                                              1 	(obj:0)
z#1816                                              1 	(obj:0)
z#1817                                              1 	(obj:0)
z#1829                                              1 	(obj:0)
z#1835                                              1 	(obj:0)
z#1838                                              1 	(obj:0)
z#1841                                              1 	(obj:0)
z#1842                                              1 	(obj:0)
z#1851                                              1 	(obj:0)
z#1859                                              1 	(obj:0)
z#1861                                              1 	(obj:0)
z#1865                                              1 	(obj:0)
z#1869                                              1 	(obj:0)
z#1870                                              1 	(obj:0)
z#1872                                              1 	(obj:0)
z#1879                                              1 	(obj:0)
z#1882                                              1 	(obj:0)
z#1891                                              1 	(obj:0)
z#1894                                              1 	(obj:0)
z#1898                                              1 	(obj:0)
z#1901                                              1 	(obj:0)
z#1924                                              1 	(obj:0)
z#1930                                              1 	(obj:0)
z#1938                                              1 	(obj:0)
z#1944                                              1 	(obj:0)
z#1949                                              1 	(obj:0)
z#1950                                              1 	(obj:0)
z#1961                                              1 	(obj:0)
z#1973                                              1 	(obj:0)
z#1979                                              1 	(obj:0)
z#1991                                              1 	(obj:0)
z#2002                                              1 	(obj:0)
z#2007                                              1 	(obj:0)
z#2009                                              1 	(obj:0)
z#2012                                              1 	(obj:0)
z#2015                                              1 	(obj:0)
z#2020                                              1 	(obj:0)
z#2022                                              1 	(obj:0)
z#2024                                              1 	(obj:0)
z#2026                                              1 	(obj:0)
z#2028                                              1 	(obj:0)
z#2038                                              1 	(obj:0)
z#2042                                              1 	(obj:0)
z#2046                                              1 	(obj:0)
z#2062                                              1 	(obj:0)
z#2065                                              1 	(obj:0)
z#2071                                              1 	(obj:0)
z#2075                                              1 	(obj:0)
z#2080                                              1 	(obj:0)
z#2091                                              1 	(obj:0)
z#2092                                              1 	(obj:0)
z#2093                                              1 	(obj:0)
z#2094                                              1 	(obj:0)
z#2102                                              1 	(obj:0)
z#2105                                              1 	(obj:0)
z#2106                                              1 	(obj:0)
z#2123                                              1 	(obj:0)
z#2124                                              1 	(obj:0)
z#2129                                              1 	(obj:0)
z#2132                                              1 	(obj:0)
z#2138                                              1 	(obj:0)
z#2140                                              1 	(obj:0)
z#2143                                              1 	(obj:0)
z#2146                                              1 	(obj:0)
z#2156                                              1 	(obj:0)
z#2161                                              1 	(obj:0)
z#2167                                              1 	(obj:0)
z#2177                                              1 	(obj:0)
z#2181                                              1 	(obj:0)
z#2184                                              1 	(obj:0)
z#2186                                              1 	(obj:0)
z#2188                                              1 	(obj:0)
z#2196                                              1 	(obj:0)
z#2206                                              1 	(obj:0)
z#2208                                              1 	(obj:0)
z#2212                                              1 	(obj:0)
z#2218                                              1 	(obj:0)
z#2221                                              1 	(obj:0)
z#2224                                              1 	(obj:0)
z#2229                                              1 	(obj:0)
z#2239                                              1 	(obj:0)
z#2248                                              1 	(obj:0)
z#2252                                              1 	(obj:0)
z#2256                                              1 	(obj:0)
z#2257                                              1 	(obj:0)
z#2266                                              1 	(obj:0)
z#2268                                              1 	(obj:0)
z#2269                                              1 	(obj:0)
z#2272                                              1 	(obj:0)
z#2284                                              1 	(obj:0)
z#2296                                              1 	(obj:0)
z#2299                                              1 	(obj:0)
z#2305                                              1 	(obj:0)
z#2312                                              1 	(obj:0)
z#2328                                              1 	(obj:0)
z#2332                                              1 	(obj:0)
z#2335                                              1 	(obj:0)
z#2344                                              1 	(obj:0)
z#2345                                              1 	(obj:0)
z#2347                                              1 	(obj:0)
z#2350                                              1 	(obj:0)
z#2366                                              1 	(obj:0)
z#2370                                              1 	(obj:0)
z#2371                                              1 	(obj:0)
z#2373                                              1 	(obj:0)
z#2376                                              1 	(obj:0)
z#2377                                              1 	(obj:0)
z#2379                                              1 	(obj:0)
z#2380                                              1 	(obj:0)
z#2383                                              1 	(obj:0)
z#2397                                              1 	(obj:0)
z#2399                                              1 	(obj:0)
z#2400                                              1 	(obj:0)
z#2404                                              1 	(obj:0)
z#2408                                              1 	(obj:0)
z#2413                                              1 	(obj:0)
z#2417                                              1 	(obj:0)
z#2424                                              1 	(obj:0)
z#2428                                              1 	(obj:0)
z#2431                                              1 	(obj:0)
z#2434                                              1 	(obj:0)
z#2435                                              1 	(obj:0)
z#2437                                              1 	(obj:0)
z#2451                                              1 	(obj:0)
z#2468                                              1 	(obj:0)
z#2472                                              1 	(obj:0)
z#2480                                              1 	(obj:0)
z#2481                                              1 	(obj:0)
z#2484                                              1 	(obj:0)
z#2502                                              1 	(obj:0)
z#2511                                              1 	(obj:0)
z#2519                                              1 	(obj:0)
z#2521                                              1 	(obj:0)
z#2524                                              1 	(obj:0)
z#2530                                              1 	(obj:0)
z#2549                                              1 	(obj:0)
z#2550                                              1 	(obj:0)
z#2551                                              1 	(obj:0)
z#2552                                              1 	(obj:0)
z#2555                                              1 	(obj:0)
z#2556                                              1 	(obj:0)
z#2578                                              1 	(obj:0)
z#2586                                              1 	(obj:0)
z#2603                                              1 	(obj:0)
z#2606                                              1 	(obj:0)
z#2608                                              1 	(obj:0)
z#2610                                              1 	(obj:0)
z#2614                                              1 	(obj:0)
z#2617                                              1 	(obj:0)
z#2626                                              1 	(obj:0)
z#2629                                              1 	(obj:0)
z#2640                                              1 	(obj:0)
z#2646                                              1 	(obj:0)
z#2652                                              1 	(obj:0)
z#2657                                              1 	(obj:0)
z#2665                                              1 	(obj:0)
z#2669                                              1 	(obj:0)
z#2673                                              1 	(obj:0)
z#2676                                              1 	(obj:0)
z#2679                                              1 	(obj:0)
z#2680                                              1 	(obj:0)
z#2692                                              1 	(obj:0)
z#2693                                              1 	(obj:0)
z#2700                                              1 	(obj:0)
z#2703                                              1 	(obj:0)
z#2724                                              1 	(obj:0)
z#2726                                              1 	(obj:0)
z#2732                                              1 	(obj:0)
z#2734                                              1 	(obj:0)
z#2739                                              1 	(obj:0)
z#2744                                              1 	(obj:0)
z#2749                                              1 	(obj:0)
z#2750                                              1 	(obj:0)
z#2753                                              1 	(obj:0)
z#2754                                              1 	(obj:0)
z#2756                                              1 	(obj:0)
z#2761                                              1 	(obj:0)
z#2762                                              1 	(obj:0)
z#2764                                              1 	(obj:0)
z#2765                                              1 	(obj:0)
z#2769                                              1 	(obj:0)
z#2771                                              1 	(obj:0)
z#2774                                              1 	(obj:0)
z#2779                                              1 	(obj:0)
z#2787                                              1 	(obj:0)
z#2793                                              1 	(obj:0)
z#2803                                              1 	(obj:0)
z#2815                                              1 	(obj:0)
z#2817                                              1 	(obj:0)
z#2820                                              1 	(obj:0)
z#2821                                              1 	(obj:0)
z#2832                                              1 	(obj:0)
z#2846                                              1 	(obj:0)
z#2849                                              1 	(obj:0)
z#2850                                              1 	(obj:0)
z#2859                                              1 	(obj:0)
z#2861                                              1 	(obj:0)
z#2864                                              1 	(obj:0)
z#2866                                              1 	(obj:0)
z#2868                                              1 	(obj:0)
z#2875                                              1 	(obj:0)
z#2877                                              1 	(obj:0)
z#2882                                              1 	(obj:0)
z#2886                                              1 	(obj:0)
z#2887                                              1 	(obj:0)
z#2894                                              1 	(obj:0)
z#2900                                              1 	(obj:0)
z#2905                                              1 	(obj:0)
z#2906                                              1 	(obj:0)
z#2907                                              1 	(obj:0)
z#2908                                              1 	(obj:0)
z#2910                                              1 	(obj:0)
z#2911                                              1 	(obj:0)
z#2915                                              1 	(obj:0)
z#2917                                              1 	(obj:0)
z#2919                                              1 	(obj:0)
z#2925                                              1 	(obj:0)
z#2937                                              1 	(obj:0)
z#2941                                              1 	(obj:0)
z#2945                                              1 	(obj:0)
z#2948                                              1 	(obj:0)
z#2950                                              1 	(obj:0)
z#2952                                              1 	(obj:0)
z#2963                                              1 	(obj:0)
z#2964                                              1 	(obj:0)
z#2967                                              1 	(obj:0)
z#2978                                              1 	(obj:0)
z#2983                                              1 	(obj:0)
z#2987                                              1 	(obj:0)
z#2994                                              1 	(obj:0)
x#0                                           593.779 	(obj:100)
x#4                                  49.0559999999999 	(obj:133)
x#7                                  3.78200000000004 	(obj:158)
x#9                                            601.21 	(obj:129)
x#19                                           56.329 	(obj:101)
x#22                                 5.46400000000006 	(obj:162)
x#24                                          633.013 	(obj:180)
x#33                                0.962999999999965 	(obj:188)
x#36                                 1.11699999999996 	(obj:180)
x#39                                           697.69 	(obj:104)
y#16                                           32.045 	(obj:101)
y#27                                0.434999999999945 	(obj:125)
y#28                                 3.91300000000001 	(obj:115)
y#32                                           54.355 	(obj:125)
y#45                               0.0819999999999936 	(obj:100)
u#0                                           593.779 	(obj:0)
u#1                                           593.779 	(obj:0)
u#2                                           593.779 	(obj:0)
u#3                                           593.779 	(obj:0)
u#4                                           642.835 	(obj:0)
u#5                                           642.835 	(obj:0)
u#6                                           642.835 	(obj:0)
u#7                                           646.617 	(obj:0)
u#8                                           646.617 	(obj:0)
u#9                                          1247.827 	(obj:0)
u#10                                         1247.827 	(obj:0)
u#11                                         1247.827 	(obj:0)
u#12                                         1247.827 	(obj:0)
u#13                                         1247.827 	(obj:0)
u#14                                         1247.827 	(obj:0)
u#15                                          654.048 	(obj:0)
u#16                                          654.048 	(obj:0)
u#17                                          654.048 	(obj:0)
u#18                                          654.048 	(obj:0)
u#19                                          661.321 	(obj:0)
u#20                                          661.321 	(obj:0)
u#21                                          661.321 	(obj:0)
u#22                                          663.003 	(obj:0)
u#23                                          663.003 	(obj:0)
u#24                                          694.806 	(obj:0)
u#25                                          694.806 	(obj:0)
u#26                                          694.806 	(obj:0)
u#27                                          694.806 	(obj:0)
u#28                                          694.806 	(obj:0)
u#29                                          694.806 	(obj:0)
u#30                                          694.806 	(obj:0)
u#31                                          694.806 	(obj:0)
u#32                                          694.806 	(obj:0)
u#33                                          695.769 	(obj:0)
u#34                                           639.44 	(obj:0)
u#35                                           639.44 	(obj:0)
u#36                                          640.557 	(obj:0)
u#37                                          635.093 	(obj:0)
u#38                                          635.093 	(obj:0)
u#39                                           699.77 	(obj:0)
u#40                                           699.77 	(obj:0)
u#41                                           699.77 	(obj:0)
u#42                                           699.77 	(obj:0)
u#43                                           699.77 	(obj:0)
u#44                                           699.77 	(obj:0)
u#45                                           699.77 	(obj:0)
u#46                                           699.77 	(obj:0)
u#47                                           699.77 	(obj:0)
u#48                                          698.807 	(obj:0)
u#49                                          698.807 	(obj:0)
v#16                                           32.045 	(obj:0)
v#17                                           32.045 	(obj:0)
v#18                                           32.045 	(obj:0)
v#19                                           32.045 	(obj:0)
v#20                                           32.045 	(obj:0)
v#21                                           32.045 	(obj:0)
v#22                                           32.045 	(obj:0)
v#23                                           32.045 	(obj:0)
v#24                                           32.045 	(obj:0)
v#25                                           32.045 	(obj:0)
v#27                                0.434999999999945 	(obj:0)
v#28                                 4.34799999999996 	(obj:0)
v#29                                 4.34799999999996 	(obj:0)
v#30                                 4.34799999999996 	(obj:0)
v#31                                 4.34799999999996 	(obj:0)
v#32                                           58.703 	(obj:0)
v#33                                           58.703 	(obj:0)
v#34                                           58.703 	(obj:0)
v#35                                           58.703 	(obj:0)
v#36                                           58.703 	(obj:0)
v#37                                           58.268 	(obj:0)
v#38                                           54.355 	(obj:0)
v#39                                           54.355 	(obj:0)
v#40                                           54.355 	(obj:0)
v#41                                           54.355 	(obj:0)
v#45                               0.0819999999999936 	(obj:0)
v#46                               0.0819999999999936 	(obj:0)
v#47                               0.0819999999999936 	(obj:0)
v#48                               0.0819999999999936 	(obj:0)
v#49                               0.0819999999999936 	(obj:0)
w#0                                           593.779 	(obj:0)
w#1                                           593.779 	(obj:0)
w#2                                           593.779 	(obj:0)
w#3                                           593.779 	(obj:0)
w#4                                           642.835 	(obj:0)
w#5                                           642.835 	(obj:0)
w#6                                           642.835 	(obj:0)
w#7                                           646.617 	(obj:0)
w#8                                           646.617 	(obj:0)
w#9                                          1247.827 	(obj:0)
w#10                                         1247.827 	(obj:0)
w#11                                         1247.827 	(obj:0)
w#12                                         1247.827 	(obj:0)
w#13                                         1247.827 	(obj:0)
w#14                                         1247.827 	(obj:0)
w#15                                          654.048 	(obj:0)
w#16                                          686.093 	(obj:0)
w#17                                          686.093 	(obj:0)
w#18                                          686.093 	(obj:0)
w#19                                          693.366 	(obj:0)
w#20                                          693.366 	(obj:0)
w#21                                          693.366 	(obj:0)
w#22                                          695.048 	(obj:0)
w#23                                          695.048 	(obj:0)
w#24                                          726.851 	(obj:0)
w#25                                          726.851 	(obj:0)
w#26                                          694.806 	(obj:0)
w#27                                          695.241 	(obj:0)
w#28                                          699.154 	(obj:0)
w#29                                          699.154 	(obj:0)
w#30                                          699.154 	(obj:0)
w#31                                          699.154 	(obj:0)
w#32                                          753.509 	(obj:0)
w#33                                          754.472 	(obj:0)
w#34                                          698.143 	(obj:0)
w#35                                          698.143 	(obj:0)
w#36                                           699.26 	(obj:0)
w#37                                          693.361 	(obj:0)
w#38                                          689.448 	(obj:0)
w#39                                          754.125 	(obj:0)
w#40                                          754.125 	(obj:0)
w#41                                          754.125 	(obj:0)
w#42                                           699.77 	(obj:0)
w#43                                           699.77 	(obj:0)
w#44                                           699.77 	(obj:0)
w#45                                          699.852 	(obj:0)
w#46                                          699.852 	(obj:0)
w#47                                          699.852 	(obj:0)
w#48                                          698.889 	(obj:0)
w#49                                          698.889 	(obj:0)

Statistics
==========

SCIP Status        : solving was interrupted [time limit reached]
Total Time         :   14401.02
  solving          :   14400.00
  presolving       :       6.13 (included in solving)
  reading          :       1.01
  copying          :       1.52 (21 #copies) (minimal 0.06, maximal 0.09, average 0.07)
Original Problem   :
  Problem name     : CCMPPData/50-3000-4
  Variables        : 3250 (3000 binary, 0 integer, 0 implicit integer, 250 continuous)
  Constraints      : 30202 initial, 30202 maximal
  Objective        : minimize, 100 non-zeros (abs.min = 100, abs.max = 298)
Presolved Problem  :
  Problem name     : t_CCMPPData/50-3000-4
  Variables        : 3192 (3000 binary, 0 integer, 0 implicit integer, 192 continuous)
  Constraints      : 31485 initial, 31495 maximal
  Objective        : minimize, 98 non-zeros (abs.min = 100, abs.max = 298)
  Nonzeros         : 78074 constraint, 168 clique table
Presolvers         :   ExecTime  SetupTime  Calls  FixedVars   AggrVars   ChgTypes  ChgBounds   AddHoles    DelCons    AddCons   ChgSides   ChgCoefs
  boundshift       :       0.00       0.00      0          0          0          0          0          0          0          0          0          0
  convertinttobin  :       0.00       0.00      0          0          0          0          0          0          0          0          0          0
  domcol           :       0.06       0.00      2          0          0          0          0          0          0          0          0          0
  dualagg          :       0.00       0.00      0          0          0          0          0          0          0          0          0          0
  dualcomp         :       0.03       0.00      2          0          0          0          0          0          0          0          0          0
  dualinfer        :       0.00       0.00      0          0          0          0          0          0          0          0          0          0
  dualsparsify     :       0.04       0.00      1          0          0          0          0          0          0          0          0          0
  gateextraction   :       0.00       0.00      0          0          0          0          0          0          0          0          0          0
  implics          :       0.00       0.00      4          0          0          0          0          0          0          0          0          0
  inttobinary      :       0.00       0.00      0          0          0          0          0          0          0          0          0          0
  milp             :       0.12       0.00      1          2         52          0         21          0          0          0          0          0
  qpkktref         :       0.00       0.00      0          0          0          0          0          0          0          0          0          0
  redvub           :       0.00       0.00      0          0          0          0          0          0          0          0          0          0
  sparsify         :       0.02       0.00      1          0          0          0          0          0          0          0          0          0
  stuffing         :       0.00       0.00      0          0          0          0          0          0          0          0          0          0
  trivial          :       0.00       0.00      6          0          0          0          0          0          0          0          0          0
  tworowbnd        :       0.00       0.00      0          0          0          0          0          0          0          0          0          0
  dualfix          :       0.00       0.00      6          0          0          0          0          0          0          0          0          0
  genvbounds       :       0.00       0.00      0          0          0          0          0          0          0          0          0          0
  probing          :       5.70       0.00      1          0          0          0          0          0          0          0          0          0
  pseudoobj        :       0.00       0.00      1          0          0          0          0          0          0          0          0          0
  symmetry         :       0.00       0.00      1          0          0          0          0          0          0          0          0          0
  vbounds          :       0.00       0.00      2          0          0          0          0          0          0          0          0          0
  chancecons       :       0.00       0.00      1          0          0          0          0          0          0          0          0          0
  varbound         :       0.04       0.00      4          0          0          0          0          0          0          0          0          0
  knapsack         :       0.00       0.00      6          0          0          0          0          0          0          0          0          0
  setppc           :       0.00       0.00      0          0          0          0          0          0          0          0          0          0
  linear           :       0.08       0.01      9          0          4          0         51          0        288          0          0          0
  bounddisjunction :       0.00       0.00      0          0          0          0          0          0          0          0          0          0
  benders          :       0.00       0.00      0          0          0          0          0          0          0          0          0          0
  components       :       0.00       0.00      2          0          0          0          0          0          0          0          0          0
  root node        :          -          -      -          0          -          -       1337          -          -          -          -          -
Constraints        :     Number  MaxNumber  #Separate #Propagate    #EnfoLP    #EnfoRelax  #EnfoPS    #Check   #ResProp    Cutoffs    DomReds       Cuts    Applied      Conss   Children
  benderslp        :          0          0          0          0       8200          0          0       1316          0          0          0          0          0          0          0
  chancecons       :          1          1       1195     146094          0          0          0          0          0       6037    1574061      32889      24432          0          0
  integral         :          0          0          0          0       8200          0          0       1316          0          0      79803          0          0         52      10418
  varbound         :      29768      29768        107     141716          0          0          0       1310      22826         18      28665          0          0          0          0
  knapsack         :          1          1        107     141334          0          0          0         90          0         88          0          0          0          0          0
  setppc           :         24         24         38      44536          0          0          0          0          0          0          0         11          0          0          0
  linear           :       1691+      1697        107     141612          0          0          0         87       1329        237     697766        193        125          0          0
  bounddisjunction :          0+         5          0       2686          0          0          0          0          0          0          0          0          0          0          0
  benders          :          0          0          0          0          0          0          0         85          0          0          0          0          0          0          0
  fixedvar         :          0          0          0          0          0          0          0         85          0          0          0          0          0          0          0
  countsols        :          0          0          0          0          0          0          0         85          0          0          0          0          0          0          0
  components       :          0          0          0          0          0          0          0          0          0          0          0          0          0          0          0
Constraint Timings :  TotalTime  SetupTime   Separate  Propagate     EnfoLP     EnfoPS     EnfoRelax   Check    ResProp    SB-Prop
  benderslp        :       0.00       0.00       0.00       0.00       0.00       0.00       0.00       0.00       0.00       0.00
  chancecons       :     334.94       0.00       2.21     175.63       0.00       0.00       0.00       0.00       0.00     157.10
  integral         :    5453.06       0.00       0.00       0.00    5453.05       0.00       0.00       0.00       0.00       0.00
  varbound         :      17.62       0.00       0.16       6.58       0.00       0.00       0.00       0.18       0.00      10.70
  knapsack         :      15.71       0.00      15.55       0.09       0.00       0.00       0.00       0.00       0.00       0.07
  setppc           :       0.01       0.00       0.00       0.00       0.00       0.00       0.00       0.00       0.00       0.00
  linear           :      11.78       0.01       0.60       4.75       0.00       0.00       0.00       0.00       0.00       6.42
  bounddisjunction :       0.01       0.00       0.00       0.00       0.00       0.00       0.00       0.00       0.00       0.00
  benders          :       0.00       0.00       0.00       0.00       0.00       0.00       0.00       0.00       0.00       0.00
  fixedvar         :       0.00       0.00       0.00       0.00       0.00       0.00       0.00       0.00       0.00       0.00
  countsols        :       0.00       0.00       0.00       0.00       0.00       0.00       0.00       0.00       0.00       0.00
  components       :       0.01       0.00       0.00       0.00       0.00       0.00       0.00       0.00       0.00       0.00
Propagators        : #Propagate   #ResProp    Cutoffs    DomReds
  dualfix          :          8          0          0          0
  genvbounds       :          0          0          0          0
  nlobbt           :          0          0          0          0
  obbt             :          0          0          0          0
  probing          :          0          0          0          0
  pseudoobj        :      42858          0          0        119
  redcost          :      19334          0          0     148685
  rootredcost      :         11          0          0        375
  symmetry         :          0          0          0          0
  vbounds          :      78760          0          0          0
Propagator Timings :  TotalTime  SetupTime   Presolve  Propagate    ResProp    SB-Prop
  dualfix          :       0.00       0.00       0.00       0.00       0.00       0.00
  genvbounds       :       0.02       0.00       0.00       0.01       0.00       0.01
  nlobbt           :       0.00       0.00       0.00       0.00       0.00       0.00
  obbt             :       0.00       0.00       0.00       0.00       0.00       0.00
  probing          :       5.70       0.00       5.70       0.00       0.00       0.00
  pseudoobj        :       0.19       0.00       0.00       0.19       0.00       0.01
  redcost          :       0.96       0.00       0.00       0.95       0.00       0.01
  rootredcost      :       0.03       0.00       0.00       0.02       0.00       0.01
  symmetry         :       0.03       0.00       0.00       0.02       0.00       0.02
  vbounds          :       0.41       0.00       0.00       0.28       0.00       0.13
Symmetry           :
  orbitopal red.   :          0 reductions applied,          0 cutoffs
  orbital reduction:          0 reductions applied,          0 cutoffs
  lexicographic red:          0 reductions applied,          0 cutoffs
  shadow tree time :       0.00 s
Conflict Analysis  :       Time      Calls    Success    DomReds  Conflicts   Literals    Reconvs ReconvLits   Dualrays   Nonzeros   LP Iters   (pool size: [10000,10000])
  propagation      :       0.02        106        106          -        277      404.0          0        0.0          -          -          -
  infeasible LP    :       0.00          1          1          -          2       18.0          0        0.0          1       22.0          0
  bound exceed. LP :       7.99       1483        255          -         93      460.4          0        0.0        140       24.1      12610
  strong branching :       0.00          0          0          -          0        0.0          0        0.0          -          -          0
  pseudo solution  :       0.00          0          0          -          0        0.0          0        0.0          -          -          -
  applied globally :       0.01          -          -        108         86      309.1          -          -        141          -          -
  applied locally  :          -          -          -          0         67      594.2          -          -          0          -          -
Separators         :   ExecTime  SetupTime      Calls  RootCalls    Cutoffs    DomReds  FoundCuts ViaPoolAdd  DirectAdd    Applied ViaPoolApp  DirectApp      Conss
  cut pool         :       1.25          -       2195        213          -          -      73938     785374          -          -          -          -          -    (maximal pool size:      35872)
  aggregation      :       3.04       0.00        280        107          0          0      65175     595718          0      48064      48064          0          0
  > cmir           :          -          -          -          -          -          -          -     595718          0      48064      48064          0          -
  > flowcover      :          -          -          -          -          -          -          -          0          0          0          0          0          -
  > knapsackcover  :          -          -          -          -          -          -          -          0          0          0          0          0          -
  cgmip            :       0.00       0.00          0          0          0          0          0          0          0          0          0          0          0
  clique           :       0.01       0.00        107        107          0          0          0          0          0          0          0          0          0
  closecuts        :       0.00       0.00          0          0          0          0          0          0          0          0          0          0          0
  convexproj       :       0.00       0.00          0          0          0          0          0          0          0          0          0          0          0
  disjunctive      :       0.00       0.00          0          0          0          0          0          0          0          0          0          0          0
  eccuts           :       0.00       0.00          0          0          0          0          0          0          0          0          0          0          0
  gauge            :       0.00       0.00          0          0          0          0          0          0          0          0          0          0          0
  gomory           :      15.39       0.00        172         20          0          0       8665     188992          0      18823      18823          0          0
  > gomorymi       :          -          -          -          -          -          -          -     188992          0      18823      18823          0          -
  > strongcg       :          -          -          -          -          -          -          -          0          0          0          0          0          -
  impliedbounds    :       0.13       0.00        280        107          0          0         98        664          0        381        381          0          0
  interminor       :       0.00       0.00          0          0          0          0          0          0          0          0          0          0          0
  intobj           :       0.00       0.00          0          0          0          0          0          0          0          0          0          0          0
  lagromory        :       0.00       0.00          0          0          0          0          0          0          0          0          0          0          0
  mcf              :       0.01       0.00          2          2          0          0          0          0          0          0          0          0          0
  minor            :       0.00       0.00         20         20          0          0          0          0          0          0          0          0          0
  mixing           :       0.00       0.00          0          0          0          0          0          0          0          0          0          0          0
  oddcycle         :       0.00       0.00          0          0          0          0          0          0          0          0          0          0          0
  rapidlearning    :       0.00       0.00          0          0          0          0          0          0          0          0          0          0          0
  rlt              :       0.00       0.00         20         20          0          0          0          0          0          0          0          0          0
  zerohalf         :       0.26       0.00        192         40          0          0          0          0          0          0          0          0          0
Cutselectors       :   ExecTime  SetupTime      Calls  RootCalls   Selected     Forced   Filtered  RootSelec   RootForc   RootFilt 
  hybrid           :       1.51       0.00       1919        108      91825          0     726642       9134          0     114707
  ensemble         :       0.00       0.00          0          0          0          0          0          0          0          0
  dynamic          :       0.00       0.00          0          0          0          0          0          0          0          0
Pricers            :   ExecTime  SetupTime      Calls       Vars
  problem variables:       0.00          -          0          0
Branching Rules    :   ExecTime  SetupTime   BranchLP  BranchExt   BranchPS    Cutoffs    DomReds       Cuts      Conss   Children
  allfullstrong    :       0.00       0.00          0          0          0          0          0          0          0          0
  cloud            :       0.00       0.00          0          0          0          0          0          0          0          0
  distribution     :       0.00       0.00          0          0          0          0          0          0          0          0
  fullstrong       :       0.00       0.00          0          0          0          0          0          0          0          0
  gomory           :       0.00       0.00          0          0          0          0          0          0          0          0
  inference        :       0.00       0.00          0          0          0          0          0          0          0          0
  leastinf         :       0.00       0.00          0          0          0          0          0          0          0          0
  lookahead        :       0.00       0.00          0          0          0          0          0          0          0          0
  mostinf          :       0.00       0.00          0          0          0          0          0          0          0          0
  multaggr         :       0.00       0.00          0          0          0          0          0          0          0          0
  nodereopt        :       0.00       0.00          0          0          0          0          0          0          0          0
  pscost           :       0.00       0.00          0          0          0          0          0          0          0          0
  random           :       0.00       0.00          0          0          0          0          0          0          0          0
  relpscost        :    5453.05       0.00       8200          0          0          0      79803          0         55      10418
  vanillafullstrong:       0.00       0.00          0          0          0          0          0          0          0          0
Primal Heuristics  :   ExecTime  SetupTime      Calls      Found       Best
  LP solutions     :       0.00          -          -          0          0
  relax solutions  :       0.00          -          -          0          0
  pseudo solutions :       0.00          -          -          0          0
  strong branching :       0.03          -          -          0          0
  actconsdiving    :       0.00       0.00          0          0          0
  adaptivediving   :     349.31       0.00         50          3          3
  alns             :       0.98       0.00          5          0          0
  bound            :       0.00       0.00          0          0          0
  clique           :       0.18       0.00          1          0          0
  coefdiving       :       0.00       0.00          0          0          0
  completesol      :       0.00       0.00          0          0          0
  conflictdiving   :     141.84       0.00         26          1          1
  crossover        :       5.60       0.00          8          5          2
  dins             :       0.00       0.00          0          0          0
  distributiondivin:      82.86       0.00         25          0          0
  dps              :       0.00       0.00          0          0          0
  dualval          :       0.00       0.00          0          0          0
  farkasdiving     :       0.00       0.00          0          0          0
  feaspump         :       9.91       0.00          1          1          1
  fixandinfer      :       0.00       0.00          0          0          0
  fracdiving       :     206.12       0.00         26          0          0
  gins             :       0.02       0.00          0          0          0
  guideddiving     :     243.49       0.00         25          2          2
  indicator        :       0.00       0.00          0          0          0
  indicatordiving  :       0.00       0.00          0          0          0
  intdiving        :       0.00       0.00          0          0          0
  intshifting      :      24.86       0.00         12          0          0
  linesearchdiving :     286.86       0.00         26          0          0
  localbranching   :       0.00       0.00          0          0          0
  locks            :       3.43       0.00          1          0          0
  lpface           :       0.00       0.00          0          0          0
  mpec             :       0.00       0.00          0          0          0
  multistart       :       0.00       0.00          0          0          0
  mutation         :       0.00       0.00          0          0          0
  nlpdiving        :       0.00       0.00          0          0          0
  objpscostdiving  :    1119.98       0.00         13         13          0
  octane           :       0.00       0.00          0          0          0
  ofins            :       0.00       0.00          0          0          0
  oneopt           :       0.03       0.00         11          0          0
  padm             :       0.00       0.00          0          0          0
  proximity        :       0.00       0.00          0          0          0
  pscostdiving     :      60.88       0.00         26          0          0
  randrounding     :      15.84       0.00       1299          0          0
  rens             :       0.00       0.00          0          0          0
  reoptsols        :       0.00       0.00          0          0          0
  repair           :       0.00       0.00          0          0          0
  rins             :      10.27       0.00          8          8          2
  rootsoldiving    :      54.50       0.00         13         12          0
  rounding         :       0.84       0.00       1368          0          0
  scheduler        :       0.00       0.00          0          0          0
  shiftandpropagate:       0.00       0.00          0          0          0
  shifting         :      33.57       0.00        703          0          0
  simplerounding   :       0.00       0.00          0          0          0
  subnlp           :       0.01       0.00          0          0          0
  trivial          :       0.01       0.00          4          0          0
  trivialnegation  :       0.00       0.00          0          0          0
  trustregion      :       0.00       0.00          0          0          0
  trysol           :       0.00       0.00          0          0          0
  twoopt           :       0.00       0.00          0          0          0
  undercover       :       0.00       0.00          0          0          0
  vbounds          :       1.45       0.00          2          2          2
  veclendiving     :      41.52       0.00         26          0          0
  zeroobj          :       0.00       0.00          0          0          0
  zirounding       :       1.29       0.00       1000          0          0
  other solutions  :          -          -          -          0          -
LNS (Scheduler)    :      Calls  SetupTime  SolveTime SolveNodes       Sols       Best       Exp3    Exp3-IX  EpsGreedy        UCB TgtFixRate  Opt  Inf Node Stal  Sol  Usr Othr Actv
  rens             :          0       0.00       0.00          0          0          0    0.00000    0.12500   -1.00000    1.00000      0.900    0    0    0    0    0    0    0    1
  rins             :          0       0.00       0.00          0          0          0    0.00000    0.12500   -1.00000    1.00000      0.900    0    0    0    0    0    0    0    1
  mutation         :          0       0.00       0.00          0          0          0    0.00000    0.12500   -1.00000    1.00000      0.900    0    0    0    0    0    0    0    1
  localbranching   :          0       0.00       0.00          0          0          0    0.00000    0.12500   -1.00000    1.00000      0.900    0    0    0    0    0    0    0    1
  crossover        :          0       0.00       0.00          0          0          0    0.00000    0.12500   -1.00000    1.00000      0.900    0    0    0    0    0    0    0    1
  proximity        :          0       0.00       0.00          0          0          0    0.00000    0.12500   -1.00000    1.00000      0.900    0    0    0    0    0    0    0    1
  zeroobjective    :          0       0.00       0.00          0          0          0    0.00000    0.12500   -1.00000    1.00000      0.900    0    0    0    0    0    0    0    1
  dins             :          0       0.00       0.00          0          0          0    0.00000    0.12500   -1.00000    1.00000      0.900    0    0    0    0    0    0    0    1
  trustregion      :          0       0.00       0.00          0          0          0    0.00000    0.00000   -1.00000    1.00000      0.900    0    0    0    0    0    0    0    0
LP                 :       Time      Calls Iterations  Iter/call   Iter/sec  Time-0-It Calls-0-It    ItLimit
  primal LP        :       2.75       1032          0       0.00       0.00       2.75       1032
  dual LP          :    6095.77      12404   10974947     974.25    1800.42       2.91       1139
  lex dual LP      :       0.00          0          0       0.00          -
  barrier LP       :       0.00          0          0       0.00          -       0.00          0
  resolve instable :       0.00          0          0       0.00          -
  diving/probing LP:    2587.65      10784    2964394     274.89    1145.59
  strong branching :    5159.95      13472    5564184     413.02    1078.34          -          -       7630
    (at root node) :          -         24      20626     859.42          -
  conflict analysis:       6.67       1261      12610      10.00    1891.67
B&B Tree           :
  number of runs   :          2
  nodes            :       3544 (1993 internal, 1551 leaves)
  feasible leaves  :          0
  infeas. leaves   :       1120
  objective leaves :        431
  nodes (total)    :       9263 (5209 internal, 4054 leaves)
  nodes left       :        443
  max depth        :         61
  max depth (total):         66
  backtracks       :        697 (19.7%)
  early backtracks :          0 (0.0%)
  nodes exc. ref.  :          0 (0.0%)
  delayed cutoffs  :          0
  repropagations   :        120 (762 domain reductions, 0 cutoffs)
  avg switch length:       3.95
  switching time   :       6.77
Root Node          :
  First LP value   : +3.36951117103941e+05
  First LP Iters   :       9336 (2275.60 Iter/sec)
  First LP Time    :       4.10
  Final Dual Bound : +3.41565060124917e+05
  Final Root Iters :     181654
  Root LP Estimate : +3.84367290220896e+05
Solution           :
  Solutions found  :         47 (13 improvements)
  First Solution   : +3.50794349000000e+05   (in run 1, after 1 nodes, 10.17 seconds, depth 140, found by <vbounds>)
  Gap First Sol.   :   infinite
  Gap Last Sol.    :       1.97 %
  Primal Bound     : +3.48058085000000e+05   (in run 1, after 2143 nodes, 3988.51 seconds, depth 28, found by <crossover>)
  Dual Bound       : +3.41565060124917e+05
  Gap              :       1.90 %
Integrals          :      Total       Avg%
  primal-dual      :   29394.84       2.04
  primal-ref       :          -          - (not evaluated)
  dual-ref         :          -          - (not evaluated)

 Branching Statistics...

 Total number of propagations -> 146094

 Number of cutoffs of KnaCons -> 578

 Total number of variables fixed to 1 by the propagator -> 481956

 Total number of variables fixed to 0 by the propagator -> 917726

 Maximum number of rounds of the approximation algorithm -> 9

 Runtime of the exact algorithm -> 0.0000 s

 Total number of variables fixed to 1 in the exact algorithm -> 0

 Total number of variables fixed to 0 in the exact algorithm -> 0

 Number of cutoffs in the exact algorithm -> 0

 Number of cutoffs in the approximation algorithm -> 1772

 PS:  
