Set parameter TimeLimit to value 14400
Set parameter Threads to value 1
Set parameter MIPGap to value 0
Set parameter OutputFlag to value 1
Set parameter PreCrush to value 1
Gurobi Optimizer version 12.0.3 build v12.0.3rc0 (linux64 - "CentOS Linux 7 (Core)")

CPU model: Intel(R) Xeon(R) Gold 6230R CPU @ 2.10GHz, instruction set [SSE2|AVX|AVX2|AVX512]
Thread count: 52 physical cores, 52 logical processors, using up to 1 threads

Non-default parameters:
TimeLimit  14400
MIPGap  0
PreCrush  1
Threads  1

Optimize a model with 9121 rows, 3150 columns and 21710 nonzeros
Model fingerprint: 0x3879e782
Variable types: 150 continuous, 3000 integer (3000 binary)
Coefficient statistics:
  Matrix range     [3e-04, 4e+01]
  Objective range  [1e+02, 3e+02]
  Bounds range     [5e+02, 7e+02]
  RHS range        [1e-01, 7e+02]
Found heuristic solution: objective 217807.58700
Presolve removed 133 rows and 165 columns
Presolve time: 0.04s
Presolved: 8988 rows, 2985 columns, 21415 nonzeros
Variable types: 114 continuous, 2871 integer (2871 binary)

Root relaxation: objective 1.973695e+05, 6631 iterations, 0.58 seconds (0.77 work units)

    Nodes    |    Current Node    |     Objective Bounds      |     Work
 Expl Unexpl |  Obj  Depth IntInf | Incumbent    BestBd   Gap | It/Node Time

     0     0 197369.538    0 1181 217807.587 197369.538  9.38%     -    0s
H    0     0                    201553.11200 197369.538  2.08%     -    0s
     0     0 197777.030    0 1117 201553.112 197777.030  1.87%     -    1s
     0     0 197838.657    0 1103 201553.112 197838.657  1.84%     -    1s
     0     0 197876.183    0 1115 201553.112 197876.183  1.82%     -    1s
     0     0 197914.745    0 1138 201553.112 197914.745  1.81%     -    1s
     0     0 197958.016    0 1133 201553.112 197958.016  1.78%     -    1s
     0     0 197996.572    0 1152 201553.112 197996.572  1.76%     -    1s
     0     0 198032.559    0 1152 201553.112 198032.559  1.75%     -    1s
     0     0 198065.113    0 1160 201553.112 198065.113  1.73%     -    1s
     0     0 198101.338    0 1149 201553.112 198101.338  1.71%     -    2s
     0     0 198133.913    0 1152 201553.112 198133.913  1.70%     -    2s
     0     0 198172.930    0 1166 201553.112 198172.930  1.68%     -    2s
     0     0 198205.455    0 1171 201553.112 198205.455  1.66%     -    2s
     0     0 198234.394    0 1171 201553.112 198234.394  1.65%     -    2s
     0     0 198266.347    0 1177 201553.112 198266.347  1.63%     -    2s
     0     0 198299.092    0 1180 201553.112 198299.092  1.61%     -    2s
     0     0 198326.951    0 1139 201553.112 198326.951  1.60%     -    2s
     0     0 198356.545    0 1136 201553.112 198356.545  1.59%     -    2s
     0     0 198386.749    0 1110 201553.112 198386.749  1.57%     -    2s
     0     0 198416.296    0 1125 201553.112 198416.296  1.56%     -    3s
     0     0 198445.434    0 1117 201553.112 198445.434  1.54%     -    3s
     0     0 198465.852    0 1161 201553.112 198465.852  1.53%     -    3s
     0     0 198502.055    0 1138 201553.112 198502.055  1.51%     -    3s
     0     0 198528.261    0 1114 201553.112 198528.261  1.50%     -    3s
     0     0 198558.664    0 1114 201553.112 198558.664  1.49%     -    3s
     0     0 198588.802    0 1134 201553.112 198588.802  1.47%     -    3s
     0     0 198608.612    0 1126 201553.112 198608.612  1.46%     -    3s
     0     0 198632.086    0 1129 201553.112 198632.086  1.45%     -    3s
     0     0 198648.119    0 1135 201553.112 198648.119  1.44%     -    3s
     0     0 198671.059    0 1117 201553.112 198671.059  1.43%     -    3s
     0     0 198689.412    0 1120 201553.112 198689.412  1.42%     -    4s
     0     0 198708.120    0 1119 201553.112 198708.120  1.41%     -    4s
     0     0 198729.965    0 1124 201553.112 198729.965  1.40%     -    4s
     0     0 198751.190    0 1107 201553.112 198751.190  1.39%     -    4s
     0     0 198758.874    0 1123 201553.112 198758.874  1.39%     -    4s
     0     0 198776.786    0 1125 201553.112 198776.786  1.38%     -    4s
     0     0 198793.091    0 1200 201553.112 198793.091  1.37%     -    4s
     0     0 198807.330    0 1114 201553.112 198807.330  1.36%     -    4s
     0     0 198823.178    0 1191 201553.112 198823.178  1.35%     -    4s
     0     0 198837.226    0 1209 201553.112 198837.226  1.35%     -    4s
     0     0 198852.675    0 1197 201553.112 198852.675  1.34%     -    4s
     0     0 198864.419    0 1176 201553.112 198864.419  1.33%     -    4s
     0     0 198878.355    0 1195 201553.112 198878.355  1.33%     -    4s
     0     0 198892.704    0 1192 201553.112 198892.704  1.32%     -    5s
     0     0 198901.325    0 1204 201553.112 198901.325  1.32%     -    5s
     0     0 198914.977    0 1240 201553.112 198914.977  1.31%     -    5s
     0     0 198919.718    0 1209 201553.112 198919.718  1.31%     -    5s
     0     0 198933.955    0 1240 201553.112 198933.955  1.30%     -    5s
     0     0 198943.293    0 1245 201553.112 198943.293  1.29%     -    5s
     0     0 198957.963    0 1211 201553.112 198957.963  1.29%     -    5s
     0     0 198967.542    0 1221 201553.112 198967.542  1.28%     -    5s
     0     0 198982.564    0 1244 201553.112 198982.564  1.28%     -    5s
     0     0 198990.028    0 1253 201553.112 198990.028  1.27%     -    5s
     0     0 199001.044    0 1252 201553.112 199001.044  1.27%     -    5s
     0     0 199007.071    0 1262 201553.112 199007.071  1.26%     -    6s
     0     0 199016.652    0 1246 201553.112 199016.652  1.26%     -    6s
     0     0 199023.321    0 1234 201553.112 199023.321  1.26%     -    6s
     0     0 199036.764    0 1232 201553.112 199036.764  1.25%     -    6s
     0     0 199048.134    0 1281 201553.112 199048.134  1.24%     -    6s
     0     0 199061.100    0 1240 201553.112 199061.100  1.24%     -    7s
     0     0 199069.001    0 1270 201553.112 199069.001  1.23%     -    7s
     0     0 199087.782    0 1248 201553.112 199087.782  1.22%     -    7s
     0     0 199094.228    0 1252 201553.112 199094.228  1.22%     -    7s
     0     0 199102.795    0 1256 201553.112 199102.795  1.22%     -    7s
     0     0 199113.897    0 1264 201553.112 199113.897  1.21%     -    7s
     0     0 199121.993    0 1272 201553.112 199121.993  1.21%     -    7s
     0     0 199130.939    0 1279 201553.112 199130.939  1.20%     -    7s
     0     0 199139.085    0 1261 201553.112 199139.085  1.20%     -    7s
     0     0 199151.547    0 1264 201553.112 199151.547  1.19%     -    7s
     0     0 199157.807    0 1246 201553.112 199157.807  1.19%     -    8s
     0     0 199167.378    0 1263 201553.112 199167.378  1.18%     -    8s
     0     0 199175.766    0 1270 201553.112 199175.766  1.18%     -    8s
     0     0 199182.018    0 1273 201553.112 199182.018  1.18%     -    8s
     0     0 199188.209    0 1267 201553.112 199188.209  1.17%     -    8s
     0     0 199194.134    0 1279 201553.112 199194.134  1.17%     -    8s
     0     0 199199.197    0 1274 201553.112 199199.197  1.17%     -    8s
     0     0 199203.959    0 1274 201553.112 199203.959  1.17%     -    9s
     0     0 199212.487    0 1284 201553.112 199212.487  1.16%     -    9s
     0     0 199216.921    0 1290 201553.112 199216.921  1.16%     -    9s
     0     0 199221.422    0 1324 201553.112 199221.422  1.16%     -    9s
     0     0 199227.550    0 1309 201553.112 199227.550  1.15%     -    9s
     0     0 199236.494    0 1315 201553.112 199236.494  1.15%     -    9s
     0     0 199247.684    0 1318 201553.112 199247.684  1.14%     -   10s
     0     0 199255.733    0 1312 201553.112 199255.733  1.14%     -   10s
     0     0 199259.324    0 1285 201553.112 199259.324  1.14%     -   10s
     0     0 199266.896    0 1322 201553.112 199266.896  1.13%     -   10s
     0     0 199272.366    0 1331 201553.112 199272.366  1.13%     -   10s
     0     0 199277.756    0 1320 201553.112 199277.756  1.13%     -   10s
     0     0 199290.395    0 1337 201553.112 199290.395  1.12%     -   10s
     0     0 199296.262    0 1318 201553.112 199296.262  1.12%     -   11s
     0     0 199302.949    0 1332 201553.112 199302.949  1.12%     -   11s
     0     0 199307.400    0 1342 201553.112 199307.400  1.11%     -   11s
     0     0 199312.279    0 1335 201553.112 199312.279  1.11%     -   11s
     0     0 199315.751    0 1327 201553.112 199315.751  1.11%     -   11s
     0     0 199319.320    0 1332 201553.112 199319.320  1.11%     -   11s
     0     0 199323.059    0 1344 201553.112 199323.059  1.11%     -   11s
     0     0 199331.286    0 1315 201553.112 199331.286  1.10%     -   12s
     0     0 199337.541    0 1330 201553.112 199337.541  1.10%     -   12s
     0     0 199342.612    0 1332 201553.112 199342.612  1.10%     -   12s
     0     0 199346.911    0 1347 201553.112 199346.911  1.09%     -   12s
     0     0 199353.816    0 1346 201553.112 199353.816  1.09%     -   12s
     0     0 199359.469    0 1330 201553.112 199359.469  1.09%     -   13s
     0     0 199364.826    0 1316 201553.112 199364.826  1.09%     -   13s
     0     0 199370.862    0 1339 201553.112 199370.862  1.08%     -   13s
     0     0 199374.247    0 1295 201553.112 199374.247  1.08%     -   14s
     0     0 199377.937    0 1343 201553.112 199377.937  1.08%     -   14s
     0     0 199382.944    0 1325 201553.112 199382.944  1.08%     -   14s
     0     0 199388.438    0 1324 201553.112 199388.438  1.07%     -   14s
     0     0 199394.699    0 1323 201553.112 199394.699  1.07%     -   14s
     0     0 199398.664    0 1364 201553.112 199398.664  1.07%     -   14s
     0     0 199405.751    0 1324 201553.112 199405.751  1.07%     -   15s
     0     0 199408.803    0 1349 201553.112 199408.803  1.06%     -   15s
     0     0 199412.675    0 1359 201553.112 199412.675  1.06%     -   15s
     0     0 199418.246    0 1341 201553.112 199418.246  1.06%     -   15s
     0     0 199427.075    0 1336 201553.112 199427.075  1.05%     -   15s
     0     0 199430.224    0 1357 201553.112 199430.224  1.05%     -   16s
     0     0 199435.049    0 1328 201553.112 199435.049  1.05%     -   16s
     0     0 199440.141    0 1342 201553.112 199440.141  1.05%     -   16s
     0     0 199443.448    0 1346 201553.112 199443.448  1.05%     -   16s
     0     0 199446.303    0 1355 201553.112 199446.303  1.05%     -   16s
     0     0 199450.545    0 1352 201553.112 199450.545  1.04%     -   17s
     0     0 199455.146    0 1357 201553.112 199455.146  1.04%     -   17s
     0     0 199458.788    0 1357 201553.112 199458.788  1.04%     -   17s
     0     0 199463.174    0 1355 201553.112 199463.174  1.04%     -   17s
     0     0 199464.993    0 1352 201553.112 199464.993  1.04%     -   18s
     0     0 199470.351    0 1338 201553.112 199470.351  1.03%     -   18s
     0     0 199473.153    0 1346 201553.112 199473.153  1.03%     -   18s
     0     0 199476.671    0 1350 201553.112 199476.671  1.03%     -   18s
     0     0 199480.994    0 1360 201553.112 199480.994  1.03%     -   18s
     0     0 199485.510    0 1352 201553.112 199485.510  1.03%     -   19s
     0     0 199489.368    0 1355 201553.112 199489.368  1.02%     -   19s
     0     0 199496.827    0 1365 201553.112 199496.827  1.02%     -   19s
     0     0 199501.966    0 1365 201553.112 199501.966  1.02%     -   20s
     0     0 199506.666    0 1328 201553.112 199506.666  1.02%     -   20s
     0     0 199509.478    0 1362 201553.112 199509.478  1.01%     -   20s
     0     0 199512.269    0 1322 201553.112 199512.269  1.01%     -   21s
     0     0 199514.986    0 1330 201553.112 199514.986  1.01%     -   21s
     0     0 199520.166    0 1336 201553.112 199520.166  1.01%     -   21s
     0     0 199530.199    0 1311 201553.112 199530.199  1.00%     -   21s
     0     0 199535.168    0 1356 201553.112 199535.168  1.00%     -   22s
     0     0 199539.078    0 1360 201553.112 199539.078  1.00%     -   22s
     0     0 199540.662    0 1365 201553.112 199540.662  1.00%     -   22s
     0     0 199544.845    0 1360 201553.112 199544.845  1.00%     -   22s
     0     0 199546.830    0 1365 201553.112 199546.830  1.00%     -   22s
     0     0 199550.909    0 1360 201553.112 199550.909  0.99%     -   23s
     0     0 199553.232    0 1369 201553.112 199553.232  0.99%     -   23s
     0     0 199556.885    0 1358 201553.112 199556.885  0.99%     -   23s
     0     0 199558.313    0 1375 201553.112 199558.313  0.99%     -   23s
     0     0 199561.690    0 1368 201553.112 199561.690  0.99%     -   23s
     0     0 199564.329    0 1374 201553.112 199564.329  0.99%     -   24s
     0     0 199568.797    0 1370 201553.112 199568.797  0.98%     -   24s
     0     0 199574.330    0 1381 201553.112 199574.330  0.98%     -   24s
     0     0 199577.518    0 1382 201553.112 199577.518  0.98%     -   25s
     0     0 199581.254    0 1379 201553.112 199581.254  0.98%     -   25s
     0     0 199583.955    0 1385 201553.112 199583.955  0.98%     -   25s
     0     0 199585.935    0 1374 201553.112 199585.935  0.98%     -   26s
     0     0 199587.885    0 1387 201553.112 199587.885  0.98%     -   26s
     0     0 199593.524    0 1370 201553.112 199593.524  0.97%     -   26s
     0     0 199595.325    0 1362 201553.112 199595.325  0.97%     -   27s
     0     0 199597.374    0 1388 201553.112 199597.374  0.97%     -   27s
     0     0 199600.502    0 1392 201553.112 199600.502  0.97%     -   27s
     0     0 199603.237    0 1391 201553.112 199603.237  0.97%     -   27s
     0     0 199607.524    0 1381 201553.112 199607.524  0.97%     -   28s
     0     0 199608.981    0 1386 201553.112 199608.981  0.96%     -   28s
     0     0 199612.230    0 1395 201553.112 199612.230  0.96%     -   28s
     0     0 199615.794    0 1399 201553.112 199615.794  0.96%     -   29s
     0     0 199617.812    0 1405 201553.112 199617.812  0.96%     -   29s
     0     0 199624.966    0 1399 201553.112 199624.966  0.96%     -   29s
     0     0 199627.736    0 1393 201553.112 199627.736  0.96%     -   29s
     0     0 199630.505    0 1404 201553.112 199630.505  0.95%     -   30s
     0     0 199632.055    0 1415 201553.112 199632.055  0.95%     -   30s
     0     0 199634.307    0 1399 201553.112 199634.307  0.95%     -   30s
     0     0 199636.471    0 1392 201553.112 199636.471  0.95%     -   30s
     0     0 199638.731    0 1390 201553.112 199638.731  0.95%     -   31s
     0     0 199643.271    0 1384 201553.112 199643.271  0.95%     -   31s
     0     0 199645.634    0 1386 201553.112 199645.634  0.95%     -   31s
     0     0 199651.056    0 1337 201553.112 199651.056  0.94%     -   32s
     0     0 199653.279    0 1345 201553.112 199653.279  0.94%     -   32s
     0     0 199654.823    0 1382 201553.112 199654.823  0.94%     -   32s
     0     0 199657.256    0 1387 201553.112 199657.256  0.94%     -   33s
     0     0 199660.277    0 1406 201553.112 199660.277  0.94%     -   33s
     0     0 199665.406    0 1400 201553.112 199665.406  0.94%     -   33s
     0     0 199667.687    0 1408 201553.112 199667.687  0.94%     -   34s
     0     0 199669.768    0 1386 201553.112 199669.768  0.93%     -   34s
     0     0 199671.833    0 1391 201553.112 199671.833  0.93%     -   34s
     0     0 199674.082    0 1400 201553.112 199674.082  0.93%     -   34s
     0     0 199676.043    0 1394 201553.112 199676.043  0.93%     -   35s
     0     0 199677.873    0 1386 201553.112 199677.873  0.93%     -   35s
     0     0 199679.060    0 1400 201553.112 199679.060  0.93%     -   35s
     0     0 199681.545    0 1405 201553.112 199681.545  0.93%     -   36s
     0     0 199683.478    0 1415 201553.112 199683.478  0.93%     -   36s
     0     0 199688.699    0 1413 201553.112 199688.699  0.93%     -   36s
     0     0 199691.895    0 1413 201553.112 199691.895  0.92%     -   37s
     0     0 199693.588    0 1428 201553.112 199693.588  0.92%     -   37s
     0     0 199694.674    0 1427 201553.112 199694.674  0.92%     -   37s
     0     0 199698.475    0 1424 201553.112 199698.475  0.92%     -   37s
     0     0 199700.513    0 1428 201553.112 199700.513  0.92%     -   38s
     0     0 199705.229    0 1417 201553.112 199705.229  0.92%     -   38s
     0     0 199708.540    0 1438 201553.112 199708.540  0.92%     -   38s
     0     0 199710.913    0 1438 201553.112 199710.913  0.91%     -   39s
     0     0 199713.629    0 1436 201553.112 199713.629  0.91%     -   39s
     0     0 199716.655    0 1441 201553.112 199716.655  0.91%     -   39s
     0     0 199719.757    0 1440 201553.112 199719.757  0.91%     -   39s
     0     0 199722.654    0 1438 201553.112 199722.654  0.91%     -   40s
     0     0 199725.550    0 1407 201553.112 199725.550  0.91%     -   40s
     0     0 199727.681    0 1401 201553.112 199727.681  0.91%     -   40s
     0     0 199729.814    0 1409 201553.112 199729.814  0.90%     -   41s
     0     0 199733.759    0 1438 201553.112 199733.759  0.90%     -   41s
     0     0 199736.081    0 1446 201553.112 199736.081  0.90%     -   41s
     0     0 199738.029    0 1451 201553.112 199738.029  0.90%     -   42s
     0     0 199739.668    0 1446 201553.112 199739.668  0.90%     -   42s
     0     0 199741.150    0 1458 201553.112 199741.150  0.90%     -   42s
     0     0 199743.210    0 1422 201553.112 199743.210  0.90%     -   43s
     0     0 199745.292    0 1419 201553.112 199745.292  0.90%     -   43s
     0     0 199748.823    0 1417 201553.112 199748.823  0.90%     -   44s
     0     0 199753.024    0 1408 201553.112 199753.024  0.89%     -   44s
     0     0 199755.557    0 1411 201553.112 199755.557  0.89%     -   44s
     0     0 199756.956    0 1406 201553.112 199756.956  0.89%     -   45s
     0     0 199758.704    0 1446 201553.112 199758.704  0.89%     -   45s
     0     0 199761.361    0 1416 201553.112 199761.361  0.89%     -   46s
     0     0 199763.095    0 1456 201553.112 199763.095  0.89%     -   46s
     0     0 199764.355    0 1416 201553.112 199764.355  0.89%     -   47s
     0     0 199767.681    0 1416 201553.112 199767.681  0.89%     -   47s
     0     0 199769.341    0 1423 201553.112 199769.341  0.89%     -   48s
     0     0 199771.277    0 1428 201553.112 199771.277  0.88%     -   48s
     0     0 199773.503    0 1418 201553.112 199773.503  0.88%     -   48s
     0     0 199775.015    0 1426 201553.112 199775.015  0.88%     -   49s
     0     0 199776.606    0 1423 201553.112 199776.606  0.88%     -   49s
     0     0 199777.897    0 1419 201553.112 199777.897  0.88%     -   50s
     0     0 199780.075    0 1434 201553.112 199780.075  0.88%     -   50s
     0     0 199781.720    0 1426 201553.112 199781.720  0.88%     -   50s
     0     0 199783.662    0 1443 201553.112 199783.662  0.88%     -   50s
     0     0 199787.141    0 1435 201553.112 199787.141  0.88%     -   51s
     0     0 199788.922    0 1448 201553.112 199788.922  0.88%     -   51s
     0     0 199790.031    0 1441 201553.112 199790.031  0.87%     -   51s
     0     0 199793.378    0 1455 201553.112 199793.378  0.87%     -   52s
     0     0 199795.211    0 1454 201553.112 199795.211  0.87%     -   52s
     0     0 199796.430    0 1457 201553.112 199796.430  0.87%     -   52s
     0     0 199798.326    0 1448 201553.112 199798.326  0.87%     -   53s
     0     0 199801.057    0 1455 201553.112 199801.057  0.87%     -   53s
     0     0 199803.275    0 1451 201553.112 199803.275  0.87%     -   54s
     0     0 199804.878    0 1446 201553.112 199804.878  0.87%     -   54s
     0     0 199805.885    0 1448 201553.112 199805.885  0.87%     -   54s
     0     0 199806.485    0 1451 201553.112 199806.485  0.87%     -   54s
     0     0 199807.612    0 1443 201553.112 199807.612  0.87%     -   55s
     0     0 199809.350    0 1460 201553.112 199809.350  0.87%     -   55s
     0     0 199811.519    0 1452 201553.112 199811.519  0.86%     -   56s
     0     0 199814.055    0 1464 201553.112 199814.055  0.86%     -   56s
     0     0 199814.840    0 1465 201553.112 199814.840  0.86%     -   56s
     0     0 199817.702    0 1444 201553.112 199817.702  0.86%     -   57s
     0     0 199819.416    0 1461 201553.112 199819.416  0.86%     -   57s
     0     0 199821.010    0 1449 201553.112 199821.010  0.86%     -   58s
     0     0 199822.395    0 1463 201553.112 199822.395  0.86%     -   58s
     0     0 199823.695    0 1457 201553.112 199823.695  0.86%     -   59s
     0     0 199824.843    0 1473 201553.112 199824.843  0.86%     -   59s
     0     0 199826.783    0 1471 201553.112 199826.783  0.86%     -   59s
     0     0 199828.140    0 1472 201553.112 199828.140  0.86%     -   59s
     0     0 199829.712    0 1477 201553.112 199829.712  0.86%     -   60s
     0     0 199830.452    0 1477 201553.112 199830.452  0.85%     -   61s
     0     0 199832.162    0 1477 201553.112 199832.162  0.85%     -   61s
     0     0 199834.833    0 1471 201553.112 199834.833  0.85%     -   61s
     0     0 199836.779    0 1462 201553.112 199836.779  0.85%     -   62s
     0     0 199838.281    0 1471 201553.112 199838.281  0.85%     -   62s
     0     0 199840.553    0 1477 201553.112 199840.553  0.85%     -   63s
     0     0 199842.385    0 1471 201553.112 199842.385  0.85%     -   63s
     0     0 199844.295    0 1469 201553.112 199844.295  0.85%     -   63s
     0     0 199845.407    0 1474 201553.112 199845.407  0.85%     -   64s
     0     0 199846.123    0 1483 201553.112 199846.123  0.85%     -   64s
     0     0 199848.501    0 1477 201553.112 199848.501  0.85%     -   64s
     0     0 199850.830    0 1477 201553.112 199850.830  0.84%     -   65s
     0     0 199852.198    0 1482 201553.112 199852.198  0.84%     -   65s
     0     0 199854.138    0 1483 201553.112 199854.138  0.84%     -   66s
     0     0 199857.450    0 1484 201553.112 199857.450  0.84%     -   66s
     0     0 199858.573    0 1491 201553.112 199858.573  0.84%     -   66s
     0     0 199859.862    0 1484 201553.112 199859.862  0.84%     -   67s
     0     0 199861.873    0 1497 201553.112 199861.873  0.84%     -   67s
     0     0 199863.300    0 1488 201553.112 199863.300  0.84%     -   67s
     0     0 199865.146    0 1484 201553.112 199865.146  0.84%     -   68s
     0     0 199865.986    0 1497 201553.112 199865.986  0.84%     -   68s
     0     0 199867.245    0 1491 201553.112 199867.245  0.84%     -   68s
     0     0 199868.362    0 1491 201553.112 199868.362  0.84%     -   69s
     0     0 199869.280    0 1487 201553.112 199869.280  0.84%     -   69s
     0     0 199871.092    0 1477 201553.112 199871.092  0.83%     -   70s
     0     0 199872.644    0 1495 201553.112 199872.644  0.83%     -   70s
     0     0 199873.450    0 1490 201553.112 199873.450  0.83%     -   70s
     0     0 199874.821    0 1498 201553.112 199874.821  0.83%     -   71s
     0     0 199875.819    0 1501 201553.112 199875.819  0.83%     -   71s
     0     0 199876.938    0 1497 201553.112 199876.938  0.83%     -   71s
     0     0 199879.221    0 1493 201553.112 199879.221  0.83%     -   72s
     0     0 199880.176    0 1525 201553.112 199880.176  0.83%     -   73s
     0     0 199881.293    0 1500 201553.112 199881.293  0.83%     -   73s
     0     0 199882.829    0 1493 201553.112 199882.829  0.83%     -   74s
     0     0 199883.521    0 1498 201553.112 199883.521  0.83%     -   74s
     0     0 199884.437    0 1504 201553.112 199884.437  0.83%     -   75s
     0     0 199885.755    0 1489 201553.112 199885.755  0.83%     -   75s
     0     0 199886.965    0 1491 201553.112 199886.965  0.83%     -   76s
     0     0 199888.242    0 1495 201553.112 199888.242  0.83%     -   76s
     0     0 199889.823    0 1496 201553.112 199889.823  0.83%     -   76s
     0     0 199891.419    0 1500 201553.112 199891.419  0.82%     -   77s
     0     0 199893.001    0 1501 201553.112 199893.001  0.82%     -   77s
     0     0 199894.448    0 1502 201553.112 199894.448  0.82%     -   77s
     0     0 199895.989    0 1508 201553.112 199895.989  0.82%     -   78s
     0     0 199897.271    0 1509 201553.112 199897.271  0.82%     -   78s
     0     0 199898.322    0 1514 201553.112 199898.322  0.82%     -   79s
     0     0 199899.844    0 1512 201553.112 199899.844  0.82%     -   79s
     0     0 199901.221    0 1519 201553.112 199901.221  0.82%     -   79s
     0     0 199902.083    0 1511 201553.112 199902.083  0.82%     -   80s
     0     0 199903.222    0 1505 201553.112 199903.222  0.82%     -   80s
     0     0 199904.439    0 1503 201553.112 199904.439  0.82%     -   81s
     0     0 199905.523    0 1512 201553.112 199905.523  0.82%     -   81s
     0     0 199906.852    0 1512 201553.112 199906.852  0.82%     -   82s
     0     0 199908.384    0 1515 201553.112 199908.384  0.82%     -   82s
     0     0 199909.351    0 1510 201553.112 199909.351  0.82%     -   83s
     0     0 199910.733    0 1519 201553.112 199910.733  0.81%     -   83s
     0     0 199911.969    0 1513 201553.112 199911.969  0.81%     -   84s
     0     0 199912.942    0 1451 201553.112 199912.942  0.81%     -   84s
     0     0 199913.942    0 1455 201553.112 199913.942  0.81%     -   84s
     0     0 199915.550    0 1446 201553.112 199915.550  0.81%     -   85s
     0     0 199916.989    0 1527 201553.112 199916.989  0.81%     -   85s
     0     0 199918.224    0 1541 201553.112 199918.224  0.81%     -   85s
     0     0 199919.173    0 1526 201553.112 199919.173  0.81%     -   86s
     0     0 199919.849    0 1547 201553.112 199919.849  0.81%     -   86s
     0     0 199921.073    0 1557 201553.112 199921.073  0.81%     -   87s
     0     0 199921.911    0 1552 201553.112 199921.911  0.81%     -   87s
     0     0 199922.731    0 1551 201553.112 199922.731  0.81%     -   88s
     0     0 199923.987    0 1551 201553.112 199923.987  0.81%     -   89s
     0     0 199924.922    0 1538 201553.112 199924.922  0.81%     -   89s
     0     0 199926.055    0 1539 201553.112 199926.055  0.81%     -   90s
     0     0 199927.106    0 1536 201553.112 199927.106  0.81%     -   90s
     0     0 199927.664    0 1549 201553.112 199927.664  0.81%     -   91s
     0     0 199928.652    0 1541 201553.112 199928.652  0.81%     -   91s
     0     0 199930.212    0 1551 201553.112 199930.212  0.81%     -   92s
     0     0 199932.338    0 1552 201553.112 199932.338  0.80%     -   92s
     0     0 199933.866    0 1544 201553.112 199933.866  0.80%     -   93s
     0     0 199935.316    0 1546 201553.112 199935.316  0.80%     -   94s
     0     0 199936.281    0 1547 201553.112 199936.281  0.80%     -   94s
     0     0 199937.602    0 1545 201553.112 199937.602  0.80%     -   94s
     0     0 199939.248    0 1485 201553.112 199939.248  0.80%     -   95s
     0     0 199940.520    0 1492 201553.112 199940.520  0.80%     -   95s
     0     0 199941.846    0 1559 201553.112 199941.846  0.80%     -   96s
     0     0 199943.012    0 1495 201553.112 199943.012  0.80%     -   96s
     0     0 199944.259    0 1494 201553.112 199944.259  0.80%     -   97s
     0     0 199946.213    0 1551 201553.112 199946.213  0.80%     -   97s
     0     0 199948.379    0 1485 201553.112 199948.379  0.80%     -   98s
     0     0 199950.055    0 1568 201553.112 199950.055  0.80%     -   99s
     0     0 199951.285    0 1487 201553.112 199951.285  0.79%     -   99s
     0     0 199952.137    0 1497 201553.112 199952.137  0.79%     -  100s
     0     0 199952.787    0 1493 201553.112 199952.787  0.79%     -  100s
     0     0 199953.908    0 1500 201553.112 199953.908  0.79%     -  100s
     0     0 199955.377    0 1559 201553.112 199955.377  0.79%     -  101s
     0     0 199956.837    0 1493 201553.112 199956.837  0.79%     -  101s
     0     0 199957.753    0 1498 201553.112 199957.753  0.79%     -  102s
     0     0 199959.095    0 1496 201553.112 199959.095  0.79%     -  103s
     0     0 199959.940    0 1498 201553.112 199959.940  0.79%     -  103s
     0     0 199960.906    0 1556 201553.112 199960.906  0.79%     -  103s
     0     0 199961.678    0 1496 201553.112 199961.678  0.79%     -  104s
     0     0 199963.111    0 1563 201553.112 199963.111  0.79%     -  105s
     0     0 199965.153    0 1572 201553.112 199965.153  0.79%     -  105s
     0     0 199966.720    0 1494 201553.112 199966.720  0.79%     -  106s
     0     0 199967.862    0 1501 201553.112 199967.862  0.79%     -  106s
     0     0 199968.940    0 1503 201553.112 199968.940  0.79%     -  107s
     0     0 199969.834    0 1503 201553.112 199969.834  0.79%     -  107s
     0     0 199971.611    0 1502 201553.112 199971.611  0.78%     -  108s
     0     0 199972.786    0 1578 201553.112 199972.786  0.78%     -  108s
     0     0 199974.041    0 1511 201553.112 199974.041  0.78%     -  109s
     0     0 199975.091    0 1507 201553.112 199975.091  0.78%     -  110s
     0     0 199976.251    0 1506 201553.112 199976.251  0.78%     -  110s
     0     0 199976.922    0 1516 201553.112 199976.922  0.78%     -  111s
     0     0 199977.610    0 1514 201553.112 199977.610  0.78%     -  111s
     0     0 199978.524    0 1516 201553.112 199978.524  0.78%     -  111s
     0     0 199979.778    0 1517 201553.112 199979.778  0.78%     -  112s
     0     0 199981.330    0 1515 201553.112 199981.330  0.78%     -  113s
     0     0 199982.795    0 1518 201553.112 199982.795  0.78%     -  113s
     0     0 199983.369    0 1505 201553.112 199983.369  0.78%     -  114s
     0     0 199983.981    0 1512 201553.112 199983.981  0.78%     -  114s
     0     0 199985.102    0 1588 201553.112 199985.102  0.78%     -  115s
     0     0 199986.844    0 1579 201553.112 199986.844  0.78%     -  115s
     0     0 199988.286    0 1586 201553.112 199988.286  0.78%     -  116s
     0     0 199989.101    0 1583 201553.112 199989.101  0.78%     -  117s
     0     0 199990.241    0 1579 201553.112 199990.241  0.78%     -  117s
     0     0 199990.966    0 1523 201553.112 199990.966  0.78%     -  118s
     0     0 199991.735    0 1591 201553.112 199991.735  0.77%     -  118s
     0     0 199993.199    0 1586 201553.112 199993.199  0.77%     -  119s
     0     0 199994.477    0 1521 201553.112 199994.477  0.77%     -  119s
     0     0 199995.335    0 1519 201553.112 199995.335  0.77%     -  119s
     0     0 199996.488    0 1595 201553.112 199996.488  0.77%     -  120s
     0     0 199997.287    0 1591 201553.112 199997.287  0.77%     -  121s
     0     0 199997.805    0 1558 201553.112 199997.805  0.77%     -  121s
     0     0 199998.608    0 1523 201553.112 199998.608  0.77%     -  122s
     0     0 199999.525    0 1524 201553.112 199999.525  0.77%     -  122s
     0     0 200000.300    0 1506 201553.112 200000.300  0.77%     -  122s
     0     0 200001.118    0 1522 201553.112 200001.118  0.77%     -  123s
     0     0 200002.402    0 1523 201553.112 200002.402  0.77%     -  123s
     0     0 200003.854    0 1526 201553.112 200003.854  0.77%     -  124s
     0     0 200004.596    0 1594 201553.112 200004.596  0.77%     -  124s
     0     0 200005.292    0 1594 201553.112 200005.292  0.77%     -  125s
     0     0 200006.297    0 1573 201553.112 200006.297  0.77%     -  125s
     0     0 200007.479    0 1528 201553.112 200007.479  0.77%     -  126s
     0     0 200008.512    0 1532 201553.112 200008.512  0.77%     -  127s
     0     0 200009.723    0 1543 201553.112 200009.723  0.77%     -  127s
     0     0 200010.485    0 1599 201553.112 200010.485  0.77%     -  128s
     0     0 200011.610    0 1599 201553.112 200011.610  0.76%     -  128s
     0     0 200012.332    0 1596 201553.112 200012.332  0.76%     -  129s
     0     0 200013.867    0 1592 201553.112 200013.867  0.76%     -  129s
     0     0 200014.920    0 1591 201553.112 200014.920  0.76%     -  130s
     0     0 200016.108    0 1603 201553.112 200016.108  0.76%     -  130s
     0     0 200016.649    0 1609 201553.112 200016.649  0.76%     -  131s
     0     0 200017.139    0 1610 201553.112 200017.139  0.76%     -  131s
     0     0 200018.454    0 1601 201553.112 200018.454  0.76%     -  132s
     0     0 200019.710    0 1605 201553.112 200019.710  0.76%     -  132s
     0     0 200020.516    0 1594 201553.112 200020.516  0.76%     -  133s
     0     0 200021.428    0 1602 201553.112 200021.428  0.76%     -  134s
     0     0 200021.998    0 1597 201553.112 200021.998  0.76%     -  134s
     0     0 200022.503    0 1605 201553.112 200022.503  0.76%     -  135s
     0     0 200023.189    0 1608 201553.112 200023.189  0.76%     -  135s
     0     0 200024.084    0 1611 201553.112 200024.084  0.76%     -  136s
     0     0 200024.563    0 1604 201553.112 200024.563  0.76%     -  137s
     0     0 200025.289    0 1609 201553.112 200025.289  0.76%     -  137s
     0     0 200026.126    0 1613 201553.112 200026.126  0.76%     -  137s
     0     0 200027.026    0 1611 201553.112 200027.026  0.76%     -  138s
     0     0 200027.780    0 1618 201553.112 200027.780  0.76%     -  139s
     0     0 200028.538    0 1608 201553.112 200028.538  0.76%     -  139s
     0     0 200029.252    0 1613 201553.112 200029.252  0.76%     -  140s
     0     0 200029.638    0 1613 201553.112 200029.638  0.76%     -  140s
     0     0 200030.142    0 1613 201553.112 200030.142  0.76%     -  141s
     0     0 200031.282    0 1618 201553.112 200031.282  0.76%     -  141s
     0     0 200032.571    0 1618 201553.112 200032.571  0.75%     -  142s
     0     0 200033.311    0 1616 201553.112 200033.311  0.75%     -  142s
     0     0 200034.295    0 1616 201553.112 200034.295  0.75%     -  143s
     0     0 200034.839    0 1627 201553.112 200034.839  0.75%     -  144s
     0     0 200035.532    0 1622 201553.112 200035.532  0.75%     -  144s
     0     0 200036.399    0 1631 201553.112 200036.399  0.75%     -  145s
     0     0 200037.274    0 1621 201553.112 200037.274  0.75%     -  145s
     0     0 200037.764    0 1626 201553.112 200037.764  0.75%     -  146s
     0     0 200038.290    0 1610 201553.112 200038.290  0.75%     -  146s
     0     0 200039.046    0 1620 201553.112 200039.046  0.75%     -  147s
     0     0 200039.661    0 1604 201553.112 200039.661  0.75%     -  148s
     0     0 200040.080    0 1603 201553.112 200040.080  0.75%     -  148s
     0     0 200040.661    0 1604 201553.112 200040.661  0.75%     -  148s
     0     0 200041.286    0 1603 201553.112 200041.286  0.75%     -  149s
     0     0 200041.803    0 1602 201553.112 200041.803  0.75%     -  150s
     0     0 200042.452    0 1608 201553.112 200042.452  0.75%     -  150s
     0     0 200043.109    0 1598 201553.112 200043.109  0.75%     -  151s
     0     0 200043.626    0 1610 201553.112 200043.626  0.75%     -  151s
     0     0 200044.238    0 1615 201553.112 200044.238  0.75%     -  152s
     0     0 200045.380    0 1626 201553.112 200045.380  0.75%     -  152s
     0     0 200045.813    0 1625 201553.112 200045.813  0.75%     -  153s
     0     0 200046.839    0 1603 201553.112 200046.839  0.75%     -  154s
     0     0 200047.268    0 1635 201553.112 200047.268  0.75%     -  154s
     0     0 200047.610    0 1634 201553.112 200047.610  0.75%     -  155s
     0     0 200047.967    0 1626 201553.112 200047.967  0.75%     -  155s
     0     0 200048.299    0 1634 201553.112 200048.299  0.75%     -  155s
     0     0 200048.598    0 1641 201553.112 200048.598  0.75%     -  156s
     0     0 200049.119    0 1629 201553.112 200049.119  0.75%     -  156s
     0     0 200049.628    0 1634 201553.112 200049.628  0.75%     -  157s
     0     0 200050.140    0 1637 201553.112 200050.140  0.75%     -  157s
     0     0 200050.442    0 1632 201553.112 200050.442  0.75%     -  158s
     0     0 200050.713    0 1638 201553.112 200050.713  0.75%     -  158s
     0     0 200051.149    0 1637 201553.112 200051.149  0.75%     -  158s
     0     0 200051.885    0 1637 201553.112 200051.885  0.74%     -  159s
     0     0 200052.497    0 1635 201553.112 200052.497  0.74%     -  160s
     0     0 200053.165    0 1642 201553.112 200053.165  0.74%     -  160s
     0     0 200053.710    0 1645 201553.112 200053.710  0.74%     -  161s
     0     0 200054.279    0 1624 201553.112 200054.279  0.74%     -  161s
     0     0 200055.401    0 1639 201553.112 200055.401  0.74%     -  162s
     0     0 200055.821    0 1638 201553.112 200055.821  0.74%     -  163s
     0     0 200056.850    0 1642 201553.112 200056.850  0.74%     -  163s
     0     0 200058.175    0 1650 201553.112 200058.175  0.74%     -  164s
     0     0 200058.794    0 1645 201553.112 200058.794  0.74%     -  165s
     0     0 200059.275    0 1646 201553.112 200059.275  0.74%     -  166s
     0     0 200060.178    0 1647 201553.112 200060.178  0.74%     -  167s
     0     0 200061.020    0 1644 201553.112 200061.020  0.74%     -  168s
     0     0 200062.165    0 1639 201553.112 200062.165  0.74%     -  169s
     0     0 200063.466    0 1642 201553.112 200063.466  0.74%     -  169s
     0     0 200064.089    0 1640 201553.112 200064.089  0.74%     -  170s
     0     0 200064.715    0 1644 201553.112 200064.715  0.74%     -  171s
     0     0 200065.241    0 1646 201553.112 200065.241  0.74%     -  171s
     0     0 200065.933    0 1638 201553.112 200065.933  0.74%     -  172s
     0     0 200066.606    0 1646 201553.112 200066.606  0.74%     -  173s
     0     0 200067.177    0 1654 201553.112 200067.177  0.74%     -  173s
     0     0 200067.560    0 1653 201553.112 200067.560  0.74%     -  174s
     0     0 200067.950    0 1652 201553.112 200067.950  0.74%     -  174s
     0     0 200068.577    0 1654 201553.112 200068.577  0.74%     -  175s
     0     0 200068.977    0 1642 201553.112 200068.977  0.74%     -  175s
     0     0 200069.867    0 1654 201553.112 200069.867  0.74%     -  176s
     0     0 200070.179    0 1651 201553.112 200070.179  0.74%     -  177s
     0     0 200070.438    0 1652 201553.112 200070.438  0.74%     -  177s
     0     0 200070.992    0 1655 201553.112 200070.992  0.74%     -  178s
     0     0 200071.381    0 1651 201553.112 200071.381  0.74%     -  178s
     0     0 200071.664    0 1651 201553.112 200071.664  0.74%     -  178s
     0     0 200072.291    0 1655 201553.112 200072.291  0.73%     -  179s
     0     0 200072.780    0 1654 201553.112 200072.780  0.73%     -  180s
     0     0 200073.797    0 1658 201553.112 200073.797  0.73%     -  181s
     0     0 200074.632    0 1658 201553.112 200074.632  0.73%     -  181s
     0     0 200075.360    0 1666 201553.112 200075.360  0.73%     -  182s
     0     0 200076.163    0 1652 201553.112 200076.163  0.73%     -  182s
     0     0 200077.311    0 1660 201553.112 200077.311  0.73%     -  183s
     0     0 200077.693    0 1658 201553.112 200077.693  0.73%     -  184s
     0     0 200078.108    0 1659 201553.112 200078.108  0.73%     -  184s
     0     0 200079.363    0 1666 201553.112 200079.363  0.73%     -  185s
     0     0 200080.291    0 1654 201553.112 200080.291  0.73%     -  186s
     0     0 200080.851    0 1666 201553.112 200080.851  0.73%     -  187s
     0     0 200081.318    0 1662 201553.112 200081.318  0.73%     -  187s
     0     0 200081.737    0 1660 201553.112 200081.737  0.73%     -  188s
     0     0 200082.339    0 1666 201553.112 200082.339  0.73%     -  188s
     0     0 200082.769    0 1659 201553.112 200082.769  0.73%     -  189s
     0     0 200083.329    0 1666 201553.112 200083.329  0.73%     -  189s
     0     0 200083.930    0 1667 201553.112 200083.930  0.73%     -  190s
     0     0 200084.259    0 1667 201553.112 200084.259  0.73%     -  190s
     0     0 200084.624    0 1666 201553.112 200084.624  0.73%     -  191s
     0     0 200085.363    0 1665 201553.112 200085.363  0.73%     -  192s
     0     0 200085.925    0 1665 201553.112 200085.925  0.73%     -  193s
     0     0 200086.268    0 1669 201553.112 200086.268  0.73%     -  193s
     0     0 200086.675    0 1664 201553.112 200086.675  0.73%     -  193s
     0     0 200087.175    0 1670 201553.112 200087.175  0.73%     -  194s
     0     0 200087.571    0 1673 201553.112 200087.571  0.73%     -  195s
     0     0 200087.872    0 1666 201553.112 200087.872  0.73%     -  195s
     0     0 200088.278    0 1667 201553.112 200088.278  0.73%     -  196s
     0     0 200088.514    0 1669 201553.112 200088.514  0.73%     -  196s
     0     0 200088.844    0 1675 201553.112 200088.844  0.73%     -  197s
     0     0 200089.118    0 1670 201553.112 200089.118  0.73%     -  197s
     0     0 200089.422    0 1668 201553.112 200089.422  0.73%     -  198s
     0     0 200089.671    0 1669 201553.112 200089.671  0.73%     -  198s
     0     0 200090.185    0 1669 201553.112 200090.185  0.73%     -  199s
     0     0 200090.425    0 1666 201553.112 200090.425  0.73%     -  199s
     0     0 200091.158    0 1667 201553.112 200091.158  0.73%     -  200s
     0     0 200091.826    0 1659 201553.112 200091.826  0.73%     -  201s
     0     0 200092.575    0 1671 201553.112 200092.575  0.72%     -  202s
     0     0 200093.012    0 1677 201553.112 200093.012  0.72%     -  203s
     0     0 200093.451    0 1675 201553.112 200093.451  0.72%     -  203s
     0     0 200093.802    0 1680 201553.112 200093.802  0.72%     -  204s
     0     0 200094.261    0 1674 201553.112 200094.261  0.72%     -  204s
     0     0 200094.704    0 1673 201553.112 200094.704  0.72%     -  205s
     0     0 200095.366    0 1682 201553.112 200095.366  0.72%     -  206s
     0     0 200095.742    0 1676 201553.112 200095.742  0.72%     -  206s
     0     0 200096.360    0 1679 201553.112 200096.360  0.72%     -  207s
     0     0 200096.896    0 1675 201553.112 200096.896  0.72%     -  208s
     0     0 200097.320    0 1679 201553.112 200097.320  0.72%     -  208s
     0     0 200097.649    0 1673 201553.112 200097.649  0.72%     -  209s
     0     0 200097.971    0 1680 201553.112 200097.971  0.72%     -  210s
     0     0 200098.304    0 1668 201553.112 200098.304  0.72%     -  210s
     0     0 200098.649    0 1678 201553.112 200098.649  0.72%     -  211s
     0     0 200098.991    0 1677 201553.112 200098.991  0.72%     -  211s
     0     0 200099.341    0 1676 201553.112 200099.341  0.72%     -  212s
     0     0 200099.704    0 1680 201553.112 200099.704  0.72%     -  213s
     0     0 200100.191    0 1681 201553.112 200100.191  0.72%     -  213s
     0     0 200100.685    0 1682 201553.112 200100.685  0.72%     -  214s
     0     0 200101.297    0 1675 201553.112 200101.297  0.72%     -  215s
     0     0 200101.897    0 1680 201553.112 200101.897  0.72%     -  216s
     0     0 200102.165    0 1674 201553.112 200102.165  0.72%     -  216s
     0     0 200102.644    0 1679 201553.112 200102.644  0.72%     -  217s
     0     0 200102.886    0 1680 201553.112 200102.886  0.72%     -  218s
     0     0 200103.248    0 1679 201553.112 200103.248  0.72%     -  219s
     0     0 200104.016    0 1679 201553.112 200104.016  0.72%     -  220s
     0     0 200104.381    0 1682 201553.112 200104.381  0.72%     -  221s
     0     0 200104.798    0 1682 201553.112 200104.798  0.72%     -  221s
     0     0 200105.087    0 1692 201553.112 200105.087  0.72%     -  223s
     0     0 200105.470    0 1679 201553.112 200105.470  0.72%     -  224s
     0     0 200106.112    0 1693 201553.112 200106.112  0.72%     -  225s
     0     0 200106.474    0 1691 201553.112 200106.474  0.72%     -  225s
     0     0 200106.755    0 1687 201553.112 200106.755  0.72%     -  226s
     0     0 200107.349    0 1694 201553.112 200107.349  0.72%     -  227s
     0     0 200107.699    0 1694 201553.112 200107.699  0.72%     -  228s
     0     0 200107.938    0 1692 201553.112 200107.938  0.72%     -  228s
     0     0 200108.301    0 1683 201553.112 200108.301  0.72%     -  229s
     0     0 200108.730    0 1695 201553.112 200108.730  0.72%     -  230s
     0     0 200109.026    0 1677 201553.112 200109.026  0.72%     -  231s
     0     0 200109.787    0 1693 201553.112 200109.787  0.72%     -  232s
     0     0 200110.111    0 1694 201553.112 200110.111  0.72%     -  233s
     0     0 200110.733    0 1700 201553.112 200110.733  0.72%     -  233s
     0     0 200111.171    0 1692 201553.112 200111.171  0.72%     -  234s
     0     0 200111.523    0 1689 201553.112 200111.523  0.72%     -  235s
     0     0 200111.816    0 1694 201553.112 200111.816  0.72%     -  235s
     0     0 200111.992    0 1693 201553.112 200111.992  0.72%     -  236s
     0     0 200112.269    0 1689 201553.112 200112.269  0.71%     -  237s
     0     0 200112.727    0 1694 201553.112 200112.727  0.71%     -  238s
     0     0 200113.318    0 1698 201553.112 200113.318  0.71%     -  238s
     0     0 200113.773    0 1686 201553.112 200113.773  0.71%     -  239s
     0     0 200114.336    0 1694 201553.112 200114.336  0.71%     -  240s
     0     0 200114.645    0 1696 201553.112 200114.645  0.71%     -  240s
     0     0 200115.695    0 1680 201553.112 200115.695  0.71%     -  241s
     0     0 200116.810    0 1698 201553.112 200116.810  0.71%     -  242s
     0     0 200117.387    0 1698 201553.112 200117.387  0.71%     -  243s
     0     0 200117.737    0 1691 201553.112 200117.737  0.71%     -  244s
     0     0 200118.231    0 1698 201553.112 200118.231  0.71%     -  244s
     0     0 200118.517    0 1695 201553.112 200118.517  0.71%     -  245s
     0     0 200118.948    0 1693 201553.112 200118.948  0.71%     -  245s
     0     0 200119.277    0 1692 201553.112 200119.277  0.71%     -  246s
     0     0 200119.820    0 1644 201553.112 200119.820  0.71%     -  246s
     0     0 200120.164    0 1694 201553.112 200120.164  0.71%     -  247s
     0     0 200120.945    0 1698 201553.112 200120.945  0.71%     -  248s
     0     0 200121.256    0 1705 201553.112 200121.256  0.71%     -  249s
     0     0 200121.492    0 1690 201553.112 200121.492  0.71%     -  249s
     0     0 200121.918    0 1701 201553.112 200121.918  0.71%     -  250s
     0     0 200122.353    0 1705 201553.112 200122.353  0.71%     -  251s
     0     0 200122.685    0 1702 201553.112 200122.685  0.71%     -  252s
     0     0 200122.955    0 1700 201553.112 200122.955  0.71%     -  253s
     0     0 200123.273    0 1699 201553.112 200123.273  0.71%     -  254s
     0     0 200123.503    0 1697 201553.112 200123.503  0.71%     -  254s
     0     0 200123.801    0 1700 201553.112 200123.801  0.71%     -  255s
     0     0 200124.126    0 1702 201553.112 200124.126  0.71%     -  256s
     0     0 200124.346    0 1695 201553.112 200124.346  0.71%     -  257s
     0     0 200124.524    0 1701 201553.112 200124.524  0.71%     -  257s
     0     0 200124.872    0 1700 201553.112 200124.872  0.71%     -  258s
     0     0 200125.413    0 1707 201553.112 200125.413  0.71%     -  259s
     0     0 200125.899    0 1701 201553.112 200125.899  0.71%     -  260s
     0     0 200126.287    0 1708 201553.112 200126.287  0.71%     -  260s
     0     0 200126.534    0 1704 201553.112 200126.534  0.71%     -  261s
     0     0 200126.773    0 1706 201553.112 200126.773  0.71%     -  262s
     0     0 200127.065    0 1701 201553.112 200127.065  0.71%     -  262s
     0     0 200127.599    0 1710 201553.112 200127.599  0.71%     -  263s
     0     0 200128.142    0 1705 201553.112 200128.142  0.71%     -  264s
     0     0 200128.890    0 1717 201553.112 200128.890  0.71%     -  265s
     0     0 200129.275    0 1710 201553.112 200129.275  0.71%     -  266s
     0     0 200129.811    0 1718 201553.112 200129.811  0.71%     -  267s
     0     0 200130.021    0 1708 201553.112 200130.021  0.71%     -  267s
     0     0 200130.257    0 1664 201553.112 200130.257  0.71%     -  268s
     0     0 200130.470    0 1662 201553.112 200130.470  0.71%     -  269s
     0     0 200130.806    0 1711 201553.112 200130.806  0.71%     -  270s
     0     0 200131.096    0 1664 201553.112 200131.096  0.71%     -  270s
     0     0 200131.371    0 1661 201553.112 200131.371  0.71%     -  271s
     0     0 200131.712    0 1709 201553.112 200131.712  0.71%     -  271s
     0     0 200132.185    0 1658 201553.112 200132.185  0.70%     -  272s
     0     0 200132.625    0 1666 201553.112 200132.625  0.70%     -  273s
     0     0 200132.851    0 1657 201553.112 200132.851  0.70%     -  274s
     0     0 200133.170    0 1662 201553.112 200133.170  0.70%     -  275s
     0     0 200133.353    0 1664 201553.112 200133.353  0.70%     -  275s
     0     0 200133.795    0 1714 201553.112 200133.795  0.70%     -  276s
     0     0 200134.217    0 1664 201553.112 200134.217  0.70%     -  277s
     0     0 200134.496    0 1708 201553.112 200134.496  0.70%     -  278s
     0     0 200134.766    0 1714 201553.112 200134.766  0.70%     -  279s
     0     0 200135.402    0 1707 201553.112 200135.402  0.70%     -  279s
     0     0 200135.762    0 1683 201553.112 200135.762  0.70%     -  280s
     0     0 200136.137    0 1693 201553.112 200136.137  0.70%     -  281s
     0     0 200136.475    0 1696 201553.112 200136.475  0.70%     -  282s
     0     0 200136.745    0 1696 201553.112 200136.745  0.70%     -  283s
     0     0 200137.151    0 1697 201553.112 200137.151  0.70%     -  284s
     0     0 200137.576    0 1696 201553.112 200137.576  0.70%     -  284s
     0     0 200138.049    0 1649 201553.112 200138.049  0.70%     -  286s
     0     0 200138.454    0 1699 201553.112 200138.454  0.70%     -  287s
     0     0 200138.680    0 1706 201553.112 200138.680  0.70%     -  287s
     0     0 200139.029    0 1697 201553.112 200139.029  0.70%     -  288s
     0     0 200139.676    0 1693 201553.112 200139.676  0.70%     -  290s
     0     0 200140.284    0 1697 201553.112 200140.284  0.70%     -  290s
     0     0 200140.547    0 1700 201553.112 200140.547  0.70%     -  291s
     0     0 200140.906    0 1697 201553.112 200140.906  0.70%     -  292s
     0     0 200141.614    0 1705 201553.112 200141.614  0.70%     -  293s
     0     0 200142.071    0 1700 201553.112 200142.071  0.70%     -  294s
     0     0 200142.400    0 1697 201553.112 200142.400  0.70%     -  295s
     0     0 200142.812    0 1700 201553.112 200142.812  0.70%     -  296s
     0     0 200143.019    0 1700 201553.112 200143.019  0.70%     -  297s
     0     0 200143.248    0 1642 201553.112 200143.248  0.70%     -  297s
     0     0 200143.365    0 1705 201553.112 200143.365  0.70%     -  298s
     0     0 200145.160    0 1690 201553.112 200145.160  0.70%     -  301s
     0     0 200145.790    0 1709 201553.112 200145.790  0.70%     -  302s
     0     0 200148.454    0 1674 201553.112 200148.454  0.70%     -  306s
     0     0 200149.476    0 1701 201553.112 200149.476  0.70%     -  308s
H    0     0                    200930.11200 200149.478  0.39%     -  324s
     0     2 200149.795    0 1693 200930.112 200149.795  0.39%     -  325s
     2     4 200284.009    1 1121 200930.112 200153.885  0.39%  4654  336s
     3     5 200217.879    2 1504 200930.112 200153.890  0.39%  4134  351s
     4     6 200168.504    2 1602 200930.112 200168.504  0.38%  3838  355s
    12    14 200219.893    9 1405 200930.112 200168.504  0.38%  1674  360s
    16    18 200184.222   12 1578 200930.112 200168.504  0.38%  1571  365s
    24    26 200182.998   17 1572 200930.112 200168.504  0.38%  1265  370s
    26    28 200236.460   18 1425 200930.112 200168.504  0.38%  1427  378s
    27    29 200249.735   19 1476 200930.112 200168.504  0.38%  1489  381s
    29    31 200404.095   20 1159 200930.112 200168.504  0.38%  1564  386s
    32    34 200352.350   22 1231 200930.112 200168.504  0.38%  1752  398s
    34    36 200358.338   23 1227 200930.112 200168.504  0.38%  1790  403s
    37    38 200303.476   25 1451 200930.112 200168.504  0.38%  1764  408s
    39    40 200443.580   26 1160 200930.112 200168.504  0.38%  1811  414s
    41    42 200309.843   27 1435 200930.112 200168.504  0.38%  1857  420s
    44    45 200256.910   28 1404 200930.112 200168.504  0.38%  1819  425s
    47    48 200469.931   30 1155 200930.112 200168.504  0.38%  1880  435s
    50    51 200312.874   32 1456 200930.112 200168.504  0.38%  1863  440s
    52    53 200357.328   33 1378 200930.112 200168.504  0.38%  1884  446s
    54    55 200309.905   34 1463 200930.112 200168.504  0.38%  1868  450s
    56    57 200347.289   35 1427 200930.112 200168.504  0.38%  1880  455s
    58    59 200335.788   36 1449 200930.112 200168.504  0.38%  1964  464s
    60    61 200300.572   37 1453 200930.112 200168.504  0.38%  1927  465s
    66    65 200326.341   40 1437 200930.112 200168.504  0.38%  1820  471s
    68    67 200452.475   41 1182 200930.112 200168.504  0.38%  1830  475s
    74    73 200362.812   44 1422 200930.112 200168.504  0.38%  1775  483s
    79    78 200322.913   48 1424 200930.112 200168.504  0.38%  1695  486s
H   81    78                    200887.39200 200168.504  0.36%  1656  487s
    84    83 200443.076   51 1339 200887.392 200168.504  0.36%  1661  493s
    86    85 200448.175   52 1344 200887.392 200168.504  0.36%  1668  497s
    90    89 200602.312   54 1146 200887.392 200168.504  0.36%  1650  501s
    92    91 200381.775   55 1409 200887.392 200168.504  0.36%  1644  505s
    94    93 200615.600   56 1146 200887.392 200168.504  0.36%  1654  512s
    96    95 200537.892   57 1153 200887.392 200168.504  0.36%  1662  516s
   100    99 200353.856   59 1302 200887.392 200168.504  0.36%  1634  520s
H  108   103                    200798.39200 200168.504  0.31%  1553  523s
H  108   103                    200669.99200 200168.504  0.25%  1553  523s
   122   116 200614.355   73  594 200669.992 200168.504  0.25%  1395  525s
   154   126     cutoff    3      200669.992 200169.499  0.25%  1170  530s
   157   125 200224.851    6 1432 200669.992 200172.116  0.25%  1186  540s
   177   140     cutoff   23      200669.992 200172.116  0.25%  1084  545s
   198   155 200493.251   38 1038 200669.992 200172.116  0.25%  1017  552s
   204   158     cutoff   42      200669.992 200172.116  0.25%  1041  560s
   236   173 200378.166   63  890 200669.992 200172.116  0.25%   931  565s
   244   178 200513.374   68  813 200669.992 200172.116  0.25%   954  572s
   265   184 200231.925    7 1434 200669.992 200173.916  0.25%   907  579s
   270   189 200239.274   12 1395 200669.992 200173.916  0.25%   894  580s
   282   199 200568.107   22 1032 200669.992 200173.916  0.25%   893  588s
   285   202 200259.181   25 1334 200669.992 200173.916  0.25%   885  591s
   300   215 200360.418   37 1154 200669.992 200173.916  0.25%   854  595s
   314   226 200513.432   49 1059 200669.992 200173.916  0.25%   843  600s
   326   231     cutoff   56      200669.992 200173.916  0.25%   836  605s
   333   237 200643.087   61  814 200669.992 200173.916  0.25%   854  610s
   347   248 200614.933   71  777 200669.992 200173.916  0.25%   842  615s
   351   248 200541.444   73  896 200669.992 200173.916  0.25%   835  621s
   391   261 200236.810    8 1420 200669.992 200178.147  0.25%   770  631s
   408   278 200358.459   24 1064 200669.992 200178.147  0.25%   753  635s
   434   298 200581.985   45  930 200669.992 200178.147  0.25%   724  640s
   468   302 200195.131   13 1610 200669.992 200180.903  0.24%   694  647s
   469   303 200216.168   14 1580 200669.992 200180.903  0.24%   698  651s
   473   307 200232.383   18 1551 200669.992 200180.903  0.24%   697  671s
   478   312 200244.686   23 1541 200669.992 200180.903  0.24%   696  675s
   487   321 200259.208   31 1529 200669.992 200180.903  0.24%   692  680s
   496   330 200286.242   40 1476 200669.992 200180.903  0.24%   687  685s
   501   335 200399.262   44 1233 200669.992 200180.903  0.24%   693  692s
   505   339 200296.195   46 1455 200669.992 200180.903  0.24%   693  695s
   512   346 200314.629   52 1420 200669.992 200180.903  0.24%   694  700s
   534   366 200383.562   71 1353 200669.992 200180.903  0.24%   674  705s
   547   377 200397.588   81 1306 200669.992 200180.903  0.24%   667  710s
   560   388 200506.451   92 1213 200669.992 200180.903  0.24%   663  715s
   565   391 200444.532   94 1148 200669.992 200180.903  0.24%   667  720s
   572   397 200526.664   97  777 200669.992 200180.903  0.24%   670  725s
   587   407     cutoff  107      200669.992 200180.903  0.24%   665  730s
   590   406     cutoff  112      200669.992 200180.903  0.24%   680  735s
   599   409     cutoff  115      200669.992 200180.903  0.24%   681  740s
   603   409 200225.678   15 1624 200669.992 200182.393  0.24%   690  750s
   606   412 200269.179   18 1438 200669.992 200182.393  0.24%   694  755s
   609   415 200310.136   21 1499 200669.992 200182.393  0.24%   697  761s
   614   420 200390.143   26 1219 200669.992 200182.393  0.24%   701  767s
   619   425 200617.567   30  589 200669.992 200182.393  0.24%   710  772s
   630   436 200444.257   41 1175 200669.992 200182.393  0.24%   704  775s
H  634   416                    200628.39200 200182.393  0.22%   701  779s
   635   417 200343.137   61 1701 200628.392 200182.393  0.22%   700  807s
   638   419 200259.732   31 1119 200628.392 200182.393  0.22%   696  810s
   640   420 200521.085   72 1400 200628.392 200182.393  0.22%   694  820s
   641   421 200326.440   41 1620 200628.392 200182.393  0.22%   693  828s
   642   422 200305.131   27 1670 200628.392 200182.393  0.22%   692  833s
   643   422 200349.671   33 1687 200628.392 200182.393  0.22%   691  836s
   646   424 200334.703   59 1707 200628.392 200182.393  0.22%   688  840s
   649   426 200183.844   17 1674 200628.392 200182.393  0.22%   684  851s
   651   428 200287.983   25 1686 200628.392 200182.393  0.22%   682  856s
   654   430 200284.015    2 1686 200628.392 200182.393  0.22%   679  864s
   655   430 200337.348   25 1708 200628.392 200182.393  0.22%   678  865s
   659   433 200310.517   28 1711 200628.392 200182.393  0.22%   674  876s
   662   435 200375.514   32 1720 200628.392 200182.393  0.22%   671  881s
   663   436 200415.971   36 1709 200628.392 200182.393  0.22%   670  886s
   666   438 200402.809   85 1716 200628.392 200182.393  0.22%   667  891s
   667   438 200314.653   53 1702 200628.392 200182.393  0.22%   666  898s
   668   439 200256.576   31 1717 200628.392 200182.393  0.22%   665  900s
   671   441 200391.154   77 1697 200628.392 200182.393  0.22%   662  909s
   672   442 200241.725   23 1713 200628.392 200182.393  0.22%   661  911s
   674   443 200352.472   23 1701 200628.392 200182.542  0.22%   659  916s
   675   444 200360.906   66 1690 200628.392 200184.217  0.22%   658  921s
   677   445 200290.085   28 1722 200628.392 200184.837  0.22%   656  925s
   678   446 200336.366   37 1709 200628.392 200187.260  0.22%   655  931s
   681   448 200581.989   46 1720 200628.392 200188.315  0.22%   652  937s
   682   448 200224.872    7 1732 200628.392 200189.104  0.22%   651  943s
   684   450 200358.341   24 1728 200628.392 200190.206  0.22%   649  946s
   687   452 200259.732   31 1720 200628.392 200191.323  0.22%   647  956s
   690   454 200268.923   36 1737 200628.392 200192.301  0.22%   644  961s
   691   454 200248.351   20 1729 200628.392 200193.015  0.22%   643  965s
   694   456 200336.259   54 1696 200628.392 200194.368  0.22%   640  975s
   697   458 200443.298   52 1733 200628.392 200195.200  0.22%   637  980s
   698   459 200614.954   72 1706 200628.392 200195.984  0.22%   636  986s
   700   460 200328.978   46 1731 200628.392 200196.502  0.22%   635  991s
   701   461 200614.954   72 1693 200628.392 200197.183  0.21%   634  998s
   702   462 200615.228   76 1693 200628.392 200197.183  0.21%   633 1004s
   703   462 200197.183   17 1693 200628.392 200197.183  0.21%   632 1020s
   704   465 200240.293   12 1391 200628.392 200197.376  0.21%   760 1031s
   707   467 200293.665   13 1378 200628.392 200198.455  0.21%   766 1041s
   708   468 200211.501   14 1590 200628.392 200198.456  0.21%   770 1048s
   711   468     cutoff   15      200628.392 200199.413  0.21%   770 1051s
   713   469 200571.004   16 1200 200628.392 200199.972  0.21%   779 1057s
   717   472 200402.938   18 1347 200628.392 200200.156  0.21%   786 1065s
   722   475 200204.217   21 1648 200628.392 200201.250  0.21%   787 1071s
   727   478 200280.093   23 1356 200628.392 200201.250  0.21%   793 1079s
   729   478     cutoff   24      200628.392 200201.250  0.21%   793 1081s
   733   480 200249.767   26 1393 200628.392 200201.250  0.21%   799 1091s
   735   482 200295.474   27 1365 200628.392 200201.250  0.21%   806 1097s
   736   482 200210.034   28 1617 200628.392 200201.250  0.21%   808 1100s
   739   484 200305.475   29 1332 200628.392 200201.250  0.21%   817 1110s
   741   486 200228.321   30 1600 200628.392 200201.250  0.21%   820 1115s
   742   486 200234.915   31 1587 200628.392 200201.250  0.21%   825 1121s
   745   488 200362.225   32 1315 200628.392 200201.250  0.21%   832 1129s
   746   489 200211.098   33 1570 200628.392 200201.250  0.21%   832 1130s
   747   490 200239.725   33 1584 200628.392 200201.250  0.21%   836 1135s
   750   492 200238.204   35 1590 200628.392 200201.250  0.21%   844 1145s
   754   494 200261.255   37 1551 200628.392 200201.250  0.21%   850 1156s
   757   496 200284.814   38 1371 200628.392 200201.250  0.21%   856 1165s
   759   498 200447.061   39 1297 200628.392 200201.250  0.21%   863 1171s
   761   499 200264.580   40 1420 200628.392 200201.250  0.21%   870 1178s
   763   500 200467.097   41  960 200628.392 200201.250  0.21%   873 1184s
   764   501 200244.598   42 1395 200628.392 200201.250  0.21%   873 1185s
   767   503 200277.277   43 1512 200628.392 200201.250  0.21%   880 1192s
   769   504 200291.703   44 1503 200628.392 200201.250  0.21%   885 1199s
   771   506 200473.346   45 1192 200628.392 200201.250  0.21%   892 1207s
   775   508 200453.110   47 1192 200628.392 200201.250  0.21%   897 1212s
   779   509 200485.240   49 1163 200628.392 200201.250  0.21%   902 1218s
   783   512 200295.290   51 1105 200628.392 200201.250  0.21%   902 1221s
   786   514 200260.361   53 1321 200628.392 200201.250  0.21%   902 1225s
   789   516 200495.620   54 1166 200628.392 200201.250  0.21%   907 1231s
   795   518 200303.463   57 1073 200628.392 200201.250  0.21%   908 1236s
   797   517     cutoff   58      200628.392 200201.250  0.21%   912 1240s
   801   520 200454.160   60 1158 200628.392 200201.250  0.21%   922 1251s
   805   522 200353.044   62 1111 200628.392 200201.250  0.21%   930 1257s
   808   524 200355.568   64 1093 200628.392 200201.250  0.21%   931 1261s
   815   525 200497.871   67  617 200628.392 200201.250  0.21%   930 1265s
   829   526 200500.632   74  605 200628.392 200201.250  0.21%   926 1270s
   839   531 200560.312   79 1014 200628.392 200201.250  0.21%   926 1275s
   849   536 200420.812   84 1048 200628.392 200201.250  0.21%   926 1280s
   865   544 200481.321   92 1004 200628.392 200201.250  0.21%   919 1285s
   892   558 200452.864  106  901 200628.392 200201.250  0.21%   899 1292s
   900   560     cutoff  110      200628.392 200201.250  0.21%   896 1295s
   932   569     cutoff  127      200628.392 200201.250  0.21%   878 1300s
   988   576 200201.691   18 1625 200628.392 200201.279  0.21%   836 1313s
   989   577 200209.104   19 1649 200628.392 200201.279  0.21%   840 1318s
   990   578 200214.002   19 1664 200628.392 200201.279  0.21%   843 1323s
   991   578 200210.719   20 1657 200628.392 200201.279  0.21%   843 1325s
   993   580 200236.818   21 1407 200628.392 200201.279  0.21%   846 1330s
   996   582 200445.515   22 1293 200628.392 200201.279  0.21%   851 1335s
  1001   585 200296.258   25 1290 200628.392 200201.279  0.21%   854 1340s
  1003   586 200298.481   26 1285 200628.392 200201.279  0.21%   853 1349s
  1004   587 200314.134   26 1328 200628.392 200201.279  0.21%   854 1351s
  1011   592 200309.984   30 1254 200628.392 200201.279  0.21%   855 1355s
  1020   596     cutoff   34      200628.392 200201.279  0.21%   858 1361s
  1028   599 200370.872   38 1107 200628.392 200201.279  0.21%   857 1365s
  1046   601 200409.890   47 1042 200628.392 200201.279  0.21%   850 1370s
  1061   601     cutoff   55      200628.392 200201.279  0.21%   851 1376s
  1082   598 200542.560   65  744 200628.392 200201.279  0.21%   842 1388s
  1094   592     cutoff   72      200628.392 200201.279  0.21%   836 1390s
  1095   593 200412.489   18 1374 200628.392 200202.411  0.21%   842 1398s
  1096   593 200576.799   19  877 200628.392 200202.411  0.21%   847 1403s
  1097   594 200433.405   19 1390 200628.392 200202.411  0.21%   848 1405s
  1119   588 200209.541   21 1641 200628.392 200202.416  0.21%   838 1421s
  1120   588 200231.393   22 1551 200628.392 200202.416  0.21%   842 1428s
  1121   589 200235.501   22 1543 200628.392 200202.416  0.21%   846 1434s
  1122   590 200232.074   23 1552 200628.392 200202.416  0.21%   846 1435s
  1125   590     cutoff   24      200628.392 200202.416  0.21%   853 1444s
  1126   590 200236.868   25 1543 200628.392 200202.416  0.21%   854 1445s
  1127   591 200282.261   25 1510 200628.392 200202.416  0.21%   859 1451s
  1130   593 200255.710   27 1483 200628.392 200202.416  0.21%   860 1455s
  1131   594 200318.032   27 1311 200628.392 200202.416  0.21%   865 1460s
  1133   595 200497.195   28 1183 200628.392 200202.416  0.21%   870 1465s
  1135   594     cutoff   29      200628.392 200202.416  0.21%   873 1470s
  1137   594     cutoff   30      200628.392 200202.416  0.21%   880 1479s
  1138   594 200392.937   31  986 200628.392 200202.416  0.21%   883 1482s
  1145   597 200404.035   34  942 200628.392 200202.416  0.21%   883 1485s
  1163   592 200285.012   21 1329 200628.392 200203.061  0.21%   882 1495s
  1164   591     cutoff   22      200628.392 200203.061  0.21%   893 1507s
  1168   593 200415.204   24  937 200628.392 200203.061  0.21%   893 1510s
  1184   596 200448.109   32  887 200628.392 200203.061  0.21%   890 1515s
  1192   595 200469.235   36  855 200628.392 200203.061  0.21%   885 1524s
  1200   599 200517.153   40  841 200628.392 200203.061  0.21%   880 1525s
  1219   605 200514.348   50  786 200628.392 200203.061  0.21%   874 1530s
  1231   601 200253.130   23 1454 200628.392 200203.061  0.21%   875 1539s
  1232   602 200293.560   24 1411 200628.392 200203.061  0.21%   876 1541s
  1235   604 200478.479   25  912 200628.392 200203.061  0.21%   879 1545s
  1253   609 200439.649   35 1092 200628.392 200203.061  0.21%   876 1550s
  1262   610 200405.005   40  979 200628.392 200203.061  0.21%   878 1555s
  1284   615 200546.513   51  910 200628.392 200203.061  0.21%   871 1560s
  1310   626 200469.447   64  848 200628.392 200203.061  0.21%   860 1565s
  1353   637 infeasible   85      200628.392 200203.061  0.21%   843 1570s
  1382   639 200586.060  100  613 200628.392 200203.061  0.21%   833 1583s
  1389   634 200228.513   23 1677 200628.392 200203.879  0.21%   834 1598s
  1390   634 200235.313   24 1643 200628.392 200203.879  0.21%   836 1603s
  1391   635 200366.695   24 1153 200628.392 200203.879  0.21%   839 1607s
  1395   638 200497.352   26  909 200628.392 200203.879  0.21%   843 1610s
  1401   642 200564.949   29  813 200628.392 200203.879  0.21%   847 1616s
  1409   645 200433.248   33 1137 200628.392 200203.879  0.21%   849 1622s
  1412   645 200397.866   35 1136 200628.392 200203.879  0.21%   851 1625s
  1421   645 200623.146   39  820 200628.392 200203.879  0.21%   853 1630s
  1433   645     cutoff   45      200628.392 200203.879  0.21%   855 1636s
  1436   647 200456.572   47 1001 200628.392 200203.879  0.21%   857 1640s
  1452   650 200514.012   55  616 200628.392 200203.879  0.21%   855 1645s
  1473   660 200561.847   65  552 200628.392 200203.879  0.21%   849 1650s
  1506   654 200235.854   20 1584 200628.392 200203.879  0.21%   842 1678s
  1507   654 200258.316   21 1538 200628.392 200203.879  0.21%   844 1682s
  1508   655 200373.005   21 1137 200628.392 200203.879  0.21%   847 1685s
  1515   660 200381.471   25 1140 200628.392 200203.879  0.21%   847 1690s
  1517   659 200382.949   26 1134 200628.392 200203.879  0.21%   848 1700s
  1520   661 200553.637   27  865 200628.392 200203.879  0.21%   852 1705s
  1532   659 200572.939   33  837 200628.392 200203.879  0.21%   851 1710s
  1543   660 200452.026   39  929 200628.392 200203.879  0.21%   852 1715s
  1553   663 200576.478   44  882 200628.392 200203.879  0.21%   853 1720s
  1589   674 200522.677   62  471 200628.392 200203.879  0.21%   840 1725s
  1628   672 200252.277   20 1680 200628.392 200204.219  0.21%   830 1740s
  1633   675 200279.071   25 1563 200628.392 200204.219  0.21%   830 1745s
  1642   681 200296.739   34 1523 200628.392 200204.219  0.21%   828 1750s
  1649   685 200316.022   41 1466 200628.392 200204.219  0.21%   827 1755s
  1655   689 200331.732   47 1468 200628.392 200204.219  0.21%   827 1760s
  1668   696 200353.894   59 1406 200628.392 200204.219  0.21%   824 1765s
  1679   703 200375.896   70 1371 200628.392 200204.219  0.21%   821 1770s
  1693   712 200407.626   84 1306 200628.392 200204.219  0.21%   817 1775s
  1702   718 200427.648   89 1277 200628.392 200204.219  0.21%   817 1780s
  1720   730 200482.948   96 1140 200628.392 200204.219  0.21%   813 1785s
  1734   738 200468.039  103 1121 200628.392 200204.219  0.21%   811 1790s
  1763   747 200560.205  119  981 200628.392 200204.219  0.21%   803 1795s
  1786   762 200529.494  124 1001 200628.392 200204.219  0.21%   799 1800s
  1798   766 infeasible  124      200628.392 200204.219  0.21%   800 1805s
  1814   753 200231.253   22 1686 200628.392 200204.221  0.21%   801 1831s
  1815   754 200249.371   23 1645 200628.392 200204.221  0.21%   803 1835s
  1821   758 200262.756   29 1623 200628.392 200204.221  0.21%   802 1840s
  1827   762 200276.636   35 1595 200628.392 200204.221  0.21%   801 1845s
  1832   765 200372.072   39 1339 200628.392 200204.221  0.21%   803 1852s
  1834   766 200309.675   41 1529 200628.392 200204.221  0.21%   803 1855s
  1839   770 200317.984   45 1482 200628.392 200204.221  0.21%   803 1860s
  1845   773 200332.666   51 1468 200628.392 200204.221  0.21%   802 1865s
  1854   779 200350.623   60 1373 200628.392 200204.221  0.21%   801 1870s
  1860   783 200366.251   65 1376 200628.392 200204.221  0.21%   802 1875s
  1870   789 200385.946   75 1328 200628.392 200204.221  0.21%   800 1880s
  1890   803 200426.670   95 1247 200628.392 200204.221  0.21%   795 1886s
  1904   810 200601.282  106  976 200628.392 200204.221  0.21%   795 1892s
  1912   815 200554.841  110  811 200628.392 200204.221  0.21%   794 1896s
  1930   825 200530.516  118  902 200628.392 200204.221  0.21%   792 1901s
  1937   826     cutoff  123      200628.392 200204.221  0.21%   791 1905s
  1977   848 200500.346  142  958 200628.392 200204.221  0.21%   780 1910s
  1994   853 200516.900  151  931 200628.392 200204.221  0.21%   776 1915s
  2000   857 200519.686  154  946 200628.392 200204.221  0.21%   774 1920s
  2021   858 200530.861  164  919 200628.392 200204.221  0.21%   769 1925s
  2056   850 200259.430   22 1705 200628.392 200205.746  0.21%   764 1941s
  2061   854 200271.566   27 1601 200628.392 200205.746  0.21%   763 1945s
  2068   858 200281.604   34 1550 200628.392 200205.746  0.21%   762 1950s
  2071   860 200308.138   37 1520 200628.392 200205.746  0.21%   764 1958s
  2074   862 200310.419   40 1497 200628.392 200205.746  0.21%   764 1960s
  2079   865 200325.594   45 1510 200628.392 200205.746  0.21%   764 1965s
  2090   872 200351.469   55 1424 200628.392 200205.746  0.21%   762 1970s
  2097   879 200357.186   60 1372 200628.392 200205.746  0.21%   762 1975s
  2109   891 200395.523   72 1265 200628.392 200205.746  0.21%   760 1980s
  2128   910 200458.787   91 1109 200628.392 200205.746  0.21%   756 1985s
  2133   913     cutoff   95      200628.392 200205.746  0.21%   758 1990s
  2140   916     cutoff  100      200628.392 200205.746  0.21%   759 1995s
  2150   922 200509.035  105 1062 200628.392 200205.746  0.21%   760 2000s
  2166   930     cutoff  115      200628.392 200205.746  0.21%   759 2006s
  2170   928 200322.298   26 1427 200628.392 200205.748  0.21%   764 2018s
  2172   930 200332.016   28 1410 200628.392 200205.748  0.21%   764 2020s
  2186   942 200385.278   41 1255 200628.392 200205.748  0.21%   762 2025s
  2200   955 200423.973   55 1181 200628.392 200205.748  0.21%   758 2030s
  2233   984     cutoff   84      200628.392 200205.748  0.21%   751 2035s
  2236   983 200241.267   26 1686 200628.392 200210.040  0.21%   754 2056s
  2238   985 200249.648   28 1621 200628.392 200210.040  0.21%   755 2060s
  2244   991 200258.520   34 1593 200628.392 200210.040  0.21%   755 2065s
  2251   998 200268.057   41 1587 200628.392 200210.040  0.21%   754 2070s
  2257  1004 200280.281   46 1562 200628.392 200210.040  0.21%   754 2075s
  2258  1005 200305.325   47 1466 200628.392 200210.040  0.21%   758 2085s
  2263  1010 200335.355   52 1485 200628.392 200210.040  0.21%   758 2091s
  2267  1014 200333.258   55 1485 200628.392 200210.040  0.21%   759 2097s
  2268  1014 200376.287   53 1334 200628.392 200210.040  0.21%   761 2100s
  2270  1016 200318.188   55 1414 200628.392 200210.040  0.21%   763 2105s
  2278  1024 200344.563   63 1237 200628.392 200210.040  0.21%   762 2110s
  2287  1033 200371.802   72 1238 200628.392 200210.040  0.21%   761 2115s
  2302  1048 200406.155   87 1095 200628.392 200210.040  0.21%   758 2122s
  2306  1052 200516.490   88 1249 200628.392 200210.040  0.21%   760 2125s
  2311  1055 200487.397   90 1042 200628.392 200210.040  0.21%   762 2130s
  2320  1062 200517.595  100 1168 200628.392 200210.040  0.21%   762 2135s
  2332  1074 200488.295  108  916 200628.392 200210.040  0.21%   759 2142s
  2355  1094 200524.864  127  666 200628.392 200210.040  0.21%   754 2145s
  2380  1106 200544.670  135  631 200628.392 200210.040  0.21%   748 2152s
  2407  1112 200576.618  148  602 200628.392 200210.040  0.21%   741 2155s
  2461  1126 200619.402  171  537 200628.392 200210.040  0.21%   727 2163s
  2464  1125 200339.305   29 1441 200628.392 200210.060  0.21%   731 2174s
  2465  1126 200355.524   30 1380 200628.392 200210.060  0.21%   731 2175s
  2480  1140 200404.591   45 1263 200628.392 200210.060  0.21%   729 2180s
  2504  1162 200498.022   68 1164 200628.392 200210.060  0.21%   725 2185s
  2515  1165 200599.318   73  970 200628.392 200210.060  0.21%   725 2190s
  2524  1164 200250.451   29 1650 200628.392 200210.719  0.21%   726 2215s
  2525  1165 200271.850   30 1602 200628.392 200210.719  0.21%   728 2220s
  2530  1170 200300.382   35 1543 200628.392 200210.719  0.21%   728 2225s
  2536  1176 200313.460   41 1537 200628.392 200210.719  0.21%   727 2230s
  2540  1180 200330.053   45 1465 200628.392 200210.719  0.21%   727 2235s
  2548  1188 200356.630   53 1411 200628.392 200210.719  0.21%   726 2240s
  2556  1196 200379.206   58 1415 200628.392 200210.719  0.21%   726 2245s
  2564  1203 200391.675   65 1300 200628.392 200210.719  0.21%   726 2250s
  2569  1208 200410.447   70 1082 200628.392 200210.719  0.21%   726 2255s
  2582  1221 200450.467   83  982 200628.392 200210.719  0.21%   725 2260s
  2595  1232 200474.492   94 1041 200628.392 200210.719  0.21%   724 2265s
  2620  1257 200568.741  112  992 200628.392 200210.719  0.21%   720 2276s
  2629  1260     cutoff  117      200628.392 200210.719  0.21%   721 2280s
  2632  1261 200563.959  121  758 200628.392 200210.719  0.21%   721 2285s
  2668  1278 200600.818  137  703 200628.392 200210.719  0.21%   715 2290s
  2672  1278 200606.600  138  708 200628.392 200210.719  0.21%   714 2295s
  2677  1275 200217.410   21 1657 200628.392 200210.719  0.21%   715 2306s
  2679  1277 200221.141   23 1613 200628.392 200210.719  0.21%   716 2310s
  2684  1282 200231.253   28 1562 200628.392 200210.719  0.21%   716 2315s
  2689  1287 200238.734   33 1547 200628.392 200210.719  0.21%   716 2320s
  2695  1293 200248.346   39 1479 200628.392 200210.719  0.21%   715 2325s
  2696  1294 200270.138   40 1570 200628.392 200210.719  0.21%   716 2330s
  2698  1296 200252.648   41 1476 200628.392 200210.719  0.21%   717 2335s
  2704  1302 200276.663   47 1538 200628.392 200210.719  0.21%   717 2343s
  2705  1303 200456.279   47  631 200628.392 200210.719  0.21%   719 2346s
  2708  1306 200301.559   50 1373 200628.392 200210.719  0.21%   719 2350s
  2715  1313 200325.763   57 1333 200628.392 200210.719  0.21%   719 2355s
  2718  1314 200395.762   57 1401 200628.392 200210.719  0.21%   723 2363s
  2722  1318 200368.850   62 1194 200628.392 200210.719  0.21%   722 2365s
  2732  1328 200394.357   72 1174 200628.392 200210.719  0.21%   722 2370s
  2741  1337 200418.493   80 1089 200628.392 200210.719  0.21%   722 2375s
  2757  1353 200550.015   91 1181 200628.392 200210.719  0.21%   721 2382s
  2766  1362 200540.664   98 1110 200628.392 200210.719  0.21%   722 2386s
  2767  1363 200488.994  102  855 200628.392 200210.719  0.21%   722 2396s
  2771  1363 200548.675  104  897 200628.392 200210.719  0.21%   723 2400s
  2776  1364 200496.829  106  840 200628.392 200210.719  0.21%   723 2417s
  2790  1376 infeasible  115      200628.392 200210.719  0.21%   722 2420s
  2799  1377 200237.688   21 1725 200628.392 200211.502  0.21%   724 2445s
  2801  1379 200424.349   23 1424 200628.392 200211.502  0.21%   727 2453s
  2802  1380 200425.630   24 1424 200628.392 200211.502  0.21%   727 2455s
  2816  1389 200470.205   36 1366 200628.392 200211.502  0.21%   725 2460s
  2835  1406 200537.446   54 1209 200628.392 200211.502  0.21%   722 2465s
  2850  1407 200241.413   15 1662 200628.392 200214.011  0.21%   723 2495s
  2852  1409 200359.991   16 1195 200628.392 200214.011  0.21%   726 2502s
  2854  1411 200483.939   17  985 200628.392 200214.011  0.21%   727 2505s
  2858  1415 200516.184   19  914 200628.392 200214.011  0.21%   729 2510s
  2866  1417     cutoff   23      200628.392 200214.011  0.21%   732 2517s
  2868  1419 200514.863   24 1081 200628.392 200214.011  0.21%   733 2520s
  2877  1421 200397.479   29 1178 200628.392 200214.011  0.21%   734 2539s
  2883  1423 200601.446   32  815 200628.392 200214.011  0.21%   735 2541s
  2893  1425     cutoff   37      200628.392 200214.011  0.21%   734 2545s
  2900  1430 200423.791   41 1130 200628.392 200214.011  0.21%   736 2550s
  2906  1432 200450.537   44 1076 200628.392 200214.011  0.21%   739 2556s
  2913  1437 200546.489   47  831 200628.392 200214.011  0.21%   740 2561s
  2920  1442 200468.950   51 1021 200628.392 200214.011  0.21%   741 2565s
  2932  1446 200492.073   57  956 200628.392 200214.011  0.21%   742 2608s
  2939  1453 200546.398   60  607 200628.392 200214.011  0.21%   742 2610s
  2953  1457 200595.591   67  443 200628.392 200214.011  0.21%   742 2615s
  2988  1472 200318.697   20 1473 200628.392 200214.020  0.21%   741 2633s
  2989  1473 200338.203   21 1428 200628.392 200214.020  0.21%   742 2635s
  2991  1475 200341.997   23 1417 200628.392 200214.020  0.21%   741 2647s
  2994  1478 200351.761   26 1409 200628.392 200214.020  0.21%   741 2652s
  2997  1481 200370.990   29 1344 200628.392 200214.020  0.21%   741 2658s
  3005  1489 200427.140   37 1298 200628.392 200214.020  0.21%   739 2660s
  3006  1490 200462.308   38 1272 200628.392 200214.020  0.21%   740 2669s
  3010  1494 200472.777   42 1270 200628.392 200214.020  0.21%   739 2670s
  3026  1508     cutoff   58      200628.392 200214.020  0.21%   738 2675s
  3030  1506 200241.255   20 1733 200628.392 200217.307  0.20%   742 2707s
  3031  1507 200309.003   21 1552 200628.392 200217.307  0.20%   744 2715s
  3037  1513 200538.961   27  840 200628.392 200217.307  0.20%   747 2727s
  3055  1520 200610.015   40  678 200628.392 200217.307  0.20%   744 2730s
  3066  1519 200281.412   35 1690 200628.392 200217.331  0.20%   745 2745s
  3071  1524 200293.963   40 1626 200628.392 200217.331  0.20%   745 2750s
  3074  1527 200313.336   43 1536 200628.392 200217.331  0.20%   746 2756s
  3080  1533 200325.956   49 1514 200628.392 200217.331  0.20%   746 2760s
  3082  1535 200378.115   50 1374 200628.392 200217.331  0.20%   747 2765s
  3092  1544 200432.564   60 1139 200628.392 200217.331  0.20%   746 2770s
  3097  1549 200446.389   65 1102 200628.392 200217.331  0.20%   745 2779s
  3100  1552 200485.984   68 1072 200628.392 200217.331  0.20%   745 2780s
  3117  1569 200562.930   85  913 200628.392 200217.331  0.20%   743 2785s
  3134  1586 200597.883   95  863 200628.392 200217.331  0.20%   741 2790s
  3151  1591 200263.573   35 1642 200628.392 200217.411  0.20%   742 2803s
  3154  1594 200268.881   38 1608 200628.392 200217.411  0.20%   741 2805s
  3160  1600 200297.862   44 1474 200628.392 200217.411  0.20%   742 2812s
  3164  1603 200308.368   48 1459 200628.392 200217.411  0.20%   741 2815s
  3174  1613 200329.357   58 1426 200628.392 200217.411  0.20%   740 2820s
  3186  1625 200368.100   70 1320 200628.392 200217.411  0.20%   739 2826s
  3192  1631 200457.964   76 1121 200628.392 200217.411  0.20%   740 2830s
  3209  1638     cutoff   86      200628.392 200217.411  0.20%   738 2835s
  3210  1639 200407.535   22 1290 200628.392 200217.644  0.20%   742 2844s
  3211  1640 200409.430   23 1261 200628.392 200217.644  0.20%   741 2845s
  3221  1650 200464.853   33 1118 200628.392 200217.644  0.20%   741 2850s
  3243  1671 200547.016   55  852 200628.392 200217.644  0.20%   739 2855s
  3256  1677 200267.057   37 1641 200628.392 200217.664  0.20%   740 2869s
  3257  1678 200267.852   38 1604 200628.392 200217.664  0.20%   740 2870s
  3264  1685 200276.320   45 1565 200628.392 200217.664  0.20%   739 2875s
  3272  1693 200293.627   53 1525 200628.392 200217.664  0.20%   739 2880s
  3276  1697 200326.857   57 1525 200628.392 200217.664  0.20%   739 2885s
  3283  1704 200557.379   64 1136 200628.392 200217.664  0.20%   740 2891s
  3297  1708 200335.591   37 1496 200628.392 200219.466  0.20%   741 2905s
  3298  1709 200496.062   38  926 200628.392 200219.466  0.20%   744 2913s
  3301  1710 200343.340   39 1448 200628.392 200219.466  0.20%   744 2915s
  3305  1714 200539.095   40 1270 200628.392 200219.466  0.20%   745 2920s
  3324  1720 200533.575   48 1276 200628.392 200219.466  0.20%   743 2925s
  3332  1718 200474.046   23 1464 200628.392 200221.189  0.20%   746 2943s
  3335  1721 200489.672   26 1393 200628.392 200221.189  0.20%   746 2945s
  3345  1727     cutoff   35      200628.392 200221.189  0.20%   746 2950s
  3349  1725 200424.483   24 1474 200628.392 200222.818  0.20%   750 2965s
  3352  1726 200452.211   26 1435 200628.392 200222.818  0.20%   750 2970s
  3353  1725     cutoff   27      200628.392 200222.818  0.20%   753 2979s
  3357  1725     cutoff   29      200628.392 200222.818  0.20%   752 2980s
  3361  1725     cutoff   31      200628.392 200222.818  0.20%   753 2985s
  3372  1726     cutoff   37      200628.392 200222.818  0.20%   753 2990s
  3380  1726 200228.440   25 1620 200628.392 200224.093  0.20%   755 3006s
  3382  1728 200253.868   27 1481 200628.392 200224.093  0.20%   756 3012s
  3383  1729 200451.176   28 1243 200628.392 200224.093  0.20%   758 3019s
  3393  1739 200498.423   38 1206 200628.392 200224.093  0.20%   756 3020s
  3428  1763 200626.553   66  870 200628.392 200224.093  0.20%   750 3025s
  3432  1761 200438.933   26 1485 200628.392 200225.425  0.20%   754 3041s
  3439  1766 200486.593   32 1393 200628.392 200225.425  0.20%   753 3045s
  3461  1788 200624.172   54 1094 200628.392 200225.425  0.20%   751 3051s
  3479  1785 200238.594   27 1614 200628.392 200228.321  0.20%   751 3065s
  3484  1790 200249.528   32 1527 200628.392 200228.321  0.20%   751 3070s
  3486  1792 200269.143   34 1466 200628.392 200228.321  0.20%   752 3076s
  3490  1796 200277.460   38 1443 200628.392 200228.321  0.20%   752 3080s
  3494  1800 200319.525   42 1280 200628.392 200228.321  0.20%   752 3086s
  3495  1801 200370.039   43 1398 200628.392 200228.321  0.20%   754 3091s
  3498  1804 200549.736   46 1012 200628.392 200228.321  0.20%   754 3095s
  3510  1809 200271.384   31 1699 200628.392 200228.326  0.20%   756 3110s
  3515  1814 200290.687   36 1567 200628.392 200228.326  0.20%   755 3115s
  3520  1819 200303.063   41 1548 200628.392 200228.326  0.20%   755 3120s
  3527  1826 200324.196   48 1490 200628.392 200228.326  0.20%   755 3125s
  3539  1837 200350.602   60 1474 200628.392 200228.326  0.20%   754 3130s
  3549  1847 200389.959   70 1438 200628.392 200228.326  0.20%   753 3135s
  3562  1860 200445.458   83 1332 200628.392 200228.326  0.20%   751 3140s
  3585  1881     cutoff  106      200628.392 200228.326  0.20%   749 3145s
  3591  1879 200292.815   31 1708 200628.392 200228.441  0.20%   753 3169s
  3592  1880 200295.250   32 1654 200628.392 200228.441  0.20%   753 3170s
  3600  1888 200313.286   40 1628 200628.392 200228.441  0.20%   753 3175s
  3606  1894 200341.429   46 1557 200628.392 200228.441  0.20%   752 3180s
  3615  1902 200382.194   55 1514 200628.392 200228.441  0.20%   752 3185s
  3624  1910 200464.885   62 1261 200628.392 200228.441  0.20%   752 3190s
  3651  1934     cutoff   88      200628.392 200228.441  0.20%   748 3195s
  3677  1953 200599.711  100  766 200628.392 200228.441  0.20%   745 3200s
  3686  1946 200492.661   26 1432 200628.392 200229.556  0.20%   748 3214s
  3688  1948 200497.988   28 1421 200628.392 200229.556  0.20%   748 3215s
  3715  1965     cutoff   28      200628.392 200231.253  0.20%   747 3230s
  3716  1966 200454.926   29 1491 200628.392 200231.261  0.20%   751 3245s
  3727  1977 200529.542   40 1284 200628.392 200231.261  0.20%   750 3250s
  3744  1985 200429.742   23 1484 200628.392 200231.953  0.20%   751 3268s
  3746  1987 200480.108   25 1416 200628.392 200231.953  0.20%   751 3270s
  3751  1985 200600.269   25  873 200628.392 200231.953  0.20%   753 3276s
  3753  1985 200282.769   27 1500 200628.392 200232.535  0.20%   755 3283s
  3755  1987 200536.474   28 1182 200628.392 200232.535  0.20%   756 3287s
  3757  1989 200534.447   29 1191 200628.392 200232.535  0.20%   757 3292s
  3759  1991 200373.733   30 1396 200628.392 200232.535  0.20%   758 3295s
  3761  1993 200480.855   31 1176 200628.392 200232.535  0.20%   759 3300s
  3763  1993     cutoff   32      200628.392 200232.535  0.20%   760 3305s
  3768  1994     cutoff   35      200628.392 200232.535  0.20%   762 3316s
  3771  1997 200342.147   36 1456 200628.392 200232.535  0.20%   763 3320s
  3774  2000 200402.057   37 1372 200628.392 200232.535  0.20%   764 3325s
  3777  2003 200297.280   39 1404 200628.392 200232.535  0.20%   765 3330s
  3783  2007 200299.172   42 1386 200628.392 200232.535  0.20%   765 3335s
  3786  2010 200393.463   43 1312 200628.392 200232.535  0.20%   767 3342s
  3790  2012 200336.679   45 1306 200628.392 200232.535  0.20%   768 3347s
  3792  2014 200430.089   46 1330 200628.392 200232.535  0.20%   769 3351s
  3796  2018 200335.709   48 1396 200628.392 200232.535  0.20%   770 3356s
  3798  2020 200387.613   49 1383 200628.392 200232.535  0.20%   771 3360s
  3801  2023 200373.064   51 1322 200628.392 200232.535  0.20%   773 3367s
  3805  2027 200481.481   53  580 200628.392 200232.535  0.20%   774 3370s
  3848  2057     cutoff   75      200628.392 200232.535  0.20%   768 3375s
  3916  2091 200251.443   30 1600 200628.392 200232.864  0.20%   759 3391s
  3917  2092 200399.326   31 1289 200628.392 200232.864  0.20%   760 3396s
  3923  2096 200404.135   33 1281 200628.392 200232.864  0.20%   760 3400s
  3925  2098 200275.946   33 1548 200628.392 200232.864  0.20%   761 3405s
  3935  2100     cutoff   37      200628.392 200232.864  0.20%   763 3411s
  3979  2102 200280.078   31 1307 200628.392 200234.915  0.20%   757 3421s
  3981  2104 200453.721   33  984 200628.392 200234.915  0.20%   759 3429s
  3982  2103 infeasible   34      200628.392 200234.915  0.20%   760 3431s
  3988  2109 200520.604   39  854 200628.392 200234.915  0.20%   759 3435s
  3994  2115 200609.751   45  695 200628.392 200234.915  0.20%   759 3440s
  3999  2112 200292.793   32 1709 200628.392 200234.939  0.20%   761 3458s
  4001  2114 200295.910   34 1631 200628.392 200234.939  0.20%   761 3460s
  4006  2119 200321.484   39 1552 200628.392 200234.939  0.20%   761 3465s
  4008  2121 200341.668   41 1541 200628.392 200234.939  0.20%   761 3491s
  4011  2122     cutoff   44      200628.392 200234.939  0.20%   765 3504s
  4013  2124 200355.411   45 1531 200628.392 200234.939  0.20%   765 3505s
  4024  2133 200380.745   56 1494 200628.392 200234.939  0.20%   764 3510s
  4036  2145 200416.365   68 1430 200628.392 200234.939  0.20%   763 3515s
  4051  2158     cutoff   83      200628.392 200234.939  0.20%   762 3521s
  4066  2169     cutoff   96      200628.392 200234.939  0.20%   761 3525s
  4074  2169 200279.425   32 1707 200628.392 200235.320  0.20%   763 3542s
  4076  2171 200284.204   34 1653 200628.392 200235.320  0.20%   763 3545s
  4078  2171     cutoff   36      200628.392 200235.320  0.20%   765 3554s
  4079  2172 200296.479   36 1597 200628.392 200235.320  0.20%   765 3557s
  4083  2174     cutoff   40      200628.392 200235.320  0.20%   765 3560s
  4092  2180 infeasible   48      200628.392 200235.320  0.20%   768 3574s
  4093  2181 200336.342   48 1572 200628.392 200235.320  0.20%   768 3575s
  4095  2181 infeasible   50      200628.392 200235.320  0.20%   770 3582s
  4098  2184 200570.821   52 1024 200628.392 200235.320  0.20%   773 3593s
  4101  2182 infeasible   53      200628.392 200235.320  0.20%   773 3595s
  4103  2182 infeasible   53      200628.392 200235.320  0.20%   778 3615s
  4108  2185     cutoff   57      200628.392 200235.320  0.20%   783 3635s
  4111  2186     cutoff   59      200628.392 200235.320  0.20%   783 3640s
  4115  2188 200569.462   61 1006 200628.392 200235.320  0.20%   785 3648s
  4119  2188     cutoff   64      200628.392 200235.320  0.20%   785 3650s
  4123  2188 200261.282   25 1697 200628.392 200235.351  0.20%   786 3674s
  4124  2189 200274.964   26 1620 200628.392 200235.351  0.20%   787 3677s
  4127  2192 200279.721   29 1607 200628.392 200235.351  0.20%   787 3680s
  4132  2197 200468.698   34 1306 200628.392 200235.351  0.20%   788 3690s
  4138  2199     cutoff   39      200628.392 200235.351  0.20%   788 3696s
  4156  2217 200512.287   56 1213 200628.392 200235.351  0.20%   786 3700s
  4169  2219 200251.227   25 1659 200628.392 200235.502  0.20%   787 3718s
  4170  2220 200254.292   26 1581 200628.392 200235.502  0.20%   788 3720s
  4172  2222 200266.234   28 1525 200628.392 200235.502  0.20%   788 3725s
  4177  2227 200304.109   33 1525 200628.392 200235.502  0.20%   789 3734s
  4178  2228 200317.475   33 1412 200628.392 200235.502  0.20%   789 3737s
  4187  2237 200341.828   42 1373 200628.392 200235.502  0.20%   788 3740s
  4204  2253 200380.846   59 1210 200628.392 200235.502  0.20%   786 3745s
  4217  2264 200449.823   67 1036 200628.392 200235.502  0.20%   786 3750s
  4231  2277 200486.690   80  985 200628.392 200235.502  0.20%   785 3755s
  4250  2292     cutoff   93      200628.392 200235.502  0.20%   784 3760s
  4272  2299 200341.893   23 1486 200628.392 200235.503  0.20%   785 3779s
  4275  2301 200527.716   26 1242 200628.392 200235.503  0.20%   787 3788s
  4276  2302 200556.226   27 1120 200628.392 200235.503  0.20%   788 3791s
  4292  2304 200410.868   23 1242 200628.392 200236.290  0.20%   788 3800s
  4320  2331 200502.692   51  985 200628.392 200236.290  0.20%   785 3805s
  4351  2346 200339.319   32 1653 200628.392 200236.818  0.20%   784 3826s
  4356  2351 200434.481   37 1353 200628.392 200236.818  0.20%   784 3832s
  4366  2361 200456.275   47 1251 200628.392 200236.818  0.20%   783 3835s
  4380  2371 200505.694   59 1193 200628.392 200236.818  0.20%   782 3840s
  4402  2382 200286.893   22 1546 200628.392 200236.818  0.20%   782 3855s
  4404  2384 200306.651   24 1468 200628.392 200236.818  0.20%   782 3861s
  4410  2390 200344.249   30 1438 200628.392 200236.818  0.20%   782 3865s
  4432  2410 200403.003   52 1337 200628.392 200236.818  0.20%   780 3870s
  4445  2423 200511.666   65 1150 200628.392 200236.818  0.20%   778 3875s
  4466  2436 200285.716   22 1527 200628.392 200237.038  0.20%   778 3889s
  4467  2437 200422.311   23 1210 200628.392 200237.038  0.20%   780 3898s
  4469  2437     cutoff   25      200628.392 200237.038  0.20%   780 3900s
  4473  2437 infeasible   27      200628.392 200237.038  0.20%   782 3908s
  4487  2441     cutoff   36      200628.392 200237.038  0.20%   781 3911s
  4500  2442     cutoff   43      200628.392 200237.038  0.20%   780 3916s
  4506  2443     cutoff   47      200628.392 200237.038  0.20%   781 3920s
  4532  2454 200537.300   65  911 200628.392 200237.038  0.20%   778 3925s
  4541  2453 200480.035   27 1034 200628.392 200237.051  0.20%   779 3932s
  4546  2458 200613.179   32  486 200628.392 200237.051  0.20%   779 3935s
  4553  2456 200276.953   27 1567 200628.392 200237.710  0.19%   780 3946s
  4558  2461 200291.140   32 1427 200628.392 200237.710  0.19%   781 3952s
  4559  2462 200328.087   33 1319 200628.392 200237.710  0.19%   781 3957s
  4565  2468 200345.956   39 1326 200628.392 200237.710  0.19%   781 3960s
  4566  2469 200589.224   40  933 200628.392 200237.710  0.19%   783 3969s
  4569  2468 200349.121   40 1309 200628.392 200237.710  0.19%   783 3970s
  4570  2469 200493.689   41 1134 200628.392 200237.710  0.19%   785 3978s
  4579  2474     cutoff   49      200628.392 200237.710  0.19%   784 3981s
  4594  2479 200405.426   22 1313 200628.392 200238.206  0.19%   785 3994s
  4596  2481 200410.864   24 1285 200628.392 200238.206  0.19%   785 3995s
  4598  2479     cutoff   23      200628.392 200238.206  0.19%   787 4000s
  4606  2479     cutoff   29      200628.392 200238.206  0.19%   788 4006s
  4607  2480 200517.881   28  894 200628.392 200238.206  0.19%   788 4021s
  4617  2479     cutoff   34      200628.392 200238.206  0.19%   788 4025s
  4621  2479 200281.859   36 1696 200628.392 200238.225  0.19%   790 4043s
  4622  2480 200282.973   37 1666 200628.392 200238.225  0.19%   790 4045s
  4626  2484 200304.096   41 1575 200628.392 200238.225  0.19%   790 4052s
  4627  2483 infeasible   42      200628.392 200238.225  0.19%   792 4062s
  4629  2485 200352.861   43 1410 200628.392 200238.225  0.19%   792 4067s
  4637  2493 200375.931   51 1371 200628.392 200238.225  0.19%   792 4070s
  4643  2494     cutoff   56      200628.392 200238.225  0.19%   792 4076s
  4649  2498 200397.131   60 1186 200628.392 200238.225  0.19%   792 4080s
  4666  2515 200507.743   77 1041 200628.392 200238.225  0.19%   791 4085s
  4679  2522 200584.524   85  880 200628.392 200238.225  0.19%   790 4090s
  4689  2520 200566.930   83  913 200628.392 200238.225  0.19%   790 4095s
  4704  2520 200508.925   36 1408 200628.392 200238.437  0.19%   793 4116s
  4708  2520     cutoff   39      200628.392 200238.437  0.19%   793 4120s
  4711  2519 200489.115   33 1423 200628.392 200238.597  0.19%   797 4138s
  4717  2525 200505.330   39 1373 200628.392 200238.597  0.19%   796 4140s
  4741  2549 200558.677   63 1196 200628.392 200238.597  0.19%   793 4145s
  4759  2560 200490.245   28 1410 200628.392 200238.736  0.19%   794 4165s
  4763  2560     cutoff   31      200628.392 200238.736  0.19%   795 4170s
  4767  2560 200568.650   34 1276 200628.392 200239.727  0.19%   798 4189s
  4768  2561 200571.690   35 1241 200628.392 200239.727  0.19%   798 4190s
  4780  2565 200583.415   41 1188 200628.392 200239.727  0.19%   798 4195s
  4794  2568 200614.017   48 1080 200628.392 200239.727  0.19%   798 4200s
  4798  2566 200288.866   34 1698 200628.392 200239.732  0.19%   800 4218s
  4799  2567 200291.171   35 1659 200628.392 200239.732  0.19%   800 4220s
  4803  2571 200309.946   39 1582 200628.392 200239.732  0.19%   800 4225s
  4812  2580 200349.090   48 1540 200628.392 200239.732  0.19%   799 4230s
  4826  2594 200384.137   62 1469 200628.392 200239.732  0.19%   798 4235s
  4841  2608 200442.356   77 1336 200628.392 200239.732  0.19%   797 4240s
  4864  2629 200552.127  100 1144 200628.392 200239.732  0.19%   794 4245s
  4873  2634     cutoff  108      200628.392 200239.732  0.19%   793 4250s
  4877  2632 200287.000   34 1725 200628.392 200239.739  0.19%   795 4266s
  4880  2635 200294.784   37 1687 200628.392 200239.739  0.19%   795 4270s
  4881  2636 200451.646   38 1390 200628.392 200239.739  0.19%   796 4279s
  4882  2637 200473.397   39 1291 200628.392 200239.739  0.19%   796 4280s
  4897  2643 200492.362   29 1403 200628.392 200240.121  0.19%   798 4300s
  4901  2643 200561.021   30 1231 200628.392 200240.121  0.19%   799 4306s
  4908  2642 200275.555   35 1534 200628.392 200240.293  0.19%   800 4331s
  4910  2644 200290.200   37 1413 200628.392 200240.293  0.19%   800 4335s
  4918  2652 200351.232   45 1293 200628.392 200240.293  0.19%   800 4340s
  4932  2665 200503.785   59 1093 200628.392 200240.293  0.19%   800 4347s
  4950  2675     cutoff   72      200628.392 200240.293  0.19%   798 4350s
  4952  2675 200291.969   13 1552 200628.392 200240.534  0.19%   799 4361s
  4955  2676 infeasible   16      200628.392 200240.534  0.19%   802 4377s
  4958  2677     cutoff   18      200628.392 200240.534  0.19%   802 4380s
  4966  2679     cutoff   23      200628.392 200240.534  0.19%   802 4386s
  4977  2684 200442.580   30 1328 200628.392 200240.534  0.19%   801 4390s
  4993  2688 200515.606   40 1072 200628.392 200240.534  0.19%   800 4395s
  5005  2690 200529.590   46 1042 200628.392 200240.534  0.19%   799 4408s
  5007  2690 200532.216   47 1046 200628.392 200240.534  0.19%   799 4410s
  5034  2692 infeasible   30      200628.392 200241.290  0.19%   798 4428s
  5035  2693 200424.539   27 1263 200628.392 200241.291  0.19%   800 4437s
  5037  2693 200453.579   28 1122 200628.392 200241.291  0.19%   800 4440s
  5045  2693     cutoff   31      200628.392 200241.291  0.19%   801 4446s
  5053  2697 200485.920   35 1098 200628.392 200241.291  0.19%   801 4450s
  5058  2696     cutoff   36      200628.392 200241.291  0.19%   802 4455s
  5062  2696 200573.646   37  817 200628.392 200241.291  0.19%   803 4478s
  5066  2694 200484.556   21 1051 200628.392 200242.569  0.19%   805 4488s
  5071  2699 200503.980   26 1019 200628.392 200242.569  0.19%   805 4490s
  5080  2700 200267.943   31 1698 200628.392 200242.713  0.19%   807 4526s
  5081  2701 200310.207   32 1534 200628.392 200242.713  0.19%   807 4531s
  5082  2702 200349.647   33 1444 200628.392 200242.713  0.19%   808 4536s
  5090  2710 200367.205   41 1407 200628.392 200242.713  0.19%   807 4540s
  5097  2715     cutoff   48      200628.392 200242.713  0.19%   808 4546s
  5107  2724 200446.711   57 1265 200628.392 200242.713  0.19%   807 4550s
  5120  2737 200515.906   70 1130 200628.392 200242.713  0.19%   806 4555s
  5129  2744 200607.529   78  796 200628.392 200242.713  0.19%   806 4560s
  5146  2751 200338.131   36 1713 200628.392 200244.425  0.19%   807 4583s
  5147  2752 200339.730   37 1685 200628.392 200244.425  0.19%   807 4585s
  5157  2761 200371.879   47 1597 200628.392 200244.425  0.19%   806 4590s
  5171  2775 200395.368   61 1554 200628.392 200244.425  0.19%   805 4595s
  5185  2789 200420.569   75 1470 200628.392 200244.425  0.19%   803 4600s
  5187  2791 200426.326   77 1461 200628.392 200244.425  0.19%   803 4648s
  5192  2796 200442.447   82 1381 200628.392 200244.425  0.19%   803 4650s
  5217  2816 200480.714  107 1303 200628.392 200244.425  0.19%   800 4655s
  5239  2836 200524.121  128 1184 200628.392 200244.425  0.19%   797 4660s
  5248  2831     cutoff   37      200628.392 200244.840  0.19%   800 4677s
  5249  2832 200456.197   38 1398 200628.392 200245.389  0.19%   802 4693s
  5251  2832     cutoff   40      200628.392 200245.389  0.19%   803 4697s
  5252  2833 200476.112   40 1398 200628.392 200245.389  0.19%   803 4700s
  5253  2832     cutoff   41      200628.392 200245.389  0.19%   805 4709s
  5255  2834 200600.027   42 1102 200628.392 200245.389  0.19%   805 4712s
  5268  2834     cutoff   49      200628.392 200245.389  0.19%   805 4719s
  5272  2834     cutoff   51      200628.392 200245.389  0.19%   805 4720s
  5281  2834     cutoff   56      200628.392 200245.389  0.19%   805 4725s
  5295  2836 200283.986   23 1734 200628.392 200246.085  0.19%   806 4744s
  5296  2837 200286.331   24 1711 200628.392 200246.085  0.19%   806 4745s
  5301  2842 200296.694   29 1649 200628.392 200246.085  0.19%   805 4750s
  5307  2847 200318.637   35 1638 200628.392 200246.085  0.19%   805 4755s
  5316  2856 200334.867   44 1588 200628.392 200246.085  0.19%   804 4760s
  5324  2864 200354.325   52 1554 200628.392 200246.085  0.19%   804 4765s
  5337  2877 200387.192   65 1477 200628.392 200246.085  0.19%   803 4770s
  5355  2893 200504.078   82 1198 200628.392 200246.085  0.19%   801 4775s
  5368  2896 200552.174   87 1113 200628.392 200246.085  0.19%   800 4780s
  5374  2894 200286.042   32 1271 200628.392 200246.306  0.19%   801 4788s
  5375  2895 200295.066   33 1179 200628.392 200246.306  0.19%   801 4790s
  5379  2897     cutoff   37      200628.392 200246.306  0.19%   803 4797s
  5384  2902 200543.945   41  866 200628.392 200246.306  0.19%   803 4801s
  5404  2913 200310.706   39 1682 200628.392 200247.553  0.19%   804 4820s
  5407  2916 200331.911   42 1556 200628.392 200247.553  0.19%   804 4825s
  5410  2917     cutoff   45      200628.392 200247.553  0.19%   804 4830s
  5419  2926 200362.299   53 1532 200628.392 200247.553  0.19%   803 4835s
  5432  2938 200400.739   66 1493 200628.392 200247.553  0.19%   802 4840s
  5437  2941     cutoff   71      200628.392 200247.553  0.19%   803 4848s
  5442  2946 200420.221   75 1420 200628.392 200247.553  0.19%   803 4850s
  5460  2962     cutoff   93      200628.392 200247.553  0.19%   802 4858s
  5465  2967 200464.088   97 1319 200628.392 200247.553  0.19%   801 4860s
  5476  2973     cutoff  107      200628.392 200247.553  0.19%   801 4865s
  5483  2972 200510.195   28 1430 200628.392 200249.371  0.19%   804 4883s
  5484  2973 200539.700   29 1365 200628.392 200249.371  0.19%   804 4885s
  5494  2974 200306.683   24 1347 200628.392 200249.546  0.19%   805 4897s
  5502  2982 200338.323   32 1186 200628.392 200249.546  0.19%   804 4900s
  5532  3011 200397.537   62 1057 200628.392 200249.546  0.19%   801 4905s
  5540  3014 200426.277   68  903 200628.392 200249.546  0.19%   801 4910s
  5574  3046 200508.085  101  623 200628.392 200249.546  0.19%   798 4915s
  5577  3047 200514.701  103  614 200628.392 200249.546  0.19%   798 4926s
  5587  3047 200456.382   33 1396 200628.392 200249.657  0.19%   800 4944s
  5589  3049 200495.063   34 1366 200628.392 200249.657  0.19%   799 4945s
  5595  3053     cutoff   37      200628.392 200249.657  0.19%   800 4950s
  5603  3056 200473.204   42 1319 200628.392 200249.657  0.19%   800 4955s
  5613  3062 200482.320   47 1300 200628.392 200249.657  0.19%   800 4960s
  5625  3064 infeasible   52      200628.392 200249.657  0.19%   800 4965s
  5638  3067 200616.475   59 1009 200628.392 200249.657  0.19%   800 4970s
  5659  3079 200562.712   70 1032 200628.392 200249.657  0.19%   798 4975s
  5681  3077 200459.578   29 1440 200628.392 200249.776  0.19%   799 4994s
  5683  3078 200461.140   31 1414 200628.392 200249.776  0.19%   799 4995s
  5704  3099 200512.713   52 1228 200628.392 200249.776  0.19%   797 5000s
  5738  3128     cutoff   84      200628.392 200249.776  0.19%   794 5005s
  5743  3127 200308.714   27 1529 200628.392 200249.783  0.19%   795 5016s
  5744  3128 200413.099   28 1051 200628.392 200249.783  0.19%   795 5020s
  5748  3130 200318.641   29 1487 200628.392 200249.783  0.19%   796 5025s
  5754  3136 200490.826   31 1347 200628.392 200249.783  0.19%   796 5031s
  5759  3137     cutoff   32      200628.392 200249.783  0.19%   796 5035s
  5768  3144 200410.356   37 1352 200628.392 200249.783  0.19%   796 5040s
  5786  3142 200459.563   25 1166 200628.392 200250.495  0.19%   797 5055s
  5806  3161 200521.846   45 1020 200628.392 200250.495  0.19%   796 5060s
  5824  3169 200499.463   30 1111 200628.392 200251.143  0.19%   796 5074s
  5825  3170 200504.832   31 1095 200628.392 200251.143  0.19%   796 5075s
  5849  3180 200313.912   47 1553 200628.392 200251.146  0.19%   796 5091s
  5853  3184 200327.930   51 1484 200628.392 200251.146  0.19%   796 5096s
  5856  3187 200376.933   54 1326 200628.392 200251.146  0.19%   797 5103s
  5860  3191 200389.964   58 1270 200628.392 200251.146  0.19%   796 5105s
  5873  3203 200451.175   71 1164 200628.392 200251.146  0.19%   796 5110s
  5887  3217 200567.391   85  967 200628.392 200251.146  0.19%   795 5115s
  5899  3218 200540.375   47 1293 200628.392 200251.181  0.19%   797 5135s
  5909  3218 200488.322   43 1453 200628.392 200251.181  0.19%   799 5155s
  5921  3218 infeasible   51      200628.392 200251.181  0.19%   799 5160s
  5928  3220     cutoff   56      200628.392 200251.181  0.19%   799 5166s
  5935  3221     cutoff   60      200628.392 200251.181  0.19%   799 5171s
  5943  3225 200572.705   65 1165 200628.392 200251.181  0.19%   799 5175s
  5958  3228 200313.460   43 1400 200628.392 200251.229  0.19%   799 5189s
  5959  3229 200315.378   44 1346 200628.392 200251.229  0.19%   799 5190s
  5963  3231     cutoff   48      200628.392 200251.229  0.19%   800 5195s
  5970  3236 infeasible   54      200628.392 200251.229  0.19%   801 5207s
  5978  3243 200383.352   61 1187 200628.392 200251.229  0.19%   801 5213s
  5982  3247 200390.692   65 1173 200628.392 200251.229  0.19%   800 5225s
  5984  3247     cutoff   67      200628.392 200251.229  0.19%   801 5231s
  5993  3253 200406.822   74 1146 200628.392 200251.229  0.19%   801 5235s
  6014  3269 200470.604   93 1045 200628.392 200251.229  0.19%   799 5240s
  6024  3273 200483.485  100 1034 200628.392 200251.229  0.19%   799 5245s
  6035  3280 200515.412  109  910 200628.392 200251.229  0.19%   799 5250s
  6059  3298 infeasible  131      200628.392 200251.229  0.19%   797 5255s
  6098  3315 200479.281   26 1406 200628.392 200251.624  0.19%   795 5270s
  6102  3319 200554.080   30 1236 200628.392 200251.624  0.19%   795 5277s
  6110  3318     cutoff   30      200628.392 200252.279  0.19%   796 5290s
  6111  3319 200420.223   21 1290 200628.392 200252.350  0.19%   797 5297s
  6116  3324 200464.867   26 1108 200628.392 200252.350  0.19%   797 5300s
  6145  3350     cutoff   53      200628.392 200252.350  0.19%   795 5305s
  6162  3352 200381.257   41 1658 200628.392 200252.584  0.19%   796 5325s
  6165  3355 200457.807   44 1473 200628.392 200252.584  0.19%   796 5331s
  6172  3362 200482.094   51 1408 200628.392 200252.584  0.19%   796 5335s
  6193  3381 200530.742   71 1303 200628.392 200252.584  0.19%   794 5340s
  6221  3400 200595.360   95 1126 200628.392 200252.584  0.19%   792 5345s
  6239  3400 200259.705   32 1577 200628.392 200252.648  0.19%   791 5357s
  6241  3402 200277.105   34 1492 200628.392 200252.648  0.19%   792 5362s
  6243  3404 200291.077   36 1547 200628.392 200252.648  0.19%   792 5365s
  6258  3418 200317.634   51 1491 200628.392 200252.648  0.19%   791 5370s
  6274  3434 200355.722   67 1390 200628.392 200252.648  0.19%   790 5375s
  6295  3455 200414.856   88 1286 200628.392 200252.648  0.19%   788 5380s
  6330  3490 200529.195  123 1131 200628.392 200252.648  0.19%   785 5385s
  6351  3496 infeasible  133      200628.392 200252.648  0.19%   784 5390s
  6352  3497 200288.243   42 1460 200628.392 200252.718  0.19%   786 5407s
  6354  3499 200335.240   44 1054 200628.392 200252.718  0.19%   786 5410s
  6356  3501 200466.338   46  571 200628.392 200252.718  0.19%   788 5421s
  6414  3552 200307.782   34 1434 200628.392 200252.925  0.19%   783 5432s
  6415  3553 200440.217   35 1336 200628.392 200252.925  0.19%   784 5439s
  6416  3554 200445.603   36 1319 200628.392 200252.925  0.19%   784 5440s
  6429  3566 200510.277   49 1243 200628.392 200252.925  0.19%   783 5445s
  6447  3581 200558.305   66 1144 200628.392 200252.925  0.19%   782 5450s
  6460  3582     cutoff   70      200628.392 200252.925  0.19%   782 5455s
  6463  3581 200477.098   31 1397 200628.392 200253.874  0.19%   784 5470s
  6481  3594 200534.769   47 1319 200628.392 200253.874  0.19%   782 5475s
  6497  3600 200268.723   28 1532 200628.392 200253.894  0.19%   782 5489s
  6498  3601 200272.453   29 1398 200628.392 200253.894  0.19%   783 5491s
  6505  3608 200315.292   36 1512 200628.392 200253.894  0.19%   783 5497s
  6514  3616 200332.980   45 1449 200628.392 200253.894  0.19%   782 5500s
  6532  3634 200362.273   63 1374 200628.392 200253.894  0.19%   781 5505s
  6557  3659 200421.703   88 1229 200628.392 200253.894  0.19%   779 5510s
  6582  3681 200584.135  112  932 200628.392 200253.894  0.19%   778 5515s
  6587  3678 200363.391   51 1279 200628.392 200253.896  0.19%   779 5523s
  6591  3678     cutoff   53      200628.392 200253.896  0.19%   778 5525s
  6611  3680     cutoff   63      200628.392 200253.896  0.19%   778 5532s
  6615  3680     cutoff   65      200628.392 200253.896  0.19%   779 5536s
  6617  3680 infeasible   66      200628.392 200253.896  0.19%   780 5540s
  6639  3683 200565.844   78  828 200628.392 200253.896  0.19%   779 5545s
  6673  3694 200598.510   95  654 200628.392 200253.896  0.19%   776 5550s
  6684  3693 200324.690   51 1482 200628.392 200254.001  0.19%   777 5564s
  6686  3695 200329.412   53 1429 200628.392 200254.001  0.19%   777 5565s
  6693  3702 200390.461   60 1260 200628.392 200254.001  0.19%   777 5570s
  6711  3720 200489.920   78 1047 200628.392 200254.001  0.19%   776 5575s
  6727  3727 200344.865   43 1661 200628.392 200254.432  0.19%   778 5607s
  6728  3728 200353.103   44 1525 200628.392 200254.432  0.19%   778 5610s
  6733  3731 200400.318   48 1407 200628.392 200254.432  0.19%   778 5615s
  6739  3736 200425.815   54 1418 200628.392 200254.432  0.19%   778 5620s
  6754  3749     cutoff   69      200628.392 200254.432  0.19%   777 5625s
  6775  3768     cutoff   89      200628.392 200254.432  0.19%   777 5630s
  6780  3765 200545.023   27 1370 200628.392 200254.463  0.19%   778 5645s
  6783  3764 200477.639   32 1417 200628.392 200254.820  0.19%   780 5663s
  6784  3765 200488.813   33 1436 200628.392 200254.820  0.19%   781 5665s
  6800  3780 200519.138   48 1281 200628.392 200254.820  0.19%   780 5670s
  6830  3807 200619.949   78 1034 200628.392 200254.820  0.19%   777 5675s
  6842  3804 200362.114   44 1675 200628.392 200254.898  0.19%   779 5702s
  6845  3807 200366.190   47 1626 200628.392 200254.898  0.19%   779 5705s
  6848  3810 200434.803   50 1452 200628.392 200254.898  0.19%   779 5714s
  6852  3814 200448.652   54 1454 200628.392 200254.898  0.19%   779 5715s
  6865  3827 200481.865   67 1352 200628.392 200254.898  0.19%   778 5720s
  6890  3852 200539.104   92 1169 200628.392 200254.898  0.19%   777 5725s
  6912  3862 200355.358   22 1503 200628.392 200254.992  0.19%   777 5742s
  6917  3865     cutoff   27      200628.392 200254.992  0.19%   777 5746s
  6928  3875 200390.424   37 1406 200628.392 200254.992  0.19%   776 5750s
  6937  3880 200401.171   44 1377 200628.392 200254.992  0.19%   776 5755s
  6951  3894 200430.609   58 1320 200628.392 200254.992  0.19%   776 5760s
  6979  3917 200533.053   85 1235 200628.392 200254.992  0.19%   773 5768s
  6982  3920 200541.172   88 1185 200628.392 200254.992  0.19%   773 5772s
  6985  3922 200567.080   91 1156 200628.392 200254.992  0.19%   773 5775s
  6998  3924 200583.296   95 1086 200628.392 200254.992  0.19%   773 5780s
  7003  3921 200311.909   28 1493 200628.392 200255.101  0.19%   773 5789s
  7005  3923 200313.301   30 1462 200628.392 200255.101  0.19%   773 5790s
  7018  3936 200325.192   43 1387 200628.392 200255.101  0.19%   773 5795s
  7024  3942 200624.019   49 1075 200628.392 200255.101  0.19%   774 5802s
  7028  3942 200469.856   50 1181 200628.392 200255.101  0.19%   774 5805s
  7047  3957 200588.106   66  986 200628.392 200255.101  0.19%   773 5810s
  7052  3958 200595.523   68  981 200628.392 200255.101  0.19%   773 6019s
  7054  3958     cutoff   70      200628.392 200255.101  0.19%   773 6020s
  7057  3957 200477.308   26 1401 200628.392 200255.210  0.19%   774 6034s
  7059  3959 200483.194   28 1370 200628.392 200255.210  0.19%   774 6035s
  7071  3963 200540.841   33 1411 200628.392 200257.049  0.19%   775 6054s
  7074  3963     cutoff   36      200628.392 200257.049  0.19%   776 6056s
  7079  3963 200547.555   37 1382 200628.392 200257.049  0.19%   776 6060s
  7088  3964 200574.460   41 1249 200628.392 200257.049  0.19%   776 6065s
  7101  3968 200626.070   46 1199 200628.392 200257.049  0.19%   776 6070s
  7123  3968 200294.162   34 1586 200628.392 200257.052  0.19%   775 6087s
  7125  3970 200334.164   36 1279 200628.392 200257.052  0.19%   776 6091s
  7134  3979 200377.159   45 1096 200628.392 200257.052  0.19%   775 6095s
  7141  3982 200508.397   49 1023 200628.392 200257.052  0.19%   776 6100s
  7152  3983 200542.080   55  922 200628.392 200257.052  0.19%   777 6105s
  7185  3996 200309.699   34 1451 200628.392 200257.148  0.19%   775 6117s
  7190  4001 200334.106   39 1424 200628.392 200257.148  0.19%   775 6122s
  7197  4008 200345.413   46 1399 200628.392 200257.148  0.19%   775 6125s
  7216  4026 200381.765   65 1337 200628.392 200257.148  0.19%   774 6130s
  7240  4049 200444.624   89 1239 200628.392 200257.148  0.19%   772 6135s
  7254  4061     cutoff  103      200628.392 200257.148  0.19%   772 6140s
  7264  4057     cutoff  100      200628.392 200257.148  0.19%   772 6145s
  7265  4058 200346.784   34 1648 200628.392 200257.471  0.18%   774 6161s
  7272  4064 200371.776   41 1596 200628.392 200257.471  0.18%   774 6166s
  7283  4075 200394.302   52 1528 200628.392 200257.471  0.18%   773 6170s
  7302  4093 200470.492   71 1300 200628.392 200257.471  0.18%   772 6175s
  7338  4119 200550.788  101 1176 200628.392 200257.471  0.18%   769 6180s
  7355  4118 200426.070   27 1421 200628.392 200258.320  0.18%   770 6196s
  7357  4120 200471.855   29 1363 200628.392 200258.320  0.18%   770 6209s
  7365  4127 200491.596   37 1341 200628.392 200258.320  0.18%   769 6210s
  7391  4147     cutoff   63      200628.392 200258.320  0.18%   768 6215s
  7394  4146 200503.134   45 1399 200628.392 200258.329  0.18%   770 6231s
  7400  4152 200547.041   51 1238 200628.392 200258.329  0.18%   769 6235s
  7410  4156 200561.121   57 1194 200628.392 200258.329  0.18%   770 6240s
  7419  4155 200303.653   22 1548 200628.392 200258.461  0.18%   771 6254s
  7421  4157 200306.999   24 1526 200628.392 200258.461  0.18%   771 6255s
  7425  4161 200325.830   28 1455 200628.392 200258.461  0.18%   771 6260s
  7439  4172 200347.256   41 1383 200628.392 200258.461  0.18%   770 6265s
  7445  4177 200547.979   47 1128 200628.392 200258.461  0.18%   771 6271s
  7460  4182 200477.543   17 1466 200628.392 200258.464  0.18%   772 6285s
  7464  4182     cutoff   20      200628.392 200258.464  0.18%   772 6290s
  7478  4184 200594.899   27 1073 200628.392 200258.464  0.18%   772 6295s
  7490  4184 200305.368   17 1640 200628.392 200258.567  0.18%   772 6305s
  7493  4187 200318.596   20 1643 200628.392 200258.567  0.18%   772 6311s
  7501  4192 200524.129   27 1376 200628.392 200258.567  0.18%   772 6315s
  7515  4198 200445.167   35 1384 200628.392 200258.935  0.18%   773 6335s
  7524  4203 200460.160   40 1334 200628.392 200258.935  0.18%   773 6340s
  7529  4207 200555.713   42 1220 200628.392 200258.935  0.18%   773 6345s
  7538  4216 200495.892   47 1320 200628.392 200258.935  0.18%   774 6350s
  7548  4224 200493.297   52 1305 200628.392 200258.935  0.18%   774 6355s
  7561  4226 infeasible   59      200628.392 200258.935  0.18%   774 6361s
  7571  4226     cutoff   64      200628.392 200258.935  0.18%   774 6365s
  7585  4233 200557.330   71 1062 200628.392 200258.935  0.18%   773 6370s
  7629  4246 200612.229   94  875 200628.392 200258.935  0.18%   770 6375s
  7652  4246 200407.624   46 1633 200628.392 200259.434  0.18%   770 6396s
  7657  4250 200496.862   51 1414 200628.392 200259.434  0.18%   771 6402s
  7665  4254     cutoff   58      200628.392 200259.434  0.18%   771 6405s
  7683  4272 200563.839   75 1223 200628.392 200259.434  0.18%   770 6410s
  7705  4278 200451.492   23 1181 200628.392 200259.717  0.18%   770 6423s
  7713  4285 200482.487   31 1119 200628.392 200259.717  0.18%   769 6425s
  7746  4298     cutoff   33      200628.392 200259.950  0.18%   769 6444s
  7747  4299 200298.290   36 1586 200628.392 200260.374  0.18%   770 6458s
  7749  4301 200311.436   38 1455 200628.392 200260.374  0.18%   770 6461s
  7753  4305 200466.105   42 1308 200628.392 200260.374  0.18%   772 6469s
  7757  4309 200471.091   46 1279 200628.392 200260.374  0.18%   771 6470s
  7790  4331 200553.023   54 1228 200628.392 200260.395  0.18%   771 6485s
  7793  4330 200336.656   54 1440 200628.392 200260.659  0.18%   773 6501s
  7801  4338 200350.214   62 1376 200628.392 200260.659  0.18%   772 6505s
  7815  4352 200379.780   76 1320 200628.392 200260.659  0.18%   772 6510s
  7829  4366 200434.577   90 1193 200628.392 200260.659  0.18%   771 6515s
  7849  4386 200598.501  110  661 200628.392 200260.659  0.18%   770 6520s
  7861  4386 200500.917   24 1442 200628.392 200261.263  0.18%   771 6533s
  7863  4388 200517.947   26 1434 200628.392 200261.263  0.18%   771 6535s
  7885  4409 200568.256   47 1216 200628.392 200261.263  0.18%   770 6540s
  7906  4421 200521.030   38 1414 200628.392 200261.265  0.18%   770 6561s
  7911  4422     cutoff   43      200628.392 200261.265  0.18%   771 6565s
  7915  4420 200315.099   38 1705 200628.392 200262.246  0.18%   772 6582s
  7917  4422 200447.629   40 1403 200628.392 200262.246  0.18%   773 6590s
  7937  4438 200578.129   59 1191 200628.392 200262.246  0.18%   771 6595s
  7949  4440 200431.753   29 1414 200628.392 200262.714  0.18%   772 6608s
  7953  4444 200473.808   33 1372 200628.392 200262.714  0.18%   772 6610s
  7973  4462 200546.541   53 1170 200628.392 200262.714  0.18%   771 6615s
  7979  4467 200556.940   59 1137 200628.392 200262.714  0.18%   771 6621s
  7984  4465 200306.018   34 1448 200628.392 200263.162  0.18%   771 6629s
  7985  4466 200347.224   35 1464 200628.392 200263.162  0.18%   771 6633s
  7991  4472 200359.547   41 1455 200628.392 200263.162  0.18%   771 6635s
  8005  4475 200451.449   25 1449 200628.392 200263.486  0.18%   772 6651s
  8009  4475     cutoff   28      200628.392 200263.486  0.18%   772 6655s
  8016  4475 200489.739   31 1395 200628.392 200263.486  0.18%   772 6665s
  8023  4475     cutoff   36      200628.392 200263.486  0.18%   772 6670s
  8042  4479 200608.220   47 1014 200628.392 200263.486  0.18%   771 6675s
  8054  4479 200360.514   37 1634 200628.392 200263.848  0.18%   771 6691s
  8060  4485 200384.489   43 1571 200628.392 200263.848  0.18%   771 6695s
  8074  4497 infeasible   57      200628.392 200263.848  0.18%   771 6701s
  8086  4509 200437.783   68 1474 200628.392 200263.848  0.18%   770 6705s
  8104  4527 200539.876   86 1152 200628.392 200263.848  0.18%   770 6710s
  8112  4525 200493.057   30 1396 200628.392 200264.580  0.18%   771 6723s
  8115  4526     cutoff   33      200628.392 200264.580  0.18%   771 6727s
  8126  4535 200516.317   42 1281 200628.392 200264.580  0.18%   770 6730s
  8152  4551 200361.255   41  863 200628.392 200264.587  0.18%   770 6745s
  8173  4563 200536.389   58  281 200628.392 200264.587  0.18%   769 6750s
  8196  4578 200321.400   41 1458 200628.392 200264.845  0.18%   768 6765s
  8197  4577     cutoff   42      200628.392 200264.845  0.18%   769 6771s
  8203  4582 200417.751   43 1429 200628.392 200264.845  0.18%   769 6778s
  8206  4582 200466.558   46  915 200628.392 200264.845  0.18%   770 6781s
  8207  4583 200549.738   46 1026 200628.392 200264.845  0.18%   771 6787s
  8217  4584 200486.105   28 1399 200628.392 200265.270  0.18%   772 6801s
  8225  4587     cutoff   35      200628.392 200265.270  0.18%   772 6805s
  8228  4584     cutoff   32      200628.392 200265.295  0.18%   773 6816s
  8229  4585 200307.359   32 1505 200628.392 200265.548  0.18%   774 6827s
  8234  4590 200317.350   37 1424 200628.392 200265.548  0.18%   774 6830s
  8240  4596 200373.056   43 1088 200628.392 200265.548  0.18%   774 6836s
  8245  4599     cutoff   48      200628.392 200265.548  0.18%   775 6844s
  8246  4600 200382.758   48 1068 200628.392 200265.548  0.18%   775 6845s
  8260  4604 200388.235   38 1511 200628.392 200265.694  0.18%   776 6864s
  8261  4605 200389.166   39 1485 200628.392 200265.694  0.18%   776 6865s
  8265  4608 200424.600   43 1424 200628.392 200265.694  0.18%   776 6870s
  8287  4629 200474.013   65 1316 200628.392 200265.694  0.18%   775 6879s
  8294  4636 200489.916   72 1298 200628.392 200265.694  0.18%   774 6880s
  8310  4644     cutoff   83      200628.392 200265.694  0.18%   774 6885s
  8311  4644 200346.186   26 1323 200628.392 200265.942  0.18%   775 6895s
  8321  4652 200510.066   35  908 200628.392 200265.942  0.18%   775 6900s
  8341  4660 200523.406   37 1133 200628.392 200266.078  0.18%   775 6915s
  8365  4669 200310.466   31 1690 200628.392 200266.294  0.18%   776 6934s
  8366  4670 200312.815   32 1575 200628.392 200266.294  0.18%   776 6936s
  8372  4675 200328.263   38 1551 200628.392 200266.294  0.18%   776 6941s
  8379  4682 200378.336   45 1510 200628.392 200266.294  0.18%   776 6948s
  8380  4683 200387.539   46 1477 200628.392 200266.294  0.18%   776 6950s
  8391  4694 200427.165   57 1418 200628.392 200266.294  0.18%   776 6955s
  8402  4703 200448.329   67 1364 200628.392 200266.294  0.18%   776 6960s
  8420  4715 200530.243   83 1267 200628.392 200266.294  0.18%   775 6965s
  8422  4717 200534.554   85 1263 200628.392 200266.294  0.18%   775 6973s
  8427  4722 200560.286   90 1214 200628.392 200266.294  0.18%   774 6975s
  8436  4723 infeasible   94      200628.392 200266.294  0.18%   775 6980s
  8445  4718     cutoff   29      200628.392 200266.441  0.18%   776 6995s
  8446  4717     cutoff   39      200628.392 200267.062  0.18%   777 7005s
  8447  4718 200517.788   40 1385 200628.392 200267.086  0.18%   779 7019s
  8448  4719 200526.398   41 1418 200628.392 200267.086  0.18%   779 7021s
  8452  4719 200552.672   43 1341 200628.392 200267.086  0.18%   779 7025s
  8465  4718 200524.854   38 1138 200628.392 200267.157  0.18%   780 7039s
  8468  4721 200539.792   41 1099 200628.392 200267.157  0.18%   780 7040s
  8477  4728 200615.829   49  678 200628.392 200267.157  0.18%   780 7066s
  8484  4725 infeasible   38      200628.392 200267.667  0.18%   781 7077s
  8485  4724 infeasible   32      200628.392 200267.889  0.18%   782 7086s
  8486  4725 200507.038   39 1383 200628.392 200267.945  0.18%   783 7102s
  8494  4733 200531.009   47 1295 200628.392 200267.945  0.18%   783 7105s
  8513  4742 200413.165   32 1476 200628.392 200267.978  0.18%   784 7122s
  8521  4749 200511.839   40 1205 200628.392 200267.978  0.18%   783 7125s
  8542  4760 200551.548   56 1086 200628.392 200267.978  0.18%   782 7130s
  8566  4768 200298.858   41 1616 200628.392 200268.059  0.18%   782 7159s
  8567  4769 200317.991   42 1531 200628.392 200268.059  0.18%   782 7163s
  8568  4770 200324.893   43 1465 200628.392 200268.059  0.18%   782 7165s
  8572  4774 200346.207   47 1472 200628.392 200268.059  0.18%   783 7170s
  8585  4787 200367.271   60 1437 200628.392 200268.059  0.18%   782 7175s
  8600  4802 200398.766   75 1366 200628.392 200268.059  0.18%   782 7180s
  8616  4817 200440.877   91 1286 200628.392 200268.059  0.18%   781 7185s
  8642  4839 infeasible  116      200628.392 200268.059  0.18%   780 7190s
  8646  4837 200360.930   42 1287 200628.392 200268.214  0.18%   781 7200s
  8647  4836     cutoff   43      200628.392 200268.214  0.18%   781 7207s
  8652  4839 infeasible   47      200628.392 200268.214  0.18%   781 7212s
  8656  4842 200609.749   50  646 200628.392 200268.214  0.18%   782 7215s
  8697  4845 200409.359   27 1430 200628.392 200268.403  0.18%   780 7232s
  8705  4852 200450.281   35 1397 200628.392 200268.403  0.18%   780 7235s
  8742  4884 200542.701   72 1195 200628.392 200268.403  0.18%   778 7240s
  8776  4892 200493.955   30 1394 200628.392 200268.724  0.18%   777 7257s
  8777  4892 200561.247   31 1240 200628.392 200268.724  0.18%   777 7261s
  8781  4892 200594.097   31 1032 200628.392 200268.724  0.18%   778 7265s
  8784  4891 200274.905   29 1447 200628.392 200268.887  0.18%   778 7274s
  8785  4892 200285.242   30 1398 200628.392 200268.887  0.18%   778 7276s
  8792  4898 200541.189   37 1114 200628.392 200268.887  0.18%   779 7281s
  8820  4917 200524.024   39 1300 200628.392 200268.912  0.18%   779 7301s
  8826  4921 200536.655   44 1268 200628.392 200268.912  0.18%   779 7305s
  8843  4930 200492.761   23 1409 200628.392 200269.145  0.18%   779 7320s
  8854  4930     cutoff   28      200628.392 200269.145  0.18%   779 7325s
  8868  4930 200365.725   35 1629 200628.392 200269.381  0.18%   780 7345s
  8876  4938 200482.921   43 1402 200628.392 200269.381  0.18%   779 7350s
  8892  4952     cutoff   59      200628.392 200269.381  0.18%   779 7356s
  8911  4968 200600.243   76 1111 200628.392 200269.381  0.18%   778 7360s
  8925  4966 200530.457   40 1305 200628.392 200269.698  0.18%   779 7381s
  8940  4978     cutoff   54      200628.392 200269.698  0.18%   779 7385s
  8944  4976 200506.589   31 1325 200628.392 200270.148  0.18%   780 7399s
  8946  4976     cutoff   33      200628.392 200270.148  0.18%   780 7400s
  8949  4975 200337.321   41 1682 200628.392 200270.259  0.18%   781 7419s
  8950  4976 200347.850   42 1642 200628.392 200270.259  0.18%   781 7421s
  8952  4977 200410.658   42 1469 200628.392 200270.259  0.18%   782 7426s
  8955  4978 200349.342   44 1628 200628.392 200270.259  0.18%   782 7430s
  8956  4978 200465.074   45 1361 200628.392 200270.259  0.18%   783 7435s
  8960  4982 200496.895   48 1323 200628.392 200270.259  0.18%   783 7441s
  8972  4986 200599.518   53 1020 200628.392 200270.259  0.18%   783 7446s
  8977  4989 200549.667   56 1220 200628.392 200270.259  0.18%   782 7466s
  8993  4987 200335.274   41 1707 200628.392 200270.736  0.18%   783 7487s
  8995  4989 200337.810   43 1643 200628.392 200270.736  0.18%   783 7490s
  9001  4995 200349.792   49 1503 200628.392 200270.736  0.18%   783 7495s
  9009  4999     cutoff   56      200628.392 200270.736  0.18%   783 7501s
  9018  5008 200418.845   64 1460 200628.392 200270.736  0.18%   782 7530s
  9024  5014 200450.728   70 1430 200628.392 200270.736  0.18%   782 7535s
  9032  5020 200462.116   77 1393 200628.392 200270.736  0.18%   782 7540s
  9040  5026 200498.591   84 1327 200628.392 200270.736  0.18%   783 7545s
  9054  5034     cutoff   95      200628.392 200270.736  0.18%   782 7550s
  9057  5033 200529.560   40 1300 200628.392 200270.804  0.18%   784 7566s
  9066  5040 200554.736   48 1247 200628.392 200270.804  0.18%   784 7570s
  9077  5043 200581.347   33 1271 200628.392 200270.927  0.18%   785 7585s
  9080  5042 200314.308   36 1490 200628.392 200271.046  0.18%   786 7599s
  9081  5043 200315.223   37 1462 200628.392 200271.046  0.18%   785 7600s
  9086  5048 200382.312   42 1339 200628.392 200271.046  0.18%   785 7605s
  9105  5067 200478.918   61 1232 200628.392 200271.046  0.18%   785 7610s
  9129  5088 200533.935   84 1035 200628.392 200271.046  0.18%   783 7615s
  9154  5098 200472.123   41 1377 200628.392 200271.053  0.18%   784 7637s
  9158  5100 200490.280   44 1363 200628.392 200271.053  0.18%   784 7640s
  9176  5100 200556.126   51 1244 200628.392 200271.053  0.18%   783 7645s
  9200  5100 200531.944   36 1350 200628.392 200271.215  0.18%   784 7669s
  9201  5101 200537.623   37 1309 200628.392 200271.215  0.18%   784 7670s
  9206  5098 200536.182   41 1306 200628.392 200271.293  0.18%   786 7691s
  9212  5100 200544.488   44 1272 200628.392 200271.293  0.18%   786 7695s
  9230  5105 200365.624   62 1331 200628.392 200271.456  0.18%   786 7709s
  9231  5106 200366.901   63 1311 200628.392 200271.456  0.18%   786 7710s
  9243  5118 200392.326   74 1244 200628.392 200271.456  0.18%   786 7715s
  9247  5122 200399.539   78 1227 200628.392 200271.456  0.18%   786 7720s
  9262  5137 200447.717   93 1184 200628.392 200271.456  0.18%   785 7725s
  9287  5161 200503.863  117  988 200628.392 200271.456  0.18%   784 7730s
  9318  5186 200559.439  132  932 200628.392 200271.456  0.18%   783 7735s
  9355  5205 200617.042  152  559 200628.392 200271.456  0.18%   781 7740s
  9364  5205 200353.217   43 1674 200628.392 200271.572  0.18%   782 7756s
  9366  5206 200357.569   45 1544 200628.392 200271.572  0.18%   782 7760s
  9373  5213 200379.065   52 1547 200628.392 200271.572  0.18%   782 7766s
  9380  5220 200398.211   59 1516 200628.392 200271.572  0.18%   782 7770s
  9393  5233 200424.569   72 1460 200628.392 200271.572  0.18%   781 7775s
  9412  5251 200454.684   91 1346 200628.392 200271.572  0.18%   781 7780s
  9440  5279 200544.177  119 1122 200628.392 200271.572  0.18%   779 7785s
  9454  5277 200465.594   28 1409 200628.392 200271.948  0.18%   780 7802s
  9467  5287 200527.855   40 1320 200628.392 200271.948  0.18%   779 7805s
  9489  5299 200530.090   31 1415 200628.392 200272.386  0.18%   779 7821s
  9490  5298     cutoff   32      200628.392 200272.386  0.18%   780 7828s
  9499  5298     cutoff   37      200628.392 200272.386  0.18%   780 7830s
  9511  5298     cutoff   42      200628.392 200272.386  0.18%   780 7835s
  9526  5299 200595.535   49 1152 200628.392 200272.386  0.18%   780 7840s
  9537  5298 200611.609   42 1237 200628.392 200272.462  0.18%   780 7857s
  9547  5296     cutoff   30      200628.392 200272.525  0.18%   780 7860s
  9548  5297 200540.451   42 1321 200628.392 200272.648  0.18%   782 7878s
  9549  5296     cutoff   43      200628.392 200272.648  0.18%   782 7881s
  9562  5299     cutoff   49      200628.392 200272.648  0.18%   782 7885s
  9573  5296     cutoff   24      200628.392 200272.990  0.18%   782 7897s
  9574  5297 200292.641   32 1608 200628.392 200273.080  0.18%   783 7911s
  9577  5300 200331.736   35 1452 200628.392 200273.080  0.18%   783 7915s
  9583  5306 200341.826   41 1419 200628.392 200273.080  0.18%   783 7920s
  9595  5318 200369.400   53 1322 200628.392 200273.080  0.18%   783 7925s
  9602  5325 200379.577   60 1274 200628.392 200273.080  0.18%   783 7936s
  9605  5326     cutoff   63      200628.392 200273.080  0.18%   783 7940s
  9617  5332     cutoff   70      200628.392 200273.080  0.18%   783 7946s
  9626  5341 200429.436   78 1239 200628.392 200273.080  0.18%   783 7950s
  9641  5356 200493.274   93  937 200628.392 200273.080  0.18%   783 7955s
  9675  5379 200584.181  121  588 200628.392 200273.080  0.18%   781 7960s
  9699  5389 200473.264   29 1418 200628.392 200273.107  0.18%   781 7972s
  9715  5404 200505.268   45 1288 200628.392 200273.107  0.18%   780 7975s
  9742  5428 200613.670   71 1033 200628.392 200273.107  0.18%   778 7980s
  9756  5432 infeasible   43      200628.392 200273.330  0.18%   779 7992s
  9757  5433 200317.442   34 1670 200628.392 200273.769  0.18%   780 8006s
  9759  5435 200330.484   36 1559 200628.392 200273.769  0.18%   780 8010s
  9772  5447 200352.299   49 1471 200628.392 200273.769  0.18%   779 8015s
  9781  5456 200378.459   58 1394 200628.392 200273.769  0.18%   779 8020s
  9792  5467 200404.248   69 1238 200628.392 200273.769  0.18%   779 8033s
  9802  5477 200423.344   79 1198 200628.392 200273.769  0.18%   778 8035s
  9822  5496 200462.020   99 1065 200628.392 200273.769  0.18%   777 8040s
  9852  5522     cutoff  123      200628.392 200273.769  0.18%   776 8045s
  9875  5527 infeasible  136      200628.392 200273.769  0.18%   776 8050s
  9876  5528 200370.240   37 1447 200628.392 200274.472  0.18%   777 8061s
  9880  5530     cutoff   41      200628.392 200274.472  0.18%   777 8066s
  9886  5536 200624.575   46  771 200628.392 200274.472  0.18%   777 8070s
  9891  5533 200319.905   30 1668 200628.392 200274.704  0.18%   778 8083s
  9892  5534 200323.238   31 1570 200628.392 200274.704  0.18%   778 8085s
  9901  5542 200369.977   40 1424 200628.392 200274.704  0.18%   778 8090s
  9914  5555 200442.218   53 1275 200628.392 200274.704  0.18%   777 8095s
  9932  5565 200280.268   31 1498 200628.392 200274.769  0.18%   777 8108s
  9933  5566 200329.785   32 1480 200628.392 200274.769  0.18%   777 8111s
  9943  5575 200357.610   42 1376 200628.392 200274.769  0.18%   777 8115s
  9966  5594     cutoff   64      200628.392 200274.769  0.18%   776 8120s
  9970  5598 200449.420   67 1282 200628.392 200274.769  0.18%   776 8141s
  9983  5607 200508.363   77 1152 200628.392 200274.769  0.18%   775 8145s
  9999  5608     cutoff   38      200628.392 200274.906  0.18%   776 8159s
 10000  5609 200585.906   30  355 200628.392 200274.932  0.18%   777 8162s
 10008  5609 200485.369   44 1398 200628.392 200274.948  0.18%   778 8178s
 10010  5609     cutoff   46      200628.392 200274.948  0.18%   778 8182s
 10015  5609     cutoff   49      200628.392 200274.948  0.18%   778 8185s
 10025  5609 200481.758   32 1398 200628.392 200274.965  0.18%   779 8198s
 10028  5612 200506.557   35 1383 200628.392 200274.965  0.18%   779 8200s
 10052  5625 200610.217   55 1179 200628.392 200274.965  0.18%   778 8205s
 10057  5622 200302.232   27 1694 200628.392 200275.400  0.18%   779 8231s
 10058  5623 200318.577   28 1621 200628.392 200275.400  0.18%   779 8235s
 10064  5628 200389.265   34 1456 200628.392 200275.400  0.18%   780 8241s
 10067  5631 200394.685   37 1424 200628.392 200275.400  0.18%   779 8245s
 10080  5643 200421.374   50 1371 200628.392 200275.400  0.18%   779 8250s
 10093  5656 200453.084   63 1321 200628.392 200275.400  0.18%   779 8255s
 10113  5676 200493.765   83 1154 200628.392 200275.400  0.18%   778 8260s
 10129  5692 200543.605   99 1146 200628.392 200275.400  0.18%   778 8265s
 10150  5697     cutoff  108      200628.392 200275.400  0.18%   777 8270s
 10152  5697 200344.178   45 1680 200628.392 200275.555  0.18%   779 8292s
 10153  5698 200355.049   46 1556 200628.392 200275.555  0.18%   779 8297s
 10159  5703 200364.220   52 1492 200628.392 200275.555  0.18%   779 8300s
 10162  5706 200490.374   55 1168 200628.392 200275.555  0.18%   779 8305s
 10191  5722 200336.622   36 1453 200628.392 200275.707  0.18%   779 8317s
 10192  5723 200548.346   37 1049 200628.392 200275.707  0.18%   780 8331s
 10195  5722 200471.728   37  835 200628.392 200275.707  0.18%   780 8335s
 10203  5728 200476.004   30 1701 200628.392 200275.707  0.18%   780 9363s
 10205  5729 200475.770   38 1120 200628.392 200275.707  0.18%   780 9365s
 10207  5731 200462.647  100 1227 200628.392 200275.707  0.18%   780 9372s
 10208  5731 200563.792   62 1433 200628.392 200275.707  0.18%   780 9377s
 10209  5732 200424.168   85 1464 200628.392 200275.707  0.18%   780 9385s
 10210  5733 200541.741   55 1585 200628.392 200275.707  0.18%   780 9394s
 10211  5733 200507.499   56 1599 200628.392 200275.707  0.18%   779 9400s
 10212  5734 200344.676   46 1659 200628.392 200275.707  0.18%   779 9407s
 10213  5735 200485.279  103 1662 200628.392 200275.707  0.18%   779 9413s
 10214  5735 200534.148  119 1673 200628.392 200275.707  0.18%   779 9416s
 10216  5737 200339.171   46 1690 200628.392 200275.707  0.18%   779 9422s
 10218  5738 200504.549   77 1694 200628.392 200275.707  0.18%   779 9425s
 10221  5740 200339.093   39 1687 200628.392 200275.707  0.18%   779 9437s
 10222  5741 200424.245   57 1690 200628.392 200275.707  0.18%   779 9441s
 10224  5742 200485.245   46 1680 200628.392 200275.707  0.18%   778 9445s
 10225  5743 200462.406   62 1670 200628.392 200275.707  0.18%   778 9452s
 10226  5743 200500.845  105 1679 200628.392 200275.707  0.18%   778 9455s
 10229  5745 200570.691   51 1675 200628.392 200275.707  0.18%   778 9460s
 10231  5747 200488.427   43 1667 200628.392 200275.707  0.18%   778 9469s
 10232  5747 200569.389   81 1654 200628.392 200275.707  0.18%   778 9472s
 10235  5749 200519.020   74 1660 200628.392 200275.707  0.18%   778 9476s
 10236  5750 200415.764   73 1665 200628.392 200275.707  0.18%   778 9482s
 10238  5751 200529.301  125 1680 200628.392 200275.707  0.18%   777 9486s
 10241  5753 200460.787   29 1684 200628.392 200275.707  0.18%   777 9491s
 10242  5754 200451.366   29 1655 200628.392 200275.707  0.18%   777 9497s
 10243  5755 200388.288   63 1677 200628.392 200275.707  0.18%   777 9500s
 10246  5757 200367.096   53 1688 200628.392 200275.707  0.18%   777 9505s
 10248  5758 200488.606   68 1686 200628.392 200275.707  0.18%   777 9514s
 10249  5759 200499.873   81 1702 200628.392 200275.707  0.18%   777 9516s
 10251  5760 200492.611   77 1698 200628.392 200275.707  0.18%   776 9520s
 10252  5761 200444.466   23 1686 200628.392 200275.707  0.18%   776 9525s
 10255  5763 200425.911   56 1699 200628.392 200275.707  0.18%   776 9530s
 10257  5764 200403.292   54 1681 200628.392 200275.707  0.18%   776 9539s
 10258  5765 200388.491   43 1686 200628.392 200275.707  0.18%   776 9542s
 10260  5766 200411.388   43 1692 200628.392 200275.707  0.18%   776 9546s
 10261  5767 200585.540   74 1689 200628.392 200275.707  0.18%   776 9552s
 10263  5768 200280.778   31 1686 200628.392 200275.707  0.18%   775 9556s
 10265  5769 200370.872   42 1676 200628.392 200275.707  0.18%   775 9564s
 10266  5770 200367.574   32 1682 200628.392 200275.707  0.18%   775 9566s
 10268  5771 200584.738   85 1688 200628.392 200275.707  0.18%   775 9571s
 10269  5772 200470.799   66 1677 200628.392 200275.707  0.18%   775 9577s
 10271  5773 200577.839   72 1691 200628.392 200275.707  0.18%   775 9581s
 10272  5774 200303.842   48 1698 200628.392 200275.707  0.18%   775 9585s
 10273  5775 200353.509   62 1681 200628.392 200275.707  0.18%   775 9592s
 10275  5776 200349.961   39 1681 200628.392 200275.707  0.18%   775 9598s
 10276  5777 200582.253   64 1664 200628.392 200275.707  0.18%   775 9603s
 10277  5777 200362.236   33 1682 200628.392 200275.707  0.18%   774 9608s
 10279  5779 200385.285   42 1676 200628.392 200275.707  0.18%   774 9613s
 10280  5779 200410.838   52 1663 200628.392 200275.707  0.18%   774 9626s
 10281  5780 200497.868   62 1680 200628.392 200275.707  0.18%   774 9630s
 10282  5781 200385.845   64 1679 200628.392 200275.707  0.18%   774 9635s
 10283  5781 200423.839   29 1666 200628.392 200275.707  0.18%   774 9647s
 10284  5782 200545.017   34 1672 200628.392 200275.707  0.18%   774 9651s
 10286  5783 200497.708   73 1681 200628.392 200275.707  0.18%   774 9658s
 10287  5784 200426.213   99 1679 200628.392 200275.707  0.18%   774 9664s
 10288  5785 200566.100  131 1673 200628.392 200275.707  0.18%   774 9666s
 10290  5786 200612.457   79 1681 200628.392 200275.707  0.18%   773 9675s
 10292  5787 200569.389   81 1680 200628.392 200275.707  0.18%   773 9680s
 10293  5788 200449.474   57 1674 200628.392 200275.707  0.18%   773 9689s
 10294  5789 200592.948  132 1670 200628.392 200275.707  0.18%   773 9691s
 10296  5790 200537.120   67 1664 200628.392 200275.707  0.18%   773 9698s
 10297  5791 200448.525   79 1667 200628.392 200275.707  0.18%   773 9700s
 10299  5792 200373.624   45 1668 200628.392 200275.707  0.18%   773 9707s
 10300  5793 200532.720   96 1682 200628.392 200275.707  0.18%   773 9710s
 10301  5793 200566.249   58 1661 200628.392 200275.707  0.18%   773 9715s
 10303  5795 200476.004   30 1673 200628.392 200275.707  0.18%   772 9720s
 10305  5796 200475.770   38 1678 200628.392 200275.707  0.18%   772 9726s
 10307  5797 200462.647  100 1661 200628.392 200275.707  0.18%   772 9736s
 10309  5799 200424.168   85 1677 200628.392 200275.707  0.18%   772 9740s
 10311  5800 200507.499   56 1665 200628.392 200275.707  0.18%   772 9747s
 10313  5801 200485.279  103 1675 200628.392 200275.707  0.18%   772 9751s
 10314  5802 200534.148  119 1661 200628.392 200275.707  0.18%   772 9758s
 10315  5803 200385.050   62 1676 200628.392 200275.707  0.18%   772 9760s
 10317  5804 200306.014   19 1655 200628.392 200275.707  0.18%   771 9768s
 10318  5805 200504.549   77 1664 200628.392 200275.707  0.18%   771 9771s
 10320  5806 200388.045   62 1667 200628.392 200275.707  0.18%   771 9779s
 10321  5807 200339.093   39 1674 200628.392 200275.707  0.18%   771 9782s
 10323  5808 200473.922  113 1686 200628.392 200275.707  0.18%   771 9787s
 10324  5809 200485.245   46 1654 200628.392 200275.707  0.18%   771 9795s
 10326  5810 200500.845  105 1661 200628.392 200275.707  0.18%   771 9801s
 10327  5811 200513.082   83 1652 200628.392 200275.707  0.18%   771 9808s
 10328  5811 200378.903   38 1654 200628.392 200275.707  0.18%   771 9811s
 10330  5813 200443.405   51 1657 200628.392 200275.707  0.18%   770 9818s
 10331  5813 200488.427   43 1664 200628.392 200275.707  0.18%   770 9820s
 10333  5815 200379.152   72 1664 200628.392 200275.707  0.18%   770 9829s
 10334  5815 200613.716   81 1662 200628.392 200275.707  0.18%   770 9832s
 10335  5816 200519.020   74 1667 200628.392 200275.707  0.18%   770 9836s
 10336  5817 200415.764   73 1625 200628.392 200275.707  0.18%   770 9842s
 10337  5817 200374.600   74 1647 200628.392 200275.707  0.18%   770 9845s
 10339  5819 200379.592   60 1657 200628.392 200275.707  0.18%   770 9851s
 10340  5819 200445.144   76 1640 200628.392 200275.707  0.18%   770 9857s
 10341  5820 200460.787   29 1669 200628.392 200275.707  0.18%   770 9860s
 10343  5821 200388.288   63 1639 200628.392 200275.707  0.18%   769 9868s
 10344  5822 200466.915  119 1650 200628.392 200275.707  0.18%   769 9870s
 10346  5823 200367.096   53 1631 200628.392 200275.707  0.18%   769 9878s
 10347  5824 200416.601   63 1635 200628.392 200275.707  0.18%   769 9881s
 10349  5825 200499.873   81 1627 200628.392 200275.707  0.18%   769 9888s
 10350  5826 200509.503   51 1638 200628.392 200275.707  0.18%   769 9891s
 10351  5827 200492.611   77 1638 200628.392 200275.707  0.18%   769 9897s
 10353  5828 200418.230   43 1656 200628.392 200275.707  0.18%   769 9901s
 10354  5829 200401.281   85 1632 200628.392 200275.707  0.18%   769 9908s
 10355  5829 200425.911   56 1646 200628.392 200275.707  0.18%   769 9911s
 10357  5831 200403.292   54 1644 200628.392 200275.707  0.18%   768 9920s
 10359  5832 200349.013   48 1657 200628.392 200275.707  0.18%   768 9926s
 10360  5833 200411.388   43 1638 200628.392 200275.707  0.18%   768 9932s
 10361  5833 200585.540   74 1650 200628.392 200275.707  0.18%   768 9935s
 10363  5835 200280.778   31 1641 200628.392 200275.707  0.18%   768 9946s
 10365  5836 200370.872   42 1642 200628.392 200275.707  0.18%   768 9951s
 10366  5837 200367.574   32 1649 200628.392 200275.707  0.18%   768 9956s
 10367  5837 200486.960   92 1649 200628.392 200275.707  0.18%   768 9960s
 10368  5838 200584.738   85 1647 200628.392 200275.707  0.18%   768 9967s
 10369  5839 200470.799   66 1644 200628.392 200275.707  0.18%   768 9970s
 10370  5839 200378.115   50 1622 200628.392 200275.707  0.18%   767 9978s
 10371  5840 200577.839   72 1648 200628.392 200275.707  0.18%   767 9980s
 10373  5841 200353.509   62 1623 200628.392 200275.707  0.18%   767 9990s
 10375  5843 200349.961   39 1636 200628.392 200275.707  0.18%   767 9996s
 10376  5843 200582.253   64 1634 200628.392 200275.707  0.18%   767 10001s
 10378  5845 200494.084   66 1648 200628.392 200275.707  0.18%   767 10007s
 10379  5845 200385.285   42 1625 200628.392 200275.707  0.18%   767 10013s
 10380  5846 200410.838   52 1633 200628.392 200275.707  0.18%   767 10015s
 10382  5847 200385.845   64 1637 200628.392 200275.707  0.18%   767 10027s
 10383  5848 200423.839   29 1650 200628.392 200275.707  0.18%   767 10030s
 10384  5849 200545.017   34 1653 200628.392 200275.707  0.18%   766 10035s
 10385  5849 200476.870   38 1633 200628.392 200275.707  0.18%   766 10040s
 10387  5851 200426.213   99 1646 200628.392 200275.707  0.18%   766 10046s
 10388  5851 200566.100  131 1615 200628.392 200275.707  0.18%   766 10052s
 10389  5852 200497.543  117 1633 200628.392 200275.707  0.18%   766 10055s
 10391  5853 200391.130   37 1615 200628.392 200275.707  0.18%   766 10065s
 10393  5855 200449.474   57 1651 200628.392 200275.707  0.18%   766 10072s
 10394  5855 200592.948  132 1647 200628.392 200275.707  0.18%   766 10076s
 10395  5856 200550.029   92 1636 200628.392 200275.707  0.18%   766 10083s
 10396  5857 200537.120   67 1629 200628.392 200275.707  0.18%   766 10086s
 10398  5858 200554.254  107 1614 200628.392 200275.707  0.18%   765 10095s
 10400  5859 200532.720   96 1625 200628.392 200275.707  0.18%   765 10101s
 10401  5860 200566.249   58 1625 200628.392 200275.707  0.18%   765 10107s
 10403  5861 200476.004   30 1638 200628.392 200275.707  0.18%   765 10113s
 10404  5862 200470.648   45 1624 200628.392 200275.707  0.18%   765 10118s
 10405  5863 200475.770   38 1645 200628.392 200275.707  0.18%   765 10121s
 10407  5864 200462.647  100 1613 200628.392 200275.707  0.18%   765 10132s
 10408  5865 200563.792   62 1649 200628.392 200275.707  0.18%   765 10135s
 10410  5866 200541.741   55 1616 200628.392 200275.707  0.18%   765 10143s
 10411  5867 200507.499   56 1634 200628.392 200275.707  0.18%   764 10147s
 10412  5867 200344.676   46 1617 200628.392 200275.707  0.18%   764 10153s
 10413  5868 200485.279  103 1635 200628.392 200275.707  0.18%   764 10156s
 10414  5869 200534.148  119 1636 200628.392 200275.707  0.18%   764 10160s
 10415  5869 200385.050   62 1626 200628.392 200275.707  0.18%   764 10168s
 10416  5870 200339.171   46 1638 200628.392 200275.707  0.18%   764 10171s
 10417  5871 200306.014   19 1621 200628.392 200275.852  0.18%   764 10180s
 10419  5872 200466.025   51 1636 200628.392 200276.242  0.18%   764 10190s
 10420  5873 200388.045   62 1626 200628.392 200276.368  0.18%   764 10195s
 10421  5873 200339.093   39 1638 200628.392 200276.576  0.18%   764 10201s
 10422  5874 200424.245   57 1645 200628.392 200276.655  0.18%   764 10206s
 10423  5875 200473.922  113 1630 200628.392 200276.944  0.18%   764 10211s
 10425  5876 200462.406   62 1638 200628.392 200277.197  0.18%   763 10220s
 10427  5877 200513.082   83 1613 200628.392 200277.518  0.17%   763 10231s
 10428  5878 200378.903   38 1618 200628.392 200277.638  0.17%   763 10236s
 10429  5879 200570.691   51 1621 200628.392 200277.830  0.17%   763 10241s
 10430  5879 200443.405   51 1631 200628.392 200277.893  0.17%   763 10246s
 10431  5880 200488.427   43 1624 200628.392 200278.073  0.17%   763 10251s
 10433  5881 200379.152   72 1614 200628.392 200278.374  0.17%   763 10264s
 10434  5882 200613.716   81 1638 200628.392 200278.452  0.17%   763 10268s
 10435  5883 200519.020   74 1634 200628.392 200278.685  0.17%   763 10275s
 10437  5884 200374.600   74 1624 200628.392 200278.947  0.17%   763 10285s
 10439  5885 200379.592   60 1625 200628.392 200279.207  0.17%   762 10294s
 10440  5886 200445.144   76 1641 200628.392 200279.369  0.17%   762 10299s
 10441  5887 200460.787   29 1639 200628.392 200279.436  0.17%   762 10303s
 10442  5887 200451.366   29 1635 200628.392 200279.700  0.17%   762 10310s
 10444  5889 200466.915  119 1632 200628.392 200280.025  0.17%   762 10322s
 10445  5889 200561.752   86 1643 200628.392 200280.084  0.17%   762 10325s
 10446  5890 200367.096   53 1627 200628.392 200280.390  0.17%   762 10332s
 10447  5891 200416.601   63 1648 200628.392 200280.624  0.17%   762 10336s
 10449  5892 200499.873   81 1648 200628.392 200280.865  0.17%   762 10346s
 10450  5893 200509.503   51 1649 200628.392 200280.915  0.17%   762 10350s
 10451  5893 200492.611   77 1640 200628.392 200281.119  0.17%   762 10355s
 10453  5895 200418.230   43 1638 200628.392 200281.411  0.17%   761 10368s
 10454  5895 200401.281   85 1644 200628.392 200281.519  0.17%   761 10372s
H10454  5596                    200628.39197 200281.762  0.17%   761 10379s
H10454  5312                    200628.39193 200281.762  0.17%   761 10379s
 10455  5313 200425.911   56 1641 200628.392 200281.762  0.17%   761 10380s
 10456  5314 200406.585   78 1639 200628.392 200281.835  0.17%   761 10385s
 10457  5314 200403.292   54 1638 200628.392 200281.963  0.17%   761 10391s
 10459  5316 200349.013   48 1633 200628.392 200282.107  0.17%   761 10400s
 10461  5317 200585.540   74 1618 200628.392 200282.326  0.17%   761 10410s
 10463  5318 200282.610   31 1632 200628.392 200282.610  0.17%   761 10420s
 10465  5320 200370.872   42 1631 200628.392 200282.800  0.17%   761 10432s
 10467  5321 200486.960   92 1637 200628.392 200282.893  0.17%   760 10440s
 10469  5322 200470.799   66 1627 200628.392 200283.031  0.17%   760 10450s
 10471  5324 200577.839   72 1614 200628.392 200283.265  0.17%   760 10461s
 10473  5325 200353.509   62 1635 200628.392 200283.548  0.17%   760 10471s
 10474  5326 200313.940   36 1612 200628.392 200283.649  0.17%   760 10475s
 10475  5326 200349.961   39 1625 200628.392 200283.941  0.17%   760 10484s
 10476  5327 200582.253   64 1634 200628.392 200284.106  0.17%   760 10487s
 10477  5328 200362.236   33 1636 200628.392 200284.226  0.17%   760 10491s
 10478  5328 200494.084   66 1615 200628.392 200284.437  0.17%   760 10499s
 10479  5329 200385.285   42 1624 200628.392 200284.503  0.17%   760 10502s
 10480  5330 200410.838   52 1616 200628.392 200284.799  0.17%   759 10510s
 10481  5330 200497.868   62 1627 200628.392 200284.912  0.17%   759 10515s
 10482  5331 200385.845   64 1620 200628.392 200285.139  0.17%   759 10521s
 10483  5332 200423.839   29 1631 200628.392 200285.263  0.17%   759 10526s
 10484  5332 200545.017   34 1628 200628.392 200285.419  0.17%   759 10533s
 10485  5333 200476.870   38 1624 200628.392 200285.503  0.17%   759 10538s
 10486  5334 200497.708   73 1637 200628.392 200285.712  0.17%   759 10544s
 10487  5334 200426.213   99 1636 200628.392 200285.748  0.17%   759 10546s
 10488  5335 200566.100  131 1628 200628.392 200285.974  0.17%   759 10553s
 10489  5336 200497.543  117 1639 200628.392 200286.068  0.17%   759 10557s
 10490  5336 200612.457   79 1637 200628.392 200286.332  0.17%   759 10564s
 10491  5337 200391.130   37 1643 200628.392 200286.419  0.17%   759 10569s
 10492  5338 200569.389   81 1642 200628.392 200286.606  0.17%   759 10574s
 10493  5338 200449.474   57 1635 200628.392 200286.645  0.17%   758 10578s
 10494  5339 200592.948  132 1634 200628.392 200286.915  0.17%   758 10583s
 10495  5340 200550.029   92 1640 200628.392 200286.917  0.17%   758 10587s
 10496  5340 200537.120   67 1640 200628.392 200287.019  0.17%   758 10595s
 10498  5342 200554.254  107 1642 200628.392 200287.309  0.17%   758 10605s
 10499  5342 200373.624   45 1642 200628.392 200287.309  0.17%   758 10727s
 10500  5345 200287.312   22 1630 200628.392 200287.312  0.17%   788 10730s
 10501  5344     cutoff   22      200628.392 200287.312  0.17%   788 10746s
 10502  5344 200290.846   23 1531 200628.392 200287.312  0.17%   789 10757s
 10503  5345 200301.495   23 1459 200628.392 200290.846  0.17%   789 10773s
 10505  5346 200556.737   24 1111 200628.392 200290.846  0.17%   790 10786s
 10526  5340 200618.912   35  927 200628.392 200290.846  0.17%   789 10790s
 10530  5337 200292.477   24 1511 200628.392 200290.846  0.17%   789 10821s
 10531  5338 200305.246   25 1506 200628.392 200290.846  0.17%   789 10835s
 10532  5338 200371.067   25 1339 200628.392 200290.846  0.17%   790 10849s
 10533  5339 200376.067   26 1299 200628.392 200290.846  0.17%   790 10851s
 10534  5340 200457.192   26 1174 200628.392 200290.846  0.17%   791 10858s
 10535  5340 200378.002   27 1296 200628.392 200290.846  0.17%   791 10860s
 10536  5341 200502.115   27 1163 200628.392 200290.846  0.17%   791 10865s
 10539  5343 200382.371   29 1276 200628.392 200290.846  0.17%   792 10871s
 10540  5344 200430.886   29 1270 200628.392 200290.846  0.17%   792 10880s
 10543  5346 200385.083   31 1261 200628.392 200290.846  0.17%   793 10885s
 10544  5346 200437.407   31 1275 200628.392 200290.846  0.17%   793 10891s
 10546  5348 200626.397   32 1096 200628.392 200290.846  0.17%   793 10899s
 10547  5348 200406.387   33 1175 200628.392 200290.846  0.17%   794 10902s
 10548  5349 200424.001   33 1266 200628.392 200290.846  0.17%   794 10908s
 10550  5350 200455.513   34 1175 200628.392 200290.846  0.17%   794 10914s
 10551  5351 200435.817   35 1191 200628.392 200290.846  0.17%   795 10918s
 10552  5352 200445.339   35 1091 200628.392 200290.846  0.17%   795 10922s
 10554  5353 200498.337   36 1146 200628.392 200290.846  0.17%   795 10926s
 10559  5352 200443.295   39 1170 200628.392 200290.846  0.17%   795 10930s
 10563  5353 200449.192   41 1167 200628.392 200290.846  0.17%   795 10935s
 10572  5355 200459.540   45 1155 200628.392 200290.846  0.17%   795 10940s
 10581  5357 200467.047   49 1134 200628.392 200290.846  0.17%   795 10945s
 10588  5362 200616.222   52  899 200628.392 200290.846  0.17%   795 10951s
 10591  5364 200472.733   54 1130 200628.392 200290.846  0.17%   795 10955s
 10594  5365 200582.999   55  838 200628.392 200290.846  0.17%   796 10965s
 10596  5364     cutoff   56      200628.392 200290.846  0.17%   797 10971s
 10601  5367 200504.278   59 1089 200628.392 200290.846  0.17%   797 10975s
 10609  5369 200512.206   63 1054 200628.392 200290.846  0.17%   796 10980s
 10622  5365     cutoff   70      200628.392 200290.846  0.17%   796 10985s
 10631  5367 200535.550   75 1017 200628.392 200290.846  0.17%   796 10990s
 10639  5368 200560.643   80  968 200628.392 200290.846  0.17%   796 10995s
 10651  5366     cutoff   86      200628.392 200290.846  0.17%   795 11000s
 10662  5362     cutoff   91      200628.392 200290.846  0.17%   795 11005s
 10668  5360 200414.557   24 1331 200628.392 200301.796  0.16%   796 11022s
 10670  5361 200443.998   25 1301 200628.392 200301.796  0.16%   796 11027s
 10672  5363 200507.563   26 1141 200628.392 200301.796  0.16%   796 11033s
 10674  5364 200468.032   27 1264 200628.392 200301.796  0.16%   797 11038s
 10676  5365 200566.711   28 1077 200628.392 200301.796  0.16%   797 11044s
 10677  5366 200424.269   29 1266 200628.392 200301.796  0.16%   797 11045s
 10680  5368 200575.801   30 1058 200628.392 200301.796  0.16%   798 11053s
 10685  5365 200439.124   31 1279 200628.392 200301.796  0.16%   798 11058s
 10686  5366 200464.685   31 1122 200628.392 200301.796  0.16%   798 11061s
 10689  5366 200499.660   33  985 200628.392 200301.796  0.16%   798 11081s
 10696  5363     cutoff   36      200628.392 200301.796  0.16%   798 11085s
 10709  5362 200540.564   43  845 200628.392 200301.796  0.16%   798 11090s
 10723  5366 200559.446   50  786 200628.392 200301.796  0.16%   797 11095s
 10735  5362 200309.612   25 1492 200628.392 200301.797  0.16%   797 11147s
 10736  5362 200392.506   26 1551 200628.392 200301.797  0.16%   799 11164s
 10737  5361     cutoff   26      200628.392 200301.797  0.16%   799 11167s
 10739  5362 200612.322   27 1114 200628.392 200301.797  0.16%   799 11175s
 10743  5359     cutoff   28      200628.392 200301.797  0.16%   800 11184s
 10744  5360 200394.856   29 1546 200628.392 200301.797  0.16%   800 11186s
 10747  5359 200441.074   30 1501 200628.392 200301.797  0.16%   800 11194s
 10748  5359 200397.813   31 1535 200628.392 200301.797  0.16%   800 11195s
 10749  5358     cutoff   31      200628.392 200301.797  0.16%   801 11202s
 10751  5357     cutoff   32      200628.392 200301.797  0.16%   802 11210s
 10753  5359 200500.962   33 1314 200628.392 200301.797  0.16%   803 11225s
 10762  5356 200503.287   38 1316 200628.392 200301.797  0.16%   803 11230s
H10764  5080                    200628.39189 200301.797  0.16%   803 11263s
 10765  5083 200504.867   40 1298 200628.392 200301.797  0.16%   803 11265s
 10774  5081 200618.158   44  830 200628.392 200301.797  0.16%   803 11272s
 10781  5079 200510.611   48 1300 200628.392 200301.797  0.16%   803 11276s
 10784  5081 200525.239   49 1194 200628.392 200301.797  0.16%   803 11282s
 10787  5083 200527.498   51 1150 200628.392 200301.797  0.16%   803 11285s
H10791  4822                    200628.39185 200301.797  0.16%   803 11286s
 10796  4824 200529.335   56 1132 200628.392 200301.797  0.16%   803 11290s
 10806  4825 200531.798   61 1110 200628.392 200301.797  0.16%   802 11295s
 10809  4825 200552.769   62  963 200628.392 200301.797  0.16%   803 11300s
 10821  4822 200449.652   25  391 200628.392 200305.246  0.16%   803 11312s
 10824  4824 200453.786   27  377 200628.392 200305.246  0.16%   803 11315s
 10835  4829     cutoff   32      200628.392 200305.246  0.16%   803 11320s
 10841  4833 200502.361   35  768 200628.392 200305.246  0.16%   804 11325s
 10849  4834     cutoff   39      200628.392 200305.246  0.16%   804 11330s
 10873  4842 200523.707   52  226 200628.392 200305.246  0.16%   803 11335s
 10897  4848 200549.965   64  204 200628.392 200305.246  0.16%   802 11340s
 10930  4861     cutoff   80      200628.392 200305.246  0.16%   800 11345s
 10973  4865 200618.491  102  126 200628.392 200305.246  0.16%   797 11350s
 10981  4864 200311.317   26 1577 200628.392 200305.246  0.16%   797 11387s
 10982  4864 200316.502   27 1545 200628.392 200305.246  0.16%   798 11396s
 10983  4863     cutoff   27      200628.392 200305.246  0.16%   799 11405s
 10985  4864 200382.870   28 1254 200628.392 200305.246  0.16%   799 11415s
 10988  4866 200568.130   30  967 200628.392 200305.246  0.16%   799 11420s
 10995  4862 200311.344   26 1574 200628.392 200311.344  0.16%   800 11445s
 10996  4863 200312.470   27 1558 200628.392 200311.344  0.16%   800 11451s
 10997  4863 200623.238   27 1158 200628.392 200312.470  0.16%   801 11460s
 11000  4863 200388.442   28 1284 200628.392 200313.188  0.16%   801 11473s
 11002  4865 200463.034   29 1174 200628.392 200313.188  0.16%   802 11479s
 11003  4865 200389.627   30 1274 200628.392 200313.188  0.16%   802 11480s
 11006  4867 200514.762   31 1139 200628.392 200313.188  0.16%   802 11489s
 11008  4867     cutoff   32      200628.392 200313.188  0.16%   802 11490s
 11022  4862     cutoff   39      200628.392 200313.188  0.16%   802 11495s
 11034  4858     cutoff   45      200628.392 200313.188  0.16%   802 11500s
 11043  4854     cutoff   49      200628.392 200313.188  0.16%   802 11505s
 11045  4853 200316.506   29 1570 200628.392 200313.188  0.16%   802 11524s
 11046  4854 200320.197   30 1523 200628.392 200313.188  0.16%   802 11530s
 11047  4855 200440.077   30 1256 200628.392 200313.188  0.16%   803 11540s
 11049  4856 200623.245   31  876 200628.392 200313.188  0.16%   804 11547s
 11051  4857 200488.867   32 1246 200628.392 200313.188  0.16%   804 11553s
 11053  4859 200510.360   33 1206 200628.392 200313.188  0.16%   804 11559s
 11054  4859 200448.931   34 1229 200628.392 200313.188  0.16%   804 11560s
 11055  4860 200513.970   34 1194 200628.392 200313.188  0.16%   805 11566s
 11057  4861 200558.354   35 1047 200628.392 200313.188  0.16%   806 11572s
 11064  4862 200589.864   39  984 200628.392 200313.188  0.16%   805 11575s
 11079  4856 200613.703   47  929 200628.392 200313.188  0.16%   805 11580s
 11087  4852 200409.758   29 1387 200628.392 200318.038  0.15%   806 11602s
 11088  4853 200421.886   30 1317 200628.392 200318.038  0.15%   806 11607s
 11090  4854 200424.848   32 1302 200628.392 200318.038  0.15%   806 11610s
 11097  4859 200431.101   39 1252 200628.392 200318.038  0.15%   806 11615s
 11101  4862 200441.404   43 1211 200628.392 200318.038  0.15%   806 11620s
 11103  4863 200460.408   45 1235 200628.392 200318.038  0.15%   806 11625s
 11111  4868 200560.037   52  721 200628.392 200318.038  0.15%   806 11630s
 11117  4865 200402.601   29 1378 200628.392 200318.104  0.15%   807 11649s
 11119  4867 200405.932   31 1327 200628.392 200318.104  0.15%   807 11650s
 11124  4869 200416.677   36 1286 200628.392 200318.104  0.15%   807 11655s
 11130  4873 200450.009   42 1248 200628.392 200318.104  0.15%   807 11663s
 11131  4874 200511.446   42  883 200628.392 200318.104  0.15%   807 11666s
 11139  4879 200560.712   50  770 200628.392 200318.104  0.15%   807 11670s
 11147  4877 200325.880   29 1607 200628.392 200320.198  0.15%   807 11710s
 11148  4878 200346.775   30 1452 200628.392 200320.198  0.15%   808 11720s
 11151  4880 200421.202   33 1288 200628.392 200320.198  0.15%   808 11730s
 11156  4882 200429.665   38 1274 200628.392 200320.198  0.15%   808 11735s
 11157  4882 200446.353   39 1274 200628.392 200320.198  0.15%   808 11742s
 11158  4883 200520.356   39  902 200628.392 200320.198  0.15%   809 11745s
 11165  4885 200609.943   45  692 200628.392 200320.198  0.15%   809 11750s
 11169  4882 200433.305   31 1356 200628.392 200320.202  0.15%   811 11780s
 11172  4882     cutoff   34      200628.392 200320.202  0.15%   812 11808s
 11173  4883 200562.447   34  770 200628.392 200320.202  0.15%   813 11811s
 11174  4883 200605.847   35  689 200628.392 200320.202  0.15%   813 11821s
 11178  4880 200324.665   31 1564 200628.392 200324.665  0.15%   813 11838s
 11179  4881 200326.339   32 1520 200628.392 200324.665  0.15%   813 11854s
 11180  4881 200328.796   33 1498 200628.392 200324.665  0.15%   813 11859s
 11181  4882 200329.070   34 1486 200628.392 200324.665  0.15%   813 11861s
 11183  4883 200329.749   36 1479 200628.392 200324.665  0.15%   813 11865s
 11186  4885 200333.455   39 1448 200628.392 200324.665  0.15%   813 11871s
 11188  4887 200338.025   41 1409 200628.392 200324.665  0.15%   813 11875s
 11190  4888 200340.128   43 1376 200628.392 200324.665  0.15%   813 11880s
 11194  4891 200342.675   47 1350 200628.392 200324.665  0.15%   813 11887s
 11196  4892 200345.686   49 1336 200628.392 200324.665  0.15%   813 11891s
 11198  4893 200350.289   51 1314 200628.392 200324.665  0.15%   813 11895s
 11201  4895 200357.463   54 1309 200628.392 200324.665  0.15%   814 11902s
 11203  4897 200360.128   56 1309 200628.392 200324.665  0.15%   814 11905s
 11206  4897     cutoff   59      200628.392 200324.665  0.15%   814 11910s
 11210  4899 200370.255   62 1288 200628.392 200324.665  0.15%   814 11916s
 11212  4901 200377.855   64 1255 200628.392 200324.665  0.15%   814 11920s
 11215  4903 200381.437   67 1265 200628.392 200324.665  0.15%   814 11925s
 11218  4905 200382.686   68 1247 200628.392 200324.665  0.15%   814 11930s
 11222  4905 200395.051   71 1233 200628.392 200324.665  0.15%   814 11935s
 11226  4908 200405.564   75 1191 200628.392 200324.665  0.15%   814 11941s
 11230  4911 200410.969   79 1168 200628.392 200324.665  0.15%   814 11945s
 11235  4914 200422.257   84 1142 200628.392 200324.665  0.15%   814 11950s
 11240  4917 200425.757   88 1137 200628.392 200324.665  0.15%   814 11955s
 11245  4921 200437.780   93 1112 200628.392 200324.665  0.15%   814 11960s
 11250  4924 200445.019   98 1092 200628.392 200324.665  0.15%   814 11965s
 11256  4928 200457.505  104 1072 200628.392 200324.665  0.15%   813 11970s
 11262  4932 200477.633  106 1128 200628.392 200324.665  0.15%   814 11978s
 11267  4935 200466.435  110 1044 200628.392 200324.665  0.15%   813 11980s
 11273  4939 200518.236  114  941 200628.392 200324.665  0.15%   814 11988s
 11275  4941 200509.443  112  967 200628.392 200324.665  0.15%   814 11990s
 11277  4938     cutoff  112      200628.392 200324.665  0.15%   815 11996s
 11283  4940 200521.197  118  941 200628.392 200324.665  0.15%   815 12000s
 11286  4941 200528.445  120  927 200628.392 200324.665  0.15%   815 12005s
 11291  4941 200532.734  122  928 200628.392 200324.665  0.15%   815 12010s
 11299  4945     cutoff  125      200628.392 200324.665  0.15%   815 12015s
 11306  4945     cutoff  126      200628.392 200324.665  0.15%   816 12020s
 11309  4943     cutoff  129      200628.392 200324.665  0.15%   816 12027s
 11313  4942     cutoff  130      200628.392 200324.665  0.15%   816 12030s
 11317  4939 200488.886   32 1358 200628.392 200325.901  0.15%   818 12059s
 11318  4939 200497.345   33 1319 200628.392 200325.901  0.15%   818 12061s
 11322  4941 200503.980   37 1291 200628.392 200325.901  0.15%   818 12065s
 11328  4945 200536.595   43 1213 200628.392 200325.901  0.15%   818 12073s
 11330  4946 200541.605   45 1201 200628.392 200325.901  0.15%   818 12075s
 11336  4950 200558.360   51 1132 200628.392 200325.901  0.15%   818 12080s
 11343  4950     cutoff   56      200628.392 200325.901  0.15%   818 12085s
 11346  4948 200457.917   30 1391 200628.392 200326.339  0.15%   819 12102s
 11347  4948 200482.114   31 1330 200628.392 200326.339  0.15%   819 12106s
 11350  4949 200570.386   31  818 200628.392 200326.339  0.15%   820 12111s
 11356  4948 200492.752   36 1303 200628.392 200326.339  0.15%   819 12115s
 11364  4953 200506.200   44 1263 200628.392 200326.339  0.15%   819 12120s
 11372  4957 200540.094   52 1160 200628.392 200326.339  0.15%   819 12125s
 11377  4959     cutoff   57      200628.392 200326.339  0.15%   819 12131s
 11381  4955 200496.264   33 1353 200628.392 200328.797  0.15%   820 12156s
 11384  4956 200508.414   36 1307 200628.392 200328.797  0.15%   820 12160s
 11390  4960 200530.941   42 1210 200628.392 200328.797  0.15%   820 12165s
 11397  4965 200551.178   49 1182 200628.392 200328.797  0.15%   820 12170s
 11404  4962     cutoff   53      200628.392 200328.797  0.15%   820 12176s
 11405  4962 200502.253   34 1346 200628.392 200329.070  0.15%   822 12200s
 11408  4963 200513.698   37 1295 200628.392 200329.070  0.15%   822 12205s
 11409  4964 200515.340   38 1298 200628.392 200329.070  0.15%   822 12216s
 11413  4967 200535.426   42 1202 200628.392 200329.070  0.15%   822 12220s
 11415  4966     cutoff   44      200628.392 200329.070  0.15%   822 12225s
 11422  4969 200556.437   48 1181 200628.392 200329.070  0.15%   822 12230s
 11426  4969     cutoff   52      200628.392 200329.070  0.15%   822 12235s
 11429  4965     cutoff   50      200628.392 200329.070  0.15%   823 12240s
 11430  4966 200332.182   35 1551 200628.392 200329.609  0.15%   823 12265s
 11431  4967 200336.066   36 1491 200628.392 200329.609  0.15%   823 12273s
 11433  4968 200337.035   38 1496 200628.392 200329.609  0.15%   823 12276s
 11434  4969 200340.069   39 1479 200628.392 200329.609  0.15%   823 12281s
 11436  4970 200341.542   41 1470 200628.392 200329.609  0.15%   823 12285s
 11439  4972 200348.297   44 1448 200628.392 200329.609  0.15%   823 12292s
 11441  4973 200350.950   46 1430 200628.392 200329.609  0.15%   824 12297s
 11443  4975 200354.720   48 1422 200628.392 200329.609  0.15%   824 12301s
 11445  4976 200358.120   50 1407 200628.392 200329.609  0.15%   824 12306s
 11447  4977 200361.029   52 1397 200628.392 200329.609  0.15%   824 12310s
 11451  4980 200366.710   56 1385 200628.392 200329.609  0.15%   824 12316s
 11453  4981 200371.483   58 1345 200628.392 200329.609  0.15%   824 12320s
 11457  4984 200380.634   62 1362 200628.392 200329.609  0.15%   824 12325s
 11460  4986 200388.932   65 1346 200628.392 200329.609  0.15%   824 12331s
 11463  4988 200394.090   68 1330 200628.392 200329.609  0.15%   824 12335s
 11467  4991 200398.476   72 1301 200628.392 200329.609  0.15%   824 12340s
 11469  4992 200406.219   74 1346 200628.392 200329.609  0.15%   824 12345s
 11473  4995 200419.620   78 1315 200628.392 200329.609  0.15%   824 12351s
 11475  4996 200433.917   80 1255 200628.392 200329.609  0.15%   824 12356s
 11479  4999 200449.620   84 1234 200628.392 200329.609  0.15%   824 12360s
 11484  5002 200481.646   89 1162 200628.392 200329.609  0.15%   824 12365s
 11491  5005 200494.173   95 1139 200628.392 200329.609  0.15%   824 12370s
 11501  5011 200559.385  105 1012 200628.392 200329.609  0.15%   824 12377s
 11507  5013     cutoff  111      200628.392 200329.609  0.15%   824 12381s
 11515  5019 200608.049  118  900 200628.392 200329.609  0.15%   823 12385s
 11525  5011     cutoff   36      200628.392 200329.750  0.15%   825 12412s
 11526  5012 200464.254   37 1343 200628.392 200332.081  0.15%   826 12437s
 11527  5013 200474.997   38 1261 200628.392 200332.081  0.15%   826 12440s
 11534  5017 200492.207   45 1244 200628.392 200332.081  0.15%   826 12445s
 11539  5021 200506.011   50 1225 200628.392 200332.081  0.15%   826 12493s
 11542  5023 200510.510   53 1216 200628.392 200332.081  0.15%   826 12495s
 11550  5027 200528.057   61 1171 200628.392 200332.081  0.15%   826 12500s
 11553  5025     cutoff   63      200628.392 200332.081  0.15%   826 12505s
 11556  5023     cutoff   63      200628.392 200332.081  0.15%   826 12512s
 11558  5022 200526.700   38  983 200628.392 200332.185  0.15%   827 12523s
 11560  5024 200528.376   40  938 200628.392 200332.185  0.15%   827 12525s
 11561  5022     cutoff   41      200628.392 200332.185  0.15%   828 12532s
 11565  5023     cutoff   44      200628.392 200332.185  0.15%   828 12535s
 11570  5022     cutoff   46      200628.392 200332.185  0.15%   828 12540s
 11574  5017     cutoff   36      200628.392 200332.189  0.15%   830 12574s
 11575  5018 200397.656   39 1613 200628.392 200333.456  0.15%   832 12599s
 11576  5017 200398.338   40 1595 200628.392 200333.456  0.15%   832 12600s
 11579  5018 200487.814   43 1349 200628.392 200333.456  0.15%   832 12608s
 11584  5021 200498.303   48 1347 200628.392 200333.456  0.15%   832 12610s
 11593  5023 200517.947   57 1320 200628.392 200333.456  0.15%   831 12615s
 11594  5023 200519.078   58 1318 200628.392 200333.456  0.15%   831 12630s
 11596  5023     cutoff   60      200628.392 200333.456  0.15%   832 12636s
 11605  5026     cutoff   68      200628.392 200333.456  0.15%   832 12640s
 11613  5031 200581.709   75 1191 200628.392 200333.456  0.15%   831 12645s
 11619  5027 200342.309   40 1504 200628.392 200336.066  0.15%   832 12671s
 11620  5028 200347.205   41 1392 200628.392 200336.066  0.15%   832 12677s
 11621  5028 200348.164   42 1378 200628.392 200336.066  0.15%   832 12680s
 11625  5031 200350.097   46 1369 200628.392 200336.066  0.15%   832 12685s
 11629  5034 200359.693   50 1331 200628.392 200336.066  0.15%   832 12691s
 11631  5034 200362.757   52 1339 200628.392 200336.066  0.15%   832 12695s
 11634  5036 200369.365   55 1320 200628.392 200336.066  0.15%   832 12700s
 11638  5039 200374.426   59 1290 200628.392 200336.066  0.15%   832 12706s
 11642  5041 200383.760   63 1270 200628.392 200336.066  0.15%   832 12710s
 11646  5044 200393.074   67 1244 200628.392 200336.066  0.15%   832 12715s
 11650  5047 200400.593   71 1234 200628.392 200336.066  0.15%   832 12720s
 11655  5050 200412.966   76 1217 200628.392 200336.066  0.15%   832 12725s
 11659  5053 200419.717   80 1183 200628.392 200336.066  0.15%   832 12730s
 11662  5055 200469.933   83 1026 200628.392 200336.066  0.15%   832 12738s
 11666  5057 200480.701   87  995 200628.392 200336.066  0.15%   832 12740s
 11675  5063 200502.664   96  929 200628.392 200336.066  0.15%   832 12745s
 11682  5068 200525.449  103  856 200628.392 200336.066  0.15%   832 12750s
 11695  5077 200565.022  116  764 200628.392 200336.066  0.15%   831 12755s
 11713  5084 200621.191  132  671 200628.392 200336.066  0.15%   831 12760s
 11719  5080 200341.562   37 1419 200628.392 200336.730  0.15%   831 12778s
 11720  5080 200343.623   38 1384 200628.392 200336.730  0.15%   831 12781s
 11723  5082 200347.230   41 1385 200628.392 200336.730  0.15%   831 12786s
 11726  5084 200353.469   44 1342 200628.392 200336.730  0.15%   831 12792s
 11728  5086 200358.964   46 1318 200628.392 200336.730  0.15%   831 12797s
 11729  5086 200361.506   47 1275 200628.392 200336.730  0.15%   831 12802s
 11731  5088 200364.304   49 1288 200628.392 200336.730  0.15%   831 12805s
 11734  5090 200371.018   52 1255 200628.392 200336.730  0.15%   831 12811s
 11737  5092 200375.910   55 1265 200628.392 200336.730  0.15%   831 12815s
 11742  5095 200383.766   60 1239 200628.392 200336.730  0.15%   831 12820s
 11747  5098 200392.102   65 1196 200628.392 200336.730  0.15%   831 12826s
 11750  5098     cutoff   68      200628.392 200336.730  0.15%   831 12830s
 11755  5100     cutoff   72      200628.392 200336.730  0.15%   832 12843s
 11756  5100 200413.981   72 1148 200628.392 200336.730  0.15%   832 12845s
 11762  5104 200426.395   78 1127 200628.392 200336.730  0.15%   832 12850s
 11766  5107 200466.775   82 1074 200628.392 200336.730  0.15%   832 12857s
 11770  5110 200480.733   86 1036 200628.392 200336.730  0.15%   832 12860s
 11778  5113 200500.850   93  990 200628.392 200336.730  0.15%   832 12865s
 11786  5118 200524.546  101  924 200628.392 200336.730  0.15%   832 12870s
 11802  5129 200591.843  117  772 200628.392 200336.730  0.15%   831 12875s
 11822  5128 200600.867   38 1176 200628.392 200337.041  0.15%   832 12904s
 11823  5127     cutoff   39      200628.392 200337.041  0.15%   832 12905s
 11825  5126 200468.410   39 1314 200628.392 200337.268  0.15%   833 12927s
 11826  5125     cutoff   40      200628.392 200337.268  0.15%   834 12941s
 11828  5124 200349.015   41 1434 200628.392 200338.030  0.14%   835 12962s
 11830  5124 200350.868   42 1380 200628.392 200338.030  0.14%   835 12967s
 11833  5126 200520.308   45  899 200628.392 200338.030  0.14%   837 12990s
 11839  5126 infeasible   51      200628.392 200338.030  0.14%   837 12995s
 11843  5122     cutoff   50      200628.392 200338.030  0.14%   838 13000s
 11844  5122 200375.921   42 1583 200628.392 200338.691  0.14%   839 13023s
 11846  5122 200376.708   44 1542 200628.392 200338.691  0.14%   839 13025s
 11848  5124 200378.605   46 1518 200628.392 200338.691  0.14%   839 13030s
 11850  5125 200440.493   48 1309 200628.392 200338.691  0.14%   839 13040s
 11857  5130 200462.922   55 1284 200628.392 200338.691  0.14%   839 13045s
 11866  5134 200474.746   63 1258 200628.392 200338.691  0.14%   839 13050s
 11871  5137 200585.893   68  976 200628.392 200338.691  0.14%   839 13055s
 11876  5131 200364.614   43 1567 200628.392 200340.070  0.14%   840 13098s
 11877  5131 200368.915   44 1479 200628.392 200340.070  0.14%   840 13103s
 11878  5132 200370.401   45 1490 200628.392 200340.070  0.14%   840 13105s
 11881  5134 200375.315   48 1479 200628.392 200340.070  0.14%   840 13111s
 11884  5136 200379.712   51 1466 200628.392 200340.070  0.14%   840 13116s
 11887  5138 200385.420   54 1444 200628.392 200340.070  0.14%   840 13120s
 11892  5141 200395.421   59 1419 200628.392 200340.070  0.14%   840 13126s
 11895  5143 200400.498   62 1407 200628.392 200340.070  0.14%   840 13130s
 11896  5144 200490.421   63 1180 200628.392 200340.070  0.14%   840 13139s
 11897  5142     cutoff   64      200628.392 200340.070  0.14%   841 13144s
 11898  5143 200491.677   64 1174 200628.392 200340.070  0.14%   841 13145s
 11904  5147 200508.995   70 1142 200628.392 200340.070  0.14%   841 13150s
 11911  5152 200533.863   77 1085 200628.392 200340.070  0.14%   840 13155s
 11923  5157 200599.594   88  892 200628.392 200340.070  0.14%   840 13160s
 11934  5151     cutoff   40      200628.392 200340.131  0.14%   841 13181s
 11935  5151 200390.621   44 1580 200628.392 200340.762  0.14%   842 13207s
 11937  5151 200392.560   46 1521 200628.392 200340.762  0.14%   842 13210s
 11940  5153 200395.139   49 1508 200628.392 200340.762  0.14%   842 13215s
 11944  5156 200430.024   53 1371 200628.392 200340.762  0.14%   842 13224s
 11945  5156 200432.341   54 1367 200628.392 200340.762  0.14%   842 13226s
 11949  5159 200441.176   58 1316 200628.392 200340.762  0.14%   842 13231s
 11951  5160 200481.302   60 1210 200628.392 200340.762  0.14%   842 13235s
 11957  5162     cutoff   66      200628.392 200340.762  0.14%   843 13244s
 11959  5164 200499.485   67 1175 200628.392 200340.762  0.14%   842 13245s
 11964  5167 200508.110   72 1155 200628.392 200340.762  0.14%   842 13266s
 11967  5169 200516.967   75 1151 200628.392 200340.762  0.14%   842 13284s
 11968  5170 200518.352   76 1150 200628.392 200340.762  0.14%   842 13285s
 11972  5170     cutoff   80      200628.392 200340.762  0.14%   842 13290s
 11978  5167     cutoff   81      200628.392 200340.762  0.14%   843 13297s
 11980  5165     cutoff   80      200628.392 200340.762  0.14%   843 13300s
 11981  5164 200353.052   41 1582 200628.392 200340.786  0.14%   844 13344s
 11982  5165 200372.063   42 1420 200628.392 200340.786  0.14%   844 13352s
 11983  5166 200386.457   43 1468 200628.392 200340.786  0.14%   845 13361s
 11984  5166 200507.940   43  846 200628.392 200340.786  0.14%   845 13367s
 11989  5169 200548.801   47  746 200628.392 200340.786  0.14%   845 13370s
 11994  5169     cutoff   50      200628.392 200340.786  0.14%   846 13376s
 12003  5175 200576.914   58  436 200628.392 200340.786  0.14%   845 13380s
 12023  5168 200359.005   45 1466 200628.392 200341.143  0.14%   845 13419s
 12024  5168 200363.913   46 1401 200628.392 200341.143  0.14%   845 13423s
 12025  5169 200364.589   47 1392 200628.392 200341.143  0.14%   845 13425s
 12028  5171 200367.398   50 1379 200628.392 200341.143  0.14%   845 13431s
 12030  5172 200370.166   52 1353 200628.392 200341.143  0.14%   845 13435s
 12033  5174 200375.715   55 1341 200628.392 200341.143  0.14%   845 13441s
 12036  5176 200381.745   58 1329 200628.392 200341.143  0.14%   845 13445s
 12041  5177 200385.466   62 1312 200628.392 200341.143  0.14%   845 13450s
 12045  5180 200389.359   66 1308 200628.392 200341.143  0.14%   845 13456s
 12048  5182 200405.631   69 1244 200628.392 200341.143  0.14%   845 13462s
 12050  5183 200410.233   71 1229 200628.392 200341.143  0.14%   845 13465s
 12055  5186 200419.359   76 1206 200628.392 200341.143  0.14%   845 13470s
 12056  5186 200438.592   77 1216 200628.392 200341.143  0.14%   845 13475s
 12059  5188 200515.477   80 1105 200628.392 200341.143  0.14%   846 13482s
 12065  5192 200528.910   86 1068 200628.392 200341.143  0.14%   846 13485s
 12077  5194 200541.127   93 1054 200628.392 200341.143  0.14%   845 13490s
 12083  5190 200590.631   46  521 200628.392 200341.448  0.14%   847 13508s
 12091  5187 200429.114   47 1495 200628.392 200341.555  0.14%   848 13531s
 12095  5188 200431.802   51 1449 200628.392 200341.555  0.14%   848 13535s
 12096  5189 200463.209   52 1387 200628.392 200341.555  0.14%   848 13540s
 12102  5192 200476.978   58 1323 200628.392 200341.555  0.14%   848 13545s
 12105  5192 200479.171   60 1319 200628.392 200341.555  0.14%   848 13551s
 12111  5196 200488.838   66 1286 200628.392 200341.555  0.14%   848 13555s
 12116  5199 200552.369   71 1152 200628.392 200341.555  0.14%   848 13561s
 12124  5202     cutoff   79      200628.392 200341.555  0.14%   848 13567s
 12128  5198 200354.355   42 1474 200628.392 200341.565  0.14%   849 13590s
 12131  5199 200359.241   45 1385 200628.392 200341.565  0.14%   849 13595s
 12134  5201 200362.038   48 1380 200628.392 200341.565  0.14%   849 13600s
 12136  5203 200364.738   50 1363 200628.392 200341.565  0.14%   849 13605s
 12140  5205 200375.015   54 1317 200628.392 200341.565  0.14%   849 13610s
 12144  5208 200390.144   58 1267 200628.392 200341.565  0.14%   849 13616s
 12147  5206 infeasible   60      200628.392 200341.565  0.14%   849 13620s
 12152  5209 200401.738   64 1257 200628.392 200341.565  0.14%   849 13625s
 12155  5211 200544.464   67  900 200628.392 200341.565  0.14%   850 13635s
 12167  5213 200567.130   75  839 200628.392 200341.565  0.14%   850 13640s
 12172  5209     cutoff   38      200628.392 200342.319  0.14%   850 13645s
 12174  5207 200386.781   48 1567 200628.392 200343.630  0.14%   852 13676s
 12176  5207 200388.230   50 1500 200628.392 200343.630  0.14%   852 13681s
 12179  5209 200422.261   53 1300 200628.392 200343.630  0.14%   852 13691s
 12182  5211 200426.643   56 1292 200628.392 200343.630  0.14%   852 13695s
 12186  5214 200476.799   60 1046 200628.392 200343.630  0.14%   852 13703s
 12187  5214 200595.481   61  936 200628.392 200343.630  0.14%   853 13709s
 12189  5213 200481.549   61 1030 200628.392 200343.630  0.14%   853 13710s
 12196  5218 200589.203   68  832 200628.392 200343.630  0.14%   853 13715s
 12205  5212 200582.797   39 1131 200628.392 200343.782  0.14%   854 13736s
 12208  5210 200514.937   40 1036 200628.392 200344.339  0.14%   855 13753s
 12213  5211 200528.214   44  990 200628.392 200344.339  0.14%   855 13755s
 12230  5212 200567.872   56  463 200628.392 200344.339  0.14%   855 13760s
 12242  5214 200616.647   65  409 200628.392 200344.339  0.14%   854 13765s
 12246  5210 200447.145   49 1450 200628.392 200345.686  0.14%   855 13792s
 12248  5210 200531.172   51 1080 200628.392 200345.686  0.14%   856 13798s
 12251  5211 200565.547   54  979 200628.392 200345.686  0.14%   856 13800s
 12262  5209 200376.820   50  921 200628.392 200345.865  0.14%   856 13813s
 12264  5209 200381.038   52  865 200628.392 200345.865  0.14%   856 13815s
 12270  5213 200499.225   58  615 200628.392 200345.865  0.14%   856 13820s
 12281  5217     cutoff   69      200628.392 200345.865  0.14%   856 13825s
 12293  5220     cutoff   78      200628.392 200345.865  0.14%   855 13830s
 12319  5220     cutoff   43      200628.392 200345.960  0.14%   855 13850s
 12321  5219 200467.878   31 1398 200628.392 200347.205  0.14%   856 13870s
 12322  5220 200490.968   32 1322 200628.392 200347.205  0.14%   856 13875s
 12329  5224 200562.129   39 1165 200628.392 200347.205  0.14%   856 13881s
 12334  5220     cutoff   39      200628.392 200347.205  0.14%   857 13886s
 12335  5220 200399.074   42 1358 200628.392 200347.230  0.14%   858 13902s
 12338  5220 200522.904   44 1013 200628.392 200347.230  0.14%   858 13910s
 12343  5224 200543.360   49  944 200628.392 200347.230  0.14%   858 13915s
 12355  5220     cutoff   42      200628.392 200347.500  0.14%   858 13920s
 12356  5220 200580.118   43  870 200628.392 200348.164  0.14%   859 13936s
 12361  5218 200361.558   43 1392 200628.392 200348.314  0.14%   860 13965s
 12362  5218 200398.819   44 1243 200628.392 200348.314  0.14%   860 13971s
 12365  5216 200399.711   45 1250 200628.392 200348.314  0.14%   861 13976s
 12366  5215     cutoff   46      200628.392 200348.314  0.14%   862 13987s
 12369  5217 200403.422   48 1234 200628.392 200348.314  0.14%   862 13990s
 12372  5215     cutoff   47      200628.392 200348.314  0.14%   862 13996s
 12376  5218 200445.416   53 1054 200628.392 200348.314  0.14%   862 14000s
 12383  5218     cutoff   55      200628.392 200348.314  0.14%   863 14005s
 12386  5216     cutoff   57      200628.392 200348.314  0.14%   863 14010s
 12394  5219 200450.202   59 1076 200628.392 200348.314  0.14%   863 14015s
 12398  5216 200462.007   60 1081 200628.392 200348.314  0.14%   863 14020s
 12404  5218     cutoff   63      200628.392 200348.314  0.14%   864 14025s
 12411  5217     cutoff   67      200628.392 200348.314  0.14%   864 14034s
 12412  5218 200476.595   67 1035 200628.392 200348.314  0.14%   864 14035s
 12419  5216 200481.081   71 1025 200628.392 200348.314  0.14%   864 14147s
 12424  5214     cutoff   74      200628.392 200348.314  0.14%   865 14150s
 12436  5218     cutoff   79      200628.392 200348.314  0.14%   864 14155s
 12439  5218 200514.255   78  661 200628.392 200348.314  0.14%   865 14163s
 12441  5218 200528.796   82  926 200628.392 200348.314  0.14%   865 14165s
 12452  5218     cutoff   87      200628.392 200348.314  0.14%   865 14170s
 12460  5216 200542.575   45 1038 200628.392 200348.560  0.14%   866 14187s
 12464  5218 200550.498   49  955 200628.392 200348.560  0.14%   865 14190s
 12477  5222     cutoff   61      200628.392 200348.560  0.14%   865 14195s
 12519  5206 200391.359   46 1506 200628.392 200348.616  0.14%   864 14221s
 12523  5209 200403.659   50 1383 200628.392 200348.616  0.14%   864 14227s
 12526  5211 200408.305   53 1360 200628.392 200348.616  0.14%   863 14231s
 12529  5213 200412.861   56 1338 200628.392 200348.616  0.14%   863 14235s
 12534  5216 200422.382   61 1298 200628.392 200348.616  0.14%   863 14241s
 12538  5219 200427.802   65 1262 200628.392 200348.616  0.14%   863 14245s
 12542  5221 200438.989   69 1243 200628.392 200348.616  0.14%   863 14250s
 12548  5224 200452.065   75 1199 200628.392 200348.616  0.14%   863 14255s
 12554  5228 200466.087   81 1158 200628.392 200348.616  0.14%   863 14260s
 12562  5234 200490.392   89 1025 200628.392 200348.616  0.14%   863 14266s
 12571  5240 200514.987   98  986 200628.392 200348.616  0.14%   863 14270s
 12582  5247 200556.649  109  898 200628.392 200348.616  0.14%   862 14275s
 12596  5246     cutoff  117      200628.392 200348.616  0.14%   862 14280s
 12600  5243 200507.941   45 1334 200628.392 200348.814  0.14%   863 14301s
 12602  5241 200509.333   46 1284 200628.392 200348.814  0.14%   863 14305s
 12609  5240     cutoff   51      200628.392 200348.814  0.14%   863 14310s
 12615  5241     cutoff   56      200628.392 200348.814  0.14%   864 14320s
 12618  5242 200587.979   58  970 200628.392 200348.814  0.14%   864 14328s
 12628  5241 200596.319   64  885 200628.392 200348.814  0.14%   864 14330s
 12636  5242 200605.201   70  855 200628.392 200348.814  0.14%   863 14335s
 12649  5237 200372.128   44 1391 200628.392 200349.430  0.14%   864 14357s
 12650  5237 200377.643   45 1329 200628.392 200349.430  0.14%   864 14360s
 12658  5235 200486.129   32 1373 200628.392 200349.591  0.14%   865 14381s
 12659  5235 200506.605   33 1278 200628.392 200349.591  0.14%   865 14385s
 12660  5234     cutoff   34      200628.392 200349.591  0.14%   865 14390s

Cutting planes:
  User: 1174
  Learned: 1
  Gomory: 61
  Implied bound: 3
  MIR: 928
  Flow cover: 1648
  RLT: 1
  Relax-and-lift: 797

Explored 12663 nodes (11243710 simplex iterations) in 14400.00 seconds (14813.05 work units)
Thread count was 1 (of 52 available processors)

Solution count 9: 200628 200628 200628 ... 217808

Time limit reached
Best objective 2.006283918542e+05, best bound 2.003495907954e+05, gap 0.1390%

User-callback calls 798941, time in user-callback 5.39 sec
Instance: data/CCMPPData/30-3000-4.ccmpp
Setting: BASE+DI
Epsilon: 0.1
Dimension: 30
NumScenario: 3000
NumAggScenario: 3000
BasicNumScenario: 2871
NumBasicDomIneqs: 0
NumNonReDomIneqs: 0
NumEdge:        0
NumBiEdge:      0
NumDomIneqs:    0
DominanceRatio: 0.0000
MixingCuts: on
MixingScope: root
DominanceLazy: 0
TerminationStatus: TIME_LIMIT
PrimalStatus: FEASIBLE_POINT
RawStatus: Optimization terminated because the time expended exceeded the value specified in the TimeLimit parameter.
SolvingTime: 14400.002604007721
NodeCount: 12663
MixingCutsSubmitted: 7388
ObjectiveValue: 200628.39185420092
ObjectiveBound: 200349.5907953523
RelativeGap: 0.0013896391047745098
