Set parameter TimeLimit to value 14400
Set parameter Threads to value 1
Set parameter MIPGap to value 0
Set parameter OutputFlag to value 1
Gurobi Optimizer version 12.0.3 build v12.0.3rc0 (linux64 - "CentOS Linux 7 (Core)")

CPU model: Intel(R) Xeon(R) Gold 6230R CPU @ 2.10GHz, instruction set [SSE2|AVX|AVX2|AVX512]
Thread count: 52 physical cores, 52 logical processors, using up to 1 threads

Non-default parameters:
TimeLimit  14400
MIPGap  0
Threads  1

Optimize a model with 24041 rows, 21060 columns and 49270 nonzeros
Model fingerprint: 0x35a6302b
Variable types: 20040 continuous, 1020 integer (1020 binary)
Coefficient statistics:
  Matrix range     [1e-13, 1e+03]
  Objective range  [2e-04, 9e+02]
  Bounds range     [8e+01, 1e+03]
  RHS range        [2e-01, 1e+03]
Warning: Model contains large matrix coefficient range
         Consider reformulating model or setting NumericFocus parameter
         to avoid numerical issues.
Found heuristic solution: objective 25941.306897
Presolve removed 19983 rows and 16467 columns
Presolve time: 0.15s
Presolved: 4058 rows, 4593 columns, 16799 nonzeros
Variable types: 4012 continuous, 581 integer (581 binary)

Root relaxation: objective 1.173313e+04, 1092 iterations, 0.07 seconds (0.08 work units)

    Nodes    |    Current Node    |     Objective Bounds      |     Work
 Expl Unexpl |  Obj  Depth IntInf | Incumbent    BestBd   Gap | It/Node Time

     0     0 11733.1272    0  344 25941.3069 11733.1272  54.8%     -    0s
H    0     0                    20725.433522 11733.1272  43.4%     -    0s
H    0     0                    19978.073522 11733.1272  41.3%     -    0s
     0     0 12109.0855    0  332 19978.0735 12109.0855  39.4%     -    0s
     0     0 12112.6844    0  330 19978.0735 12112.6844  39.4%     -    0s
     0     0 12264.9024    0  307 19978.0735 12264.9024  38.6%     -    0s
     0     0 12295.2824    0  313 19978.0735 12295.2824  38.5%     -    0s
     0     0 12295.6178    0  312 19978.0735 12295.6178  38.5%     -    0s
     0     0 12295.7245    0  313 19978.0735 12295.7245  38.5%     -    0s
     0     0 12796.9894    0  295 19978.0735 12796.9894  35.9%     -    0s
     0     0 12915.4116    0  295 19978.0735 12915.4116  35.4%     -    1s
     0     0 12919.7201    0  297 19978.0735 12919.7201  35.3%     -    1s
     0     0 12919.9453    0  300 19978.0735 12919.9453  35.3%     -    1s
     0     0 13105.7150    0  285 19978.0735 13105.7150  34.4%     -    1s
     0     0 13150.3491    0  284 19978.0735 13150.3491  34.2%     -    1s
     0     0 13158.5349    0  295 19978.0735 13158.5349  34.1%     -    1s
     0     0 13160.4203    0  294 19978.0735 13160.4203  34.1%     -    1s
     0     0 13160.9125    0  296 19978.0735 13160.9125  34.1%     -    1s
     0     0 13225.4053    0  272 19978.0735 13225.4053  33.8%     -    1s
     0     0 13231.4852    0  287 19978.0735 13231.4852  33.8%     -    1s
     0     0 13232.8007    0  284 19978.0735 13232.8007  33.8%     -    1s
     0     0 13233.1735    0  286 19978.0735 13233.1735  33.8%     -    1s
     0     0 13269.2437    0  267 19978.0735 13269.2437  33.6%     -    2s
     0     0 13292.6322    0  285 19978.0735 13292.6322  33.5%     -    2s
     0     0 13296.0546    0  287 19978.0735 13296.0546  33.4%     -    2s
     0     0 13298.5683    0  288 19978.0735 13298.5683  33.4%     -    2s
     0     0 13298.6361    0  288 19978.0735 13298.6361  33.4%     -    2s
     0     0 13387.2407    0  277 19978.0735 13387.2407  33.0%     -    2s
     0     0 13427.1847    0  286 19978.0735 13427.1847  32.8%     -    2s
     0     0 13432.6441    0  288 19978.0735 13432.6441  32.8%     -    2s
     0     0 13434.5921    0  288 19978.0735 13434.5921  32.8%     -    2s
     0     0 13434.8569    0  288 19978.0735 13434.8569  32.8%     -    2s
     0     0 13507.3669    0  263 19978.0735 13507.3669  32.4%     -    2s
     0     0 13523.7542    0  276 19978.0735 13523.7542  32.3%     -    2s
     0     0 13526.2824    0  278 19978.0735 13526.2824  32.3%     -    2s
     0     0 13526.8643    0  282 19978.0735 13526.8643  32.3%     -    2s
     0     0 13586.8660    0  260 19978.0735 13586.8660  32.0%     -    3s
     0     0 13596.0608    0  279 19978.0735 13596.0608  31.9%     -    3s
     0     0 13597.8436    0  277 19978.0735 13597.8436  31.9%     -    3s
     0     0 13599.7244    0  278 19978.0735 13599.7244  31.9%     -    3s
     0     0 13600.1864    0  277 19978.0735 13600.1864  31.9%     -    3s
     0     0 13628.9241    0  249 19978.0735 13628.9241  31.8%     -    3s
     0     0 13644.1162    0  258 19978.0735 13644.1162  31.7%     -    3s
     0     0 13648.7050    0  265 19978.0735 13648.7050  31.7%     -    3s
     0     0 13651.7350    0  266 19978.0735 13651.7350  31.7%     -    3s
     0     0 13652.0087    0  269 19978.0735 13652.0087  31.7%     -    3s
     0     0 13740.1840    0  250 19978.0735 13740.1840  31.2%     -    3s
     0     0 13749.1004    0  263 19978.0735 13749.1004  31.2%     -    3s
     0     0 13750.1112    0  264 19978.0735 13750.1112  31.2%     -    3s
     0     0 13779.8821    0  241 19978.0735 13779.8821  31.0%     -    3s
     0     0 13786.0952    0  251 19978.0735 13786.0952  31.0%     -    4s
     0     0 13786.5638    0  254 19978.0735 13786.5638  31.0%     -    4s
     0     0 13821.7361    0  271 19978.0735 13821.7361  30.8%     -    4s
     0     0 13833.4578    0  277 19978.0735 13833.4578  30.8%     -    4s
     0     0 13834.8748    0  277 19978.0735 13834.8748  30.7%     -    4s
     0     0 13835.1896    0  275 19978.0735 13835.1896  30.7%     -    4s
     0     0 13878.4133    0  273 19978.0735 13878.4133  30.5%     -    4s
     0     0 13888.4035    0  282 19978.0735 13888.4035  30.5%     -    5s
     0     0 13890.6029    0  284 19978.0735 13890.6029  30.5%     -    5s
     0     0 13891.2126    0  289 19978.0735 13891.2126  30.5%     -    5s
     0     0 13902.1177    0  279 19978.0735 13902.1177  30.4%     -    5s
     0     0 13907.1232    0  274 19978.0735 13907.1232  30.4%     -    5s
     0     0 13908.2244    0  281 19978.0735 13908.2244  30.4%     -    5s
     0     0 13925.6025    0  273 19978.0735 13925.6025  30.3%     -    5s
     0     0 13929.8084    0  279 19978.0735 13929.8084  30.3%     -    5s
     0     0 13930.0176    0  282 19978.0735 13930.0176  30.3%     -    5s
     0     0 13951.7455    0  285 19978.0735 13951.7455  30.2%     -    5s
     0     0 13957.7618    0  292 19978.0735 13957.7618  30.1%     -    6s
     0     0 13958.3378    0  278 19978.0735 13958.3378  30.1%     -    6s
     0     0 13973.9304    0  285 19978.0735 13973.9304  30.1%     -    6s
H    0     0                    19450.507711 13974.0093  28.2%     -    6s
H    0     0                    18910.084711 13974.0093  26.1%     -    6s
     0     0 13976.8104    0  291 18910.0847 13976.8104  26.1%     -    6s
     0     0 13977.7506    0  293 18910.0847 13977.7506  26.1%     -    6s
     0     0 13987.4036    0  293 18910.0847 13987.4036  26.0%     -    6s
     0     0 13987.5576    0  292 18910.0847 13987.5576  26.0%     -    6s
     0     2 13987.5576    0  290 18910.0847 13987.5576  26.0%     -    6s
H   27    27                    16893.434050 14052.4006  16.8%   205    7s
H  162   160                    16889.606405 14052.4006  16.8%  78.0    8s
   324   294 15067.2065    7  272 16889.6064 14185.0300  16.0%  69.9   10s
H  326   292                    16763.164812 14185.0300  15.4%  69.9   10s
H  337   300                    16736.451406 14185.0300  15.2%  69.4   10s
H  460   420                    16683.395669 14185.0300  15.0%  57.5   10s
   562   496 15452.7738   46  311 16683.3957 14185.5316  15.0%  55.4   15s
   580   508 16379.7294  165  323 16683.3957 14341.1518  14.0%  53.7   20s
   595   518 15631.1422  108  311 16683.3957 14411.5851  13.6%  52.3   25s
   608   527 15326.2759   17  319 16683.3957 14464.9441  13.3%  51.2   30s
   617   533 15941.4686  165  316 16683.3957 14502.1756  13.1%  50.5   35s
   624   538 15311.2852   11  341 16683.3957 14534.3940  12.9%  49.9   40s
   631   542 15133.8086   18  340 16683.3957 14553.4002  12.8%  49.4   45s
H  634   515                    16677.850496 14556.7960  12.7%  49.1   48s
   636   519 14562.5844   16  307 16677.8505 14557.0548  12.7%   142   50s
   659   534 14859.4515   27  221 16677.8505 14597.5656  12.5%   156   55s
H  662   506                    16611.888071 14597.5656  12.1%   156   55s
H  716   511                    16553.651541 14597.5656  11.8%   171   59s
   716   513 14873.6824   56  208 16553.6515 14597.5656  11.8%   171   60s
H  744   495                    16245.439992 14597.5656  10.1%   174   61s
   843   531 15471.6154  119  138 16245.4400 14597.5656  10.1%   176   65s
H  852   507                    16115.356960 14597.5656  9.42%   175   65s
H  906   509                    16089.583911 14597.5656  9.27%   172   66s
H 1042   512                    15977.047108 14597.5656  8.63%   156   68s
  1064   522 15218.9593   29  249 15977.0471 14598.0035  8.63%   160   70s
  1390   542 14656.9292   19  295 15977.0471 14645.2160  8.34%   150   75s
  1454   567 15441.4144   51  221 15977.0471 14645.2160  8.34%   162   80s
H 1469   534                    15936.854003 14645.2160  8.10%   163   81s
H 1521   534                    15929.303006 14645.2160  8.06%   167   82s
H 1521   516                    15928.300409 14645.2160  8.06%   167   82s
H 1521   499                    15927.410754 14645.2160  8.05%   167   82s
H 1547   509                    15906.695587 14645.2160  7.93%   167   83s
H 1547   500                    15883.087351 14645.2160  7.79%   167   83s
H 1573   516                    15873.774305 14645.2160  7.74%   169   84s
H 1573   513                    15868.979093 14645.2160  7.71%   169   84s
H 1599   521                    15864.466038 14645.2160  7.69%   168   84s
  1614   536 15669.7388  131  118 15864.4660 14645.2160  7.69%   168   85s
H 1625   528                    15843.370682 14645.2160  7.56%   168   85s
H 1625   525                    15830.736907 14645.2160  7.49%   168   85s
  1825   625 15225.1562   51  216 15830.7369 14645.3565  7.49%   166   90s
H 1904   680                    15822.417547 14645.3565  7.44%   171   93s
H 1904   680                    15816.664842 14645.3565  7.41%   171   93s
  1997   750 15441.0908  137   78 15816.6648 14645.3565  7.41%   171   95s
H 2075   748                    15761.433536 14645.3565  7.08%   167   96s
* 2153   742             218    15729.015876 14645.3565  6.89%   162   96s
  2241   801 15441.8798   67  159 15729.0159 14659.6913  6.80%   167  100s
H 2488   906                    15696.733843 14688.0022  6.43%   162  103s
H 2488   871                    15671.324256 14688.0022  6.27%   162  103s
H 2488   860                    15663.726406 14688.0022  6.23%   162  103s
H 2488   860                    15662.994597 14688.0022  6.22%   162  103s
H 2488   856                    15660.076970 14688.0022  6.21%   162  103s
H 2514   858                    15654.042316 14688.0022  6.17%   163  104s
H 2514   850                    15642.442274 14688.0022  6.10%   163  104s
  2517   853 15329.1698   40  184 15642.4423 14688.0022  6.10%   163  105s
H 2592   896                    15636.884247 14688.0022  6.07%   164  107s
H 2592   892                    15635.034008 14688.0022  6.06%   164  107s
H 2592   886                    15632.082488 14688.0022  6.04%   164  107s
H 2652   883                    15614.809959 14688.0022  5.94%   163  108s
H 2652   868                    15603.381877 14688.0022  5.87%   163  108s
H 2652   853                    15589.570012 14688.0022  5.78%   163  108s
H 2652   847                    15583.888581 14688.0022  5.75%   163  108s
H 2652   829                    15576.374104 14688.0022  5.70%   163  108s
H 2652   820                    15571.714513 14688.0022  5.68%   163  108s
H 2652   820                    15571.056166 14688.0022  5.67%   163  108s
H 2679   805                    15558.284574 14688.0022  5.59%   162  108s
H 2679   798                    15553.687905 14688.0022  5.57%   162  108s
H 2679   796                    15550.669755 14688.0022  5.55%   162  108s
  2781   826 14777.9777   23  254 15550.6698 14691.7587  5.52%   159  110s
H 2815   824                    15537.553337 14691.7587  5.44%   162  112s
H 2815   812                    15528.918618 14691.7587  5.39%   162  112s
H 2815   807                    15525.524089 14691.7587  5.37%   162  112s
H 2815   782                    15509.445118 14691.7587  5.27%   162  112s
H 2815   758                    15499.171333 14691.7587  5.21%   162  112s
H 2843   710                    15472.230093 14691.7587  5.04%   162  113s
H 2843   706                    15469.521819 14691.7587  5.03%   162  113s
H 2870   718                    15469.039585 14691.7587  5.02%   163  114s
H 2870   718                    15468.905177 14691.7587  5.02%   163  114s
  2897   731 15082.1653   81  148 15468.9052 14691.7587  5.02%   164  115s
  3059   783 15023.0203   25  241 15468.9052 14711.9861  4.89%   160  120s
  3114   800 15270.0610   52  179 15468.9052 14711.9861  4.89%   161  125s
  3450   972 14870.6906   22  261 15468.9052 14722.5041  4.83%   155  130s
  3717  1213 15104.2660   21  297 15468.9052 14729.4931  4.78%   149  135s
  3792  1267 15100.2520   68  179 15468.9052 14773.3121  4.50%   151  140s
  4049  1495 14840.5173   18  305 15468.9052 14783.9942  4.43%   145  145s
  4374  1778     cutoff  147      15468.9052 14802.5992  4.31%   140  150s
  4726  2008 15232.9315   22  276 15468.9052 14850.3171  4.00%   136  155s
  5000  2171 15462.9710   53  200 15468.9052 14858.5194  3.95%   134  160s
  5277  2308 15263.1470   31  243 15468.9052 14873.2249  3.85%   132  165s
  5539  2536 15229.0844   23  276 15468.9052 14877.2213  3.82%   129  170s
  5911  2713 15460.3107   20  289 15468.9052 14901.6071  3.67%   126  175s
  6228  2923     cutoff   32      15468.9052 14922.0176  3.54%   124  180s
  6431  3034     cutoff   48      15468.9052 14940.3371  3.42%   123  185s
  6979  3461 15144.6176   24  266 15468.9052 14958.8864  3.30%   118  190s
  7271  3576 15409.9103   26  239 15468.9052 14963.7029  3.27%   117  195s
  7540  3795 15050.4177   30  263 15468.9052 14967.9077  3.24%   115  200s
  8022  4202 15193.7395   48  202 15468.9052 14970.8977  3.22%   112  205s
  8427  4438 15113.7763   29  258 15468.9052 14974.5584  3.20%   111  210s
  8875  4750 15409.0808   74   52 15468.9052 14978.7665  3.17%   109  215s
  9382  5026     cutoff   35      15468.9052 14980.8796  3.15%   107  220s
  9821  5270 15346.1347   70  139 15468.9052 14983.3409  3.14%   106  225s
 10156  5456 15339.1760   72   65 15468.9052 14988.7262  3.10%   105  230s
 10203  5470 15370.1151   91  292 15468.9052 14990.0755  3.10%   105  284s
 10206  5472 15379.9647  106  252 15468.9052 14990.0755  3.10%   105  285s
 10215  5478 15411.2962   70  326 15468.9052 14990.0755  3.10%   105  291s
 10221  5482 15442.9968   98  324 15468.9052 14990.0755  3.10%   105  295s
 10231  5489 15431.0964   95  337 15468.9052 14990.0755  3.10%   105  300s
 10235  5491 15199.4238   27  332 15468.9052 14990.0755  3.10%   105  305s
 10243  5497 15413.2475   46  336 15468.9052 14990.0755  3.10%   105  310s
 10251  5502 15446.4273  164  343 15468.9052 14990.0755  3.10%   105  316s
 10257  5506 15292.4633   60  348 15468.9052 14990.0755  3.10%   105  320s
 10263  5510 15275.0205   83  348 15468.9052 14990.0755  3.10%   105  325s
 10267  5513 15334.5134   59  345 15468.9052 14990.0755  3.10%   105  331s
 10268  5513 15176.9055   53  345 15468.9052 14990.0755  3.10%   105  336s
 10270  5515 15230.6232   39  347 15468.9052 14990.0755  3.10%   105  340s
 10273  5517 15253.8308  143  343 15468.9052 14990.0755  3.10%   105  345s
 10277  5519 15188.8589   23  348 15468.9052 14990.0755  3.10%   105  350s
 10281  5522 15067.5762   73  341 15468.9052 14990.0755  3.10%   105  355s
 10285  5525 15312.8471   45  337 15468.9052 14990.0755  3.10%   105  360s
 10289  5527 15231.3795   35  344 15468.9052 14990.0755  3.10%   104  365s
 10294  5531 15448.6779  114  340 15468.9052 14990.0755  3.10%   104  371s
 10298  5533 15321.2653   73  354 15468.9052 14990.0755  3.10%   104  376s
 10302  5536 15139.6999   80  356 15468.9052 14990.0755  3.10%   104  381s
 10305  5538 15072.8818   41  347 15468.9052 14990.0755  3.10%   104  385s
 10309  5541 15339.9696   61  339 15468.9052 14990.0755  3.10%   104  390s
 10313  5543 15162.7784   23  328 15468.9052 14990.0755  3.10%   104  396s
 10316  5545 15321.8139   82  351 15468.9052 14990.0755  3.10%   104  400s
 10320  5548 15297.9960   36  352 15468.9052 14990.0755  3.10%   104  405s
 10324  5551 15097.9058  100  340 15468.9052 14990.0755  3.10%   104  411s
 10327  5553 15410.6220  127  336 15468.9052 14990.0755  3.10%   104  415s
 10331  5555 15431.0964   95  345 15468.9052 14990.0755  3.10%   104  420s
 10335  5558 15199.4238   27  344 15468.9052 14990.0755  3.10%   104  425s
 10340  5561 15069.3895   64  335 15468.9052 14990.0755  3.10%   104  430s
 10344  5564 15172.6880  100  330 15468.9052 14990.0755  3.10%   104  436s
 10348  5567 15185.3364   90  345 15468.9052 14990.0755  3.10%   104  441s
 10351  5569 15446.4273  164  341 15468.9052 14990.0755  3.10%   104  445s
 10355  5571 15206.9997  103  318 15468.9052 14990.0755  3.10%   104  450s
 10358  5573 15412.8988   89  352 15468.9052 14990.0755  3.10%   104  455s
 10362  5576 15275.5784   55  336 15468.9052 14990.0755  3.10%   104  461s
 10365  5578 15372.9584   66  344 15468.9052 14990.0755  3.10%   104  465s
 10368  5580 15176.9055   53  345 15468.9052 14990.0755  3.10%   104  470s
 10371  5582 15323.0767   74  344 15468.9052 14990.0755  3.10%   104  475s
 10374  5584 15395.5211  161  340 15468.9052 14990.0755  3.10%   104  480s
 10378  5587 15207.5658   50  338 15468.9052 14990.0755  3.10%   104  485s
 10382  5589 15168.2056   65  346 15468.9052 14990.0755  3.10%   104  490s
 10386  5592 15221.0615  111  347 15468.9052 14990.0755  3.10%   104  496s
 10389  5594 15231.3795   35  333 15468.9052 14990.0755  3.10%   103  500s
 10393  5597 15325.0905   91  337 15468.9052 14990.0755  3.10%   103  505s
 10396  5599 15179.9967   87  339 15468.9052 14990.0755  3.10%   103  510s
 10400  5601 15364.0852   83  336 15468.9052 14990.0755  3.10%   103  516s
 10403  5603 15370.1151   91  337 15468.9052 14990.0755  3.10%   103  520s
 10407  5606 15238.1025   89  333 15468.9052 14990.0755  3.10%   103  525s
 10411  5609 15342.8978   54  341 15468.9052 14990.0755  3.10%   103  530s
 10416  5612 15321.8139   82  344 15468.9052 14990.0755  3.10%   103  535s
 10420  5615 15297.9960   36  341 15468.9052 14990.0755  3.10%   103  540s
 10424  5617 15097.9058  100  335 15468.9052 14990.0755  3.10%   103  545s
 10428  5620 15439.3426   84  333 15468.9052 14990.0755  3.10%   103  550s
 10433  5623 15217.3252   31  340 15468.9052 14990.0755  3.10%   103  556s
 10436  5625 15294.4518   59  341 15468.9052 14990.0755  3.10%   103  560s
 10440  5628 15069.3895   64  333 15468.9052 14990.0755  3.10%   103  565s
 10443  5632 14990.0755   31  332 15468.9052 14990.0755  3.10%   123  570s
 10449  5636 14990.0755   34  290 15468.9052 14990.0755  3.10%   124  575s
 10460  5643 14990.0755   40  262 15468.9052 14990.0755  3.10%   125  580s
 10477  5653 15000.9181   48  230 15468.9052 14990.0755  3.10%   126  585s
 10495  5661     cutoff   57      15468.9052 14990.0755  3.10%   126  590s
 10519  5674 14990.0755   70  209 15468.9052 14990.0755  3.10%   127  596s
 10541  5678 15023.0411   81  197 15468.9052 14990.0755  3.10%   128  600s
 10575  5678 15076.3389   99  175 15468.9052 14990.0755  3.10%   128  605s
 10629  5673 15170.3146  129  140 15468.9052 14990.0755  3.10%   129  610s
 10697  5657 15355.7181  173   80 15468.9052 14990.0755  3.10%   128  615s
 10729  5659 15262.7820   43  215 15468.9052 14990.0755  3.10%   129  620s
 10782  5654 15316.9197   75  150 15468.9052 14990.0755  3.10%   130  628s
 10808  5644 14990.0755   34  302 15468.9052 14990.0755  3.10%   130  631s
 10816  5650 14990.0755   38  273 15468.9052 14990.0755  3.10%   131  635s
 10839  5657 15039.7203   50  248 15468.9052 14990.0755  3.10%   132  640s
 10875  5658 15089.0012   68  227 15468.9052 14990.0755  3.10%   133  645s
 10931  5655     cutoff   98      15468.9052 14990.0755  3.10%   134  650s
 11061  5629 14990.0755   36  292 15468.9052 14990.0755  3.10%   133  655s
 11096  5644 15043.4921   54  248 15468.9052 14990.0755  3.10%   135  660s
 11151  5658 15445.7803   81  164 15468.9052 14990.0755  3.10%   136  665s
 11217  5654 15353.6750  114  152 15468.9052 14990.0755  3.10%   136  670s
 11313  5638 15126.3673   39  263 15468.9052 14990.0755  3.10%   136  676s
 11358  5651     cutoff   61      15468.9052 14990.0755  3.10%   137  680s
 11491  5629 14990.0755   44  248 15468.9052 14990.0755  3.10%   137  685s
 11504  5636 14990.0755   51  222 15468.9052 14990.0755  3.10%   138  690s
 11585  5655 15121.1265   92  171 15468.9052 14990.0755  3.10%   139  695s
 11715  5645 15010.4988   44  237 15468.9052 14990.0755  3.10%   139  700s
 11724  5644 15138.9770   49  196 15468.9052 14990.0755  3.10%   139  705s
 11808  5647 15257.2028   91  134 15468.9052 14990.0755  3.10%   139  710s
 11932  5612     cutoff   43      15468.9052 14990.0755  3.10%   138  715s
 12018  5643 15278.3602   86  162 15468.9052 14990.0755  3.10%   140  720s
 12258  5649 15280.4938   87  185 15468.9052 14990.0755  3.10%   140  725s
 12481  5756 15407.6554   69  197 15468.9052 14990.0755  3.10%   139  730s
 12502  5760 14990.0755   36  294 15468.9052 14990.0755  3.10%   139  740s
 12681  5865 15386.1191   77  203 15468.9052 14990.0755  3.10%   139  745s
 12848  5955 15182.5581   40  277 15468.9052 14990.0755  3.10%   139  750s
 12990  6021 14990.0755   48  232 15468.9052 14990.0755  3.10%   139  755s
 13252  6125 15417.8273   33  312 15468.9052 14990.0755  3.10%   138  760s
 13287  6122 14990.0755   33  318 15468.9052 14990.0755  3.10%   139  766s
 13323  6134 15156.1319   33  323 15468.9052 14990.0755  3.10%   140  770s
 13635  6299 15140.8993   60  188 15468.9052 14990.0755  3.10%   139  775s
 13999  6414 15178.9926   45  233 15468.9052 14990.0755  3.10%   139  780s
 14217  6452 15310.2111   60  187 15468.9052 14990.0755  3.10%   139  785s
 14328  6480 15110.3255   34  295 15468.9052 14990.0755  3.10%   139  790s
 14479  6532 15020.9289   55  234 15468.9052 14990.0755  3.10%   139  795s
 14690  6616 15361.6176   37  260 15468.9052 14992.3016  3.08%   139  800s
 14724  6632 15048.7985   48  247 15468.9052 14994.6363  3.07%   139  805s
 14875  6697 15173.3486   68  178 15468.9052 14996.3503  3.05%   139  810s
 15110  6811 15204.8377   57  171 15468.9052 14998.3988  3.04%   138  815s
 15242  6881 15429.7457  127   93 15468.9052 14998.5457  3.04%   138  820s
 15370  6931 15298.7694  102  167 15468.9052 15000.7820  3.03%   138  825s
 15512  6994 15229.2609   72  182 15468.9052 15003.4859  3.01%   137  844s
 15547  7003 15424.3430   39  281 15468.9052 15005.3686  3.00%   137  845s
 15753  7086     cutoff   84      15468.9052 15006.9233  2.99%   137  850s
 16032  7147 15099.1798   53  230 15468.9052 15010.9135  2.96%   137  855s
 16242  7228 15181.7028   62  188 15468.9052 15013.5138  2.94%   136  860s
 16559  7397 15408.8613  166   90 15468.9052 15015.9963  2.93%   136  865s
 16821  7439     cutoff   91      15468.9052 15019.7007  2.90%   135  870s
 17098  7515 15450.5358   83  207 15468.9052 15022.7053  2.88%   135  875s
 17302  7583 15080.9241   54  229 15468.9052 15026.0736  2.86%   134  880s
 17537  7673 15310.5478   72  220 15468.9052 15029.4569  2.84%   134  885s
 17744  7715 15121.1132   47  221 15468.9052 15032.2180  2.82%   134  890s
 17950  7793 15268.3584   70  140 15468.9052 15032.6313  2.82%   134  895s
 18288  7930 15110.8529   77  201 15468.9052 15036.5488  2.80%   132  900s
 18489  8002 15154.7230   51  201 15468.9052 15037.7293  2.79%   132  905s
 18654  8054 15191.4379   58  199 15468.9052 15039.7731  2.77%   133  910s
 18947  8175 15128.1626   57  218 15468.9052 15041.4953  2.76%   132  915s
 19170  8274 15141.4509   37  258 15468.9052 15043.4159  2.75%   132  920s
 19371  8364     cutoff   73      15468.9052 15045.5928  2.74%   132  925s
 19623  8387 15178.5794   53  206 15468.9052 15046.1956  2.73%   132  930s
 19892  8497 15377.5453   37  289 15468.9052 15047.8892  2.72%   132  935s
 20146  8601 15285.1543   43  261 15468.9052 15049.3109  2.71%   131  940s
 20359  8630 15297.7092  130   89 15468.9052 15050.4965  2.70%   132  945s
 20700  8739 15326.7275   56  203 15468.9052 15053.0586  2.69%   131  950s
 20951  8840 15364.8141   40  260 15468.9052 15053.7592  2.68%   131  955s
 21171  8928     cutoff   62      15468.9052 15055.2762  2.67%   131  960s
 21364  8965     cutoff   65      15468.9052 15056.6572  2.67%   131  965s
 21689  9073 15073.4041   65  208 15468.9052 15057.8494  2.66%   130  970s
 22016  9226 15254.7690  107  131 15468.9052 15059.0714  2.65%   129  975s
 22348  9350 15196.0121   70  204 15468.9052 15061.3341  2.63%   129  980s
 22667  9456 15349.7149   87  135 15468.9052 15063.4836  2.62%   129  985s
 23006  9612 15211.0342   71  173 15468.9052 15064.5913  2.61%   128  990s
 23194  9654 15198.8706   67  187 15468.9052 15065.3439  2.61%   128  995s
 23577  9797     cutoff   50      15468.9052 15066.8876  2.60%   128 1000s
 23794  9882 15306.4227  132  114 15468.9052 15068.1660  2.59%   128 1005s
 23928  9938 15434.3884  109   88 15468.9052 15068.6853  2.59%   127 1010s
 24154  9976 15139.1034   62  220 15468.9052 15069.2684  2.58%   127 1015s
 24423 10095 15431.5963   83  161 15468.9052 15070.5588  2.58%   127 1020s
 24802 10246 15378.2960  120   91 15468.9052 15072.2140  2.56%   127 1025s
 24994 10306 15230.2999   80  185 15468.9052 15072.8624  2.56%   127 1030s
 25329 10384 15280.1525   50  191 15468.9052 15073.3841  2.56%   127 1035s
 25549 10467 15369.4860  153  101 15468.9052 15074.1307  2.55%   127 1040s
 25802 10538 15344.2697   73   92 15468.9052 15075.1899  2.55%   127 1045s
 26031 10603     cutoff   66      15468.9052 15075.9453  2.54%   127 1050s
 26333 10723 15466.9900  141   59 15468.9052 15077.0085  2.53%   126 1055s
 26553 10702 15449.7791  155   85 15468.9052 15077.3425  2.53%   127 1060s
 26881 10835 15168.8746   55  198 15468.9052 15078.5432  2.52%   127 1065s
 27134 10897 15221.6665   91  166 15468.9052 15079.5764  2.52%   127 1070s
 27471 11000 15180.7773   46  239 15468.9052 15081.1137  2.51%   127 1075s
 27673 11100 15173.7084   66  173 15468.9052 15082.3084  2.50%   127 1080s
 27846 11202 15242.7984   61  182 15468.9052 15083.1199  2.49%   127 1085s
 28148 11387 15320.3280   65  216 15468.9052 15083.4351  2.49%   127 1090s
 28469 11607 15128.9565   50  206 15468.9052 15084.1624  2.49%   127 1095s
 28777 11852 15440.5284   67  138 15468.9052 15085.2338  2.48%   127 1100s
 29020 11961     cutoff   74      15468.9052 15087.6683  2.46%   126 1105s
 29197 12033 15332.0088   51  204 15468.9052 15089.0423  2.46%   127 1110s
 29439 12198 15157.4293   65  204 15468.9052 15090.0385  2.45%   127 1115s
 29749 12433 15218.3369   71  162 15468.9052 15091.1023  2.44%   126 1120s
 30012 12601 15320.0809   76  145 15468.9052 15092.0979  2.44%   126 1125s
 30363 12857 15417.6375   90   67 15468.9052 15092.5802  2.43%   126 1130s
 30588 13005 15383.9061   79  139 15468.9052 15093.8262  2.42%   126 1135s
 30860 13168 15147.5280   73  196 15468.9052 15094.3958  2.42%   126 1140s
 31204 13357 15254.7447   62  178 15468.9052 15095.0891  2.42%   126 1145s
 31504 13549 15206.3137   58  213 15468.9052 15096.4722  2.41%   126 1150s
 31850 13808 15135.8440   46  246 15468.9052 15097.2852  2.40%   125 1155s
 32041 13886 15341.7988   42  258 15468.9052 15098.1717  2.40%   125 1160s
 32226 14003 15231.9483   67  189 15468.9052 15099.0343  2.39%   126 1165s
 32520 14217     cutoff   53      15468.9052 15099.8752  2.39%   126 1170s
 32704 14337 15450.9333   61  144 15468.9052 15100.4772  2.38%   126 1175s
 33048 14551 15170.9050   48  254 15468.9052 15101.6880  2.37%   126 1180s
 33211 14658 15360.7022   86  190 15468.9052 15102.1780  2.37%   126 1185s
 33534 14870 15277.6198   75  152 15468.9052 15102.6812  2.37%   126 1190s
 33873 15096 15313.7226  103  151 15468.9052 15103.6217  2.36%   125 1195s
 34123 15269 15257.9008   62  184 15468.9052 15104.3188  2.36%   125 1200s
 34374 15391 15205.8375   55  217 15468.9052 15104.9502  2.35%   125 1205s
 34554 15507     cutoff   78      15468.9052 15105.4809  2.35%   125 1210s
 34782 15650 15225.0338   64  178 15468.9052 15106.2620  2.34%   125 1215s
 35038 15815     cutoff   71      15468.9052 15106.7735  2.34%   125 1220s
 35302 15948 15349.4495   53  173 15468.9052 15107.3655  2.34%   125 1225s
 35641 16151 15162.5438   85  192 15468.9052 15107.9326  2.33%   125 1230s
 35811 16240 15341.2260   76  129 15468.9052 15108.2531  2.33%   125 1235s
 36069 16421 15120.8058   57  236 15468.9052 15108.8978  2.33%   125 1240s
 36245 16532 15248.2975   76  166 15468.9052 15109.4567  2.32%   125 1245s
 36489 16702 15300.7662   60  179 15468.9052 15109.9714  2.32%   125 1250s
 36686 16798 15248.0671   64  138 15468.9052 15110.5598  2.32%   125 1255s
 37135 17128 15275.3285   84  163 15468.9052 15111.3454  2.31%   125 1260s
 37361 17255 15411.4893   46  165 15468.9052 15112.1927  2.31%   125 1265s
 37578 17386 15294.4879   64  144 15468.9052 15113.1478  2.30%   125 1270s
 37896 17605 15237.1321   67  210 15468.9052 15113.4581  2.30%   125 1275s
 38064 17669 15404.7120   49  166 15468.9052 15114.1844  2.29%   125 1280s
 38382 17897 15132.4597   44  250 15468.9052 15114.7207  2.29%   125 1285s
 38581 18040 15182.4364   68  197 15468.9052 15115.2242  2.29%   125 1290s
 38771 18083 15365.0549   98  152 15468.9052 15115.4213  2.29%   126 1295s
 39001 18221 15264.1113   79  170 15468.9052 15116.3616  2.28%   126 1300s
 39229 18366 15396.9295   69  158 15468.9052 15116.7563  2.28%   126 1305s
 39438 18471 15455.9958   77   91 15468.9052 15117.8964  2.27%   126 1310s
 39751 18679     cutoff   47      15468.9052 15118.3253  2.27%   126 1315s
 40013 18823 15416.4850  100  189 15468.9052 15118.7036  2.26%   126 1320s
 40270 18979 15235.9475   44  224 15468.9052 15119.1889  2.26%   126 1325s
 40498 19136 15261.7115   56  217 15468.9052 15119.4489  2.26%   126 1330s
 40709 19263 15211.8448   37  267 15468.9052 15120.5265  2.25%   126 1335s
 40896 19403 15338.4732   81  171 15468.9052 15120.7528  2.25%   126 1340s
 41233 19611 15281.9892   77  154 15468.9052 15121.4808  2.25%   126 1345s
 41564 19850 15337.0630   43  183 15468.9052 15121.9907  2.24%   125 1350s
 41726 19963 15387.9711  116  144 15468.9052 15122.4704  2.24%   126 1355s
 42088 20220 15284.1214   92  143 15468.9052 15123.0622  2.24%   125 1360s
 42396 20437 15173.5378   60  209 15468.9052 15123.4666  2.23%   125 1365s
 42725 20671     cutoff   66      15468.9052 15124.0105  2.23%   125 1370s
 42970 20816 15201.5724   68  231 15468.9052 15124.4037  2.23%   125 1375s
 43312 21030 15148.8139   45  244 15468.9052 15125.0235  2.22%   125 1380s
 43487 21144 15135.8350   56  228 15468.9052 15125.2694  2.22%   125 1385s
 43681 21196 15310.1326   36  290 15468.9052 15125.7212  2.22%   125 1390s
 43997 21437 15275.1526   80  176 15468.9052 15126.0622  2.22%   125 1395s
 44301 21598 15215.0485   63  220 15468.9052 15126.6580  2.21%   125 1400s
 44601 21812 15378.7088  118   99 15468.9052 15126.8699  2.21%   124 1405s
 44868 21965     cutoff   47      15468.9052 15127.7568  2.21%   124 1410s
 45133 22172 15307.4587   71  192 15468.9052 15127.9038  2.20%   124 1415s
 45384 22316 15159.8541   82  190 15468.9052 15128.1600  2.20%   124 1420s
 45717 22519 15418.8334   35  271 15468.9052 15128.6062  2.20%   124 1425s
 45894 22584 15352.3322   87  194 15468.9052 15128.7923  2.20%   124 1430s
 46189 22782 15398.0259   65  211 15468.9052 15128.9818  2.20%   124 1435s
 46460 22984 15385.2030   66  108 15468.9052 15129.4567  2.19%   124 1440s
 46674 23111 15284.9780   54  199 15468.9052 15129.7773  2.19%   124 1445s
 46880 23245 15315.5702   84  125 15468.9052 15130.1434  2.19%   124 1450s
 47102 23345 15284.0886   90  159 15468.9052 15130.4121  2.19%   124 1455s
 47452 23503 15369.8053   46  213 15468.9052 15131.0125  2.18%   124 1460s
 47659 23599 15290.7388  101  155 15468.9052 15131.2249  2.18%   124 1465s
 47991 23816 15436.4852   48  247 15468.9052 15131.7707  2.18%   124 1470s
 48272 23950 15300.6522   77  119 15468.9052 15132.1026  2.18%   124 1475s
 48512 24073 15266.9625   60  173 15468.9052 15132.4930  2.17%   124 1480s
 48681 24172     cutoff   44      15468.9052 15132.9539  2.17%   124 1485s
 48801 24255 15261.0072   46  199 15468.9052 15133.2569  2.17%   124 1490s
 49022 24396 15149.6270   90  170 15468.9052 15133.8877  2.17%   124 1495s
 49400 24590     cutoff   75      15468.9052 15134.3822  2.16%   124 1500s
 49671 24705     cutoff   63      15468.9052 15134.7745  2.16%   124 1505s
 49937 24867 15148.5993   57  230 15468.9052 15135.2699  2.16%   124 1510s
 50170 24986 15358.3846   58  137 15468.9052 15135.5962  2.15%   124 1515s
 50367 25103 15327.6526   59  194 15468.9052 15136.0625  2.15%   125 1520s
 50604 25259     cutoff   63      15468.9052 15136.5300  2.15%   125 1525s
 50857 25367 15390.9350  107   81 15468.9052 15137.1737  2.14%   125 1530s
 51123 25540 15451.5667   75   90 15468.9052 15137.2894  2.14%   125 1535s
 51440 25687 15261.6604   64  186 15468.9052 15137.6131  2.14%   125 1540s
 51669 25820 15419.4229  103  113 15468.9052 15137.7999  2.14%   125 1545s
 51846 25896 15165.5188   67  223 15468.9052 15138.1392  2.14%   125 1550s
 52007 25993 15398.2711   51  122 15468.9052 15138.4734  2.14%   125 1555s
 52263 26151 15423.4553   58  166 15468.9052 15138.6882  2.13%   125 1560s
 52362 26204     cutoff   57      15468.9052 15138.8210  2.13%   125 1565s
 52669 26394 15439.7666   74   81 15468.9052 15139.3359  2.13%   125 1570s
 52997 26576 15293.5947   63  175 15468.9052 15139.6799  2.13%   125 1575s
 53237 26701 15400.3572   89   92 15468.9052 15139.9219  2.13%   125 1580s
 53552 26890 15218.8527   71  184 15468.9052 15140.3861  2.12%   125 1585s
 53864 27028     cutoff   64      15468.9052 15140.6669  2.12%   125 1590s
 54068 27178 15197.2081   60  199 15468.9052 15140.9903  2.12%   125 1595s
 54277 27298     cutoff   76      15468.9052 15141.1564  2.12%   125 1600s
 54515 27411 15203.0110   89  186 15468.9052 15141.4426  2.12%   125 1605s
 54768 27561 15203.5465   57  198 15468.9052 15141.7627  2.11%   125 1610s
 54893 27587     cutoff   74      15468.9052 15142.1577  2.11%   125 1615s
 55034 27636 15316.6122   53  180 15468.9052 15142.3938  2.11%   125 1620s
 55257 27754 15213.2505   59  205 15468.9052 15142.8214  2.11%   125 1625s
 55490 27896     cutoff   60      15468.9052 15143.0617  2.11%   125 1630s
 55785 28098 15245.6836   66  186 15468.9052 15143.2831  2.11%   125 1635s
 56083 28279 15424.9144   80   99 15468.9052 15143.5658  2.10%   125 1640s
 56169 28293 15419.2411   53  161 15468.9052 15143.8155  2.10%   126 1645s
 56484 28480 15371.4988   47  148 15468.9052 15144.0896  2.10%   126 1650s
 56796 28679 15222.0187   78  165 15468.9052 15144.3555  2.10%   125 1655s
 57059 28838 infeasible   62      15468.9052 15144.5870  2.10%   125 1660s
 57295 28993 15327.7903   44  169 15468.9052 15144.8312  2.10%   125 1665s
 57513 29091 15271.1216   48  248 15468.9052 15145.1415  2.09%   125 1670s
 57730 29189     cutoff   50      15468.9052 15145.3163  2.09%   126 1675s
 57910 29280 15375.2211   74  109 15468.9052 15145.5346  2.09%   126 1680s
 58108 29362 15205.2072   69  174 15468.9052 15145.8919  2.09%   126 1685s
 58364 29535 15350.3738   82  154 15468.9052 15146.0814  2.09%   126 1691s
 58596 29669 15350.5966   36  279 15468.9052 15146.3177  2.09%   126 1695s
 58748 29728 15371.7687   73  168 15468.9052 15146.4702  2.08%   126 1700s
 58967 29848     cutoff   56      15468.9052 15146.8276  2.08%   126 1705s
 59199 29998     cutoff   92      15468.9052 15147.0501  2.08%   126 1710s
 59432 30108     cutoff   68      15468.9052 15147.2715  2.08%   126 1715s
 59802 30309 15392.4606  102  144 15468.9052 15147.4718  2.08%   126 1720s
 60025 30426     cutoff   80      15468.9052 15147.8005  2.08%   126 1725s
 60207 30488 15349.9504   54  194 15468.9052 15147.9379  2.07%   126 1730s
 60367 30558 15313.8998   64  190 15468.9052 15148.2960  2.07%   126 1735s
 60617 30721 15207.3313   80  173 15468.9052 15148.4904  2.07%   126 1740s
 60962 30954 15326.6424   74  179 15468.9052 15148.7429  2.07%   126 1745s
 61335 31175     cutoff   46      15468.9052 15148.8836  2.07%   126 1750s
 61583 31304 15334.9910   74  112 15468.9052 15149.1418  2.07%   126 1755s
 61778 31413 15256.6088   51  231 15468.9052 15149.6892  2.06%   126 1760s
 62018 31560 15225.0718   71  173 15468.9052 15149.7881  2.06%   126 1765s
 62376 31769 15257.3074   64  187 15468.9052 15149.9961  2.06%   126 1770s
 62593 31899 15201.3551   70  181 15468.9052 15150.3148  2.06%   126 1775s
 62906 32142 15267.5750   74  184 15468.9052 15150.4694  2.06%   126 1780s
 63269 32384 15466.1937   39  265 15468.9052 15150.8307  2.06%   126 1785s
 63450 32441 15165.2478   76  186 15468.9052 15151.0882  2.05%   126 1790s
 63707 32607 15464.7902   38  303 15468.9052 15151.4042  2.05%   126 1795s
 64028 32825 15252.4324   68  181 15468.9052 15151.6276  2.05%   125 1800s
 64270 32951 15210.0603   74  200 15468.9052 15151.8501  2.05%   125 1805s
 64469 33040 15411.3486   53  172 15468.9052 15152.3165  2.05%   126 1810s
 64709 33200 15342.3044   53  188 15468.9052 15152.4071  2.05%   126 1815s
 64956 33304 15275.9529   54  189 15468.9052 15152.6659  2.04%   126 1820s
 65241 33469     cutoff   93      15468.9052 15152.9236  2.04%   126 1825s
 65484 33591 15257.3833   82  167 15468.9052 15153.1350  2.04%   126 1830s
 65694 33728 15418.7975   74  136 15468.9052 15153.3751  2.04%   126 1835s
 65920 33810     cutoff   47      15468.9052 15153.6402  2.04%   126 1840s
 66132 33934 15174.2897   65  206 15468.9052 15153.8864  2.04%   126 1845s
 66243 33979 15266.7318   83  184 15468.9052 15154.1899  2.03%   126 1850s
 66611 34198 15210.7827   52  192 15468.9052 15154.4004  2.03%   126 1855s
 66802 34278 15329.9321   43  258 15468.9052 15154.4453  2.03%   126 1860s
 67059 34422     cutoff   84      15468.9052 15154.5500  2.03%   126 1865s
 67374 34594 15285.9446  100  148 15468.9052 15154.7783  2.03%   126 1870s
 67634 34736 15419.9778  111   93 15468.9052 15154.9148  2.03%   126 1875s
 67815 34811     cutoff   59      15468.9052 15155.0800  2.03%   126 1880s
 68115 34974     cutoff   75      15468.9052 15155.2915  2.03%   126 1885s
 68414 35153 15325.7957   87  115 15468.9052 15155.4653  2.03%   126 1890s
 68642 35298 15418.9947   37  283 15468.9052 15155.6528  2.03%   126 1895s
 68804 35376     cutoff   63      15468.9052 15155.9261  2.02%   126 1900s
 68980 35443 15248.5266   75  147 15468.9052 15156.2049  2.02%   126 1905s
 69189 35558 15310.4403   47  194 15468.9052 15156.5531  2.02%   126 1910s
 69389 35667 15185.5019   60  212 15468.9052 15156.7228  2.02%   126 1915s
 69567 35770 15274.6936   70  158 15468.9052 15156.9919  2.02%   126 1920s
 69784 35914     cutoff   76      15468.9052 15157.1820  2.02%   126 1925s
 70060 36061 15248.1902   76  142 15468.9052 15157.7035  2.01%   126 1930s
 70320 36224 15412.2839  133   76 15468.9052 15157.8432  2.01%   126 1935s
 70695 36408 15246.1120   60  214 15468.9052 15158.0378  2.01%   126 1940s
 70921 36459 15233.5932   53  242 15468.9052 15158.1142  2.01%   126 1945s
 71142 36567 15276.8766   70  179 15468.9052 15158.4351  2.01%   126 1950s
 71468 36771 15326.6386   59  158 15468.9052 15158.7207  2.01%   126 1955s
 71723 36940 15254.1786   84  147 15468.9052 15158.9182  2.00%   126 1960s
 71985 37104 15276.6847   69  140 15468.9052 15159.1882  2.00%   126 1965s
 72160 37190 15300.3073   77  188 15468.9052 15159.3758  2.00%   126 1970s
 72429 37356 15270.7187   72  222 15468.9052 15159.5620  2.00%   126 1975s
 72657 37497 15328.3434   64  186 15468.9052 15159.9456  2.00%   126 1980s
 72853 37587 15395.8356  123   88 15468.9052 15160.0826  2.00%   126 1985s
 73057 37703 15428.5769  105  113 15468.9052 15160.2927  2.00%   126 1990s
 73302 37850 15216.2462   59  197 15468.9052 15160.5425  1.99%   126 1995s
 73522 37952     cutoff   55      15468.9052 15160.7156  1.99%   126 2000s
 73697 38073 15268.6588   82  158 15468.9052 15160.7635  1.99%   126 2005s
 73890 38175 15215.0648   76  165 15468.9052 15161.0857  1.99%   126 2010s
 74190 38365     cutoff   49      15468.9052 15161.3616  1.99%   126 2015s
 74428 38500     cutoff   96      15468.9052 15161.5120  1.99%   126 2020s
 74686 38641     cutoff   84      15468.9052 15161.7376  1.99%   126 2025s
 74791 38668 15428.2774   96  106 15468.9052 15161.9054  1.98%   127 2030s
 74986 38755 15366.2547   79  160 15468.9052 15162.1768  1.98%   127 2035s
 75247 38884 15369.2133  109  127 15468.9052 15162.3668  1.98%   127 2040s
 75403 38948 15206.1305   92  174 15468.9052 15162.5455  1.98%   127 2045s
 75653 39050 15265.3679   76  187 15468.9052 15162.7583  1.98%   127 2050s
 75889 39184 15337.2089   55  173 15468.9052 15162.8800  1.98%   127 2055s
 76128 39350     cutoff   65      15468.9052 15162.9834  1.98%   127 2060s
 76343 39447 15333.3583   70  159 15468.9052 15163.0785  1.98%   127 2065s
 76635 39612     cutoff   76      15468.9052 15163.2011  1.98%   127 2070s
 76876 39758     cutoff   73      15468.9052 15163.3799  1.98%   127 2075s
 77087 39856     cutoff  101      15468.9052 15163.6309  1.97%   127 2080s
 77386 40013 15166.4906   76  174 15468.9052 15163.9665  1.97%   127 2085s
 77677 40126 15349.1013   88  150 15468.9052 15164.0620  1.97%   127 2090s
 77948 40284     cutoff   64      15468.9052 15164.1457  1.97%   127 2095s
 78237 40437     cutoff   86      15468.9052 15164.4156  1.97%   127 2100s
 78402 40517 15398.7886   60  173 15468.9052 15164.5150  1.97%   127 2105s
 78649 40682 15382.1977   86  107 15468.9052 15164.6343  1.97%   127 2110s
 78916 40835 15220.8228   54  193 15468.9052 15164.8802  1.97%   127 2115s
 79129 40928 15384.9014  105  100 15468.9052 15165.0198  1.96%   127 2120s
 79321 41017 15452.8029   79   92 15468.9052 15165.3212  1.96%   127 2125s
 79578 41154     cutoff   75      15468.9052 15165.4002  1.96%   127 2130s
 79732 41227 15285.3633   81  151 15468.9052 15165.6721  1.96%   128 2135s
 79944 41338 15212.0983   59  229 15468.9052 15165.8600  1.96%   128 2140s
 80211 41531 15338.7145  113  131 15468.9052 15165.9809  1.96%   128 2145s
 80433 41626 15391.5377   54  167 15468.9052 15166.1819  1.96%   128 2150s
 80613 41694 15176.0964   66  226 15468.9052 15166.3777  1.96%   128 2155s
 80913 41879     cutoff   82      15468.9052 15166.5390  1.95%   128 2160s
 81186 42065 15206.9143   67  211 15468.9052 15166.7629  1.95%   128 2165s
 81520 42290 15311.3398   45  228 15468.9052 15167.0541  1.95%   128 2170s
 81798 42455 15208.5240   43  260 15468.9052 15167.2822  1.95%   128 2175s
 81983 42573     cutoff  115      15468.9052 15167.3566  1.95%   128 2180s
 82190 42691 15281.7595   70  179 15468.9052 15167.5562  1.95%   128 2185s
 82532 42921 15294.2423   90  103 15468.9052 15167.7762  1.95%   128 2190s
 82766 43001 15224.5643   70  208 15468.9052 15167.9831  1.95%   128 2195s
 82813 43030 15235.6092   86  165 15468.9052 15168.0133  1.95%   128 2211s
 82996 43119 15305.4986   61  144 15468.9052 15168.2353  1.94%   128 2215s
 83162 43186 15243.2825   67  184 15468.9052 15168.4152  1.94%   128 2220s
 83339 43294 15443.9616   64  116 15468.9052 15168.5264  1.94%   128 2225s
 83635 43481     cutoff   61      15468.9052 15168.8027  1.94%   128 2230s
 83914 43650 15268.8574   86  158 15468.9052 15168.9753  1.94%   128 2235s
 84191 43800 15352.2698   61  126 15468.9052 15169.3070  1.94%   128 2240s
 84318 43843 15220.5460   87  202 15468.9052 15169.4717  1.94%   128 2245s
 84502 43928 15328.0192   81  132 15468.9052 15169.6961  1.93%   128 2250s
 84666 43998     cutoff   63      15468.9052 15169.8102  1.93%   128 2255s
 84848 44096 15336.9933   85  148 15468.9052 15169.9458  1.93%   128 2260s
 85132 44211 15223.8902   78  179 15468.9052 15170.0866  1.93%   128 2265s
 85371 44321 15211.9595   53  212 15468.9052 15170.2003  1.93%   128 2270s
 85644 44466 15237.2605   68  181 15468.9052 15170.3066  1.93%   128 2275s
 85861 44567 15406.2697  101  165 15468.9052 15170.4151  1.93%   128 2280s
 86109 44680 15266.4461   74  182 15468.9052 15170.6020  1.93%   128 2285s
 86392 44868 15258.6465   55  221 15468.9052 15170.6888  1.93%   128 2290s
 86544 44947     cutoff   63      15468.9052 15170.8227  1.93%   128 2295s
 86790 45024 15326.8118   62  177 15468.9052 15170.9473  1.93%   128 2300s
 87002 45095 15282.4692   58  230 15468.9052 15171.1261  1.93%   129 2305s
 87325 45310 15243.4741  112  142 15468.9052 15171.2560  1.92%   128 2310s
 87623 45480     cutoff   54      15468.9052 15171.3916  1.92%   128 2315s
 87799 45571 15224.6876   50  212 15468.9052 15171.6210  1.92%   128 2320s
 88051 45716     cutoff   93      15468.9052 15171.8158  1.92%   128 2325s
 88359 45873     cutoff  123      15468.9052 15171.9991  1.92%   128 2330s
 88658 46051 15369.5832   90  137 15468.9052 15172.0927  1.92%   128 2335s
 88973 46225 15194.6169   96  175 15468.9052 15172.2527  1.92%   128 2340s
 89248 46377     cutoff   66      15468.9052 15172.3825  1.92%   128 2345s
 89457 46511 15333.4211   72  136 15468.9052 15172.4363  1.92%   128 2352s
 89657 46643 15223.8239   71  218 15468.9052 15172.5537  1.92%   128 2355s
 89860 46755 15357.2798   77  104 15468.9052 15172.7490  1.91%   128 2360s
 90166 46901 15233.8690   55  178 15468.9052 15172.9641  1.91%   128 2365s
 90403 47017 15278.6233   58  178 15468.9052 15173.0891  1.91%   128 2370s
 90543 47067     cutoff   96      15468.9052 15173.3422  1.91%   128 2375s
 90790 47209 15332.3804   72  128 15468.9052 15173.5199  1.91%   128 2380s
 91057 47361 15384.1838   88   88 15468.9052 15173.7006  1.91%   128 2385s
 91268 47441     cutoff   80      15468.9052 15173.8857  1.91%   128 2390s
 91459 47512 15298.7671   81  131 15468.9052 15174.0476  1.91%   128 2395s
 91784 47674 15205.0556   56  209 15468.9052 15174.2517  1.90%   128 2400s
 91967 47753 15270.4383   37  283 15468.9052 15174.3649  1.90%   128 2405s
 92148 47856 15243.3733   73  197 15468.9052 15174.5377  1.90%   129 2410s
 92329 47972 15385.0385   72  134 15468.9052 15174.6344  1.90%   129 2415s
 92547 48117 15307.4261   50  209 15468.9052 15174.8371  1.90%   129 2420s
 92822 48270 15233.5754   58  208 15468.9052 15174.9147  1.90%   129 2425s
 93086 48383 15313.0455   75  155 15468.9052 15175.0197  1.90%   129 2430s
 93234 48472 15313.5679   99  102 15468.9052 15175.1081  1.90%   129 2435s
 93433 48573     cutoff   75      15468.9052 15175.2408  1.90%   129 2440s
 93687 48716     cutoff   66      15468.9052 15175.4443  1.90%   129 2445s
 94061 48920     cutoff   85      15468.9052 15175.5664  1.90%   129 2450s
 94294 49069     cutoff   80      15468.9052 15175.6340  1.90%   129 2455s
 94595 49246     cutoff  106      15468.9052 15175.7146  1.90%   129 2460s
 94752 49339 15333.1099   47  158 15468.9052 15175.9231  1.89%   129 2465s
 95064 49507 15257.3839  101  136 15468.9052 15176.1474  1.89%   129 2470s
 95301 49639     cutoff   83      15468.9052 15176.3285  1.89%   129 2475s
 95476 49718 15281.6191   62  174 15468.9052 15176.4760  1.89%   129 2480s
 95788 49871     cutoff   54      15468.9052 15176.6619  1.89%   129 2485s
 96006 49977 15321.7944   62  169 15468.9052 15176.7777  1.89%   129 2490s
 96237 50109 15256.0245   73  168 15468.9052 15176.8428  1.89%   129 2495s
 96436 50244 15356.5197   88  105 15468.9052 15176.9559  1.89%   129 2500s
 96700 50359 15327.1492   64  153 15468.9052 15177.1076  1.89%   129 2505s
 96954 50489 15334.4829   68  178 15468.9052 15177.2611  1.89%   129 2510s
 97245 50686 15331.6026  100  117 15468.9052 15177.3619  1.88%   129 2515s
 97412 50773     cutoff   45      15468.9052 15177.4362  1.88%   129 2520s
 97568 50862     cutoff   51      15468.9052 15177.5483  1.88%   129 2525s
 97722 50920     cutoff   52      15468.9052 15177.6755  1.88%   129 2530s
 97946 51021 15281.0628   72  172 15468.9052 15177.9812  1.88%   129 2535s
 98227 51211 15339.1244   74  133 15468.9052 15178.1124  1.88%   129 2540s
 98422 51321 15419.5276   84  204 15468.9052 15178.2161  1.88%   129 2545s
 98648 51413     cutoff   65      15468.9052 15178.3825  1.88%   129 2550s
 98881 51546 infeasible   75      15468.9052 15178.5268  1.88%   129 2555s
 99057 51652 15255.3594   91  176 15468.9052 15178.7436  1.88%   129 2560s
 99316 51782     cutoff   99      15468.9052 15178.9262  1.87%   129 2565s
 99548 51844     cutoff   72      15468.9052 15178.9738  1.87%   129 2570s
 99864 52031 15196.5922   80  162 15468.9052 15179.1243  1.87%   129 2575s
 100104 52159 15308.5082   72  175 15468.9052 15179.2179  1.87%   129 2580s
 100253 52229 15210.6068   49  188 15468.9052 15179.3518  1.87%   129 2585s
 100623 52487 15223.5622   63  190 15468.9052 15179.4425  1.87%   129 2590s
 100895 52632 15442.6157  100   66 15468.9052 15179.4920  1.87%   129 2595s
 101159 52803 15411.6861   97  119 15468.9052 15179.6523  1.87%   129 2600s
 101324 52878 15279.4237   72  141 15468.9052 15179.7698  1.87%   129 2605s
 101651 53091 15284.5650   69  187 15468.9052 15179.8841  1.87%   129 2610s
 101744 53131 15401.5050   64  113 15468.9052 15179.9977  1.87%   129 2616s
 101921 53215 15363.4612   87  122 15468.9052 15180.0505  1.87%   129 2620s
 102148 53340 15298.7838   71  166 15468.9052 15180.1971  1.87%   129 2625s
 102339 53416 15423.4549  100   87 15468.9052 15180.3200  1.87%   129 2630s
 102705 53551 15336.2517   57  191 15468.9052 15180.5010  1.86%   129 2635s
 102851 53621 15328.2674   97  120 15468.9052 15180.6668  1.86%   129 2640s
 103049 53725 15252.5948   53  235 15468.9052 15180.7484  1.86%   129 2645s
 103301 53844 15302.8791   71  162 15468.9052 15180.8605  1.86%   129 2650s
 103488 53917 15310.0495   57  151 15468.9052 15181.0544  1.86%   130 2655s
 103704 54058     cutoff   61      15468.9052 15181.1419  1.86%   130 2660s
 103907 54164 15421.6748   81  111 15468.9052 15181.4281  1.86%   130 2665s
 104015 54212     cutoff   65      15468.9052 15181.6231  1.86%   130 2670s
 104208 54287 15337.0609   63  188 15468.9052 15181.7193  1.86%   130 2675s
 104424 54390 15198.6032   61  209 15468.9052 15181.8189  1.86%   130 2680s
 104621 54483 15373.6498   98   92 15468.9052 15181.9574  1.85%   130 2685s
 104914 54677     cutoff   92      15468.9052 15182.0770  1.85%   130 2690s
 105127 54791 15383.6987   97  145 15468.9052 15182.2258  1.85%   130 2695s
 105386 54868 15314.7930   48  217 15468.9052 15182.3499  1.85%   130 2700s
 105655 54995     cutoff   56      15468.9052 15182.4949  1.85%   130 2705s
 105855 55118 15330.9727  122  104 15468.9052 15182.5808  1.85%   130 2710s
 106081 55226     cutoff   68      15468.9052 15182.7300  1.85%   130 2715s
 106325 55362 15416.8099   96  120 15468.9052 15182.8546  1.85%   130 2720s
 106565 55497 15259.6491   79  168 15468.9052 15182.9766  1.85%   130 2725s
 106837 55668 15372.3589   59  129 15468.9052 15183.0630  1.85%   130 2730s
 107039 55723     cutoff   81      15468.9052 15183.1752  1.85%   130 2735s
 107249 55853 15417.9567   99  127 15468.9052 15183.2352  1.85%   130 2740s
 107395 55923 15398.5171  119  103 15468.9052 15183.3414  1.85%   130 2745s
 107652 56062 15278.1136   69  183 15468.9052 15183.5301  1.84%   130 2750s
 107851 56146 15324.9181   64  184 15468.9052 15183.6214  1.84%   130 2755s
 108015 56202 15263.3109   60  213 15468.9052 15183.7618  1.84%   130 2760s
 108145 56246     cutoff   73      15468.9052 15183.8412  1.84%   130 2765s
 108354 56363 15313.9849   77  149 15468.9052 15183.9663  1.84%   130 2770s
 108565 56461 15242.8259  100  141 15468.9052 15184.0852  1.84%   130 2775s
 108796 56603 15249.4756   60  211 15468.9052 15184.1634  1.84%   130 2780s
 109052 56773     cutoff   69      15468.9052 15184.2825  1.84%   130 2785s
 109239 56890 15451.5720   75  207 15468.9052 15184.3534  1.84%   130 2790s
 109448 56962     cutoff   93      15468.9052 15184.4883  1.84%   130 2795s
 109645 57046     cutoff   91      15468.9052 15184.5944  1.84%   131 2800s
 109894 57191 15248.2690   68  187 15468.9052 15184.6981  1.84%   131 2805s
 110130 57291 15336.2339  110  121 15468.9052 15184.8210  1.84%   131 2810s
 110338 57405 15450.7515   81  108 15468.9052 15184.8919  1.84%   131 2817s
 110430 57443 15214.2979   67  170 15468.9052 15184.9276  1.84%   131 2820s
 110687 57510 15386.9636   79  146 15468.9052 15185.0654  1.83%   131 2825s
 110942 57655 15383.2499  110   79 15468.9052 15185.1603  1.83%   131 2830s
 111160 57780 15262.7764   61  225 15468.9052 15185.2418  1.83%   131 2835s
 111373 57905 15389.0109  111   68 15468.9052 15185.3251  1.83%   131 2840s
 111661 58020 15452.1778   89   81 15468.9052 15185.4326  1.83%   131 2845s
 111881 58144 infeasible   63      15468.9052 15185.5858  1.83%   131 2850s
 112026 58229     cutoff   58      15468.9052 15185.7092  1.83%   131 2855s
 112322 58404 15238.0689   74  122 15468.9052 15185.8227  1.83%   131 2860s
 112591 58547 15338.7178   97  111 15468.9052 15185.8910  1.83%   131 2865s
 112748 58616 15201.1491   59  190 15468.9052 15186.0498  1.83%   131 2870s
 112934 58717     cutoff   58      15468.9052 15186.1279  1.83%   131 2875s
 113169 58819 15402.9725   78  106 15468.9052 15186.2287  1.83%   131 2880s
 113416 58960 15374.2064   71  130 15468.9052 15186.4025  1.83%   131 2885s
 113694 59086 15309.2176   67  138 15468.9052 15186.5246  1.83%   131 2890s
 113786 59117 15240.5518   55  203 15468.9052 15186.5970  1.83%   131 2916s
 113985 59220     cutoff   72      15468.9052 15186.8031  1.82%   131 2920s
 114195 59321 15229.0210   69  157 15468.9052 15186.9764  1.82%   131 2925s
 114441 59471     cutoff   87      15468.9052 15187.0872  1.82%   131 2930s
 114611 59552 15265.3506   64  206 15468.9052 15187.2007  1.82%   131 2935s
 114793 59666 15242.7780   76  174 15468.9052 15187.3284  1.82%   131 2940s
 114952 59726 15308.8941   82  159 15468.9052 15187.4177  1.82%   131 2945s
 115235 59876     cutoff   75      15468.9052 15187.5359  1.82%   131 2950s
 115392 59945 15208.7783   76  180 15468.9052 15187.6041  1.82%   131 2955s
 115584 60052 15323.6339   67  207 15468.9052 15187.7284  1.82%   131 2960s
 115797 60166 15256.0810   57  214 15468.9052 15187.8596  1.82%   131 2965s
 115922 60227 15429.0701   86  105 15468.9052 15188.0411  1.82%   132 2970s
 116123 60330     cutoff   97      15468.9052 15188.1162  1.82%   132 2975s
 116286 60416     cutoff   64      15468.9052 15188.1892  1.81%   132 2980s
 116372 60426 15258.3977   65  172 15468.9052 15188.3363  1.81%   132 2985s
 116608 60520     cutoff   81      15468.9052 15188.4728  1.81%   132 2990s
 116845 60605 15336.7360   55  166 15468.9052 15188.5258  1.81%   132 2995s
 117104 60752     cutoff   81      15468.9052 15188.6301  1.81%   132 3000s
 117288 60810     cutoff   62      15468.9052 15188.7442  1.81%   132 3005s
 117479 60903 15400.5035   74  160 15468.9052 15188.8150  1.81%   132 3010s
 117691 61019 15392.2597   81  110 15468.9052 15188.9176  1.81%   132 3015s
 117938 61140     cutoff   65      15468.9052 15189.0770  1.81%   132 3020s
 118236 61333 15237.5631   81  156 15468.9052 15189.1745  1.81%   132 3025s
 118469 61488 15292.1252   80  163 15468.9052 15189.2616  1.81%   132 3030s
 118708 61594 15421.5024   76   94 15468.9052 15189.3534  1.81%   132 3035s
 118867 61675 15245.9394   61  204 15468.9052 15189.4000  1.81%   132 3040s
 119082 61780     cutoff  115      15468.9052 15189.5134  1.81%   132 3045s
 119299 61898     cutoff   83      15468.9052 15189.5845  1.81%   132 3050s
 119511 61992 15235.9751   65  206 15468.9052 15189.6970  1.80%   132 3055s
 119667 62056     cutoff   64      15468.9052 15189.8006  1.80%   132 3060s
 119867 62139 15438.3347   47  168 15468.9052 15189.9608  1.80%   132 3065s
 119995 62164 15287.1935   83  162 15468.9052 15190.0729  1.80%   132 3070s
 120279 62310     cutoff   85      15468.9052 15190.2189  1.80%   132 3075s
 120524 62449 15271.8659   72  174 15468.9052 15190.3905  1.80%   132 3080s
 120673 62514 15352.5298   85  149 15468.9052 15190.5097  1.80%   132 3085s
 120887 62575     cutoff   82      15468.9052 15190.5983  1.80%   132 3090s
 121075 62669 15305.7220   53  225 15468.9052 15190.6490  1.80%   132 3095s
 121367 62828     cutoff   85      15468.9052 15190.7829  1.80%   132 3100s
 121640 62956 15259.4270   81  170 15468.9052 15190.9023  1.80%   132 3105s
 121789 63014     cutoff   66      15468.9052 15190.9742  1.80%   132 3110s
 122082 63217 15434.8380  103   96 15468.9052 15191.0197  1.80%   132 3115s
 122386 63355 15229.5928   57  206 15468.9052 15191.1660  1.80%   132 3120s
 122626 63479 15448.9325  101   93 15468.9052 15191.3724  1.79%   132 3125s
 122783 63559     cutoff   83      15468.9052 15191.5541  1.79%   132 3130s
 122821 63580 15340.2978   67  209 15468.9052 15191.5842  1.79%   132 3165s
 122981 63667     cutoff  100      15468.9052 15191.6142  1.79%   132 3170s
 123176 63745 15418.4155   79  147 15468.9052 15191.7357  1.79%   132 3175s
 123389 63839 15317.1560   83  134 15468.9052 15191.8341  1.79%   132 3180s
 123573 63915     cutoff   74      15468.9052 15191.9684  1.79%   132 3185s
 123739 63965     cutoff   63      15468.9052 15192.1447  1.79%   133 3190s
 124025 64126 15214.7171   66  191 15468.9052 15192.2511  1.79%   133 3195s
 124243 64239 15319.6045   66  165 15468.9052 15192.3688  1.79%   133 3200s
 124398 64306 15306.2759   74  174 15468.9052 15192.4833  1.79%   133 3205s
 124650 64457 15284.6083   95  141 15468.9052 15192.5584  1.79%   133 3210s
 124862 64564 15287.0017   75  168 15468.9052 15192.6781  1.79%   133 3215s
 125031 64640 15388.7880   91  128 15468.9052 15192.8463  1.78%   133 3220s
 125269 64764 15329.0124   75  148 15468.9052 15192.9294  1.78%   133 3225s
 125456 64855 15396.9761   84  135 15468.9052 15193.1069  1.78%   133 3230s
 125658 64941 15341.7170   71  130 15468.9052 15193.2686  1.78%   133 3235s
 125906 65064 15211.4569   66  223 15468.9052 15193.4282  1.78%   133 3240s
 126154 65202 15379.2781   72  124 15468.9052 15193.5099  1.78%   133 3245s
 126400 65291 15370.7730   84  121 15468.9052 15193.5582  1.78%   133 3250s
 126619 65420 15317.4976  112  119 15468.9052 15193.6251  1.78%   133 3255s
 126803 65507 15429.5836   62  136 15468.9052 15193.7525  1.78%   133 3260s
 126990 65597     cutoff   59      15468.9052 15193.8736  1.78%   133 3265s
 127147 65691 15343.7519   71  208 15468.9052 15193.9351  1.78%   133 3270s
 127274 65752 15420.0961   82   83 15468.9052 15194.0328  1.78%   133 3275s
 127434 65818 15294.3396   80  193 15468.9052 15194.0919  1.78%   133 3280s
 127694 65927 15330.6538   94  145 15468.9052 15194.1648  1.78%   133 3285s
 127953 66079 15224.2817   75  161 15468.9052 15194.2726  1.78%   133 3290s
 128241 66207 15358.4768  119  131 15468.9052 15194.3066  1.78%   133 3295s
 128379 66265 15408.5403   65  162 15468.9052 15194.4415  1.77%   133 3300s
 128615 66400 15220.4335   69  175 15468.9052 15194.5356  1.77%   133 3305s
 128815 66504 15275.9339   42  222 15468.9052 15194.5634  1.77%   133 3310s
 128937 66537     cutoff   48      15468.9052 15194.6283  1.77%   133 3315s
 129104 66615 15229.8102   76  171 15468.9052 15194.7672  1.77%   133 3320s
 129261 66694 15249.6710   70  207 15468.9052 15194.8371  1.77%   133 3325s
 129479 66813     cutoff   68      15468.9052 15194.9923  1.77%   133 3330s
 129681 66908     cutoff   80      15468.9052 15195.0919  1.77%   133 3335s
 129884 66991     cutoff   61      15468.9052 15195.1750  1.77%   133 3340s
 130046 67061 15231.8855   47  221 15468.9052 15195.2866  1.77%   134 3345s
 130223 67121 15306.9676   74  129 15468.9052 15195.3921  1.77%   134 3350s
 130443 67196 15300.5555   52  179 15468.9052 15195.4711  1.77%   134 3355s
 130753 67380 15431.3209   63  108 15468.9052 15195.5676  1.77%   134 3360s
 130993 67488 15203.5866   60  239 15468.9052 15195.6863  1.77%   134 3365s
 131244 67618 15419.5810   62  141 15468.9052 15195.7678  1.77%   134 3370s
 131482 67740 15447.6263   63  134 15468.9052 15195.9312  1.76%   134 3375s
 131646 67784 15348.1572   68  155 15468.9052 15195.9859  1.76%   134 3380s
 131918 67929 15400.7803   88   96 15468.9052 15196.0764  1.76%   134 3385s
 132116 68033 15310.5502  102  116 15468.9052 15196.2111  1.76%   134 3390s
 132333 68149 15409.8730   79  105 15468.9052 15196.3159  1.76%   134 3395s
 132509 68205 15304.6616   71  161 15468.9052 15196.4370  1.76%   134 3400s
 132736 68265     cutoff   72      15468.9052 15196.5867  1.76%   134 3405s
 132918 68342     cutoff   95      15468.9052 15196.6831  1.76%   134 3410s
 133133 68464     cutoff   54      15468.9052 15196.7774  1.76%   134 3415s
 133257 68536 15337.4376   68  190 15468.9052 15196.8383  1.76%   134 3420s
 133501 68707     cutoff   65      15468.9052 15196.9153  1.76%   134 3425s
 133769 68820 15278.4374   70  173 15468.9052 15197.0268  1.76%   134 3430s
 134005 68942 15338.2506   74  132 15468.9052 15197.0867  1.76%   134 3435s
 134268 69082 15355.3708   83  123 15468.9052 15197.1813  1.76%   134 3440s
 134423 69160 15362.0654   74  152 15468.9052 15197.2384  1.76%   134 3445s
 134595 69252 infeasible   87      15468.9052 15197.2893  1.76%   134 3450s
 134762 69333     cutoff   77      15468.9052 15197.3731  1.76%   134 3455s
 135023 69453 15262.4839   80  162 15468.9052 15197.4945  1.75%   134 3460s
 135173 69511     cutoff   47      15468.9052 15197.5525  1.75%   134 3465s
 135270 69575 15369.8733   67  164 15468.9052 15197.5824  1.75%   134 3470s
 135416 69635 15310.2202   60  156 15468.9052 15197.6993  1.75%   134 3475s
 135581 69694 15422.4911   86  107 15468.9052 15197.8276  1.75%   135 3480s
 135738 69732 15225.0588   62  205 15468.9052 15197.9133  1.75%   135 3485s
 135937 69846 15253.4352   58  171 15468.9052 15197.9556  1.75%   135 3490s
 136161 69977     cutoff   60      15468.9052 15198.0134  1.75%   135 3495s
 136409 70128 15306.0640   74  134 15468.9052 15198.1153  1.75%   135 3500s
 136574 70164     cutoff   85      15468.9052 15198.1929  1.75%   135 3505s
 136768 70252     cutoff   79      15468.9052 15198.3027  1.75%   135 3510s
 136950 70338 15377.2218   70  104 15468.9052 15198.4118  1.75%   135 3515s
 137107 70416 15371.6558  116  102 15468.9052 15198.4379  1.75%   135 3520s
 137380 70577     cutoff   82      15468.9052 15198.5177  1.75%   135 3525s
 137613 70623 15257.6467   79  184 15468.9052 15198.5844  1.75%   135 3530s
 137862 70778     cutoff   67      15468.9052 15198.6834  1.75%   135 3535s
 138052 70878 15271.3617   67  178 15468.9052 15198.8535  1.75%   135 3540s
 138226 70922     cutoff   66      15468.9052 15198.9280  1.75%   135 3545s
 138400 71004     cutoff   64      15468.9052 15199.0785  1.74%   135 3550s
 138658 71153     cutoff   54      15468.9052 15199.1496  1.74%   135 3555s
 138847 71247 15395.2882   82  106 15468.9052 15199.2854  1.74%   135 3560s
 139106 71404 15404.1350   95   76 15468.9052 15199.3977  1.74%   135 3565s
 139352 71535 15281.4154   60  192 15468.9052 15199.4711  1.74%   135 3570s
 139529 71631 15303.6537   73  140 15468.9052 15199.5623  1.74%   135 3575s
 139749 71716 15454.6048   84  148 15468.9052 15199.6276  1.74%   135 3580s
 139962 71797 15246.3295   61  196 15468.9052 15199.7519  1.74%   135 3585s
 140109 71878 15330.0646  112  120 15468.9052 15199.8062  1.74%   135 3590s
 140304 71978     cutoff   73      15468.9052 15199.8746  1.74%   135 3595s
 140621 72152 15293.1848  105  162 15468.9052 15200.0039  1.74%   135 3600s
 140817 72213 15347.7354   57  178 15468.9052 15200.1162  1.74%   135 3605s
 141018 72308 15431.7033   64  147 15468.9052 15200.1952  1.74%   135 3610s
 141282 72459 15219.2657   85  180 15468.9052 15200.3631  1.74%   135 3615s
 141550 72582 15241.2690   69  223 15468.9052 15200.4651  1.74%   135 3620s
 141722 72678 15410.5475   54  169 15468.9052 15200.5764  1.73%   135 3625s
 141921 72742 15410.3705   73  137 15468.9052 15200.7361  1.73%   135 3630s
 142120 72830 15267.7075   53  208 15468.9052 15200.8811  1.73%   135 3635s
 142312 72894 15428.6274   98  120 15468.9052 15200.9206  1.73%   135 3640s
 142451 72958     cutoff   49      15468.9052 15201.0704  1.73%   135 3645s
 142571 72999 15231.6185   89  186 15468.9052 15201.2132  1.73%   135 3650s
 142850 73106 15330.5762   53  220 15468.9052 15201.3205  1.73%   135 3655s
 143068 73239     cutoff   79      15468.9052 15201.4151  1.73%   135 3660s
 143217 73303 15262.6978   69  180 15468.9052 15201.5354  1.73%   135 3665s
 143418 73398 15455.4767   59  173 15468.9052 15201.5674  1.73%   135 3670s
 143623 73486     cutoff   58      15468.9052 15201.6650  1.73%   135 3675s
 143797 73552     cutoff   59      15468.9052 15201.7633  1.73%   135 3680s
 143969 73622     cutoff   53      15468.9052 15201.8381  1.73%   135 3685s
 144145 73681 15350.9916   82  125 15468.9052 15201.9272  1.73%   135 3690s
 144443 73821 15365.6520   76  104 15468.9052 15201.9617  1.73%   135 3695s
 144671 73922 15232.9358   54  248 15468.9052 15202.0716  1.72%   136 3700s
 144968 74111 15449.0681   64  132 15468.9052 15202.1884  1.72%   135 3705s
 145112 74168 15370.8518   96   99 15468.9052 15202.2959  1.72%   136 3710s
 145290 74249 15342.2088   66  120 15468.9052 15202.4088  1.72%   136 3715s
 145499 74348 15464.5065   84  114 15468.9052 15202.4844  1.72%   136 3720s
 145704 74424 15324.7680   86  142 15468.9052 15202.6004  1.72%   136 3725s
 146011 74592 15318.0218   61  196 15468.9052 15202.6720  1.72%   136 3730s
 146228 74705 15325.7843   95  136 15468.9052 15202.7376  1.72%   136 3735s
 146447 74794 15379.1167   63  153 15468.9052 15202.8242  1.72%   136 3740s
 146635 74869 15318.6656   93  148 15468.9052 15202.9058  1.72%   136 3745s
 146917 75033 15278.7582   56  172 15468.9052 15202.9766  1.72%   136 3750s
 147094 75122 15273.5066  111  136 15468.9052 15203.1183  1.72%   136 3755s
 147302 75214     cutoff   71      15468.9052 15203.3017  1.72%   136 3760s
 147469 75280 15412.2425   89  108 15468.9052 15203.3926  1.72%   136 3765s
 147717 75401 15426.9712   66  165 15468.9052 15203.5800  1.72%   136 3770s
 148071 75591 15351.9555   76  150 15468.9052 15203.7019  1.71%   136 3775s
 148261 75698 15444.6669   94  103 15468.9052 15203.8020  1.71%   136 3780s
 148457 75803 15215.6496   78  178 15468.9052 15203.8671  1.71%   136 3785s
 148573 75892 15349.0649   97  145 15468.9052 15203.8933  1.71%   136 3790s
 148885 76086 15393.0246  112  128 15468.9052 15204.0078  1.71%   136 3795s
 149082 76183 15316.3342   68  162 15468.9052 15204.0316  1.71%   136 3800s
 149298 76280 15310.8106   98  125 15468.9052 15204.1219  1.71%   136 3805s
 149463 76336     cutoff   56      15468.9052 15204.2232  1.71%   136 3810s
 149657 76402     cutoff   66      15468.9052 15204.3024  1.71%   136 3815s
 149818 76466     cutoff   59      15468.9052 15204.5247  1.71%   136 3820s
 149984 76528 15426.6331   83  152 15468.9052 15204.5857  1.71%   136 3825s
 150098 76561     cutoff   78      15468.9052 15204.6665  1.71%   136 3830s
 150294 76667 15338.9859   60  210 15468.9052 15204.7113  1.71%   136 3835s
 150501 76723     cutoff   69      15468.9052 15204.7680  1.71%   136 3840s
 150637 76791     cutoff   66      15468.9052 15204.8438  1.71%   136 3845s
 150831 76846     cutoff   73      15468.9052 15204.9057  1.71%   136 3850s
 150980 76886 15306.6030   83  123 15468.9052 15205.0226  1.71%   136 3855s
 151215 77022 15427.5944   79  161 15468.9052 15205.0762  1.71%   136 3860s
 151429 77099 15364.7393   93  180 15468.9052 15205.1460  1.71%   136 3865s
 151623 77192 15383.9576   67  160 15468.9052 15205.2359  1.70%   136 3870s
 151805 77273     cutoff   68      15468.9052 15205.3404  1.70%   136 3875s
 151904 77324 15403.6917   78  175 15468.9052 15205.3698  1.70%   136 3880s
 152119 77413 15286.9058   74  125 15468.9052 15205.4454  1.70%   136 3885s
 152340 77494     cutoff   56      15468.9052 15205.5256  1.70%   136 3890s
 152541 77598 15422.6303  112   90 15468.9052 15205.6148  1.70%   137 3895s
 152772 77703 15360.9105  101  127 15468.9052 15205.7534  1.70%   137 3900s
 153057 77889 15258.6410   69  196 15468.9052 15205.7968  1.70%   136 3905s
 153256 77969 15248.2678   90  172 15468.9052 15205.8947  1.70%   137 3910s
 153497 78115 15340.4655   86  102 15468.9052 15205.9319  1.70%   137 3915s
 153731 78220 15394.7648  119   99 15468.9052 15206.0577  1.70%   137 3920s
 153919 78306 15389.0248  117   80 15468.9052 15206.1554  1.70%   137 3925s
 154129 78395 15301.0673   56  213 15468.9052 15206.3341  1.70%   137 3930s
 154288 78456     cutoff   65      15468.9052 15206.4722  1.70%   137 3935s
 154483 78538 15266.1396   82  189 15468.9052 15206.5351  1.70%   137 3940s
 154687 78632 15294.2587   84  158 15468.9052 15206.6470  1.70%   137 3945s
 154956 78795 15308.7578   72  163 15468.9052 15206.7611  1.69%   137 3950s
 155172 78906     cutoff   80      15468.9052 15206.8729  1.69%   137 3955s
 155420 79052 15367.7952   69  122 15468.9052 15206.9572  1.69%   137 3960s
 155595 79109     cutoff   76      15468.9052 15206.9939  1.69%   137 3965s
 155815 79259 15402.2300   86   65 15468.9052 15207.0436  1.69%   137 3970s
 156118 79390     cutoff   99      15468.9052 15207.1098  1.69%   137 3975s
 156361 79570 15315.1630   71  170 15468.9052 15207.2047  1.69%   137 3980s
 156613 79731 15351.9856   51  213 15468.9052 15207.2686  1.69%   137 3985s
 156795 79836 15257.8984   80  140 15468.9052 15207.3669  1.69%   137 3990s
 157051 79940 15444.4540   60  147 15468.9052 15207.4100  1.69%   137 3995s
 157209 80016     cutoff   72      15468.9052 15207.4944  1.69%   137 4000s
 157414 80117     cutoff   94      15468.9052 15207.5808  1.69%   137 4005s
 157656 80272 15253.6776   68  186 15468.9052 15207.6354  1.69%   137 4010s
 157837 80361 15293.2818   51  205 15468.9052 15207.7628  1.69%   137 4015s
 158097 80514 15305.0377   85  144 15468.9052 15207.9473  1.69%   137 4020s
 158308 80593 15284.7046   58  213 15468.9052 15208.0041  1.69%   137 4025s
 158504 80695     cutoff   82      15468.9052 15208.0457  1.69%   137 4030s
 158755 80842 15417.6338  105  167 15468.9052 15208.1243  1.69%   137 4035s
 158877 80894 15457.9520   77  118 15468.9052 15208.2018  1.69%   137 4040s
 159147 81018 15309.9775   75  129 15468.9052 15208.3753  1.68%   137 4045s
 159367 81133 15425.0779   68  195 15468.9052 15208.5692  1.68%   137 4050s
 159582 81207 15388.7571   67  154 15468.9052 15208.6769  1.68%   137 4055s
 159761 81268 15291.9088   78  150 15468.9052 15208.7718  1.68%   137 4060s
 159895 81289     cutoff   75      15468.9052 15208.8687  1.68%   137 4065s
 159911 81287 15246.0059   86  165 15468.9052 15208.9296  1.68%   137 4082s
 160036 81338     cutoff   62      15468.9052 15208.9586  1.68%   137 4085s
 160251 81445 15437.8379  113   83 15468.9052 15209.0538  1.68%   137 4090s
 160464 81551 15344.4064   62  214 15468.9052 15209.1386  1.68%   137 4095s
 160613 81623 15295.3416   84  171 15468.9052 15209.2202  1.68%   137 4100s
 160894 81712 15407.0684  117   35 15468.9052 15209.2735  1.68%   137 4105s
 161147 81852 15420.1561   68  127 15468.9052 15209.3263  1.68%   137 4110s
 161313 81929     cutoff   74      15468.9052 15209.4101  1.68%   137 4115s
 161529 82018     cutoff   50      15468.9052 15209.5509  1.68%   137 4120s
 161785 82135 15239.2826   80  197 15468.9052 15209.6169  1.68%   137 4125s
 162021 82219 15334.8085   52  214 15468.9052 15209.6880  1.68%   137 4130s
 162296 82338     cutoff   72      15468.9052 15209.7643  1.68%   137 4135s
 162514 82437 15437.8642   86  102 15468.9052 15209.8203  1.67%   137 4140s
 162607 82452 15309.8593   67  125 15468.9052 15209.9486  1.67%   137 4145s
 162853 82586 15262.8664   68  183 15468.9052 15210.0461  1.67%   137 4150s
 163154 82785 15417.3451   91  104 15468.9052 15210.1479  1.67%   137 4155s
 163350 82838 15448.1492   81   51 15468.9052 15210.1890  1.67%   137 4160s
 163545 82893 15296.2397   61  193 15468.9052 15210.2778  1.67%   137 4165s
 163753 82976 15335.1196   52  194 15468.9052 15210.3320  1.67%   137 4170s
 163991 83079     cutoff   77      15468.9052 15210.3940  1.67%   137 4175s
 164240 83215 15258.4416   61  232 15468.9052 15210.5039  1.67%   137 4180s
 164520 83348 15254.6032   90  175 15468.9052 15210.5584  1.67%   137 4185s
 164721 83414 15249.7722   60  179 15468.9052 15210.6284  1.67%   137 4190s
 164858 83482 15231.8536   61  204 15468.9052 15210.6805  1.67%   137 4195s
 165079 83595 15328.9077   59  202 15468.9052 15210.7414  1.67%   137 4200s
 165265 83671 15431.5849   75   92 15468.9052 15210.8188  1.67%   137 4205s
 165384 83709     cutoff   85      15468.9052 15210.9043  1.67%   137 4210s
 165546 83780     cutoff   64      15468.9052 15210.9813  1.67%   137 4215s
 165769 83867 15333.3421   76  166 15468.9052 15211.0552  1.67%   138 4220s
 165948 83916 infeasible   58      15468.9052 15211.1049  1.67%   138 4225s
 166170 84018 15363.2550   60  212 15468.9052 15211.1577  1.67%   138 4230s
 166358 84103 15362.8103   55  179 15468.9052 15211.2418  1.67%   138 4235s
 166416 84096 15326.7523   70  187 15468.9052 15211.3253  1.67%   138 4240s
 166617 84190 15350.1169   98  143 15468.9052 15211.3831  1.66%   138 4245s
 166801 84284 15415.7326   95   85 15468.9052 15211.4192  1.66%   138 4250s
 167017 84374 15236.9257   68  193 15468.9052 15211.5375  1.66%   138 4255s
 167187 84422 15228.1705   72  189 15468.9052 15211.6239  1.66%   138 4260s
 167430 84544     cutoff   87      15468.9052 15211.6958  1.66%   138 4265s
 167681 84659 15264.0282   63  185 15468.9052 15211.8165  1.66%   138 4270s
 167960 84797 15286.6446   69  209 15468.9052 15211.9721  1.66%   138 4275s
 168151 84895 15311.8102   64  180 15468.9052 15212.0456  1.66%   138 4280s
 168377 85011 15313.5397   66  153 15468.9052 15212.1331  1.66%   138 4285s
 168598 85093     cutoff   77      15468.9052 15212.2350  1.66%   138 4290s
 168819 85218 15259.3680   64  197 15468.9052 15212.3189  1.66%   138 4295s
 169090 85333 15239.1927   68  181 15468.9052 15212.4499  1.66%   138 4300s
 169446 85548 15327.2310   95   97 15468.9052 15212.5576  1.66%   138 4305s
 169602 85602 15395.5994   67  185 15468.9052 15212.6496  1.66%   138 4310s
 169766 85658 15392.6094  115  105 15468.9052 15212.6920  1.66%   138 4315s
 170012 85781 15384.8757   77  164 15468.9052 15212.7598  1.66%   138 4320s
 170113 85791     cutoff   84      15468.9052 15212.8140  1.66%   138 4325s
 170391 85896 15403.0445   83  153 15468.9052 15212.8705  1.66%   138 4330s
 170636 85998 15433.2003   78  177 15468.9052 15212.9482  1.65%   138 4335s
 170794 86062 15272.9842   92  113 15468.9052 15213.0425  1.65%   138 4340s
 171021 86175 15435.5774   83   64 15468.9052 15213.0849  1.65%   138 4346s
 171167 86222 15370.9290   87   84 15468.9052 15213.1945  1.65%   138 4350s
 171401 86302     cutoff   68      15468.9052 15213.2656  1.65%   138 4355s
 171589 86415 15395.0235  123   92 15468.9052 15213.2875  1.65%   138 4360s
 171738 86476     cutoff   63      15468.9052 15213.3566  1.65%   138 4365s
 171938 86550 15281.0055   68  185 15468.9052 15213.4071  1.65%   138 4370s
 172235 86702 15283.1838   65  200 15468.9052 15213.5341  1.65%   138 4375s
 172504 86814     cutoff   75      15468.9052 15213.6505  1.65%   138 4380s
 172647 86864     cutoff   55      15468.9052 15213.7038  1.65%   138 4385s
 172861 86941 15346.8936   67  163 15468.9052 15213.7592  1.65%   138 4390s
 173038 87027 15384.5941   70  158 15468.9052 15213.7926  1.65%   138 4395s
 173250 87143 15310.6921   63  226 15468.9052 15213.9034  1.65%   138 4400s
 173489 87272     cutoff   83      15468.9052 15214.0230  1.65%   138 4405s
 173693 87381 15332.6289   59  175 15468.9052 15214.1209  1.65%   138 4410s
 173858 87432 15374.2144   77  113 15468.9052 15214.1890  1.65%   138 4415s
 174078 87530     cutoff   63      15468.9052 15214.2241  1.65%   138 4420s
 174296 87641 15402.8588   93  105 15468.9052 15214.2730  1.65%   138 4425s
 174520 87779 15337.9368   67  181 15468.9052 15214.3434  1.65%   138 4430s
 174676 87849 15436.2487   68  151 15468.9052 15214.4791  1.64%   138 4435s
 174824 87917     cutoff   67      15468.9052 15214.5885  1.64%   138 4440s
 175040 88048 15464.4757  117  165 15468.9052 15214.6466  1.64%   138 4445s
 175178 88096     cutoff   63      15468.9052 15214.7575  1.64%   138 4450s
 175462 88249 15440.4577  108   99 15468.9052 15214.8340  1.64%   138 4455s
 175608 88267 15255.5392   44  207 15468.9052 15214.8768  1.64%   139 4460s
 175838 88390     cutoff   62      15468.9052 15214.9344  1.64%   139 4465s
 175938 88397 15314.8828   78  183 15468.9052 15215.0068  1.64%   139 4470s
 176158 88487 15464.6825   60  149 15468.9052 15215.0641  1.64%   139 4475s
 176350 88585     cutoff   68      15468.9052 15215.1519  1.64%   139 4480s
 176532 88680 15372.6531   74  105 15468.9052 15215.2244  1.64%   139 4485s
 176767 88814     cutoff   69      15468.9052 15215.2973  1.64%   139 4490s
 176987 88908 15374.3194   74  115 15468.9052 15215.3891  1.64%   139 4495s
 177310 89011 15333.2602   66  147 15468.9052 15215.4934  1.64%   139 4500s
 177531 89126     cutoff   54      15468.9052 15215.6385  1.64%   139 4505s
 177664 89157     cutoff   64      15468.9052 15215.6750  1.64%   139 4510s
 177852 89238 15419.3848   78   87 15468.9052 15215.7618  1.64%   139 4515s
 177995 89280 15361.8260   58  112 15468.9052 15215.8831  1.64%   139 4520s
 178256 89378 15448.5430   66  140 15468.9052 15215.9536  1.64%   139 4525s
 178404 89438 15302.9095   53  209 15468.9052 15216.0667  1.63%   139 4530s
 178653 89574     cutoff   62      15468.9052 15216.1357  1.63%   139 4535s
 178831 89648 15385.8530   89  102 15468.9052 15216.2081  1.63%   139 4540s
 179030 89756     cutoff   75      15468.9052 15216.2772  1.63%   139 4545s
 179242 89860 15412.4252   46  188 15468.9052 15216.3454  1.63%   139 4550s
 179359 89885 15360.1757   86  163 15468.9052 15216.4591  1.63%   139 4555s
 179580 90002 15410.2731   67  165 15468.9052 15216.5285  1.63%   139 4560s
 179841 90107 15392.8983   99  128 15468.9052 15216.5723  1.63%   139 4565s
 180036 90192 15355.5907   83  133 15468.9052 15216.6994  1.63%   139 4570s
 180222 90278 15244.1972   73  190 15468.9052 15216.7432  1.63%   139 4575s
 180431 90385 15237.0308   75  190 15468.9052 15216.7937  1.63%   139 4580s
 180650 90510 15455.5306  170   60 15468.9052 15216.8635  1.63%   139 4585s
 180909 90643 15406.9901  117   63 15468.9052 15217.0105  1.63%   139 4590s
 181050 90712 15329.6014   95  143 15468.9052 15217.0766  1.63%   139 4595s
 181257 90786 15262.4188   53  202 15468.9052 15217.1877  1.63%   139 4600s
 181459 90870 15312.9681   61  134 15468.9052 15217.2392  1.63%   139 4605s
 181700 90966 15427.2299   76  142 15468.9052 15217.2723  1.63%   139 4610s
 182029 91204 15409.6987  132  119 15468.9052 15217.3587  1.63%   139 4615s
 182151 91247 15389.9830   76  155 15468.9052 15217.4373  1.63%   139 4620s
 182319 91325 15373.0364   80  112 15468.9052 15217.5772  1.62%   139 4625s
 182518 91409 15450.4724   82  109 15468.9052 15217.6371  1.62%   139 4630s
 182690 91463 15400.9868   81  106 15468.9052 15217.7137  1.62%   139 4635s
 182808 91500 15328.1907   94  147 15468.9052 15217.8000  1.62%   140 4640s
 183036 91623     cutoff   86      15468.9052 15217.8942  1.62%   140 4645s
 183328 91762 15370.9859  102   83 15468.9052 15217.9739  1.62%   139 4650s
 183545 91840     cutoff   57      15468.9052 15218.0407  1.62%   139 4655s
 183718 91917 15385.5968   78  165 15468.9052 15218.0977  1.62%   139 4660s
 183911 91989     cutoff   48      15468.9052 15218.1993  1.62%   140 4665s
 184083 92052     cutoff   74      15468.9052 15218.2685  1.62%   140 4670s
 184329 92159 15316.0232   68  211 15468.9052 15218.3535  1.62%   140 4675s
 184471 92207 15419.2298   69  109 15468.9052 15218.4454  1.62%   140 4680s
 184606 92258 15419.2936   95  115 15468.9052 15218.4812  1.62%   140 4685s
 184806 92360 15352.2716   77  195 15468.9052 15218.5410  1.62%   140 4690s
 185060 92521 15343.1915   64  146 15468.9052 15218.5869  1.62%   140 4695s
 185237 92591 15296.7001   65  178 15468.9052 15218.7063  1.62%   140 4700s
 185473 92691 15437.6980   92  110 15468.9052 15218.7807  1.62%   140 4705s
 185748 92787     cutoff   67      15468.9052 15218.8982  1.62%   140 4710s
 185987 92859     cutoff   71      15468.9052 15219.0062  1.62%   140 4715s
 186212 92982 15358.3286   82  151 15468.9052 15219.0530  1.62%   140 4720s
 186493 93142 15305.0436  102  132 15468.9052 15219.1473  1.61%   140 4725s
 186758 93276     cutoff   51      15468.9052 15219.2045  1.61%   140 4730s
 186927 93342     cutoff   68      15468.9052 15219.2519  1.61%   140 4735s
 187040 93376 15340.4647   89  152 15468.9052 15219.3558  1.61%   140 4740s
 187229 93451     cutoff  101      15468.9052 15219.4263  1.61%   140 4745s
 187376 93505 15376.6692  101   98 15468.9052 15219.4971  1.61%   140 4750s
 187578 93601     cutoff   82      15468.9052 15219.5399  1.61%   140 4755s
 187805 93676 15323.4003   96  129 15468.9052 15219.6463  1.61%   140 4760s
 188081 93803 15300.0287   72  209 15468.9052 15219.7262  1.61%   140 4765s
 188326 93915     cutoff   64      15468.9052 15219.7593  1.61%   140 4770s
 188507 94024 15412.2780  133   81 15468.9052 15219.8363  1.61%   140 4775s
 188648 94057 15378.5696   70  181 15468.9052 15219.8995  1.61%   140 4780s
 188768 94081 15319.3244  116  133 15468.9052 15219.9206  1.61%   140 4785s
 188849 94092 15356.5687   75  135 15468.9052 15219.9800  1.61%   140 4790s
 189081 94183 15335.3550  118  102 15468.9052 15220.0527  1.61%   140 4795s
 189227 94195     cutoff   88      15468.9052 15220.1709  1.61%   140 4800s
 189319 94223     cutoff   78      15468.9052 15220.2458  1.61%   140 4805s
 189492 94299 15274.4274   67  163 15468.9052 15220.3675  1.61%   140 4810s
 189716 94366     cutoff   53      15468.9052 15220.4474  1.61%   140 4815s
 189900 94443     cutoff   93      15468.9052 15220.5311  1.61%   140 4820s
 190090 94505 15439.2497   77   71 15468.9052 15220.6103  1.61%   140 4825s
 190220 94547 15330.2092   80  162 15468.9052 15220.6877  1.60%   140 4830s
 190382 94601     cutoff   68      15468.9052 15220.8014  1.60%   140 4835s
 190594 94687     cutoff   89      15468.9052 15220.8693  1.60%   140 4840s
 190837 94822 15320.0125   86  133 15468.9052 15220.9227  1.60%   140 4845s
 191094 94955 15355.7953   87  103 15468.9052 15221.0078  1.60%   140 4850s
 191371 95057     cutoff   73      15468.9052 15221.0585  1.60%   140 4855s
 191586 95137 15334.6092   40  255 15468.9052 15221.0951  1.60%   140 4860s
 191806 95253 15227.8541   72  208 15468.9052 15221.1783  1.60%   140 4865s
 192024 95321     cutoff   70      15468.9052 15221.2317  1.60%   140 4870s
 192199 95411     cutoff   66      15468.9052 15221.2841  1.60%   140 4875s
 192418 95516 15436.7256   95  101 15468.9052 15221.3430  1.60%   140 4880s
 192640 95602     cutoff   68      15468.9052 15221.4218  1.60%   140 4885s
 192793 95638 15291.8030   58  197 15468.9052 15221.5650  1.60%   140 4890s
 192975 95733 15387.0426   86  134 15468.9052 15221.6394  1.60%   141 4895s
 193179 95815 15324.7436   76  163 15468.9052 15221.7387  1.60%   141 4900s
 193357 95877     cutoff   93      15468.9052 15221.8018  1.60%   141 4905s
 193627 96056     cutoff   77      15468.9052 15221.8457  1.60%   141 4910s
 193841 96127 15226.1531   88  164 15468.9052 15221.8980  1.60%   141 4936s
 194099 96300 15464.4467   82  151 15468.9052 15221.9503  1.60%   141 4940s
 194313 96383 15348.2166   75  134 15468.9052 15221.9998  1.60%   141 4945s
 194565 96532 15406.5263   73  130 15468.9052 15222.0717  1.60%   141 4950s
 194794 96639     cutoff   88      15468.9052 15222.1158  1.60%   141 4955s
 194926 96687 15308.9889   75  149 15468.9052 15222.1985  1.59%   141 4960s
 195170 96810     cutoff   58      15468.9052 15222.3231  1.59%   141 4965s
 195265 96834 15350.3135   89  102 15468.9052 15222.4012  1.59%   141 4970s
 195475 96921     cutoff   90      15468.9052 15222.4512  1.59%   141 4975s
 195662 97000     cutoff   68      15468.9052 15222.5261  1.59%   141 4980s
 195791 97062     cutoff   71      15468.9052 15222.5663  1.59%   141 4985s
 195975 97162     cutoff   87      15468.9052 15222.6674  1.59%   141 4990s
 196175 97232     cutoff   57      15468.9052 15222.7780  1.59%   141 4995s
 196387 97309     cutoff   88      15468.9052 15222.8669  1.59%   141 5000s
 196587 97393 15268.3473   89  148 15468.9052 15222.9391  1.59%   141 5005s
 196812 97465 15261.5397   73  137 15468.9052 15223.0060  1.59%   141 5010s
 196929 97513     cutoff   59      15468.9052 15223.0800  1.59%   141 5015s
 197144 97621 15334.7570   84  126 15468.9052 15223.2027  1.59%   141 5020s
 197389 97726     cutoff   88      15468.9052 15223.2480  1.59%   141 5025s
 197610 97858     cutoff   98      15468.9052 15223.2982  1.59%   141 5030s
 197878 97983 15317.3351   66  189 15468.9052 15223.3771  1.59%   141 5035s
 198065 98073 15351.3919   54  207 15468.9052 15223.4672  1.59%   141 5040s
 198250 98130 15458.4762   64  113 15468.9052 15223.5406  1.59%   141 5045s
 198490 98242 15314.9623   49  229 15468.9052 15223.6392  1.59%   141 5050s
 198794 98345 15235.7529   69  184 15468.9052 15223.7207  1.59%   141 5055s
 198938 98409     cutoff   53      15468.9052 15223.7944  1.58%   141 5060s
 199026 98418     cutoff   63      15468.9052 15223.8813  1.58%   141 5065s
 199192 98487     cutoff   67      15468.9052 15224.0035  1.58%   141 5070s
 199437 98626     cutoff   75      15468.9052 15224.0535  1.58%   141 5075s
 199648 98740 15334.8981   70  165 15468.9052 15224.1394  1.58%   141 5080s
 199932 98875     cutoff   69      15468.9052 15224.1968  1.58%   141 5085s
 200032 98897     cutoff   63      15468.9052 15224.2937  1.58%   141 5090s
 200257 98988 15451.9223  101  104 15468.9052 15224.3869  1.58%   141 5095s
 200413 99032     cutoff   77      15468.9052 15224.4410  1.58%   141 5100s
 200606 99113 15297.4365   71  172 15468.9052 15224.5329  1.58%   141 5105s
 200790 99167 15405.5613   88  109 15468.9052 15224.6164  1.58%   141 5110s
 201009 99268 15282.2232   81  217 15468.9052 15224.6636  1.58%   141 5115s
 201235 99401     cutoff   76      15468.9052 15224.6829  1.58%   141 5120s
 201400 99432     cutoff   64      15468.9052 15224.7371  1.58%   141 5125s
 201588 99493 15377.1619   66  167 15468.9052 15224.8169  1.58%   141 5130s
 201764 99595 15334.8342   82  197 15468.9052 15224.8363  1.58%   141 5135s
 202056 99702 15266.6491   73  159 15468.9052 15224.8874  1.58%   141 5140s
 202162 99745 15428.8525   85  101 15468.9052 15224.9171  1.58%   141 5146s
 202237 99760 15355.1412   95  121 15468.9052 15224.9441  1.58%   141 5150s
 202326 99772     cutoff   74      15468.9052 15225.0140  1.58%   141 5155s
 202543 99899 15249.8307   67  189 15468.9052 15225.0616  1.58%   141 5160s
 202798 100067 15242.6019   61  111 15468.9052 15225.1380  1.58%   141 5165s
 203077 100201 15436.7303   51  212 15468.9052 15225.2143  1.58%   141 5170s
 203176 100219 15411.8399   64  118 15468.9052 15225.2768  1.57%   141 5175s
 203345 100275     cutoff   95      15468.9052 15225.3790  1.57%   141 5180s
 203513 100336     cutoff   71      15468.9052 15225.4444  1.57%   141 5185s
 203708 100426 15341.1258   55  156 15468.9052 15225.5038  1.57%   141 5190s
 203799 100451 15381.4555   84  122 15468.9052 15225.5789  1.57%   141 5195s
 204012 100534     cutoff   86      15468.9052 15225.6560  1.57%   142 5200s
 204355 100712 15248.0115   93  151 15468.9052 15225.7358  1.57%   141 5205s
 204481 100787 15330.7544   70  185 15468.9052 15225.7595  1.57%   141 5210s
 204668 100883 15291.0939   91  146 15468.9052 15225.8504  1.57%   141 5215s
 204910 100991 15349.9214   90  130 15468.9052 15225.9162  1.57%   141 5220s
 205028 101007 15291.7476   78  184 15468.9052 15226.0127  1.57%   142 5225s
 205181 101050     cutoff   72      15468.9052 15226.0721  1.57%   142 5230s
 205243 101045 15338.7554   73  134 15468.9052 15226.1865  1.57%   142 5235s
 205395 101133 15253.7695   69  194 15468.9052 15226.2260  1.57%   142 5240s
 205571 101216     cutoff   73      15468.9052 15226.2675  1.57%   142 5245s
 205815 101333     cutoff   91      15468.9052 15226.3456  1.57%   142 5250s
 206023 101393     cutoff   59      15468.9052 15226.4009  1.57%   142 5255s
 206165 101430     cutoff   93      15468.9052 15226.4937  1.57%   142 5260s
 206368 101533 15394.4703   64  125 15468.9052 15226.5422  1.57%   142 5265s
 206460 101567     cutoff   80      15468.9052 15226.5651  1.57%   142 5270s
 206761 101731 15350.7106   82  116 15468.9052 15226.6729  1.57%   142 5275s
 207069 101909     cutoff   62      15468.9052 15226.7120  1.57%   142 5280s
 207234 101986 15264.4914   56  236 15468.9052 15226.7789  1.57%   142 5285s
 207488 102117 15329.0760   62  170 15468.9052 15226.8490  1.56%   142 5290s
 207783 102275 15321.5526   79  166 15468.9052 15226.8965  1.56%   142 5295s
 207980 102337 15309.0521   68  126 15468.9052 15226.9863  1.56%   142 5300s
 208241 102487     cutoff   67      15468.9052 15227.0217  1.56%   142 5305s
 208369 102541     cutoff   74      15468.9052 15227.0926  1.56%   142 5310s
 208508 102584 infeasible   65      15468.9052 15227.1575  1.56%   142 5315s
 208790 102668 15459.5219   71  121 15468.9052 15227.2392  1.56%   142 5320s
 208905 102693     cutoff   87      15468.9052 15227.3278  1.56%   142 5325s
 209051 102732 15261.6304   80  127 15468.9052 15227.3892  1.56%   142 5330s
 209249 102835 15321.8066   78  124 15468.9052 15227.4625  1.56%   142 5335s
 209418 102930 15356.0712   92  159 15468.9052 15227.5049  1.56%   142 5340s
 209631 102979 15347.6187   79  115 15468.9052 15227.5676  1.56%   142 5345s
 209803 103028 15343.0272   78  183 15468.9052 15227.6122  1.56%   142 5350s
 209967 103060     cutoff   42      15468.9052 15227.7172  1.56%   142 5355s
 210161 103173 15368.0007   56  161 15468.9052 15227.7623  1.56%   142 5360s
 210373 103295 15367.2199  118  110 15468.9052 15227.8123  1.56%   142 5365s
 210568 103395 15295.7368   75  183 15468.9052 15227.8557  1.56%   142 5370s
 210747 103458 15261.1167   70  161 15468.9052 15227.9040  1.56%   142 5375s
 210865 103475     cutoff   51      15468.9052 15227.9401  1.56%   142 5380s
 211084 103563 15418.4481  107   97 15468.9052 15227.9979  1.56%   142 5385s
 211263 103639 15430.0221   85   53 15468.9052 15228.0612  1.56%   142 5390s
 211416 103702     cutoff   55      15468.9052 15228.1499  1.56%   142 5395s
 211646 103851     cutoff   61      15468.9052 15228.2242  1.56%   142 5400s
 211884 103953 15311.3406   62  175 15468.9052 15228.2598  1.56%   142 5405s
 212046 104010 15345.4413   87  118 15468.9052 15228.3108  1.56%   142 5410s
 212231 104085 15423.5296   98  101 15468.9052 15228.4197  1.55%   142 5415s
 212388 104144     cutoff   91      15468.9052 15228.4575  1.55%   142 5420s
 212612 104247 15448.1121   75   88 15468.9052 15228.5449  1.55%   142 5425s
 212725 104277 15292.7017   78  133 15468.9052 15228.5998  1.55%   142 5430s
 212961 104402 15258.1818   70  184 15468.9052 15228.6276  1.55%   142 5435s
 213160 104504 15285.5615   52  198 15468.9052 15228.6734  1.55%   142 5440s
 213379 104600 15354.4054   76  128 15468.9052 15228.7967  1.55%   142 5445s
 213553 104688 15286.0247   79  168 15468.9052 15228.8477  1.55%   142 5450s
 213777 104796 15241.4936   56  233 15468.9052 15228.8854  1.55%   142 5455s
 213956 104874 15460.7070   90  119 15468.9052 15228.9264  1.55%   143 5460s
 214164 104998 15328.2203   94   85 15468.9052 15229.0215  1.55%   143 5465s
 214352 105078 15294.6842   73  176 15468.9052 15229.1069  1.55%   143 5470s
 214600 105153 15299.4253   54  230 15468.9052 15229.1742  1.55%   143 5475s
 214807 105270     cutoff   90      15468.9052 15229.1907  1.55%   143 5480s
 215005 105376     cutoff   75      15468.9052 15229.2901  1.55%   143 5485s
 215130 105415 15252.3349   73  175 15468.9052 15229.3469  1.55%   143 5490s
 215373 105515 15428.2949   88  140 15468.9052 15229.3914  1.55%   143 5495s
 215539 105582 15383.6667   60  153 15468.9052 15229.4632  1.55%   143 5500s
 215663 105592     cutoff   63      15468.9052 15229.5369  1.55%   143 5505s
 215758 105626 15425.0882  104   69 15468.9052 15229.5946  1.55%   143 5510s
 215993 105699 15378.5388   74  145 15468.9052 15229.6703  1.55%   143 5515s
 216192 105798 15382.4900   81  195 15468.9052 15229.7186  1.55%   143 5520s
 216379 105885 15333.6345   90  143 15468.9052 15229.7524  1.55%   143 5525s
 216496 105923 15265.6090   41  227 15468.9052 15229.8216  1.55%   143 5530s
 216795 106093 15394.3460  120  118 15468.9052 15229.8897  1.55%   143 5535s
 216989 106149 15387.6250   50  209 15468.9052 15229.9490  1.54%   143 5540s
 217082 106163     cutoff   62      15468.9052 15230.0302  1.54%   143 5545s
 217303 106280 15393.8827  110   92 15468.9052 15230.1261  1.54%   143 5550s
 217470 106365     cutoff   77      15468.9052 15230.1837  1.54%   143 5555s
 217614 106425 15399.0437  115   79 15468.9052 15230.2533  1.54%   143 5560s
 217850 106533 15335.0311  104  115 15468.9052 15230.3385  1.54%   143 5565s
 217980 106587 15247.2565   57  168 15468.9052 15230.3582  1.54%   143 5570s
 218230 106656 15293.1031   91  147 15468.9052 15230.4811  1.54%   143 5575s
 218417 106743 15312.4790   70  134 15468.9052 15230.4977  1.54%   143 5580s
 218624 106830 15374.9839   88  108 15468.9052 15230.5691  1.54%   143 5585s
 218908 106975 15320.2754   60  165 15468.9052 15230.6636  1.54%   143 5590s
 219057 107024 15311.1337   92  113 15468.9052 15230.7339  1.54%   143 5595s
 219214 107090     cutoff   54      15468.9052 15230.7674  1.54%   143 5600s
 219337 107155     cutoff   75      15468.9052 15230.8417  1.54%   143 5605s
 219504 107227 15370.7018   82  125 15468.9052 15230.8692  1.54%   143 5610s
 219747 107358 15415.6982   89  120 15468.9052 15230.9027  1.54%   143 5615s
 219839 107386     cutoff   57      15468.9052 15230.9554  1.54%   143 5620s
 219990 107445     cutoff   50      15468.9052 15231.0194  1.54%   143 5625s
 220112 107510 15274.2835   58  229 15468.9052 15231.0589  1.54%   143 5630s
 220356 107648 15312.9360   88  151 15468.9052 15231.1011  1.54%   143 5635s
 220471 107668     cutoff   66      15468.9052 15231.1827  1.54%   143 5640s
 220576 107720 15320.4904   64  143 15468.9052 15231.2333  1.54%   143 5645s
 220819 107875     cutoff   79      15468.9052 15231.2804  1.54%   143 5650s
 221011 107963     cutoff   76      15468.9052 15231.3479  1.54%   143 5655s
 221252 108086 15307.7871   61  146 15468.9052 15231.3823  1.54%   143 5660s
 221335 108089 15351.9622   82  145 15468.9052 15231.4146  1.54%   143 5665s
 221569 108200 15454.2862   78  106 15468.9052 15231.4809  1.53%   143 5670s
 221801 108315 15322.8457   83  171 15468.9052 15231.5474  1.53%   143 5675s
 222057 108444 15372.3340   74  154 15468.9052 15231.5863  1.53%   143 5680s
 222278 108541     cutoff   98      15468.9052 15231.6487  1.53%   143 5685s
 222384 108562 15343.3535   90  136 15468.9052 15231.6973  1.53%   143 5690s
 222542 108623 15261.8842   68  194 15468.9052 15231.7335  1.53%   143 5695s
 222813 108781 15403.8135   61  122 15468.9052 15231.7667  1.53%   143 5700s
 222936 108822     cutoff   73      15468.9052 15231.8318  1.53%   143 5705s
 223136 108901 15360.4477   68  130 15468.9052 15231.8693  1.53%   143 5710s
 223361 109035     cutoff   74      15468.9052 15231.9428  1.53%   143 5715s
 223488 109063 15330.0578   59  156 15468.9052 15231.9825  1.53%   143 5720s
 223715 109170 15467.7709   74   83 15468.9052 15232.0691  1.53%   143 5725s
 223884 109228     cutoff   63      15468.9052 15232.1451  1.53%   143 5730s
 224020 109270     cutoff   61      15468.9052 15232.2025  1.53%   143 5735s
 224203 109369 15289.2273   81  168 15468.9052 15232.2384  1.53%   143 5740s
 224403 109475 15353.4698   55  239 15468.9052 15232.3059  1.53%   143 5745s
 224580 109553 15315.7297   92  139 15468.9052 15232.3518  1.53%   143 5750s
 224934 109758     cutoff   81      15468.9052 15232.4076  1.53%   143 5755s
 225096 109823 15452.6811   69   99 15468.9052 15232.4567  1.53%   143 5760s
 225367 109939 15325.1968   61  210 15468.9052 15232.5384  1.53%   143 5765s
 225526 110015     cutoff   67      15468.9052 15232.5798  1.53%   143 5770s
 225719 110089 15393.2222   77  155 15468.9052 15232.6299  1.53%   143 5775s
 225937 110174 15262.5943   72  178 15468.9052 15232.7346  1.53%   143 5780s
 226139 110247     cutoff   72      15468.9052 15232.7734  1.53%   143 5785s
 226341 110288     cutoff   56      15468.9052 15232.8157  1.53%   143 5790s
 226467 110347 15396.2022   77  136 15468.9052 15232.8559  1.53%   143 5795s
 226619 110403     cutoff   75      15468.9052 15232.8967  1.53%   143 5800s
 226744 110429     cutoff   77      15468.9052 15232.9565  1.53%   144 5805s
 226997 110526 15424.8424  117   88 15468.9052 15233.0276  1.52%   144 5810s
 227097 110551     cutoff   78      15468.9052 15233.0948  1.52%   144 5815s
 227278 110585     cutoff  108      15468.9052 15233.1696  1.52%   144 5820s
 227410 110619 15460.1910   39  275 15468.9052 15233.2110  1.52%   144 5825s
 227608 110716 15405.7612   93   98 15468.9052 15233.2680  1.52%   144 5830s
 227719 110733 15254.7035   61  181 15468.9052 15233.3202  1.52%   144 5835s
 227931 110816     cutoff   54      15468.9052 15233.3924  1.52%   144 5840s
 228193 110903 15336.7324   89  136 15468.9052 15233.4595  1.52%   144 5845s
 228318 110928 15381.3309   81  106 15468.9052 15233.5287  1.52%   144 5850s
 228477 110973 15314.2133   67  165 15468.9052 15233.5742  1.52%   144 5855s
 228759 111075 15456.7472   81  118 15468.9052 15233.6442  1.52%   144 5860s
 228937 111163 15292.9258   61  205 15468.9052 15233.7173  1.52%   144 5865s
 229104 111217     cutoff   89      15468.9052 15233.7660  1.52%   144 5870s
 229284 111269 15454.0691   78  123 15468.9052 15233.8158  1.52%   144 5875s
 229557 111401 15409.9064   81  104 15468.9052 15233.8850  1.52%   144 5880s
 229849 111535 15468.2446   76  175 15468.9052 15233.9590  1.52%   144 5885s
 230026 111573     cutoff   71      15468.9052 15234.0129  1.52%   144 5890s
 230163 111629 15454.0353   55  199 15468.9052 15234.0737  1.52%   144 5895s
 230239 111646     cutoff   59      15468.9052 15234.0933  1.52%   144 5900s
 230464 111734     cutoff   75      15468.9052 15234.1545  1.52%   144 5905s
 230650 111823 15405.3412   93  123 15468.9052 15234.1831  1.52%   144 5910s
 230886 111910     cutoff   99      15468.9052 15234.2498  1.52%   144 5915s
 230970 111939 15336.1741   74  176 15468.9052 15234.2949  1.52%   144 5934s
 230987 111940     cutoff   71      15468.9052 15234.2966  1.52%   144 5935s
 231218 112044 15395.1796   82  146 15468.9052 15234.3824  1.52%   144 5940s
 231457 112129     cutoff   74      15468.9052 15234.4266  1.52%   144 5945s
 231573 112160 15442.3052  109   56 15468.9052 15234.4853  1.52%   144 5950s
 231730 112223     cutoff   77      15468.9052 15234.5432  1.52%   144 5955s
 231918 112319 15327.4953   81  151 15468.9052 15234.6026  1.51%   144 5960s
 232217 112488     cutoff   90      15468.9052 15234.6642  1.51%   144 5965s
 232437 112594 15375.7163   96  129 15468.9052 15234.7378  1.51%   144 5970s
 232806 112781 15394.5495   76  121 15468.9052 15234.7916  1.51%   144 5975s
 232936 112830     cutoff   67      15468.9052 15234.8235  1.51%   144 5980s
 233113 112884 15372.0094  114  124 15468.9052 15234.8968  1.51%   144 5985s
 233318 112982     cutoff   72      15468.9052 15234.9423  1.51%   144 5990s
 233447 113008 15429.8117   60  191 15468.9052 15234.9728  1.51%   144 5995s
 233533 113041     cutoff   67      15468.9052 15235.0180  1.51%   144 6000s
 233641 113074     cutoff   47      15468.9052 15235.0658  1.51%   144 6005s
 233779 113122     cutoff   67      15468.9052 15235.1454  1.51%   144 6010s
 233965 113232     cutoff   80      15468.9052 15235.1922  1.51%   144 6015s
 234162 113323 15261.3160   67  163 15468.9052 15235.2328  1.51%   144 6020s
 234380 113456 infeasible   76      15468.9052 15235.3178  1.51%   144 6025s
 234540 113516     cutoff   65      15468.9052 15235.4032  1.51%   144 6030s
 234709 113624 15414.5900   90  119 15468.9052 15235.4198  1.51%   144 6035s
 234853 113651 15270.0767   57  216 15468.9052 15235.5026  1.51%   144 6040s
 235088 113735 15331.7681   70  176 15468.9052 15235.5386  1.51%   144 6045s
 235283 113853 15391.5773   88  139 15468.9052 15235.5833  1.51%   144 6050s
 235457 113938 15402.8526   96   69 15468.9052 15235.6290  1.51%   144 6055s
 235677 114064 15402.9765  125   98 15468.9052 15235.6698  1.51%   144 6060s
 236010 114239 15410.5904   77   86 15468.9052 15235.7078  1.51%   144 6065s
 236191 114313     cutoff   85      15468.9052 15235.7643  1.51%   144 6070s
 236402 114389 15361.7899   88   96 15468.9052 15235.8128  1.51%   144 6075s
 236646 114522 infeasible   69      15468.9052 15235.8875  1.51%   144 6080s
 236838 114580 15372.5122   54  155 15468.9052 15235.9459  1.51%   144 6085s
 237059 114675 15349.7135   86  179 15468.9052 15236.0258  1.51%   144 6090s
 237247 114765 15362.7897   82   80 15468.9052 15236.0505  1.51%   144 6097s
 237394 114852 15410.8943   72  126 15468.9052 15236.0888  1.51%   144 6100s
 237538 114915     cutoff   75      15468.9052 15236.1472  1.50%   144 6105s
 237754 115021 15413.1152   89   92 15468.9052 15236.2053  1.50%   144 6110s
 237964 115092 15413.9391   92  100 15468.9052 15236.2696  1.50%   144 6115s
 238180 115164 15270.5400  101  137 15468.9052 15236.3245  1.50%   144 6120s
 238416 115273 15363.8481   96  124 15468.9052 15236.4171  1.50%   144 6125s
 238573 115324 15350.7587   92  134 15468.9052 15236.4753  1.50%   144 6130s
 238743 115380 15294.4044   67  164 15468.9052 15236.5275  1.50%   144 6135s
 238923 115451 infeasible   70      15468.9052 15236.5841  1.50%   144 6140s
 239061 115510 15374.0957   64  136 15468.9052 15236.6378  1.50%   144 6145s
 239288 115599 15341.6436   79  121 15468.9052 15236.6548  1.50%   144 6150s
 239357 115611 15367.8580   73  155 15468.9052 15236.7058  1.50%   144 6155s
 239517 115678     cutoff   77      15468.9052 15236.7637  1.50%   145 6160s
 239719 115765     cutoff   64      15468.9052 15236.8741  1.50%   145 6165s
 239929 115881 15370.1806   75  149 15468.9052 15236.9169  1.50%   145 6170s
 240095 115930     cutoff   84      15468.9052 15237.0146  1.50%   145 6175s
 240409 116087 15322.5299   73  175 15468.9052 15237.0880  1.50%   144 6180s
 240532 116143     cutoff   73      15468.9052 15237.1407  1.50%   145 6185s
 240832 116202     cutoff   78      15468.9052 15237.2037  1.50%   145 6190s
 241001 116266     cutoff   37      15468.9052 15237.2617  1.50%   145 6195s
 241163 116329     cutoff   90      15468.9052 15237.3204  1.50%   145 6200s
 241277 116351 15307.1849   53  220 15468.9052 15237.3634  1.50%   145 6205s
 241408 116381     cutoff   86      15468.9052 15237.4379  1.50%   145 6210s
 241537 116409 15369.7785   72  151 15468.9052 15237.4937  1.50%   145 6215s
 241757 116508 15321.8940   92  141 15468.9052 15237.5618  1.50%   145 6220s
 241955 116581 infeasible   58      15468.9052 15237.6097  1.50%   145 6225s
 242139 116634 15339.0229   72  176 15468.9052 15237.6846  1.49%   145 6230s
 242246 116661     cutoff   63      15468.9052 15237.7305  1.49%   145 6235s
 242436 116734     cutoff   69      15468.9052 15237.7901  1.49%   145 6240s
 242677 116833 15365.8267   95  131 15468.9052 15237.8521  1.49%   145 6245s
 242960 116984 15377.7257   37  262 15468.9052 15237.8775  1.49%   145 6250s
 243253 117145 15242.8490   72  197 15468.9052 15237.9237  1.49%   145 6255s
 243403 117173 15270.4709   65  168 15468.9052 15237.9620  1.49%   145 6260s
 243572 117231 15322.3844   75  181 15468.9052 15238.0279  1.49%   145 6265s
 243698 117287 15411.6499   77  104 15468.9052 15238.0611  1.49%   145 6270s
 243849 117354     cutoff  103      15468.9052 15238.1110  1.49%   145 6275s
 244059 117439 15436.5838  111   95 15468.9052 15238.1522  1.49%   145 6280s
 244258 117498 15306.3293   70  169 15468.9052 15238.2262  1.49%   145 6285s
 244455 117593     cutoff   68      15468.9052 15238.2731  1.49%   145 6290s
 244722 117676     cutoff   62      15468.9052 15238.3123  1.49%   145 6295s
 244983 117810 15381.4616   81  109 15468.9052 15238.3501  1.49%   145 6300s
 245088 117826 15444.2766   71   88 15468.9052 15238.3979  1.49%   145 6305s
 245397 117998 15375.7154   89  145 15468.9052 15238.4564  1.49%   145 6310s
 245561 118094 15433.3823  116   89 15468.9052 15238.4859  1.49%   145 6315s
 245791 118226 15336.4160   62  157 15468.9052 15238.5201  1.49%   145 6320s
 245999 118288 15317.8780   88  164 15468.9052 15238.5813  1.49%   145 6325s
 246162 118342     cutoff   66      15468.9052 15238.6615  1.49%   145 6330s
 246267 118365     cutoff   72      15468.9052 15238.7414  1.49%   145 6335s
 246484 118451 15377.4234   85  101 15468.9052 15238.7811  1.49%   145 6340s
 246663 118521     cutoff   71      15468.9052 15238.8253  1.49%   145 6345s
 246788 118550 15379.9199  111  144 15468.9052 15238.8697  1.49%   145 6350s
 246943 118604 infeasible   76      15468.9052 15238.9152  1.49%   145 6355s
 247069 118634     cutoff   72      15468.9052 15238.9642  1.49%   145 6360s
 247173 118646 15408.0906  100   44 15468.9052 15238.9857  1.49%   145 6365s
 247340 118726 15332.1703   63  193 15468.9052 15239.0441  1.49%   145 6370s
 247500 118807 infeasible   78      15468.9052 15239.0685  1.49%   145 6375s
 247671 118884 15316.3375   72  202 15468.9052 15239.1176  1.49%   145 6380s
 247863 118960     cutoff   71      15468.9052 15239.1873  1.49%   145 6385s
 248092 119034 15323.6939   78  123 15468.9052 15239.2313  1.48%   145 6390s
 248225 119098 15253.4592  109  157 15468.9052 15239.2595  1.48%   145 6395s
 248454 119200 15306.6532   77  130 15468.9052 15239.3308  1.48%   145 6400s
 248657 119264 15244.2311   61  194 15468.9052 15239.4090  1.48%   145 6405s
 248774 119310 15331.6967   62  178 15468.9052 15239.4722  1.48%   145 6410s
 248946 119357     cutoff   84      15468.9052 15239.5493  1.48%   145 6415s
 249100 119425 15295.6972   45  257 15468.9052 15239.6286  1.48%   145 6420s
 249263 119481     cutoff   81      15468.9052 15239.6609  1.48%   145 6425s
 249445 119530 15316.9026   92  156 15468.9052 15239.7172  1.48%   145 6430s
 249647 119628 15277.9843   72  174 15468.9052 15239.7790  1.48%   145 6435s
 249797 119689     cutoff   55      15468.9052 15239.8534  1.48%   146 6440s
 249980 119778     cutoff   73      15468.9052 15239.8909  1.48%   146 6445s
 250099 119819 15288.0391   91  184 15468.9052 15239.9462  1.48%   146 6450s
 250259 119862 15427.9742   94   94 15468.9052 15239.9910  1.48%   146 6455s
 250500 119967 15419.7411  130   52 15468.9052 15240.0528  1.48%   146 6460s
 250672 120033 15330.1283   59  152 15468.9052 15240.0960  1.48%   146 6465s
 250803 120078 15252.0550   81  204 15468.9052 15240.1490  1.48%   146 6470s
 251022 120191 15385.6812   92  109 15468.9052 15240.2124  1.48%   146 6475s
 251287 120355 15377.6653   70  210 15468.9052 15240.2580  1.48%   146 6480s
 251438 120391 15384.3201   92  118 15468.9052 15240.2888  1.48%   146 6485s
 251670 120458     cutoff   85      15468.9052 15240.3566  1.48%   146 6490s
 251821 120515 15315.4150   63  230 15468.9052 15240.4494  1.48%   146 6495s
 251985 120573 15250.3844   64  197 15468.9052 15240.4871  1.48%   146 6500s
 252205 120680     cutoff   71      15468.9052 15240.5312  1.48%   146 6505s
 252434 120792 15262.7947   85  188 15468.9052 15240.5579  1.48%   146 6510s
 252728 120899     cutoff   80      15468.9052 15240.5833  1.48%   146 6515s
 252826 120913 15381.2580   75  155 15468.9052 15240.6490  1.48%   146 6520s
 252957 120943 15286.8575   70  191 15468.9052 15240.6973  1.48%   146 6525s
 253186 121045 15360.8359   81  142 15468.9052 15240.7618  1.47%   146 6530s
 253336 121114 15402.3687   70  152 15468.9052 15240.8006  1.47%   146 6535s
 253458 121152 15374.7955   77  109 15468.9052 15240.8724  1.47%   146 6540s
 253638 121228 15313.5411   70  191 15468.9052 15240.9335  1.47%   146 6545s
 253866 121331     cutoff   79      15468.9052 15240.9934  1.47%   146 6550s
 254020 121376 15341.0220   89  110 15468.9052 15241.0551  1.47%   146 6555s
 254235 121515 15365.8907   82  163 15468.9052 15241.1089  1.47%   146 6560s
 254474 121642     cutoff   75      15468.9052 15241.1744  1.47%   146 6565s
 254611 121663     cutoff   83      15468.9052 15241.2427  1.47%   146 6570s
 254733 121685     cutoff   56      15468.9052 15241.2829  1.47%   146 6575s
 254945 121778     cutoff   77      15468.9052 15241.3466  1.47%   146 6580s
 255055 121820     cutoff   78      15468.9052 15241.3902  1.47%   146 6585s
 255235 121912     cutoff   93      15468.9052 15241.4194  1.47%   146 6590s
 255339 121933     cutoff   74      15468.9052 15241.4994  1.47%   146 6595s
 255510 121987 15338.9364  109  118 15468.9052 15241.5390  1.47%   146 6600s
 255730 122060     cutoff   75      15468.9052 15241.6088  1.47%   146 6605s
 255976 122188 15388.8832   64  189 15468.9052 15241.6563  1.47%   146 6610s
 256192 122306 15347.7779   90  125 15468.9052 15241.7240  1.47%   146 6615s
 256433 122393 15430.1665   65  124 15468.9052 15241.7992  1.47%   146 6620s
 256622 122502 15394.6181  107  125 15468.9052 15241.8486  1.47%   146 6625s
 256727 122527     cutoff   57      15468.9052 15241.8882  1.47%   146 6630s
 256856 122543 15466.2940   64  105 15468.9052 15241.9796  1.47%   146 6635s
 257055 122634 15321.4546   57  200 15468.9052 15242.0349  1.47%   146 6640s
 257252 122692     cutoff   58      15468.9052 15242.1090  1.47%   146 6645s
 257313 122687 15339.9693   88  165 15468.9052 15242.1616  1.47%   146 6650s
 257567 122804     cutoff   68      15468.9052 15242.2235  1.47%   146 6655s
 257771 122862     cutoff   70      15468.9052 15242.2892  1.46%   146 6660s
 257964 122967     cutoff  111      15468.9052 15242.3407  1.46%   146 6665s
 258154 123057     cutoff   72      15468.9052 15242.3991  1.46%   146 6670s
 258261 123110 15403.1737   80  132 15468.9052 15242.4393  1.46%   146 6675s
 258535 123224 15404.3491   88   75 15468.9052 15242.5023  1.46%   146 6680s
 258686 123274 15273.9887   74  203 15468.9052 15242.5751  1.46%   146 6685s
 258902 123369     cutoff   65      15468.9052 15242.6012  1.46%   146 6690s
 259133 123468 15252.5265   68  175 15468.9052 15242.6361  1.46%   146 6695s
 259323 123541 15399.1362   71  134 15468.9052 15242.6664  1.46%   146 6700s
 259453 123558     cutoff   69      15468.9052 15242.7362  1.46%   146 6705s
 259638 123613     cutoff   75      15468.9052 15242.7741  1.46%   146 6710s
 259870 123704 15305.6624  100  112 15468.9052 15242.8186  1.46%   146 6715s
 260209 123863 15285.3523   86  138 15468.9052 15242.8812  1.46%   146 6720s
 260314 123877     cutoff   99      15468.9052 15242.9321  1.46%   146 6725s
 260554 123990 15387.3721   64  126 15468.9052 15242.9708  1.46%   146 6730s
 260739 124040     cutoff   96      15468.9052 15243.0052  1.46%   146 6735s
 260901 124114 infeasible   74      15468.9052 15243.0353  1.46%   146 6740s
 261050 124156 15313.8330   79  165 15468.9052 15243.0877  1.46%   146 6745s
 261270 124253 15403.5165   93  125 15468.9052 15243.1500  1.46%   146 6750s
 261507 124338 15318.8588   72  177 15468.9052 15243.2078  1.46%   146 6755s
 261600 124370 15245.1450   76  186 15468.9052 15243.2590  1.46%   146 6771s
 261740 124429     cutoff   89      15468.9052 15243.2823  1.46%   146 6775s
 262004 124580 15366.8885   69  174 15468.9052 15243.3189  1.46%   146 6780s
 262095 124594 15458.2539   94  131 15468.9052 15243.3595  1.46%   146 6785s
 262324 124673     cutoff   95      15468.9052 15243.4195  1.46%   146 6790s
 262482 124703 15316.5193   84  129 15468.9052 15243.4753  1.46%   147 6795s
 262645 124744 15274.9117   69  161 15468.9052 15243.5184  1.46%   147 6800s
 262884 124860 15263.4275   74  174 15468.9052 15243.5728  1.46%   147 6805s
 263075 124934     cutoff   79      15468.9052 15243.6625  1.46%   147 6810s
 263224 125011 15254.4509   78  160 15468.9052 15243.6855  1.46%   147 6815s
 263459 125115 15385.3422   95  133 15468.9052 15243.7372  1.46%   147 6820s
 263713 125255 15396.2113  119   72 15468.9052 15243.7856  1.46%   146 6825s
 263987 125394     cutoff   67      15468.9052 15243.8374  1.45%   146 6830s
 264200 125487     cutoff   53      15468.9052 15243.8792  1.45%   146 6835s
 264328 125498     cutoff  104      15468.9052 15243.9796  1.45%   147 6840s
 264485 125566 15276.2765   76  139 15468.9052 15244.0287  1.45%   147 6845s
 264613 125631     cutoff   85      15468.9052 15244.0590  1.45%   147 6850s
 264743 125644 15318.0451   65  203 15468.9052 15244.1241  1.45%   147 6855s
 264857 125667     cutoff   62      15468.9052 15244.1648  1.45%   147 6860s
 264992 125703     cutoff   77      15468.9052 15244.2232  1.45%   147 6865s
 265138 125749 15332.7311  108  122 15468.9052 15244.2701  1.45%   147 6870s
 265218 125751     cutoff   81      15468.9052 15244.3188  1.45%   147 6875s
 265370 125815 15308.5196   76  165 15468.9052 15244.3696  1.45%   147 6880s
 265530 125887 15391.5745   81   93 15468.9052 15244.4236  1.45%   147 6885s
 265775 125990 15436.6524   68  126 15468.9052 15244.4818  1.45%   147 6890s
 265938 126064 15334.1690   85  177 15468.9052 15244.5308  1.45%   147 6895s
 266097 126118     cutoff   54      15468.9052 15244.6118  1.45%   147 6900s
 266203 126124     cutoff   68      15468.9052 15244.6580  1.45%   147 6905s
 266370 126191     cutoff   47      15468.9052 15244.7321  1.45%   147 6910s
 266533 126279 15348.7254   63  145 15468.9052 15244.7749  1.45%   147 6915s
 266747 126349     cutoff   93      15468.9052 15244.8179  1.45%   147 6920s
 267046 126469     cutoff   78      15468.9052 15244.8746  1.45%   147 6925s
 267212 126553 15344.4874   74  122 15468.9052 15244.9231  1.45%   147 6932s
 267316 126588 infeasible   77      15468.9052 15244.9585  1.45%   147 6935s
 267506 126650 15334.4874   64  120 15468.9052 15245.0053  1.45%   147 6940s
 267736 126773 15275.7202   59  174 15468.9052 15245.0719  1.45%   147 6945s
 267910 126866 15270.0723   73  169 15468.9052 15245.1044  1.45%   147 6950s
 268107 126952 15271.0912   74  177 15468.9052 15245.1626  1.45%   147 6955s
 268266 127017     cutoff  102      15468.9052 15245.1901  1.45%   147 6960s
 268419 127060 15447.5480   62  111 15468.9052 15245.2663  1.45%   147 6965s
 268523 127101     cutoff   69      15468.9052 15245.3026  1.45%   147 6970s
 268599 127112 15309.6895   81  106 15468.9052 15245.3295  1.45%   147 6975s
 268788 127210 15286.9531   73  161 15468.9052 15245.3718  1.45%   147 6980s
 268926 127249 15297.7499   89  161 15468.9052 15245.4275  1.44%   147 6985s
 269115 127305     cutoff   78      15468.9052 15245.4853  1.44%   147 6990s
 269274 127370 15341.5661   68  190 15468.9052 15245.5206  1.44%   147 6995s
 269397 127392 15374.5336   71  141 15468.9052 15245.5998  1.44%   147 7000s
 269603 127468 15391.6907   83  112 15468.9052 15245.6512  1.44%   147 7005s
 269734 127510 15311.5535   54  226 15468.9052 15245.6967  1.44%   147 7010s
 269913 127560     cutoff   66      15468.9052 15245.7596  1.44%   147 7015s
 270125 127609     cutoff   73      15468.9052 15245.8324  1.44%   147 7020s
 270266 127650 15253.0613   45  243 15468.9052 15245.8793  1.44%   147 7025s
 270428 127723 15400.9430   77  137 15468.9052 15245.9252  1.44%   147 7030s
 270565 127758     cutoff   75      15468.9052 15245.9902  1.44%   147 7035s
 270718 127812     cutoff   48      15468.9052 15246.0365  1.44%   147 7040s
 270971 127915 15376.6656  117   90 15468.9052 15246.0890  1.44%   147 7045s
 271155 127959 15409.4592   90  120 15468.9052 15246.1656  1.44%   147 7050s
 271339 128015 15363.6205   52  215 15468.9052 15246.1837  1.44%   147 7055s
 271556 128124 15314.6176   74  147 15468.9052 15246.2262  1.44%   147 7060s
 271735 128201     cutoff   54      15468.9052 15246.2646  1.44%   147 7065s
 271870 128251     cutoff   89      15468.9052 15246.3269  1.44%   147 7070s
 271991 128299 15380.9874   60  147 15468.9052 15246.3674  1.44%   147 7075s
 272171 128348 15311.8247   65  184 15468.9052 15246.4211  1.44%   147 7080s
 272357 128448 15424.1906   67   77 15468.9052 15246.4559  1.44%   147 7085s
 272522 128465 15425.9988   75  143 15468.9052 15246.4855  1.44%   148 7090s
 272713 128566     cutoff   72      15468.9052 15246.5033  1.44%   147 7095s
 272872 128593 15304.4760   84  143 15468.9052 15246.5692  1.44%   148 7100s
 273063 128668 15364.4382   82  104 15468.9052 15246.6030  1.44%   148 7105s
 273327 128759 15382.0223   90  185 15468.9052 15246.6495  1.44%   148 7110s
 273553 128864 15392.9007   83  171 15468.9052 15246.6978  1.44%   147 7115s
 273820 128961     cutoff  113      15468.9052 15246.7174  1.44%   147 7120s
 274156 129128 15400.9758   92  127 15468.9052 15246.7666  1.44%   147 7125s
 274301 129187 15421.5809   92   81 15468.9052 15246.7941  1.44%   147 7130s
 274513 129276     cutoff   72      15468.9052 15246.8498  1.44%   147 7135s
 274693 129336     cutoff   67      15468.9052 15246.9054  1.44%   147 7140s
 274929 129408 infeasible  103      15468.9052 15246.9606  1.43%   147 7145s
 275187 129535     cutoff   88      15468.9052 15246.9998  1.43%   147 7150s
 275385 129604     cutoff  103      15468.9052 15247.0254  1.43%   147 7155s
 275585 129676 15361.2503   84  166 15468.9052 15247.0818  1.43%   147 7160s
 275778 129728 infeasible   62      15468.9052 15247.1502  1.43%   147 7165s
 275953 129771     cutoff  104      15468.9052 15247.2143  1.43%   147 7170s
 276279 129971 15353.6177   80  121 15468.9052 15247.2589  1.43%   147 7175s
 276426 130017 15385.2003   86  153 15468.9052 15247.2957  1.43%   147 7180s
 276620 130101 15393.0220   66  166 15468.9052 15247.4020  1.43%   147 7185s
 276710 130135 15449.2827   90   55 15468.9052 15247.4415  1.43%   148 7190s
 276897 130212 15349.2670   55  168 15468.9052 15247.4701  1.43%   148 7195s
 277091 130259 15346.2754   64  175 15468.9052 15247.5088  1.43%   148 7200s
 277244 130327 15369.4856   98  121 15468.9052 15247.5665  1.43%   148 7205s
 277386 130362 15422.2999   72  173 15468.9052 15247.6398  1.43%   148 7210s
 277587 130453     cutoff   62      15468.9052 15247.7206  1.43%   148 7215s
 277823 130548 15382.9834   62  196 15468.9052 15247.7692  1.43%   148 7220s
 278072 130619     cutoff   83      15468.9052 15247.8283  1.43%   148 7225s
 278316 130706 15278.0634  109  145 15468.9052 15247.9041  1.43%   148 7230s
 278511 130772     cutoff   70      15468.9052 15247.9707  1.43%   148 7235s
 278542 130781 15426.5841   81   83 15468.9052 15247.9858  1.43%   148 7277s
 278629 130821 15355.9286   94  117 15468.9052 15247.9912  1.43%   148 7280s
 278821 130884 15333.0623   84  163 15468.9052 15248.0390  1.43%   148 7285s
 279049 130963 15270.5989   69  177 15468.9052 15248.1076  1.43%   148 7290s
 279285 131102 15449.4644   78  118 15468.9052 15248.1468  1.43%   148 7295s
 279529 131164 15461.2215   74  106 15468.9052 15248.2030  1.43%   148 7300s
 279651 131205 15301.5173   76  148 15468.9052 15248.2359  1.43%   148 7305s
 279880 131313 15450.6646   88   57 15468.9052 15248.2698  1.43%   148 7310s
 280029 131372 15290.7387   80  158 15468.9052 15248.3275  1.43%   148 7315s
 280076 131389 15383.5056   82  155 15468.9052 15248.3369  1.43%   148 7323s
 280110 131410 15354.3634  101  129 15468.9052 15248.3514  1.43%   148 7325s
 280338 131526 15367.6974   85  155 15468.9052 15248.4062  1.43%   148 7330s
 280632 131620 15366.4368   87  131 15468.9052 15248.4641  1.43%   148 7335s
 280811 131704 15452.7096   71   92 15468.9052 15248.5164  1.42%   148 7340s
 281026 131778 15360.5184   64  124 15468.9052 15248.5535  1.42%   148 7345s
 281247 131854 15423.2915   73  106 15468.9052 15248.6231  1.42%   148 7350s
 281425 131946 15413.7280   88  134 15468.9052 15248.6547  1.42%   148 7355s
 281611 132044 15330.0142   92  157 15468.9052 15248.6837  1.42%   148 7360s
 281879 132190 15332.3596   79  152 15468.9052 15248.7264  1.42%   148 7365s
 282083 132246 15305.9608   97  121 15468.9052 15248.8236  1.42%   148 7370s
 282226 132288 infeasible   74      15468.9052 15248.8830  1.42%   148 7375s
 282439 132380 15331.8531   72  177 15468.9052 15248.9371  1.42%   148 7380s
 282586 132419     cutoff   69      15468.9052 15248.9627  1.42%   148 7385s
 282727 132460 15389.2041   76  113 15468.9052 15249.0089  1.42%   148 7390s
 282878 132505     cutoff   60      15468.9052 15249.0497  1.42%   148 7395s
 283088 132620 15385.1690  108  111 15468.9052 15249.0887  1.42%   148 7400s
 283254 132694     cutoff   48      15468.9052 15249.1357  1.42%   148 7405s
 283362 132716 15302.6726   94  157 15468.9052 15249.2071  1.42%   148 7410s
 283503 132763 15313.3789   93  126 15468.9052 15249.2228  1.42%   148 7415s
 283589 132759     cutoff   87      15468.9052 15249.2804  1.42%   148 7420s
 283866 132911 15461.4642   91   80 15468.9052 15249.3071  1.42%   148 7425s
 284028 132970 15427.9762   82   95 15468.9052 15249.3533  1.42%   148 7430s
 284153 132997     cutoff   90      15468.9052 15249.3923  1.42%   148 7435s
 284332 133045     cutoff   89      15468.9052 15249.4406  1.42%   148 7440s
 284458 133093 15398.1207   96  119 15468.9052 15249.4702  1.42%   148 7445s
 284653 133115     cutoff   62      15468.9052 15249.5661  1.42%   148 7450s
 284796 133152     cutoff   73      15468.9052 15249.6305  1.42%   148 7455s
 284930 133204 15293.6547   61  197 15468.9052 15249.6680  1.42%   148 7460s
 285160 133305     cutoff   64      15468.9052 15249.7485  1.42%   148 7465s
 285278 133342     cutoff   78      15468.9052 15249.7842  1.42%   148 7470s
 285408 133391 15350.0322   65  162 15468.9052 15249.8374  1.42%   148 7475s
 285578 133436     cutoff   79      15468.9052 15249.8813  1.42%   148 7480s
 285761 133508 15360.7017   80  162 15468.9052 15249.9276  1.42%   148 7485s
 285961 133591 15260.0061   77  211 15468.9052 15249.9784  1.42%   148 7490s
 286168 133663 15333.8839   94  169 15468.9052 15250.0162  1.42%   148 7495s
 286319 133718 15375.5415   60  138 15468.9052 15250.0651  1.41%   148 7500s
 286517 133810 15309.2637  108  153 15468.9052 15250.0981  1.41%   148 7505s
 286764 133926 15345.3827  125  109 15468.9052 15250.1481  1.41%   148 7510s
 286962 134004 15459.7937   81  118 15468.9052 15250.2007  1.41%   148 7515s
 287041 134018 15261.5954   87  169 15468.9052 15250.2460  1.41%   148 7520s
 287307 134105 15363.9294   48  216 15468.9052 15250.2779  1.41%   148 7525s
 287373 134115 15269.1238   69  163 15468.9052 15250.3020  1.41%   148 7530s
 287587 134201 15321.7826   67  155 15468.9052 15250.3221  1.41%   148 7535s
 287763 134275     cutoff   98      15468.9052 15250.3692  1.41%   148 7540s
 287938 134321 15433.9629   83  113 15468.9052 15250.4036  1.41%   148 7545s
 288133 134402 15283.8995   85  146 15468.9052 15250.4709  1.41%   148 7550s
 288302 134453     cutoff   70      15468.9052 15250.5587  1.41%   148 7555s
 288485 134491 15325.9838   74  186 15468.9052 15250.6207  1.41%   148 7560s
 288661 134588     cutoff   87      15468.9052 15250.6496  1.41%   148 7565s
 288874 134639 15468.2059   85   83 15468.9052 15250.7056  1.41%   148 7570s
 289229 134806 15326.4541   88  112 15468.9052 15250.7558  1.41%   148 7575s
 289430 134880     cutoff   73      15468.9052 15250.8120  1.41%   148 7580s
 289589 134929     cutoff   71      15468.9052 15250.8833  1.41%   148 7585s
 289693 134954 15415.6531   74  174 15468.9052 15250.9006  1.41%   148 7605s
 289801 134975     cutoff   73      15468.9052 15250.9219  1.41%   148 7610s
 289911 135006 15393.6128   87  194 15468.9052 15250.9603  1.41%   148 7615s
 290059 135048 15348.3853   80  186 15468.9052 15251.0208  1.41%   148 7620s
 290175 135087     cutoff   69      15468.9052 15251.0567  1.41%   148 7625s
 290348 135167 15374.7589   71   90 15468.9052 15251.0835  1.41%   148 7630s
 290568 135249 15413.7375   56  122 15468.9052 15251.1242  1.41%   148 7635s
 290796 135327 15367.6600   89  149 15468.9052 15251.1736  1.41%   148 7640s
 290983 135384     cutoff   57      15468.9052 15251.2233  1.41%   149 7645s
 291162 135474 15391.0263   93  125 15468.9052 15251.2526  1.41%   149 7650s
 291259 135481 15393.2964  106  110 15468.9052 15251.2905  1.41%   149 7658s
 291346 135514 15413.9244   84  133 15468.9052 15251.2952  1.41%   149 7660s
 291516 135566     cutoff   82      15468.9052 15251.3520  1.41%   149 7665s
 291603 135576 15369.2515   72   94 15468.9052 15251.3972  1.41%   149 7670s
 291793 135631 15404.6215   79   78 15468.9052 15251.4399  1.41%   149 7675s
 291984 135704 15314.9493   64  142 15468.9052 15251.4721  1.41%   149 7680s
 292148 135776     cutoff  106      15468.9052 15251.5220  1.41%   149 7685s
 292358 135876 15300.5800   63  189 15468.9052 15251.5721  1.40%   149 7690s
 292626 135997     cutoff   86      15468.9052 15251.6046  1.40%   149 7695s
 292789 136022 15456.0918  111   72 15468.9052 15251.6438  1.40%   149 7700s
 292921 136045 15384.6510   90  120 15468.9052 15251.6846  1.40%   149 7705s
 293106 136108     cutoff   68      15468.9052 15251.7477  1.40%   149 7710s
 293318 136181 15289.3755   60  162 15468.9052 15251.7934  1.40%   149 7715s
 293580 136282 15316.4505   80  117 15468.9052 15251.8450  1.40%   149 7720s
 293653 136292     cutoff   81      15468.9052 15251.8845  1.40%   149 7725s
 293809 136310 15370.7769   79  125 15468.9052 15251.9272  1.40%   149 7730s
 293970 136369 15398.4378   72  163 15468.9052 15251.9849  1.40%   149 7735s
 294126 136405 15458.4174   95   82 15468.9052 15252.0441  1.40%   149 7740s
 294234 136405     cutoff   66      15468.9052 15252.1058  1.40%   149 7745s
 294331 136426 15408.0705   73  137 15468.9052 15252.1650  1.40%   149 7750s
 294506 136502     cutoff  109      15468.9052 15252.2153  1.40%   149 7755s
 294672 136533 15290.9191   82  133 15468.9052 15252.2721  1.40%   149 7760s
 294979 136646 15282.2229   71  165 15468.9052 15252.3023  1.40%   149 7765s
 295183 136724     cutoff   71      15468.9052 15252.3400  1.40%   149 7770s
 295323 136764 15424.6608   66  134 15468.9052 15252.3785  1.40%   149 7775s
 295472 136819 15341.2637   79  169 15468.9052 15252.4083  1.40%   149 7780s
 295701 136910 15379.1614   66  135 15468.9052 15252.4458  1.40%   149 7785s
 295845 136972     cutoff   82      15468.9052 15252.4675  1.40%   149 7790s
 295972 137014     cutoff   56      15468.9052 15252.5070  1.40%   149 7795s
 296134 137081     cutoff   72      15468.9052 15252.5669  1.40%   149 7800s
 296293 137123 15281.6174   61  200 15468.9052 15252.6156  1.40%   149 7805s
 296465 137200 15453.9567  105  101 15468.9052 15252.6655  1.40%   149 7810s
 296592 137226 15388.9632   75  191 15468.9052 15252.7072  1.40%   149 7815s
 296733 137244 15311.4422   86  145 15468.9052 15252.7460  1.40%   149 7820s
 296958 137315 15349.7083   78  162 15468.9052 15252.7947  1.40%   149 7825s
 297144 137373 15335.9882   69  121 15468.9052 15252.8507  1.40%   149 7830s
 297310 137420     cutoff   88      15468.9052 15252.9060  1.40%   149 7835s
 297494 137477 15414.5710   65  117 15468.9052 15252.9622  1.40%   149 7840s
 297634 137512 15389.1375  100   98 15468.9052 15253.0236  1.40%   149 7845s
 297794 137538 15277.7859   77  197 15468.9052 15253.0747  1.40%   149 7850s
 297981 137598 15316.3840   93  134 15468.9052 15253.1142  1.39%   149 7855s
 298168 137677 15366.4401   71  103 15468.9052 15253.1816  1.39%   149 7860s
 298320 137726 15353.1491   71  128 15468.9052 15253.2264  1.39%   149 7865s
 298547 137859     cutoff   93      15468.9052 15253.2754  1.39%   149 7870s
 298703 137921 15353.7455   71  118 15468.9052 15253.3111  1.39%   149 7875s
 298866 138009     cutoff   76      15468.9052 15253.3439  1.39%   149 7880s
 299078 138090 15297.8602   84  168 15468.9052 15253.3840  1.39%   149 7885s
 299252 138177 15330.2937  112   92 15468.9052 15253.4110  1.39%   149 7890s
 299387 138233 15410.3223  131   52 15468.9052 15253.4534  1.39%   149 7895s
 299530 138278 15270.0625   79  166 15468.9052 15253.4946  1.39%   149 7900s
 299780 138364 15349.0508   92  131 15468.9052 15253.5494  1.39%   149 7905s
 299962 138422     cutoff   87      15468.9052 15253.5939  1.39%   149 7910s
 300183 138512     cutoff   79      15468.9052 15253.6518  1.39%   149 7915s
 300387 138587     cutoff  107      15468.9052 15253.7039  1.39%   149 7920s
 300582 138681     cutoff   88      15468.9052 15253.7360  1.39%   149 7925s
 300807 138803 15387.4445  101  162 15468.9052 15253.7734  1.39%   149 7930s
 300946 138847     cutoff   84      15468.9052 15253.8301  1.39%   149 7935s
 301144 138939 15267.8284   65  195 15468.9052 15253.8817  1.39%   149 7940s
 301297 138963 15396.3725   70  154 15468.9052 15253.9427  1.39%   149 7945s
 301538 139063 15316.9949   98  144 15468.9052 15254.0003  1.39%   149 7950s
 301652 139098     cutoff   71      15468.9052 15254.0318  1.39%   149 7955s
 301892 139179 15352.5003   73  170 15468.9052 15254.0788  1.39%   149 7960s
 302064 139243 15441.5575   89  110 15468.9052 15254.1257  1.39%   149 7965s
 302257 139309 15294.7927   63  212 15468.9052 15254.1713  1.39%   149 7970s
 302421 139350 15281.1727   90  149 15468.9052 15254.2211  1.39%   149 7975s
 302626 139429     cutoff   68      15468.9052 15254.2698  1.39%   149 7980s
 302719 139453 15354.9496   74  186 15468.9052 15254.3112  1.39%   150 7985s
 302897 139528 15345.2466   73  170 15468.9052 15254.3442  1.39%   150 7990s
 303088 139617 15408.3664   74  108 15468.9052 15254.3735  1.39%   150 7995s
 303218 139664     cutoff   86      15468.9052 15254.4166  1.39%   150 8000s
 303424 139739     cutoff   83      15468.9052 15254.4712  1.39%   150 8005s
 303545 139755     cutoff   63      15468.9052 15254.5240  1.39%   150 8010s
 303711 139836 15438.7323   73  158 15468.9052 15254.5578  1.39%   150 8015s
 303821 139844     cutoff   96      15468.9052 15254.6050  1.39%   150 8020s
 303991 139905 15288.8838   93  143 15468.9052 15254.6592  1.39%   150 8025s
 304201 139975     cutoff   78      15468.9052 15254.7220  1.38%   150 8030s
 304431 140078 15414.6090   97  122 15468.9052 15254.7557  1.38%   150 8035s
 304547 140087 15331.0942  107  117 15468.9052 15254.8166  1.38%   150 8040s
 304648 140117     cutoff   68      15468.9052 15254.8425  1.38%   150 8045s
 304903 140208     cutoff   95      15468.9052 15254.8831  1.38%   150 8050s
 305168 140355     cutoff  117      15468.9052 15254.9241  1.38%   150 8055s
 305272 140381     cutoff   71      15468.9052 15254.9587  1.38%   150 8060s
 305559 140501 15389.8875   95  121 15468.9052 15255.0044  1.38%   150 8065s
 305640 140524 15355.8665   71  195 15468.9052 15255.0379  1.38%   150 8070s
 305830 140615 15333.4658   48  239 15468.9052 15255.0659  1.38%   150 8075s
 306022 140686     cutoff  100      15468.9052 15255.1235  1.38%   150 8080s
 306213 140759     cutoff   75      15468.9052 15255.1671  1.38%   150 8085s
 306425 140880     cutoff   79      15468.9052 15255.1975  1.38%   150 8090s
 306702 141025 15361.6584   96  130 15468.9052 15255.2507  1.38%   150 8095s
 306919 141107     cutoff  106      15468.9052 15255.3103  1.38%   150 8100s
 307040 141128     cutoff   82      15468.9052 15255.3374  1.38%   150 8105s
 307158 141151     cutoff   69      15468.9052 15255.3648  1.38%   150 8110s
 307342 141213     cutoff   75      15468.9052 15255.4120  1.38%   150 8115s
 307480 141285 15349.1450   88  120 15468.9052 15255.4485  1.38%   150 8120s
 307740 141408     cutoff   95      15468.9052 15255.5032  1.38%   150 8125s
 307852 141407     cutoff   65      15468.9052 15255.5686  1.38%   150 8130s
 308009 141468     cutoff   82      15468.9052 15255.6201  1.38%   150 8135s
 308179 141551 15352.6220  103  121 15468.9052 15255.6490  1.38%   150 8140s
 308335 141590     cutoff   90      15468.9052 15255.7072  1.38%   150 8145s
 308564 141695 infeasible   63      15468.9052 15255.7466  1.38%   150 8150s
 308727 141760 15377.0887   98  158 15468.9052 15255.7717  1.38%   150 8155s
 308932 141815 15352.3626  106   81 15468.9052 15255.8114  1.38%   150 8160s
 309132 141887     cutoff   75      15468.9052 15255.8572  1.38%   150 8165s
 309429 142023 15418.8591   93  108 15468.9052 15255.9096  1.38%   150 8170s
 309581 142095 15434.2657  100   93 15468.9052 15255.9646  1.38%   150 8175s
 309752 142153 15325.9781   74  158 15468.9052 15255.9905  1.38%   150 8180s
 309938 142233 15430.6210   67   95 15468.9052 15256.0462  1.38%   150 8185s
 310045 142250     cutoff   80      15468.9052 15256.0786  1.38%   150 8190s
 310258 142308     cutoff   57      15468.9052 15256.0997  1.38%   150 8195s
 310410 142321     cutoff   81      15468.9052 15256.1346  1.38%   150 8200s
 310634 142393     cutoff   83      15468.9052 15256.1774  1.38%   150 8205s
 310757 142423 15351.9912   76   87 15468.9052 15256.2140  1.37%   150 8210s
 311002 142511 15276.0979   87  171 15468.9052 15256.2530  1.37%   150 8215s
 311246 142570 15354.2378   78  170 15468.9052 15256.2928  1.37%   150 8220s
 311516 142699 15271.4726   80  166 15468.9052 15256.3352  1.37%   150 8225s
 311730 142804 15286.7276   77  166 15468.9052 15256.3737  1.37%   150 8230s
 311908 142886 15333.6180   67  173 15468.9052 15256.4182  1.37%   150 8235s
 312067 142946 15330.6445   80  149 15468.9052 15256.4412  1.37%   150 8240s
 312300 143026 15327.3147   81  170 15468.9052 15256.4848  1.37%   150 8245s
 312546 143152     cutoff  114      15468.9052 15256.5380  1.37%   150 8250s
 312741 143229     cutoff   97      15468.9052 15256.6038  1.37%   150 8255s
 312916 143296 15459.7007   95   79 15468.9052 15256.6528  1.37%   150 8260s
 312983 143292 15380.5910   85  162 15468.9052 15256.6794  1.37%   150 8265s
 313085 143298 15377.5199   62  129 15468.9052 15256.7213  1.37%   150 8270s
 313271 143352 15442.2498   68  100 15468.9052 15256.7600  1.37%   150 8275s
 313425 143399 15400.6651  104   89 15468.9052 15256.8154  1.37%   150 8280s
 313585 143457 15369.8584   85  121 15468.9052 15256.8575  1.37%   150 8285s
 313768 143535     cutoff   58      15468.9052 15256.8787  1.37%   150 8290s
 313862 143546 15382.0019   65  197 15468.9052 15256.9175  1.37%   150 8295s
 314040 143589     cutoff   54      15468.9052 15256.9783  1.37%   150 8300s
 314259 143684 15360.4594  100  166 15468.9052 15257.0145  1.37%   150 8305s
 314513 143774     cutoff   78      15468.9052 15257.0652  1.37%   150 8310s
 314621 143824 15315.4647  104  125 15468.9052 15257.1048  1.37%   150 8315s
 314889 143949     cutoff   77      15468.9052 15257.1681  1.37%   150 8320s
 315160 144019     cutoff   88      15468.9052 15257.2126  1.37%   150 8325s
 315373 144135 15443.6086   80  133 15468.9052 15257.2406  1.37%   150 8330s
 315540 144206     cutoff   74      15468.9052 15257.2729  1.37%   150 8335s
 315703 144267     cutoff   78      15468.9052 15257.3025  1.37%   150 8340s
 315927 144388 15349.6612   75  174 15468.9052 15257.3293  1.37%   150 8345s
 316039 144417     cutoff   91      15468.9052 15257.3711  1.37%   150 8350s
 316217 144461     cutoff   58      15468.9052 15257.4440  1.37%   150 8355s
 316406 144570 15350.7428  107  109 15468.9052 15257.4984  1.37%   150 8360s
 316625 144635 15419.0914   80   99 15468.9052 15257.5500  1.37%   150 8365s
 316805 144693 15397.8185   78  145 15468.9052 15257.5956  1.37%   150 8370s
 316965 144728 15296.7462   87  149 15468.9052 15257.6196  1.37%   150 8375s
 317155 144798 15458.1066   77   76 15468.9052 15257.6746  1.37%   150 8380s
 317371 144871     cutoff   74      15468.9052 15257.7257  1.37%   150 8385s
 317525 144947 15372.7025   79  131 15468.9052 15257.7545  1.37%   150 8390s
 317721 145014     cutoff   63      15468.9052 15257.8129  1.36%   150 8395s
 317943 145123     cutoff   56      15468.9052 15257.8510  1.36%   150 8400s
 318190 145278 15425.7733   68  159 15468.9052 15257.8568  1.36%   150 8405s
 318375 145354 15327.9373   90  180 15468.9052 15257.9032  1.36%   150 8410s
 318599 145433     cutoff   68      15468.9052 15257.9492  1.36%   150 8415s
 318773 145496 15386.9742   57  138 15468.9052 15257.9936  1.36%   150 8420s
 318996 145585     cutoff   82      15468.9052 15258.0556  1.36%   150 8425s
 319013 145582     cutoff   89      15468.9052 15258.0659  1.36%   150 8430s
 319212 145661     cutoff   97      15468.9052 15258.1061  1.36%   150 8435s
 319331 145703 15445.4753   71  112 15468.9052 15258.1408  1.36%   150 8440s
 319446 145731     cutoff   82      15468.9052 15258.1749  1.36%   150 8445s
 319556 145761 15322.0825   62  174 15468.9052 15258.1998  1.36%   150 8450s
 319681 145841 15366.1938   89  112 15468.9052 15258.2034  1.36%   150 8455s
 319855 145907     cutoff   82      15468.9052 15258.2475  1.36%   150 8460s
 320053 145978 15335.7606   85  119 15468.9052 15258.3037  1.36%   150 8465s
 320269 146061     cutoff   88      15468.9052 15258.3437  1.36%   150 8470s
 320388 146100 15332.0226   46  247 15468.9052 15258.3744  1.36%   150 8475s
 320580 146139 15446.2583   93   86 15468.9052 15258.4097  1.36%   150 8480s
 320772 146217     cutoff  128      15468.9052 15258.4612  1.36%   150 8485s
 320896 146240 15323.4227   93  129 15468.9052 15258.4925  1.36%   150 8490s
 321040 146311 15347.3189   82  119 15468.9052 15258.5249  1.36%   150 8495s
 321200 146344 15346.2103   72  149 15468.9052 15258.5675  1.36%   150 8500s
 321367 146376 15351.8893   76  103 15468.9052 15258.5895  1.36%   150 8505s
 321512 146425 15398.7956   78  171 15468.9052 15258.6229  1.36%   150 8510s
 321734 146534 15316.5174  112  151 15468.9052 15258.6679  1.36%   150 8515s
 321943 146615 infeasible   67      15468.9052 15258.6980  1.36%   150 8520s
 322052 146659 15414.0684   90  171 15468.9052 15258.7293  1.36%   150 8525s
 322245 146743 15418.1171   86  143 15468.9052 15258.7756  1.36%   150 8530s
 322372 146775 15312.9577   83  130 15468.9052 15258.7989  1.36%   150 8535s
 322534 146822     cutoff   55      15468.9052 15258.8373  1.36%   150 8540s
 322647 146836 15284.7988   89  180 15468.9052 15258.8993  1.36%   151 8545s
 322836 146901     cutoff   94      15468.9052 15258.9592  1.36%   151 8550s
 322969 146923 15368.5846   98  100 15468.9052 15258.9989  1.36%   151 8555s
 323204 147030 15345.8976   92  127 15468.9052 15259.0256  1.36%   151 8560s
 323368 147089     cutoff   49      15468.9052 15259.0907  1.36%   151 8565s
 323601 147207 15384.1743   73  123 15468.9052 15259.1137  1.36%   151 8570s
 323718 147232 15380.1253   75  169 15468.9052 15259.1418  1.36%   151 8575s
 323832 147284     cutoff   69      15468.9052 15259.1708  1.36%   151 8580s
 324000 147345 15357.9429   73  204 15468.9052 15259.2057  1.36%   151 8585s
 324167 147406 15314.8599   66  185 15468.9052 15259.2573  1.36%   151 8590s
 324321 147461 15358.4259   87  127 15468.9052 15259.2996  1.36%   151 8595s
 324562 147565     cutoff   83      15468.9052 15259.3378  1.35%   151 8600s
 324630 147566 15340.6437   81  157 15468.9052 15259.3929  1.35%   151 8615s
 324770 147603     cutoff   53      15468.9052 15259.4170  1.35%   151 8620s
 324952 147667 15454.0719  110   99 15468.9052 15259.4550  1.35%   151 8625s
 325068 147682 15433.2995   61  150 15468.9052 15259.5050  1.35%   151 8630s
 325248 147772 15432.2488   87   76 15468.9052 15259.5464  1.35%   151 8635s
 325359 147781 15435.3727   84  157 15468.9052 15259.5833  1.35%   151 8640s
 325495 147836 15448.4449  101  161 15468.9052 15259.6216  1.35%   151 8645s
 325566 147851 15402.0478   85  167 15468.9052 15259.6514  1.35%   151 8650s
 325772 147935 15353.6343   82  115 15468.9052 15259.6835  1.35%   151 8655s
 325951 147968 15271.2038   44  246 15468.9052 15259.7685  1.35%   151 8660s
 326189 148076 15301.6556   62  159 15468.9052 15259.8119  1.35%   151 8665s
 326315 148075     cutoff   70      15468.9052 15259.8901  1.35%   151 8670s
 326431 148079 15358.0240   53  224 15468.9052 15259.9177  1.35%   151 8675s
 326561 148107 15370.6766   90  106 15468.9052 15259.9458  1.35%   151 8680s
 326777 148213 15366.6223   66  181 15468.9052 15259.9852  1.35%   151 8685s
 326985 148303 15465.1674   55  134 15468.9052 15260.0054  1.35%   151 8690s
 327068 148320     cutoff   72      15468.9052 15260.0483  1.35%   151 8695s
 327202 148354 15386.7621   65  151 15468.9052 15260.1133  1.35%   151 8700s
 327386 148421 15318.1544   60  147 15468.9052 15260.1741  1.35%   151 8705s
 327520 148454 15384.0480   77  154 15468.9052 15260.2064  1.35%   151 8710s
 327691 148507     cutoff   69      15468.9052 15260.2434  1.35%   151 8715s
 327981 148655 15445.0091  137  102 15468.9052 15260.2823  1.35%   151 8720s
 328154 148711     cutoff   96      15468.9052 15260.3145  1.35%   151 8725s
 328266 148747     cutoff   96      15468.9052 15260.3322  1.35%   151 8730s
 328428 148757     cutoff   68      15468.9052 15260.3648  1.35%   151 8735s
 328648 148821     cutoff   84      15468.9052 15260.4218  1.35%   151 8740s
 328781 148835     cutoff   68      15468.9052 15260.4582  1.35%   151 8745s
 328918 148878 15423.7579  141   83 15468.9052 15260.4954  1.35%   151 8750s
 329086 148931 15369.3673   79  117 15468.9052 15260.5303  1.35%   151 8755s
 329205 148932     cutoff   91      15468.9052 15260.5712  1.35%   151 8760s
 329285 148929     cutoff   77      15468.9052 15260.5945  1.35%   151 8765s
 329572 149064 15328.0297   60  199 15468.9052 15260.6333  1.35%   151 8770s
 329713 149092 15375.5053   64  138 15468.9052 15260.6802  1.35%   151 8775s
 329892 149138 15353.0379   67  165 15468.9052 15260.7250  1.35%   151 8780s
 330209 149306     cutoff   69      15468.9052 15260.7515  1.35%   151 8785s
 330516 149442     cutoff   78      15468.9052 15260.7956  1.35%   151 8790s
 330707 149517 15311.3814   92  176 15468.9052 15260.8359  1.35%   151 8795s
 330891 149594 15450.1961   75  119 15468.9052 15260.8775  1.34%   151 8800s
 331101 149660     cutoff   63      15468.9052 15260.9376  1.34%   151 8805s
 331342 149781 15348.0915  100   84 15468.9052 15260.9703  1.34%   151 8810s
 331533 149854 15357.0516   68  134 15468.9052 15260.9943  1.34%   151 8815s
 331616 149855 15346.3861   64  189 15468.9052 15261.0322  1.34%   151 8820s
 331790 149950     cutoff   90      15468.9052 15261.0571  1.34%   151 8825s
 331905 149972     cutoff   84      15468.9052 15261.1255  1.34%   151 8830s
 332066 150037     cutoff   89      15468.9052 15261.1665  1.34%   151 8835s
 332146 150034 15450.4621   53  143 15468.9052 15261.2204  1.34%   151 8840s
 332322 150100 15456.1744   93   90 15468.9052 15261.2788  1.34%   151 8845s
 332466 150143     cutoff   80      15468.9052 15261.3140  1.34%   151 8850s
 332598 150173 15437.7984   68  166 15468.9052 15261.3639  1.34%   151 8855s
 332725 150205     cutoff   71      15468.9052 15261.4097  1.34%   151 8860s
 332894 150266 15278.5507   94  145 15468.9052 15261.4634  1.34%   151 8865s
 333147 150384 15454.5117  117   96 15468.9052 15261.5173  1.34%   151 8870s
 333360 150481 15406.5108   87  113 15468.9052 15261.5770  1.34%   151 8875s
 333644 150558     cutoff   78      15468.9052 15261.6032  1.34%   151 8880s
 333826 150624 infeasible   91      15468.9052 15261.6322  1.34%   151 8885s
 334014 150687 15389.5666   80  157 15468.9052 15261.6554  1.34%   151 8890s
 334222 150786 15325.3637   75  151 15468.9052 15261.6723  1.34%   151 8895s
 334435 150899 15416.7159   83  123 15468.9052 15261.7240  1.34%   151 8900s
 334563 150930     cutoff   67      15468.9052 15261.7502  1.34%   151 8905s
 334695 150947 15289.1789   78  162 15468.9052 15261.8148  1.34%   151 8910s
 334895 151017 15362.2320   83  202 15468.9052 15261.8734  1.34%   151 8915s
 335045 151042     cutoff   72      15468.9052 15261.9247  1.34%   151 8920s
 335197 151087 15406.7871   63  188 15468.9052 15261.9608  1.34%   151 8925s
 335395 151186 15459.4212   78   86 15468.9052 15262.0010  1.34%   151 8930s
 335550 151260     cutoff   93      15468.9052 15262.0480  1.34%   151 8935s
 335688 151280 15272.7119   58  193 15468.9052 15262.0999  1.34%   151 8940s
 335889 151342 15428.6360   60  110 15468.9052 15262.1530  1.34%   151 8945s
 336048 151382 15421.4552  119   64 15468.9052 15262.1925  1.34%   151 8950s
 336234 151434 15375.3794   81  111 15468.9052 15262.2228  1.34%   151 8955s
 336378 151493     cutoff   69      15468.9052 15262.2491  1.34%   151 8960s
 336591 151567     cutoff   70      15468.9052 15262.2884  1.34%   151 8965s
 336717 151580 15289.1629   78  167 15468.9052 15262.3238  1.34%   151 8970s
 336811 151608 15366.7898  100   98 15468.9052 15262.3336  1.34%   151 8975s
 336963 151670 15345.9502  113  152 15468.9052 15262.3693  1.34%   151 8980s
 337079 151708     cutoff   77      15468.9052 15262.4091  1.33%   152 8985s
 337279 151789 15346.4525  110   91 15468.9052 15262.4449  1.33%   152 8990s
 337553 151909 15340.0873   80  149 15468.9052 15262.4692  1.33%   151 8995s
 337725 151958     cutoff   58      15468.9052 15262.5082  1.33%   151 9000s
 337868 152011     cutoff   89      15468.9052 15262.5258  1.33%   152 9005s
 338141 152129     cutoff   70      15468.9052 15262.5600  1.33%   151 9010s
 338337 152219 15327.1923   77  180 15468.9052 15262.5902  1.33%   151 9015s
 338554 152271     cutoff   72      15468.9052 15262.6295  1.33%   151 9020s
 338806 152336     cutoff   89      15468.9052 15262.6801  1.33%   151 9025s
 339049 152444 15466.1830   64  147 15468.9052 15262.7177  1.33%   151 9030s
 339209 152496 15316.4426   60  216 15468.9052 15262.7499  1.33%   151 9035s
 339407 152556     cutoff   96      15468.9052 15262.8125  1.33%   151 9040s
 339601 152646 15360.2743   91  129 15468.9052 15262.8648  1.33%   151 9045s
 339714 152691 15292.9796   85  168 15468.9052 15262.9125  1.33%   151 9050s
 339908 152765 15335.0796   81  132 15468.9052 15262.9469  1.33%   151 9055s
 340106 152800 15279.7832   76  191 15468.9052 15262.9985  1.33%   151 9060s
 340259 152853 15314.5269   85  123 15468.9052 15263.0283  1.33%   152 9065s
 340394 152885     cutoff   85      15468.9052 15263.0686  1.33%   152 9070s
 340578 152980 15386.6581  102  116 15468.9052 15263.0983  1.33%   152 9075s
 340697 153019     cutoff   73      15468.9052 15263.1392  1.33%   152 9080s
 340794 153051     cutoff   65      15468.9052 15263.1752  1.33%   152 9085s
 340999 153152 15433.0062   97  102 15468.9052 15263.2166  1.33%   152 9090s
 341199 153183 15397.7395   76  142 15468.9052 15263.2576  1.33%   152 9095s
 341302 153205     cutoff  107      15468.9052 15263.2891  1.33%   152 9100s
 341435 153242 15332.6082   64  209 15468.9052 15263.3223  1.33%   152 9105s
 341571 153277 15397.3841   85  139 15468.9052 15263.3788  1.33%   152 9110s
 341695 153294 15324.8284   56  224 15468.9052 15263.4235  1.33%   152 9115s
 341873 153335 15280.5438   93  175 15468.9052 15263.4770  1.33%   152 9120s
 342056 153399 15328.6472   75  149 15468.9052 15263.5188  1.33%   152 9125s
 342275 153510 15447.9052   72  133 15468.9052 15263.5614  1.33%   152 9130s
 342492 153578 15332.6680   53  212 15468.9052 15263.6029  1.33%   152 9135s
 342627 153625     cutoff   59      15468.9052 15263.6307  1.33%   152 9140s
 342817 153654     cutoff   77      15468.9052 15263.6960  1.33%   152 9145s
 342928 153681 15365.9824   76  139 15468.9052 15263.7409  1.33%   152 9150s
 343104 153730 15357.7564   89  125 15468.9052 15263.7705  1.33%   152 9155s
 343259 153781 15317.8526   56  199 15468.9052 15263.8170  1.33%   152 9175s
 343360 153797 15286.7600  116  132 15468.9052 15263.8682  1.33%   152 9180s
 343569 153878     cutoff   77      15468.9052 15263.9163  1.33%   152 9185s
 343793 153986 15407.2127   81  149 15468.9052 15263.9508  1.32%   152 9190s
 344009 154087     cutoff   87      15468.9052 15263.9912  1.32%   152 9195s
 344122 154104 15388.9976   91  100 15468.9052 15264.0161  1.32%   152 9200s
 344227 154117     cutoff   70      15468.9052 15264.0388  1.32%   152 9205s
 344338 154144     cutoff   96      15468.9052 15264.0699  1.32%   152 9210s
 344514 154178 15289.5757   78  184 15468.9052 15264.0995  1.32%   152 9215s
 344742 154282     cutoff   89      15468.9052 15264.1427  1.32%   152 9220s
 344965 154339 15423.9076  115  104 15468.9052 15264.1767  1.32%   152 9225s
 345071 154349 15328.2445  103  163 15468.9052 15264.2281  1.32%   152 9230s
 345297 154477 15453.3175  105   39 15468.9052 15264.2633  1.32%   152 9235s
 345472 154559     cutoff   77      15468.9052 15264.3070  1.32%   152 9240s
 345610 154614     cutoff   67      15468.9052 15264.3348  1.32%   152 9245s
 345798 154660     cutoff  100      15468.9052 15264.3495  1.32%   152 9250s
 345993 154713 15465.8784   56  198 15468.9052 15264.4062  1.32%   152 9255s
 346161 154754     cutoff   96      15468.9052 15264.4538  1.32%   152 9260s
 346268 154751     cutoff   69      15468.9052 15264.5173  1.32%   152 9265s
 346431 154807 15348.8964   71  190 15468.9052 15264.5499  1.32%   152 9270s
 346581 154879     cutoff  107      15468.9052 15264.5694  1.32%   152 9275s
 346706 154913     cutoff   91      15468.9052 15264.5883  1.32%   152 9280s
 346808 154939 15376.7834   66  185 15468.9052 15264.6303  1.32%   152 9285s
 346969 155006     cutoff   81      15468.9052 15264.6911  1.32%   152 9290s
 347167 155082 15452.1930   93   58 15468.9052 15264.7458  1.32%   152 9295s
 347344 155140     cutoff   73      15468.9052 15264.7924  1.32%   152 9300s
 347582 155241 15402.2882   85  153 15468.9052 15264.8313  1.32%   152 9305s
 347646 155241 15384.3047   61  150 15468.9052 15264.8552  1.32%   152 9310s
 347800 155245     cutoff   63      15468.9052 15264.8849  1.32%   152 9315s
 347960 155280 15381.8997   68  185 15468.9052 15264.9063  1.32%   152 9320s
 348166 155361 15424.9217   76  156 15468.9052 15264.9522  1.32%   152 9325s
 348310 155413 15269.9893   88  190 15468.9052 15264.9778  1.32%   152 9330s
 348503 155502 15301.5094   82  156 15468.9052 15265.0222  1.32%   152 9335s
 348751 155564 15394.3305   86  103 15468.9052 15265.0586  1.32%   152 9340s
 348928 155652     cutoff   64      15468.9052 15265.0808  1.32%   152 9345s
 349087 155690     cutoff  111      15468.9052 15265.1308  1.32%   152 9350s
 349312 155774 15313.0506   65  196 15468.9052 15265.1848  1.32%   152 9355s
 349430 155803     cutoff   73      15468.9052 15265.2201  1.32%   152 9360s
 349552 155826     cutoff   69      15468.9052 15265.2703  1.32%   152 9365s
 349741 155891 15274.2713   90  165 15468.9052 15265.2991  1.32%   152 9370s
 349944 155977     cutoff   74      15468.9052 15265.3247  1.32%   152 9375s
 350153 156065 15353.1778   66  182 15468.9052 15265.3623  1.32%   152 9380s
 350335 156154 15302.4460   71  129 15468.9052 15265.3892  1.32%   152 9385s
 350565 156242 15418.2403   87  148 15468.9052 15265.4252  1.32%   152 9390s
 350652 156248     cutoff   58      15468.9052 15265.4538  1.32%   152 9395s
 350814 156290     cutoff   68      15468.9052 15265.4864  1.32%   152 9400s
 350951 156333 15363.5562   85  178 15468.9052 15265.5215  1.31%   152 9405s
 351074 156351     cutoff   70      15468.9052 15265.5654  1.31%   152 9410s
 351304 156453 15383.8630   88  108 15468.9052 15265.5944  1.31%   152 9415s
 351523 156513 15462.3573   92   77 15468.9052 15265.6121  1.31%   152 9420s
 351690 156600 15454.7758   95  116 15468.9052 15265.6332  1.31%   152 9425s
 351793 156601 15402.8350   71  132 15468.9052 15265.6779  1.31%   152 9430s
 352009 156726 15344.9932   78  191 15468.9052 15265.7018  1.31%   152 9435s
 352141 156758 15267.1346   62  223 15468.9052 15265.7189  1.31%   152 9440s
 352372 156875 15352.5505  102  148 15468.9052 15265.7588  1.31%   152 9445s
 352602 156935 15413.6520   70   89 15468.9052 15265.7884  1.31%   152 9451s
 352736 156976     cutoff   81      15468.9052 15265.8177  1.31%   152 9455s
 352806 156983 15290.7898   85  160 15468.9052 15265.8475  1.31%   152 9460s
 352959 157025 15331.1014   70  216 15468.9052 15265.8876  1.31%   152 9465s
 353118 157070 15423.7120  106  138 15468.9052 15265.9076  1.31%   152 9470s
 353329 157144     cutoff   83      15468.9052 15265.9571  1.31%   152 9475s
 353414 157155 15447.2410   60  148 15468.9052 15265.9949  1.31%   152 9480s
 353605 157221     cutoff   71      15468.9052 15266.0232  1.31%   152 9485s
 353762 157269 15360.7466   89  107 15468.9052 15266.0518  1.31%   152 9490s
 353897 157292     cutoff   64      15468.9052 15266.0807  1.31%   152 9495s
 354073 157336 15381.6637   83  169 15468.9052 15266.1167  1.31%   153 9500s
 354225 157384     cutoff   72      15468.9052 15266.1739  1.31%   153 9505s
 354420 157473 15398.5996  109  104 15468.9052 15266.2138  1.31%   153 9510s
 354574 157511 15356.7028   55  243 15468.9052 15266.2499  1.31%   153 9515s
 354749 157528 15333.1175   53  182 15468.9052 15266.3024  1.31%   153 9520s
 354886 157548     cutoff   52      15468.9052 15266.3463  1.31%   153 9525s
 354993 157568 15385.5389  106  178 15468.9052 15266.4108  1.31%   153 9530s
 355122 157612 15408.6157  113   53 15468.9052 15266.4497  1.31%   153 9535s
 355318 157708 15447.4631  133   78 15468.9052 15266.4876  1.31%   153 9540s
 355483 157778 15341.0964   73  158 15468.9052 15266.5128  1.31%   153 9545s
 355620 157804     cutoff  110      15468.9052 15266.5576  1.31%   153 9550s
 355790 157869     cutoff   90      15468.9052 15266.5974  1.31%   153 9555s
 355889 157891 15330.0626   50  190 15468.9052 15266.6288  1.31%   153 9560s
 356066 157918 15386.9239  106   96 15468.9052 15266.6604  1.31%   153 9565s
 356252 157936 15338.1391   82  127 15468.9052 15266.6960  1.31%   153 9570s
 356417 157995     cutoff   80      15468.9052 15266.7390  1.31%   153 9575s
 356605 158047     cutoff   69      15468.9052 15266.7901  1.31%   153 9580s
 356735 158071     cutoff   83      15468.9052 15266.8415  1.31%   153 9585s
 356851 158100 15463.5078   89   95 15468.9052 15266.8744  1.31%   153 9590s
 356993 158138 15310.4695   52  233 15468.9052 15266.9556  1.31%   153 9595s
 357161 158210     cutoff   76      15468.9052 15266.9884  1.31%   153 9600s
 357372 158307     cutoff   85      15468.9052 15267.0252  1.31%   153 9605s
 357521 158392 15295.3983   84  148 15468.9052 15267.0522  1.30%   153 9610s
 357752 158497     cutoff   75      15468.9052 15267.0871  1.30%   153 9615s
 357889 158532 15354.7562   98  126 15468.9052 15267.1198  1.30%   153 9620s
 358005 158566     cutoff   71      15468.9052 15267.1513  1.30%   153 9625s
 358180 158643 15344.0446   79  180 15468.9052 15267.1841  1.30%   153 9630s
 358377 158731     cutoff   94      15468.9052 15267.2149  1.30%   153 9635s
 358490 158754     cutoff   75      15468.9052 15267.2627  1.30%   153 9640s
 358688 158833 15345.0109   85  127 15468.9052 15267.3092  1.30%   153 9645s
 358828 158877     cutoff   94      15468.9052 15267.3372  1.30%   153 9650s
 359075 158960 15392.6450   83  101 15468.9052 15267.3873  1.30%   153 9655s
 359191 158983 15420.8050   93   74 15468.9052 15267.4246  1.30%   153 9660s
 359330 159012 15400.4741   66  123 15468.9052 15267.4868  1.30%   153 9665s
 359459 159041 15307.4455   83  122 15468.9052 15267.5349  1.30%   153 9670s
 359628 159103 15369.5982   76  154 15468.9052 15267.5697  1.30%   153 9675s
 359803 159139     cutoff   51      15468.9052 15267.6048  1.30%   153 9680s
 359917 159161 15384.4735   64  140 15468.9052 15267.6443  1.30%   153 9685s
 360081 159229 15377.3645   96   83 15468.9052 15267.6847  1.30%   153 9690s
 360169 159227     cutoff   61      15468.9052 15267.7201  1.30%   153 9695s
 360241 159219 15392.9806   69  132 15468.9052 15267.7603  1.30%   153 9700s
 360458 159323 15287.9481   68  168 15468.9052 15267.7820  1.30%   153 9705s
 360698 159447 15301.8420   98  153 15468.9052 15267.8079  1.30%   153 9710s
 360956 159572 15462.7878   68  196 15468.9052 15267.8453  1.30%   153 9715s
 361263 159728 15413.8854  137   79 15468.9052 15267.8830  1.30%   153 9720s
 361451 159807     cutoff   66      15468.9052 15267.9106  1.30%   153 9725s
 361616 159849 15326.8857   90  141 15468.9052 15267.9386  1.30%   153 9730s
 361821 159895 15311.5308   56  214 15468.9052 15267.9777  1.30%   153 9735s
 361960 159924     cutoff   66      15468.9052 15268.0136  1.30%   153 9740s
 362122 159957 15326.0291   80  117 15468.9052 15268.0398  1.30%   153 9745s
 362328 160046 15342.9842   90  168 15468.9052 15268.0763  1.30%   153 9750s
 362683 160244 15361.2415  106  102 15468.9052 15268.1229  1.30%   153 9755s
 362790 160248 15430.6074   80   90 15468.9052 15268.1787  1.30%   153 9761s
 362918 160286 15337.5177   65  196 15468.9052 15268.2060  1.30%   153 9765s
 363070 160324     cutoff   73      15468.9052 15268.2354  1.30%   153 9770s
 363251 160378     cutoff   79      15468.9052 15268.2635  1.30%   153 9775s
 363476 160481     cutoff   65      15468.9052 15268.2949  1.30%   153 9780s
 363661 160540 15333.8435   94  122 15468.9052 15268.3280  1.30%   153 9785s
 363893 160656 15271.6990   60  228 15468.9052 15268.3566  1.30%   153 9790s
 363907 160649 15382.5018   79  150 15468.9052 15268.3808  1.30%   153 9795s
 364048 160697 15343.6560   69  193 15468.9052 15268.4243  1.30%   153 9800s
 364210 160746 15366.4040   52  196 15468.9052 15268.4740  1.30%   153 9805s
 364363 160812 15282.8641   78  170 15468.9052 15268.5056  1.30%   153 9810s
 364544 160880 15357.2312   95  167 15468.9052 15268.5283  1.30%   153 9815s
 364745 160940     cutoff   75      15468.9052 15268.5815  1.30%   153 9820s
 364958 161034 15384.0726   94  142 15468.9052 15268.6334  1.29%   153 9825s
 365071 161052     cutoff   81      15468.9052 15268.6592  1.29%   153 9830s
 365179 161056     cutoff   52      15468.9052 15268.6951  1.29%   153 9835s
 365322 161107     cutoff   61      15468.9052 15268.7351  1.29%   153 9840s
 365568 161183 15347.9398   50  228 15468.9052 15268.7619  1.29%   153 9845s
 365812 161251     cutoff   70      15468.9052 15268.8050  1.29%   153 9850s
 366056 161339     cutoff  100      15468.9052 15268.8508  1.29%   153 9855s
 366136 161346 15360.1213   68  215 15468.9052 15268.8850  1.29%   153 9860s
 366248 161361     cutoff   85      15468.9052 15268.9323  1.29%   153 9865s
 366481 161460     cutoff   61      15468.9052 15268.9621  1.29%   153 9870s
 366652 161518     cutoff  111      15468.9052 15268.9799  1.29%   153 9875s
 366882 161591 15344.9023   97  173 15468.9052 15269.0176  1.29%   153 9880s
 367026 161643     cutoff   69      15468.9052 15269.0618  1.29%   153 9885s
 367237 161701 15378.0657   50  164 15468.9052 15269.0834  1.29%   153 9890s
 367437 161770     cutoff   83      15468.9052 15269.1305  1.29%   153 9895s
 367581 161831 15337.8621   72  214 15468.9052 15269.1573  1.29%   153 9900s
 367736 161895     cutoff   66      15468.9052 15269.1969  1.29%   153 9905s
 367920 161942     cutoff   71      15468.9052 15269.2342  1.29%   153 9910s
 368115 162016     cutoff   79      15468.9052 15269.2727  1.29%   153 9915s
 368362 162082     cutoff   72      15468.9052 15269.3063  1.29%   153 9920s
 368511 162119 15447.5337   78  121 15468.9052 15269.3509  1.29%   153 9925s
 368697 162191     cutoff   87      15468.9052 15269.3827  1.29%   153 9930s
 368894 162281 15459.6023   86   83 15468.9052 15269.4234  1.29%   153 9935s
 369051 162340 15401.9486   82   97 15468.9052 15269.4619  1.29%   153 9940s
 369143 162353 15304.2924   63  205 15468.9052 15269.4874  1.29%   153 9945s
 369310 162394     cutoff   77      15468.9052 15269.5221  1.29%   153 9950s
 369548 162468 15351.4163   80  197 15468.9052 15269.5523  1.29%   153 9955s
 369818 162568 15373.2414  108   87 15468.9052 15269.5932  1.29%   153 9960s
 370013 162641 15399.1469   69  140 15468.9052 15269.6303  1.29%   153 9965s
 370103 162640 15318.2281   52  231 15468.9052 15269.6648  1.29%   153 9970s
 370247 162675     cutoff   97      15468.9052 15269.6960  1.29%   154 9975s
 370451 162730 15288.2348   74  182 15468.9052 15269.7270  1.29%   154 9980s
 370701 162837     cutoff   67      15468.9052 15269.7647  1.29%   154 9985s
 370890 162889 15423.8119   90  160 15468.9052 15269.7919  1.29%   154 9990s
 371037 162927 15361.3274   96  128 15468.9052 15269.8122  1.29%   154 9995s
 371117 162926     cutoff   90      15468.9052 15269.8344  1.29%   154 10000s
 371280 162983     cutoff  101      15468.9052 15269.8656  1.29%   154 10005s
 371427 163018     cutoff   60      15468.9052 15269.9144  1.29%   154 10010s
 371591 163069     cutoff   79      15468.9052 15269.9547  1.29%   154 10015s
 371810 163164 15426.8572   86   95 15468.9052 15270.0056  1.29%   154 10020s
 372029 163238 15297.9516   74  172 15468.9052 15270.0430  1.29%   154 10025s
 372217 163294     cutoff   74      15468.9052 15270.0772  1.29%   154 10030s
 372375 163369     cutoff   74      15468.9052 15270.1091  1.29%   154 10035s
 372558 163441 15388.2388   85  129 15468.9052 15270.1433  1.28%   154 10040s
 372731 163491     cutoff  113      15468.9052 15270.1795  1.28%   154 10045s
 372840 163492     cutoff   52      15468.9052 15270.2206  1.28%   154 10050s
 373016 163541     cutoff  115      15468.9052 15270.2566  1.28%   154 10055s
 373149 163567     cutoff  101      15468.9052 15270.2864  1.28%   154 10060s
 373382 163641     cutoff  132      15468.9052 15270.3127  1.28%   154 10065s
 373536 163692     cutoff   69      15468.9052 15270.3501  1.28%   154 10070s
 373659 163726     cutoff   59      15468.9052 15270.3786  1.28%   154 10075s
 373875 163825 15310.6495   83  163 15468.9052 15270.4098  1.28%   154 10080s
 374067 163927     cutoff   91      15468.9052 15270.4335  1.28%   154 10085s
 374153 163962 15359.0808   69   98 15468.9052 15270.4455  1.28%   154 10091s
 374319 163990 15312.6369   75  163 15468.9052 15270.4752  1.28%   154 10095s
 374506 164052     cutoff   95      15468.9052 15270.5061  1.28%   154 10100s
 374742 164111 15387.1084   89  118 15468.9052 15270.5272  1.28%   154 10105s
 374984 164199 15277.1240   62  157 15468.9052 15270.5631  1.28%   154 10110s
 375214 164287 15358.0915   81  124 15468.9052 15270.5924  1.28%   154 10115s
 375408 164360 15410.4097   89  136 15468.9052 15270.6114  1.28%   154 10120s
 375619 164432 15346.3237   86  138 15468.9052 15270.6659  1.28%   154 10125s
 375869 164535 15345.4378  103  110 15468.9052 15270.7145  1.28%   154 10130s
 376088 164616     cutoff   78      15468.9052 15270.7540  1.28%   154 10135s
 376165 164606     cutoff   86      15468.9052 15270.7854  1.28%   154 10140s
 376333 164658 15339.6672   98  134 15468.9052 15270.8245  1.28%   154 10145s
 376504 164718     cutoff   60      15468.9052 15270.8585  1.28%   154 10150s
 376711 164823 15423.5042  116   54 15468.9052 15270.8797  1.28%   154 10155s
 376874 164890 15296.7662   66  201 15468.9052 15270.9095  1.28%   154 10160s
 377038 164965     cutoff   70      15468.9052 15270.9364  1.28%   154 10165s
 377223 165039 15344.6662   85  158 15468.9052 15270.9647  1.28%   154 10170s
 377462 165159     cutoff   86      15468.9052 15270.9869  1.28%   154 10175s
 377586 165219 15383.2622   87  127 15468.9052 15271.0079  1.28%   154 10183s
 377644 165236 15439.3330   88   85 15468.9052 15271.0251  1.28%   154 10185s
 377850 165331 15444.3594   62  119 15468.9052 15271.0636  1.28%   154 10190s
 378015 165392 15276.0752   59  233 15468.9052 15271.0981  1.28%   154 10195s
 378224 165474     cutoff   56      15468.9052 15271.1462  1.28%   154 10200s
 378396 165518 15283.2701   77  157 15468.9052 15271.1725  1.28%   154 10205s
 378523 165545 infeasible   65      15468.9052 15271.2168  1.28%   154 10210s
 378600 165543 15362.8962   63  191 15468.9052 15271.2754  1.28%   154 10215s
 378706 165567     cutoff   83      15468.9052 15271.3071  1.28%   154 10220s
 378936 165660     cutoff  105      15468.9052 15271.3457  1.28%   154 10225s
 379113 165673     cutoff   58      15468.9052 15271.3823  1.28%   154 10230s
 379193 165673 15350.8189   90  143 15468.9052 15271.4117  1.28%   154 10235s
 379279 165707 15298.8579   77  154 15468.9052 15271.4286  1.28%   154 10240s
 379411 165733 15343.9785   71  155 15468.9052 15271.4620  1.28%   154 10245s
 379568 165811 15347.1528  117  148 15468.9052 15271.4826  1.28%   154 10250s
 379758 165900 15381.7101   90  168 15468.9052 15271.5056  1.28%   154 10255s
 379881 165943 15347.2281   87  149 15468.9052 15271.5532  1.28%   154 10260s
 380103 166034 15375.2330   76   84 15468.9052 15271.5895  1.28%   154 10265s
 380281 166075 15384.7267   94  165 15468.9052 15271.6119  1.28%   154 10270s
 380474 166147 15394.9753   63  176 15468.9052 15271.6623  1.28%   154 10275s
 380610 166192 15374.2339   79  142 15468.9052 15271.6826  1.27%   154 10280s
 380824 166264     cutoff   80      15468.9052 15271.7306  1.27%   154 10285s
 380967 166299 15303.1048   75  169 15468.9052 15271.7645  1.27%   154 10290s
 381173 166357     cutoff  112      15468.9052 15271.8012  1.27%   154 10295s
 381340 166405 15394.3790  126  127 15468.9052 15271.8456  1.27%   154 10300s
 381579 166502 infeasible  118      15468.9052 15271.8756  1.27%   154 10305s
 381768 166578     cutoff   70      15468.9052 15271.9180  1.27%   154 10310s
 381885 166594 15357.6461   74  120 15468.9052 15271.9567  1.27%   154 10315s
 382065 166650     cutoff   80      15468.9052 15272.0092  1.27%   154 10320s
 382302 166756     cutoff   84      15468.9052 15272.0481  1.27%   154 10325s
 382503 166790     cutoff   88      15468.9052 15272.1032  1.27%   154 10330s
 382648 166827     cutoff   79      15468.9052 15272.1341  1.27%   154 10335s
 382798 166853     cutoff   75      15468.9052 15272.1857  1.27%   154 10340s
 382920 166883 15333.5182   78  178 15468.9052 15272.2116  1.27%   154 10345s
 383134 166947     cutoff   87      15468.9052 15272.2354  1.27%   154 10350s
 383233 166939 15418.8451   77  102 15468.9052 15272.2795  1.27%   154 10355s
 383443 167018     cutoff  112      15468.9052 15272.3160  1.27%   154 10360s
 383626 167071 15419.0716   78  131 15468.9052 15272.3488  1.27%   154 10365s
 383795 167143     cutoff  101      15468.9052 15272.3771  1.27%   154 10370s
 383924 167156     cutoff   93      15468.9052 15272.4375  1.27%   154 10375s
 384131 167239     cutoff   75      15468.9052 15272.4938  1.27%   154 10380s
 384295 167297 15300.9226   89  162 15468.9052 15272.5324  1.27%   154 10404s
 384297 167299 15313.8846   91  149 15468.9052 15272.5324  1.27%   154 10405s
 384488 167381 15364.0837   72  107 15468.9052 15272.5563  1.27%   154 10410s
 384592 167378 15307.2873   63  197 15468.9052 15272.6049  1.27%   154 10415s
 384762 167396 15342.2548   62  198 15468.9052 15272.6319  1.27%   154 10420s
 384864 167407     cutoff   82      15468.9052 15272.6542  1.27%   154 10425s
 385136 167536 15365.2477   92  113 15468.9052 15272.7018  1.27%   154 10430s
 385264 167584 15356.9923   61  201 15468.9052 15272.7357  1.27%   154 10435s
 385486 167650     cutoff   59      15468.9052 15272.7931  1.27%   154 10440s
 385594 167649     cutoff  100      15468.9052 15272.8559  1.27%   154 10445s
 385770 167723 15326.6190   76  118 15468.9052 15272.8872  1.27%   154 10450s
 385961 167782 15328.9339   66  145 15468.9052 15272.9065  1.27%   154 10455s
 386105 167830     cutoff   56      15468.9052 15272.9331  1.27%   154 10460s
 386365 167979     cutoff   97      15468.9052 15272.9551  1.27%   154 10465s
 386557 168075     cutoff   72      15468.9052 15272.9798  1.27%   154 10470s
 386693 168103     cutoff   72      15468.9052 15273.0263  1.27%   154 10475s
 386906 168165     cutoff   78      15468.9052 15273.0627  1.27%   154 10480s
 387070 168215 15393.1378   94   98 15468.9052 15273.1003  1.27%   154 10485s
 387236 168302 15398.1210   87  161 15468.9052 15273.1345  1.27%   154 10490s
 387384 168325 15289.7109   63  204 15468.9052 15273.1725  1.27%   154 10495s
 387506 168329 infeasible  101      15468.9052 15273.2085  1.27%   154 10500s
 387636 168352 15323.4219   90  128 15468.9052 15273.2510  1.26%   154 10505s
 387853 168419 infeasible   92      15468.9052 15273.2855  1.26%   154 10510s
 388097 168519 15414.5179   92   96 15468.9052 15273.3221  1.26%   154 10515s
 388221 168540 15323.2104   78  120 15468.9052 15273.3754  1.26%   154 10520s
 388411 168599     cutoff   93      15468.9052 15273.3982  1.26%   154 10525s
 388626 168709 15289.1575   93  181 15468.9052 15273.4342  1.26%   154 10530s
 388767 168766     cutoff   67      15468.9052 15273.4546  1.26%   154 10535s
 388872 168771 15434.2559   54  168 15468.9052 15273.4961  1.26%   154 10540s
 388974 168796 15318.8673   99  139 15468.9052 15273.5155  1.26%   154 10545s
 389087 168807 15379.6046   82   91 15468.9052 15273.5596  1.26%   154 10550s
 389212 168845 15405.9758  113  100 15468.9052 15273.6153  1.26%   154 10555s
 389327 168869     cutoff   88      15468.9052 15273.6495  1.26%   154 10560s
 389510 168932     cutoff   87      15468.9052 15273.6702  1.26%   154 10565s
 389656 168949 15315.3610   77  159 15468.9052 15273.7212  1.26%   154 10570s
 389808 169017     cutoff   92      15468.9052 15273.7494  1.26%   154 10575s
 389897 169054 15366.4276   80  135 15468.9052 15273.7738  1.26%   154 10580s
 390065 169120 15433.2599  110   44 15468.9052 15273.8014  1.26%   154 10585s
 390231 169152     cutoff   96      15468.9052 15273.8430  1.26%   155 10590s
 390395 169217 15354.0536   66  186 15468.9052 15273.8733  1.26%   155 10595s
 390585 169272     cutoff   78      15468.9052 15273.9071  1.26%   155 10600s
 390688 169306 15451.2905   70  158 15468.9052 15273.9360  1.26%   155 10605s
 390756 169322     cutoff   75      15468.9052 15273.9589  1.26%   155 10610s
 390837 169337 15415.7147   81  109 15468.9052 15273.9830  1.26%   155 10615s
 390997 169425     cutoff   57      15468.9052 15273.9981  1.26%   155 10620s
 391131 169431     cutoff   71      15468.9052 15274.0285  1.26%   155 10625s
 391297 169511 15361.2994   88  139 15468.9052 15274.0530  1.26%   155 10630s
 391380 169518     cutoff   62      15468.9052 15274.0916  1.26%   155 10635s
 391526 169565 15288.0790   73  211 15468.9052 15274.1191  1.26%   155 10640s
 391711 169661 15440.0561   96   59 15468.9052 15274.1494  1.26%   155 10645s
 391912 169739 15433.2691   93  116 15468.9052 15274.1840  1.26%   155 10650s
 392128 169807 15363.5172   69  182 15468.9052 15274.2223  1.26%   155 10655s
 392385 169912 15418.3685   81  118 15468.9052 15274.2460  1.26%   155 10660s
 392498 169945 15456.9248   86  150 15468.9052 15274.2720  1.26%   155 10665s
 392654 169987 15295.1357   68  146 15468.9052 15274.3098  1.26%   155 10670s
 392885 170088     cutoff   83      15468.9052 15274.3427  1.26%   155 10675s
 393094 170143     cutoff   76      15468.9052 15274.3816  1.26%   155 10680s
 393177 170140     cutoff   98      15468.9052 15274.4084  1.26%   155 10685s
 393316 170180 15404.6844   81  136 15468.9052 15274.4497  1.26%   155 10690s
 393516 170243     cutoff   67      15468.9052 15274.4872  1.26%   155 10695s
 393704 170324     cutoff   68      15468.9052 15274.5184  1.26%   155 10700s
 393851 170365     cutoff   58      15468.9052 15274.5526  1.26%   155 10705s
 394025 170433 15282.4770   68  183 15468.9052 15274.5775  1.26%   155 10710s
 394156 170469     cutoff  105      15468.9052 15274.6287  1.26%   155 10715s
 394339 170512 15328.1901   58  225 15468.9052 15274.6715  1.26%   155 10720s
 394550 170591     cutoff   81      15468.9052 15274.7104  1.26%   155 10725s
 394646 170593 15289.1310   56  187 15468.9052 15274.7422  1.26%   155 10730s
 394782 170628     cutoff   81      15468.9052 15274.7715  1.25%   155 10735s
 394930 170668     cutoff   82      15468.9052 15274.8214  1.25%   155 10740s
 395083 170692 15375.3631  109  162 15468.9052 15274.8589  1.25%   155 10745s
 395242 170743     cutoff   73      15468.9052 15274.8765  1.25%   155 10750s
 395404 170803 15398.6781  106   93 15468.9052 15274.9102  1.25%   155 10755s
 395563 170851 15363.3409   93  152 15468.9052 15274.9352  1.25%   155 10760s
 395742 170906     cutoff   62      15468.9052 15274.9773  1.25%   155 10765s
 395918 170975 15372.1855   73  130 15468.9052 15275.0331  1.25%   155 10770s
 396135 171027 15404.9926   93  100 15468.9052 15275.0746  1.25%   155 10775s
 396292 171089 15328.8456   89  106 15468.9052 15275.1058  1.25%   155 10780s
 396455 171110     cutoff   89      15468.9052 15275.1542  1.25%   155 10785s
 396711 171220     cutoff   70      15468.9052 15275.1957  1.25%   155 10790s
 396907 171268     cutoff   47      15468.9052 15275.2350  1.25%   155 10795s
 397048 171283     cutoff   77      15468.9052 15275.2596  1.25%   155 10800s
 397222 171285 15313.9420   69  144 15468.9052 15275.2970  1.25%   155 10805s
 397382 171330     cutoff   87      15468.9052 15275.3316  1.25%   155 10810s
 397622 171399     cutoff   63      15468.9052 15275.3750  1.25%   155 10815s
 397757 171408     cutoff   63      15468.9052 15275.4124  1.25%   155 10820s
 397985 171498     cutoff   57      15468.9052 15275.4467  1.25%   155 10825s
 398166 171559 15368.6777  118   87 15468.9052 15275.4755  1.25%   155 10830s
 398298 171587 15319.2601   66  189 15468.9052 15275.4963  1.25%   155 10835s
 398537 171658     cutoff   66      15468.9052 15275.5537  1.25%   155 10840s
 398700 171720     cutoff   61      15468.9052 15275.5899  1.25%   155 10845s
 398796 171742 15321.8730   71  148 15468.9052 15275.6123  1.25%   155 10850s
 399028 171845 15403.9336   87  111 15468.9052 15275.6528  1.25%   155 10855s
 399270 171963     cutoff   80      15468.9052 15275.6774  1.25%   155 10860s
 399448 172013     cutoff   72      15468.9052 15275.7189  1.25%   155 10865s
 399582 172048     cutoff   68      15468.9052 15275.7481  1.25%   155 10870s
 399670 172073     cutoff   96      15468.9052 15275.7815  1.25%   155 10875s
 399873 172142     cutoff   90      15468.9052 15275.8176  1.25%   155 10880s
 400028 172207 15322.7461   84  142 15468.9052 15275.8613  1.25%   155 10885s
 400237 172248 15408.4978   93   97 15468.9052 15275.8963  1.25%   155 10890s
 400405 172317 15283.2137   72  172 15468.9052 15275.9157  1.25%   155 10895s
 400628 172382     cutoff   87      15468.9052 15275.9540  1.25%   155 10900s
 400800 172433 15360.5133   72  146 15468.9052 15275.9830  1.25%   155 10905s
 400961 172492 15352.8689   82   97 15468.9052 15276.0086  1.25%   155 10910s
 401164 172583 15369.6331   64  217 15468.9052 15276.0283  1.25%   155 10915s
 401360 172637     cutoff   79      15468.9052 15276.0563  1.25%   155 10920s
 401543 172717     cutoff   90      15468.9052 15276.0792  1.25%   155 10925s
 401764 172809 15445.3203  126   69 15468.9052 15276.1070  1.25%   155 10930s
 401990 172906 15330.5968  121  140 15468.9052 15276.1319  1.25%   155 10935s
 402144 172954     cutoff   70      15468.9052 15276.1509  1.25%   155 10940s
 402343 173014 15324.8093  102  128 15468.9052 15276.1716  1.25%   155 10945s
 402469 173016 15294.0790   73  206 15468.9052 15276.2222  1.25%   155 10950s
 402650 173058 15426.5589   86  139 15468.9052 15276.2377  1.25%   155 10955s
 402790 173119 15424.8514   87  104 15468.9052 15276.2546  1.25%   155 10960s
 402937 173164 15389.6151   83  196 15468.9052 15276.2892  1.25%   155 10965s
 403141 173241 15451.5209  111   94 15468.9052 15276.3300  1.24%   155 10970s
 403221 173229     cutoff   67      15468.9052 15276.3522  1.24%   155 10975s
 403478 173357     cutoff   74      15468.9052 15276.3921  1.24%   155 10980s
 403592 173373     cutoff   84      15468.9052 15276.4243  1.24%   155 10985s
 403753 173462 15295.2920   64  172 15468.9052 15276.4391  1.24%   155 10990s
 404009 173620 15396.8583   80  158 15468.9052 15276.4500  1.24%   155 10995s
 404188 173674 15316.5086   77  161 15468.9052 15276.4974  1.24%   155 11000s
 404422 173788 15376.2362  100  139 15468.9052 15276.5394  1.24%   155 11005s
 404606 173828     cutoff   69      15468.9052 15276.5800  1.24%   155 11010s
 404808 173907 15429.2939  107  111 15468.9052 15276.6145  1.24%   155 11015s
 405066 173986 15422.6558   88   78 15468.9052 15276.6389  1.24%   155 11020s
 405177 174000 15385.3099   54  174 15468.9052 15276.6640  1.24%   155 11025s
 405306 174042 15465.1384   43  258 15468.9052 15276.6992  1.24%   155 11030s
 405458 174079     cutoff   67      15468.9052 15276.7411  1.24%   155 11035s
 405601 174115     cutoff   74      15468.9052 15276.7781  1.24%   155 11040s
 405726 174144     cutoff   71      15468.9052 15276.8069  1.24%   155 11045s
 405780 174149     cutoff   80      15468.9052 15276.8464  1.24%   155 11050s
 405974 174219 15325.1352   57  192 15468.9052 15276.8764  1.24%   155 11055s
 406086 174226 15412.2467   83   76 15468.9052 15276.8939  1.24%   155 11060s
 406230 174287 15362.3747   58  183 15468.9052 15276.9090  1.24%   155 11065s
 406422 174365 15330.8348   70  214 15468.9052 15276.9403  1.24%   155 11098s
 406475 174396     cutoff   95      15468.9052 15276.9551  1.24%   155 11100s
 406648 174455 15436.3240   88   68 15468.9052 15276.9790  1.24%   155 11105s
 406795 174543 15387.0472  102  143 15468.9052 15276.9873  1.24%   155 11110s
 406968 174622     cutoff   56      15468.9052 15277.0203  1.24%   155 11115s
 407179 174713     cutoff   80      15468.9052 15277.0761  1.24%   155 11120s
 407296 174715 15343.5756   64  195 15468.9052 15277.1210  1.24%   155 11125s
 407432 174760 15353.9647  103  119 15468.9052 15277.1455  1.24%   155 11130s
 407616 174823 15381.6138  123  103 15468.9052 15277.1745  1.24%   155 11135s
 407726 174832 15341.0629   92  114 15468.9052 15277.2017  1.24%   155 11140s
 407930 174920     cutoff   61      15468.9052 15277.2342  1.24%   155 11145s
 408083 174962 15285.4614   82  163 15468.9052 15277.2619  1.24%   155 11150s
 408313 175054 15357.7269   72  124 15468.9052 15277.2863  1.24%   155 11155s
 408423 175064 15345.6010   69  130 15468.9052 15277.3291  1.24%   155 11160s
 408610 175127 15367.8582   84  144 15468.9052 15277.3510  1.24%   155 11165s
 408816 175209 15364.5855   70  117 15468.9052 15277.3830  1.24%   155 11170s
 408983 175239 15386.1072   83  133 15468.9052 15277.4079  1.24%   155 11175s
 409151 175260 15341.8405   79  148 15468.9052 15277.4230  1.24%   155 11180s
 409288 175298     cutoff   80      15468.9052 15277.4596  1.24%   155 11185s
 409449 175365 15368.8024   56  205 15468.9052 15277.4871  1.24%   155 11190s
 409624 175419 15426.1151   80  124 15468.9052 15277.5146  1.24%   155 11195s
 409794 175463     cutoff   62      15468.9052 15277.5472  1.24%   155 11200s
 410010 175566     cutoff   88      15468.9052 15277.5835  1.24%   155 11205s
 410197 175621     cutoff   66      15468.9052 15277.6237  1.24%   155 11210s
 410484 175741 15423.2063   72  149 15468.9052 15277.6584  1.24%   155 11215s
 410663 175770     cutoff   78      15468.9052 15277.6995  1.24%   155 11220s
 410799 175816 15300.5915   55  244 15468.9052 15277.7483  1.24%   155 11225s
 410965 175876 15363.7999   79  116 15468.9052 15277.7678  1.24%   155 11230s
 411112 175895     cutoff   71      15468.9052 15277.8085  1.24%   155 11235s
 411293 175953     cutoff   93      15468.9052 15277.8381  1.24%   155 11240s
 411418 175974 15421.1676   64  132 15468.9052 15277.8602  1.24%   155 11245s
 411540 176003     cutoff   77      15468.9052 15277.8967  1.23%   155 11250s
 411824 176083     cutoff   87      15468.9052 15277.9446  1.23%   155 11255s
 411976 176132     cutoff   68      15468.9052 15277.9809  1.23%   155 11260s
 412080 176161     cutoff   64      15468.9052 15278.0106  1.23%   155 11265s
 412153 176179 15379.1962   85  121 15468.9052 15278.0365  1.23%   155 11270s
 412280 176220 15345.1057  100  147 15468.9052 15278.0469  1.23%   155 11275s
 412411 176293 15419.3703   87  128 15468.9052 15278.0580  1.23%   155 11280s
 412421 176287 15358.5548   99  126 15468.9052 15278.0743  1.23%   155 11287s
 412470 176296 15457.4880   67  136 15468.9052 15278.0904  1.23%   155 11290s
 412548 176314     cutoff   79      15468.9052 15278.1226  1.23%   155 11295s
 412617 176327 15419.9158  116  110 15468.9052 15278.1411  1.23%   155 11300s
 412688 176340     cutoff   75      15468.9052 15278.1577  1.23%   155 11305s
 412771 176369     cutoff   65      15468.9052 15278.1715  1.23%   155 11310s
 412806 176364     cutoff   66      15468.9052 15278.1914  1.23%   155 11315s
 412934 176382 15383.0432   88  114 15468.9052 15278.2067  1.23%   155 11320s
 413046 176442     cutoff   76      15468.9052 15278.2401  1.23%   155 11325s
 413121 176456     cutoff   78      15468.9052 15278.2562  1.23%   155 11330s
 413191 176457     cutoff   61      15468.9052 15278.2677  1.23%   155 11335s
 413317 176483 15416.1057   91  113 15468.9052 15278.3109  1.23%   155 11340s
 413413 176509     cutoff   79      15468.9052 15278.3276  1.23%   155 11345s
 413508 176543 15345.5267   80  184 15468.9052 15278.3517  1.23%   155 11350s
 413601 176559 15444.0599   87  136 15468.9052 15278.3732  1.23%   155 11355s
 413700 176584     cutoff   74      15468.9052 15278.3794  1.23%   155 11360s
 413802 176652 15348.4401   89  157 15468.9052 15278.4000  1.23%   155 11365s
 413914 176700 15370.7338   67  179 15468.9052 15278.4249  1.23%   155 11370s
 413977 176689 infeasible   65      15468.9052 15278.4595  1.23%   155 11375s
 414055 176709     cutoff   69      15468.9052 15278.4702  1.23%   155 11380s
 414211 176752 15362.0838   66  172 15468.9052 15278.5001  1.23%   155 11385s
 414366 176808 15410.7483   69  153 15468.9052 15278.5209  1.23%   155 11390s
 414439 176814     cutoff   84      15468.9052 15278.5507  1.23%   155 11395s
 414540 176849     cutoff   70      15468.9052 15278.5650  1.23%   155 11400s
 414673 176887 15430.8027   55  189 15468.9052 15278.5792  1.23%   155 11405s
 414882 176998 15351.5069   56  168 15468.9052 15278.5927  1.23%   155 11410s
 414998 177030     cutoff   53      15468.9052 15278.6143  1.23%   155 11415s
 415106 177043     cutoff   71      15468.9052 15278.6439  1.23%   155 11420s
 415244 177067     cutoff   85      15468.9052 15278.6780  1.23%   155 11425s
 415434 177119 15308.4792  101  144 15468.9052 15278.7084  1.23%   155 11430s
 415654 177238 15327.6645  107  128 15468.9052 15278.7282  1.23%   155 11435s
 415875 177348 15406.1308   91  136 15468.9052 15278.7733  1.23%   155 11440s
 415999 177381     cutoff   68      15468.9052 15278.8037  1.23%   155 11445s
 416139 177422     cutoff   82      15468.9052 15278.8389  1.23%   155 11450s
 416282 177429     cutoff   73      15468.9052 15278.8774  1.23%   155 11455s
 416595 177604     cutoff   68      15468.9052 15278.9105  1.23%   155 11460s
 416730 177649 15378.8360   89  147 15468.9052 15278.9599  1.23%   155 11465s
 416927 177754     cutoff   78      15468.9052 15278.9793  1.23%   155 11470s
 417074 177796     cutoff   58      15468.9052 15279.0112  1.23%   155 11475s
 417326 177914     cutoff   83      15468.9052 15279.0396  1.23%   155 11480s
 417473 177919 15284.2331   88  161 15468.9052 15279.0855  1.23%   155 11485s
 417678 178007 infeasible   68      15468.9052 15279.1070  1.23%   155 11490s
 417863 178074 15448.6953   63  151 15468.9052 15279.1278  1.23%   155 11495s
 417990 178089     cutoff   91      15468.9052 15279.1541  1.23%   155 11500s
 418166 178172 15407.7959  109  115 15468.9052 15279.1972  1.23%   155 11505s
 418367 178243 15396.3887   71  113 15468.9052 15279.2277  1.23%   155 11510s
 418487 178238 15294.3196   52  209 15468.9052 15279.2657  1.23%   156 11515s
 418699 178328 15386.6444   78  151 15468.9052 15279.2990  1.23%   156 11520s
 418799 178358 15430.0136   87  115 15468.9052 15279.3274  1.23%   156 11525s
 419030 178388 15439.5060  129   81 15468.9052 15279.3469  1.23%   156 11530s
 419174 178385 15293.4501   71  165 15468.9052 15279.3743  1.23%   156 11535s
 419328 178428     cutoff   81      15468.9052 15279.4328  1.22%   156 11540s
 419488 178496 15390.7876   83  124 15468.9052 15279.4663  1.22%   156 11545s
 419649 178536 15406.3331   77  111 15468.9052 15279.5094  1.22%   156 11550s
 419800 178547     cutoff   64      15468.9052 15279.5507  1.22%   156 11555s
 419952 178587 15325.1404   84  150 15468.9052 15279.5816  1.22%   156 11560s
 420068 178614 15382.9988   75  174 15468.9052 15279.6249  1.22%   156 11565s
 420259 178681     cutoff   84      15468.9052 15279.6509  1.22%   156 11570s
 420464 178766 15398.3965   51  179 15468.9052 15279.6787  1.22%   156 11575s
 420591 178794     cutoff   59      15468.9052 15279.7034  1.22%   156 11580s
 420777 178876 15379.6287   79  153 15468.9052 15279.7270  1.22%   156 11585s
 420950 178905     cutoff   79      15468.9052 15279.7744  1.22%   156 11590s
 421155 178955 15444.9542   86   84 15468.9052 15279.8106  1.22%   156 11595s
 421248 178983 15388.9368   88  122 15468.9052 15279.8452  1.22%   156 11600s
 421520 179082 15454.0810   55  140 15468.9052 15279.8852  1.22%   156 11605s
 421679 179135     cutoff   57      15468.9052 15279.9050  1.22%   156 11610s
 421810 179157     cutoff   92      15468.9052 15279.9483  1.22%   156 11615s
 421961 179187 15344.0900   50  196 15468.9052 15279.9825  1.22%   156 11620s
 422135 179259     cutoff   84      15468.9052 15280.0141  1.22%   156 11625s
 422242 179292 15295.1498   69  182 15468.9052 15280.0441  1.22%   156 11630s
 422395 179340     cutoff   60      15468.9052 15280.0756  1.22%   156 11635s
 422596 179427 15413.0509   71  142 15468.9052 15280.1051  1.22%   156 11640s
 422728 179439 15379.3146   79  106 15468.9052 15280.1352  1.22%   156 11645s
 422927 179486 15401.3583   90  119 15468.9052 15280.1880  1.22%   156 11650s
 423118 179535     cutoff  107      15468.9052 15280.2510  1.22%   156 11655s
 423261 179570 15381.1622   85  132 15468.9052 15280.2945  1.22%   156 11660s
 423432 179630     cutoff   79      15468.9052 15280.3216  1.22%   156 11665s
 423587 179654     cutoff  115      15468.9052 15280.3755  1.22%   156 11670s
 423763 179682 15413.6194   79  154 15468.9052 15280.4024  1.22%   156 11675s
 423973 179792     cutoff   63      15468.9052 15280.4250  1.22%   156 11680s
 424078 179822 15326.4054   76  118 15468.9052 15280.4639  1.22%   156 11685s
 424273 179923     cutoff   69      15468.9052 15280.4815  1.22%   156 11690s
 424532 180037 15286.6653   73  191 15468.9052 15280.5254  1.22%   156 11695s
 424820 180120 15377.3968   70  142 15468.9052 15280.5561  1.22%   156 11700s
 424925 180136 15325.9576  129  114 15468.9052 15280.5852  1.22%   156 11705s
 425084 180145     cutoff   66      15468.9052 15280.6115  1.22%   156 11710s
 425178 180163     cutoff   67      15468.9052 15280.6376  1.22%   156 11715s
 425345 180243 15453.2695   57  194 15468.9052 15280.6545  1.22%   156 11720s
 425483 180273     cutoff   47      15468.9052 15280.6807  1.22%   156 11725s
 425657 180307     cutoff   89      15468.9052 15280.7175  1.22%   156 11730s
 425729 180317     cutoff   78      15468.9052 15280.7331  1.22%   156 11735s
 425903 180390 15343.0070   91  156 15468.9052 15280.7717  1.22%   156 11740s
 426008 180389 15320.9913   92  130 15468.9052 15280.8138  1.22%   156 11745s
 426162 180433 15289.2846   50  245 15468.9052 15280.8520  1.22%   156 11750s
 426368 180496 15426.6413   69  189 15468.9052 15280.8859  1.22%   156 11755s
 426529 180513 15361.6485   69  184 15468.9052 15280.9185  1.22%   156 11760s
 426697 180576 infeasible   79      15468.9052 15280.9380  1.22%   156 11765s
 426852 180632 15298.8285   95  175 15468.9052 15280.9581  1.21%   156 11770s
 427073 180722     cutoff  102      15468.9052 15280.9759  1.21%   156 11775s
 427255 180801 15334.5911   97   96 15468.9052 15280.9975  1.21%   156 11780s
 427490 180917 15375.5247   61  166 15468.9052 15281.0221  1.21%   156 11785s
 427684 180976     cutoff   71      15468.9052 15281.0628  1.21%   156 11790s
 427856 181046 15442.7747   79  140 15468.9052 15281.0846  1.21%   156 11795s
 428025 181110 15326.5705   74  133 15468.9052 15281.0994  1.21%   156 11800s
 428224 181166     cutoff   54      15468.9052 15281.1288  1.21%   156 11805s
 428327 181182 15403.3973   69  142 15468.9052 15281.1719  1.21%   156 11810s
 428449 181200 15417.8048   81  133 15468.9052 15281.2309  1.21%   156 11815s
 428579 181233 15438.4224   64  136 15468.9052 15281.2462  1.21%   156 11820s
 428678 181245 15323.7070   74  133 15468.9052 15281.2747  1.21%   156 11825s
 428867 181292     cutoff   79      15468.9052 15281.3126  1.21%   156 11830s
 429002 181323 15402.3190   84  119 15468.9052 15281.3534  1.21%   156 11835s
 429189 181348 15454.7393   83  142 15468.9052 15281.4095  1.21%   156 11840s
 429365 181385     cutoff   95      15468.9052 15281.4294  1.21%   156 11845s
 429534 181415 15314.5991  127  135 15468.9052 15281.4566  1.21%   156 11850s
 429696 181473     cutoff   71      15468.9052 15281.4756  1.21%   156 11855s
 429919 181539 15410.5453  123   56 15468.9052 15281.5103  1.21%   156 11860s
 430078 181574     cutoff   56      15468.9052 15281.5494  1.21%   156 11865s
 430273 181653 15298.1265   62  214 15468.9052 15281.6040  1.21%   156 11870s
 430389 181676     cutoff   62      15468.9052 15281.6313  1.21%   156 11875s
 430500 181699     cutoff   90      15468.9052 15281.6831  1.21%   156 11880s
 430688 181766     cutoff   96      15468.9052 15281.7059  1.21%   156 11885s
 430752 181766 15349.1156  121  101 15468.9052 15281.7351  1.21%   156 11890s
 430961 181834 15428.5720   83  117 15468.9052 15281.7745  1.21%   156 11895s
 431114 181863 15355.4277   65  170 15468.9052 15281.8104  1.21%   156 11900s
 431241 181888     cutoff   76      15468.9052 15281.8492  1.21%   156 11905s
 431364 181902 15324.8678   75  126 15468.9052 15281.8860  1.21%   156 11910s
 431546 181968 15315.3455   77  163 15468.9052 15281.9230  1.21%   156 11915s
 431694 182039 15419.7567   66  184 15468.9052 15281.9556  1.21%   156 11920s
 431865 182080     cutoff   75      15468.9052 15281.9743  1.21%   156 11925s
 432167 182200 15386.8909   91  134 15468.9052 15282.0275  1.21%   156 11930s
 432340 182251     cutoff   73      15468.9052 15282.0641  1.21%   156 11935s
 432536 182335 15352.7770   96   86 15468.9052 15282.0959  1.21%   156 11940s
 432701 182393 15418.3350   70   86 15468.9052 15282.1262  1.21%   156 11945s
 432812 182421 15323.6460   75  129 15468.9052 15282.1519  1.21%   156 11950s
 433015 182500 15430.7898   80   99 15468.9052 15282.1810  1.21%   156 11955s
 433171 182549 15405.6753  100   98 15468.9052 15282.2143  1.21%   156 11960s
 433281 182570     cutoff   80      15468.9052 15282.2524  1.21%   156 11965s
 433398 182611 15338.5281   68  208 15468.9052 15282.2724  1.21%   156 11970s
 433604 182673 15313.6407  117  146 15468.9052 15282.3125  1.21%   156 11975s
 433776 182729     cutoff   70      15468.9052 15282.3515  1.21%   156 11980s
 433971 182809 15409.4054   78  119 15468.9052 15282.3896  1.21%   156 11985s
 434114 182848     cutoff   73      15468.9052 15282.4145  1.21%   156 11990s
 434274 182881     cutoff   69      15468.9052 15282.4593  1.21%   156 11995s
 434399 182890 15339.6348   96  135 15468.9052 15282.4953  1.21%   156 12000s
 434593 182937     cutoff   78      15468.9052 15282.5265  1.20%   156 12005s
 434814 183007     cutoff   72      15468.9052 15282.5689  1.20%   156 12010s
 434914 183023 15423.3959   81   96 15468.9052 15282.5981  1.20%   156 12015s
 435059 183073 15325.8125   55  225 15468.9052 15282.6135  1.20%   156 12020s
 435268 183101 15430.3721   61  136 15468.9052 15282.6540  1.20%   156 12025s
 435352 183100 15448.1871   92  154 15468.9052 15282.6964  1.20%   156 12030s
 435564 183184     cutoff   59      15468.9052 15282.7135  1.20%   156 12035s
 435816 183262 15377.6031   97  139 15468.9052 15282.7572  1.20%   156 12040s
 435917 183263     cutoff   66      15468.9052 15282.8083  1.20%   156 12045s
 436047 183278     cutoff   99      15468.9052 15282.8475  1.20%   156 12050s
 436241 183358 15387.1969   96  126 15468.9052 15282.8728  1.20%   156 12055s
 436301 183354     cutoff   73      15468.9052 15282.8877  1.20%   156 12060s
 436517 183417 15385.1401  100   93 15468.9052 15282.9252  1.20%   156 12065s
 436693 183484 15373.5363   95  126 15468.9052 15282.9492  1.20%   156 12070s
 436854 183529 15446.5414   49  236 15468.9052 15282.9892  1.20%   156 12075s
 437020 183563 15447.2019   51  177 15468.9052 15283.0267  1.20%   156 12080s
 437191 183610 15398.1148   87  185 15468.9052 15283.0601  1.20%   157 12085s
 437352 183670 15353.9249   87  165 15468.9052 15283.0854  1.20%   157 12090s
 437511 183715 15416.6705   50  210 15468.9052 15283.1227  1.20%   157 12095s
 437719 183797     cutoff   95      15468.9052 15283.1468  1.20%   157 12100s
 437944 183842 15390.2509   60  166 15468.9052 15283.1979  1.20%   157 12105s
 438143 183907 15436.1388   98  105 15468.9052 15283.2284  1.20%   157 12110s
 438384 184002     cutoff   64      15468.9052 15283.2566  1.20%   157 12115s
 438508 184015 15327.2183   72  164 15468.9052 15283.2941  1.20%   157 12120s
 438706 184075 15358.5461   98  118 15468.9052 15283.3240  1.20%   157 12125s
 438906 184118 15305.1105   79  136 15468.9052 15283.3593  1.20%   157 12130s
 439172 184210 15445.9668  117   98 15468.9052 15283.3948  1.20%   157 12135s
 439368 184281 15422.8706   67  103 15468.9052 15283.4460  1.20%   157 12140s
 439558 184319     cutoff   81      15468.9052 15283.4707  1.20%   157 12145s
 439698 184315 15444.4662   70  154 15468.9052 15283.5145  1.20%   157 12150s
 439813 184331 15349.4143   93  126 15468.9052 15283.5457  1.20%   157 12155s
 440043 184403 15365.7982   83  127 15468.9052 15283.5973  1.20%   157 12160s
 440162 184394     cutoff   83      15468.9052 15283.6366  1.20%   157 12165s
 440324 184447 15437.0689  104  117 15468.9052 15283.6732  1.20%   157 12170s
 440534 184520 15356.1890   98  194 15468.9052 15283.6977  1.20%   157 12175s
 440712 184567 15436.9487   85  162 15468.9052 15283.7323  1.20%   157 12180s
 440890 184638 15370.8902   92  128 15468.9052 15283.7419  1.20%   157 12185s
 441124 184715     cutoff   87      15468.9052 15283.7812  1.20%   157 12190s
 441278 184746 15376.1945   77  191 15468.9052 15283.8318  1.20%   157 12195s
 441383 184771 15440.6682   92   85 15468.9052 15283.8587  1.20%   157 12200s
 441564 184786     cutoff   81      15468.9052 15283.9106  1.20%   157 12205s
 441803 184835 15313.0336   73  165 15468.9052 15283.9265  1.20%   157 12210s
 441925 184869 15332.1442   60  226 15468.9052 15283.9639  1.20%   157 12215s
 442038 184885 15432.8468   86   92 15468.9052 15284.0016  1.20%   157 12220s
 442194 184910 15403.7613   79  146 15468.9052 15284.0334  1.20%   157 12225s
 442325 184926 15414.0040  110   95 15468.9052 15284.0832  1.19%   157 12230s
 442521 184979 15391.3532   91  115 15468.9052 15284.1286  1.19%   157 12235s
 442707 185046 15399.0517   78  148 15468.9052 15284.1548  1.19%   157 12240s
 442877 185066     cutoff   82      15468.9052 15284.1984  1.19%   157 12245s
 443069 185138     cutoff   83      15468.9052 15284.2225  1.19%   157 12250s
 443222 185175 15312.0616   88  143 15468.9052 15284.2462  1.19%   157 12255s
 443426 185260 15411.0981   77  125 15468.9052 15284.2767  1.19%   157 12260s
 443635 185323 15468.1165   59  132 15468.9052 15284.3080  1.19%   157 12265s
 443768 185352 15296.2021   69  171 15468.9052 15284.3368  1.19%   157 12270s
 443935 185394     cutoff   92      15468.9052 15284.3730  1.19%   157 12275s
 444105 185440     cutoff   81      15468.9052 15284.4162  1.19%   157 12280s
 444264 185476 15365.3707   91  156 15468.9052 15284.4570  1.19%   157 12285s
 444458 185522 15337.0105  107  121 15468.9052 15284.4807  1.19%   157 12290s
 444672 185568     cutoff   84      15468.9052 15284.5276  1.19%   157 12295s
 444817 185608     cutoff   87      15468.9052 15284.5587  1.19%   157 12300s
 444983 185683 15351.7722   66  149 15468.9052 15284.5949  1.19%   157 12305s
 445093 185701 15381.8589  104  113 15468.9052 15284.6207  1.19%   157 12310s
 445320 185760     cutoff   85      15468.9052 15284.6591  1.19%   157 12315s
 445430 185785 15393.1705  125  134 15468.9052 15284.6745  1.19%   157 12449s
 445433 185784 15397.6673  126  132 15468.9052 15284.6745  1.19%   157 12450s
 445570 185817     cutoff   88      15468.9052 15284.7080  1.19%   157 12455s
 445696 185861     cutoff   63      15468.9052 15284.7337  1.19%   157 12460s
 445845 185884 15376.9509   77  166 15468.9052 15284.7627  1.19%   157 12465s
 445938 185877 15430.9472   77   95 15468.9052 15284.7978  1.19%   157 12470s
 446104 185932 15354.8105   46  204 15468.9052 15284.8408  1.19%   157 12475s
 446266 185980 15429.9532  127   77 15468.9052 15284.8623  1.19%   157 12480s
 446441 186031 15405.2992   70  172 15468.9052 15284.8926  1.19%   157 12485s
 446570 186050     cutoff  114      15468.9052 15284.9398  1.19%   157 12490s
 446806 186136 15338.3876   58  204 15468.9052 15284.9845  1.19%   157 12495s
 446935 186151 15405.1457   70  162 15468.9052 15285.0247  1.19%   157 12500s
 447133 186201 15403.3305   58  193 15468.9052 15285.0588  1.19%   157 12505s
 447225 186217 15297.3448   87  159 15468.9052 15285.0861  1.19%   157 12510s
 447536 186374     cutoff   76      15468.9052 15285.1223  1.19%   157 12515s
 447734 186406 15447.4023  117   85 15468.9052 15285.1696  1.19%   157 12520s
 447898 186437     cutoff   66      15468.9052 15285.2137  1.19%   157 12525s
 448137 186555 15436.4062  110  100 15468.9052 15285.2387  1.19%   157 12530s
 448347 186622     cutoff   81      15468.9052 15285.2745  1.19%   157 12535s
 448582 186694     cutoff   56      15468.9052 15285.3136  1.19%   157 12540s
 448736 186730 15431.7888   97   81 15468.9052 15285.3367  1.19%   157 12545s
 448906 186779     cutoff   59      15468.9052 15285.3651  1.19%   157 12550s
 449014 186801     cutoff   80      15468.9052 15285.3942  1.19%   157 12555s
 449102 186809     cutoff   73      15468.9052 15285.4213  1.19%   157 12560s
 449287 186843     cutoff   78      15468.9052 15285.4522  1.19%   157 12565s
 449355 186838     cutoff   61      15468.9052 15285.4757  1.19%   157 12570s
 449545 186883     cutoff  103      15468.9052 15285.5135  1.19%   157 12575s
 449683 186917 15442.4764   78  133 15468.9052 15285.5387  1.19%   157 12580s
 449902 187003 15454.2578  113  136 15468.9052 15285.5833  1.19%   157 12585s
 450121 187072     cutoff   72      15468.9052 15285.6173  1.18%   157 12590s
 450344 187118 15356.3938   74  145 15468.9052 15285.6618  1.18%   157 12595s
 450575 187207 15321.6645  100  125 15468.9052 15285.6926  1.18%   157 12600s
 450739 187252 15344.9127  111  138 15468.9052 15285.7064  1.18%   157 12605s
 450932 187312 15345.2229   77  152 15468.9052 15285.7446  1.18%   157 12610s
 451129 187328 15393.5241   98  109 15468.9052 15285.7697  1.18%   157 12615s
 451289 187362 15384.4980   65  190 15468.9052 15285.8053  1.18%   157 12620s
 451444 187387 15450.7065   84  155 15468.9052 15285.8367  1.18%   157 12625s
 451605 187408 15376.5739   95   91 15468.9052 15285.8722  1.18%   157 12630s
 451811 187475 infeasible   92      15468.9052 15285.8980  1.18%   157 12635s
 452047 187581     cutoff   89      15468.9052 15285.9147  1.18%   157 12640s
 452239 187631 15352.7904   70  156 15468.9052 15285.9422  1.18%   157 12645s
 452382 187685 15431.2940   80  109 15468.9052 15285.9601  1.18%   157 12650s
 452550 187758     cutoff   49      15468.9052 15285.9825  1.18%   157 12655s
 452670 187784 15456.6849   85  138 15468.9052 15286.0084  1.18%   157 12660s
 452910 187888 15447.1827  101   63 15468.9052 15286.0435  1.18%   157 12665s
 453099 187963 15410.3630  112  111 15468.9052 15286.0951  1.18%   157 12670s
 453181 187990 15327.2490   86  124 15468.9052 15286.1022  1.18%   157 12676s
 453293 188011 15383.1038   66  145 15468.9052 15286.1196  1.18%   157 12680s
 453414 188011     cutoff  113      15468.9052 15286.1381  1.18%   157 12685s
 453561 188041 15386.3919   80  123 15468.9052 15286.1646  1.18%   157 12690s
 453689 188060     cutoff   84      15468.9052 15286.2121  1.18%   157 12695s
 453846 188103 15424.3394   70  167 15468.9052 15286.2494  1.18%   157 12700s
 454081 188186     cutoff   57      15468.9052 15286.2725  1.18%   157 12705s
 454168 188203 15306.9459   95  123 15468.9052 15286.3061  1.18%   157 12710s
 454368 188273     cutoff   85      15468.9052 15286.3440  1.18%   157 12715s
 454579 188343 15356.0922   47  185 15468.9052 15286.3678  1.18%   157 12720s
 454759 188404 15356.6432   51  223 15468.9052 15286.3946  1.18%   157 12725s
 454899 188421 15300.5824   76  167 15468.9052 15286.4336  1.18%   157 12730s
 455125 188508 15356.9586   91  168 15468.9052 15286.4610  1.18%   157 12735s
 455224 188510 15300.6168   92  122 15468.9052 15286.4874  1.18%   157 12740s
 455398 188581 15373.8451  114   96 15468.9052 15286.5153  1.18%   157 12745s
 455560 188617 15342.8734   88  151 15468.9052 15286.5504  1.18%   157 12750s
 455693 188646 15437.8400   80  143 15468.9052 15286.5750  1.18%   157 12755s
 455866 188657     cutoff   60      15468.9052 15286.6286  1.18%   157 12760s
 456080 188722     cutoff   69      15468.9052 15286.6770  1.18%   157 12765s
 456228 188775 15369.1982   83  141 15468.9052 15286.7152  1.18%   157 12770s
 456398 188796 15409.9325   59  194 15468.9052 15286.7547  1.18%   157 12775s
 456546 188830     cutoff   74      15468.9052 15286.7917  1.18%   157 12780s
 456682 188831 15363.5324   64  143 15468.9052 15286.8275  1.18%   157 12785s
 456859 188885     cutoff   64      15468.9052 15286.8370  1.18%   157 12790s
 457017 188945     cutoff   74      15468.9052 15286.8532  1.18%   157 12795s
 457175 188989     cutoff   69      15468.9052 15286.8689  1.18%   157 12800s
 457318 189009     cutoff   62      15468.9052 15286.9190  1.18%   157 12805s
 457426 188995 15426.5258   81  133 15468.9052 15286.9546  1.18%   158 12810s
 457579 189025 15301.5507   64  198 15468.9052 15286.9735  1.18%   158 12815s
 457818 189124     cutoff   66      15468.9052 15287.0051  1.18%   158 12820s
 458025 189194 15416.5497   79  196 15468.9052 15287.0409  1.18%   158 12825s
 458226 189287 15371.5284   82  110 15468.9052 15287.0664  1.18%   158 12830s
 458252 189282 15357.9941   67  127 15468.9052 15287.0858  1.18%   158 12836s
 458359 189306     cutoff   69      15468.9052 15287.1159  1.18%   158 12840s
 458439 189343 15338.0484   88  174 15468.9052 15287.1283  1.18%   158 12845s
 458698 189459 15367.7264   93  132 15468.9052 15287.1811  1.17%   158 12850s
 458850 189510     cutoff   73      15468.9052 15287.2060  1.17%   158 12855s
 459011 189537     cutoff   80      15468.9052 15287.2238  1.17%   158 12860s
 459220 189604 15303.2284   91  131 15468.9052 15287.2522  1.17%   158 12865s
 459313 189608 15456.9401   41  211 15468.9052 15287.2725  1.17%   158 12870s
 459465 189640 15357.0297   74  119 15468.9052 15287.2891  1.17%   158 12875s
 459664 189648 15306.2459   76  174 15468.9052 15287.3108  1.17%   158 12880s
 459836 189707     cutoff   92      15468.9052 15287.3320  1.17%   158 12885s
 460055 189771 15429.5554  107  102 15468.9052 15287.3633  1.17%   158 12890s
 460247 189823 15353.0039   91  130 15468.9052 15287.4073  1.17%   158 12895s
 460419 189882 15386.6184   84  147 15468.9052 15287.4407  1.17%   158 12900s
 460558 189917 15317.0436   90  148 15468.9052 15287.4702  1.17%   158 12905s
 460687 189967     cutoff  101      15468.9052 15287.4971  1.17%   158 12910s
 460763 189944 15440.7292   91   95 15468.9052 15287.5438  1.17%   158 12915s
 460870 189953 15379.4070   78  142 15468.9052 15287.5786  1.17%   158 12920s
 461025 189997 15341.8646   97   98 15468.9052 15287.6063  1.17%   158 12925s
 461261 190091 15369.5448  116   68 15468.9052 15287.6434  1.17%   158 12930s
 461408 190119 15458.9132   62   78 15468.9052 15287.6692  1.17%   158 12935s
 461615 190162     cutoff   95      15468.9052 15287.6960  1.17%   158 12940s
 461752 190198 15380.1128   82  126 15468.9052 15287.7173  1.17%   158 12945s
 461922 190228 15304.5923   65  188 15468.9052 15287.7356  1.17%   158 12950s
 462152 190319     cutoff   83      15468.9052 15287.7741  1.17%   158 12955s
 462306 190370 15311.4953   63  211 15468.9052 15287.7890  1.17%   158 12960s
 462495 190431 infeasible   59      15468.9052 15287.8120  1.17%   158 12965s
 462611 190430 15390.8140  118   76 15468.9052 15287.8563  1.17%   158 12970s
 462804 190491 15344.5012   88  144 15468.9052 15287.8894  1.17%   158 12975s
 462970 190548     cutoff   86      15468.9052 15287.9022  1.17%   158 12980s
 463232 190686 15361.8314   67  151 15468.9052 15287.9212  1.17%   158 12985s
 463326 190695 15299.4519   73  160 15468.9052 15287.9395  1.17%   158 12997s
 463419 190720     cutoff   75      15468.9052 15287.9650  1.17%   158 13000s
 463629 190763 15370.1272   80  149 15468.9052 15288.0097  1.17%   158 13005s
 463788 190821 15387.5247   82  141 15468.9052 15288.0411  1.17%   158 13010s
 463957 190878     cutoff  101      15468.9052 15288.0666  1.17%   158 13015s
 464110 190945 15375.9477   99  113 15468.9052 15288.0913  1.17%   158 13020s
 464359 191062 15354.2861   81  148 15468.9052 15288.1134  1.17%   158 13025s
 464429 191052 15466.7682   76  107 15468.9052 15288.1277  1.17%   158 13030s
 464605 191116 15387.3594   93  112 15468.9052 15288.1498  1.17%   158 13035s
 464723 191144 15339.1001   67  205 15468.9052 15288.1831  1.17%   158 13040s
 464852 191172     cutoff   97      15468.9052 15288.2074  1.17%   158 13045s
 465040 191243 15311.8346   75  173 15468.9052 15288.2306  1.17%   158 13050s
 465203 191275     cutoff   74      15468.9052 15288.2595  1.17%   158 13055s
 465336 191301 15325.9339  101   87 15468.9052 15288.2868  1.17%   158 13060s
 465453 191328 15445.8484   71   60 15468.9052 15288.3164  1.17%   158 13065s
 465703 191402 15350.6357   62  213 15468.9052 15288.3422  1.17%   158 13070s
 465821 191414 15313.1326   53  222 15468.9052 15288.3867  1.17%   158 13075s
 466008 191491 15432.0686   72  146 15468.9052 15288.4165  1.17%   158 13080s
 466280 191587     cutoff   95      15468.9052 15288.4436  1.17%   158 13085s
 466407 191622     cutoff   79      15468.9052 15288.4745  1.17%   158 13090s
 466556 191636 15356.6516   73  177 15468.9052 15288.5135  1.17%   158 13095s
 466694 191644 15394.2673   65  149 15468.9052 15288.5570  1.17%   158 13100s
 466922 191727     cutoff   66      15468.9052 15288.5863  1.17%   158 13105s
 467022 191740 15332.6047   57  218 15468.9052 15288.6102  1.17%   158 13110s
 467199 191772 15351.6701   99  128 15468.9052 15288.6347  1.17%   158 13115s
 467383 191826     cutoff   68      15468.9052 15288.6627  1.17%   158 13120s
 467548 191846     cutoff   89      15468.9052 15288.7019  1.16%   158 13125s
 467676 191888 15443.7516   70  144 15468.9052 15288.7310  1.16%   158 13130s
 467927 192000     cutoff  107      15468.9052 15288.7574  1.16%   158 13135s
 468087 192003     cutoff  107      15468.9052 15288.8146  1.16%   158 13140s
 468224 192021 15443.5992  110  109 15468.9052 15288.8415  1.16%   158 13145s
 468353 192027 15304.6099   71  168 15468.9052 15288.8670  1.16%   158 13150s
 468397 192038 15329.2942   81  166 15468.9052 15288.8787  1.16%   158 13167s
 468502 192071 15322.4431   87  154 15468.9052 15288.8880  1.16%   158 13170s
 468692 192112 infeasible   63      15468.9052 15288.9135  1.16%   158 13175s
 468831 192128     cutoff   62      15468.9052 15288.9425  1.16%   158 13180s
 469022 192190     cutoff   82      15468.9052 15288.9656  1.16%   158 13185s
 469194 192253     cutoff  106      15468.9052 15288.9881  1.16%   158 13190s
 469311 192285 15407.1959   78  124 15468.9052 15289.0097  1.16%   158 13195s
 469391 192289     cutoff   78      15468.9052 15289.0506  1.16%   158 13200s
 469587 192371 15415.5294  128   65 15468.9052 15289.0724  1.16%   158 13205s
 469805 192418 infeasible  106      15468.9052 15289.1191  1.16%   158 13210s
 469976 192449     cutoff   70      15468.9052 15289.1458  1.16%   158 13215s
 470229 192540 15384.8447  104   99 15468.9052 15289.1713  1.16%   158 13220s
 470381 192589 15374.6682   93  111 15468.9052 15289.1834  1.16%   158 13225s
 470582 192654     cutoff   96      15468.9052 15289.2200  1.16%   158 13230s
 470755 192696     cutoff   63      15468.9052 15289.2479  1.16%   158 13235s
 470889 192724 15344.4766   84  165 15468.9052 15289.2701  1.16%   158 13240s
 470997 192748 15433.2140  103   87 15468.9052 15289.2992  1.16%   158 13245s
 471136 192795 15369.3023   63  179 15468.9052 15289.3222  1.16%   158 13250s
 471245 192794     cutoff   85      15468.9052 15289.3508  1.16%   158 13255s
 471413 192822 15375.7726   49  188 15468.9052 15289.3938  1.16%   158 13260s
 471536 192843 15442.0178   70  189 15468.9052 15289.4183  1.16%   158 13265s
 471695 192886 15398.3930   56  184 15468.9052 15289.4517  1.16%   158 13270s
 471795 192878 15412.7089   78  139 15468.9052 15289.4924  1.16%   158 13275s
 471943 192898 15375.2033   75  132 15468.9052 15289.5247  1.16%   158 13280s
 472095 192956 15352.0078   83  106 15468.9052 15289.5559  1.16%   158 13285s
 472286 193033     cutoff   77      15468.9052 15289.5846  1.16%   158 13290s
 472394 193051     cutoff   97      15468.9052 15289.5983  1.16%   158 13295s
 472568 193088 15356.9957   52  224 15468.9052 15289.6284  1.16%   158 13300s
 472726 193142 15428.6322   83  145 15468.9052 15289.6701  1.16%   158 13305s
 472898 193198 15364.6996   81  134 15468.9052 15289.6930  1.16%   158 13310s
 473072 193270     cutoff   87      15468.9052 15289.7190  1.16%   158 13315s
 473308 193372 15400.2714   79  127 15468.9052 15289.7445  1.16%   158 13320s
 473491 193442     cutoff   75      15468.9052 15289.7672  1.16%   158 13325s
 473619 193465 15409.8351   76  138 15468.9052 15289.8020  1.16%   158 13330s
 473728 193468     cutoff   76      15468.9052 15289.8230  1.16%   158 13335s
 473888 193483     cutoff   61      15468.9052 15289.8583  1.16%   158 13340s
 474025 193505     cutoff   96      15468.9052 15289.8945  1.16%   158 13345s
 474106 193502     cutoff   98      15468.9052 15289.9117  1.16%   158 13350s
 474328 193552 15372.4927  104   99 15468.9052 15289.9492  1.16%   158 13355s
 474446 193580 15339.3128   70  127 15468.9052 15289.9721  1.16%   158 13360s
 474605 193622 15436.4869   55  109 15468.9052 15290.0066  1.16%   158 13365s
 474744 193663 15407.8124   97   98 15468.9052 15290.0373  1.16%   158 13370s
 474946 193741     cutoff  108      15468.9052 15290.0653  1.16%   158 13375s
 475126 193784 15356.1378   78  151 15468.9052 15290.0937  1.16%   158 13380s
 475295 193829     cutoff   89      15468.9052 15290.1155  1.16%   158 13385s
 475474 193870     cutoff  104      15468.9052 15290.1386  1.16%   158 13390s
 475670 193930 15356.4223   93  136 15468.9052 15290.1792  1.16%   158 13395s
 475792 193967 15372.3889   82  179 15468.9052 15290.2136  1.16%   158 13400s
 475974 194009 15395.5829  117  109 15468.9052 15290.2463  1.15%   158 13405s
 476152 194062     cutoff   98      15468.9052 15290.2705  1.15%   158 13410s
 476288 194103     cutoff   81      15468.9052 15290.3043  1.15%   158 13415s
 476557 194166     cutoff   88      15468.9052 15290.3336  1.15%   158 13420s
 476655 194190 15334.7145   79  186 15468.9052 15290.3547  1.15%   158 13425s
 476829 194191     cutoff   66      15468.9052 15290.3784  1.15%   158 13430s
 476983 194243     cutoff   96      15468.9052 15290.4150  1.15%   158 13435s
 477121 194244     cutoff   94      15468.9052 15290.4582  1.15%   158 13440s
 477264 194281 15467.4811   71  115 15468.9052 15290.4861  1.15%   158 13445s
 477455 194340     cutoff   73      15468.9052 15290.5052  1.15%   158 13450s
 477533 194329     cutoff   83      15468.9052 15290.5247  1.15%   158 13455s
 477713 194394 infeasible  107      15468.9052 15290.5489  1.15%   158 13460s
 477916 194460 15368.4485  105  124 15468.9052 15290.5696  1.15%   158 13465s
 478052 194475     cutoff   66      15468.9052 15290.6070  1.15%   158 13470s
 478189 194485 15420.1005   98  164 15468.9052 15290.6405  1.15%   158 13475s
 478384 194557     cutoff   54      15468.9052 15290.6609  1.15%   158 13480s
 478533 194608 15436.2736  101   71 15468.9052 15290.6836  1.15%   158 13485s
 478692 194640     cutoff   86      15468.9052 15290.7134  1.15%   158 13490s
 478890 194657 15457.4780   94   92 15468.9052 15290.7505  1.15%   158 13495s
 479134 194761     cutoff   90      15468.9052 15290.7757  1.15%   158 13500s
 479306 194840     cutoff   68      15468.9052 15290.8125  1.15%   158 13505s
 479507 194893 15370.1834   99   94 15468.9052 15290.8339  1.15%   158 13510s
 479743 194955 15390.9093  103  123 15468.9052 15290.8570  1.15%   158 13515s
 479872 194975     cutoff  110      15468.9052 15290.8887  1.15%   158 13520s
 480112 195046 15458.0776  104  106 15468.9052 15290.9266  1.15%   158 13525s
 480326 195117     cutoff   89      15468.9052 15290.9618  1.15%   158 13530s
 480469 195154     cutoff   88      15468.9052 15290.9901  1.15%   158 13535s
 480676 195223     cutoff   80      15468.9052 15291.0057  1.15%   158 13540s
 480798 195220     cutoff   84      15468.9052 15291.0333  1.15%   158 13545s
 480956 195243 15448.9191   84  103 15468.9052 15291.0660  1.15%   158 13550s
 481155 195291 15386.3101   81   89 15468.9052 15291.0892  1.15%   158 13555s
 481343 195328 15467.4494   92  123 15468.9052 15291.1173  1.15%   158 13560s
 481484 195351     cutoff  104      15468.9052 15291.1380  1.15%   158 13565s
 481575 195323     cutoff  118      15468.9052 15291.1844  1.15%   158 13570s
 481779 195404 15422.0005  117   82 15468.9052 15291.2137  1.15%   158 13575s
 481932 195443     cutoff   98      15468.9052 15291.2325  1.15%   158 13580s
 482022 195429 15361.9269  104  141 15468.9052 15291.2690  1.15%   158 13585s
 482163 195463 15373.6078   72   94 15468.9052 15291.2858  1.15%   158 13590s
 482359 195515 15323.9505  100  133 15468.9052 15291.3223  1.15%   158 13595s
 482568 195575 15347.5557   84  113 15468.9052 15291.3608  1.15%   158 13600s
 482744 195621     cutoff   80      15468.9052 15291.4016  1.15%   158 13605s
 482876 195643 15454.2120   57  150 15468.9052 15291.4307  1.15%   158 13610s
 483056 195694     cutoff   79      15468.9052 15291.4608  1.15%   158 13615s
 483224 195741 15304.8671   81  201 15468.9052 15291.4830  1.15%   158 13620s
 483421 195788 15321.6547   89  167 15468.9052 15291.5172  1.15%   158 13625s
 483587 195830 15410.9154   51  212 15468.9052 15291.5506  1.15%   158 13630s
 483756 195871 15377.5629  106  151 15468.9052 15291.5725  1.15%   159 13635s
 483934 195930     cutoff   62      15468.9052 15291.6007  1.15%   159 13640s
 484052 195951     cutoff   88      15468.9052 15291.6240  1.15%   159 13645s
 484232 196004 15336.9861   98  133 15468.9052 15291.6603  1.15%   159 13650s
 484415 196054     cutoff   84      15468.9052 15291.6779  1.15%   159 13655s
 484604 196091 15330.8779   88  123 15468.9052 15291.7123  1.15%   159 13660s
 484768 196142 15360.4835   85  119 15468.9052 15291.7385  1.15%   159 13665s
 484942 196157     cutoff   83      15468.9052 15291.7678  1.15%   159 13670s
 485130 196187     cutoff  114      15468.9052 15291.7946  1.14%   159 13675s
 485313 196259 15430.2497   89   66 15468.9052 15291.8258  1.14%   159 13680s
 485430 196285 15416.3123  100  112 15468.9052 15291.8406  1.14%   159 13685s
 485562 196317     cutoff   89      15468.9052 15291.8804  1.14%   159 13690s
 485667 196315 15379.9424   84  139 15468.9052 15291.9183  1.14%   159 13695s
 485842 196383 15393.8191   90  130 15468.9052 15291.9370  1.14%   159 13700s
 485971 196426     cutoff   69      15468.9052 15291.9520  1.14%   159 13705s
 486176 196475 15349.3687   92  151 15468.9052 15291.9867  1.14%   159 13710s
 486299 196491     cutoff  110      15468.9052 15292.0280  1.14%   159 13715s
 486461 196542 15409.1928   81  114 15468.9052 15292.0582  1.14%   159 13720s
 486663 196587     cutoff   99      15468.9052 15292.0858  1.14%   159 13725s
 486816 196601     cutoff   52      15468.9052 15292.1222  1.14%   159 13730s
 486972 196653 15317.3215   67  179 15468.9052 15292.1393  1.14%   159 13735s
 487155 196705     cutoff   81      15468.9052 15292.1578  1.14%   159 13740s
 487328 196775 15431.8198  108   58 15468.9052 15292.1903  1.14%   159 13745s
 487465 196802 15423.5405   87   75 15468.9052 15292.2343  1.14%   159 13750s
 487634 196812     cutoff   62      15468.9052 15292.2604  1.14%   159 13755s
 487795 196840 15434.8745  105   88 15468.9052 15292.2980  1.14%   159 13760s
 487931 196854     cutoff   81      15468.9052 15292.3339  1.14%   159 13765s
 488096 196887     cutoff   74      15468.9052 15292.3540  1.14%   159 13770s
 488238 196945     cutoff   67      15468.9052 15292.3700  1.14%   159 13775s
 488378 196944 infeasible   78      15468.9052 15292.4150  1.14%   159 13780s
 488477 196931     cutoff   62      15468.9052 15292.4534  1.14%   159 13785s
 488638 196988     cutoff   64      15468.9052 15292.4775  1.14%   159 13790s
 488789 197029 15336.1586   90  137 15468.9052 15292.5055  1.14%   159 13795s
 489035 197115 15330.7020  108  150 15468.9052 15292.5363  1.14%   159 13800s
 489268 197179 15452.2132  114   96 15468.9052 15292.5724  1.14%   159 13805s
 489412 197180 15426.4128   92  104 15468.9052 15292.6032  1.14%   159 13810s
 489590 197261     cutoff   64      15468.9052 15292.6346  1.14%   159 13815s
 489737 197300 15343.7064   84  164 15468.9052 15292.6802  1.14%   159 13820s
 489852 197322 15424.9028   74   77 15468.9052 15292.6979  1.14%   159 13825s
 489980 197319     cutoff   86      15468.9052 15292.7421  1.14%   159 13830s
 490238 197392 15397.9686  138  115 15468.9052 15292.7736  1.14%   159 13835s
 490449 197452 15354.9012  100  140 15468.9052 15292.8019  1.14%   159 13840s
 490578 197477     cutoff   98      15468.9052 15292.8326  1.14%   159 13845s
 490751 197545 infeasible   86      15468.9052 15292.8607  1.14%   159 13850s
 490846 197533     cutoff   71      15468.9052 15292.8943  1.14%   159 13855s
 490980 197557 15384.8569   76  159 15468.9052 15292.9265  1.14%   159 13860s
 491126 197576     cutoff   64      15468.9052 15292.9580  1.14%   159 13865s
 491283 197612 15459.6241   79  105 15468.9052 15292.9930  1.14%   159 13870s
 491380 197591     cutoff   73      15468.9052 15293.0373  1.14%   159 13875s
 491521 197630 15365.5346   71  218 15468.9052 15293.0627  1.14%   159 13880s
 491592 197648 15415.4731   88  140 15468.9052 15293.0805  1.14%   159 13885s
 491772 197694 15392.4765   72  150 15468.9052 15293.1140  1.14%   159 13890s
 491870 197695     cutoff   83      15468.9052 15293.1429  1.14%   159 13895s
 492107 197752 15414.2130   87  183 15468.9052 15293.1645  1.14%   159 13900s
 492326 197778 infeasible   85      15468.9052 15293.2177  1.14%   159 13905s
 492476 197798 15325.6693   62  200 15468.9052 15293.2547  1.14%   159 13910s
 492643 197854 15459.9259  106  114 15468.9052 15293.2711  1.14%   159 13915s
 492824 197873     cutoff   85      15468.9052 15293.3087  1.14%   159 13920s
 492984 197914 15415.3898   92   84 15468.9052 15293.3398  1.13%   159 13925s
 493213 198017 15320.8267   61  218 15468.9052 15293.3568  1.13%   159 13930s
 493333 198041     cutoff   70      15468.9052 15293.3774  1.13%   159 13935s
 493442 198047     cutoff   73      15468.9052 15293.4018  1.13%   159 13940s
 493641 198119 15411.4895  103   55 15468.9052 15293.4487  1.13%   159 13945s
 493884 198220 15406.5861   72  165 15468.9052 15293.4744  1.13%   159 13950s
 493986 198256 15303.4841   65  182 15468.9052 15293.4957  1.13%   159 13955s
 494196 198316     cutoff   65      15468.9052 15293.5229  1.13%   159 13960s
 494277 198293 15429.7602   53  200 15468.9052 15293.5603  1.13%   159 13965s
 494417 198318     cutoff   62      15468.9052 15293.5908  1.13%   159 13970s
 494496 198308     cutoff   67      15468.9052 15293.6185  1.13%   159 13975s
 494632 198329 15345.0124   59  218 15468.9052 15293.6446  1.13%   159 13980s
 494759 198329 15369.1698   74  188 15468.9052 15293.6779  1.13%   159 13985s
 494936 198386     cutoff   78      15468.9052 15293.7063  1.13%   159 13990s
 495137 198475 15340.1919   97  160 15468.9052 15293.7455  1.13%   159 13995s
 495308 198524     cutoff   76      15468.9052 15293.7721  1.13%   159 14000s
 495405 198504     cutoff   84      15468.9052 15293.8174  1.13%   159 14005s
 495517 198537     cutoff   78      15468.9052 15293.8472  1.13%   159 14010s
 495705 198598 15358.9664   81  137 15468.9052 15293.8640  1.13%   159 14015s
 495960 198697 15400.9993   74  145 15468.9052 15293.8968  1.13%   159 14020s
 496158 198697 15355.4722   55  199 15468.9052 15293.9222  1.13%   159 14025s
 496353 198722 15420.3537   58  172 15468.9052 15293.9593  1.13%   159 14030s
 496489 198728     cutoff   49      15468.9052 15293.9818  1.13%   159 14035s
 496627 198766 15411.9675   72  142 15468.9052 15294.0165  1.13%   159 14040s
 496650 198783 15377.9590   86  153 15468.9052 15294.0202  1.13%   159 14051s
 496851 198874 15431.4574   64  170 15468.9052 15294.0284  1.13%   159 14055s
 497022 198931     cutoff   56      15468.9052 15294.0651  1.13%   159 14060s
 497132 198940 15340.6789   76  151 15468.9052 15294.0828  1.13%   159 14065s
 497364 199044     cutoff   97      15468.9052 15294.1156  1.13%   159 14070s
 497506 199083     cutoff   91      15468.9052 15294.1438  1.13%   159 14075s
 497681 199137     cutoff   70      15468.9052 15294.1668  1.13%   159 14080s
 497807 199149 15356.9674   55  188 15468.9052 15294.1902  1.13%   159 14085s
 497908 199154 15365.1736   83  106 15468.9052 15294.2132  1.13%   159 14090s
 498098 199196 15320.6606  100  135 15468.9052 15294.2477  1.13%   159 14095s
 498387 199309 15315.1265   91  119 15468.9052 15294.2667  1.13%   159 14100s
 498544 199351     cutoff   91      15468.9052 15294.3024  1.13%   159 14105s
 498753 199384     cutoff  106      15468.9052 15294.3399  1.13%   159 14110s
 498902 199414     cutoff   64      15468.9052 15294.3701  1.13%   159 14115s
 499079 199455 15334.8462   89  119 15468.9052 15294.3955  1.13%   159 14120s
 499306 199500 15380.5335   66  125 15468.9052 15294.4280  1.13%   159 14125s
 499338 199503 15352.4892  100   97 15468.9052 15294.4373  1.13%   159 14131s
 499458 199539     cutoff   89      15468.9052 15294.4582  1.13%   159 14135s
 499677 199604     cutoff   91      15468.9052 15294.4742  1.13%   159 14140s
 499867 199630     cutoff   76      15468.9052 15294.5282  1.13%   159 14145s
 500016 199664 15359.7290   77  123 15468.9052 15294.5555  1.13%   159 14150s
 500272 199716     cutoff   58      15468.9052 15294.5875  1.13%   159 14155s
 500501 199814 15401.5666   73  135 15468.9052 15294.6104  1.13%   159 14160s
 500693 199874     cutoff   91      15468.9052 15294.6460  1.13%   159 14165s
 500914 199901 15363.9512   80  135 15468.9052 15294.6648  1.13%   159 14170s
 501114 199965 15461.3094   78  128 15468.9052 15294.6903  1.13%   159 14175s
 501354 200073     cutoff   74      15468.9052 15294.7022  1.13%   159 14180s
 501513 200148     cutoff  102      15468.9052 15294.7228  1.13%   159 14185s
 501650 200180 15345.4164   78  127 15468.9052 15294.7501  1.13%   159 14190s
 501778 200226 15386.9420   96   76 15468.9052 15294.7776  1.13%   159 14195s
 501905 200239 15396.0914   85  140 15468.9052 15294.8029  1.13%   159 14200s
 502002 200252 15401.9938   82  128 15468.9052 15294.8205  1.13%   159 14205s
 502167 200292     cutoff   75      15468.9052 15294.8442  1.13%   159 14210s
 502326 200334     cutoff   76      15468.9052 15294.8697  1.13%   159 14215s
 502491 200355 15336.4962   70  169 15468.9052 15294.8937  1.12%   159 14220s
 502670 200453 15369.7066   97  134 15468.9052 15294.9105  1.12%   159 14225s
 502852 200491 15310.8145   78  187 15468.9052 15294.9583  1.12%   159 14230s
 503073 200582 15369.2657   92  167 15468.9052 15294.9796  1.12%   159 14235s
 503244 200607     cutoff   96      15468.9052 15295.0191  1.12%   159 14240s
 503440 200692 15349.7196   56  185 15468.9052 15295.0434  1.12%   159 14245s
 503586 200695     cutoff   77      15468.9052 15295.0707  1.12%   159 14250s
 503788 200778     cutoff  100      15468.9052 15295.0944  1.12%   159 14255s
 504006 200871 15384.0935   93  152 15468.9052 15295.1126  1.12%   159 14260s
 504163 200889     cutoff   68      15468.9052 15295.1438  1.12%   159 14265s
 504323 200921     cutoff   89      15468.9052 15295.1630  1.12%   159 14270s
 504497 200966 15345.1226   83  154 15468.9052 15295.2030  1.12%   159 14275s
 504727 201016     cutoff   60      15468.9052 15295.2334  1.12%   159 14280s
 504879 201065 15440.6288   63  174 15468.9052 15295.2633  1.12%   159 14285s
 505007 201076     cutoff   95      15468.9052 15295.2941  1.12%   159 14290s
 505172 201095 infeasible   86      15468.9052 15295.3220  1.12%   159 14295s
 505251 201083 15361.0610   60  188 15468.9052 15295.3463  1.12%   159 14300s
 505429 201142 15403.8962   55  196 15468.9052 15295.3709  1.12%   159 14305s
 505577 201160 15390.1176  102  104 15468.9052 15295.4201  1.12%   159 14310s
 505727 201206 15378.0665   83  112 15468.9052 15295.4357  1.12%   159 14315s
 505923 201260     cutoff   75      15468.9052 15295.4586  1.12%   159 14320s
 506164 201313     cutoff  105      15468.9052 15295.4951  1.12%   159 14325s
 506312 201356     cutoff   77      15468.9052 15295.5297  1.12%   159 14330s
 506447 201393     cutoff   49      15468.9052 15295.5670  1.12%   159 14335s
 506512 201404     cutoff   79      15468.9052 15295.5776  1.12%   159 14340s
 506674 201431     cutoff   61      15468.9052 15295.6050  1.12%   159 14345s
 506836 201479     cutoff   72      15468.9052 15295.6308  1.12%   159 14350s
 506947 201495     cutoff   73      15468.9052 15295.6489  1.12%   159 14355s
 507048 201507     cutoff   63      15468.9052 15295.6830  1.12%   159 14360s
 507208 201554 15340.6182   91  184 15468.9052 15295.7046  1.12%   159 14365s
 507432 201659 15318.3755   84  160 15468.9052 15295.7302  1.12%   159 14370s
 507672 201775 infeasible   73      15468.9052 15295.7546  1.12%   159 14375s
 507903 201823 15407.2181  105   59 15468.9052 15295.7822  1.12%   159 14380s
 508061 201856 15464.7204   90   71 15468.9052 15295.8116  1.12%   159 14385s
 508201 201877 15441.8142  100  110 15468.9052 15295.8318  1.12%   159 14390s
 508406 201935     cutoff   85      15468.9052 15295.8544  1.12%   159 14395s

Cutting planes:
  Gomory: 33
  Implied bound: 31
  MIR: 725
  Mixing: 1
  Flow cover: 918
  RLT: 6
  Relax-and-lift: 1092

Explored 508526 nodes (81041345 simplex iterations) in 14400.01 seconds (13148.73 work units)
Thread count was 1 (of 52 available processors)

Solution count 10: 15468.9 15469 15469.5 ... 15550.7

Time limit reached
Best objective 1.546890517662e+04, best bound 1.529587981226e+04, gap 1.1185%

User-callback calls 2427765, time in user-callback 6.86 sec
Instance: data/CCLSData/20-1000-1.ccls
Setting: BASE-MIX
Epsilon: 0.2
Dimension: 20
NumScenario: 1000
NumAggScenario: 1000
BasicNumScenario: 562
NumBasicDomIneqs: 0
NumNonReDomIneqs: 0
NumEdge:        124325
NumBiEdge:      0
NumDomIneqs:    124325
DominanceRatio: 0.2489
MixingCuts: off
MixingScope: root
DominanceLazy: 0
TerminationStatus: TIME_LIMIT
PrimalStatus: FEASIBLE_POINT
RawStatus: Optimization terminated because the time expended exceeded the value specified in the TimeLimit parameter.
SolvingTime: 14400.011322975159
NodeCount: 508526
MixingCutsSubmitted: 0
ObjectiveValue: 15468.905176624841
ObjectiveBound: 15295.87981225819
RelativeGap: 0.011185365893128026
