***************************************
*         SCIP-based CCP Solver       *
*                                     *
*    Wei Lv and Wei-Kun Chen (2024)   *
***************************************
/share/home/wangzhaowei/lvwei/scipoptsuite-9.1.0/build/bin/examples/ccp -f CCMPPData/100-3000-4.ccmpp -s CCMPPSetting/BnC-MIX2.set 
SCIP version 9.1.0 [precision: 8 byte] [memory: block] [mode: optimized] [LP solver: Soplex 7.1.0] [GitHash: 8cab0278ba]
Copyright (c) 2002-2024 Zuse Institute Berlin (ZIB)

External libraries: 
  Soplex 7.1.0         Linear Programming Solver developed at Zuse Institute Berlin (soplex.zib.de) [GitHash: 595bfac9]
  CppAD 20180000.0     Algorithmic Differentiation of C++ algorithms developed by B. Bell (github.com/coin-or/CppAD)
  ZLIB 1.2.7           General purpose compression library by J. Gailly and M. Adler (zlib.net)
  GMP 6.0.0            GNU Multiple Precision Arithmetic Library developed by T. Granlund (gmplib.org)
  AMPL/MP 690e9e7      AMPL .nl file reader library (github.com/ampl/mp)
  PaPILO 2.3.0         parallel presolve for integer and linear optimization (github.com/scipopt/papilo) (built with TBB) [GitHash: 4b8ce6ed]
  Nauty 2.8.8          Computing Graph Automorphism Groups by Brendan D. McKay (users.cecs.anu.edu.au/~bdm/nauty)
  sassy 1.1            Symmetry preprocessor by Markus Anders (github.com/markusa4/sassy)

reading user parameter file <CCMPPSetting/BnC-MIX2.set>

read problem <CCMPPData/100-3000-4.ccmpp>
============

File name: 	CCMPPData/100-3000-4.ccmpp
Problem name:	100-3000-4
Dimension: 	100
NumScenario: 	3000
ConfidenceParameter: 	0.20
IsEqualProbability: 	1
BnC+MIX+DI: 	0
BnC+MIX+sDI: 	0
DB: 	0
DB+OPF: 	0
Dominance and Aggregation Statistics......
NumEdge:        0
NumBiEdge: 	0
NumDomIneqs: 	0
DominanceRatio: 0.0000
NumAggScenario: 3000 
BasicNumScenario: 3000 
original problem has 3500 variables (3000 bin, 0 int, 0 impl, 500 cont) and 60402 constraints

solve problem
=============

presolving:
(round 1, fast)       4 del vars, 469 del conss, 0 add conss, 100 chg bounds, 0 chg sides, 0 chg coeffs, 0 upgd conss, 0 impls, 0 clqs
   (0.2s) running MILP presolver
   (0.3s) MILP presolver (3 rounds): 102 aggregations, 2 fixings, 47 bound changes
(round 2, medium)     108 del vars, 469 del conss, 0 add conss, 147 chg bounds, 0 chg sides, 0 chg coeffs, 0 upgd conss, 0 impls, 0 clqs
(round 3, fast)       108 del vars, 571 del conss, 0 add conss, 147 chg bounds, 0 chg sides, 0 chg coeffs, 0 upgd conss, 0 impls, 0 clqs
(round 4, exhaustive) 108 del vars, 571 del conss, 0 add conss, 147 chg bounds, 0 chg sides, 0 chg coeffs, 59536 upgd conss, 0 impls, 0 clqs
   (2.1s) probing: 1000/3000 (33.3%) - 0 fixings, 0 aggregations, 4584 implications, 0 bound changes
   (2.1s) probing: 1001/3000 (33.4%) - 0 fixings, 0 aggregations, 4592 implications, 0 bound changes
   (2.1s) probing aborted: 1000/1000 successive useless probings
   (2.2s) symmetry computation started: requiring (bin +, int +, cont +), (fixed: bin -, int -, cont -)
   Symmetry detection interrupted: constraints of type chancecons do not provide symmetry information.
   If symmetries shall be detected, implement the CONSGETPERMSYMGRAPH callback.
   (2.2s) could not compute symmetry
presolving (5 rounds: 5 fast, 3 medium, 2 exhaustive):
 108 deleted vars, 571 deleted constraints, 0 added constraints, 147 tightened bounds, 0 added holes, 0 changed sides, 0 changed coefficients
 64127 implications, 0 cliques
presolved problem has 3392 variables (3000 bin, 0 int, 0 impl, 392 cont) and 59831 constraints
      1 constraints of type <chancecons>
  59535 constraints of type <varbound>
      1 constraints of type <knapsack>
    294 constraints of type <linear>
Presolving Time: 2.09

 time | node  | left  |LP iter|LP it/n|mem/heur|mdpt |vars |cons |rows |cuts |sepa|confs|strbr|  dualbound   | primalbound  |  gap   | compl. 
p 2.5s|     1 |     0 |   214 |     - |   locks|   0 |3392 |  59k|  59k|   0 |  0 |   0 |   0 | 0.000000e+00 | 6.996958e+05 |    Inf | unknown
 18.6s|     1 |     0 | 13315 |     - |   217M |   0 |3392 |  59k|  59k|   0 |  0 |   0 |   0 | 6.751545e+05 | 6.996958e+05 |   3.63%| unknown
 19.7s|     1 |     0 | 13686 |     - |   225M |   0 |3392 |  59k|  59k|  79 |  1 |   0 |   0 | 6.756297e+05 | 6.996958e+05 |   3.56%| unknown
 20.7s|     1 |     0 | 14069 |     - |   232M |   0 |3392 |  59k|  59k| 166 |  2 |   0 |   0 | 6.759927e+05 | 6.996958e+05 |   3.51%| unknown
 21.8s|     1 |     0 | 14513 |     - |   238M |   0 |3392 |  59k|  60k| 258 |  3 |   0 |   0 | 6.763155e+05 | 6.996958e+05 |   3.46%| unknown
 23.0s|     1 |     0 | 14993 |     - |   245M |   0 |3392 |  59k|  60k| 342 |  4 |   0 |   0 | 6.765684e+05 | 6.996958e+05 |   3.42%| unknown
 24.2s|     1 |     0 | 15518 |     - |   252M |   0 |3392 |  59k|  60k| 425 |  5 |   0 |   0 | 6.768021e+05 | 6.996958e+05 |   3.38%| unknown
 25.6s|     1 |     0 | 16056 |     - |   259M |   0 |3392 |  59k|  60k| 519 |  6 |   0 |   0 | 6.769884e+05 | 6.996958e+05 |   3.35%| unknown
 27.4s|     1 |     0 | 16564 |     - |   266M |   0 |3392 |  59k|  60k| 602 |  7 |   0 |   0 | 6.771294e+05 | 6.996958e+05 |   3.33%| unknown
 29.4s|     1 |     0 | 17146 |     - |   272M |   0 |3392 |  59k|  60k| 683 |  8 |   0 |   0 | 6.772416e+05 | 6.996958e+05 |   3.32%| unknown
 31.5s|     1 |     0 | 17720 |     - |   279M |   0 |3392 |  59k|  60k| 756 |  9 |   0 |   0 | 6.773551e+05 | 6.996958e+05 |   3.30%| unknown
 33.6s|     1 |     0 | 18309 |     - |   287M |   0 |3392 |  59k|  60k| 831 | 10 |   0 |   0 | 6.774760e+05 | 6.996958e+05 |   3.28%| unknown
 34.8s|     1 |     0 | 18890 |     - |   293M |   0 |3392 |  59k|  60k| 925 | 11 |   0 |   0 | 6.775653e+05 | 6.996958e+05 |   3.27%| unknown
 36.0s|     1 |     0 | 19497 |     - |   300M |   0 |3392 |  59k|  60k| 999 | 12 |   0 |   0 | 6.776735e+05 | 6.996958e+05 |   3.25%| unknown
 37.1s|     1 |     0 | 19995 |     - |   307M |   0 |3392 |  59k|  60k|1073 | 13 |   0 |   0 | 6.777538e+05 | 6.996958e+05 |   3.24%| unknown
 time | node  | left  |LP iter|LP it/n|mem/heur|mdpt |vars |cons |rows |cuts |sepa|confs|strbr|  dualbound   | primalbound  |  gap   | compl. 
 38.6s|     1 |     0 | 20868 |     - |   313M |   0 |3392 |  59k|  60k|1162 | 14 |   0 |   0 | 6.778385e+05 | 6.996958e+05 |   3.22%| unknown
 39.9s|     1 |     0 | 21491 |     - |   319M |   0 |3392 |  59k|  61k|1266 | 15 |   0 |   0 | 6.779570e+05 | 6.996958e+05 |   3.21%| unknown
 41.1s|     1 |     0 | 22122 |     - |   326M |   0 |3392 |  59k|  61k|1368 | 16 |   0 |   0 | 6.780331e+05 | 6.996958e+05 |   3.19%| unknown
 42.3s|     1 |     0 | 22680 |     - |   334M |   0 |3392 |  59k|  61k|1445 | 17 |   0 |   0 | 6.781077e+05 | 6.996958e+05 |   3.18%| unknown
 43.4s|     1 |     0 | 23182 |     - |   340M |   0 |3392 |  59k|  61k|1530 | 18 |   0 |   0 | 6.782047e+05 | 6.996958e+05 |   3.17%| unknown
 44.6s|     1 |     0 | 23820 |     - |   347M |   0 |3392 |  59k|  61k|1608 | 19 |   0 |   0 | 6.782732e+05 | 6.996958e+05 |   3.16%| unknown
 46.2s|     1 |     0 | 24653 |     - |   353M |   0 |3392 |  59k|  61k|1682 | 20 |   0 |   0 | 6.783786e+05 | 6.996958e+05 |   3.14%| unknown
 47.6s|     1 |     0 | 25366 |     - |   353M |   0 |3392 |  59k|  61k|1776 | 21 |   0 |   0 | 6.784939e+05 | 6.996958e+05 |   3.12%| unknown
 48.8s|     1 |     0 | 26022 |     - |   354M |   0 |3392 |  59k|  61k|1881 | 22 |   0 |   0 | 6.785434e+05 | 6.996958e+05 |   3.12%| unknown
 50.5s|     1 |     0 | 26998 |     - |   356M |   0 |3392 |  59k|  61k|1981 | 23 |   0 |   0 | 6.786256e+05 | 6.996958e+05 |   3.10%| unknown
 52.0s|     1 |     0 | 27839 |     - |   356M |   0 |3392 |  59k|  61k|2051 | 24 |   0 |   0 | 6.787223e+05 | 6.996958e+05 |   3.09%| unknown
 53.8s|     1 |     0 | 28839 |     - |   358M |   0 |3392 |  59k|  61k|2124 | 25 |   0 |   0 | 6.788029e+05 | 6.996958e+05 |   3.08%| unknown
 55.3s|     1 |     0 | 29668 |     - |   358M |   0 |3392 |  59k|  61k|2233 | 26 |   0 |   0 | 6.788659e+05 | 6.996958e+05 |   3.07%| unknown
 57.0s|     1 |     0 | 30669 |     - |   358M |   0 |3392 |  59k|  61k|2332 | 27 |   0 |   0 | 6.789823e+05 | 6.996958e+05 |   3.05%| unknown
 58.6s|     1 |     0 | 31518 |     - |   358M |   0 |3392 |  59k|  61k|2447 | 28 |   0 |   0 | 6.790522e+05 | 6.996958e+05 |   3.04%| unknown
 time | node  | left  |LP iter|LP it/n|mem/heur|mdpt |vars |cons |rows |cuts |sepa|confs|strbr|  dualbound   | primalbound  |  gap   | compl. 
 60.2s|     1 |     0 | 32367 |     - |   359M |   0 |3392 |  59k|  61k|2514 | 29 |   0 |   0 | 6.791449e+05 | 6.996958e+05 |   3.03%| unknown
 61.8s|     1 |     0 | 33253 |     - |   361M |   0 |3392 |  59k|  62k|2595 | 30 |   0 |   0 | 6.792138e+05 | 6.996958e+05 |   3.02%| unknown
 63.6s|     1 |     0 | 34324 |     - |   362M |   0 |3392 |  59k|  62k|2737 | 31 |   0 |   0 | 6.793294e+05 | 6.996958e+05 |   3.00%| unknown
 65.7s|     1 |     0 | 35532 |     - |   362M |   0 |3392 |  59k|  62k|2820 | 32 |   0 |   0 | 6.794206e+05 | 6.996958e+05 |   2.98%| unknown
 67.5s|     1 |     0 | 36545 |     - |   362M |   0 |3392 |  59k|  62k|2909 | 33 |   0 |   0 | 6.794920e+05 | 6.996958e+05 |   2.97%| unknown
 69.6s|     1 |     0 | 37787 |     - |   362M |   0 |3392 |  59k|  62k|3009 | 34 |   0 |   0 | 6.795809e+05 | 6.996958e+05 |   2.96%| unknown
 71.7s|     1 |     0 | 38978 |     - |   362M |   0 |3392 |  59k|  62k|3141 | 35 |   0 |   0 | 6.796602e+05 | 6.996958e+05 |   2.95%| unknown
 74.2s|     1 |     0 | 40553 |     - |   363M |   0 |3392 |  59k|  62k|3289 | 36 |   0 |   0 | 6.797187e+05 | 6.996958e+05 |   2.94%| unknown
 76.8s|     1 |     0 | 42146 |     - |   364M |   0 |3392 |  59k|  62k|3392 | 37 |   0 |   0 | 6.797858e+05 | 6.996958e+05 |   2.93%| unknown
 79.2s|     1 |     0 | 43526 |     - |   364M |   0 |3392 |  59k|  62k|3482 | 38 |   0 |   0 | 6.798719e+05 | 6.996958e+05 |   2.92%| unknown
 81.4s|     1 |     0 | 44823 |     - |   364M |   0 |3392 |  59k|  62k|3613 | 39 |   0 |   0 | 6.799439e+05 | 6.996958e+05 |   2.90%| unknown
 84.3s|     1 |     0 | 46616 |     - |   364M |   0 |3392 |  59k|  62k|3727 | 40 |   0 |   0 | 6.799812e+05 | 6.996958e+05 |   2.90%| unknown
 87.0s|     1 |     0 | 48317 |     - |   364M |   0 |3392 |  59k|  62k|3862 | 41 |   0 |   0 | 6.800337e+05 | 6.996958e+05 |   2.89%| unknown
 90.2s|     1 |     0 | 50266 |     - |   365M |   0 |3392 |  59k|  62k|3994 | 42 |   0 |   0 | 6.800979e+05 | 6.996958e+05 |   2.88%| unknown
 93.3s|     1 |     0 | 52207 |     - |   366M |   0 |3392 |  59k|  63k|4125 | 43 |   0 |   0 | 6.801429e+05 | 6.996958e+05 |   2.87%| unknown
 time | node  | left  |LP iter|LP it/n|mem/heur|mdpt |vars |cons |rows |cuts |sepa|confs|strbr|  dualbound   | primalbound  |  gap   | compl. 
 95.7s|     1 |     0 | 53583 |     - |   366M |   0 |3392 |  59k|  62k|4266 | 44 |   0 |   0 | 6.801833e+05 | 6.996958e+05 |   2.87%| unknown
 99.4s|     1 |     0 | 55978 |     - |   367M |   0 |3392 |  59k|  62k|4356 | 45 |   0 |   0 | 6.802605e+05 | 6.996958e+05 |   2.86%| unknown
  102s|     1 |     0 | 57651 |     - |   368M |   0 |3392 |  59k|  63k|4485 | 46 |   0 |   0 | 6.803241e+05 | 6.996958e+05 |   2.85%| unknown
  105s|     1 |     0 | 59689 |     - |   368M |   0 |3392 |  59k|  63k|4659 | 47 |   0 |   0 | 6.803831e+05 | 6.996958e+05 |   2.84%| unknown
  109s|     1 |     0 | 61677 |     - |   369M |   0 |3392 |  59k|  63k|4791 | 48 |   0 |   0 | 6.804584e+05 | 6.996958e+05 |   2.83%| unknown
  113s|     1 |     0 | 64308 |     - |   369M |   0 |3392 |  59k|  63k|4903 | 49 |   0 |   0 | 6.805141e+05 | 6.996958e+05 |   2.82%| unknown
  117s|     1 |     0 | 66851 |     - |   370M |   0 |3392 |  59k|  63k|4992 | 50 |   0 |   0 | 6.805590e+05 | 6.996958e+05 |   2.81%| unknown
  122s|     1 |     0 | 69846 |     - |   370M |   0 |3392 |  59k|  63k|5104 | 51 |   0 |   0 | 6.805982e+05 | 6.996958e+05 |   2.81%| unknown
  125s|     1 |     0 | 71998 |     - |   371M |   0 |3392 |  59k|  63k|5201 | 52 |   0 |   0 | 6.806717e+05 | 6.996958e+05 |   2.79%| unknown
  130s|     1 |     0 | 74922 |     - |   371M |   0 |3392 |  59k|  63k|5290 | 53 |   0 |   0 | 6.807255e+05 | 6.996958e+05 |   2.79%| unknown
  134s|     1 |     0 | 77483 |     - |   371M |   0 |3392 |  59k|  63k|5452 | 54 |   0 |   0 | 6.807646e+05 | 6.996958e+05 |   2.78%| unknown
  137s|     1 |     0 | 79469 |     - |   371M |   0 |3392 |  59k|  63k|5566 | 55 |   0 |   0 | 6.807967e+05 | 6.996958e+05 |   2.78%| unknown
  143s|     1 |     0 | 82713 |     - |   373M |   0 |3392 |  59k|  63k|5672 | 56 |   0 |   0 | 6.808685e+05 | 6.996958e+05 |   2.77%| unknown
  149s|     1 |     0 | 86542 |     - |   373M |   0 |3392 |  59k|  63k|5841 | 57 |   0 |   0 | 6.809322e+05 | 6.996958e+05 |   2.76%| unknown
  153s|     1 |     0 | 89210 |     - |   373M |   0 |3392 |  59k|  63k|6017 | 58 |   0 |   0 | 6.809803e+05 | 6.996958e+05 |   2.75%| unknown
 time | node  | left  |LP iter|LP it/n|mem/heur|mdpt |vars |cons |rows |cuts |sepa|confs|strbr|  dualbound   | primalbound  |  gap   | compl. 
  159s|     1 |     0 | 92867 |     - |   373M |   0 |3392 |  59k|  63k|6220 | 59 |   0 |   0 | 6.810195e+05 | 6.996958e+05 |   2.74%| unknown
  164s|     1 |     0 | 96157 |     - |   373M |   0 |3392 |  59k|  64k|6398 | 60 |   0 |   0 | 6.810810e+05 | 6.996958e+05 |   2.73%| unknown
  168s|     1 |     0 | 98516 |     - |   374M |   0 |3392 |  59k|  64k|6572 | 61 |   0 |   0 | 6.811201e+05 | 6.996958e+05 |   2.73%| unknown
  173s|     1 |     0 |101477 |     - |   375M |   0 |3392 |  59k|  63k|6676 | 62 |   0 |   0 | 6.811816e+05 | 6.996958e+05 |   2.72%| unknown
  178s|     1 |     0 |104570 |     - |   375M |   0 |3392 |  59k|  64k|6837 | 63 |   0 |   0 | 6.812239e+05 | 6.996958e+05 |   2.71%| unknown
  184s|     1 |     0 |107954 |     - |   376M |   0 |3392 |  59k|  64k|7015 | 64 |   0 |   0 | 6.812626e+05 | 6.996958e+05 |   2.71%| unknown
  190s|     1 |     0 |111593 |     - |   376M |   0 |3392 |  59k|  64k|7115 | 65 |   0 |   0 | 6.812964e+05 | 6.996958e+05 |   2.70%| unknown
  196s|     1 |     0 |115196 |     - |   376M |   0 |3392 |  59k|  64k|7295 | 66 |   0 |   0 | 6.813400e+05 | 6.996958e+05 |   2.69%| unknown
o 226s|     1 |     0 |140723 |     - |feaspump|   0 |3392 |  59k|  64k|7295 | 66 |   0 |   0 | 6.813400e+05 | 6.994824e+05 |   2.66%| unknown
  226s|     1 |     0 |140723 |     - |   380M |   0 |3392 |  59k|  64k|7295 | 66 |   0 |   0 | 6.813400e+05 | 6.994824e+05 |   2.66%| unknown
  232s|     1 |     0 |144267 |     - |   380M |   0 |3392 |  59k|  64k|7401 | 67 |   0 |   0 | 6.813848e+05 | 6.994824e+05 |   2.66%| unknown
  235s|     1 |     0 |146086 |     - |   380M |   0 |3392 |  59k|  64k|7497 | 68 |   0 |   0 | 6.813895e+05 | 6.994824e+05 |   2.66%| unknown
  284s|     1 |     2 |146086 |     - |   380M |   0 |3392 |  59k|  64k|7497 | 68 |   0 |  29 | 6.813993e+05 | 6.994824e+05 |   2.65%| unknown
d 445s|     8 |     9 |176001 |8014.1 |pscostdi|   5 |3392 |  59k|  62k|   0 |  1 |   0 | 206 | 6.814052e+05 | 6.983318e+05 |   2.48%| unknown
d 589s|    11 |    12 |216742 |9684.0 |fracdivi|   5 |3392 |  59k|  62k|   0 |  1 |  66 | 306 | 6.814233e+05 | 6.982969e+05 |   2.48%| unknown
 time | node  | left  |LP iter|LP it/n|mem/heur|mdpt |vars |cons |rows |cuts |sepa|confs|strbr|  dualbound   | primalbound  |  gap   | compl. 
d 792s|    16 |    17 |329774 |13991.5 |linesear|   6 |3392 |  59k|  62k|   0 |  1 |  69 | 372 | 6.814233e+05 | 6.982900e+05 |   2.48%| unknown
d 826s|    18 |    19 |353881 |13763.5 |fracdivi|   7 |3392 |  59k|  62k|   0 |  1 |  70 | 385 | 6.814233e+05 | 6.982868e+05 |   2.47%| unknown
d 840s|    20 |    21 |363002 |12794.7 |guideddi|   8 |3392 |  59k|  62k|   0 |  1 |  70 | 385 | 6.814233e+05 | 6.982558e+05 |   2.47%| unknown
d 883s|    21 |    22 |388510 |13430.4 |linesear|   8 |3392 |  59k|  62k|   0 |  1 |  71 | 385 | 6.814233e+05 | 6.982017e+05 |   2.46%| unknown
d1047s|    53 |    54 |541949 |8116.3 |pscostdi|  27 |3392 |  59k|  62k|   0 |  1 |  85 | 416 | 6.814382e+05 | 6.980320e+05 |   2.44%| unknown
L1207s|   100 |   101 |716531 |6026.6 |    alns|  40 |3392 |  59k|  62k|8697 |  2 | 114 | 473 | 6.814549e+05 | 6.976528e+05 |   2.38%| unknown
d1268s|   162 |   148 |795233 |4194.6 |linesear|  65 |3392 |  59k|  63k|   0 |  1 | 126 | 529 | 6.814549e+05 | 6.975898e+05 |   2.37%| unknown
d1329s|   196 |   176 |844186 |3714.3 |fracdivi|  75 |3392 |  59k|  63k|   0 |  1 | 272 | 556 | 6.814714e+05 | 6.975088e+05 |   2.35%| unknown
 1329s|   200 |   180 |845842 |3647.9 |   431M |  75 |3392 |  59k|  63k|  10k|  2 | 272 | 556 | 6.814714e+05 | 6.975088e+05 |   2.35%| unknown
d1336s|   229 |   205 |864626 |3266.3 |adaptive|  85 |3392 |  60k|  63k|   0 |  1 | 274 | 556 | 6.814714e+05 | 6.975056e+05 |   2.35%| unknown
d1341s|   239 |   211 |882262 |3203.2 |adaptive|  86 |3392 |  60k|  63k|   0 |  1 | 274 | 556 | 6.814714e+05 | 6.974787e+05 |   2.35%| unknown
o1345s|   265 |   231 |890574 |2919.2 |objpscos|  92 |3392 |  60k|  63k|  10k|  1 | 275 | 556 | 6.814714e+05 | 6.974276e+05 |   2.34%| unknown
r1345s|   272 |   204 |891212 |2846.2 |ziroundi|  92 |3392 |  60k|  63k|  10k|  2 | 275 | 556 | 6.814714e+05 | 6.973436e+05 |   2.33%| unknown
d1346s|   276 |   192 |891950 |2807.4 |adaptive|  93 |3392 |  60k|  63k|   0 |  1 | 275 | 556 | 6.814714e+05 | 6.962096e+05 |   2.16%| unknown
 1346s|   300 |   210 |892737 |2584.7 |   436M | 102 |3392 |  59k|  63k|  10k|  1 | 275 | 556 | 6.814714e+05 | 6.962096e+05 |   2.16%| unknown
 time | node  | left  |LP iter|LP it/n|mem/heur|mdpt |vars |cons |rows |cuts |sepa|confs|strbr|  dualbound   | primalbound  |  gap   | compl. 
r1349s|   335 |   194 |899507 |2334.1 |ziroundi| 104 |3392 |  59k|  63k|  10k|  1 | 275 | 556 | 6.814714e+05 | 6.955644e+05 |   2.07%| unknown
r1349s|   337 |   194 |899653 |2320.7 |ziroundi| 105 |3392 |  59k|  63k|  10k|  1 | 275 | 556 | 6.814714e+05 | 6.954834e+05 |   2.06%| unknown
 1350s|   400 |   201 |900768 |1957.1 |   437M | 122 |3392 |  59k|  63k|  10k|  0 | 275 | 556 | 6.814714e+05 | 6.954834e+05 |   2.06%| unknown
r1351s|   468 |   190 |902036 |1674.8 |rounding| 130 |3392 |  59k|  63k|  10k|  1 | 275 | 556 | 6.814714e+05 | 6.950784e+05 |   2.00%| unknown
d1352s|   494 |   185 |902943 |1588.3 |adaptive| 141 |3392 |  59k|  63k|   0 |  1 | 275 | 556 | 6.814714e+05 | 6.949164e+05 |   1.97%| unknown
 1352s|   500 |   187 |903267 |1569.9 |   438M | 141 |3392 |  59k|   0 |  10k|  0 | 275 | 556 | 6.814714e+05 | 6.949164e+05 |   1.97%| unknown
 1354s|   600 |   199 |905060 |1310.8 |   438M | 155 |3392 |  59k|  63k|  10k|  1 | 275 | 556 | 6.814714e+05 | 6.949164e+05 |   1.97%| unknown
r1354s|   604 |   158 |905257 |1302.4 |ziroundi| 155 |3392 |  59k|  63k|  10k|  2 | 275 | 556 | 6.814714e+05 | 6.945114e+05 |   1.91%| unknown
 1356s|   700 |   164 |907538 |1126.8 |   451M | 166 |3392 |  59k|  63k|  10k|  0 | 275 | 556 | 6.814714e+05 | 6.945114e+05 |   1.91%| unknown
 1434s|   800 |   182 |931357 |1015.6 |   482M | 166 |3392 |  59k|  63k|  11k|  1 | 275 | 619 | 6.814858e+05 | 6.945114e+05 |   1.91%| unknown
L1436s|   804 |   139 |937509 |1018.2 |    rins| 166 |3392 |  59k|  63k|  11k|  2 | 275 | 619 | 6.814858e+05 | 6.938634e+05 |   1.82%| unknown
 1439s|   900 |   149 |942044 | 914.5 |   482M | 166 |3392 |  59k|  63k|  11k|  0 | 275 | 619 | 6.814858e+05 | 6.938634e+05 |   1.82%| unknown
 1506s|  1000 |   171 |986631 | 867.6 |   496M | 166 |3392 |  59k|  63k|  11k|  1 | 279 | 663 | 6.815056e+05 | 6.938634e+05 |   1.81%| unknown
 1512s|  1100 |   175 |  1002k| 802.7 |   521M | 166 |3392 |  59k|  63k|  12k|  1 | 279 | 663 | 6.815056e+05 | 6.938634e+05 |   1.81%| unknown
 1518s|  1200 |   187 |  1015k| 746.7 |   521M | 209 |3392 |  59k|  63k|  12k|  0 | 279 | 663 | 6.815056e+05 | 6.938634e+05 |   1.81%| unknown
 time | node  | left  |LP iter|LP it/n|mem/heur|mdpt |vars |cons |rows |cuts |sepa|confs|strbr|  dualbound   | primalbound  |  gap   | compl. 
r1519s|  1259 |   200 |  1017k| 713.7 |rounding| 238 |3392 |  59k|  63k|  12k|  0 | 279 | 663 | 6.815056e+05 | 6.938634e+05 |   1.81%| unknown
r1520s|  1298 |   213 |  1018k| 692.8 |ziroundi| 269 |3392 |  59k|  63k|  12k|  1 | 279 | 663 | 6.815056e+05 | 6.938633e+05 |   1.81%| unknown
 1520s|  1300 |   215 |  1018k| 691.8 |   522M | 269 |3392 |  59k|  63k|  12k|  2 | 279 | 663 | 6.815056e+05 | 6.938633e+05 |   1.81%| unknown
r1521s|  1334 |   153 |  1019k| 674.6 |ziroundi| 275 |3392 |  59k|  63k|  12k|  1 | 279 | 663 | 6.815056e+05 | 6.938632e+05 |   1.81%| unknown
 1523s|  1400 |   157 |  1024k| 646.8 |   522M | 275 |3392 |  59k|  63k|  12k|  0 | 279 | 663 | 6.815056e+05 | 6.938632e+05 |   1.81%| unknown
 1529s|  1500 |   179 |  1040k| 613.9 |   535M | 275 |3392 |  59k|  63k|  12k|  1 | 279 | 663 | 6.815056e+05 | 6.938632e+05 |   1.81%| unknown
 1539s|  1600 |   209 |  1073k| 596.3 |   535M | 275 |3392 |  59k|  63k|  12k|  1 | 279 | 663 | 6.815056e+05 | 6.938632e+05 |   1.81%| unknown
r1550s|  1651 |   238 |  1114k| 602.5 |rounding| 275 |3392 |  59k|  63k|  12k|  0 | 279 | 663 | 6.815056e+05 | 6.938630e+05 |   1.81%| unknown
r1551s|  1686 |   260 |  1115k| 590.8 |rounding| 302 |3392 |  59k|  63k|  12k|  0 | 279 | 663 | 6.815056e+05 | 6.938630e+05 |   1.81%| unknown
 1554s|  1700 |   272 |  1130k| 594.6 |   536M | 312 |3392 |  59k|  63k|  12k|  1 | 279 | 663 | 6.815056e+05 | 6.938630e+05 |   1.81%| unknown
r1567s|  1756 |   268 |  1175k| 601.5 |rounding| 359 |3392 |  59k|  63k|  12k|  0 | 279 | 663 | 6.815056e+05 | 6.938629e+05 |   1.81%| unknown
 1579s|  1800 |   300 |  1222k| 612.8 |   537M | 359 |3392 |  59k|  63k|  12k|  0 | 279 | 663 | 6.815056e+05 | 6.938629e+05 |   1.81%| unknown
r1587s|  1843 |   235 |  1250k| 613.7 |rounding| 370 |3392 |  59k|  63k|  12k|  2 | 279 | 663 | 6.815056e+05 | 6.938628e+05 |   1.81%| unknown
r1596s|  1876 |   247 |  1286k| 622.3 |rounding| 370 |3392 |  59k|  63k|  12k|  2 | 279 | 663 | 6.815056e+05 | 6.938626e+05 |   1.81%| unknown
 1600s|  1900 |   263 |  1298k| 620.7 |   538M | 370 |3392 |  59k|  63k|  12k|  1 | 279 | 663 | 6.815056e+05 | 6.938626e+05 |   1.81%| unknown
 time | node  | left  |LP iter|LP it/n|mem/heur|mdpt |vars |cons |rows |cuts |sepa|confs|strbr|  dualbound   | primalbound  |  gap   | compl. 
r1600s|  1915 |   270 |  1299k| 616.2 |rounding| 370 |3392 |  59k|  63k|  12k|  0 | 279 | 663 | 6.815056e+05 | 6.938626e+05 |   1.81%| unknown
 1605s|  2000 |   303 |  1312k| 596.4 |   546M | 370 |3392 |  59k|  63k|  12k|  2 | 280 | 676 | 6.815056e+05 | 6.938626e+05 |   1.81%| unknown
 1617s|  2100 |   343 |  1341k| 582.1 |   549M | 370 |3392 |  59k|  63k|  12k|  1 | 280 | 717 | 6.815056e+05 | 6.938626e+05 |   1.81%| unknown
 1628s|  2200 |   379 |  1367k| 567.2 |   552M | 370 |3392 |  59k|  63k|  12k|  0 | 280 | 807 | 6.815056e+05 | 6.938626e+05 |   1.81%| unknown
 1893s|  2300 |   413 |  1429k| 569.7 |   590M | 370 |3392 |  59k|  62k|  13k|  1 | 373 |1323 | 6.816170e+05 | 6.938626e+05 |   1.80%| unknown
 2008s|  2400 |   431 |  1477k| 566.0 |   626M | 370 |3392 |  60k|  63k|  14k|  0 | 926 |1775 | 6.816379e+05 | 6.938626e+05 |   1.79%| unknown
 2014s|  2500 |   453 |  1490k| 548.5 |   629M | 370 |3392 |  60k|  63k|  15k|  3 | 926 |1790 | 6.816379e+05 | 6.938626e+05 |   1.79%| unknown
 2169s|  2600 |   495 |  1591k| 566.2 |   635M | 370 |3392 |  60k|  62k|  16k|  2 | 999 |2124 | 6.816929e+05 | 6.938626e+05 |   1.79%| unknown
 2222s|  2700 |   519 |  1627k| 558.7 |   641M | 370 |3392 |  60k|  63k|  16k|  3 |1164 |2273 | 6.816929e+05 | 6.938626e+05 |   1.79%| unknown
 2299s|  2800 |   549 |  1700k| 564.7 |   652M | 370 |3392 |  60k|   0 |  17k|  0 |2097 |2560 | 6.817147e+05 | 6.938626e+05 |   1.78%| unknown
 2380s|  2900 |   571 |  1777k| 571.7 |   669M | 370 |3392 |  60k|  63k|  18k|  0 |2274 |2647 | 6.817327e+05 | 6.938626e+05 |   1.78%| unknown
Restart triggered after 50 consecutive estimations that the remaining tree will be large
(run 1, node 2922) performing user restart

(restart) converted 1998 cuts from the global cut pool into linear constraints

presolving:
presolving (1 rounds: 1 fast, 1 medium, 1 exhaustive):
 0 deleted vars, 0 deleted constraints, 0 added constraints, 10 tightened bounds, 0 added holes, 0 changed sides, 13 changed coefficients
 64127 implications, 0 cliques
presolved problem has 3392 variables (3000 bin, 0 int, 0 impl, 392 cont) and 62442 constraints
      1 constraints of type <chancecons>
  59535 constraints of type <varbound>
      1 constraints of type <knapsack>
   2307 constraints of type <linear>
     17 constraints of type <logicor>
    581 constraints of type <bounddisjunction>
Presolving Time: 2.25
transformed 35/35 original solutions to the transformed problem space

 time | node  | left  |LP iter|LP it/n|mem/heur|mdpt |vars |cons |rows |cuts |sepa|confs|strbr|  dualbound   | primalbound  |  gap   | compl. 
 2447s|     1 |     0 |  1821k|     - |   685M |   0 |3392 |  62k|  61k|   0 |  0 |2274 |2692 | 6.817327e+05 | 6.938626e+05 |   1.78%| unknown
 2448s|     1 |     0 |  1822k|     - |   691M |   0 |3392 |  62k|  61k|  86 |  1 |2274 |2692 | 6.817327e+05 | 6.938626e+05 |   1.78%| unknown
 2451s|     1 |     0 |  1823k|     - |   698M |   0 |3392 |  62k|  62k| 173 |  2 |2279 |2692 | 6.817327e+05 | 6.938626e+05 |   1.78%| unknown
 2453s|     1 |     0 |  1824k|     - |   705M |   0 |3392 |  62k|  62k| 262 |  3 |2279 |2692 | 6.817327e+05 | 6.938626e+05 |   1.78%| unknown
 2455s|     1 |     0 |  1825k|     - |   712M |   0 |3392 |  62k|  62k| 358 |  4 |2284 |2692 | 6.817327e+05 | 6.938626e+05 |   1.78%| unknown
 2457s|     1 |     0 |  1826k|     - |   719M |   0 |3392 |  62k|  62k| 440 |  5 |2289 |2692 | 6.817327e+05 | 6.938626e+05 |   1.78%| unknown
 2460s|     1 |     0 |  1827k|     - |   726M |   0 |3392 |  62k|  62k| 530 |  6 |2296 |2692 | 6.817327e+05 | 6.938626e+05 |   1.78%| unknown
 2463s|     1 |     0 |  1828k|     - |   732M |   0 |3392 |  62k|  62k| 621 |  7 |2298 |2692 | 6.817327e+05 | 6.938626e+05 |   1.78%| unknown
 2465s|     1 |     0 |  1829k|     - |   739M |   0 |3392 |  62k|  62k| 704 |  8 |2302 |2692 | 6.817327e+05 | 6.938626e+05 |   1.78%| unknown
 2469s|     1 |     0 |  1831k|     - |   746M |   0 |3392 |  62k|  62k| 786 |  9 |2302 |2692 | 6.817327e+05 | 6.938626e+05 |   1.78%| unknown
 2472s|     1 |     0 |  1832k|     - |   753M |   0 |3392 |  62k|  62k| 871 | 10 |2302 |2692 | 6.817327e+05 | 6.938626e+05 |   1.78%| unknown
 2474s|     1 |     0 |  1833k|     - |   759M |   0 |3392 |  62k|  62k| 949 | 11 |2302 |2692 | 6.817327e+05 | 6.938626e+05 |   1.78%| unknown
 2476s|     1 |     0 |  1835k|     - |   766M |   0 |3392 |  62k|  62k|1047 | 12 |2302 |2692 | 6.817327e+05 | 6.938626e+05 |   1.78%| unknown
 2478s|     1 |     0 |  1836k|     - |   772M |   0 |3392 |  62k|  62k|1130 | 13 |2306 |2692 | 6.817327e+05 | 6.938626e+05 |   1.78%| unknown
 2480s|     1 |     0 |  1837k|     - |   778M |   0 |3392 |  62k|  62k|1241 | 14 |2316 |2692 | 6.817327e+05 | 6.938626e+05 |   1.78%| unknown
 time | node  | left  |LP iter|LP it/n|mem/heur|mdpt |vars |cons |rows |cuts |sepa|confs|strbr|  dualbound   | primalbound  |  gap   | compl. 
 2482s|     1 |     0 |  1838k|     - |   786M |   0 |3392 |  62k|  62k|1335 | 15 |2323 |2692 | 6.817327e+05 | 6.938626e+05 |   1.78%| unknown
 2484s|     1 |     0 |  1839k|     - |   792M |   0 |3392 |  62k|  62k|1431 | 16 |2325 |2692 | 6.817327e+05 | 6.938626e+05 |   1.78%| unknown
 2486s|     1 |     0 |  1841k|     - |   799M |   0 |3392 |  62k|  62k|1539 | 17 |2335 |2692 | 6.817327e+05 | 6.938626e+05 |   1.78%| unknown
 2488s|     1 |     0 |  1842k|     - |   805M |   0 |3392 |  62k|  62k|1627 | 18 |2337 |2692 | 6.817327e+05 | 6.938626e+05 |   1.78%| unknown
 2490s|     1 |     0 |  1843k|     - |   811M |   0 |3392 |  62k|  62k|1722 | 19 |2338 |2692 | 6.817327e+05 | 6.938626e+05 |   1.78%| unknown
 2493s|     1 |     0 |  1845k|     - |   818M |   0 |3392 |  62k|  62k|1799 | 20 |2348 |2692 | 6.817327e+05 | 6.938626e+05 |   1.78%| unknown
 2494s|     1 |     0 |  1846k|     - |   818M |   0 |3392 |  62k|  62k|1904 | 21 |2348 |2692 | 6.817327e+05 | 6.938626e+05 |   1.78%| unknown
 2497s|     1 |     0 |  1848k|     - |   820M |   0 |3392 |  62k|  63k|1981 | 22 |2353 |2692 | 6.817327e+05 | 6.938626e+05 |   1.78%| unknown
 2500s|     1 |     0 |  1850k|     - |   820M |   0 |3392 |  62k|  63k|2078 | 23 |2355 |2692 | 6.817327e+05 | 6.938626e+05 |   1.78%| unknown
 2503s|     1 |     0 |  1851k|     - |   820M |   0 |3392 |  62k|  62k|2174 | 24 |2360 |2692 | 6.817327e+05 | 6.938626e+05 |   1.78%| unknown
 2506s|     1 |     0 |  1854k|     - |   821M |   0 |3392 |  62k|  63k|2285 | 25 |2363 |2692 | 6.817327e+05 | 6.938626e+05 |   1.78%| unknown
 2509s|     1 |     0 |  1855k|     - |   821M |   0 |3392 |  62k|  63k|2385 | 26 |2363 |2692 | 6.817327e+05 | 6.938626e+05 |   1.78%| unknown
 2512s|     1 |     0 |  1857k|     - |   821M |   0 |3392 |  62k|  63k|2482 | 27 |2373 |2692 | 6.817327e+05 | 6.938626e+05 |   1.78%| unknown
 2515s|     1 |     0 |  1859k|     - |   822M |   0 |3392 |  62k|  63k|2580 | 28 |2373 |2692 | 6.817327e+05 | 6.938626e+05 |   1.78%| unknown
 2518s|     1 |     0 |  1860k|     - |   822M |   0 |3392 |  62k|  63k|2699 | 29 |2377 |2692 | 6.817327e+05 | 6.938626e+05 |   1.78%| unknown
 time | node  | left  |LP iter|LP it/n|mem/heur|mdpt |vars |cons |rows |cuts |sepa|confs|strbr|  dualbound   | primalbound  |  gap   | compl. 
 2520s|     1 |     0 |  1862k|     - |   822M |   0 |3392 |  62k|  63k|2833 | 30 |2385 |2692 | 6.817327e+05 | 6.938626e+05 |   1.78%| unknown
 2524s|     1 |     0 |  1864k|     - |   822M |   0 |3392 |  62k|  63k|2925 | 31 |2385 |2692 | 6.817327e+05 | 6.938626e+05 |   1.78%| unknown
 2527s|     1 |     0 |  1866k|     - |   822M |   0 |3392 |  62k|  63k|3025 | 32 |2392 |2692 | 6.817327e+05 | 6.938626e+05 |   1.78%| unknown
 2530s|     1 |     0 |  1868k|     - |   823M |   0 |3392 |  62k|  63k|3174 | 33 |2401 |2692 | 6.817327e+05 | 6.938626e+05 |   1.78%| unknown
 2534s|     1 |     0 |  1870k|     - |   823M |   0 |3392 |  62k|  63k|3299 | 34 |2403 |2692 | 6.817327e+05 | 6.938626e+05 |   1.78%| unknown
 2537s|     1 |     0 |  1872k|     - |   824M |   0 |3392 |  62k|  63k|3396 | 35 |2404 |2692 | 6.817327e+05 | 6.938626e+05 |   1.78%| unknown
 2542s|     1 |     0 |  1876k|     - |   824M |   0 |3392 |  62k|  63k|3497 | 36 |2410 |2692 | 6.817327e+05 | 6.938626e+05 |   1.78%| unknown
 2547s|     1 |     0 |  1878k|     - |   825M |   0 |3392 |  62k|  63k|3625 | 37 |2415 |2692 | 6.817327e+05 | 6.938626e+05 |   1.78%| unknown
 2551s|     1 |     0 |  1881k|     - |   825M |   0 |3392 |  62k|  63k|3750 | 38 |2417 |2692 | 6.817327e+05 | 6.938626e+05 |   1.78%| unknown
 2554s|     1 |     0 |  1883k|     - |   825M |   0 |3392 |  62k|  63k|3867 | 39 |2421 |2692 | 6.817327e+05 | 6.938626e+05 |   1.78%| unknown
 2559s|     1 |     0 |  1886k|     - |   825M |   0 |3392 |  62k|  63k|3944 | 40 |2426 |2692 | 6.817327e+05 | 6.938626e+05 |   1.78%| unknown
 2562s|     1 |     0 |  1888k|     - |   828M |   0 |3392 |  62k|  64k|4039 | 41 |2433 |2692 | 6.817327e+05 | 6.938626e+05 |   1.78%| unknown
 2567s|     1 |     0 |  1890k|     - |   828M |   0 |3392 |  62k|  63k|4135 | 42 |2437 |2692 | 6.817327e+05 | 6.938626e+05 |   1.78%| unknown
 2570s|     1 |     0 |  1893k|     - |   828M |   0 |3392 |  62k|  63k|4251 | 43 |2440 |2692 | 6.817327e+05 | 6.938626e+05 |   1.78%| unknown
 2627s|     1 |     2 |  1910k|     - |   828M |   0 |3392 |  62k|  63k|4251 | 43 |2445 |2719 | 6.817327e+05 | 6.938626e+05 |   1.78%| unknown
 time | node  | left  |LP iter|LP it/n|mem/heur|mdpt |vars |cons |rows |cuts |sepa|confs|strbr|  dualbound   | primalbound  |  gap   | compl. 
d3078s|    54 |    55 |  2062k| 625.0 |linesear|  33 |3392 |  62k|  62k|   0 |  1 |2464 |2944 | 6.817327e+05 | 6.938262e+05 |   1.77%| unknown
 3265s|   100 |    99 |  2194k| 659.1 |   851M |  44 |3392 |  62k|  62k|5584 |  1 |2474 |3005 | 6.817327e+05 | 6.938262e+05 |   1.77%| unknown
 3474s|   200 |   187 |  2446k| 718.7 |   870M |  62 |3392 |  62k|  63k|7633 |  1 |2768 |3167 | 6.817327e+05 | 6.938262e+05 |   1.77%| unknown
 3741s|   300 |   263 |  2655k| 761.3 |   876M |  76 |3392 |  62k|  63k|9272 |  1 |2992 |3353 | 6.817327e+05 | 6.938262e+05 |   1.77%| unknown
d3913s|   385 |   330 |  2881k| 810.1 |guideddi|  87 |3392 |  62k|  63k|   0 |  1 |3453 |3518 | 6.817327e+05 | 6.938172e+05 |   1.77%| unknown
 3958s|   400 |   337 |  2915k| 816.6 |   884M |  88 |3392 |  62k|  63k|  10k|  2 |3473 |3551 | 6.817327e+05 | 6.938172e+05 |   1.77%| unknown
 4196s|   500 |   389 |  3056k| 834.0 |   889M |  95 |3392 |  62k|  62k|  11k|  1 |3694 |3768 | 6.817327e+05 | 6.938172e+05 |   1.77%| unknown
d4366s|   540 |   422 |  3152k| 852.1 |pscostdi|  95 |3392 |  62k|  62k|   0 |  1 |3707 |3842 | 6.817327e+05 | 6.938012e+05 |   1.77%| unknown
 4573s|   600 |   476 |  3284k| 875.0 |   897M |  95 |3392 |  62k|  62k|  13k|  1 |3715 |3894 | 6.817327e+05 | 6.938012e+05 |   1.77%| unknown
 4919s|   700 |   576 |  3540k| 921.6 |   905M |  95 |3392 |  62k|  62k|  15k|  1 |3770 |3955 | 6.817327e+05 | 6.938012e+05 |   1.77%| unknown
L5183s|   740 |   518 |  3648k| 940.9 |crossove|  95 |3392 |  62k|  62k|  16k|  1 |3779 |3988 | 6.817327e+05 | 6.932612e+05 |   1.69%| unknown
 5454s|   800 |   578 |  3805k| 968.0 |   917M |  95 |3392 |  62k|  62k|  17k|  1 |3843 |4106 | 6.817327e+05 | 6.932612e+05 |   1.69%| unknown
 5909s|   900 |   678 |  4053k|1007.5 |   929M |  95 |3392 |  62k|  62k|  19k|  1 |3913 |4294 | 6.817327e+05 | 6.932612e+05 |   1.69%| unknown
 6386s|  1000 |   772 |  4327k|1051.7 |   942M |  95 |3392 |  62k|  62k|  21k|  1 |3918 |4443 | 6.817389e+05 | 6.932612e+05 |   1.69%| unknown
d6713s|  1080 |   850 |  4517k|1078.3 |pscostdi|  95 |3392 |  62k|  62k|   0 |  1 |3961 |4549 | 6.817890e+05 | 6.932116e+05 |   1.68%| unknown
 time | node  | left  |LP iter|LP it/n|mem/heur|mdpt |vars |cons |rows |cuts |sepa|confs|strbr|  dualbound   | primalbound  |  gap   | compl. 
 6778s|  1100 |   870 |  4564k|1084.5 |   976M |  95 |3392 |  62k|  62k|  24k|  1 |3962 |4570 | 6.818021e+05 | 6.932116e+05 |   1.67%| unknown
 7134s|  1200 |   964 |  4780k|1110.8 |   984M |  96 |3392 |  62k|  63k|  26k|  2 |4067 |4698 | 6.818405e+05 | 6.932116e+05 |   1.67%| unknown
 7314s|  1300 |  1046 |  4918k|1117.1 |   993M |  97 |3392 |  62k|  62k|  27k|  1 |4153 |4746 | 6.818601e+05 | 6.932116e+05 |   1.66%| unknown
 7594s|  1400 |  1136 |  5133k|1140.9 |  1001M |  97 |3392 |  62k|  62k|  29k|  1 |4173 |4747 | 6.818818e+05 | 6.932116e+05 |   1.66%| unknown
 7703s|  1500 |  1202 |  5206k|1131.6 |  1007M | 103 |3392 |  62k|  63k|  30k|  1 |4306 |4855 | 6.818856e+05 | 6.932116e+05 |   1.66%| unknown
 7790s|  1600 |  1236 |  5253k|1117.0 |  1021M | 120 |3392 |  62k|  63k|  31k|  1 |4475 |5019 | 6.818860e+05 | 6.932116e+05 |   1.66%| unknown
 7860s|  1700 |  1248 |  5301k|1103.2 |  1027M | 120 |3392 |  62k|  63k|  31k|  0 |4595 |5085 | 6.818928e+05 | 6.932116e+05 |   1.66%| unknown
 7984s|  1800 |  1284 |  5400k|1100.8 |  1039M | 120 |3392 |  62k|  63k|  32k|  2 |4705 |5157 | 6.818974e+05 | 6.932116e+05 |   1.66%| unknown
 8078s|  1900 |  1308 |  5459k|1090.3 |  1048M | 120 |3392 |  62k|  64k|  33k|  1 |4810 |5278 | 6.818983e+05 | 6.932116e+05 |   1.66%| unknown
 8226s|  2000 |  1328 |  5534k|1083.4 |  1053M | 120 |3392 |  62k|  64k|  34k|  1 |4883 |5339 | 6.819061e+05 | 6.932116e+05 |   1.66%| unknown
 8365s|  2100 |  1364 |  5626k|1080.1 |  1082M | 120 |3392 |  62k|  63k|  35k|  2 |5023 |5416 | 6.819167e+05 | 6.932116e+05 |   1.66%| unknown
 8439s|  2200 |  1378 |  5663k|1066.2 |  1094M | 120 |3392 |  62k|  63k|  36k|  2 |5097 |5712 | 6.819173e+05 | 6.932116e+05 |   1.66%| unknown
 8502s|  2300 |  1400 |  5705k|1053.8 |  1102M | 120 |3392 |  62k|  63k|  37k|  1 |5158 |5762 | 6.819239e+05 | 6.932116e+05 |   1.66%| unknown
 8569s|  2400 |  1404 |  5735k|1039.7 |  1107M | 120 |3392 |  62k|  64k|  37k|  0 |5261 |5936 | 6.819407e+05 | 6.932116e+05 |   1.65%| unknown
 8698s|  2500 |  1420 |  5825k|1037.1 |  1120M | 120 |3392 |  62k|  63k|  39k|  1 |5353 |6070 | 6.819642e+05 | 6.932116e+05 |   1.65%| unknown
 time | node  | left  |LP iter|LP it/n|mem/heur|mdpt |vars |cons |rows |cuts |sepa|confs|strbr|  dualbound   | primalbound  |  gap   | compl. 
 8867s|  2600 |  1448 |  5921k|1035.7 |  1132M | 120 |3392 |  62k|  63k|  40k|  1 |5472 |6185 | 6.819717e+05 | 6.932116e+05 |   1.65%| unknown
 8949s|  2700 |  1478 |  5976k|1027.0 |  1139M | 120 |3392 |  62k|  64k|  41k|  1 |5572 |6269 | 6.819771e+05 | 6.932116e+05 |   1.65%| unknown
 9083s|  2800 |  1510 |  6052k|1022.4 |  1152M | 120 |3392 |  62k|  63k|  42k|  1 |5751 |6424 | 6.819858e+05 | 6.932116e+05 |   1.65%| unknown
 9212s|  2900 |  1542 |  6151k|1021.9 |  1155M | 120 |3392 |  62k|  63k|  43k|  1 |5820 |6456 | 6.820135e+05 | 6.932116e+05 |   1.64%| unknown
 9281s|  3000 |  1566 |  6197k|1012.4 |  1161M | 120 |3392 |  62k|  64k|  44k|  2 |5911 |6507 | 6.820318e+05 | 6.932116e+05 |   1.64%| unknown
 9374s|  3100 |  1594 |  6265k|1006.9 |  1167M | 130 |3392 |  62k|  64k|  45k|  3 |5942 |6541 | 6.820550e+05 | 6.932116e+05 |   1.64%| unknown
 9502s|  3200 |  1626 |  6359k|1005.6 |  1173M | 132 |3392 |  62k|  64k|  46k|  1 |6595 |6566 | 6.820862e+05 | 6.932116e+05 |   1.63%| unknown
 9755s|  3300 |  1654 |  6424k| 999.9 |  1189M | 132 |3392 |  62k|  63k|  47k|  0 |6717 |6727 | 6.820877e+05 | 6.932116e+05 |   1.63%| unknown
 9848s|  3400 |  1688 |  6480k| 993.1 |  1193M | 132 |3392 |  62k|  63k|  48k|  1 |6805 |6788 | 6.820924e+05 | 6.932116e+05 |   1.63%| unknown
L9970s|  3467 |  1326 |  6564k| 995.8 |    rins| 132 |3392 |  62k|  63k|  49k|  2 |6863 |6821 | 6.821120e+05 | 6.920178e+05 |   1.45%| unknown
  167m|  3500 |  1339 |  6589k| 994.5 |  1213M | 132 |3392 |  62k|  62k|  49k|  1 |6871 |6880 | 6.821235e+05 | 6.920178e+05 |   1.45%| unknown
  168m|  3600 |  1353 |  6621k| 984.2 |  1226M | 132 |3392 |  62k|  63k|  50k|  2 |7003 |7054 | 6.821235e+05 | 6.920178e+05 |   1.45%| unknown
  170m|  3700 |  1371 |  6677k| 977.8 |  1234M | 132 |3392 |  62k|  64k|  51k|  0 |7199 |7275 | 6.821235e+05 | 6.920178e+05 |   1.45%| unknown
  174m|  3800 |  1403 |  6800k| 981.6 |  1238M | 132 |3392 |  62k|  63k|  52k|  1 |7356 |7434 | 6.821294e+05 | 6.920178e+05 |   1.45%| unknown
  177m|  3900 |  1427 |  6876k| 978.3 |  1245M | 132 |3392 |  62k|  63k|  54k|  0 |7453 |7710 | 6.821377e+05 | 6.920178e+05 |   1.45%| unknown
 time | node  | left  |LP iter|LP it/n|mem/heur|mdpt |vars |cons |rows |cuts |sepa|confs|strbr|  dualbound   | primalbound  |  gap   | compl. 
  177m|  4000 |  1445 |  6903k| 968.1 |  1249M | 132 |3392 |  62k|  63k|  55k|  1 |7576 |7822 | 6.821478e+05 | 6.920178e+05 |   1.45%| unknown
  180m|  4100 |  1481 |  7010k| 969.5 |  1277M | 132 |3392 |  62k|  63k|  56k|  0 |7626 |7905 | 6.821612e+05 | 6.920178e+05 |   1.44%| unknown
  182m|  4200 |  1493 |  7060k| 962.9 |  1279M | 132 |3392 |  62k|  64k|  57k|  0 |7803 |8068 | 6.821633e+05 | 6.920178e+05 |   1.44%| unknown
  183m|  4300 |  1531 |  7114k| 957.1 |  1283M | 132 |3392 |  62k|  63k|  58k|  1 |7834 |8127 | 6.821710e+05 | 6.920178e+05 |   1.44%| unknown
  185m|  4400 |  1553 |  7198k| 955.4 |  1292M | 132 |3392 |  62k|  63k|  60k|  1 |7883 |8149 | 6.821835e+05 | 6.920178e+05 |   1.44%| unknown
  187m|  4500 |  1587 |  7270k| 952.3 |  1295M | 132 |3392 |  62k|  63k|  61k|  1 |7914 |8183 | 6.821944e+05 | 6.920178e+05 |   1.44%| unknown
  188m|  4600 |  1595 |  7305k| 944.3 |  1299M | 132 |3392 |  62k|  63k|  62k|  2 |7999 |8284 | 6.821945e+05 | 6.920178e+05 |   1.44%| unknown
  189m|  4700 |  1617 |  7364k| 939.6 |  1305M | 132 |3392 |  62k|  63k|  63k|  1 |8140 |8364 | 6.821983e+05 | 6.920178e+05 |   1.44%| unknown
  190m|  4800 |  1627 |  7406k| 932.9 |  1308M | 132 |3392 |  62k|  63k|  63k|  1 |8191 |8409 | 6.822027e+05 | 6.920178e+05 |   1.44%| unknown
  193m|  4900 |  1655 |  7494k| 932.2 |  1323M | 132 |3392 |  62k|  65k|  65k|  0 |8231 |8447 | 6.822222e+05 | 6.920178e+05 |   1.44%| unknown
  196m|  5000 |  1673 |  7621k| 936.5 |  1327M | 132 |3392 |  62k|  63k|  66k|  0 |8284 |8488 | 6.822287e+05 | 6.920178e+05 |   1.43%| unknown
  197m|  5100 |  1691 |  7657k| 929.3 |  1330M | 132 |3392 |  62k|   0 |  67k|  0 |8364 |8514 | 6.822325e+05 | 6.920178e+05 |   1.43%| unknown
  198m|  5200 |  1705 |  7698k| 922.9 |  1334M | 132 |3392 |  62k|  64k|  68k|  1 |8475 |8549 | 6.822325e+05 | 6.920178e+05 |   1.43%| unknown
  199m|  5300 |  1723 |  7750k| 918.0 |  1339M | 132 |3392 |  62k|  64k|  69k|  1 |8475 |8551 | 6.822395e+05 | 6.920178e+05 |   1.43%| unknown
  204m|  5400 |  1747 |  7935k| 929.2 |  1342M | 132 |3392 |  62k|  63k|  70k|  1 |8500 |8575 | 6.822467e+05 | 6.920178e+05 |   1.43%| unknown
 time | node  | left  |LP iter|LP it/n|mem/heur|mdpt |vars |cons |rows |cuts |sepa|confs|strbr|  dualbound   | primalbound  |  gap   | compl. 
  204m|  5500 |  1741 |  7956k| 920.6 |  1345M | 132 |3392 |  62k|  64k|  71k|  1 |8539 |8585 | 6.822467e+05 | 6.920178e+05 |   1.43%| unknown
  207m|  5600 |  1749 |  8038k| 919.5 |  1348M | 132 |3392 |  62k|  64k|  71k|  0 |8664 |8621 | 6.822474e+05 | 6.920178e+05 |   1.43%| unknown
  212m|  5700 |  1768 |  8182k| 925.5 |  1399M | 132 |3392 |  62k|  64k|  74k|  1 |8909 |8891 | 6.822588e+05 | 6.920178e+05 |   1.43%| unknown
  217m|  5800 |  1764 |  8340k| 933.1 |  1418M | 132 |3392 |  62k|  63k|  75k|  0 |8966 |9163 | 6.822617e+05 | 6.920178e+05 |   1.43%| unknown
  220m|  5900 |  1802 |  8420k| 931.6 |  1423M | 132 |3392 |  62k|  63k|  76k|  1 |8992 |9298 | 6.822706e+05 | 6.920178e+05 |   1.43%| unknown
  224m|  6000 |  1816 |  8537k| 934.2 |  1425M | 132 |3392 |  62k|  64k|  78k|  1 |9043 |9417 | 6.822811e+05 | 6.920178e+05 |   1.43%| unknown
  227m|  6100 |  1830 |  8634k| 934.6 |  1448M | 132 |3392 |  62k|  63k|  79k|  0 |9058 |9469 | 6.822859e+05 | 6.920178e+05 |   1.43%| unknown
  235m|  6200 |  1852 |  8848k| 947.8 |  1467M | 132 |3392 |  62k|  63k|  81k|  1 |9100 |9664 | 6.823021e+05 | 6.920178e+05 |   1.42%| unknown
  238m|  6300 |  1872 |  8934k| 946.9 |  1470M | 132 |3392 |  62k|  64k|  82k|  1 |9118 |9917 | 6.823036e+05 | 6.920178e+05 |   1.42%| unknown

SCIP Status        : solving was interrupted [time limit reached]
Solving Time (sec) : 14400.00
Solving Nodes      : 6370 (total of 9292 nodes in 2 runs)
Primal Bound       : +6.92017830600001e+05 (61 solutions)
Dual Bound         : +6.82304430148233e+05
Gap                : 1.42 %

primal solution (original space):
=================================

objective value:                     692017.830600001
z#10                                                1 	(obj:0)
z#12                                                1 	(obj:0)
z#13                                                1 	(obj:0)
z#17                                                1 	(obj:0)
z#20                                                1 	(obj:0)
z#23                                                1 	(obj:0)
z#29                                                1 	(obj:0)
z#35                                                1 	(obj:0)
z#37                                                1 	(obj:0)
z#40                                                1 	(obj:0)
z#43                                                1 	(obj:0)
z#44                                                1 	(obj:0)
z#52                                                1 	(obj:0)
z#65                                                1 	(obj:0)
z#69                                                1 	(obj:0)
z#74                                                1 	(obj:0)
z#76                                                1 	(obj:0)
z#80                                                1 	(obj:0)
z#87                                                1 	(obj:0)
z#96                                                1 	(obj:0)
z#105                                               1 	(obj:0)
z#109                                               1 	(obj:0)
z#114                                               1 	(obj:0)
z#117                                               1 	(obj:0)
z#123                                               1 	(obj:0)
z#124                                               1 	(obj:0)
z#130                                               1 	(obj:0)
z#138                                               1 	(obj:0)
z#140                                               1 	(obj:0)
z#142                                               1 	(obj:0)
z#147                                               1 	(obj:0)
z#149                                               1 	(obj:0)
z#153                                               1 	(obj:0)
z#160                                               1 	(obj:0)
z#162                                               1 	(obj:0)
z#164                                               1 	(obj:0)
z#165                                               1 	(obj:0)
z#178                                               1 	(obj:0)
z#179                                               1 	(obj:0)
z#188                                               1 	(obj:0)
z#202                                               1 	(obj:0)
z#203                                               1 	(obj:0)
z#204                                               1 	(obj:0)
z#206                                               1 	(obj:0)
z#221                                               1 	(obj:0)
z#227                                               1 	(obj:0)
z#228                                               1 	(obj:0)
z#230                                               1 	(obj:0)
z#245                                               1 	(obj:0)
z#247                                               1 	(obj:0)
z#248                                               1 	(obj:0)
z#254                                               1 	(obj:0)
z#260                                               1 	(obj:0)
z#277                                               1 	(obj:0)
z#280                                               1 	(obj:0)
z#282                                               1 	(obj:0)
z#289                                               1 	(obj:0)
z#291                                               1 	(obj:0)
z#294                                               1 	(obj:0)
z#297                                               1 	(obj:0)
z#300                                               1 	(obj:0)
z#305                                               1 	(obj:0)
z#308                                               1 	(obj:0)
z#315                                               1 	(obj:0)
z#318                                               1 	(obj:0)
z#326                                               1 	(obj:0)
z#332                                               1 	(obj:0)
z#336                                               1 	(obj:0)
z#337                                               1 	(obj:0)
z#344                                               1 	(obj:0)
z#354                                               1 	(obj:0)
z#362                                               1 	(obj:0)
z#363                                               1 	(obj:0)
z#379                                               1 	(obj:0)
z#382                                               1 	(obj:0)
z#386                                               1 	(obj:0)
z#392                                               1 	(obj:0)
z#395                                               1 	(obj:0)
z#396                                               1 	(obj:0)
z#399                                               1 	(obj:0)
z#402                                               1 	(obj:0)
z#405                                               1 	(obj:0)
z#412                                               1 	(obj:0)
z#415                                               1 	(obj:0)
z#418                                               1 	(obj:0)
z#422                                               1 	(obj:0)
z#429                                               1 	(obj:0)
z#431                                               1 	(obj:0)
z#432                                               1 	(obj:0)
z#433                                               1 	(obj:0)
z#435                                               1 	(obj:0)
z#441                                               1 	(obj:0)
z#450                                               1 	(obj:0)
z#453                                               1 	(obj:0)
z#456                                               1 	(obj:0)
z#468                                               1 	(obj:0)
z#470                                               1 	(obj:0)
z#484                                               1 	(obj:0)
z#487                                               1 	(obj:0)
z#488                                               1 	(obj:0)
z#495                                               1 	(obj:0)
z#501                                               1 	(obj:0)
z#502                                               1 	(obj:0)
z#504                                               1 	(obj:0)
z#522                                               1 	(obj:0)
z#528                                               1 	(obj:0)
z#531                                               1 	(obj:0)
z#533                                               1 	(obj:0)
z#534                                               1 	(obj:0)
z#537                                               1 	(obj:0)
z#538                                               1 	(obj:0)
z#540                                               1 	(obj:0)
z#541                                               1 	(obj:0)
z#550                                               1 	(obj:0)
z#555                                               1 	(obj:0)
z#558                                               1 	(obj:0)
z#559                                               1 	(obj:0)
z#560                                               1 	(obj:0)
z#561                                               1 	(obj:0)
z#562                                               1 	(obj:0)
z#570                                               1 	(obj:0)
z#572                                               1 	(obj:0)
z#576                                               1 	(obj:0)
z#577                                               1 	(obj:0)
z#579                                               1 	(obj:0)
z#607                                               1 	(obj:0)
z#615                                               1 	(obj:0)
z#618                                               1 	(obj:0)
z#620                                               1 	(obj:0)
z#622                                               1 	(obj:0)
z#624                                               1 	(obj:0)
z#627                                               1 	(obj:0)
z#629                                               1 	(obj:0)
z#633                                               1 	(obj:0)
z#636                                               1 	(obj:0)
z#642                                               1 	(obj:0)
z#650                                               1 	(obj:0)
z#651                                               1 	(obj:0)
z#653                                               1 	(obj:0)
z#655                                               1 	(obj:0)
z#658                                               1 	(obj:0)
z#665                                               1 	(obj:0)
z#669                                               1 	(obj:0)
z#672                                               1 	(obj:0)
z#695                                               1 	(obj:0)
z#705                                               1 	(obj:0)
z#714                                               1 	(obj:0)
z#716                                               1 	(obj:0)
z#721                                               1 	(obj:0)
z#725                                               1 	(obj:0)
z#730                                               1 	(obj:0)
z#732                                               1 	(obj:0)
z#737                                               1 	(obj:0)
z#747                                               1 	(obj:0)
z#750                                               1 	(obj:0)
z#761                                               1 	(obj:0)
z#765                                               1 	(obj:0)
z#771                                               1 	(obj:0)
z#775                                               1 	(obj:0)
z#776                                               1 	(obj:0)
z#783                                               1 	(obj:0)
z#789                                               1 	(obj:0)
z#793                                               1 	(obj:0)
z#801                                               1 	(obj:0)
z#802                                               1 	(obj:0)
z#803                                               1 	(obj:0)
z#809                                               1 	(obj:0)
z#810                                               1 	(obj:0)
z#818                                               1 	(obj:0)
z#819                                               1 	(obj:0)
z#823                                               1 	(obj:0)
z#826                                               1 	(obj:0)
z#832                                               1 	(obj:0)
z#834                                               1 	(obj:0)
z#842                                               1 	(obj:0)
z#843                                               1 	(obj:0)
z#848                                               1 	(obj:0)
z#853                                               1 	(obj:0)
z#857                                               1 	(obj:0)
z#862                                               1 	(obj:0)
z#863                                               1 	(obj:0)
z#871                                               1 	(obj:0)
z#877                                               1 	(obj:0)
z#880                                               1 	(obj:0)
z#882                                               1 	(obj:0)
z#888                                               1 	(obj:0)
z#893                                               1 	(obj:0)
z#894                                               1 	(obj:0)
z#899                                               1 	(obj:0)
z#916                                               1 	(obj:0)
z#919                                               1 	(obj:0)
z#922                                               1 	(obj:0)
z#929                                               1 	(obj:0)
z#943                                               1 	(obj:0)
z#950                                               1 	(obj:0)
z#951                                               1 	(obj:0)
z#952                                               1 	(obj:0)
z#953                                               1 	(obj:0)
z#957                                               1 	(obj:0)
z#958                                               1 	(obj:0)
z#962                                               1 	(obj:0)
z#963                                               1 	(obj:0)
z#964                                               1 	(obj:0)
z#965                                               1 	(obj:0)
z#972                                               1 	(obj:0)
z#973                                               1 	(obj:0)
z#980                                               1 	(obj:0)
z#992                                               1 	(obj:0)
z#995                                               1 	(obj:0)
z#1001                                              1 	(obj:0)
z#1003                                              1 	(obj:0)
z#1004                                              1 	(obj:0)
z#1014                                              1 	(obj:0)
z#1020                                              1 	(obj:0)
z#1024                                              1 	(obj:0)
z#1029                                              1 	(obj:0)
z#1031                                              1 	(obj:0)
z#1032                                              1 	(obj:0)
z#1039                                              1 	(obj:0)
z#1043                                              1 	(obj:0)
z#1048                                              1 	(obj:0)
z#1053                                              1 	(obj:0)
z#1058                                              1 	(obj:0)
z#1059                                              1 	(obj:0)
z#1073                                              1 	(obj:0)
z#1075                                              1 	(obj:0)
z#1076                                              1 	(obj:0)
z#1077                                              1 	(obj:0)
z#1084                                              1 	(obj:0)
z#1087                                              1 	(obj:0)
z#1089                                              1 	(obj:0)
z#1091                                              1 	(obj:0)
z#1108                                              1 	(obj:0)
z#1110                                              1 	(obj:0)
z#1119                                              1 	(obj:0)
z#1120                                              1 	(obj:0)
z#1122                                              1 	(obj:0)
z#1136                                              1 	(obj:0)
z#1142                                              1 	(obj:0)
z#1145                                              1 	(obj:0)
z#1151                                              1 	(obj:0)
z#1153                                              1 	(obj:0)
z#1154                                              1 	(obj:0)
z#1173                                              1 	(obj:0)
z#1176                                              1 	(obj:0)
z#1177                                              1 	(obj:0)
z#1178                                              1 	(obj:0)
z#1185                                              1 	(obj:0)
z#1192                                              1 	(obj:0)
z#1198                                              1 	(obj:0)
z#1207                                              1 	(obj:0)
z#1215                                              1 	(obj:0)
z#1216                                              1 	(obj:0)
z#1220                                              1 	(obj:0)
z#1221                                              1 	(obj:0)
z#1225                                              1 	(obj:0)
z#1237                                              1 	(obj:0)
z#1240                                              1 	(obj:0)
z#1250                                              1 	(obj:0)
z#1257                                              1 	(obj:0)
z#1260                                              1 	(obj:0)
z#1263                                              1 	(obj:0)
z#1269                                              1 	(obj:0)
z#1276                                              1 	(obj:0)
z#1279                                              1 	(obj:0)
z#1282                                              1 	(obj:0)
z#1286                                              1 	(obj:0)
z#1289                                              1 	(obj:0)
z#1292                                              1 	(obj:0)
z#1295                                              1 	(obj:0)
z#1310                                              1 	(obj:0)
z#1312                                              1 	(obj:0)
z#1314                                              1 	(obj:0)
z#1325                                              1 	(obj:0)
z#1327                                              1 	(obj:0)
z#1328                                              1 	(obj:0)
z#1330                                              1 	(obj:0)
z#1336                                              1 	(obj:0)
z#1342                                              1 	(obj:0)
z#1352                                              1 	(obj:0)
z#1359                                              1 	(obj:0)
z#1360                                              1 	(obj:0)
z#1368                                              1 	(obj:0)
z#1373                                              1 	(obj:0)
z#1374                                              1 	(obj:0)
z#1381                                              1 	(obj:0)
z#1382                                              1 	(obj:0)
z#1388                                              1 	(obj:0)
z#1398                                              1 	(obj:0)
z#1411                                              1 	(obj:0)
z#1412                                              1 	(obj:0)
z#1414                                              1 	(obj:0)
z#1416                                              1 	(obj:0)
z#1420                                              1 	(obj:0)
z#1421                                              1 	(obj:0)
z#1427                                              1 	(obj:0)
z#1448                                              1 	(obj:0)
z#1454                                              1 	(obj:0)
z#1459                                              1 	(obj:0)
z#1472                                              1 	(obj:0)
z#1473                                              1 	(obj:0)
z#1477                                              1 	(obj:0)
z#1478                                              1 	(obj:0)
z#1481                                              1 	(obj:0)
z#1499                                              1 	(obj:0)
z#1501                                              1 	(obj:0)
z#1504                                              1 	(obj:0)
z#1510                                              1 	(obj:0)
z#1514                                              1 	(obj:0)
z#1518                                              1 	(obj:0)
z#1526                                              1 	(obj:0)
z#1535                                              1 	(obj:0)
z#1541                                              1 	(obj:0)
z#1548                                              1 	(obj:0)
z#1554                                              1 	(obj:0)
z#1555                                              1 	(obj:0)
z#1556                                              1 	(obj:0)
z#1563                                              1 	(obj:0)
z#1564                                              1 	(obj:0)
z#1566                                              1 	(obj:0)
z#1567                                              1 	(obj:0)
z#1568                                              1 	(obj:0)
z#1569                                              1 	(obj:0)
z#1570                                              1 	(obj:0)
z#1573                                              1 	(obj:0)
z#1574                                              1 	(obj:0)
z#1575                                              1 	(obj:0)
z#1594                                              1 	(obj:0)
z#1596                                              1 	(obj:0)
z#1598                                              1 	(obj:0)
z#1606                                              1 	(obj:0)
z#1611                                              1 	(obj:0)
z#1618                                              1 	(obj:0)
z#1620                                              1 	(obj:0)
z#1622                                              1 	(obj:0)
z#1632                                              1 	(obj:0)
z#1633                                              1 	(obj:0)
z#1634                                              1 	(obj:0)
z#1639                                              1 	(obj:0)
z#1644                                              1 	(obj:0)
z#1645                                              1 	(obj:0)
z#1650                                              1 	(obj:0)
z#1655                                              1 	(obj:0)
z#1663                                              1 	(obj:0)
z#1664                                              1 	(obj:0)
z#1666                                              1 	(obj:0)
z#1668                                              1 	(obj:0)
z#1676                                              1 	(obj:0)
z#1677                                              1 	(obj:0)
z#1686                                              1 	(obj:0)
z#1698                                              1 	(obj:0)
z#1704                                              1 	(obj:0)
z#1710                                              1 	(obj:0)
z#1714                                              1 	(obj:0)
z#1720                                              1 	(obj:0)
z#1724                                              1 	(obj:0)
z#1731                                              1 	(obj:0)
z#1732                                              1 	(obj:0)
z#1734                                              1 	(obj:0)
z#1736                                              1 	(obj:0)
z#1741                                              1 	(obj:0)
z#1743                                              1 	(obj:0)
z#1749                                              1 	(obj:0)
z#1751                                              1 	(obj:0)
z#1760                                              1 	(obj:0)
z#1763                                              1 	(obj:0)
z#1771                                              1 	(obj:0)
z#1778                                              1 	(obj:0)
z#1780                                              1 	(obj:0)
z#1782                                              1 	(obj:0)
z#1787                                              1 	(obj:0)
z#1793                                              1 	(obj:0)
z#1801                                              1 	(obj:0)
z#1807                                              1 	(obj:0)
z#1816                                              1 	(obj:0)
z#1819                                              1 	(obj:0)
z#1829                                              1 	(obj:0)
z#1836                                              1 	(obj:0)
z#1842                                              1 	(obj:0)
z#1855                                              1 	(obj:0)
z#1865                                              1 	(obj:0)
z#1866                                              1 	(obj:0)
z#1881                                              1 	(obj:0)
z#1883                                              1 	(obj:0)
z#1885                                              1 	(obj:0)
z#1886                                              1 	(obj:0)
z#1890                                              1 	(obj:0)
z#1895                                              1 	(obj:0)
z#1896                                              1 	(obj:0)
z#1904                                              1 	(obj:0)
z#1905                                              1 	(obj:0)
z#1906                                              1 	(obj:0)
z#1915                                              1 	(obj:0)
z#1917                                              1 	(obj:0)
z#1933                                              1 	(obj:0)
z#1934                                              1 	(obj:0)
z#1936                                              1 	(obj:0)
z#1939                                              1 	(obj:0)
z#1946                                              1 	(obj:0)
z#1948                                              1 	(obj:0)
z#1952                                              1 	(obj:0)
z#1953                                              1 	(obj:0)
z#1954                                              1 	(obj:0)
z#1967                                              1 	(obj:0)
z#1974                                              1 	(obj:0)
z#1975                                              1 	(obj:0)
z#1981                                              1 	(obj:0)
z#1986                                              1 	(obj:0)
z#1997                                              1 	(obj:0)
z#2003                                              1 	(obj:0)
z#2010                                              1 	(obj:0)
z#2011                                              1 	(obj:0)
z#2032                                              1 	(obj:0)
z#2034                                              1 	(obj:0)
z#2042                                              1 	(obj:0)
z#2043                                              1 	(obj:0)
z#2048                                              1 	(obj:0)
z#2050                                              1 	(obj:0)
z#2052                                              1 	(obj:0)
z#2059                                              1 	(obj:0)
z#2060                                              1 	(obj:0)
z#2061                                              1 	(obj:0)
z#2068                                              1 	(obj:0)
z#2078                                              1 	(obj:0)
z#2079                                              1 	(obj:0)
z#2084                                              1 	(obj:0)
z#2085                                              1 	(obj:0)
z#2097                                              1 	(obj:0)
z#2100                                              1 	(obj:0)
z#2115                                              1 	(obj:0)
z#2117                                              1 	(obj:0)
z#2121                                              1 	(obj:0)
z#2132                                              1 	(obj:0)
z#2133                                              1 	(obj:0)
z#2137                                              1 	(obj:0)
z#2138                                              1 	(obj:0)
z#2141                                              1 	(obj:0)
z#2142                                              1 	(obj:0)
z#2152                                              1 	(obj:0)
z#2153                                              1 	(obj:0)
z#2155                                              1 	(obj:0)
z#2158                                              1 	(obj:0)
z#2163                                              1 	(obj:0)
z#2169                                              1 	(obj:0)
z#2170                                              1 	(obj:0)
z#2172                                              1 	(obj:0)
z#2177                                              1 	(obj:0)
z#2180                                              1 	(obj:0)
z#2181                                              1 	(obj:0)
z#2184                                              1 	(obj:0)
z#2191                                              1 	(obj:0)
z#2192                                              1 	(obj:0)
z#2198                                              1 	(obj:0)
z#2199                                              1 	(obj:0)
z#2212                                              1 	(obj:0)
z#2215                                              1 	(obj:0)
z#2229                                              1 	(obj:0)
z#2232                                              1 	(obj:0)
z#2239                                              1 	(obj:0)
z#2242                                              1 	(obj:0)
z#2249                                              1 	(obj:0)
z#2255                                              1 	(obj:0)
z#2259                                              1 	(obj:0)
z#2262                                              1 	(obj:0)
z#2266                                              1 	(obj:0)
z#2268                                              1 	(obj:0)
z#2269                                              1 	(obj:0)
z#2282                                              1 	(obj:0)
z#2287                                              1 	(obj:0)
z#2291                                              1 	(obj:0)
z#2302                                              1 	(obj:0)
z#2305                                              1 	(obj:0)
z#2313                                              1 	(obj:0)
z#2315                                              1 	(obj:0)
z#2322                                              1 	(obj:0)
z#2324                                              1 	(obj:0)
z#2327                                              1 	(obj:0)
z#2332                                              1 	(obj:0)
z#2343                                              1 	(obj:0)
z#2356                                              1 	(obj:0)
z#2364                                              1 	(obj:0)
z#2365                                              1 	(obj:0)
z#2368                                              1 	(obj:0)
z#2370                                              1 	(obj:0)
z#2372                                              1 	(obj:0)
z#2374                                              1 	(obj:0)
z#2379                                              1 	(obj:0)
z#2381                                              1 	(obj:0)
z#2388                                              1 	(obj:0)
z#2391                                              1 	(obj:0)
z#2392                                              1 	(obj:0)
z#2402                                              1 	(obj:0)
z#2413                                              1 	(obj:0)
z#2415                                              1 	(obj:0)
z#2417                                              1 	(obj:0)
z#2418                                              1 	(obj:0)
z#2421                                              1 	(obj:0)
z#2422                                              1 	(obj:0)
z#2428                                              1 	(obj:0)
z#2441                                              1 	(obj:0)
z#2446                                              1 	(obj:0)
z#2451                                              1 	(obj:0)
z#2452                                              1 	(obj:0)
z#2459                                              1 	(obj:0)
z#2464                                              1 	(obj:0)
z#2466                                              1 	(obj:0)
z#2469                                              1 	(obj:0)
z#2471                                              1 	(obj:0)
z#2474                                              1 	(obj:0)
z#2477                                              1 	(obj:0)
z#2480                                              1 	(obj:0)
z#2484                                              1 	(obj:0)
z#2497                                              1 	(obj:0)
z#2502                                              1 	(obj:0)
z#2504                                              1 	(obj:0)
z#2510                                              1 	(obj:0)
z#2511                                              1 	(obj:0)
z#2515                                              1 	(obj:0)
z#2521                                              1 	(obj:0)
z#2524                                              1 	(obj:0)
z#2527                                              1 	(obj:0)
z#2528                                              1 	(obj:0)
z#2533                                              1 	(obj:0)
z#2534                                              1 	(obj:0)
z#2567                                              1 	(obj:0)
z#2572                                              1 	(obj:0)
z#2580                                              1 	(obj:0)
z#2583                                              1 	(obj:0)
z#2590                                              1 	(obj:0)
z#2593                                              1 	(obj:0)
z#2595                                              1 	(obj:0)
z#2597                                              1 	(obj:0)
z#2604                                              1 	(obj:0)
z#2606                                              1 	(obj:0)
z#2612                                              1 	(obj:0)
z#2620                                              1 	(obj:0)
z#2632                                              1 	(obj:0)
z#2634                                              1 	(obj:0)
z#2635                                              1 	(obj:0)
z#2642                                              1 	(obj:0)
z#2664                                              1 	(obj:0)
z#2665                                              1 	(obj:0)
z#2669                                              1 	(obj:0)
z#2672                                              1 	(obj:0)
z#2675                                              1 	(obj:0)
z#2683                                              1 	(obj:0)
z#2692                                              1 	(obj:0)
z#2693                                              1 	(obj:0)
z#2704                                              1 	(obj:0)
z#2715                                              1 	(obj:0)
z#2717                                              1 	(obj:0)
z#2720                                              1 	(obj:0)
z#2726                                              1 	(obj:0)
z#2727                                              1 	(obj:0)
z#2729                                              1 	(obj:0)
z#2737                                              1 	(obj:0)
z#2738                                              1 	(obj:0)
z#2743                                              1 	(obj:0)
z#2752                                              1 	(obj:0)
z#2753                                              1 	(obj:0)
z#2759                                              1 	(obj:0)
z#2761                                              1 	(obj:0)
z#2764                                              1 	(obj:0)
z#2766                                              1 	(obj:0)
z#2768                                              1 	(obj:0)
z#2770                                              1 	(obj:0)
z#2778                                              1 	(obj:0)
z#2786                                              1 	(obj:0)
z#2787                                              1 	(obj:0)
z#2804                                              1 	(obj:0)
z#2812                                              1 	(obj:0)
z#2817                                              1 	(obj:0)
z#2823                                              1 	(obj:0)
z#2825                                              1 	(obj:0)
z#2826                                              1 	(obj:0)
z#2832                                              1 	(obj:0)
z#2836                                              1 	(obj:0)
z#2847                                              1 	(obj:0)
z#2856                                              1 	(obj:0)
z#2857                                              1 	(obj:0)
z#2872                                              1 	(obj:0)
z#2873                                              1 	(obj:0)
z#2876                                              1 	(obj:0)
z#2877                                              1 	(obj:0)
z#2888                                              1 	(obj:0)
z#2893                                              1 	(obj:0)
z#2896                                              1 	(obj:0)
z#2902                                              1 	(obj:0)
z#2906                                              1 	(obj:0)
z#2914                                              1 	(obj:0)
z#2915                                              1 	(obj:0)
z#2916                                              1 	(obj:0)
z#2922                                              1 	(obj:0)
z#2925                                              1 	(obj:0)
z#2928                                              1 	(obj:0)
z#2933                                              1 	(obj:0)
z#2945                                              1 	(obj:0)
z#2957                                              1 	(obj:0)
z#2960                                              1 	(obj:0)
z#2976                                              1 	(obj:0)
x#0                                          514.2166 	(obj:153)
x#1                                            46.259 	(obj:179)
x#3                                             15.52 	(obj:156)
x#4                                            22.384 	(obj:148)
x#13                                          409.485 	(obj:107)
x#16                                 446.909199999959 	(obj:118)
x#24                                 111.030800000038 	(obj:163)
x#30                                0.281000000014083 	(obj:181)
x#31                                 447.360199999959 	(obj:152)
x#33                                 112.092800000027 	(obj:121)
x#44                                  587.52520000002 	(obj:121)
x#47                                 0.02300000000022 	(obj:119)
x#48                                 112.129800000027 	(obj:110)
x#50                                0.275999999952774 	(obj:105)
x#56                               0.0120000000000573 	(obj:113)
x#59                                 699.694000000047 	(obj:131)
x#73                                          699.999 	(obj:103)
x#86                             0.000999999999976353 	(obj:161)
x#87                                          699.999 	(obj:156)
y#0                                  31.7833999999999 	(obj:151)
y#6                                             127.4 	(obj:104)
y#23                                  111.91280000004 	(obj:104)
y#27                                 28.0871999999624 	(obj:104)
y#34                                0.156999999999201 	(obj:102)
y#35                                 139.632000000048 	(obj:100)
y#40                                0.168999999952746 	(obj:137)
y#43                                0.042000000000005 	(obj:102)
y#58                              0.00399999999990541 	(obj:100)
y#64                                 0.28799999999751 	(obj:112)
y#70                             0.000999999955297426 	(obj:107)
y#71                               0.0130000000000337 	(obj:101)
u#0                                          514.2166 	(obj:0)
u#1                                          560.4756 	(obj:0)
u#2                                          560.4756 	(obj:0)
u#3                                          575.9956 	(obj:0)
u#4                                          598.3796 	(obj:0)
u#5                                          598.3796 	(obj:0)
u#6                                          598.3796 	(obj:0)
u#7                                          598.3796 	(obj:0)
u#8                                          598.3796 	(obj:0)
u#9                                          598.3796 	(obj:0)
u#10                                         598.3796 	(obj:0)
u#11                                         598.3796 	(obj:0)
u#12                                         598.3796 	(obj:0)
u#13                                        1007.8646 	(obj:0)
u#14                                        1007.8646 	(obj:0)
u#15                                          493.648 	(obj:0)
u#16                                 894.298199999959 	(obj:0)
u#17                                 894.298199999959 	(obj:0)
u#18                                 878.778199999959 	(obj:0)
u#19                                 856.394199999959 	(obj:0)
u#20                                 856.394199999959 	(obj:0)
u#21                                 856.394199999959 	(obj:0)
u#22                                 856.394199999959 	(obj:0)
u#23                                 856.394199999959 	(obj:0)
u#24                                 967.424999999997 	(obj:0)
u#25                                 967.424999999997 	(obj:0)
u#26                                 967.424999999997 	(obj:0)
u#27                                 967.424999999997 	(obj:0)
u#28                                 557.939999999997 	(obj:0)
u#29                                 557.939999999997 	(obj:0)
u#30                                 558.221000000011 	(obj:0)
u#31                                 558.672000000011 	(obj:0)
u#32                                 558.672000000011 	(obj:0)
u#33                                 670.764800000038 	(obj:0)
u#34                                 670.764800000038 	(obj:0)
u#35                                 670.764800000038 	(obj:0)
u#36                                 670.764800000038 	(obj:0)
u#37                                 670.764800000038 	(obj:0)
u#38                                 670.764800000038 	(obj:0)
u#39                                          559.734 	(obj:0)
u#40                                          559.734 	(obj:0)
u#41                                          559.734 	(obj:0)
u#42                                          559.734 	(obj:0)
u#43                                          559.734 	(obj:0)
u#44                                 1147.25920000002 	(obj:0)
u#45                                 1146.97820000001 	(obj:0)
u#46                                 699.618000000047 	(obj:0)
u#47                                 699.641000000047 	(obj:0)
u#48                                 699.678000000047 	(obj:0)
u#49                                 699.678000000047 	(obj:0)
u#50                                          699.954 	(obj:0)
u#51                                          699.954 	(obj:0)
u#52                                          699.954 	(obj:0)
u#53                                          699.954 	(obj:0)
u#54                                          699.954 	(obj:0)
u#55                                          699.954 	(obj:0)
u#56                                          699.966 	(obj:0)
u#57                                          699.966 	(obj:0)
u#58                                          699.966 	(obj:0)
u#59                                 812.134800000027 	(obj:0)
u#60                                 812.134800000027 	(obj:0)
u#61                                 812.134800000027 	(obj:0)
u#62                                 812.111800000027 	(obj:0)
u#63                                          699.982 	(obj:0)
u#64                                          699.982 	(obj:0)
u#65                                 699.706000000047 	(obj:0)
u#66                                 699.706000000047 	(obj:0)
u#67                                 699.706000000047 	(obj:0)
u#68                                 699.706000000047 	(obj:0)
u#69                                 699.706000000047 	(obj:0)
u#70                                 699.706000000047 	(obj:0)
u#71                                 699.694000000047 	(obj:0)
u#72                                 699.694000000047 	(obj:0)
u#73                                 1399.69300000005 	(obj:0)
u#74                                          699.999 	(obj:0)
u#75                                          699.999 	(obj:0)
u#76                                          699.999 	(obj:0)
u#77                                          699.999 	(obj:0)
u#78                                          699.999 	(obj:0)
u#79                                          699.999 	(obj:0)
u#80                                          699.999 	(obj:0)
u#81                                          699.999 	(obj:0)
u#82                                          699.999 	(obj:0)
u#83                                          699.999 	(obj:0)
u#84                                          699.999 	(obj:0)
u#85                                          699.999 	(obj:0)
u#86                                              700 	(obj:0)
u#87                                         1399.999 	(obj:0)
u#88                                              700 	(obj:0)
u#89                                              700 	(obj:0)
u#90                                              700 	(obj:0)
u#91                                              700 	(obj:0)
u#92                                              700 	(obj:0)
u#93                                              700 	(obj:0)
u#94                                              700 	(obj:0)
u#95                                              700 	(obj:0)
u#96                                              700 	(obj:0)
u#97                                              700 	(obj:0)
u#98                                              700 	(obj:0)
u#99                                              700 	(obj:0)
v#0                                  31.7833999999999 	(obj:0)
v#1                                  31.7833999999999 	(obj:0)
v#2                                  31.7833999999999 	(obj:0)
v#3                                  31.7833999999999 	(obj:0)
v#4                                  31.7833999999999 	(obj:0)
v#5                                  31.7833999999999 	(obj:0)
v#6                                          159.1834 	(obj:0)
v#7                                          159.1834 	(obj:0)
v#8                                          159.1834 	(obj:0)
v#9                                          159.1834 	(obj:0)
v#10                                            127.4 	(obj:0)
v#11                                            127.4 	(obj:0)
v#12                                            127.4 	(obj:0)
v#13                                            127.4 	(obj:0)
v#14                                            127.4 	(obj:0)
v#15                                            127.4 	(obj:0)
v#23                                  111.91280000004 	(obj:0)
v#24                                  111.91280000004 	(obj:0)
v#25                                  111.91280000004 	(obj:0)
v#26                                  111.91280000004 	(obj:0)
v#27                                 140.000000000003 	(obj:0)
v#28                                 140.000000000003 	(obj:0)
v#29                                 140.000000000003 	(obj:0)
v#30                                 140.000000000003 	(obj:0)
v#31                                 140.000000000003 	(obj:0)
v#32                                 140.000000000003 	(obj:0)
v#33                                 28.0871999999624 	(obj:0)
v#34                                 28.2441999999617 	(obj:0)
v#35                                 167.876200000009 	(obj:0)
v#36                                  167.87620000001 	(obj:0)
v#37                                 139.789000000047 	(obj:0)
v#38                                 139.789000000047 	(obj:0)
v#39                                 139.789000000047 	(obj:0)
v#40                                          139.958 	(obj:0)
v#41                                          139.958 	(obj:0)
v#42                                          139.958 	(obj:0)
v#43                                              140 	(obj:0)
v#44                                 139.843000000001 	(obj:0)
v#45                                0.210999999952719 	(obj:0)
v#46                                0.210999999952719 	(obj:0)
v#47                                0.210999999952751 	(obj:0)
v#48                                0.210999999952719 	(obj:0)
v#49                                0.210999999952719 	(obj:0)
v#50                                 0.04200000000003 	(obj:0)
v#51                                 0.04200000000003 	(obj:0)
v#52                                 0.04200000000003 	(obj:0)
v#58                              0.00399999999990541 	(obj:0)
v#59                              0.00399999999990541 	(obj:0)
v#60                              0.00399999999990541 	(obj:0)
v#61                              0.00399999999990541 	(obj:0)
v#62                               0.0040000000000191 	(obj:0)
v#63                               0.0040000000000191 	(obj:0)
v#64                                0.291999999997529 	(obj:0)
v#65                                0.291999999997529 	(obj:0)
v#66                                0.291999999997529 	(obj:0)
v#67                                0.291999999997529 	(obj:0)
v#68                                0.287999999997623 	(obj:0)
v#69                                0.287999999997623 	(obj:0)
v#70                                0.288999999952921 	(obj:0)
v#71                                0.301999999952955 	(obj:0)
v#72                                0.301999999952841 	(obj:0)
v#73                                0.301999999952841 	(obj:0)
v#74                               0.0139999999553311 	(obj:0)
v#75                               0.0139999999553311 	(obj:0)
v#76                               0.0139999999553311 	(obj:0)
v#77                               0.0139999999553311 	(obj:0)
v#78                               0.0139999999553311 	(obj:0)
v#79                               0.0139999999553311 	(obj:0)
v#80                               0.0130000000000337 	(obj:0)
w#0                                               546 	(obj:0)
w#1                                           592.259 	(obj:0)
w#2                                           592.259 	(obj:0)
w#3                                           607.779 	(obj:0)
w#4                                           630.163 	(obj:0)
w#5                                           630.163 	(obj:0)
w#6                                           757.563 	(obj:0)
w#7                                           757.563 	(obj:0)
w#8                                           757.563 	(obj:0)
w#9                                           757.563 	(obj:0)
w#10                                         725.7796 	(obj:0)
w#11                                         725.7796 	(obj:0)
w#12                                         725.7796 	(obj:0)
w#13                                        1135.2646 	(obj:0)
w#14                                        1135.2646 	(obj:0)
w#15                                          621.048 	(obj:0)
w#16                                 894.298199999959 	(obj:0)
w#17                                 894.298199999959 	(obj:0)
w#18                                 878.778199999959 	(obj:0)
w#19                                 856.394199999959 	(obj:0)
w#20                                 856.394199999959 	(obj:0)
w#21                                 856.394199999959 	(obj:0)
w#22                                 856.394199999959 	(obj:0)
w#23                                 968.306999999999 	(obj:0)
w#24                                 1079.33780000004 	(obj:0)
w#25                                 1079.33780000004 	(obj:0)
w#26                                 1079.33780000004 	(obj:0)
w#27                                         1107.425 	(obj:0)
w#28                                           697.94 	(obj:0)
w#29                                           697.94 	(obj:0)
w#30                                 698.221000000014 	(obj:0)
w#31                                 698.672000000014 	(obj:0)
w#32                                 698.672000000014 	(obj:0)
w#33                                 698.852000000001 	(obj:0)
w#34                                          699.009 	(obj:0)
w#35                                 838.641000000048 	(obj:0)
w#36                                 838.641000000048 	(obj:0)
w#37                                 810.553800000085 	(obj:0)
w#38                                 810.553800000085 	(obj:0)
w#39                                 699.523000000047 	(obj:0)
w#40                                          699.692 	(obj:0)
w#41                                          699.692 	(obj:0)
w#42                                          699.692 	(obj:0)
w#43                                          699.734 	(obj:0)
w#44                                 1287.10220000002 	(obj:0)
w#45                                 1147.18919999996 	(obj:0)
w#46                                          699.829 	(obj:0)
w#47                                          699.852 	(obj:0)
w#48                                          699.889 	(obj:0)
w#49                                          699.889 	(obj:0)
w#50                                          699.996 	(obj:0)
w#51                                          699.996 	(obj:0)
w#52                                          699.996 	(obj:0)
w#53                                          699.954 	(obj:0)
w#54                                          699.954 	(obj:0)
w#55                                          699.954 	(obj:0)
w#56                                          699.966 	(obj:0)
w#57                                          699.966 	(obj:0)
w#58                                           699.97 	(obj:0)
w#59                                 812.138800000027 	(obj:0)
w#60                                 812.138800000027 	(obj:0)
w#61                                 812.138800000027 	(obj:0)
w#62                                 812.115800000027 	(obj:0)
w#63                                          699.986 	(obj:0)
w#64                                 700.273999999997 	(obj:0)
w#65                                 699.998000000045 	(obj:0)
w#66                                 699.998000000045 	(obj:0)
w#67                                 699.998000000045 	(obj:0)
w#68                                 699.994000000045 	(obj:0)
w#69                                 699.994000000045 	(obj:0)
w#70                                          699.995 	(obj:0)
w#71                                          699.996 	(obj:0)
w#72                                          699.996 	(obj:0)
w#73                                         1399.995 	(obj:0)
w#74                                 700.012999999955 	(obj:0)
w#75                                 700.012999999955 	(obj:0)
w#76                                 700.012999999955 	(obj:0)
w#77                                 700.012999999955 	(obj:0)
w#78                                 700.012999999955 	(obj:0)
w#79                                 700.012999999955 	(obj:0)
w#80                                          700.012 	(obj:0)
w#81                                          699.999 	(obj:0)
w#82                                          699.999 	(obj:0)
w#83                                          699.999 	(obj:0)
w#84                                          699.999 	(obj:0)
w#85                                          699.999 	(obj:0)
w#86                                              700 	(obj:0)
w#87                                         1399.999 	(obj:0)
w#88                                              700 	(obj:0)
w#89                                              700 	(obj:0)
w#90                                              700 	(obj:0)
w#91                                              700 	(obj:0)
w#92                                              700 	(obj:0)
w#93                                              700 	(obj:0)
w#94                                              700 	(obj:0)
w#95                                              700 	(obj:0)
w#96                                              700 	(obj:0)
w#97                                              700 	(obj:0)
w#98                                              700 	(obj:0)
w#99                                              700 	(obj:0)

Statistics
==========

SCIP Status        : solving was interrupted [time limit reached]
Total Time         :   14400.33
  solving          :   14400.00
  presolving       :       2.25 (included in solving)
  reading          :       0.32
  copying          :       2.51 (25 #copies) (minimal 0.08, maximal 0.12, average 0.10)
Original Problem   :
  Problem name     : 100-3000-4
  Variables        : 3500 (3000 binary, 0 integer, 0 implicit integer, 500 continuous)
  Constraints      : 60402 initial, 60402 maximal
  Objective        : minimize, 200 non-zeros (abs.min = 100, abs.max = 296)
Presolved Problem  :
  Problem name     : t_100-3000-4
  Variables        : 3392 (3000 binary, 0 integer, 0 implicit integer, 392 continuous)
  Constraints      : 62442 initial, 63056 maximal
  Objective        : minimize, 198 non-zeros (abs.min = 100, abs.max = 296)
  Nonzeros         : 184654 constraint, 0 clique table
Presolvers         :   ExecTime  SetupTime  Calls  FixedVars   AggrVars   ChgTypes  ChgBounds   AddHoles    DelCons    AddCons   ChgSides   ChgCoefs
  boundshift       :       0.00       0.00      0          0          0          0          0          0          0          0          0          0
  convertinttobin  :       0.00       0.00      0          0          0          0          0          0          0          0          0          0
  domcol           :       0.11       0.00      2          0          0          0          0          0          0          0          0          0
  dualagg          :       0.00       0.00      0          0          0          0          0          0          0          0          0          0
  dualcomp         :       0.07       0.00      2          0          0          0          0          0          0          0          0          0
  dualinfer        :       0.00       0.00      0          0          0          0          0          0          0          0          0          0
  dualsparsify     :       0.10       0.00      1          0          0          0          0          0          0          0          0          0
  gateextraction   :       0.00       0.00      0          0          0          0          0          0          0          0          0          0
  implics          :       0.00       0.00      4          0          0          0          0          0          0          0          0          0
  inttobinary      :       0.00       0.00      0          0          0          0          0          0          0          0          0          0
  milp             :       0.15       0.00      1          2        102          0         47          0          0          0          0          0
  qpkktref         :       0.00       0.00      0          0          0          0          0          0          0          0          0          0
  redvub           :       0.00       0.00      0          0          0          0          0          0          0          0          0          0
  sparsify         :       0.05       0.00      1          0          0          0          0          0          0          0          0          0
  stuffing         :       0.00       0.00      0          0          0          0          0          0          0          0          0          0
  trivial          :       0.00       0.00      6          0          0          0          0          0          0          0          0          0
  tworowbnd        :       0.00       0.00      0          0          0          0          0          0          0          0          0          0
  dualfix          :       0.00       0.00      6          0          0          0          0          0          0          0          0          0
  genvbounds       :       0.00       0.00      0          0          0          0          0          0          0          0          0          0
  probing          :       1.40       0.00      1          0          0          0          0          0          0          0          0          0
  pseudoobj        :       0.00       0.00      1          0          0          0          0          0          0          0          0          0
  symmetry         :       0.00       0.00      1          0          0          0          0          0          0          0          0          0
  vbounds          :       0.00       0.00      0          0          0          0          0          0          0          0          0          0
  chancecons       :       0.00       0.00      0          0          0          0          0          0          0          0          0          0
  varbound         :       0.10       0.00      4          0          0          0          0          0          0          0          0          0
  knapsack         :       0.00       0.00      6          0          0          0          0          0          0          0          0          0
  linear           :       0.20       0.03      9          0          4          0        110          0        571          0          0          0
  logicor          :       0.00       0.00      3          0          0          0          0          0          0          0          0         13
  bounddisjunction :       0.00       0.00      1          0          0          0          0          0          0          0          0          0
  benders          :       0.00       0.00      0          0          0          0          0          0          0          0          0          0
  components       :       0.00       0.00      2          0          0          0          0          0          0          0          0          0
  root node        :          -          -      -          0          -          -       3558          -          -          -          -          -
Constraints        :     Number  MaxNumber  #Separate #Propagate    #EnfoLP    #EnfoRelax  #EnfoPS    #Check   #ResProp    Cutoffs    DomReds       Cuts    Applied      Conss   Children
  benderslp        :          0          0          0          0       7434          0          0       1294          0          0          0          0          0          0          0
  chancecons       :          1          1       1284          0          0          0          0          0          0          0          0      53254      31355          0          0
  integral         :          0          0          0          0       7434          0          0       1294          0          0       3432          0          0       3501      12704
  varbound         :      59535      59535        110     354686          0          0          0       1288     696617         19     302655          0          0          0          0
  knapsack         :          1          1        110     401202          0          0          0        102        340       1175      41918          0          0          0          0
  linear           :       2307+      2339        110     401201          0          0          0         99      32366        586    2400178        426        272          0          0
  logicor          :         17+        19         43       3088          0          0          0          0         91          1          8          0          0          0          0
  bounddisjunction :        581+      1180          0      22672          0          0          0          0        167          8         39          0          0          0          0
  benders          :          0          0          0          0          0          0          0         97          0          0          0          0          0          0          0
  fixedvar         :          0          0          0          0          0          0          0         97          0          0          0          0          0          0          0
  countsols        :          0          0          0          0          0          0          0         97          0          0          0          0          0          0          0
  components       :          0          0          0          0          0          0          0          0          0          0          0          0          0          0          0
Constraint Timings :  TotalTime  SetupTime   Separate  Propagate     EnfoLP     EnfoPS     EnfoRelax   Check    ResProp    SB-Prop
  benderslp        :       0.01       0.00       0.00       0.00       0.01       0.00       0.00       0.00       0.00       0.00
  chancecons       :       4.38       0.00       4.38       0.00       0.00       0.00       0.00       0.00       0.00       0.00
  integral         :    3233.67       0.00       0.00       0.00    3233.67       0.00       0.00       0.00       0.00       0.00
  varbound         :      39.70       0.00       0.66      21.10       0.00       0.00       0.00       0.55       0.09      17.31
  knapsack         :      22.13       0.00      19.53       2.11       0.00       0.00       0.00       0.00       0.02       0.47
  linear           :      52.63       0.03       1.01      31.05       0.00       0.00       0.00       0.00       0.12      20.42
  logicor          :       0.01       0.00       0.00       0.01       0.00       0.00       0.00       0.00       0.00       0.00
  bounddisjunction :       0.83       0.00       0.00       0.48       0.00       0.00       0.00       0.00       0.00       0.34
  benders          :       0.00       0.00       0.00       0.00       0.00       0.00       0.00       0.00       0.00       0.00
  fixedvar         :       0.00       0.00       0.00       0.00       0.00       0.00       0.00       0.00       0.00       0.00
  countsols        :       0.00       0.00       0.00       0.00       0.00       0.00       0.00       0.00       0.00       0.00
  components       :       0.03       0.00       0.00       0.02       0.00       0.00       0.00       0.00       0.00       0.01
Propagators        : #Propagate   #ResProp    Cutoffs    DomReds
  dualfix          :          9          0          0          0
  genvbounds       :          0          0          0          0
  nlobbt           :          0          0          0          0
  obbt             :          0          0          0          0
  probing          :          0          0          0          0
  pseudoobj        :      43256          0          0        198
  redcost          :      18110          0          0     431129
  rootredcost      :         38          0          0       1035
  symmetry         :          0          0          0          0
  vbounds          :     224546          0          0          0
Propagator Timings :  TotalTime  SetupTime   Presolve  Propagate    ResProp    SB-Prop
  dualfix          :       0.00       0.00       0.00       0.00       0.00       0.00
  genvbounds       :       0.05       0.00       0.00       0.04       0.00       0.02
  nlobbt           :       0.00       0.00       0.00       0.00       0.00       0.00
  obbt             :       0.00       0.00       0.00       0.00       0.00       0.00
  probing          :       1.40       0.00       1.40       0.00       0.00       0.00
  pseudoobj        :       0.39       0.00       0.00       0.38       0.00       0.01
  redcost          :       2.56       0.00       0.00       2.55       0.00       0.01
  rootredcost      :       0.07       0.00       0.00       0.05       0.00       0.02
  symmetry         :       0.08       0.00       0.00       0.05       0.00       0.03
  vbounds          :       0.31       0.00       0.00       0.28       0.00       0.03
Symmetry           :
  orbitopal red.   :          0 reductions applied,          0 cutoffs
  orbital reduction:          0 reductions applied,          0 cutoffs
  lexicographic red:          0 reductions applied,          0 cutoffs
  shadow tree time :       0.00 s
Conflict Analysis  :       Time      Calls    Success    DomReds  Conflicts   Literals    Reconvs ReconvLits   Dualrays   Nonzeros   LP Iters   (pool size: [10000,10000])
  propagation      :       0.74       1204       1189          -      18985      206.8         60       26.8          -          -          -
  infeasible LP    :       0.00          0          0          -          0        0.0          0        0.0          0        0.0          0
  bound exceed. LP :      38.07       3509       1228          -       1948      152.4          1       27.0        795       39.1      27183
  strong branching :       0.00          0          0          -          0        0.0          0        0.0          -          -          0
  pseudo solution  :       0.00          0          0          -          0        0.0          0        0.0          -          -          -
  applied globally :       0.63          -          -        665       8386      130.4          -          -        795          -          -
  applied locally  :          -          -          -          0         31      541.4          -          -          0          -          -
Separators         :   ExecTime  SetupTime      Calls  RootCalls    Cutoffs    DomReds  FoundCuts ViaPoolAdd  DirectAdd    Applied ViaPoolApp  DirectApp      Conss
  cut pool         :       1.31          -       1952        219          -          -      67940     460543          -          -          -          -          -    (maximal pool size:      34681)
  aggregation      :       5.05       0.00        193        110          0          0      60965     398484          0      63281      63281          0          0
  > cmir           :          -          -          -          -          -          -          -     398484          0      63281      63281          0          -
  > flowcover      :          -          -          -          -          -          -          -          0          0          0          0          0          -
  > knapsackcover  :          -          -          -          -          -          -          -          0          0          0          0          0          -
  cgmip            :       0.00       0.00          0          0          0          0          0          0          0          0          0          0          0
  clique           :       0.00       0.00          2          2          0          0          0          0          0          0          0          0          0
  closecuts        :       0.00       0.00          0          0          0          0          0          0          0          0          0          0          0
  convexproj       :       0.00       0.00          0          0          0          0          0          0          0          0          0          0          0
  disjunctive      :       0.00       0.00          0          0          0          0          0          0          0          0          0          0          0
  eccuts           :       0.00       0.00          0          0          0          0          0          0          0          0          0          0          0
  gauge            :       0.00       0.00          0          0          0          0          0          0          0          0          0          0          0
  gomory           :      23.02       0.00        101         20          0          0       6975      62059          0       8509       8509          0          0
  > gomorymi       :          -          -          -          -          -          -          -      62059          0       8509       8509          0          -
  > strongcg       :          -          -          -          -          -          -          -          0          0          0          0          0          -
  impliedbounds    :       0.25       0.00        193        110          0          0          0          0          0          0          0          0          0
  interminor       :       0.00       0.00          0          0          0          0          0          0          0          0          0          0          0
  intobj           :       0.00       0.00          0          0          0          0          0          0          0          0          0          0          0
  lagromory        :       0.00       0.00          0          0          0          0          0          0          0          0          0          0          0
  mcf              :       0.02       0.00          2          2          0          0          0          0          0          0          0          0          0
  minor            :       0.00       0.00         20         20          0          0          0          0          0          0          0          0          0
  mixing           :       0.00       0.00          0          0          0          0          0          0          0          0          0          0          0
  oddcycle         :       0.00       0.00          0          0          0          0          0          0          0          0          0          0          0
  rapidlearning    :       0.00       0.00          0          0          0          0          0          0          0          0          0          0          0
  rlt              :       0.00       0.00         20         20          0          0          0          0          0          0          0          0          0
  zerohalf         :       0.48       0.00        121         40          0          0          0          0          0          0          0          0          0
Cutselectors       :   ExecTime  SetupTime      Calls  RootCalls   Selected     Forced   Filtered  RootSelec   RootForc   RootFilt 
  hybrid           :       1.18       0.00       1753        111     103417          0     410806      11748          0     102521
  ensemble         :       0.00       0.00          0          0          0          0          0          0          0          0
  dynamic          :       0.00       0.00          0          0          0          0          0          0          0          0
Pricers            :   ExecTime  SetupTime      Calls       Vars
  problem variables:       0.00          -          0          0
Branching Rules    :   ExecTime  SetupTime   BranchLP  BranchExt   BranchPS    Cutoffs    DomReds       Cuts      Conss   Children
  allfullstrong    :       0.00       0.00          0          0          0          0          0          0          0          0
  cloud            :       0.00       0.00          0          0          0          0          0          0          0          0
  distribution     :       0.00       0.00          0          0          0          0          0          0          0          0
  fullstrong       :       0.00       0.00          0          0          0          0          0          0          0          0
  gomory           :       0.00       0.00          0          0          0          0          0          0          0          0
  inference        :       0.00       0.00          0          0          0          0          0          0          0          0
  leastinf         :       0.00       0.00          0          0          0          0          0          0          0          0
  lookahead        :       0.00       0.00          0          0          0          0          0          0          0          0
  mostinf          :       0.00       0.00          0          0          0          0          0          0          0          0
  multaggr         :       0.00       0.00          0          0          0          0          0          0          0          0
  nodereopt        :       0.00       0.00          0          0          0          0          0          0          0          0
  pscost           :       0.00       0.00          0          0          0          0          0          0          0          0
  random           :       0.00       0.00          0          0          0          0          0          0          0          0
  relpscost        :    3233.65       0.00       7434          0          0          0       3432          0       4227      12704
  vanillafullstrong:       0.00       0.00          0          0          0          0          0          0          0          0
Primal Heuristics  :   ExecTime  SetupTime      Calls      Found       Best
  LP solutions     :       0.00          -          -          0          0
  relax solutions  :       0.00          -          -          0          0
  pseudo solutions :       0.00          -          -          0          0
  strong branching :       0.06          -          -          0          0
  actconsdiving    :       0.00       0.00          0          0          0
  adaptivediving   :     321.21       0.00         45          4          4
  alns             :       1.48       0.00          5          1          1
  bound            :       0.00       0.00          0          0          0
  clique           :       0.00       0.00          0          0          0
  coefdiving       :       0.00       0.00          0          0          0
  completesol      :       0.00       0.00          0          0          0
  conflictdiving   :     122.24       0.00         23          0          0
  crossover        :       3.21       0.00         10          1          1
  dins             :       0.00       0.00          0          0          0
  distributiondivin:     120.40       0.00         22          0          0
  dps              :       0.00       0.00          0          0          0
  dualval          :       0.00       0.00          0          0          0
  farkasdiving     :       0.00       0.00          0          0          0
  feaspump         :      19.65       0.00          1          1          1
  fixandinfer      :       0.00       0.00          0          0          0
  fracdiving       :     158.01       0.00         23          3          3
  gins             :       0.07       0.00          0          0          0
  guideddiving     :     181.89       0.00         23          2          2
  indicator        :       0.01       0.00          0          0          0
  indicatordiving  :       0.00       0.00          0          0          0
  intdiving        :       0.00       0.00          0          0          0
  intshifting      :      90.89       0.00         27          0          0
  linesearchdiving :     214.87       0.00         23          4          4
  localbranching   :       0.00       0.00          0          0          0
  locks            :       0.27       0.00          1          1          1
  lpface           :       0.01       0.00          0          0          0
  mpec             :       0.00       0.00          0          0          0
  multistart       :       0.00       0.00          0          0          0
  mutation         :       0.00       0.00          0          0          0
  nlpdiving        :       0.00       0.00          0          0          0
  objpscostdiving  :     844.83       0.00         12         12          1
  octane           :       0.00       0.00          0          0          0
  ofins            :       0.01       0.00          0          0          0
  oneopt           :       0.26       0.00         38          0          0
  padm             :       0.00       0.00          0          0          0
  proximity        :       0.00       0.00          0          0          0
  pscostdiving     :     132.22       0.00         23          4          4
  randrounding     :      10.12       0.00       1227          0          0
  rens             :       0.00       0.00          0          0          0
  reoptsols        :       0.00       0.00          0          0          0
  repair           :       0.00       0.00          0          0          0
  rins             :       7.44       0.00         10          4          2
  rootsoldiving    :      68.62       0.00         12         10          0
  rounding         :      21.07       0.00       9089          8          8
  scheduler        :       0.00       0.00          0          0          0
  shiftandpropagate:       0.00       0.00          0          0          0
  shifting         :      64.25       0.00        655          0          0
  simplerounding   :       0.01       0.00          0          0          0
  subnlp           :       0.01       0.00          0          0          0
  trivial          :       0.02       0.00          4          0          0
  trivialnegation  :       0.00       0.00          0          0          0
  trustregion      :       0.00       0.00          0          0          0
  trysol           :       0.01       0.00          0          0          0
  twoopt           :       0.00       0.00          0          0          0
  undercover       :       0.00       0.00          0          0          0
  vbounds          :       0.15       0.00          2          0          0
  veclendiving     :     192.87       0.00         23          0          0
  zeroobj          :       0.00       0.00          0          0          0
  zirounding       :       2.72       0.00       1000          6          6
  other solutions  :          -          -          -          0          -
LNS (Scheduler)    :      Calls  SetupTime  SolveTime SolveNodes       Sols       Best       Exp3    Exp3-IX  EpsGreedy        UCB TgtFixRate  Opt  Inf Node Stal  Sol  Usr Othr Actv
  rens             :          0       0.00       0.00          0          0          0    0.00000    0.12500   -1.00000    1.00000      0.900    0    0    0    0    0    0    0    1
  rins             :          0       0.00       0.00          0          0          0    0.00000    0.12500   -1.00000    1.00000      0.900    0    0    0    0    0    0    0    1
  mutation         :          0       0.00       0.00          0          0          0    0.00000    0.12500   -1.00000    1.00000      0.900    0    0    0    0    0    0    0    1
  localbranching   :          0       0.00       0.00          0          0          0    0.00000    0.12500   -1.00000    1.00000      0.900    0    0    0    0    0    0    0    1
  crossover        :          0       0.00       0.00          0          0          0    0.00000    0.12500   -1.00000    1.00000      0.900    0    0    0    0    0    0    0    1
  proximity        :          0       0.00       0.00          0          0          0    0.00000    0.12500   -1.00000    1.00000      0.900    0    0    0    0    0    0    0    1
  zeroobjective    :          0       0.00       0.00          0          0          0    0.00000    0.12500   -1.00000    1.00000      0.900    0    0    0    0    0    0    0    1
  dins             :          0       0.00       0.00          0          0          0    0.00000    0.12500   -1.00000    1.00000      0.900    0    0    0    0    0    0    0    1
  trustregion      :          0       0.00       0.00          0          0          0    0.00000    0.00000   -1.00000    1.00000      0.900    0    0    0    0    0    0    0    0
LP                 :       Time      Calls Iterations  Iter/call   Iter/sec  Time-0-It Calls-0-It    ItLimit
  primal LP        :       6.47        882          0       0.00       0.00       6.47        882
  dual LP          :    8393.14      12906    7123625     643.22     848.74       8.89       1831
  lex dual LP      :       0.00          0          0       0.00          -
  barrier LP       :       0.00          0          0       0.00          -       0.00          0
  resolve instable :       0.00          0          0       0.00          -
  diving/probing LP:    2407.85       8143    1898456     233.14     788.44
  strong branching :    3021.50      10036    2459651     245.08     814.05          -          -       3341
    (at root node) :          -         56      49715     887.77          -
  conflict analysis:      30.96       2730      27183       9.96     877.95
B&B Tree           :
  number of runs   :          2
  nodes            :       6370 (4375 internal, 1995 leaves)
  feasible leaves  :          0
  infeas. leaves   :        294
  objective leaves :       1700
  nodes (total)    :       9292 (6352 internal, 2940 leaves)
  nodes left       :       1877
  max depth        :        132
  max depth (total):        370
  backtracks       :        894 (14.0%)
  early backtracks :          0 (0.0%)
  nodes exc. ref.  :          0 (0.0%)
  delayed cutoffs  :          5
  repropagations   :       1609 (28230 domain reductions, 0 cutoffs)
  avg switch length:       9.26
  switching time   :      19.35
Root Node          :
  First LP value   : +6.75154528851151e+05
  First LP Iters   :      12658 (792.29 Iter/sec)
  First LP Time    :      15.98
  Final Dual Bound : +6.81732719148109e+05
  Final Root Iters :     203494
  Root LP Estimate : +7.09796919893044e+05
Solution           :
  Solutions found  :         61 (38 improvements)
  First Solution   : +6.99695790600000e+05   (in run 1, after 1 nodes, 2.47 seconds, depth 601, found by <locks>)
  Gap First Sol.   :   infinite
  Gap Last Sol.    :       1.45 %
  Primal Bound     : +6.92017830600001e+05   (in run 2, after 3467 nodes, 9970.23 seconds, depth 100, found by <rins>)
  Dual Bound       : +6.82304430148233e+05
  Gap              :       1.42 %
Integrals          :      Total       Avg%
  primal-dual      :   25991.91       1.80
  primal-ref       :          -          - (not evaluated)
  dual-ref         :          -          - (not evaluated)

 Branching Statistics...

 Total number of propagations -> 0

 Number of cutoffs of KnaCons -> 0

 Total number of variables fixed to 1 by the propagator -> 0

 Total number of variables fixed to 0 by the propagator -> 0

 Maximum number of rounds of the approximation algorithm -> 0

 Runtime of the exact algorithm -> 0.0000 s

 Total number of variables fixed to 1 in the exact algorithm -> 0

 Total number of variables fixed to 0 in the exact algorithm -> 0

 Number of cutoffs in the exact algorithm -> 0

 Number of cutoffs in the approximation algorithm -> 0

 PS:  
