***************************************
*         SCIP-based CCP Solver       *
*                                     *
*    Wei Lv and Wei-Kun Chen (2024)   *
***************************************
/beegfs/home/20250029/SCIP-CCP/build/ccp -f data/CCRPData/50-100-3000-2.ccrp -s settings/CCRPSetting/BASE+DB+OPF1.set 
SCIP version 9.1.0 [precision: 8 byte] [memory: block] [mode: optimized] [LP solver: Soplex 7.1.0] [GitHash: 8cab0278ba]
Copyright (c) 2002-2024 Zuse Institute Berlin (ZIB)

External libraries: 
  Soplex 7.1.0         Linear Programming Solver developed at Zuse Institute Berlin (soplex.zib.de) [GitHash: 595bfac9]
  CppAD 20180000.0     Algorithmic Differentiation of C++ algorithms developed by B. Bell (github.com/coin-or/CppAD)
  ZLIB 1.2.7           General purpose compression library by J. Gailly and M. Adler (zlib.net)
  GMP 6.2.1            GNU Multiple Precision Arithmetic Library developed by T. Granlund (gmplib.org)
  AMPL/MP 690e9e7      AMPL .nl file reader library (github.com/ampl/mp)
  PaPILO 2.3.0         parallel presolve for integer and linear optimization (github.com/scipopt/papilo) (built with TBB) [GitHash: 4b8ce6ed]
  Nauty 2.8.8          Computing Graph Automorphism Groups by Brendan D. McKay (users.cecs.anu.edu.au/~bdm/nauty)
  sassy 1.1            Symmetry preprocessor by Markus Anders (github.com/markusa4/sassy)

reading user parameter file <settings/CCRPSetting/BASE+DB+OPF1.set>

read problem <data/CCRPData/50-100-3000-2.ccrp>
============

File name: 	data/CCRPData/50-100-3000-2.ccrp
Problem name:	CCRPData/50-100-3000-2
NumResource: 	50
Dimension: 	100
NumScenario: 	3000
ConfidenceParameter: 	0.10
IsEqualProbability: 	1
BASE+DI: 	0
BASE+sDI: 	0
BASE+DB: 	0
BASE+DB+OPF: 	1
Dominance and Aggregation Statistics......
NumEdge:        2548581
NumBiEdge: 	336611
NumDomIneqs: 	2211970
DominanceRatio: 0.4917
NumAggScenario: 2179 
BasicNumScenario: 2178 
Propagator Statistics......
NumBasicDomIneqs: 86142
NumNonReDomIneqs: 36897
Duration: 0.5600 s 

original problem has 7329 variables (2179 bin, 0 int, 0 impl, 5150 cont) and 30151 constraints

solve problem
=============

presolving:
(round 1, fast)       2154 del vars, 13 del conss, 0 add conss, 100 chg bounds, 0 chg sides, 0 chg coeffs, 0 upgd conss, 0 impls, 36897 clqs
   (0.2s) running MILP presolver
   (0.3s) MILP presolver (3 rounds): 143 aggregations, 2740 fixings, 0 bound changes
(round 2, medium)     5037 del vars, 30150 del conss, 29994 add conss, 100 chg bounds, 0 chg sides, 0 chg coeffs, 0 upgd conss, 0 impls, 36897 clqs
(round 3, fast)       5037 del vars, 30150 del conss, 29994 add conss, 193 chg bounds, 0 chg sides, 0 chg coeffs, 0 upgd conss, 0 impls, 36897 clqs
(round 4, exhaustive) 5037 del vars, 30150 del conss, 29994 add conss, 193 chg bounds, 0 chg sides, 0 chg coeffs, 29986 upgd conss, 0 impls, 36897 clqs
   (15.8s) probing: 1000/2178 (45.9%) - 0 fixings, 0 aggregations, 191302 implications, 0 bound changes
   (15.8s) probing: 1001/2178 (46.0%) - 0 fixings, 0 aggregations, 192756 implications, 0 bound changes
   (15.8s) probing aborted: 1000/1000 successive useless probings
   (15.9s) symmetry computation started: requiring (bin +, int +, cont +), (fixed: bin -, int -, cont -)
   Symmetry detection interrupted: constraints of type chancecons do not provide symmetry information.
   If symmetries shall be detected, implement the CONSGETPERMSYMGRAPH callback.
   (15.9s) could not compute symmetry
presolving (5 rounds: 5 fast, 3 medium, 2 exhaustive):
 5037 deleted vars, 30150 deleted constraints, 29994 added constraints, 193 tightened bounds, 0 added holes, 0 changed sides, 0 changed coefficients
 54826 implications, 70161 cliques
presolved problem has 2292 variables (2178 bin, 0 int, 0 impl, 114 cont) and 29995 constraints
      1 constraints of type <chancecons>
  29986 constraints of type <varbound>
      8 constraints of type <linear>
Presolving Time: 15.80

 time | node  | left  |LP iter|LP it/n|mem/heur|mdpt |vars |cons |rows |cuts |sepa|confs|strbr|  dualbound   | primalbound  |  gap   | compl. 
p21.8s|     1 |     0 |     7 |     - | vbounds|   0 |2292 |  29k|  29k|   0 |  0 |   0 |   0 | 5.479053e+03 | 7.254172e+03 |  32.40%| unknown
p24.1s|     1 |     0 |    24 |     - | vbounds|   0 |2292 |  29k|  29k|   0 |  0 |   2 |   0 | 5.479053e+03 | 7.205870e+03 |  31.52%| unknown
 25.3s|     1 |     0 |  3781 |     - |   405M |   0 |2292 |  29k|  29k|   0 |  0 |   2 |   0 | 6.511251e+03 | 7.205870e+03 |  10.67%| unknown
r25.6s|     1 |     0 |  3781 |     - |shifting|   0 |2292 |  29k|  29k|   0 |  0 |   2 |   0 | 6.511251e+03 | 7.025278e+03 |   7.89%| unknown
 26.1s|     1 |     0 |  4783 |     - |   409M |   0 |2292 |  29k|  30k|  90 |  1 |   2 |   0 | 6.623117e+03 | 7.025278e+03 |   6.07%| unknown
 26.4s|     1 |     0 |  4783 |     - |   409M |   0 |2292 |  29k|  30k|  90 |  1 |   2 |   0 | 6.623117e+03 | 7.025278e+03 |   6.07%| unknown
 26.8s|     1 |     0 |  5624 |     - |   412M |   0 |2292 |  29k|  30k| 187 |  2 |   2 |   0 | 6.683928e+03 | 7.025278e+03 |   5.11%| unknown
 27.6s|     1 |     0 |  6323 |     - |   416M |   0 |2292 |  29k|  30k| 287 |  3 |   2 |   0 | 6.721016e+03 | 7.025278e+03 |   4.53%| unknown
 28.1s|     1 |     0 |  7031 |     - |   420M |   0 |2292 |  29k|  30k| 392 |  4 |   2 |   0 | 6.746399e+03 | 7.025278e+03 |   4.13%| unknown
 28.8s|     1 |     0 |  7811 |     - |   424M |   0 |2292 |  29k|  30k| 495 |  5 |   2 |   0 | 6.763789e+03 | 7.025278e+03 |   3.87%| unknown
 29.6s|     1 |     0 |  8677 |     - |   427M |   0 |2292 |  29k|  30k| 594 |  6 |   2 |   0 | 6.775424e+03 | 7.025278e+03 |   3.69%| unknown
 30.4s|     1 |     0 |  9678 |     - |   431M |   0 |2292 |  29k|  30k| 695 |  7 |   2 |   0 | 6.783960e+03 | 7.025278e+03 |   3.56%| unknown
 31.2s|     1 |     0 | 10556 |     - |   435M |   0 |2292 |  29k|  30k| 787 |  8 |   2 |   0 | 6.790620e+03 | 7.025278e+03 |   3.46%| unknown
 32.5s|     1 |     0 | 12059 |     - |   438M |   0 |2292 |  29k|  30k| 878 |  9 |   2 |   0 | 6.797800e+03 | 7.025278e+03 |   3.35%| unknown
 33.8s|     1 |     0 | 13357 |     - |   442M |   0 |2292 |  29k|  30k| 955 | 10 |   2 |   0 | 6.802070e+03 | 7.025278e+03 |   3.28%| unknown
 time | node  | left  |LP iter|LP it/n|mem/heur|mdpt |vars |cons |rows |cuts |sepa|confs|strbr|  dualbound   | primalbound  |  gap   | compl. 
 35.0s|     1 |     0 | 14679 |     - |   446M |   0 |2292 |  29k|  31k|1030 | 11 |   2 |   0 | 6.804971e+03 | 7.025278e+03 |   3.24%| unknown
 36.1s|     1 |     0 | 15988 |     - |   449M |   0 |2292 |  29k|  31k|1106 | 12 |   2 |   0 | 6.807605e+03 | 7.025278e+03 |   3.20%| unknown
 37.4s|     1 |     0 | 17340 |     - |   453M |   0 |2292 |  29k|  31k|1176 | 13 |   2 |   0 | 6.809601e+03 | 7.025278e+03 |   3.17%| unknown
 38.9s|     1 |     0 | 19392 |     - |   457M |   0 |2292 |  29k|  31k|1253 | 14 |   2 |   0 | 6.812822e+03 | 7.025278e+03 |   3.12%| unknown
 40.6s|     1 |     0 | 21101 |     - |   460M |   0 |2292 |  29k|  31k|1327 | 15 |   2 |   0 | 6.814421e+03 | 7.025278e+03 |   3.09%| unknown
 42.5s|     1 |     0 | 23252 |     - |   464M |   0 |2292 |  29k|  31k|1395 | 16 |   2 |   0 | 6.816935e+03 | 7.025278e+03 |   3.06%| unknown
 44.5s|     1 |     0 | 25330 |     - |   467M |   0 |2292 |  29k|  31k|1464 | 17 |   2 |   0 | 6.818557e+03 | 7.025278e+03 |   3.03%| unknown
 46.3s|     1 |     0 | 27239 |     - |   471M |   0 |2292 |  29k|  31k|1531 | 18 |   2 |   0 | 6.820091e+03 | 7.025278e+03 |   3.01%| unknown
 48.6s|     1 |     0 | 29580 |     - |   474M |   0 |2292 |  29k|  31k|1616 | 19 |   2 |   0 | 6.821531e+03 | 7.025278e+03 |   2.99%| unknown
 50.7s|     1 |     0 | 31726 |     - |   478M |   0 |2292 |  29k|  31k|1710 | 20 |   2 |   0 | 6.823215e+03 | 7.025278e+03 |   2.96%| unknown
 53.0s|     1 |     0 | 34006 |     - |   479M |   0 |2292 |  29k|  31k|1794 | 21 |   2 |   0 | 6.824494e+03 | 7.025278e+03 |   2.94%| unknown
 56.0s|     1 |     0 | 37133 |     - |   479M |   0 |2292 |  29k|  31k|1893 | 22 |   2 |   0 | 6.825796e+03 | 7.025278e+03 |   2.92%| unknown
 59.1s|     1 |     0 | 40119 |     - |   481M |   0 |2292 |  29k|  31k|1990 | 23 |   2 |   0 | 6.826942e+03 | 7.025278e+03 |   2.91%| unknown
 61.7s|     1 |     0 | 42588 |     - |   482M |   0 |2292 |  29k|  31k|2079 | 24 |   2 |   0 | 6.827828e+03 | 7.025278e+03 |   2.89%| unknown
 65.2s|     1 |     0 | 46011 |     - |   484M |   0 |2292 |  29k|  31k|2174 | 25 |   2 |   0 | 6.828547e+03 | 7.025278e+03 |   2.88%| unknown
 time | node  | left  |LP iter|LP it/n|mem/heur|mdpt |vars |cons |rows |cuts |sepa|confs|strbr|  dualbound   | primalbound  |  gap   | compl. 
 68.6s|     1 |     0 | 49513 |     - |   484M |   0 |2292 |  29k|  31k|2262 | 26 |   2 |   0 | 6.829041e+03 | 7.025278e+03 |   2.87%| unknown
 72.3s|     1 |     0 | 53354 |     - |   485M |   0 |2292 |  29k|  31k|2348 | 27 |   2 |   0 | 6.829445e+03 | 7.025278e+03 |   2.87%| unknown
 75.9s|     1 |     0 | 56776 |     - |   486M |   0 |2292 |  29k|  32k|2429 | 28 |   2 |   0 | 6.829845e+03 | 7.025278e+03 |   2.86%| unknown
 80.3s|     1 |     0 | 61223 |     - |   486M |   0 |2292 |  29k|  32k|2526 | 29 |   2 |   0 | 6.830210e+03 | 7.025278e+03 |   2.86%| unknown
 83.8s|     1 |     0 | 64629 |     - |   487M |   0 |2292 |  29k|  32k|2645 | 30 |   2 |   0 | 6.830339e+03 | 7.025278e+03 |   2.85%| unknown
 88.0s|     1 |     0 | 69042 |     - |   487M |   0 |2292 |  29k|  31k|2726 | 31 |   2 |   0 | 6.830491e+03 | 7.025278e+03 |   2.85%| unknown
 91.6s|     1 |     0 | 72570 |     - |   487M |   0 |2292 |  29k|  32k|2807 | 32 |   2 |   0 | 6.830571e+03 | 7.025278e+03 |   2.85%| unknown
 96.1s|     1 |     0 | 77192 |     - |   487M |   0 |2292 |  29k|  32k|2877 | 33 |   2 |   0 | 6.830641e+03 | 7.025278e+03 |   2.85%| unknown
  100s|     1 |     0 | 81237 |     - |   488M |   0 |2292 |  29k|  32k|2956 | 34 |   2 |   0 | 6.830694e+03 | 7.025278e+03 |   2.85%| unknown
  105s|     1 |     0 | 85555 |     - |   488M |   0 |2292 |  29k|  32k|3037 | 35 |   2 |   0 | 6.830737e+03 | 7.025278e+03 |   2.85%| unknown
  105s|     1 |     0 | 85555 |     - |   489M |   0 |2292 |  29k|  32k|3037 | 35 |   2 |   0 | 6.830737e+03 | 7.025278e+03 |   2.85%| unknown
  107s|     1 |     0 | 87290 |     - |   489M |   0 |2292 |  29k|  32k|3104 | 36 |   2 |   0 | 6.830772e+03 | 7.025278e+03 |   2.85%| unknown
r 107s|     1 |     0 | 87290 |     - |shifting|   0 |2292 |  29k|  32k|3104 | 36 |   2 |   0 | 6.830772e+03 | 6.831879e+03 |   0.02%| unknown
  107s|     1 |     0 | 87290 |     - |   489M |   0 |2292 |  29k|  32k|3104 | 37 |   2 |   0 | 6.830772e+03 | 6.831879e+03 |   0.02%| unknown
  107s|     1 |     0 | 87290 |     - |   489M |   0 |2292 |  29k|  29k|3104 | 37 |   2 |   0 | 6.830772e+03 | 6.831879e+03 |   0.02%| unknown
 time | node  | left  |LP iter|LP it/n|mem/heur|mdpt |vars |cons |rows |cuts |sepa|confs|strbr|  dualbound   | primalbound  |  gap   | compl. 
  107s|     1 |     0 | 87290 |     - |   489M |   0 |2292 |  29k|  15k|3104 | 38 |   2 |   0 | 6.830772e+03 | 6.831879e+03 |   0.02%| unknown
  107s|     1 |     0 | 87290 |     - |   489M |   0 |2292 |  12k|  15k|3104 | 39 |   2 |   0 | 6.830772e+03 | 6.831879e+03 |   0.02%| unknown
r 107s|     1 |     0 | 87353 |     - |intshift|   0 |2292 |  12k|  15k|3104 | 40 |   2 |   0 | 6.830772e+03 | 6.830872e+03 |   0.00%| unknown
(run 1, node 1) restarting after 636 global fixings of integer variables

(restart) converted 912 cuts from the global cut pool into linear constraints

presolving:
(round 1, fast)       644 del vars, 9 del conss, 0 add conss, 7 chg bounds, 0 chg sides, 12911 chg coeffs, 0 upgd conss, 54826 impls, 4876 clqs
   (119.2s) running MILP presolver
   (119.2s) MILP presolver (2 rounds): 0 aggregations, 6 fixings, 92 bound changes
(round 2, medium)     650 del vars, 9 del conss, 0 add conss, 104 chg bounds, 6 chg sides, 12911 chg coeffs, 0 upgd conss, 54826 impls, 4876 clqs
(round 3, fast)       650 del vars, 54 del conss, 0 add conss, 104 chg bounds, 6 chg sides, 12911 chg coeffs, 0 upgd conss, 54826 impls, 4876 clqs
(round 4, exhaustive) 650 del vars, 56 del conss, 0 add conss, 104 chg bounds, 7 chg sides, 12911 chg coeffs, 15 upgd conss, 54826 impls, 4876 clqs
(round 5, exhaustive) 650 del vars, 61 del conss, 0 add conss, 104 chg bounds, 7 chg sides, 12911 chg coeffs, 93 upgd conss, 54826 impls, 4876 clqs
presolving (6 rounds: 6 fast, 4 medium, 3 exhaustive):
 650 deleted vars, 61 deleted constraints, 0 added constraints, 104 tightened bounds, 0 added holes, 7 changed sides, 12911 changed coefficients
 54826 implications, 4876 cliques
presolved problem has 1642 variables (1542 bin, 0 int, 0 impl, 100 cont) and 13982 constraints
      1 constraints of type <chancecons>
  12976 constraints of type <varbound>
      1 constraints of type <knapsack>
     87 constraints of type <setppc>
    813 constraints of type <linear>
    104 constraints of type <bounddisjunction>
Presolving Time: 15.93

 time | node  | left  |LP iter|LP it/n|mem/heur|mdpt |vars |cons |rows |cuts |sepa|confs|strbr|  dualbound   | primalbound  |  gap   | compl. 
  120s|     1 |     0 | 99016 |     - |   477M |   0 |1642 |  13k|  13k|   0 |  0 | 145 |   0 | 6.830772e+03 | 6.830872e+03 |   0.00%| unknown
  121s|     1 |     0 |100530 |     - |   479M |   0 |1642 |  13k|  13k|  94 |  1 | 145 |   0 | 6.830772e+03 | 6.830872e+03 |   0.00%| unknown
  121s|     1 |     0 |102132 |     - |   480M |   0 |1642 |  13k|  14k| 198 |  2 | 145 |   0 | 6.830772e+03 | 6.830872e+03 |   0.00%| unknown
  122s|     1 |     0 |104048 |     - |   482M |   0 |1642 |  13k|  14k| 305 |  3 | 145 |   0 | 6.830772e+03 | 6.830872e+03 |   0.00%| unknown
  124s|     1 |     0 |105958 |     - |   484M |   0 |1642 |  13k|  14k| 414 |  4 | 146 |   0 | 6.830772e+03 | 6.830872e+03 |   0.00%| unknown
  125s|     1 |     0 |108490 |     - |   485M |   0 |1642 |  13k|  14k| 520 |  5 | 146 |   0 | 6.830772e+03 | 6.830872e+03 |   0.00%| unknown
  126s|     1 |     0 |110884 |     - |   487M |   0 |1642 |  13k|  14k| 617 |  6 | 146 |   0 | 6.830772e+03 | 6.830872e+03 |   0.00%| unknown
  128s|     1 |     0 |113503 |     - |   488M |   0 |1642 |  13k|  14k| 717 |  7 | 146 |   0 | 6.830772e+03 | 6.830872e+03 |   0.00%| unknown
  128s|     1 |     0 |113503 |     - |   489M |   0 |1642 |  13k|  14k| 717 |  7 | 147 |   0 | 6.830772e+03 | 6.830872e+03 |   0.00%| unknown
  130s|     1 |     0 |116108 |     - |   490M |   0 |1642 |  13k|  14k| 822 |  8 | 147 |   0 | 6.830772e+03 | 6.830872e+03 |   0.00%| unknown
  131s|     1 |     0 |118740 |     - |   492M |   0 |1642 |  13k|  14k| 927 |  9 | 148 |   0 | 6.830772e+03 | 6.830872e+03 |   0.00%| unknown
  133s|     1 |     0 |121382 |     - |   493M |   0 |1642 |  13k|  14k|1024 | 10 | 148 |   0 | 6.830772e+03 | 6.830872e+03 |   0.00%| unknown
  134s|     1 |     0 |121382 |     - |   493M |   0 |1642 |  13k|  14k|1024 | 10 | 148 |   0 | 6.830772e+03 | 6.830872e+03 |   0.00%| unknown
  135s|     1 |     0 |123878 |     - |   495M |   0 |1642 |  13k|  14k|1122 | 11 | 148 |   0 | 6.830772e+03 | 6.830872e+03 |   0.00%| unknown
  136s|     1 |     0 |123878 |     - |   495M |   0 |1642 |  13k|  14k|1122 | 11 | 148 |   0 | 6.830772e+03 | 6.830872e+03 |   0.00%| unknown
 time | node  | left  |LP iter|LP it/n|mem/heur|mdpt |vars |cons |rows |cuts |sepa|confs|strbr|  dualbound   | primalbound  |  gap   | compl. 
  137s|     1 |     0 |126149 |     - |   496M |   0 |1642 |  13k|  13k|1214 | 12 | 148 |   0 | 6.830772e+03 | 6.830872e+03 |   0.00%| unknown
  137s|     1 |     0 |126149 |     - |   497M |   0 |1642 |  13k|  13k|1214 | 12 | 149 |   0 | 6.830772e+03 | 6.830872e+03 |   0.00%| unknown
  139s|     1 |     0 |129564 |     - |   498M |   0 |1642 |  13k|  12k|1321 | 13 | 149 |   0 | 6.830772e+03 | 6.830872e+03 |   0.00%| unknown
  139s|     1 |     0 |129564 |     - |   498M |   0 |1642 |  13k|  12k|1321 | 13 | 149 |   0 | 6.830772e+03 | 6.830872e+03 |   0.00%| unknown
  141s|     1 |     0 |132577 |     - |   499M |   0 |1642 |  13k|6399 |1423 | 14 | 149 |   0 | 6.830772e+03 | 6.830872e+03 |   0.00%| unknown
  141s|     1 |     0 |132577 |     - |   499M |   0 |1642 |  13k|5848 |1423 | 14 | 150 |   0 | 6.830772e+03 | 6.830872e+03 |   0.00%| unknown
  142s|     1 |     0 |135644 |     - |   500M |   0 |1642 |  13k|4645 |1525 | 15 | 150 |   0 | 6.830772e+03 | 6.830872e+03 |   0.00%| unknown
  143s|     1 |     0 |135644 |     - |   500M |   0 |1642 |  13k|4291 |1525 | 15 | 150 |   0 | 6.830772e+03 | 6.830872e+03 |   0.00%| unknown
  143s|     1 |     0 |136042 |     - |   502M |   0 |1642 |  13k|3906 |1628 | 16 | 150 |   0 | 6.830772e+03 | 6.830872e+03 |   0.00%| unknown
  143s|     1 |     0 |136042 |     - |   502M |   0 |1642 |  13k|3840 |1628 | 16 | 150 |   0 | 6.830772e+03 | 6.830872e+03 |   0.00%| unknown
  143s|     1 |     0 |136450 |     - |   502M |   0 |1642 |  13k|3742 |1629 | 17 | 150 |   0 | 6.830773e+03 | 6.830872e+03 |   0.00%| unknown
  143s|     1 |     0 |136450 |     - |   502M |   0 |1642 |  13k|3694 |1629 | 17 | 150 |   0 | 6.830773e+03 | 6.830872e+03 |   0.00%| unknown
  144s|     1 |     0 |137431 |     - |   502M |   0 |1642 |  13k|3592 |1630 | 18 | 150 |   0 | 6.830775e+03 | 6.830872e+03 |   0.00%| unknown
  144s|     1 |     0 |137431 |     - |   502M |   0 |1642 |  13k|3530 |1630 | 18 | 150 |   0 | 6.830775e+03 | 6.830872e+03 |   0.00%| unknown
  144s|     1 |     0 |137431 |     - |   503M |   0 |1642 |  13k|3473 |1630 | 19 | 150 |   0 | 6.830775e+03 | 6.830872e+03 |   0.00%| unknown
 time | node  | left  |LP iter|LP it/n|mem/heur|mdpt |vars |cons |rows |cuts |sepa|confs|strbr|  dualbound   | primalbound  |  gap   | compl. 
  144s|     1 |     0 |137431 |     - |   503M |   0 |1642 |2465 |3473 |1630 | 20 | 150 |   0 | 6.830775e+03 | 6.830872e+03 |   0.00%| unknown
L 144s|     1 |     0 |141099 |     - |    rens|   0 |1642 |2469 |3473 |1630 | 21 | 154 |   0 | 6.830775e+03 | 6.830833e+03 |   0.00%| unknown
(run 2, node 1) restarting after 1043 global fixings of integer variables

(restart) converted 774 cuts from the global cut pool into linear constraints

presolving:
(round 1, fast)       1043 del vars, 21 del conss, 0 add conss, 0 chg bounds, 0 chg sides, 2323 chg coeffs, 0 upgd conss, 54826 impls, 15 clqs
   (144.5s) running MILP presolver
   (144.5s) MILP presolver (3 rounds): 1 aggregations, 0 fixings, 78 bound changes
(round 2, medium)     1044 del vars, 22 del conss, 0 add conss, 78 chg bounds, 0 chg sides, 2323 chg coeffs, 0 upgd conss, 54826 impls, 15 clqs
(round 3, fast)       1044 del vars, 112 del conss, 0 add conss, 78 chg bounds, 0 chg sides, 2323 chg coeffs, 0 upgd conss, 54826 impls, 15 clqs
(round 4, exhaustive) 1044 del vars, 242 del conss, 0 add conss, 78 chg bounds, 4 chg sides, 2323 chg coeffs, 0 upgd conss, 54826 impls, 15 clqs
(round 5, exhaustive) 1044 del vars, 242 del conss, 0 add conss, 78 chg bounds, 4 chg sides, 2323 chg coeffs, 84 upgd conss, 54826 impls, 15 clqs
(round 6, medium)     1044 del vars, 324 del conss, 0 add conss, 78 chg bounds, 4 chg sides, 2323 chg coeffs, 84 upgd conss, 54826 impls, 15 clqs
presolving (7 rounds: 7 fast, 5 medium, 3 exhaustive):
 1044 deleted vars, 324 deleted constraints, 0 added constraints, 78 tightened bounds, 0 added holes, 4 changed sides, 2323 changed coefficients
 54826 implications, 15 cliques
presolved problem has 598 variables (499 bin, 0 int, 0 impl, 99 cont) and 2919 constraints
      1 constraints of type <chancecons>
   1545 constraints of type <varbound>
      1 constraints of type <knapsack>
      5 constraints of type <setppc>
   1364 constraints of type <linear>
      1 constraints of type <logicor>
      2 constraints of type <bounddisjunction>
Presolving Time: 15.97
transformed 1/8 original solutions to the transformed problem space

 time | node  | left  |LP iter|LP it/n|mem/heur|mdpt |vars |cons |rows |cuts |sepa|confs|strbr|  dualbound   | primalbound  |  gap   | compl. 
  145s|     1 |     0 |144291 |     - |   503M |   0 | 598 |2919 |2914 |   0 |  0 | 154 |   0 | 6.830775e+03 | 6.830833e+03 |   0.00%| unknown
  145s|     1 |     0 |145290 |     - |   508M |   0 | 598 |2919 |2975 |  61 |  1 | 154 |   0 | 6.830775e+03 | 6.830833e+03 |   0.00%| unknown
  146s|     1 |     0 |145290 |     - |   508M |   0 | 598 |2919 |2934 |  61 |  1 | 154 |   0 | 6.830775e+03 | 6.830833e+03 |   0.00%| unknown
  146s|     1 |     0 |146657 |     - |   522M |   0 | 598 |2914 |2915 | 128 |  2 | 154 |   0 | 6.830775e+03 | 6.830833e+03 |   0.00%| unknown
  146s|     1 |     0 |146657 |     - |   522M |   0 | 598 |2914 |2764 | 128 |  2 | 154 |   0 | 6.830775e+03 | 6.830833e+03 |   0.00%| unknown
  146s|     1 |     0 |146792 |     - |   525M |   0 | 598 |2914 |2433 | 196 |  3 | 154 |   0 | 6.830775e+03 | 6.830833e+03 |   0.00%| unknown
  146s|     1 |     0 |146792 |     - |   525M |   0 | 598 |2914 |2425 | 196 |  3 | 154 |   0 | 6.830775e+03 | 6.830833e+03 |   0.00%| unknown
  146s|     1 |     0 |146903 |     - |   525M |   0 | 598 |2914 |2404 | 203 |  4 | 154 |   0 | 6.830776e+03 | 6.830833e+03 |   0.00%| unknown
  146s|     1 |     0 |146903 |     - |   525M |   0 | 598 |2914 |2380 | 203 |  4 | 154 |   0 | 6.830776e+03 | 6.830833e+03 |   0.00%| unknown
  146s|     1 |     0 |147313 |     - |   525M |   0 | 598 |2914 |2339 | 205 |  5 | 154 |   0 | 6.830777e+03 | 6.830833e+03 |   0.00%| unknown
  147s|     1 |     0 |147313 |     - |   525M |   0 | 598 |2914 |2282 | 205 |  5 | 154 |   0 | 6.830777e+03 | 6.830833e+03 |   0.00%| unknown
  147s|     1 |     0 |147614 |     - |   526M |   0 | 598 |2914 |2181 | 209 |  6 | 154 |   0 | 6.830778e+03 | 6.830833e+03 |   0.00%| unknown
  147s|     1 |     0 |147615 |     - |   526M |   0 | 598 |2914 |2174 | 209 |  6 | 154 |   0 | 6.830778e+03 | 6.830833e+03 |   0.00%| unknown
  147s|     1 |     0 |147783 |     - |   527M |   0 | 598 |2914 |2132 | 218 |  7 | 154 |   0 | 6.830782e+03 | 6.830833e+03 |   0.00%| unknown
  147s|     1 |     0 |147784 |     - |   528M |   0 | 598 |2914 |2111 | 218 |  7 | 154 |   0 | 6.830782e+03 | 6.830833e+03 |   0.00%| unknown
 time | node  | left  |LP iter|LP it/n|mem/heur|mdpt |vars |cons |rows |cuts |sepa|confs|strbr|  dualbound   | primalbound  |  gap   | compl. 
  147s|     1 |     0 |147915 |     - |   528M |   0 | 598 |2914 |2095 | 221 |  8 | 154 |   0 | 6.830783e+03 | 6.830833e+03 |   0.00%| unknown
  147s|     1 |     0 |147919 |     - |   528M |   0 | 598 |2914 |1084 | 221 |  8 | 154 |   0 | 6.830783e+03 | 6.830833e+03 |   0.00%| unknown
  147s|     1 |     0 |147920 |     - |   528M |   0 | 598 |2914 |1084 | 221 |  8 | 154 |   0 | 6.830783e+03 | 6.830833e+03 |   0.00%| unknown
  147s|     1 |     0 |148084 |     - |   528M |   0 | 598 |2914 |1085 | 224 |  9 | 154 |   0 | 6.830787e+03 | 6.830833e+03 |   0.00%| unknown
  147s|     1 |     0 |148088 |     - |   528M |   0 | 598 |2914 |1073 | 224 |  9 | 154 |   0 | 6.830787e+03 | 6.830833e+03 |   0.00%| unknown
  147s|     1 |     0 |148088 |     - |   528M |   0 | 598 |2914 |1073 | 224 |  9 | 154 |   0 | 6.830787e+03 | 6.830833e+03 |   0.00%| unknown
  147s|     1 |     0 |148179 |     - |   528M |   0 | 598 |2914 |1066 | 231 | 10 | 154 |   0 | 6.830788e+03 | 6.830833e+03 |   0.00%| unknown
  147s|     1 |     0 |148180 |     - |   528M |   0 | 598 |2914 | 915 | 231 | 10 | 154 |   0 | 6.830788e+03 | 6.830833e+03 |   0.00%| unknown
  147s|     1 |     0 |148252 |     - |   528M |   0 | 598 |2914 | 908 | 237 | 11 | 154 |   0 | 6.830789e+03 | 6.830833e+03 |   0.00%| unknown
  147s|     1 |     0 |148252 |     - |   528M |   0 | 598 |2914 | 908 | 237 | 11 | 154 |   0 | 6.830789e+03 | 6.830833e+03 |   0.00%| unknown
  147s|     1 |     0 |148285 |     - |   528M |   0 | 598 |2914 | 910 | 239 | 12 | 154 |   0 | 6.830790e+03 | 6.830833e+03 |   0.00%| unknown
  148s|     1 |     0 |148285 |     - |   528M |   0 | 598 |2914 | 910 | 239 | 12 | 154 |   0 | 6.830790e+03 | 6.830833e+03 |   0.00%| unknown
  148s|     1 |     0 |148385 |     - |   528M |   0 | 598 |2914 | 886 | 243 | 13 | 154 |   0 | 6.830791e+03 | 6.830833e+03 |   0.00%| unknown
  148s|     1 |     0 |148387 |     - |   528M |   0 | 598 |2914 | 883 | 243 | 13 | 154 |   0 | 6.830791e+03 | 6.830833e+03 |   0.00%| unknown
  148s|     1 |     0 |148429 |     - |   528M |   0 | 598 |2914 | 857 | 252 | 14 | 154 |   0 | 6.830792e+03 | 6.830833e+03 |   0.00%| unknown
 time | node  | left  |LP iter|LP it/n|mem/heur|mdpt |vars |cons |rows |cuts |sepa|confs|strbr|  dualbound   | primalbound  |  gap   | compl. 
  148s|     1 |     0 |148429 |     - |   528M |   0 | 598 |2914 | 857 | 252 | 14 | 154 |   0 | 6.830792e+03 | 6.830833e+03 |   0.00%| unknown
  148s|     1 |     0 |148456 |     - |   528M |   0 | 598 |2914 | 857 | 255 | 15 | 154 |   0 | 6.830792e+03 | 6.830833e+03 |   0.00%| unknown
  148s|     1 |     0 |148459 |     - |   529M |   0 | 598 |2914 | 849 | 255 | 15 | 154 |   0 | 6.830792e+03 | 6.830833e+03 |   0.00%| unknown
  148s|     1 |     0 |148468 |     - |   530M |   0 | 598 |2914 | 858 | 264 | 16 | 154 |   0 | 6.830792e+03 | 6.830833e+03 |   0.00%| unknown
  148s|     1 |     0 |148522 |     - |   530M |   0 | 598 |2914 | 859 | 265 | 17 | 154 |   0 | 6.830792e+03 | 6.830833e+03 |   0.00%| unknown
  148s|     1 |     0 |148522 |     - |   530M |   0 | 598 |2914 | 853 | 265 | 17 | 154 |   0 | 6.830792e+03 | 6.830833e+03 |   0.00%| unknown
  148s|     1 |     0 |148537 |     - |   530M |   0 | 598 |2914 | 805 | 273 | 18 | 154 |   0 | 6.830792e+03 | 6.830833e+03 |   0.00%| unknown
  148s|     1 |     0 |148542 |     - |   530M |   0 | 598 |2914 | 809 | 277 | 19 | 154 |   0 | 6.830792e+03 | 6.830833e+03 |   0.00%| unknown
  148s|     1 |     0 |148544 |     - |   530M |   0 | 598 |2914 | 816 | 284 | 20 | 154 |   0 | 6.830792e+03 | 6.830833e+03 |   0.00%| unknown
  148s|     1 |     0 |148546 |     - |   530M |   0 | 598 |1640 | 816 | 284 | 21 | 154 |   0 | 6.830792e+03 | 6.830833e+03 |   0.00%| unknown
(run 3, node 1) restarting after 300 global fixings of integer variables

(restart) converted 68 cuts from the global cut pool into linear constraints

presolving:
(round 1, fast)       304 del vars, 1 del conss, 0 add conss, 5 chg bounds, 0 chg sides, 1076 chg coeffs, 0 upgd conss, 54826 impls, 2 clqs
(round 2, fast)       309 del vars, 61 del conss, 0 add conss, 10 chg bounds, 31 chg sides, 1093 chg coeffs, 0 upgd conss, 54826 impls, 1 clqs
(round 3, fast)       313 del vars, 61 del conss, 0 add conss, 10 chg bounds, 31 chg sides, 1093 chg coeffs, 0 upgd conss, 54826 impls, 1 clqs
   (148.6s) running MILP presolver
   (148.6s) MILP presolver (3 rounds): 22 aggregations, 0 fixings, 49 bound changes
(round 4, medium)     335 del vars, 83 del conss, 0 add conss, 59 chg bounds, 31 chg sides, 1093 chg coeffs, 0 upgd conss, 54826 impls, 1 clqs
(round 5, fast)       335 del vars, 284 del conss, 0 add conss, 59 chg bounds, 31 chg sides, 1118 chg coeffs, 0 upgd conss, 54826 impls, 1 clqs
(round 6, exhaustive) 335 del vars, 516 del conss, 0 add conss, 59 chg bounds, 38 chg sides, 1118 chg coeffs, 0 upgd conss, 54826 impls, 1 clqs
(round 7, exhaustive) 335 del vars, 516 del conss, 0 add conss, 59 chg bounds, 38 chg sides, 1118 chg coeffs, 99 upgd conss, 54826 impls, 1 clqs
(round 8, medium)     335 del vars, 615 del conss, 0 add conss, 59 chg bounds, 40 chg sides, 1120 chg coeffs, 99 upgd conss, 54826 impls, 1 clqs
presolving (9 rounds: 9 fast, 5 medium, 3 exhaustive):
 335 deleted vars, 615 deleted constraints, 0 added constraints, 59 tightened bounds, 0 added holes, 40 changed sides, 1120 changed coefficients
 54826 implications, 1 cliques
presolved problem has 263 variables (192 bin, 0 int, 0 impl, 71 cont) and 1094 constraints
      1 constraints of type <chancecons>
    320 constraints of type <varbound>
      1 constraints of type <knapsack>
    770 constraints of type <linear>
      1 constraints of type <logicor>
      1 constraints of type <bounddisjunction>
Presolving Time: 16.00
transformed 2/20 original solutions to the transformed problem space

 time | node  | left  |LP iter|LP it/n|mem/heur|mdpt |vars |cons |rows |cuts |sepa|confs|strbr|  dualbound   | primalbound  |  gap   | compl. 
  149s|     1 |     0 |149393 |     - |   528M |   0 | 263 |1094 |1090 |   0 |  0 | 156 |   0 | 6.830792e+03 | 6.830833e+03 |   0.00%| unknown
  149s|     1 |     0 |149393 |     - |   528M |   0 | 263 |1094 |1076 |   0 |  0 | 156 |   0 | 6.830792e+03 | 6.830833e+03 |   0.00%| unknown
  149s|     1 |     0 |149483 |     - |   528M |   0 | 263 |1094 | 989 |   7 |  1 | 156 |   0 | 6.830794e+03 | 6.830833e+03 |   0.00%| unknown
  149s|     1 |     0 |149484 |     - |   529M |   0 | 263 |1094 | 985 |   7 |  1 | 156 |   0 | 6.830794e+03 | 6.830833e+03 |   0.00%| unknown
  149s|     1 |     0 |149486 |     - |   529M |   0 | 263 |1094 | 985 |   7 |  1 | 156 |   0 | 6.830794e+03 | 6.830833e+03 |   0.00%| unknown
  149s|     1 |     0 |149538 |     - |   529M |   0 | 263 |1094 | 927 |  10 |  2 | 156 |   0 | 6.830795e+03 | 6.830833e+03 |   0.00%| unknown
  149s|     1 |     0 |149538 |     - |   529M |   0 | 263 |1094 | 926 |  10 |  2 | 156 |   0 | 6.830795e+03 | 6.830833e+03 |   0.00%| unknown
  149s|     1 |     0 |149584 |     - |   529M |   0 | 263 |1094 | 928 |  12 |  3 | 156 |   0 | 6.830796e+03 | 6.830833e+03 |   0.00%| unknown
  149s|     1 |     0 |149585 |     - |   529M |   0 | 263 |1094 | 925 |  12 |  3 | 156 |   0 | 6.830796e+03 | 6.830833e+03 |   0.00%| unknown
  149s|     1 |     0 |149622 |     - |   529M |   0 | 263 |1094 | 907 |  15 |  4 | 156 |   0 | 6.830796e+03 | 6.830833e+03 |   0.00%| unknown
  149s|     1 |     0 |149623 |     - |   529M |   0 | 263 |1094 | 907 |  15 |  4 | 156 |   0 | 6.830796e+03 | 6.830833e+03 |   0.00%| unknown
  149s|     1 |     0 |149623 |     - |   529M |   0 | 263 |1094 | 906 |  15 |  4 | 156 |   0 | 6.830796e+03 | 6.830833e+03 |   0.00%| unknown
  149s|     1 |     0 |149700 |     - |   529M |   0 | 263 |1094 | 906 |  21 |  5 | 156 |   0 | 6.830797e+03 | 6.830833e+03 |   0.00%| unknown
  149s|     1 |     0 |149700 |     - |   529M |   0 | 263 |1094 | 905 |  21 |  5 | 156 |   0 | 6.830797e+03 | 6.830833e+03 |   0.00%| unknown
  149s|     1 |     0 |149727 |     - |   529M |   0 | 263 |1094 | 908 |  24 |  6 | 156 |   0 | 6.830797e+03 | 6.830833e+03 |   0.00%| unknown
 time | node  | left  |LP iter|LP it/n|mem/heur|mdpt |vars |cons |rows |cuts |sepa|confs|strbr|  dualbound   | primalbound  |  gap   | compl. 
  149s|     1 |     0 |149727 |     - |   529M |   0 | 263 |1094 | 908 |  24 |  6 | 156 |   0 | 6.830797e+03 | 6.830833e+03 |   0.00%| unknown
  149s|     1 |     0 |149763 |     - |   529M |   0 | 263 |1094 | 901 |  26 |  7 | 156 |   0 | 6.830798e+03 | 6.830833e+03 |   0.00%| unknown
  149s|     1 |     0 |149812 |     - |   529M |   0 | 263 |1094 | 403 |  29 |  8 | 156 |   0 | 6.830798e+03 | 6.830833e+03 |   0.00%| unknown
  149s|     1 |     0 |149812 |     - |   529M |   0 | 263 |1094 | 401 |  29 |  8 | 156 |   0 | 6.830798e+03 | 6.830833e+03 |   0.00%| unknown
  149s|     1 |     0 |149827 |     - |   529M |   0 | 263 |1094 | 402 |  31 |  9 | 156 |   0 | 6.830799e+03 | 6.830833e+03 |   0.00%| unknown
  149s|     1 |     0 |149827 |     - |   529M |   0 | 263 |1094 | 402 |  31 |  9 | 156 |   0 | 6.830799e+03 | 6.830833e+03 |   0.00%| unknown
  149s|     1 |     0 |149831 |     - |   529M |   0 | 263 |1094 | 401 |  34 | 10 | 156 |   0 | 6.830799e+03 | 6.830833e+03 |   0.00%| unknown
  150s|     1 |     0 |149831 |     - |   529M |   0 | 263 |1094 | 400 |  34 | 10 | 156 |   0 | 6.830799e+03 | 6.830833e+03 |   0.00%| unknown
  150s|     1 |     0 |149874 |     - |   529M |   0 | 263 |1094 | 402 |  36 | 11 | 156 |   0 | 6.830799e+03 | 6.830833e+03 |   0.00%| unknown
  150s|     1 |     0 |149874 |     - |   529M |   0 | 263 |1094 | 400 |  36 | 11 | 156 |   0 | 6.830799e+03 | 6.830833e+03 |   0.00%| unknown
  150s|     1 |     0 |149900 |     - |   529M |   0 | 263 |1094 | 402 |  39 | 12 | 156 |   0 | 6.830800e+03 | 6.830833e+03 |   0.00%| unknown
  150s|     1 |     0 |149900 |     - |   530M |   0 | 263 |1094 | 401 |  39 | 12 | 156 |   0 | 6.830800e+03 | 6.830833e+03 |   0.00%| unknown
  150s|     1 |     0 |149900 |     - |   530M |   0 | 263 | 832 | 401 |  39 | 12 | 156 |   0 | 6.830800e+03 | 6.830833e+03 |   0.00%| unknown
  150s|     1 |     0 |149923 |     - |   530M |   0 | 263 | 832 | 405 |  43 | 13 | 156 |   0 | 6.830800e+03 | 6.830833e+03 |   0.00%| unknown
  150s|     1 |     0 |149924 |     - |   530M |   0 | 263 | 832 | 368 |  43 | 13 | 156 |   0 | 6.830800e+03 | 6.830833e+03 |   0.00%| unknown
 time | node  | left  |LP iter|LP it/n|mem/heur|mdpt |vars |cons |rows |cuts |sepa|confs|strbr|  dualbound   | primalbound  |  gap   | compl. 
  150s|     1 |     0 |149928 |     - |   530M |   0 | 263 | 832 | 367 |  45 | 14 | 156 |   0 | 6.830800e+03 | 6.830833e+03 |   0.00%| unknown
  150s|     1 |     0 |149928 |     - |   531M |   0 | 263 | 832 | 365 |  45 | 14 | 156 |   0 | 6.830800e+03 | 6.830833e+03 |   0.00%| unknown
  150s|     1 |     0 |149953 |     - |   531M |   0 | 263 | 832 | 369 |  49 | 15 | 156 |   0 | 6.830801e+03 | 6.830833e+03 |   0.00%| unknown
  150s|     1 |     0 |149953 |     - |   531M |   0 | 263 | 832 | 368 |  49 | 15 | 156 |   0 | 6.830801e+03 | 6.830833e+03 |   0.00%| unknown
  150s|     1 |     0 |149971 |     - |   531M |   0 | 263 | 832 | 372 |  53 | 16 | 156 |   0 | 6.830801e+03 | 6.830833e+03 |   0.00%| unknown
  150s|     1 |     0 |149980 |     - |   531M |   0 | 263 | 832 | 376 |  57 | 17 | 156 |   0 | 6.830802e+03 | 6.830833e+03 |   0.00%| unknown
  150s|     1 |     0 |149988 |     - |   531M |   0 | 263 | 832 | 379 |  60 | 18 | 156 |   0 | 6.830802e+03 | 6.830833e+03 |   0.00%| unknown
  150s|     1 |     0 |149992 |     - |   531M |   0 | 263 | 832 | 347 |  64 | 19 | 156 |   0 | 6.830802e+03 | 6.830833e+03 |   0.00%| unknown
  150s|     1 |     0 |149994 |     - |   531M |   0 | 263 | 832 | 350 |  67 | 20 | 156 |   0 | 6.830802e+03 | 6.830833e+03 |   0.00%| unknown
  150s|     1 |     0 |150003 |     - |   531M |   0 | 263 | 832 | 352 |  69 | 21 | 156 |   0 | 6.830802e+03 | 6.830833e+03 |   0.00%| unknown
  150s|     1 |     0 |150004 |     - |   531M |   0 | 263 | 811 | 352 |  69 | 22 | 156 |   0 | 6.830802e+03 | 6.830833e+03 |   0.00%| unknown
L 151s|     1 |     0 |150127 |     - |    rens|   0 | 263 | 816 | 352 |  69 | 23 | 161 |   0 | 6.830802e+03 | 6.830817e+03 |   0.00%| unknown
(run 4, node 1) restarting after 97 global fixings of integer variables

(restart) converted 35 cuts from the global cut pool into linear constraints

presolving:
(round 1, fast)       107 del vars, 0 del conss, 0 add conss, 22 chg bounds, 0 chg sides, 422 chg coeffs, 0 upgd conss, 54826 impls, 5 clqs
(round 2, fast)       117 del vars, 89 del conss, 0 add conss, 33 chg bounds, 27 chg sides, 553 chg coeffs, 0 upgd conss, 54826 impls, 5 clqs
(round 3, fast)       121 del vars, 89 del conss, 0 add conss, 33 chg bounds, 27 chg sides, 553 chg coeffs, 0 upgd conss, 54826 impls, 5 clqs
   (150.6s) running MILP presolver
   (150.6s) MILP presolver (3 rounds): 23 aggregations, 0 fixings, 4 bound changes
(round 4, medium)     144 del vars, 112 del conss, 0 add conss, 37 chg bounds, 27 chg sides, 553 chg coeffs, 0 upgd conss, 54826 impls, 5 clqs
(round 5, fast)       144 del vars, 276 del conss, 0 add conss, 37 chg bounds, 29 chg sides, 619 chg coeffs, 0 upgd conss, 54826 impls, 13 clqs
(round 6, exhaustive) 144 del vars, 366 del conss, 0 add conss, 37 chg bounds, 31 chg sides, 619 chg coeffs, 0 upgd conss, 54826 impls, 13 clqs
(round 7, exhaustive) 144 del vars, 366 del conss, 0 add conss, 37 chg bounds, 31 chg sides, 619 chg coeffs, 46 upgd conss, 54826 impls, 13 clqs
(round 8, medium)     144 del vars, 411 del conss, 0 add conss, 37 chg bounds, 33 chg sides, 621 chg coeffs, 46 upgd conss, 54826 impls, 13 clqs
(round 9, exhaustive) 146 del vars, 411 del conss, 0 add conss, 37 chg bounds, 33 chg sides, 621 chg coeffs, 46 upgd conss, 54826 impls, 6 clqs
(round 10, fast)       146 del vars, 411 del conss, 0 add conss, 37 chg bounds, 33 chg sides, 625 chg coeffs, 46 upgd conss, 54826 impls, 6 clqs
presolving (11 rounds: 11 fast, 6 medium, 4 exhaustive):
 146 deleted vars, 411 deleted constraints, 0 added constraints, 37 tightened bounds, 0 added holes, 33 changed sides, 625 changed coefficients
 54826 implications, 6 cliques
presolved problem has 117 variables (80 bin, 0 int, 0 impl, 37 cont) and 440 constraints
      1 constraints of type <chancecons>
     99 constraints of type <varbound>
      1 constraints of type <knapsack>
    334 constraints of type <linear>
      3 constraints of type <logicor>
      2 constraints of type <bounddisjunction>
Presolving Time: 16.03
transformed 3/43 original solutions to the transformed problem space

 time | node  | left  |LP iter|LP it/n|mem/heur|mdpt |vars |cons |rows |cuts |sepa|confs|strbr|  dualbound   | primalbound  |  gap   | compl. 
  151s|     1 |     0 |150390 |     - |   534M |   0 | 117 | 440 | 431 |   0 |  0 | 161 |   0 | 6.830802e+03 | 6.830817e+03 |   0.00%| unknown
  151s|     1 |     0 |150390 |     - |   534M |   0 | 117 | 440 | 420 |   0 |  0 | 161 |   0 | 6.830802e+03 | 6.830817e+03 |   0.00%| unknown
  151s|     1 |     0 |150404 |     - |   534M |   0 | 117 | 440 | 396 |   2 |  1 | 161 |   0 | 6.830802e+03 | 6.830817e+03 |   0.00%| unknown
  151s|     1 |     0 |150417 |     - |   535M |   0 | 117 | 440 | 397 |   3 |  2 | 161 |   0 | 6.830802e+03 | 6.830817e+03 |   0.00%| unknown
  151s|     1 |     0 |150434 |     - |   535M |   0 | 117 | 440 | 399 |   5 |  3 | 161 |   0 | 6.830803e+03 | 6.830817e+03 |   0.00%| unknown
  151s|     1 |     0 |150464 |     - |   535M |   0 | 117 | 440 | 401 |   7 |  4 | 161 |   0 | 6.830805e+03 | 6.830817e+03 |   0.00%| unknown
  151s|     1 |     0 |150464 |     - |   535M |   0 | 117 | 440 | 398 |   7 |  4 | 161 |   0 | 6.830805e+03 | 6.830817e+03 |   0.00%| unknown
  151s|     1 |     0 |150470 |     - |   535M |   0 | 117 | 440 | 376 |   9 |  5 | 161 |   0 | 6.830805e+03 | 6.830817e+03 |   0.00%| unknown
  151s|     1 |     0 |150470 |     - |   535M |   0 | 117 | 440 | 376 |   9 |  5 | 161 |   0 | 6.830805e+03 | 6.830817e+03 |   0.00%| unknown
  151s|     1 |     0 |150472 |     - |   535M |   0 | 117 | 440 | 375 |  10 |  6 | 161 |   0 | 6.830805e+03 | 6.830817e+03 |   0.00%| unknown
  151s|     1 |     0 |150473 |     - |   535M |   0 | 117 | 440 | 376 |  11 |  7 | 161 |   0 | 6.830805e+03 | 6.830817e+03 |   0.00%| unknown
  151s|     1 |     0 |150481 |     - |   535M |   0 | 117 | 440 | 377 |  12 |  8 | 161 |   0 | 6.830805e+03 | 6.830817e+03 |   0.00%| unknown
  151s|     1 |     0 |150484 |     - |   535M |   0 | 117 | 440 | 378 |  13 |  9 | 161 |   0 | 6.830805e+03 | 6.830817e+03 |   0.00%| unknown
  151s|     1 |     0 |150484 |     - |   535M |   0 | 117 | 440 | 378 |  13 |  9 | 161 |   0 | 6.830805e+03 | 6.830817e+03 |   0.00%| unknown
  151s|     1 |     0 |150485 |     - |   535M |   0 | 117 | 440 | 379 |  14 | 10 | 161 |   0 | 6.830805e+03 | 6.830817e+03 |   0.00%| unknown
 time | node  | left  |LP iter|LP it/n|mem/heur|mdpt |vars |cons |rows |cuts |sepa|confs|strbr|  dualbound   | primalbound  |  gap   | compl. 
  152s|     1 |     0 |150503 |     - |   535M |   0 | 117 | 440 | 380 |  15 | 11 | 161 |   0 | 6.830806e+03 | 6.830817e+03 |   0.00%| unknown
  152s|     1 |     0 |150503 |     - |   535M |   0 | 117 | 359 | 380 |  15 | 11 | 161 |   0 | 6.830806e+03 | 6.830817e+03 |   0.00%| unknown
  152s|     1 |     0 |150511 |     - |   535M |   0 | 117 | 359 | 381 |  16 | 12 | 161 |   0 | 6.830806e+03 | 6.830817e+03 |   0.00%| unknown
  152s|     1 |     0 |150528 |     - |   535M |   0 | 117 | 359 | 383 |  18 | 13 | 161 |   0 | 6.830806e+03 | 6.830817e+03 |   0.00%| unknown
  152s|     1 |     0 |150529 |     - |   535M |   0 | 117 | 359 | 141 |  20 | 14 | 161 |   0 | 6.830806e+03 | 6.830817e+03 |   0.00%| unknown
  152s|     1 |     0 |150541 |     - |   535M |   0 | 117 | 359 | 142 |  21 | 15 | 161 |   0 | 6.830807e+03 | 6.830817e+03 |   0.00%| unknown
  152s|     1 |     0 |150546 |     - |   535M |   0 | 117 | 359 | 143 |  22 | 16 | 161 |   0 | 6.830807e+03 | 6.830817e+03 |   0.00%| unknown
  152s|     1 |     0 |150546 |     - |   535M |   0 | 117 | 359 | 141 |  22 | 16 | 161 |   0 | 6.830807e+03 | 6.830817e+03 |   0.00%| unknown
  152s|     1 |     0 |150550 |     - |   535M |   0 | 117 | 359 | 139 |  23 | 17 | 161 |   0 | 6.830807e+03 | 6.830817e+03 |   0.00%| unknown
  152s|     1 |     0 |150551 |     - |   535M |   0 | 117 | 359 | 140 |  24 | 18 | 161 |   0 | 6.830807e+03 | 6.830817e+03 |   0.00%| unknown
(run 5, node 1) restarting after 39 global fixings of integer variables

(restart) converted 21 cuts from the global cut pool into linear constraints

presolving:
(round 1, fast)       48 del vars, 0 del conss, 0 add conss, 4 chg bounds, 0 chg sides, 144 chg coeffs, 0 upgd conss, 54826 impls, 10 clqs
(round 2, fast)       51 del vars, 16 del conss, 0 add conss, 7 chg bounds, 5 chg sides, 151 chg coeffs, 0 upgd conss, 54826 impls, 10 clqs
(round 3, fast)       53 del vars, 16 del conss, 0 add conss, 7 chg bounds, 6 chg sides, 152 chg coeffs, 0 upgd conss, 54826 impls, 10 clqs
   (152.3s) running MILP presolver
   (152.3s) MILP presolver (3 rounds): 12 aggregations, 0 fixings, 3 bound changes
(round 4, medium)     66 del vars, 28 del conss, 0 add conss, 10 chg bounds, 6 chg sides, 152 chg coeffs, 0 upgd conss, 54826 impls, 6 clqs
(round 5, fast)       66 del vars, 128 del conss, 0 add conss, 11 chg bounds, 8 chg sides, 263 chg coeffs, 0 upgd conss, 54828 impls, 13 clqs
(round 6, fast)       67 del vars, 132 del conss, 0 add conss, 12 chg bounds, 9 chg sides, 436 chg coeffs, 0 upgd conss, 54828 impls, 13 clqs
(round 7, fast)       68 del vars, 133 del conss, 0 add conss, 12 chg bounds, 9 chg sides, 436 chg coeffs, 0 upgd conss, 54828 impls, 16 clqs
(round 8, exhaustive) 68 del vars, 156 del conss, 0 add conss, 12 chg bounds, 9 chg sides, 436 chg coeffs, 0 upgd conss, 54828 impls, 16 clqs
(round 9, exhaustive) 68 del vars, 156 del conss, 0 add conss, 12 chg bounds, 9 chg sides, 436 chg coeffs, 16 upgd conss, 54828 impls, 16 clqs
(round 10, fast)       68 del vars, 157 del conss, 0 add conss, 12 chg bounds, 9 chg sides, 436 chg coeffs, 16 upgd conss, 54828 impls, 16 clqs
(round 11, medium)     68 del vars, 170 del conss, 0 add conss, 12 chg bounds, 11 chg sides, 438 chg coeffs, 16 upgd conss, 54828 impls, 16 clqs
(round 12, exhaustive) 68 del vars, 170 del conss, 0 add conss, 12 chg bounds, 11 chg sides, 441 chg coeffs, 16 upgd conss, 54828 impls, 16 clqs
(round 13, exhaustive) 70 del vars, 170 del conss, 0 add conss, 12 chg bounds, 11 chg sides, 441 chg coeffs, 16 upgd conss, 54828 impls, 11 clqs
(round 14, fast)       70 del vars, 170 del conss, 0 add conss, 12 chg bounds, 11 chg sides, 444 chg coeffs, 16 upgd conss, 54828 impls, 11 clqs
presolving (15 rounds: 15 fast, 7 medium, 5 exhaustive):
 70 deleted vars, 170 deleted constraints, 0 added constraints, 12 tightened bounds, 0 added holes, 11 changed sides, 444 changed coefficients
 54828 implications, 11 cliques
presolved problem has 47 variables (33 bin, 0 int, 0 impl, 14 cont) and 198 constraints
      1 constraints of type <chancecons>
     35 constraints of type <varbound>
      1 constraints of type <knapsack>
      2 constraints of type <setppc>
    153 constraints of type <linear>
      4 constraints of type <logicor>
      2 constraints of type <bounddisjunction>
Presolving Time: 16.05
transformed 2/60 original solutions to the transformed problem space

 time | node  | left  |LP iter|LP it/n|mem/heur|mdpt |vars |cons |rows |cuts |sepa|confs|strbr|  dualbound   | primalbound  |  gap   | compl. 
  152s|     1 |     0 |150707 |     - |   537M |   0 |  47 | 198 | 185 |   0 |  0 | 172 |   0 | 6.830812e+03 | 6.830817e+03 |   0.00%| unknown
  152s|     1 |     0 |150707 |     - |   537M |   0 |  47 | 198 | 183 |   0 |  0 | 172 |   0 | 6.830812e+03 | 6.830817e+03 |   0.00%| unknown
  152s|     1 |     0 |150714 |     - |   537M |   0 |  47 | 198 | 185 |   2 |  1 | 172 |   0 | 6.830817e+03 | 6.830817e+03 |   0.00%| unknown
  152s|     1 |     0 |150714 |     - |   537M |   0 |  47 | 198 | 185 |   2 |  1 | 172 |   0 | 6.830817e+03 | 6.830817e+03 |   0.00%| unknown

SCIP Status        : problem is solved [optimal solution found]
Solving Time (sec) : 152.34
Solving Nodes      : 1 (total of 6 nodes in 6 runs)
Primal Bound       : +6.83081747098158e+03 (62 solutions)
Dual Bound         : +6.83081747098158e+03
Gap                : 0.00 %

primal solution (original space):
=================================

objective value:                     6830.81747098158
z#11                                                1 	(obj:0)
z#15                                                1 	(obj:0)
z#32                                                1 	(obj:0)
z#34                                                1 	(obj:0)
z#39                                                1 	(obj:0)
z#45                                                1 	(obj:0)
z#47                                                1 	(obj:0)
z#58                                                1 	(obj:0)
z#61                                                1 	(obj:0)
z#71                                                1 	(obj:0)
z#72                                                1 	(obj:0)
z#73                                                1 	(obj:0)
z#76                                                1 	(obj:0)
z#85                                                1 	(obj:0)
z#96                                                1 	(obj:0)
z#104                                               1 	(obj:0)
z#109                                               1 	(obj:0)
z#117                                               1 	(obj:0)
z#122                                               1 	(obj:0)
z#123                                               1 	(obj:0)
z#130                                               1 	(obj:0)
z#146                                               1 	(obj:0)
z#149                                               1 	(obj:0)
z#152                                               1 	(obj:0)
z#153                                               1 	(obj:0)
z#158                                               1 	(obj:0)
z#160                                               1 	(obj:0)
z#189                                               1 	(obj:0)
z#194                                               1 	(obj:0)
z#197                                               1 	(obj:0)
z#206                                               1 	(obj:0)
z#218                                               1 	(obj:0)
z#219                                               1 	(obj:0)
z#245                                               1 	(obj:0)
z#246                                               1 	(obj:0)
z#248                                               1 	(obj:0)
z#259                                               1 	(obj:0)
z#262                                               1 	(obj:0)
z#263                                               1 	(obj:0)
z#268                                               1 	(obj:0)
z#274                                               1 	(obj:0)
z#275                                               1 	(obj:0)
z#278                                               1 	(obj:0)
z#284                                               1 	(obj:0)
z#311                                               1 	(obj:0)
z#318                                               1 	(obj:0)
z#335                                               1 	(obj:0)
z#344                                               1 	(obj:0)
z#346                                               1 	(obj:0)
z#361                                               1 	(obj:0)
z#367                                               1 	(obj:0)
z#373                                               1 	(obj:0)
z#391                                               1 	(obj:0)
z#392                                               1 	(obj:0)
z#410                                               1 	(obj:0)
z#418                                               1 	(obj:0)
z#423                                               1 	(obj:0)
z#436                                               1 	(obj:0)
z#446                                               1 	(obj:0)
z#450                                               1 	(obj:0)
z#462                                               1 	(obj:0)
z#463                                               1 	(obj:0)
z#466                                               1 	(obj:0)
z#469                                               1 	(obj:0)
z#479                                               1 	(obj:0)
z#482                                               1 	(obj:0)
z#508                                               1 	(obj:0)
z#512                                               1 	(obj:0)
z#520                                               1 	(obj:0)
z#523                                               1 	(obj:0)
z#528                                               1 	(obj:0)
z#533                                               1 	(obj:0)
z#540                                               1 	(obj:0)
z#543                                               1 	(obj:0)
z#548                                               1 	(obj:0)
z#556                                               1 	(obj:0)
z#558                                               1 	(obj:0)
z#587                                               1 	(obj:0)
z#595                                               1 	(obj:0)
z#596                                               1 	(obj:0)
z#634                                               1 	(obj:0)
z#639                                               1 	(obj:0)
z#640                                               1 	(obj:0)
z#656                                               1 	(obj:0)
z#657                                               1 	(obj:0)
z#666                                               1 	(obj:0)
z#673                                               1 	(obj:0)
z#676                                               1 	(obj:0)
z#688                                               1 	(obj:0)
z#690                                               1 	(obj:0)
z#697                                               1 	(obj:0)
z#701                                               1 	(obj:0)
z#712                                               1 	(obj:0)
z#719                                               1 	(obj:0)
z#720                                               1 	(obj:0)
z#722                                               1 	(obj:0)
z#734                                               1 	(obj:0)
z#756                                               1 	(obj:0)
z#757                                               1 	(obj:0)
z#758                                               1 	(obj:0)
z#770                                               1 	(obj:0)
z#776                                               1 	(obj:0)
z#778                                               1 	(obj:0)
z#786                                               1 	(obj:0)
z#793                                               1 	(obj:0)
z#798                                               1 	(obj:0)
z#807                                               1 	(obj:0)
z#815                                               1 	(obj:0)
z#819                                               1 	(obj:0)
z#820                                               1 	(obj:0)
z#828                                               1 	(obj:0)
z#853                                               1 	(obj:0)
z#856                                               1 	(obj:0)
z#878                                               1 	(obj:0)
z#889                                               1 	(obj:0)
z#907                                               1 	(obj:0)
z#912                                               1 	(obj:0)
z#915                                               1 	(obj:0)
z#924                                               1 	(obj:0)
z#934                                               1 	(obj:0)
z#938                                               1 	(obj:0)
z#940                                               1 	(obj:0)
z#941                                               1 	(obj:0)
z#946                                               1 	(obj:0)
z#956                                               1 	(obj:0)
z#963                                               1 	(obj:0)
z#967                                               1 	(obj:0)
z#971                                               1 	(obj:0)
z#972                                               1 	(obj:0)
z#973                                               1 	(obj:0)
z#975                                1.00000000000002 	(obj:0)
z#995                                               1 	(obj:0)
z#1001                                              1 	(obj:0)
z#1022                                              1 	(obj:0)
z#1026                                              1 	(obj:0)
z#1027                                              1 	(obj:0)
z#1031                                              1 	(obj:0)
z#1055                                              1 	(obj:0)
z#1058                                              1 	(obj:0)
z#1069                                              1 	(obj:0)
z#1083                                              1 	(obj:0)
z#1087                                              1 	(obj:0)
z#1089                                              1 	(obj:0)
z#1105                                              1 	(obj:0)
z#1106                                              1 	(obj:0)
z#1110                                              1 	(obj:0)
z#1115                                              1 	(obj:0)
z#1116                                              1 	(obj:0)
z#1135                                              1 	(obj:0)
z#1141                                              1 	(obj:0)
z#1144                                              1 	(obj:0)
z#1150                                              1 	(obj:0)
z#1154                                              1 	(obj:0)
z#1157                               1.00000000000002 	(obj:0)
z#1163                                              1 	(obj:0)
z#1167                                              1 	(obj:0)
z#1194                                              1 	(obj:0)
z#1203                                              1 	(obj:0)
z#1223                                              1 	(obj:0)
z#1226                                              1 	(obj:0)
z#1240                                              1 	(obj:0)
z#1241                                              1 	(obj:0)
z#1247                                              1 	(obj:0)
z#1252                                              1 	(obj:0)
z#1255                                              1 	(obj:0)
z#1258                                              1 	(obj:0)
z#1292                                              1 	(obj:0)
z#1294                                              1 	(obj:0)
z#1297                                              1 	(obj:0)
z#1301                                              1 	(obj:0)
z#1306                                              1 	(obj:0)
z#1320                                              1 	(obj:0)
z#1325                                              1 	(obj:0)
z#1331                                              1 	(obj:0)
z#1334                                              1 	(obj:0)
z#1337                                              1 	(obj:0)
z#1340                                              1 	(obj:0)
z#1345                                              1 	(obj:0)
z#1348                                              1 	(obj:0)
z#1351                                              1 	(obj:0)
z#1356                                              1 	(obj:0)
z#1358                                              1 	(obj:0)
z#1363                                              1 	(obj:0)
z#1373                                              1 	(obj:0)
z#1380                                              1 	(obj:0)
z#1383                                              1 	(obj:0)
z#1391                                              1 	(obj:0)
z#1397                                              1 	(obj:0)
z#1403                                              1 	(obj:0)
z#1408                                              1 	(obj:0)
z#1410                                              1 	(obj:0)
z#1412                                              1 	(obj:0)
z#1415                                              1 	(obj:0)
z#1416                                              1 	(obj:0)
z#1423                                              1 	(obj:0)
z#1440                                              1 	(obj:0)
z#1442                                              1 	(obj:0)
z#1448                                              1 	(obj:0)
z#1469                                              1 	(obj:0)
z#1476                                              1 	(obj:0)
z#1482                                              1 	(obj:0)
z#1486                                              1 	(obj:0)
z#1494                                              1 	(obj:0)
z#1498                                              1 	(obj:0)
z#1499                                              1 	(obj:0)
z#1502                                              1 	(obj:0)
z#1518                                              1 	(obj:0)
z#1523                                              1 	(obj:0)
z#1530                                              1 	(obj:0)
z#1544                               1.00000000000002 	(obj:0)
z#1548                                              1 	(obj:0)
z#1565                                              1 	(obj:0)
z#1586                                              1 	(obj:0)
z#1589                                              1 	(obj:0)
z#1597                                              1 	(obj:0)
z#1611                                              1 	(obj:0)
z#1614                                              1 	(obj:0)
z#1615                                              1 	(obj:0)
z#1629                                              1 	(obj:0)
z#1634                                              1 	(obj:0)
z#1650                                              1 	(obj:0)
z#1656                                              1 	(obj:0)
z#1668                                              1 	(obj:0)
z#1676                                              1 	(obj:0)
z#1687                                              1 	(obj:0)
z#1692                                              1 	(obj:0)
z#1697                                              1 	(obj:0)
z#1702                                              1 	(obj:0)
z#1704                                              1 	(obj:0)
z#1725                                              1 	(obj:0)
z#1733                                              1 	(obj:0)
z#1741                                              1 	(obj:0)
z#1747                                              1 	(obj:0)
z#1749                                              1 	(obj:0)
z#1753                                              1 	(obj:0)
z#1762                                              1 	(obj:0)
z#1770                                              1 	(obj:0)
z#1785                                              1 	(obj:0)
z#1791                                              1 	(obj:0)
z#1792                                              1 	(obj:0)
z#1797                                              1 	(obj:0)
z#1805                                              1 	(obj:0)
z#1807                                              1 	(obj:0)
z#1814                                              1 	(obj:0)
z#1818                                              1 	(obj:0)
z#1823                                              1 	(obj:0)
z#1839                                              1 	(obj:0)
z#1840                                              1 	(obj:0)
z#1854                                              1 	(obj:0)
z#1857                                              1 	(obj:0)
z#1858                                              1 	(obj:0)
z#1863                                              1 	(obj:0)
z#1878                                              1 	(obj:0)
z#1888                                              1 	(obj:0)
z#1889                                              1 	(obj:0)
z#1904                                              1 	(obj:0)
z#1910                                              1 	(obj:0)
z#1918                                              1 	(obj:0)
z#1919                                              1 	(obj:0)
z#1928                                              1 	(obj:0)
z#1971                                              1 	(obj:0)
z#1972                                              1 	(obj:0)
z#1974                                              1 	(obj:0)
z#1979                                              1 	(obj:0)
z#1985                                              1 	(obj:0)
z#1991                                              1 	(obj:0)
z#1992                                              1 	(obj:0)
z#1996                                              1 	(obj:0)
z#2000                                              1 	(obj:0)
z#2002                                              1 	(obj:0)
z#2005                                              1 	(obj:0)
z#2008                               1.00000000000021 	(obj:0)
z#2011                                              1 	(obj:0)
z#2015                                              1 	(obj:0)
z#2026                                              1 	(obj:0)
z#2037                                              1 	(obj:0)
z#2039                                              1 	(obj:0)
z#2040                                              1 	(obj:0)
z#2045                                              1 	(obj:0)
z#2046                                              1 	(obj:0)
z#2051                                              1 	(obj:0)
z#2061                                              1 	(obj:0)
z#2062                                              1 	(obj:0)
z#2084                                              1 	(obj:0)
z#2086                                              1 	(obj:0)
z#2092                                              1 	(obj:0)
z#2093                                              1 	(obj:0)
z#2094                                              1 	(obj:0)
z#2108                                              1 	(obj:0)
z#2117                                              1 	(obj:0)
z#2129                                              1 	(obj:0)
z#2137                                              1 	(obj:0)
z#2138                                              1 	(obj:0)
z#2141                                              1 	(obj:0)
z#2144                                              1 	(obj:0)
z#2145                                              1 	(obj:0)
z#2150                                              1 	(obj:0)
z#2162                                              1 	(obj:0)
z#2171                                              1 	(obj:0)
z#2177                                              1 	(obj:0)
y#25#51                              68.2555505210693 	(obj:0)
y#30#17                              94.3711570709894 	(obj:0)
y#30#21                              104.565972222222 	(obj:0)
y#31#20                              81.7466802860061 	(obj:0)
y#31#81                              98.3066067992303 	(obj:0)
y#32#42                              66.2576153176675 	(obj:0)
y#36#11                              62.1565217391304 	(obj:0)
y#36#13                              70.8523344191097 	(obj:0)
y#36#24                              89.8642779587405 	(obj:0)
y#36#27                              90.4111755403268 	(obj:0)
y#36#28                              47.3680949922561 	(obj:0)
y#36#41                              76.7533104462972 	(obj:0)
y#36#50                              90.2985948477752 	(obj:0)
y#37#2                               87.1204481792717 	(obj:0)
y#37#10                              83.2785808147174 	(obj:0)
y#37#16                              95.5975609756098 	(obj:0)
y#37#31                              65.4860050890585 	(obj:0)
y#37#44                              96.3932291666667 	(obj:0)
y#37#52                              73.3999025815879 	(obj:0)
y#37#53                              58.2318992654774 	(obj:0)
y#37#67                              83.1813063063063 	(obj:0)
y#37#78                              72.5082146768894 	(obj:0)
y#37#80                              61.2130325814536 	(obj:0)
y#37#89                              87.0997920997921 	(obj:0)
y#38#29                              71.6899766899767 	(obj:0)
y#38#49                              72.0191822311964 	(obj:0)
y#38#68                              71.9011764705882 	(obj:0)
y#41#12                              75.6498388829216 	(obj:0)
y#41#36                              65.7210179076343 	(obj:0)
y#41#86                              88.5528596187175 	(obj:0)
y#41#91                              32.7155599603566 	(obj:0)
y#42#61                              113.022113022113 	(obj:0)
y#47#77                              69.3084886128364 	(obj:0)
x#0                                  652.853777919966 	(obj:0.95)
x#1                                  84.8066037735849 	(obj:1.01)
x#2                                  1507.46095844009 	(obj:0.86)
x#5                                  49.7373358348968 	(obj:1.01)
x#9                                  102.326189231573 	(obj:1)
x#11                                  85.642900670323 	(obj:1)
x#13                                 2377.22419166476 	(obj:0.84)
x#17                                 106.993150684932 	(obj:0.97)
x#18                                 98.8757091284167 	(obj:0.99)
x#25                                 68.2555505210693 	(obj:0.97)
x#30                                 198.937129293212 	(obj:0.97)
x#31                                 180.053287085236 	(obj:0.97)
x#32                                 66.2576153176675 	(obj:0.96)
x#36                                 527.704309943636 	(obj:0.9)
x#37                                 863.509971736831 	(obj:0.92)
x#38                                 215.610335391761 	(obj:0.94)
x#41                                  262.63927636963 	(obj:0.93)
x#42                                 113.022113022113 	(obj:0.95)
x#47                                 69.3084886128364 	(obj:1.02)
y#0#6                                 57.450890817725 	(obj:0)
y#0#8                                83.3044733044733 	(obj:0)
y#0#18                               64.1141279337322 	(obj:0)
y#0#19                                86.078897338403 	(obj:0)
y#0#43                               73.8406198118428 	(obj:0)
y#0#56                               57.6970033296337 	(obj:0)
y#0#70                               96.5010460251046 	(obj:0)
y#0#82                                59.248730964467 	(obj:0)
y#0#90                               74.6179883945841 	(obj:0)
y#1#99                               84.8066037735849 	(obj:0)
y#2#0                                51.7138777841234 	(obj:0)
y#2#4                                89.1580502215657 	(obj:0)
y#2#7                                28.3957617411226 	(obj:0)
y#2#15                               64.7765363128492 	(obj:0)
y#2#23                                62.896897810219 	(obj:0)
y#2#30                               68.0463286713287 	(obj:0)
y#2#32                               86.4054514480409 	(obj:0)
y#2#37                               82.7105263157895 	(obj:0)
y#2#45                                75.631021194605 	(obj:0)
y#2#46                               76.7094017094017 	(obj:0)
y#2#47                               83.4341906202723 	(obj:0)
y#2#48                               86.2013618677043 	(obj:0)
y#2#54                               68.1854043392505 	(obj:0)
y#2#55                               76.5283018867924 	(obj:0)
y#2#57                               66.6778846153846 	(obj:0)
y#2#59                               76.3801820020223 	(obj:0)
y#2#64                               73.1980252331322 	(obj:0)
y#2#69                               80.9954522486104 	(obj:0)
y#2#87                                79.128105211885 	(obj:0)
y#2#94                               63.2902892561984 	(obj:0)
y#2#98                               66.9979079497908 	(obj:0)
y#5#72                               49.7373358348968 	(obj:0)
y#9#88                               102.326189231573 	(obj:0)
y#11#38                               85.642900670323 	(obj:0)
y#13#1                               82.5453324378778 	(obj:0)
y#13#3                               67.0409356725146 	(obj:0)
y#13#5                               87.0620437956205 	(obj:0)
y#13#9                               102.399049881235 	(obj:0)
y#13#14                              77.8181818181818 	(obj:0)
y#13#22                              66.3046916183447 	(obj:0)
y#13#25                              61.5897939156035 	(obj:0)
y#13#26                              86.5743207245605 	(obj:0)
y#13#33                              62.5472179683512 	(obj:0)
y#13#34                              74.9305198147195 	(obj:0)
y#13#35                              89.5713654441007 	(obj:0)
y#13#39                              58.8845726970033 	(obj:0)
y#13#40                              67.8665318503539 	(obj:0)
y#13#60                              66.8560782487191 	(obj:0)
y#13#62                              80.0685292567211 	(obj:0)
y#13#63                               59.661921708185 	(obj:0)
y#13#65                              79.9759903961585 	(obj:0)
y#13#66                              96.0079443892751 	(obj:0)
y#13#71                              89.3539775760812 	(obj:0)
y#13#73                              63.5398706896552 	(obj:0)
y#13#75                               80.377651319193 	(obj:0)
y#13#76                              55.7649379932356 	(obj:0)
y#13#79                              70.7819181429444 	(obj:0)
y#13#83                              89.8570540708515 	(obj:0)
y#13#84                              70.8496420047733 	(obj:0)
y#13#85                              82.7515799708313 	(obj:0)
y#13#92                              112.068181818182 	(obj:0)
y#13#93                              76.1652542372882 	(obj:0)
y#13#95                              62.4176294394523 	(obj:0)
y#13#96                              79.8342541436464 	(obj:0)
y#13#97                               75.757218621096 	(obj:0)
y#17#74                              106.993150684932 	(obj:0)
y#18#58                              98.8757091284167 	(obj:0)
v#0                                  90.5510000000001 	(obj:0)
v#1                                            122.91 	(obj:0)
v#2                                            155.51 	(obj:0)
v#3                                            114.64 	(obj:0)
v#4                                            181.08 	(obj:0)
v#5                                            143.13 	(obj:0)
v#6                                            125.76 	(obj:0)
v#7                                            49.579 	(obj:0)
v#8                                            173.19 	(obj:0)
v#9                                            172.44 	(obj:0)
v#10                                           126.75 	(obj:0)
v#11                                           107.22 	(obj:0)
v#12                                           140.86 	(obj:0)
v#13                                           130.51 	(obj:0)
v#14                                           141.24 	(obj:0)
v#15                                           115.95 	(obj:0)
v#16                                           156.78 	(obj:0)
v#17                                           168.83 	(obj:0)
v#18                                           139.32 	(obj:0)
v#19                                           181.11 	(obj:0)
v#20                                           160.06 	(obj:0)
v#21                                           180.69 	(obj:0)
v#22                                           125.78 	(obj:0)
v#23                                           137.87 	(obj:0)
v#24                                           165.53 	(obj:0)
v#25                                           125.52 	(obj:0)
v#26                                            162.5 	(obj:0)
v#27                                           171.51 	(obj:0)
v#28                                           91.752 	(obj:0)
v#29                                           123.02 	(obj:0)
v#30                                           155.69 	(obj:0)
v#31                                           128.68 	(obj:0)
v#32                                           152.16 	(obj:0)
v#33                                           122.53 	(obj:0)
v#34                                           145.59 	(obj:0)
v#35                                            202.7 	(obj:0)
v#36                                           139.46 	(obj:0)
v#37                                           157.15 	(obj:0)
v#38                                           140.54 	(obj:0)
v#39                                           106.11 	(obj:0)
v#40                                           134.24 	(obj:0)
v#41                                            156.5 	(obj:0)
v#42                                           152.26 	(obj:0)
v#43                                           133.43 	(obj:0)
v#44                                           148.06 	(obj:0)
v#45                                           157.01 	(obj:0)
v#46                                            143.6 	(obj:0)
v#47                                           165.45 	(obj:0)
v#48                                           177.23 	(obj:0)
v#49                                           142.67 	(obj:0)
v#50                                           154.23 	(obj:0)
v#51                                           150.64 	(obj:0)
v#52                                           150.69 	(obj:0)
v#53                                           110.99 	(obj:0)
v#54                                           138.28 	(obj:0)
v#55                                           141.96 	(obj:0)
v#56                                           103.97 	(obj:0)
v#57                                           138.69 	(obj:0)
v#58                                           191.72 	(obj:0)
v#59                                           151.08 	(obj:0)
v#60                                           143.54 	(obj:0)
v#61                                              184 	(obj:0)
v#62                                           151.89 	(obj:0)
v#63                                           134.12 	(obj:0)
v#64                                           133.44 	(obj:0)
v#65                                           133.24 	(obj:0)
v#66                                           193.36 	(obj:0)
v#67                                           147.73 	(obj:0)
v#68                                           152.79 	(obj:0)
v#69                                           160.29 	(obj:0)
v#70                                           184.51 	(obj:0)
v#71                                           167.36 	(obj:0)
v#72                                           106.04 	(obj:0)
v#73                                           117.93 	(obj:0)
v#74                                           156.21 	(obj:0)
v#75                                           155.37 	(obj:0)
v#76                                           98.927 	(obj:0)
v#77                                           167.38 	(obj:0)
v#78                                            132.4 	(obj:0)
v#79                                           115.87 	(obj:0)
v#80                                           122.12 	(obj:0)
v#81                                           153.26 	(obj:0)
v#82                                           116.72 	(obj:0)
v#83                                           144.58 	(obj:0)
v#84                                           148.43 	(obj:0)
v#85                                           170.22 	(obj:0)
v#86                                           204.38 	(obj:0)
v#87                                           162.45 	(obj:0)
v#88                                           195.75 	(obj:0)
v#89                                           167.58 	(obj:0)
v#90                                           154.31 	(obj:0)
v#91                                 66.0199999999996 	(obj:0)
v#92                                           197.24 	(obj:0)
v#93                                            143.8 	(obj:0)
v#94                                           122.53 	(obj:0)
v#95                                           145.87 	(obj:0)
v#96                                           158.95 	(obj:0)
v#97                                           128.56 	(obj:0)
v#98                                            128.1 	(obj:0)
v#99                                           179.79 	(obj:0)

Statistics
==========

SCIP Status        : problem is solved [optimal solution found]
Total Time         :     155.39
  solving          :     152.34
  presolving       :      16.05 (included in solving)
  reading          :       3.05
  copying          :       0.26 (6 #copies) (minimal 0.04, maximal 0.07, average 0.04)
Original Problem   :
  Problem name     : CCRPData/50-100-3000-2
  Variables        : 7329 (2179 binary, 0 integer, 0 implicit integer, 5150 continuous)
  Constraints      : 30151 initial, 30151 maximal
  Objective        : minimize, 50 non-zeros (abs.min = 0.84, abs.max = 1.32)
Presolved Problem  :
  Problem name     : t_CCRPData/50-100-3000-2
  Variables        : 47 (33 binary, 0 integer, 0 implicit integer, 14 continuous)
  Constraints      : 198 initial, 198 maximal
  Objective        : minimize, 31 non-zeros (abs.min = 0.00561343, abs.max = 3.97282)
  Nonzeros         : 2801 constraint, 20 clique table
Presolvers         :   ExecTime  SetupTime  Calls  FixedVars   AggrVars   ChgTypes  ChgBounds   AddHoles    DelCons    AddCons   ChgSides   ChgCoefs
  boundshift       :       0.00       0.00      0          0          0          0          0          0          0          0          0          0
  convertinttobin  :       0.00       0.00      0          0          0          0          0          0          0          0          0          0
  domcol           :       0.08       0.00      8          4          0          0          0          0          0          0          0          0
  dualagg          :       0.00       0.00      0          0          0          0          0          0          0          0          0          0
  dualcomp         :       0.02       0.00      8          0          0          0          0          0          0          0          0          0
  dualinfer        :       0.00       0.00      0          0          0          0          0          0          0          0          0          0
  dualsparsify     :       0.06       0.00      1          0          0          0          0          0          0          0          0          0
  gateextraction   :       0.00       0.00      6          0          0          0          0          0          0          0          0          0
  implics          :       0.00       0.00     30          0          0          0          0          0          0          0          0          0
  inttobinary      :       0.00       0.00      0          0          0          0          0          0          0          0          0          0
  milp             :       0.19       0.00      6       2746        201          0        226          0      30137      29994          0          0
  qpkktref         :       0.00       0.00      0          0          0          0          0          0          0          0          0          0
  redvub           :       0.00       0.00      0          0          0          0          0          0          0          0          0          0
  sparsify         :       0.02       0.00      2          0          0          0          0          0          0          0          0          0
  stuffing         :       0.00       0.00      0          0          0          0          0          0          0          0          0          0
  trivial          :       0.00       0.00     53       2132          0          0          0          0          0          0          0          0
  tworowbnd        :       0.00       0.00      0          0          0          0          0          0          0          0          0          0
  dualfix          :       0.00       0.00     53       2165          0          0          0          0          0          0          0          0
  genvbounds       :       0.00       0.00      0          0          0          0          0          0          0          0          0          0
  probing          :      15.34       0.00      1          0          0          0          0          0          0          0          0          0
  pseudoobj        :       0.00       0.00     18          0          0          0          0          0          0          0          0          0
  symmetry         :       0.00       0.00      1          0          0          0          0          0          0          0          0          0
  vbounds          :       0.00       0.00      5          1          0          0          0          0          0          0          0          0
  chancecons       :       0.02       0.00      1          0          0          0          0          0          0          0          0          0
  varbound         :       0.04       0.02     77          0          0          0         20          0        378          0         70      14713
  knapsack         :       0.02       0.00     86          0          0          0          0          0          0          0          0          0
  setppc           :       0.00       0.00     48          0          0          0          0          0          1          0          0          0
  linear           :       0.19       0.01     73         25          8          0        237          0       1062          0         25       2603
  logicor          :       0.00       0.00     65          0          0          0          0          0          2          0          0        107
  bounddisjunction :       0.00       0.00     48          0          0          0          0          0        151          0          0          0
  benders          :       0.00       0.00      0          0          0          0          0          0          0          0          0          0
  components       :       0.00       0.00      6          0          0          0          0          0          0          0          0          0
  root node        :          -          -      -       2124          -          -       3274          -          -          -          -          -
Constraints        :     Number  MaxNumber  #Separate #Propagate    #EnfoLP    #EnfoRelax  #EnfoPS    #Check   #ResProp    Cutoffs    DomReds       Cuts    Applied      Conss   Children
  benderslp        :          0          0          0          0          0          0          0        220          0          0          0          0          0          0          0
  chancecons       :          1          1        126      20252          0          0          0          0          0         32        317       5630       2480          0          0
  integral         :          0          0          0          0          0          0          0        220          0          0          0          0          0          0          0
  varbound         :         35         35        126      20218          0          0          0        205        524          4       1038          0          0          0          0
  knapsack         :          1          1         86       5236          0          0          0         92          0          5          0          0          0          0          0
  setppc           :          2          2         24       2129          0          0          0          0          0          0          1          0          0          0          0
  linear           :        153        153        126      20211          0          0          0         14        138          5         65        123         25          0          0
  logicor          :          4          4        105         55          0          0          0          0          0          0          0          0          0          0          0
  bounddisjunction :          2          2          0        726          0          0          0          0          0          0          0          0          0          0          0
  benders          :          0          0          0          0          0          0          0         71          0          0          0          0          0          0          0
  fixedvar         :          0          0          0          0          0          0          0         71          0          0          0          0          0          0          0
  countsols        :          0          0          0          0          0          0          0         71          0          0          0          0          0          0          0
  components       :          0          0          0          0          0          0          0          0          0          0          0          0          0          0          0
Constraint Timings :  TotalTime  SetupTime   Separate  Propagate     EnfoLP     EnfoPS     EnfoRelax   Check    ResProp    SB-Prop
  benderslp        :       0.00       0.00       0.00       0.00       0.00       0.00       0.00       0.00       0.00       0.00
  chancecons       :      46.61       0.00       0.20      46.41       0.00       0.00       0.00       0.00       0.00       0.00
  integral         :       0.00       0.00       0.00       0.00       0.00       0.00       0.00       0.00       0.00       0.00
  varbound         :       2.89       0.02       0.12       2.73       0.00       0.00       0.00       0.02       0.00       0.00
  knapsack         :       0.23       0.00       0.22       0.01       0.00       0.00       0.00       0.00       0.00       0.00
  setppc           :       0.00       0.00       0.00       0.00       0.00       0.00       0.00       0.00       0.00       0.00
  linear           :       0.21       0.01       0.09       0.11       0.00       0.00       0.00       0.00       0.00       0.00
  logicor          :       0.00       0.00       0.00       0.00       0.00       0.00       0.00       0.00       0.00       0.00
  bounddisjunction :       0.00       0.00       0.00       0.00       0.00       0.00       0.00       0.00       0.00       0.00
  benders          :       0.00       0.00       0.00       0.00       0.00       0.00       0.00       0.00       0.00       0.00
  fixedvar         :       0.03       0.00       0.00       0.00       0.00       0.00       0.00       0.03       0.00       0.00
  countsols        :       0.00       0.00       0.00       0.00       0.00       0.00       0.00       0.00       0.00       0.00
  components       :       0.00       0.00       0.00       0.00       0.00       0.00       0.00       0.00       0.00       0.00
Propagators        : #Propagate   #ResProp    Cutoffs    DomReds
  dualfix          :         29          0          0          5
  genvbounds       :          0          0          0          0
  nlobbt           :          0          0          0          0
  obbt             :          0          0          0          0
  probing          :          0          0          0          0
  pseudoobj        :        274          0          0         42
  redcost          :        190          0          0       1802
  rootredcost      :          0          0          0          0
  symmetry         :          0          0          0          0
  vbounds          :      13338          0          0          0
Propagator Timings :  TotalTime  SetupTime   Presolve  Propagate    ResProp    SB-Prop
  dualfix          :       0.00       0.00       0.00       0.00       0.00       0.00
  genvbounds       :       0.00       0.00       0.00       0.00       0.00       0.00
  nlobbt           :       0.00       0.00       0.00       0.00       0.00       0.00
  obbt             :       0.00       0.00       0.00       0.00       0.00       0.00
  probing          :      15.34       0.00      15.34       0.00       0.00       0.00
  pseudoobj        :       0.02       0.00       0.00       0.01       0.00       0.00
  redcost          :       0.02       0.00       0.00       0.02       0.00       0.00
  rootredcost      :       0.00       0.00       0.00       0.00       0.00       0.00
  symmetry         :       0.00       0.00       0.00       0.00       0.00       0.00
  vbounds          :       0.03       0.00       0.00       0.03       0.00       0.00
Symmetry           :
  orbitopal red.   :          0 reductions applied,          0 cutoffs
  orbital reduction:          0 reductions applied,          0 cutoffs
  lexicographic red:          0 reductions applied,          0 cutoffs
  shadow tree time :       0.00 s
Conflict Analysis  :       Time      Calls    Success    DomReds  Conflicts   Literals    Reconvs ReconvLits   Dualrays   Nonzeros   LP Iters   (pool size: [10000,10000])
  propagation      :       0.00          9          7          -         81      285.8          0        0.0          -          -          -
  infeasible LP    :       0.00          0          0          -          0        0.0          0        0.0          0        0.0          0
  bound exceed. LP :       0.73         78         55          -        195       39.6          0        0.0         12       41.8        950
  strong branching :       0.00          0          0          -          0        0.0          0        0.0          -          -          0
  pseudo solution  :       0.00          0          0          -          0        0.0          0        0.0          -          -          -
  applied globally :       0.00          -          -          0        156       37.3          -          -         12          -          -
  applied locally  :          -          -          -          0          4      245.5          -          -          0          -          -
Separators         :   ExecTime  SetupTime      Calls  RootCalls    Cutoffs    DomReds  FoundCuts ViaPoolAdd  DirectAdd    Applied ViaPoolApp  DirectApp      Conss
  cut pool         :       0.07          -        231        231          -          -      27790      51462          -          -          -          -          -    (maximal pool size:      16397)
  aggregation      :       5.55       0.00        126        126          0          0      23841      43619          0       1828       1828          0          0
  > cmir           :          -          -          -          -          -          -          -      43155          0       1817       1817          0          -
  > flowcover      :          -          -          -          -          -          -          -        460          0          8          8          0          -
  > knapsackcover  :          -          -          -          -          -          -          -          4          0          3          3          0          -
  cgmip            :       0.00       0.00          0          0          0          0          0          0          0          0          0          0          0
  clique           :       0.92       0.00        126        126          0          0         63         91          0          1          1          0          0
  closecuts        :       0.00       0.00          0          0          0          0          0          0          0          0          0          0          0
  convexproj       :       0.00       0.00          0          0          0          0          0          0          0          0          0          0          0
  disjunctive      :       0.00       0.00          0          0          0          0          0          0          0          0          0          0          0
  eccuts           :       0.00       0.00          0          0          0          0          0          0          0          0          0          0          0
  gauge            :       0.00       0.00          0          0          0          0          0          0          0          0          0          0          0
  gomory           :       1.00       0.00         51         51          0          0       3152       6616          0        574        574          0          0
  > gomorymi       :          -          -          -          -          -          -          -       6616          0        574        574          0          -
  > strongcg       :          -          -          -          -          -          -          -          0          0          0          0          0          -
  impliedbounds    :       0.09       0.00        126        126          0          4        734       1136          0        205        205          0          0
  interminor       :       0.00       0.00          0          0          0          0          0          0          0          0          0          0          0
  intobj           :       0.00       0.00          0          0          0          0          0          0          0          0          0          0          0
  lagromory        :       0.00       0.00          0          0          0          0          0          0          0          0          0          0          0
  mcf              :       0.00       0.00          8          8          0          0          0          0          0          0          0          0          0
  minor            :       0.00       0.00         51         51          0          0          0          0          0          0          0          0          0
  mixing           :       0.00       0.00          0          0          0          0          0          0          0          0          0          0          0
  oddcycle         :       0.00       0.00          0          0          0          0          0          0          0          0          0          0          0
  rapidlearning    :       0.00       0.00          0          0          0          0          0          0          0          0          0          0          0
  rlt              :       0.00       0.00         51         51          0          0          0          0          0          0          0          0          0
  zerohalf         :       0.06       0.00        100        100          0          0          0          0          0          0          0          0          0
Cutselectors       :   ExecTime  SetupTime      Calls  RootCalls   Selected     Forced   Filtered  RootSelec   RootForc   RootFilt 
  hybrid           :       0.17       0.00        114        114       5114          0      52101       5114          0      52101
  ensemble         :       0.00       0.00          0          0          0          0          0          0          0          0
  dynamic          :       0.00       0.00          0          0          0          0          0          0          0          0
Pricers            :   ExecTime  SetupTime      Calls       Vars
  problem variables:       0.00          -          0          0
Branching Rules    :   ExecTime  SetupTime   BranchLP  BranchExt   BranchPS    Cutoffs    DomReds       Cuts      Conss   Children
  allfullstrong    :       0.00       0.00          0          0          0          0          0          0          0          0
  cloud            :       0.00       0.00          0          0          0          0          0          0          0          0
  distribution     :       0.00       0.00          0          0          0          0          0          0          0          0
  fullstrong       :       0.00       0.00          0          0          0          0          0          0          0          0
  gomory           :       0.00       0.00          0          0          0          0          0          0          0          0
  inference        :       0.00       0.00          0          0          0          0          0          0          0          0
  leastinf         :       0.00       0.00          0          0          0          0          0          0          0          0
  lookahead        :       0.00       0.00          0          0          0          0          0          0          0          0
  mostinf          :       0.00       0.00          0          0          0          0          0          0          0          0
  multaggr         :       0.00       0.00          0          0          0          0          0          0          0          0
  nodereopt        :       0.00       0.00          0          0          0          0          0          0          0          0
  pscost           :       0.00       0.00          0          0          0          0          0          0          0          0
  random           :       0.00       0.00          0          0          0          0          0          0          0          0
  relpscost        :       0.00       0.00          0          0          0          0          0          0          0          0
  vanillafullstrong:       0.00       0.00          0          0          0          0          0          0          0          0
Primal Heuristics  :   ExecTime  SetupTime      Calls      Found       Best
  LP solutions     :       0.00          -          -          0          0
  relax solutions  :       0.00          -          -          0          0
  pseudo solutions :       0.00          -          -          0          0
  strong branching :       0.00          -          -          0          0
  actconsdiving    :       0.00       0.00          0          0          0
  adaptivediving   :       0.00       0.00          0          0          0
  alns             :       0.58       0.00          1          0          0
  bound            :       0.00       0.00          0          0          0
  clique           :       0.18       0.00          1          0          0
  coefdiving       :       0.00       0.00          0          0          0
  completesol      :       0.00       0.00          0          0          0
  conflictdiving   :      10.84       0.00          5          0          0
  crossover        :       0.00       0.00          0          0          0
  dins             :       0.00       0.00          0          0          0
  distributiondivin:       0.00       0.00          0          0          0
  dps              :       0.00       0.00          0          0          0
  dualval          :       0.00       0.00          0          0          0
  farkasdiving     :       0.04       0.00          2          0          0
  feaspump         :       1.21       0.00          1          1          0
  fixandinfer      :       0.00       0.00          0          0          0
  fracdiving       :       0.00       0.00          0          0          0
  gins             :       0.00       0.00          0          0          0
  guideddiving     :       0.00       0.00          0          0          0
  indicator        :       0.00       0.00          0          0          0
  indicatordiving  :       0.00       0.00          0          0          0
  intdiving        :       0.00       0.00          0          0          0
  intshifting      :       0.06       0.00          5          1          1
  linesearchdiving :       0.00       0.00          0          0          0
  localbranching   :       0.00       0.00          0          0          0
  locks            :       2.89       0.00          1          0          0
  lpface           :       0.00       0.00          0          0          0
  mpec             :       0.00       0.00          0          0          0
  multistart       :       0.00       0.00          0          0          0
  mutation         :       0.00       0.00          0          0          0
  nlpdiving        :       0.00       0.00          0          0          0
  objpscostdiving  :       0.00       0.00          0          0          0
  octane           :       0.00       0.00          0          0          0
  ofins            :       0.00       0.00          0          0          0
  oneopt           :       0.01       0.00          5          0          0
  padm             :       0.00       0.00          0          0          0
  proximity        :       0.00       0.00          0          0          0
  pscostdiving     :       0.00       0.00          0          0          0
  randrounding     :      26.77       0.00        123          0          0
  rens             :       0.87       0.00          5          3          2
  reoptsols        :       0.00       0.00          0          0          0
  repair           :       0.00       0.00          0          0          0
  rins             :       0.00       0.00          0          0          0
  rootsoldiving    :       0.00       0.00          0          0          0
  rounding         :       0.06       0.00        100          0          0
  scheduler        :       0.00       0.00          0          0          0
  shiftandpropagate:       0.00       0.00          0          0          0
  shifting         :       0.91       0.00        123         54          2
  simplerounding   :       0.00       0.00          0          0          0
  subnlp           :       0.00       0.00          0          0          0
  trivial          :       0.01       0.00         12          1          0
  trivialnegation  :       0.00       0.00          0          0          0
  trustregion      :       0.00       0.00          0          0          0
  trysol           :       0.00       0.00          0          0          0
  twoopt           :       0.00       0.00          0          0          0
  undercover       :       0.00       0.00          0          0          0
  vbounds          :       5.14       0.00          6          2          2
  veclendiving     :       0.00       0.00          0          0          0
  zeroobj          :       0.00       0.00          0          0          0
  zirounding       :       0.00       0.00          5          0          0
  other solutions  :          -          -          -          0          -
LNS (Scheduler)    :      Calls  SetupTime  SolveTime SolveNodes       Sols       Best       Exp3    Exp3-IX  EpsGreedy        UCB TgtFixRate  Opt  Inf Node Stal  Sol  Usr Othr Actv
  rens             :          0       0.00       0.00          0          0          0    0.00000    0.12500   -1.00000    1.00000      0.900    0    0    0    0    0    0    0    1
  rins             :          0       0.00       0.00          0          0          0    0.00000    0.12500   -1.00000    1.00000      0.900    0    0    0    0    0    0    0    1
  mutation         :          0       0.00       0.00          0          0          0    0.00000    0.12500   -1.00000    1.00000      0.900    0    0    0    0    0    0    0    1
  localbranching   :          0       0.00       0.00          0          0          0    0.00000    0.12500   -1.00000    1.00000      0.900    0    0    0    0    0    0    0    1
  crossover        :          0       0.00       0.00          0          0          0    0.00000    0.12500   -1.00000    1.00000      0.900    0    0    0    0    0    0    0    1
  proximity        :          0       0.00       0.00          0          0          0    0.00000    0.12500   -1.00000    1.00000      0.900    0    0    0    0    0    0    0    1
  zeroobjective    :          0       0.00       0.00          0          0          0    0.00000    0.12500   -1.00000    1.00000      0.900    0    0    0    0    0    0    0    1
  dins             :          0       0.00       0.00          0          0          0    0.00000    0.12500   -1.00000    1.00000      0.900    0    0    0    0    0    0    0    1
  trustregion      :          0       0.00       0.00          0          0          0    0.00000    0.00000   -1.00000    1.00000      0.900    0    0    0    0    0    0    0    0
LP                 :       Time      Calls Iterations  Iter/call   Iter/sec  Time-0-It Calls-0-It    ItLimit
  primal LP        :       0.02         16          0       0.00       0.00       0.02         16
  dual LP          :      77.46        224     138123     972.70    1783.13       0.08         82
  lex dual LP      :       0.00          0          0       0.00          -
  barrier LP       :       0.00          0          0       0.00          -       0.00          0
  resolve instable :       0.00          0          0       0.00          -
  diving/probing LP:      10.46         83      12591     151.70    1203.41
  strong branching :       0.00          0          0       0.00          -          -          -          0
    (at root node) :          -          0          0       0.00          -
  conflict analysis:       0.63         95        950      10.00    1497.91
B&B Tree           :
  number of runs   :          6
  nodes            :          1 (0 internal, 1 leaves)
  feasible leaves  :          0
  infeas. leaves   :          0
  objective leaves :          0
  nodes (total)    :          6 (0 internal, 6 leaves)
  nodes left       :          0
  max depth        :          0
  max depth (total):          0
  backtracks       :          0 (0.0%)
  early backtracks :          0 (0.0%)
  nodes exc. ref.  :          0 (0.0%)
  delayed cutoffs  :          0
  repropagations   :          0 (0 domain reductions, 0 cutoffs)
  avg switch length:       2.00
  switching time   :       0.00
Root Node          :
  First LP value   : +6.51125134225865e+03
  First LP Iters   :       3757 (3281.61 Iter/sec)
  First LP Time    :       1.14
  Final Dual Bound : +6.83081747098158e+03
  Final Root Iters :     138123
  Root LP Estimate :                     -
Solution           :
  Solutions found  :         62 (10 improvements)
  First Solution   : +7.25417198940604e+03   (in run 1, after 1 nodes, 21.84 seconds, depth 990, found by <vbounds>)
  Gap First Sol.   :      32.40 %
  Gap Last Sol.    :       0.00 %
  Primal Bound     : +6.83081747098158e+03   (in run 4, after 1 nodes, 150.57 seconds, depth 0, found by <rens>)
  Dual Bound       : +6.83081747098158e+03
  Gap              :       0.00 %
Integrals          :      Total       Avg%
  primal-dual      :    2512.30      16.49
  primal-ref       :          -          - (not evaluated)
  dual-ref         :          -          - (not evaluated)

 Branching Statistics...

 Total number of propagations -> 20252

 Number of cutoffs of KnaCons -> 0

 Total number of variables fixed to 1 by the propagator -> 17

 Total number of variables fixed to 0 by the propagator -> 299

 Maximum number of rounds of the approximation algorithm -> 6

 Runtime of the exact algorithm -> 0.0000 s

 Total number of variables fixed to 1 in the exact algorithm -> 0

 Total number of variables fixed to 0 in the exact algorithm -> 0

 Number of cutoffs in the exact algorithm -> 0

 Number of cutoffs in the approximation algorithm -> 0

 PS:  
