Set parameter TimeLimit to value 14400
Set parameter Threads to value 1
Set parameter MIPGap to value 0
Set parameter OutputFlag to value 1
Gurobi Optimizer version 12.0.3 build v12.0.3rc0 (linux64 - "CentOS Linux 7 (Core)")

CPU model: Intel(R) Xeon(R) Gold 6230R CPU @ 2.10GHz, instruction set [SSE2|AVX|AVX2|AVX512]
Thread count: 52 physical cores, 52 logical processors, using up to 1 threads

Non-default parameters:
TimeLimit  14400
MIPGap  0
Threads  1

Optimize a model with 6121 rows, 1150 columns and 13764 nonzeros
Model fingerprint: 0xb7233a60
Variable types: 150 continuous, 1000 integer (1000 binary)
Coefficient statistics:
  Matrix range     [1e-03, 9e+01]
  Objective range  [1e+02, 3e+02]
  Bounds range     [5e+02, 6e+02]
  RHS range        [2e-01, 7e+02]
Found heuristic solution: objective 197286.84700
Presolve removed 79 rows and 34 columns
Presolve time: 0.05s
Presolved: 6042 rows, 1116 columns, 19516 nonzeros
Variable types: 116 continuous, 1000 integer (1000 binary)

Root relaxation: objective 1.727536e+05, 2652 iterations, 0.23 seconds (0.26 work units)

    Nodes    |    Current Node    |     Objective Bounds      |     Work
 Expl Unexpl |  Obj  Depth IntInf | Incumbent    BestBd   Gap | It/Node Time

     0     0 172753.585    0  745 197286.847 172753.585  12.4%     -    0s
H    0     0                    180513.24500 172753.585  4.30%     -    0s
     0     0 173374.274    0  722 180513.245 173374.274  3.95%     -    0s
H    0     0                    180446.26000 173374.689  3.92%     -    0s
     0     0 173405.228    0  726 180446.260 173405.228  3.90%     -    0s
     0     0 173407.377    0  726 180446.260 173407.377  3.90%     -    0s
     0     0 173833.428    0  714 180446.260 173833.428  3.66%     -    0s
H    0     0                    180421.26000 173837.748  3.65%     -    1s
     0     0 173931.848    0  727 180421.260 173931.848  3.60%     -    1s
     0     0 173933.201    0  726 180421.260 173933.201  3.60%     -    1s
     0     0 173933.262    0  726 180421.260 173933.262  3.60%     -    1s
     0     0 174465.345    0  761 180421.260 174465.345  3.30%     -    1s
H    0     0                    180019.91300 174465.490  3.09%     -    1s
     0     0 174602.590    0  770 180019.913 174602.590  3.01%     -    1s
     0     0 174620.437    0  772 180019.913 174620.437  3.00%     -    1s
     0     0 174623.012    0  772 180019.913 174623.012  3.00%     -    1s
     0     0 174623.585    0  772 180019.913 174623.585  3.00%     -    1s
     0     0 174814.513    0  780 180019.913 174814.513  2.89%     -    2s
     0     0 174839.900    0  784 180019.913 174839.900  2.88%     -    2s
     0     0 174847.320    0  787 180019.913 174847.320  2.87%     -    2s
     0     0 174849.329    0  786 180019.913 174849.329  2.87%     -    2s
     0     0 174850.132    0  784 180019.913 174850.132  2.87%     -    2s
     0     0 174922.767    0  791 180019.913 174922.767  2.83%     -    2s
     0     0 174947.521    0  802 180019.913 174947.521  2.82%     -    2s
     0     0 174955.196    0  798 180019.913 174955.196  2.81%     -    2s
     0     0 174957.548    0  798 180019.913 174957.548  2.81%     -    2s
     0     0 174958.589    0  804 180019.913 174958.589  2.81%     -    2s
     0     0 175048.733    0  808 180019.913 175048.733  2.76%     -    3s
     0     0 175070.553    0  811 180019.913 175070.553  2.75%     -    3s
     0     0 175078.785    0  809 180019.913 175078.785  2.74%     -    3s
     0     0 175080.014    0  812 180019.913 175080.014  2.74%     -    3s
     0     0 175143.653    0  810 180019.913 175143.653  2.71%     -    3s
     0     0 175194.770    0  840 180019.913 175194.770  2.68%     -    3s
     0     0 175203.834    0  839 180019.913 175203.834  2.68%     -    4s
     0     0 175205.915    0  826 180019.913 175205.915  2.67%     -    4s
     0     0 175206.606    0  840 180019.913 175206.606  2.67%     -    4s
     0     0 175265.815    0  840 180019.913 175265.815  2.64%     -    4s
     0     0 175293.254    0  847 180019.913 175293.254  2.63%     -    4s
     0     0 175301.824    0  845 180019.913 175301.824  2.62%     -    4s
     0     0 175304.065    0  848 180019.913 175304.065  2.62%     -    4s
     0     0 175304.448    0  851 180019.913 175304.448  2.62%     -    4s
     0     0 175349.576    0  838 180019.913 175349.576  2.59%     -    5s
     0     0 175369.156    0  846 180019.913 175369.156  2.58%     -    5s
     0     0 175374.048    0  851 180019.913 175374.048  2.58%     -    5s
     0     0 175377.274    0  849 180019.913 175377.274  2.58%     -    5s
     0     0 175378.235    0  850 180019.913 175378.235  2.58%     -    5s
     0     0 175454.944    0  856 180019.913 175454.944  2.54%     -    5s
     0     0 175463.332    0  859 180019.913 175463.332  2.53%     -    5s
     0     0 175466.554    0  863 180019.913 175466.554  2.53%     -    5s
     0     0 175467.775    0  861 180019.913 175467.775  2.53%     -    5s
     0     0 175496.484    0  847 180019.913 175496.484  2.51%     -    6s
     0     0 175511.067    0  867 180019.913 175511.067  2.50%     -    6s
     0     0 175515.957    0  870 180019.913 175515.957  2.50%     -    6s
     0     0 175521.041    0  867 180019.913 175521.041  2.50%     -    6s
     0     0 175522.764    0  869 180019.913 175522.764  2.50%     -    6s
     0     0 175556.643    0  864 180019.913 175556.643  2.48%     -    6s
     0     0 175585.859    0  876 180019.913 175585.859  2.46%     -    6s
     0     0 175591.884    0  875 180019.913 175591.884  2.46%     -    6s
     0     0 175593.801    0  877 180019.913 175593.801  2.46%     -    6s
     0     0 175594.571    0  873 180019.913 175594.571  2.46%     -    7s
     0     0 175630.387    0  880 180019.913 175630.387  2.44%     -    7s
     0     0 175641.621    0  881 180019.913 175641.621  2.43%     -    7s
     0     0 175644.399    0  880 180019.913 175644.399  2.43%     -    7s
     0     0 175646.349    0  883 180019.913 175646.349  2.43%     -    7s
     0     0 175646.756    0  885 180019.913 175646.756  2.43%     -    7s
     0     0 175664.076    0  858 180019.913 175664.076  2.42%     -    7s
     0     0 175677.328    0  882 180019.913 175677.328  2.41%     -    7s
     0     0 175681.052    0  879 180019.913 175681.052  2.41%     -    8s
     0     0 175682.422    0  888 180019.913 175682.422  2.41%     -    8s
     0     0 175705.881    0  874 180019.913 175705.881  2.40%     -    8s
     0     0 175713.728    0  887 180019.913 175713.728  2.39%     -    8s
     0     0 175716.747    0  891 180019.913 175716.747  2.39%     -    8s
     0     0 175719.419    0  887 180019.913 175719.419  2.39%     -    8s
     0     0 175721.945    0  892 180019.913 175721.945  2.39%     -    8s
     0     0 175724.229    0  892 180019.913 175724.229  2.39%     -    8s
     0     0 175725.791    0  895 180019.913 175725.791  2.39%     -    8s
     0     0 175748.644    0  887 180019.913 175748.644  2.37%     -    9s
     0     0 175758.023    0  888 180019.913 175758.023  2.37%     -    9s
     0     0 175761.221    0  887 180019.913 175761.221  2.37%     -    9s
     0     0 175763.227    0  893 180019.913 175763.227  2.36%     -    9s
     0     0 175763.714    0  892 180019.913 175763.714  2.36%     -    9s
     0     0 175778.918    0  892 180019.913 175778.918  2.36%     -    9s
H    0     0                    179870.67800 175778.920  2.27%     -    9s
     0     0 175789.466    0  894 179870.678 175789.466  2.27%     -    9s
     0     0 175794.089    0  894 179870.678 175794.089  2.27%     -    9s
     0     0 175795.968    0  892 179870.678 175795.968  2.27%     -   10s
     0     0 175796.953    0  897 179870.678 175796.953  2.26%     -   10s
     0     0 175812.670    0  895 179870.678 175812.670  2.26%     -   10s
     0     0 175820.029    0  894 179870.678 175820.029  2.25%     -   10s
     0     0 175821.940    0  899 179870.678 175821.940  2.25%     -   10s
     0     0 175822.754    0  901 179870.678 175822.754  2.25%     -   10s
     0     0 175832.802    0  895 179870.678 175832.802  2.24%     -   10s
H    0     0                    179780.67800 175832.841  2.20%     -   10s
     0     0 175836.446    0  895 179780.678 175836.446  2.19%     -   10s
     0     0 175838.470    0  899 179780.678 175838.470  2.19%     -   11s
     0     0 175839.620    0  903 179780.678 175839.620  2.19%     -   11s
     0     0 175847.889    0  902 179780.678 175847.889  2.19%     -   11s
     0     0 175847.901    0  902 179780.678 175847.901  2.19%     -   11s
H    0     0                    178841.67800 175847.901  1.67%     -   11s
H    0     0                    178816.67800 175847.901  1.66%     -   11s
     0     2 175847.983    0  901 178816.678 175847.983  1.66%     -   11s
    37    39 176004.041   23  862 178816.678 175867.300  1.65%   232   15s
H   78    78                    178667.67800 175867.300  1.57%   250   18s
   112   114 176911.857   69  706 178667.678 175867.300  1.57%   217   20s
H  130   130                    178608.67800 175867.300  1.53%   196   20s
H  135   135                    178584.70200 175867.300  1.52%   189   20s
H  156   156                    178482.95200 175867.300  1.47%   168   20s
H  182   182                    178387.95200 175867.300  1.41%   153   21s
H  189   189                    178313.95200 175867.300  1.37%   148   21s
H  208   208                    178266.85300 175867.300  1.35%   139   21s
H  300   297                    178250.90700 175867.300  1.34%   123   22s
H  351   338                    178250.90698 175867.300  1.34%   114   23s
H  351   338                    178243.93100 175867.300  1.33%   114   23s
   404   373 176451.564   28  807 178243.931 175873.243  1.33%   106   25s
   534   499 177461.864  179  742 178243.931 175873.243  1.33%  91.8   30s
   544   506 178041.460  244  902 178243.931 175903.181  1.31%  90.1   35s
   560   517 176347.349   21  920 178243.931 176029.077  1.24%  87.5   40s
   578   529 177744.718  221  937 178243.931 176114.970  1.19%  84.8   46s
   587   535 176355.905   58  949 178243.931 176159.925  1.17%  83.5   50s
   608   549 176941.823  135  947 178243.931 176221.280  1.13%  80.6   56s
   616   554 177455.781  112  951 178243.931 176248.501  1.12%  79.6   60s
   633   565 177606.823  209  957 178243.931 176285.028  1.10%  77.4   65s
   646   574 177203.451  102  966 178243.931 176315.377  1.08%  75.9   71s
   656   581 176337.189   30  961 178243.931 176337.189  1.07%  74.7   75s
   671   591 176809.977   54  968 178243.931 176356.433  1.06%  73.0   80s
   698   610 176390.923   45  735 178243.931 176367.009  1.05%   176   85s
   706   616 176497.464   50  963 178243.931 176367.186  1.05%   174   90s
   718   624 176380.099   12  961 178243.931 176380.099  1.05%   171   96s
   730   632 177713.207  128  963 178243.931 176391.307  1.04%   168  100s
   739   638 177539.091  174  962 178243.931 176409.886  1.03%   166  105s
   752   646 177286.559   94  969 178243.931 176422.316  1.02%   163  110s
   765   655 176435.566   22  967 178243.931 176435.566  1.01%   160  116s
   772   660 177394.620  103  971 178243.931 176444.445  1.01%   159  120s
   786   669 177234.773   70  969 178243.931 176454.411  1.00%   156  126s
   793   674 176461.152   14  972 178243.931 176461.152  1.00%   155  130s
   802   680 176468.638   26  973 178243.931 176468.638  1.00%   153  135s
H  812   649                    178242.75900 176474.345  0.99%   151  140s
   825   658 177048.818   60  973 178242.759 176481.101  0.99%   149  146s
   843   670 176961.250  138  974 178242.759 176485.889  0.99%   146  150s
   847   675 176487.357   23  970 178242.759 176487.357  0.98%   232  155s
   859   683 176586.637   29  913 178242.759 176492.961  0.98%   244  160s
   871   691 176604.287   35  774 178242.759 176500.393  0.98%   255  165s
H  872   653                    178237.16500 176500.393  0.97%   254  165s
   885   664 176908.525   42  853 178237.165 176504.804  0.97%   265  170s
H  899   637                    178214.12300 176504.804  0.96%   272  174s
   901   641 176976.552   50  768 178214.123 176504.804  0.96%   275  175s
   919   651 177113.354   59  544 178214.123 176504.804  0.96%   289  180s
   932   659 176731.009   66  789 178214.123 176504.804  0.96%   296  185s
   950   671 176749.402   75  814 178214.123 176504.804  0.96%   304  190s
   982   693 176958.836   91  603 178214.123 176504.804  0.96%   311  195s
  1028   723 177564.677  114  685 178214.123 176504.804  0.96%   313  200s
  1101   768     cutoff  150      178214.123 176504.804  0.96%   317  205s
  1230   847 178047.516  215  415 178214.123 176504.804  0.96%   307  210s
H 1251   820                    178206.39700 176504.804  0.95%   305  210s
H 1251   789                    178201.39700 176504.804  0.95%   305  210s
H 1251   760                    178196.12300 176504.804  0.95%   305  210s
H 1332   764                    178176.12300 176504.804  0.94%   296  212s
  1388   772 176508.372   24  944 178176.123 176508.372  0.94%   285  217s
  1390   774 177543.404   25  879 178176.123 176509.611  0.94%   290  220s
  1405   784 176742.700   33  933 178176.123 176509.611  0.94%   299  225s
H 1417   764                    178162.40000 176509.611  0.93%   306  229s
  1418   766 176858.602   39  916 178162.400 176509.611  0.93%   308  230s
  1433   776 176851.645   47  903 178162.400 176509.611  0.93%   316  235s
  1452   787 177562.306   56  751 178162.400 176509.611  0.93%   327  240s
  1466   793 177009.538   63  759 178162.400 176509.611  0.93%   339  245s
  1496   801 177426.861   78  695 178162.400 176509.611  0.93%   347  250s
  1539   821 177393.110  100  694 178162.400 176509.611  0.93%   354  255s
  1586   830 177595.652  123  578 178162.400 176509.611  0.93%   357  260s
  1741   864 176515.808   37  940 178162.400 176515.808  0.92%   337  266s
  1753   871 176633.458   43  832 178162.400 176522.581  0.92%   341  270s
  1787   891 176971.944   60  738 178162.400 176522.581  0.92%   346  275s
H 1808   877                    178159.12300 176522.581  0.92%   348  278s
  1821   886 176932.943   77  738 178159.123 176522.581  0.92%   349  280s
  1865   909 177392.975   99  595 178159.123 176522.581  0.92%   352  285s
  1927   943 177376.752  130  627 178159.123 176522.581  0.92%   353  290s
H 2039   969                    178155.12300 176522.581  0.92%   345  295s
  2158  1030 178003.745   27  717 178155.123 176522.596  0.92%   332  300s
  2194  1054 177531.961   45  733 178155.123 176522.596  0.92%   335  305s
  2211  1067 177024.184   54  792 178155.123 176522.596  0.92%   337  310s
  2262  1098 177617.166   79  697 178155.123 176522.596  0.92%   342  315s
  2304  1130 177552.573  100  641 178155.123 176522.596  0.92%   344  320s
  2383  1183     cutoff  140      178155.123 176522.596  0.92%   342  325s
  2451  1193 176589.840   26  952 178155.123 176523.178  0.92%   339  331s
  2460  1201 176772.826   31  905 178155.123 176523.178  0.92%   344  335s
  2479  1220 176988.924   40  829 178155.123 176523.178  0.92%   349  340s
  2496  1234 176998.335   49  767 178155.123 176523.178  0.92%   352  345s
  2530  1262 177138.594   66  673 178155.123 176523.178  0.92%   355  350s
  2589  1283 177477.006   95  576 178155.123 176523.178  0.92%   354  355s
  2704  1359 177788.887  153  451 178155.123 176523.178  0.92%   350  360s
  2784  1393 176939.779   27  798 178155.123 176524.357  0.92%   345  365s
  2810  1415 177543.881   40  635 178155.123 176524.357  0.92%   348  370s
  2846  1443     cutoff   58      178155.123 176524.357  0.92%   351  375s
  2886  1471 177627.655   78  646 178155.123 176524.357  0.92%   353  380s
  2949  1524 177468.845  110  608 178155.123 176524.357  0.92%   353  385s
  3028  1569     cutoff  149      178155.123 176524.357  0.92%   350  390s
  3087  1575 177543.596   34  857 178155.123 176526.430  0.91%   348  395s
  3112  1598 176816.052   47  824 178155.123 176526.430  0.91%   351  400s
  3146  1625 176941.784   64  802 178155.123 176526.430  0.91%   357  405s
  3161  1640 177219.296   71  711 178155.123 176526.430  0.91%   358  410s
  3201  1678 177329.444   91  555 178155.123 176526.430  0.91%   361  415s
  3251  1727 177568.418  116  681 178155.123 176526.430  0.91%   362  420s
  3311  1785 177571.220  146  567 178155.123 176526.430  0.91%   362  425s
  3426  1841 177202.380   31  753 178155.123 176526.663  0.91%   355  430s
  3452  1863 177562.157   44  733 178155.123 176526.663  0.91%   359  435s
  3484  1887 177251.265   60  762 178155.123 176526.663  0.91%   361  440s
  3518  1920 177461.301   77  726 178155.123 176526.663  0.91%   364  445s
  3552  1942 178088.882   94  612 178155.123 176526.663  0.91%   367  450s
  3619  1973 177652.218  128  583 178155.123 176526.663  0.91%   366  455s
  3752  2041 176607.826   27  963 178155.123 176529.507  0.91%   357  460s
  3789  2078 176994.763   64  859 178155.123 176529.507  0.91%   357  465s
  3889  2172 177987.658  145  611 178155.123 176529.507  0.91%   352  470s
  3954  2223 176693.109   57  911 178155.123 176529.576  0.91%   350  475s
  3989  2258 177012.983   92  788 178155.123 176529.576  0.91%   349  480s
  4008  2277 177208.850  111  716 178155.123 176529.576  0.91%   349  487s
  4051  2320 177671.797  154  563 178155.123 176529.576  0.91%   346  490s
  4104  2346 176819.272   44  944 178155.123 176533.140  0.91%   345  510s
  4157  2399 177312.588   97  763 178155.123 176533.140  0.91%   343  515s
  4240  2466 176583.260   37  937 178155.123 176536.403  0.91%   340  520s
  4282  2508 176969.698   79  814 178155.123 176536.403  0.91%   340  525s
  4430  2634 176587.533   48  928 178155.123 176536.468  0.91%   334  532s
  4446  2650 176691.322   64  887 178155.123 176536.468  0.91%   334  535s
  4518  2722 177440.970  130  644 178155.123 176536.468  0.91%   333  540s
  4621  2795 176800.054   48  781 178155.123 176539.900  0.91%   330  545s
  4777  2937     cutoff  182      178155.123 176539.900  0.91%   323  550s
  4808  2962 176804.770   67  790 178155.123 176540.154  0.91%   323  555s
  4926  3076     cutoff  173      178155.123 176540.154  0.91%   319  560s
  4985  3104 176824.127   54  841 178155.123 176540.718  0.91%   318  565s
  4995  3114 176916.285   64  823 178155.123 176540.718  0.91%   318  570s
  5040  3159 177268.871  109  703 178155.123 176540.718  0.91%   316  575s
  5128  3221 176670.860   47  918 178155.123 176540.915  0.91%   313  580s
  5177  3258 176668.823   47  911 178155.123 176541.060  0.91%   313  586s
  5217  3298 177118.492   87  810 178155.123 176541.060  0.91%   313  590s
  5347  3387 176693.121   47  944 178155.123 176542.711  0.91%   309  597s
  5355  3395 178016.331   51  527 178155.123 176542.711  0.91%   311  600s
  5389  3422 infeasible   68      178155.123 176542.711  0.91%   313  605s
  5447  3472     cutoff   97      178155.123 176542.711  0.91%   315  610s
  5540  3547 177626.151  144  533 178155.123 176542.711  0.91%   314  615s
  5632  3586 176646.957   46  895 178155.123 176542.831  0.90%   312  622s
  5668  3622 176884.742   82  799 178155.123 176542.831  0.90%   312  625s
  5804  3735 176858.490   46  907 178155.123 176548.027  0.90%   308  631s
  5855  3765 176639.409   31  962 178155.123 176548.065  0.90%   308  636s
  5882  3792 176950.741   58  871 178155.123 176548.065  0.90%   308  640s
  5988  3898 177950.498  157  519 178155.123 176548.065  0.90%   305  645s
  6025  3923 177347.428   49  830 178155.123 176548.335  0.90%   306  650s
  6067  3948 176776.909   34  941 178155.123 176553.584  0.90%   306  655s
  6135  4016 177332.639  102  739 178155.123 176553.584  0.90%   305  660s
  6208  4074 176627.845   39  953 178155.123 176555.437  0.90%   303  665s
  6236  4093 176656.332   50  913 178155.123 176557.117  0.90%   305  671s
  6244  4096 176687.230   53  876 178155.123 176557.117  0.90%   305  677s
  6275  4103 178048.081   70  619 178155.123 176557.117  0.90%   307  680s
  6299  4108 177078.910   34  769 178155.123 176560.398  0.90%   307  685s
  6414  4183 177993.892   60  680 178155.123 176567.595  0.89%   304  690s
  6441  4186 176870.702   44  860 178155.123 176567.675  0.89%   305  695s
  6528  4253 176663.015   46  925 178155.123 176569.931  0.89%   303  700s
  6594  4319 177252.612  112  698 178155.123 176569.931  0.89%   302  705s
  6668  4376 178076.929   37  547 178155.123 176571.235  0.89%   301  710s
  6704  4402 177036.727   48  889 178155.123 176576.820  0.89%   301  715s
  6817  4503 176704.695   52  914 178155.123 176577.192  0.89%   299  721s
  6844  4530 176925.889   79  833 178155.123 176577.192  0.89%   299  727s
  6918  4604 177739.501  150  571 178155.123 176577.192  0.89%   297  730s
  6985  4646 176920.006   54  901 178155.123 176583.264  0.88%   296  736s
  7014  4675 177182.535   83  814 178155.123 176583.264  0.88%   296  743s
  7039  4700 177388.144  108  747 178155.123 176583.264  0.88%   295  745s
  7166  4784 178023.083   78  334 178155.123 176585.550  0.88%   293  750s
  7236  4836 177181.638   63  851 178155.123 176585.610  0.88%   292  755s
  7350  4938 177062.069   52  849 178155.123 176585.896  0.88%   289  760s
  7408  4986 176631.587   41  896 178155.123 176586.669  0.88%   289  765s
  7426  5001 177770.343   50  464 178155.123 176586.669  0.88%   291  770s
  7514  5064 178034.343   94  320 178155.123 176586.669  0.88%   292  775s
  7592  5120 178020.553  133  553 178155.123 176586.669  0.88%   294  780s
  7697  5170 176946.701   30  931 178155.123 176586.794  0.88%   293  786s
  7735  5178 176699.741   30  956 178155.123 176587.342  0.88%   293  791s
  7777  5220 177095.382   72  826 178155.123 176587.342  0.88%   293  795s
  7884  5310 176728.829   25  952 178155.123 176587.539  0.88%   292  801s
  7967  5374 177552.437   49  886 178155.123 176594.977  0.88%   290  805s
  8092  5434     cutoff   91      178155.123 176594.982  0.88%   288  810s
  8161  5503 177363.980  115  682 178155.123 176595.006  0.88%   287  815s
  8250  5577 177868.070   49  682 178155.123 176596.049  0.88%   286  820s
  8312  5621 177036.592   71  816 178155.123 176601.562  0.87%   285  825s
  8417  5714 176928.012   50  904 178155.123 176601.732  0.87%   283  830s
  8480  5761 177014.780   43  833 178155.123 176602.866  0.87%   283  835s
  8626  5880 177550.712   44  888 178155.123 176604.290  0.87%   280  840s
  8666  5909 176958.859   59  782 178155.123 176604.299  0.87%   280  845s
  8801  6025 176726.116   36  842 178155.123 176606.027  0.87%   278  850s
  8941  6118 176891.143   44  905 178155.123 176606.400  0.87%   275  855s
  8996  6130 177908.932   42  753 178155.123 176606.447  0.87%   276  860s
  9079  6179 176693.272   42  902 178155.123 176607.831  0.87%   274  865s
  9220  6308 177545.482   28  919 178155.123 176608.745  0.87%   272  871s
  9353  6421 176929.425   28  938 178155.123 176608.777  0.87%   270  876s
  9375  6427 176929.435   39  899 178155.123 176608.780  0.87%   271  881s
  9428  6463 177694.877   66  505 178155.123 176608.780  0.87%   271  885s
  9515  6510 177967.295  110  482 178155.123 176608.780  0.87%   271  890s
  9668  6569 176668.703   39  953 178155.123 176609.208  0.87%   269  896s
  9712  6613 177102.971   83  805 178155.123 176609.208  0.87%   269  900s
  9810  6697 176755.074   28  952 178155.123 176609.617  0.87%   268  906s
  9884  6763 177621.663   98  649 178155.123 176609.617  0.87%   268  910s
  9967  6823 177045.689   63  841 178155.123 176609.761  0.87%   266  915s
 10073  6929 178057.042  169  436 178155.123 176609.761  0.87%   264  920s
 10096  6938 177764.288   46  812 178155.123 176611.402  0.87%   265  925s
 10197  7003 176914.400   49  912 178155.123 176612.373  0.87%   264  930s
 10203  7008 177833.747  164  902 178155.123 176612.373  0.87%   264 1117s
 10207  7011 177938.996   47  936 178155.123 176612.373  0.87%   263 1121s
 10210  7013 177744.757  106  971 178155.123 176612.373  0.87%   263 1125s
 10221  7020 177358.341  106  975 178155.123 176612.373  0.87%   263 1133s
 10227  7024 176666.366   43  976 178155.123 176612.373  0.87%   263 1135s
 10230  7026 177422.284  105  975 178155.123 176612.373  0.87%   263 1140s
 10234  7029 177428.613  113  979 178155.123 176612.373  0.87%   263 1145s
 10242  7034 177321.897  189  976 178155.123 176612.373  0.87%   263 1150s
 10249  7039 177359.925  128  980 178155.123 176612.373  0.87%   262 1156s
 10255  7043 177860.764  160  978 178155.123 176612.373  0.87%   262 1162s
 10260  7046 176791.761   64  973 178155.123 176612.373  0.87%   262 1167s
 10269  7052 177303.714   66  976 178155.123 176612.373  0.87%   262 1174s
 10271  7053 177538.913  153  978 178155.123 176612.373  0.87%   262 1175s
 10278  7058 177977.725  173  973 178155.123 176612.373  0.87%   262 1180s
 10285  7063 177230.422   70  979 178155.123 176612.373  0.87%   261 1185s
 10290  7066 177834.308  161  978 178155.123 176612.373  0.87%   261 1191s
 10298  7071 176994.445   56  972 178155.123 176612.373  0.87%   261 1198s
 10303  7075 177833.747  164  979 178155.123 176612.373  0.87%   261 1200s
 10310  7079 177744.757  106  979 178155.123 176612.373  0.87%   261 1205s
 10311  7080 177388.775  185  976 178155.123 176612.373  0.87%   261 1210s
 10316  7083 177867.636   82  981 178155.123 176612.373  0.87%   261 1217s
 10323  7088 177744.538  193  976 178155.123 176612.373  0.87%   260 1220s
 10331  7093 177436.971  166  981 178155.123 176612.373  0.87%   260 1225s
 10338  7098 177701.212  136  981 178155.123 176612.373  0.87%   260 1232s
 10343  7101 177551.042   49  978 178155.123 176612.373  0.87%   260 1237s
 10347  7104 177562.345   57  978 178155.123 176612.373  0.87%   260 1240s
 10357  7111 177754.298  190  980 178155.123 176612.373  0.87%   260 1246s
 10362  7114 176636.743   46  977 178155.123 176612.373  0.87%   259 1250s
 10366  7117 177281.592  100  977 178155.123 176612.373  0.87%   259 1255s
 10368  7118 177368.407  124  980 178155.123 176612.373  0.87%   259 1260s
 10376  7123 177749.110  189  979 178155.123 176612.373  0.87%   259 1265s
 10381  7127 177689.692  148  977 178155.123 176612.373  0.87%   259 1270s
 10385  7129 177230.422   70  979 178155.123 176613.860  0.87%   259 1277s
 10389  7132 177820.821  107  976 178155.123 176615.207  0.86%   259 1280s
 10394  7135 177607.976  160  977 178155.123 176617.345  0.86%   259 1285s
 10401  7140 176761.762   27  976 178155.123 176619.419  0.86%   258 1290s
 10405  7143 176952.768   67  978 178155.123 176621.149  0.86%   258 1298s
 10411  7147 177388.775  185  976 178155.123 176622.520  0.86%   258 1301s
 10414  7149 176955.918   44  976 178155.123 176623.318  0.86%   258 1305s
 10422  7154 177412.773   60  978 178155.123 176624.777  0.86%   258 1310s
 10428  7158 176988.494  102  976 178155.123 176625.837  0.86%   258 1317s
 10432  7161 177524.375  141  974 178155.123 176626.486  0.86%   258 1320s
 10437  7164 177904.440   97  977 178155.123 176627.548  0.86%   258 1325s
 10441  7167 177102.543  111  978 178155.123 176628.948  0.86%   258 1330s
 10447  7171 177562.345   57  978 178155.123 176630.105  0.86%   257 1335s
 10453  7175 177337.236  110  976 178155.123 176631.517  0.86%   257 1340s
 10460  7179 176791.761   64  978 178155.123 176632.869  0.85%   257 1345s
 10465  7183 176820.507   52  978 178155.123 176633.810  0.85%   257 1350s
 10471  7187 177538.913  153  975 178155.123 176636.014  0.85%   257 1357s
 10476  7190 177749.110  189  978 178155.123 176637.693  0.85%   257 1361s
 10483  7195 177961.539  148  978 178155.123 176638.848  0.85%   256 1365s
 10488  7198 176907.264   46  977 178155.123 176640.560  0.85%   256 1371s
 10495  7203 177982.724  210  978 178155.123 176642.210  0.85%   256 1376s
 10498  7205 176994.445   56  979 178155.123 176642.750  0.85%   256 1380s
 10503  7208 177833.747  164  977 178155.123 176643.828  0.85%   256 1385s
 10510  7213 177744.757  106  977 178155.123 176645.356  0.85%   256 1391s
 10515  7216 177821.712  141  977 178155.123 176646.109  0.85%   256 1395s
 10520  7219 177842.311  103  977 178155.123 176646.940  0.85%   256 1400s
 10525  7223 178004.684  165  977 178155.123 176647.868  0.85%   255 1406s
 10531  7227 177436.971  166  977 178155.123 176648.785  0.85%   255 1411s
 10534  7229 177428.613  113  977 178155.123 176649.318  0.85%   255 1415s
 10538  7231 177701.212  136  977 178155.123 176649.641  0.85%   255 1420s
 10542  7234 177321.897  189  981 178155.123 176651.756  0.84%   255 1425s
 10548  7238 178085.842   83  979 178155.123 176653.290  0.84%   255 1431s
 10552  7241 177961.960  268  979 178155.123 176653.959  0.84%   255 1435s
 10557  7244 177754.298  190  977 178155.123 176654.588  0.84%   255 1440s
 10562  7247 176655.287   46  978 178155.123 176655.287  0.84%   255 1445s
 10568  7251 177368.407  124  977 178155.123 176656.179  0.84%   254 1451s
 10571  7253 177538.913  153  977 178155.123 176656.392  0.84%   254 1455s
 10575  7256 177445.573  119  977 178155.123 176657.004  0.84%   254 1460s
 10578  7258 177977.725  173  976 178155.123 176657.793  0.84%   254 1465s
 10584  7262 177528.972  138  977 178155.123 176658.940  0.84%   254 1470s
 10589  7265 177820.821  107  977 178155.123 176659.377  0.84%   254 1475s
 10593  7268 177825.056  153  977 178155.123 176660.265  0.84%   254 1480s
 10596  7270 177479.341   75  977 178155.123 176660.642  0.84%   254 1485s
 10601  7273 176761.762   27  975 178155.123 176661.524  0.84%   254 1491s
 10606  7277 176940.347   58  978 178155.123 176662.136  0.84%   254 1496s
 10610  7279 177744.757  106  978 178155.123 176662.552  0.84%   253 1500s
 10615  7283 177821.712  141  978 178155.123 176663.234  0.84%   253 1506s
 10618  7285 177970.987  107  978 178155.123 176663.398  0.84%   253 1510s
 10623  7288 177744.538  193  978 178155.123 176663.808  0.84%   253 1515s
 10625  7289 178004.684  165  978 178155.123 176664.006  0.84%   253 1527s
 10627  7293 177536.252   36  835 178155.123 176664.295  0.84%   268 1530s
 10631  7295 176721.508   38  881 178155.123 176670.058  0.83%   269 1535s
 10638  7300 176674.480   42  928 178155.123 176674.302  0.83%   269 1540s
 10645  7305 176879.141   45  858 178155.123 176680.838  0.83%   270 1546s
 10651  7309 176765.019   48  870 178155.123 176687.115  0.82%   271 1551s
 10659  7314 177794.147   52  427 178155.123 176687.115  0.82%   272 1555s
 10669  7321 177279.864   57  769 178155.123 176687.115  0.82%   273 1560s
 10680  7328 176841.776   63  808 178155.123 176687.115  0.82%   273 1565s
 10692  7336 176877.842   69  797 178155.123 176687.115  0.82%   274 1570s
 10706  7345 177116.708   76  588 178155.123 176687.115  0.82%   275 1575s
 10731  7358 177436.749   88  561 178155.123 176687.115  0.82%   276 1580s
 10760  7368 177222.748  103  555 178155.123 176687.115  0.82%   276 1587s
 10777  7378 177576.687  111  534 178155.123 176687.115  0.82%   276 1590s
 10814  7388 177621.658  130  507 178155.123 176687.115  0.82%   276 1595s
 10860  7409 177845.343  153  368 178155.123 176687.115  0.82%   276 1600s
 10899  7429     cutoff  173      178155.123 176687.115  0.82%   276 1605s
 10964  7438 178042.997  209  187 178155.123 176687.115  0.82%   275 1610s
 10979  7432 176691.865   47  919 178155.123 176687.130  0.82%   275 1615s
 10983  7435 176781.271   49  871 178155.123 176687.130  0.82%   276 1621s
H11004  7056                    178110.28600 176687.130  0.80%   277 1624s
 11005  7057 177465.044   63  528 178110.286 176687.130  0.80%   277 1625s
H11016  6699                    178092.28600 176687.130  0.79%   276 1626s
H11031  6359                    178085.28600 176687.130  0.79%   276 1628s
 11045  6370 177516.308   95  463 178085.286 176687.130  0.79%   276 1630s
H11058  6052                    178083.56400 176687.130  0.78%   276 1630s
H11058  5744                    178046.28600 176687.130  0.76%   276 1630s
 11095  5761 177697.569  120  330 178046.286 176687.130  0.76%   276 1680s
H11139  5467                    178040.05100 176687.130  0.76%   276 1682s
 11141  5467 176769.111   47  944 178040.051 176693.490  0.76%   276 1689s
 11142  5468 176900.649   48  905 178040.051 176693.490  0.76%   277 1691s
 11149  5471 176988.728   51  855 178040.051 176693.490  0.76%   277 1695s
 11167  5481 177790.522   60  683 178040.051 176693.490  0.76%   278 1700s
 11182  5489 177079.721   68  815 178040.051 176693.490  0.76%   278 1705s
 11201  5489 177344.557   77  711 178040.051 176693.490  0.76%   279 1710s
 11226  5496 177188.801   90  766 178040.051 176693.490  0.76%   280 1715s
 11250  5503 177262.526  102  745 178040.051 176693.490  0.76%   280 1720s
 11275  5502     cutoff  114      178040.051 176693.490  0.76%   280 1725s
 11301  5504 177467.352  127  663 178040.051 176693.490  0.76%   281 1730s
 11334  5505 177573.269  144  635 178040.051 176693.490  0.76%   281 1735s
 11400  5505 177891.929  177  400 178040.051 176693.490  0.76%   281 1740s
 11430  5495 176722.626   44  966 178040.051 176713.874  0.74%   281 1747s
 11432  5496 176815.015   45  881 178040.051 176713.874  0.74%   281 1750s
 11441  5500 177090.166   50  704 178040.051 176713.874  0.74%   283 1755s
 11455  5504 177090.166   57  710 178040.051 176713.874  0.74%   284 1760s
H11466  5227                    178030.05100 176713.874  0.74%   286 1764s
 11470  5229     cutoff   64      178030.051 176713.874  0.74%   286 1765s
 11492  5236 177558.166   75  580 178030.051 176713.874  0.74%   287 1770s
 11520  5247 177921.336   89  511 178030.051 176713.874  0.74%   288 1775s
 11545  5255 177384.017  102  634 178030.051 176713.874  0.74%   289 1780s
 11575  5265 177827.333  117  433 178030.051 176713.874  0.74%   291 1785s
 11597  5272 177973.384  128  435 178030.051 176713.874  0.74%   292 1790s
 11629  5285 177839.957  144  531 178030.051 176713.874  0.74%   293 1795s
 11682  5284 177847.305  171  448 178030.051 176713.874  0.74%   293 1800s
 11720  5277 176805.669   51  910 178030.051 176713.887  0.74%   293 1811s
 11724  5280 177069.282   53  873 178030.051 176713.887  0.74%   294 1815s
 11734  5286 177498.266   58  798 178030.051 176713.887  0.74%   295 1820s
 11746  5294 177730.306   64  640 178030.051 176713.887  0.74%   295 1825s
 11767  5305 177245.272   75  656 178030.051 176713.887  0.74%   297 1830s
 11785  5311 177245.272   85  683 178030.051 176713.887  0.74%   299 1835s
 11813  5317 177539.349   99  497 178030.051 176713.887  0.74%   301 1840s
 11843  5323 177539.349  114  544 178030.051 176713.887  0.74%   303 1845s
 11873  5328 177594.816  130  546 178030.051 176713.887  0.74%   304 1850s
 11900  5333 177904.247  143  413 178030.051 176713.887  0.74%   305 1855s
 11955  5340 177955.674  171  359 178030.051 176713.887  0.74%   305 1860s
 12010  5328 178002.742   77  187 178030.051 176722.496  0.73%   305 1865s
 12016  5330 176905.551   41  889 178030.051 176729.126  0.73%   306 1870s
 12024  5333 177051.366   45  851 178030.051 176729.126  0.73%   306 1875s
 12042  5345 177225.553   54  647 178030.051 176729.126  0.73%   307 1880s
 12089  5353 177317.648   78  598 178030.051 176729.126  0.73%   307 1885s
 12148  5367 177510.262  108  522 178030.051 176729.126  0.73%   306 1890s
 12232  5360     cutoff  152      178030.051 176729.126  0.73%   305 1895s
 12283  5356 176777.899   42  914 178030.051 176730.274  0.73%   305 1903s
 12284  5356 176908.419   43  877 178030.051 176730.274  0.73%   305 1905s
 12296  5360 176998.748   49  830 178030.051 176730.274  0.73%   306 1910s
 12316  5362 177058.300   59  812 178030.051 176730.274  0.73%   307 1915s
 12341  5356 177115.108   71  786 178030.051 176730.274  0.73%   307 1920s
 12359  5356 177671.361   80  661 178030.051 176730.274  0.73%   309 1925s
 12366  5360 177194.022   84  758 178030.051 176730.274  0.73%   310 1930s
 12387  5362     cutoff   94      178030.051 176730.274  0.73%   311 1935s
 12408  5367 177344.376  105  701 178030.051 176730.274  0.73%   312 1940s
 12437  5369 177709.017  119  543 178030.051 176730.274  0.73%   313 1945s
 12473  5373 infeasible  137      178030.051 176730.274  0.73%   313 1950s
 12523  5374     cutoff  162      178030.051 176730.274  0.73%   312 1955s
 12572  5361 176810.176   41  956 178030.051 176730.573  0.73%   312 1963s
 12575  5363 176872.260   44  947 178030.051 176730.573  0.73%   313 1965s
 12589  5373 176954.940   58  919 178030.051 176730.573  0.73%   313 1970s
 12609  5386 177122.973   78  868 178030.051 176730.573  0.73%   313 1975s
 12638  5405 177392.004  107  795 178030.051 176730.573  0.73%   313 1980s
 12672  5428 177744.084  136  706 178030.051 176730.573  0.73%   312 1985s
 12693  5430 177278.620   41  863 178030.051 176736.623  0.73%   314 1993s
 12710  5438 177331.658   58  807 178030.051 176736.623  0.73%   313 1995s
 12765  5473 177757.826  109  677 178030.051 176736.623  0.73%   312 2000s
 12791  5476 176963.350   44  926 178030.051 176739.642  0.72%   313 2006s
 12810  5489 177104.960   63  851 178030.051 176739.642  0.72%   313 2010s
 12837  5507 177312.494   90  763 178030.051 176739.642  0.72%   312 2015s
 12870  5529 177584.200  123  694 178030.051 176739.642  0.72%   312 2020s
 12924  5554 177056.722   50  885 178030.051 176739.643  0.72%   312 2028s
 12934  5561 177123.572   60  840 178030.051 176739.643  0.72%   312 2030s
 12961  5579 177226.352   87  767 178030.051 176739.643  0.72%   311 2036s
 12964  5581 177258.027   90  762 178030.051 176739.643  0.72%   311 2041s
 12967  5583 177275.773   93  754 178030.051 176739.643  0.72%   311 2045s
 12990  5598 177393.600  116  703 178030.051 176739.643  0.72%   311 2051s
 13026  5622 177636.277  152  571 178030.051 176739.643  0.72%   310 2056s
 13071  5636 176938.222   50  928 178030.051 176748.202  0.72%   310 2064s
 13077  5640 176984.598   56  899 178030.051 176748.202  0.72%   310 2065s
 13106  5659 177133.165   85  831 178030.051 176748.202  0.72%   310 2070s
 13138  5681 177388.589  117  743 178030.051 176748.202  0.72%   309 2075s
 13184  5711 177682.707  159  571 178030.051 176748.202  0.72%   309 2080s
 13231  5720 176900.746   38  933 178030.051 176762.934  0.71%   309 2085s
 13254  5735 177055.718   61  846 178030.051 176762.934  0.71%   309 2090s
 13368  5809 177893.708  169  507 178030.051 176762.934  0.71%   307 2095s
 13382  5804 176811.718   53  914 178030.051 176762.949  0.71%   307 2100s
 13395  5813 176871.249   66  859 178030.051 176762.949  0.71%   307 2105s
 13430  5836 177058.728  101  752 178030.051 176762.949  0.71%   307 2110s
 13530  5903 177871.958  198  287 178030.051 176762.949  0.71%   306 2118s
 13556  5902 176802.082   50  952 178030.051 176765.177  0.71%   306 2122s
 13567  5910 176867.449   61  883 178030.051 176765.177  0.71%   306 2125s
 13621  5946 177144.212  115  705 178030.051 176765.177  0.71%   305 2130s
 13678  5984 177605.858  172  509 178030.051 176765.177  0.71%   305 2135s
 13738  6005 176991.654   49  919 178030.051 176767.285  0.71%   304 2140s
 13813  6055 177884.633  124  654 178030.051 176767.285  0.71%   304 2145s
 13874  6044 177640.308   66  751 178030.051 176781.525  0.70%   304 2150s
 13921  6030 176852.400   51  927 178030.051 176782.823  0.70%   304 2156s
 13944  6045 177425.491   74  801 178030.051 176782.823  0.70%   304 2160s
 13958  6054 177524.870   88  769 178030.051 176782.823  0.70%   304 2166s
 13961  6056 177538.447   91  761 178030.051 176782.823  0.70%   304 2170s
 13969  6062 177612.981   99  740 178030.051 176782.823  0.70%   304 2175s
 14028  6089 176934.109   51  912 178030.051 176782.869  0.70%   304 2181s
 14045  6086 177936.147   62  304 178030.051 176782.869  0.70%   304 2186s
 14108  6078 177319.135   46  700 178030.051 176782.959  0.70%   303 2191s
 14230  6150 176840.311   46  958 178030.051 176783.089  0.70%   301 2200s
 14271  6175 177804.261   86  521 178030.051 176783.089  0.70%   302 2205s
 14308  6186 176852.647   51  905 178030.051 176785.903  0.70%   302 2210s
 14344  6210 177025.487   87  781 178030.051 176785.903  0.70%   302 2215s
 14425  6264 177531.037  168  503 178030.051 176785.903  0.70%   302 2221s
 14474  6280 177152.116   39  913 178030.051 176794.207  0.69%   301 2226s
 14553  6311 176874.023   52  956 178030.051 176795.545  0.69%   301 2234s
 14554  6312 176895.869   53  933 178030.051 176795.545  0.69%   301 2235s
 14570  6316 177663.189   61  490 178030.051 176795.545  0.69%   302 2240s
 14648  6299 177011.369   45  857 178030.051 176801.489  0.69%   303 2245s
 14673  6316 177473.644   70  755 178030.051 176801.489  0.69%   302 2250s
 14722  6330 176843.601   53  947 178030.051 176802.131  0.69%   302 2257s
 14729  6332 177753.919   59  662 178030.051 176802.131  0.69%   303 2260s
 14805  6318 176873.477   51  954 178030.051 176809.246  0.69%   302 2266s
 14819  6327 176962.469   65  876 178030.051 176809.246  0.69%   302 2270s
 14895  6363 176871.239   52  922 178030.051 176810.221  0.69%   302 2279s
 14899  6366 176909.459   56  905 178030.051 176810.221  0.69%   302 2280s
 14947  6398 177195.211  104  753 178030.051 176810.221  0.69%   301 2285s
 15035  6442 176976.860   42  941 178030.051 176811.826  0.68%   301 2292s
 15048  6449 177041.818   54  897 178030.051 176811.826  0.68%   301 2295s
 15129  6499 177724.157  133  675 178030.051 176811.826  0.68%   300 2300s
 15158  6508 176934.233   54  952 178030.051 176815.684  0.68%   301 2305s
 15210  6543 177307.621  106  783 178030.051 176815.684  0.68%   300 2310s
 15289  6586 176918.701   55  907 178030.051 176816.336  0.68%   300 2317s
 15300  6593 176987.151   66  838 178030.051 176816.336  0.68%   300 2320s
 15355  6630 177344.858  121  690 178030.051 176816.336  0.68%   300 2325s
 15442  6670 176918.945   53  925 178030.051 176821.964  0.68%   300 2333s
 15451  6676 176957.151   62  870 178030.051 176821.964  0.68%   300 2335s
 15455  6678 176991.784   66  859 178030.051 176821.964  0.68%   300 2342s
 15472  6690 177122.606   83  818 178030.051 176821.964  0.68%   300 2345s
 15597  6755 176939.950   56  889 178030.051 176822.779  0.68%   299 2354s
 15599  6756 176978.989   58  818 178030.051 176822.779  0.68%   299 2355s
 15656  6782 176916.429   54  911 178030.051 176825.898  0.68%   300 2363s
 15666  6789 176991.823   64  839 178030.051 176825.898  0.68%   300 2365s
 15736  6836 177363.695  134  700 178030.051 176825.898  0.68%   300 2370s
 15791  6862 176968.862   47  930 178030.051 176826.593  0.68%   300 2376s
 15850  6900 177788.732  105  509 178030.051 176826.593  0.68%   299 2380s
 15880  6901 177905.764   49  735 178030.051 176827.057  0.68%   300 2385s
 15971  6877 177046.861   40  922 178030.051 176827.268  0.68%   301 2393s
 15999  6870 177705.053   56  548 178030.051 176827.268  0.68%   300 2395s
 16108  6858 177881.774   40  808 178030.051 176827.372  0.68%   300 2400s
 16115  6854 177012.883   57  950 178030.051 176828.530  0.67%   301 2406s
 16164  6875 176917.568   55  931 178030.051 176832.975  0.67%   301 2414s
 16167  6877 176932.052   58  908 178030.051 176832.975  0.67%   301 2415s
 16210  6868 177010.609   58  803 178030.051 176835.651  0.67%   302 2422s
 16274  6894 176960.249   59  898 178030.051 176838.594  0.67%   302 2428s
 16293  6907 177049.794   77  829 178030.051 176838.594  0.67%   302 2430s
 16454  6994 176956.228   56  950 178030.051 176840.425  0.67%   300 2441s
 16463  7000 177236.796   65  803 178030.051 176840.425  0.67%   301 2445s
 16561  7031 177165.593   47  915 178030.051 176840.667  0.67%   301 2454s
 16564  7033 177182.590   50  904 178030.051 176840.667  0.67%   300 2455s
 16667  7091 176992.895   60  940 178030.051 176842.603  0.67%   300 2464s
 16671  7094 177035.772   64  905 178030.051 176842.603  0.67%   300 2465s
 16697  7111 177820.268   90  675 178030.051 176842.603  0.67%   300 2470s
 16729  7117 177155.518   57  931 178030.051 176843.334  0.67%   301 2475s
 16763  7139 177414.287   91  801 178030.051 176843.334  0.67%   301 2480s
 16826  7171 177004.253   58  945 178030.051 176843.766  0.67%   301 2488s
 16828  7173 177445.984   60  697 178030.051 176843.766  0.67%   301 2490s
 16899  7166 177033.682   54  934 178030.051 176843.943  0.67%   301 2499s
 16902  7168 177065.128   57  923 178030.051 176843.943  0.67%   301 2500s
 16986  7224 177697.180  141  690 178030.051 176843.943  0.67%   300 2505s
 17018  7236 177112.780   63  893 178030.051 176844.326  0.67%   300 2510s
 17072  7262 177591.485  114  467 178030.051 176844.326  0.67%   301 2515s
 17124  7282 176958.972   61  925 178030.051 176845.074  0.67%   301 2522s
 17130  7284 177510.917   64  806 178030.051 176845.074  0.67%   302 2525s
 17208  7269 177137.322   49  906 178030.051 176845.115  0.67%   302 2531s
 17256  7295 177894.591   95  621 178030.051 176845.115  0.67%   302 2535s
 17261  7291 177005.030   49  935 178030.051 176846.507  0.66%   303 2540s
 17315  7327 177377.248  103  775 178030.051 176846.507  0.66%   302 2545s
 17379  7361 176936.081   59  933 178030.051 176850.147  0.66%   302 2551s
 17418  7387 177120.143   98  859 178030.051 176850.147  0.66%   302 2555s
 17527  7442 177240.426   62  922 178030.051 176850.378  0.66%   302 2565s
 17548  7442     cutoff   77      178030.051 176850.378  0.66%   302 2570s
 17609  7431 176987.124   63  934 178030.051 176850.415  0.66%   302 2576s
 17622  7440 177069.049   70  784 178030.051 176850.415  0.66%   302 2580s
 17641  7453 177143.941   79  773 178030.051 176850.415  0.66%   303 2585s
 17694  7457     cutoff  106      178030.051 176850.415  0.66%   303 2590s
 17749  7454 177225.818   43  924 178030.051 176852.570  0.66%   303 2596s
 17835  7511 177846.825  129  668 178030.051 176852.570  0.66%   302 2600s
 17851  7512 177038.314   55  900 178030.051 176852.696  0.66%   303 2605s
 17953  7544 177065.581   52  916 178030.051 176854.833  0.66%   302 2610s
 17965  7552 177129.185   64  870 178030.051 176854.833  0.66%   302 2621s
 18018  7587 177441.851  117  724 178030.051 176854.833  0.66%   301 2625s
 18080  7618 177253.446   43  916 178030.051 176855.001  0.66%   301 2630s
 18209  7663 177079.374   43  939 178030.051 176855.761  0.66%   300 2637s
 18239  7683 177294.130   73  832 178030.051 176855.761  0.66%   300 2640s
 18330  7724 177110.821   62  898 178030.051 176856.224  0.66%   300 2647s
 18391  7717 177117.645   64  745 178030.051 176856.996  0.66%   300 2652s
 18535  7789 176986.019   60  896 178030.051 176858.036  0.66%   298 2659s
 18536  7789 177010.948   61  826 178030.051 176858.036  0.66%   298 2660s
 18645  7786 177097.947   65  939 178030.051 176859.117  0.66%   298 2668s
 18653  7791 177154.216   73  898 178030.051 176859.117  0.66%   298 2670s
 18709  7829 177685.397  129  722 178030.051 176859.117  0.66%   298 2675s
 18733  7835 176958.988   66  914 178030.051 176863.523  0.66%   298 2682s
 18742  7841 177666.789   75  635 178030.051 176863.523  0.66%   299 2685s
 18762  7845 176983.117   61  919 178030.051 176864.881  0.65%   300 2690s
 18872  7918 177713.739  171  453 178030.051 176864.881  0.65%   299 2695s
 18945  7952 177850.680   84  699 178030.051 176864.995  0.65%   298 2700s
 18967  7958 177239.361   53  812 178030.051 176866.641  0.65%   300 2708s
 18974  7962 177239.361   60  716 178030.051 176866.641  0.65%   300 2710s
 19020  7959 176989.303   56  874 178030.051 176867.452  0.65%   300 2715s
 19099  8012 177811.447  135  598 178030.051 176867.452  0.65%   300 2720s
 19137  8021 177122.787   67  769 178030.051 176870.142  0.65%   300 2725s
 19270  8093 177049.821   63  863 178030.051 176871.194  0.65%   299 2732s
 19285  8100 178015.571   77  598 178030.051 176871.194  0.65%   299 2735s
 19339  8130 177465.497  114  590 178030.051 176871.249  0.65%   299 2740s
 19407  8161 177048.942   67  899 178030.051 176871.264  0.65%   298 2745s
 19436  8176 177709.150   94  756 178030.051 176871.264  0.65%   298 2750s
 19470  8177 176893.337   53  918 178030.051 176871.972  0.65%   299 2755s
 19497  8187 177408.861   67  577 178030.051 176871.972  0.65%   300 2760s
 19576  8173 176959.583   54  911 178030.051 176872.343  0.65%   300 2765s
 19644  8218 177338.619  122  684 178030.051 176872.343  0.65%   299 2770s
 19730  8259 177552.980   45  793 178030.051 176873.478  0.65%   299 2775s
 19843  8233 177140.139   52  913 178030.051 176874.363  0.65%   298 2782s
 19884  8233 176975.216   65  932 178030.051 176877.180  0.65%   298 2789s
 19885  8234 176984.259   66  922 178030.051 176877.180  0.65%   298 2790s
 19919  8256 177231.389  100  785 178030.051 176877.180  0.65%   299 2795s
 20022  8315 176924.757   57  923 178030.051 176878.392  0.65%   298 2801s
 20125  8354     cutoff  147      178030.051 176878.392  0.65%   297 2805s
 20140  8354 177321.481   52  905 178030.051 176878.522  0.65%   298 2810s
 20249  8410 177768.361   55  665 178030.051 176879.149  0.65%   298 2817s
 20294  8423 177204.915   46  922 178030.051 176879.167  0.65%   298 2822s
 20306  8421     cutoff   54      178030.051 176879.167  0.65%   298 2825s
 20374  8412 177008.406   46  929 178030.051 176879.986  0.65%   298 2830s
 20411  8406 177423.361   48  731 178030.051 176880.973  0.65%   298 2838s
 20430  8418 177423.361   67  641 178030.051 176880.973  0.65%   299 2840s
 20513  8461 177272.667   87  661 178030.051 176881.255  0.65%   298 2845s
 20597  8486 177026.099   53  925 178030.051 176882.039  0.64%   298 2852s
 20613  8497 177121.249   69  840 178030.051 176882.039  0.64%   298 2855s
 20701  8555 177787.559  157  622 178030.051 176882.039  0.64%   298 2860s
 20729  8560 176981.491   54  922 178030.051 176882.652  0.64%   298 2866s
 20761  8579 177739.273   85  409 178030.051 176882.652  0.64%   298 2870s
 20819  8591 177096.301   67  938 178030.051 176883.377  0.64%   299 2878s
 20825  8595 177155.861   73  901 178030.051 176883.377  0.64%   299 2880s
 20873  8627 177558.763  121  761 178030.051 176883.377  0.64%   298 2885s
 20923  8645 177339.806   47  878 178030.051 176883.760  0.64%   299 2892s
 20973  8642 177005.401   53  882 178030.051 176884.133  0.64%   299 2898s
 20996  8657 177104.298   76  773 178030.051 176884.133  0.64%   299 2900s
 21121  8725 177027.046   56  915 178030.051 176884.442  0.64%   298 2906s
 21157  8733 177048.843   68  932 178030.051 176885.908  0.64%   298 2914s
 21158  8733 177055.153   69  915 178030.051 176885.908  0.64%   298 2915s
 21206  8765 177396.415  117  758 178030.051 176885.908  0.64%   298 2920s
 21294  8803 177135.504   49  896 178030.051 176887.043  0.64%   298 2927s
 21303  8806 177182.656   54  816 178030.051 176887.043  0.64%   298 2930s
 21350  8822 177523.270   77  706 178030.051 176887.043  0.64%   299 2935s
 21427  8806 177019.296   68  901 178030.051 176887.185  0.64%   299 2944s
 21436  8812 177061.025   77  861 178030.051 176887.185  0.64%   299 2945s
 21563  8886     cutoff  199      178030.051 176887.185  0.64%   298 2950s
 21575  8880 177363.361   57  755 178030.051 176887.221  0.64%   299 2956s
 21618  8888 177279.181   48  921 178030.051 176888.240  0.64%   300 2963s
 21622  8887     cutoff   51      178030.051 176888.240  0.64%   300 2965s
 21645  8882 177005.150   54  940 178030.051 176888.284  0.64%   301 2972s
 21663  8894 177130.013   72  877 178030.051 176888.284  0.64%   301 2975s
 21746  8947 177657.656  150  626 178030.051 176888.284  0.64%   301 2980s
 21790  8962 176937.465   54  944 178030.051 176889.001  0.64%   301 2986s
 21817  8980 177188.829   81  820 178030.051 176889.001  0.64%   301 2990s
 21922  9038 177131.161   69  935 178030.051 176889.233  0.64%   300 3000s
 21945  9051 177425.442   91  814 178030.051 176889.233  0.64%   301 3005s
 21996  9070 177115.279   54  934 178030.051 176890.933  0.64%   301 3012s
 22021  9087 177273.698   79  821 178030.051 176890.933  0.64%   301 3015s
 22097  9127 177094.725   70  856 178030.051 176890.945  0.64%   301 3022s
 22114  9138 177746.833   87  584 178030.051 176890.945  0.64%   301 3025s
 22149  9146 176991.862   69  917 178030.051 176891.496  0.64%   302 3031s
 22175  9163 177571.149   80  488 178030.051 176891.496  0.64%   302 3035s
 22219  9155 177231.019   58  859 178030.051 176892.565  0.64%   302 3040s
 22263  9176 176987.330   55  918 178030.051 176893.114  0.64%   302 3046s
 22290  9194 177170.298   82  822 178030.051 176893.114  0.64%   302 3050s
 22412  9261 176997.803   55  916 178030.051 176893.324  0.64%   302 3059s
 22417  9265 177054.736   60  888 178030.051 176893.324  0.64%   302 3060s
 22507  9302 177336.161   49  926 178030.051 176895.760  0.64%   302 3068s
 22525  9314 177415.719   67  874 178030.051 176895.760  0.64%   302 3070s
 22605  9357 177122.847   71  926 178030.051 176895.873  0.64%   301 3078s
 22611  9361 177163.374   77  880 178030.051 176895.873  0.64%   301 3080s
 22653  9377 177274.609   54  810 178030.051 176896.028  0.64%   302 3088s
 22697  9406 177527.934   97  678 178030.051 176896.028  0.64%   302 3090s
 22763  9440 177228.958   65  845 178030.051 176896.182  0.64%   301 3095s
 22836  9476 177121.576   54  882 178030.051 176896.893  0.64%   301 3103s
 22839  9478 177521.343   57  757 178030.051 176896.893  0.64%   301 3105s
 22861  9475 177013.109   50  940 178030.051 176897.782  0.64%   302 3110s
 22939  9525 177708.720  127  626 178030.051 176897.782  0.64%   301 3115s
 22977  9535 176983.133   42  942 178030.051 176898.107  0.64%   302 3123s
 22984  9540 177064.536   49  872 178030.051 176898.107  0.64%   302 3125s
 23107  9586 176986.311   42  943 178030.051 176900.509  0.63%   301 3133s
 23115  9591 177065.788   50  888 178030.051 176900.509  0.63%   301 3135s
 23235  9665     cutoff  167      178030.051 176900.509  0.63%   300 3140s
 23279  9659     cutoff   66      178030.051 176900.718  0.63%   300 3145s
 23360  9644 176952.680   49  938 178030.051 176900.750  0.63%   300 3151s
 23379  9657 177097.531   68  832 178030.051 176900.750  0.63%   300 3155s
 23470  9718 177873.255  159  499 178030.051 176900.750  0.63%   300 3160s
 23494  9722 177010.145   49  938 178030.051 176900.943  0.63%   300 3167s
 23547  9713 177086.303   55  917 178030.051 176901.084  0.63%   300 3175s
 23621  9762 177627.422  129  718 178030.051 176901.084  0.63%   300 3180s
 23675  9785 177265.921   72  931 178030.051 176901.290  0.63%   300 3187s
 23689  9795 177383.868   86  878 178030.051 176901.290  0.63%   300 3190s
 23760  9828 177207.628   38  938 178030.051 176901.896  0.63%   300 3198s
 23765  9829 infeasible   43      178030.051 176901.896  0.63%   300 3200s
 23811  9848 177072.665   55  928 178030.051 176902.544  0.63%   300 3209s
 23820  9854 177137.361   64  880 178030.051 176902.544  0.63%   300 3210s
 23859  9880 177431.388  103  769 178030.051 176902.544  0.63%   300 3215s
 23876  9891 177557.509  120  715 178030.051 176902.544  0.63%   300 3220s
 23880  9894 177584.361  124  713 178030.051 176902.544  0.63%   300 3225s
 23891  9901 177655.056  135  674 178030.051 176902.544  0.63%   300 3230s
 23948  9915 177133.781   73  929 178030.051 176902.619  0.63%   300 3237s
 23958  9922 177253.134   83  757 178030.051 176902.619  0.63%   300 3240s
 24004  9940 177866.323  120  641 178030.051 176902.619  0.63%   300 3245s
 24059  9929 177028.375   56  918 178030.051 176903.179  0.63%   301 3253s
 24062  9931 177671.514   59  698 178030.051 176903.179  0.63%   301 3257s
 24136  9955 177060.222   50  933 178030.051 176904.402  0.63%   301 3263s
 24155  9967 177167.842   69  866 178030.051 176904.402  0.63%   301 3265s
 24245 10012 177053.633   70  847 178030.051 176904.520  0.63%   300 3273s
 24251 10016 177138.266   76  782 178030.051 176904.520  0.63%   300 3275s
 24320 10040 177224.511   57  902 178030.051 176905.178  0.63%   300 3283s
 24326 10042 177403.333   60  856 178030.051 176905.178  0.63%   300 3285s
 24394 10031 177068.009   74  876 178030.051 176905.605  0.63%   301 3292s
 24409 10034 177582.823   40  835 178030.051 176908.337  0.63%   301 3298s
 24478 10061 177473.924   58  679 178030.051 176908.817  0.63%   301 3301s
 24507 10061 177035.907   56  941 178030.051 176909.120  0.63%   301 3308s
 24518 10068 177121.259   67  913 178030.051 176909.120  0.63%   301 3310s
 24613 10128 177862.254  162  589 178030.051 176909.120  0.63%   301 3315s
 24700 10156 177341.634   42  870 178030.051 176909.378  0.63%   300 3323s
 24756 10193 177461.311   98  701 178030.051 176909.378  0.63%   300 3325s
 24866 10247 177870.695  104  560 178030.051 176909.555  0.63%   299 3330s
 24925 10275 177459.730   95  617 178030.051 176909.557  0.63%   299 3336s
 25016 10324 177142.691   71  844 178030.051 176910.077  0.63%   298 3343s
 25036 10338 177288.158   91  712 178030.051 176910.077  0.63%   298 3345s
 25108 10368 177208.445   51  853 178030.051 176911.328  0.63%   298 3352s
 25110 10369 177490.104   53  713 178030.051 176911.328  0.63%   298 3377s
 25132 10366 177002.175   62  899 178030.051 176911.732  0.63%   298 3381s
 25170 10389 177468.307   99  785 178030.051 176911.732  0.63%   298 3385s
 25219 10410 177151.654   58  860 178030.051 176913.357  0.63%   299 3390s
 25352 10488 177002.774   57  893 178030.051 176913.421  0.63%   298 3399s
 25356 10491 177040.654   61  868 178030.051 176913.421  0.63%   298 3400s
 25454 10556 177750.832  157  535 178030.051 176913.421  0.63%   297 3405s
 25506 10574 176992.991   63  875 178030.051 176913.719  0.63%   297 3410s
 25566 10614 177398.160  123  637 178030.051 176913.719  0.63%   297 3415s
 25637 10645 177056.982   73  923 178030.051 176914.435  0.63%   297 3421s
 25678 10665 177708.934  110  694 178030.051 176914.435  0.63%   297 3425s
 25733 10673 177316.715   71  863 178030.051 176914.678  0.63%   297 3430s
 25810 10726 176994.098   57  948 178030.051 176914.827  0.63%   297 3438s
 25812 10728 177574.272   59  734 178030.051 176914.827  0.63%   297 3440s
 25922 10764 177820.278  133  522 178030.051 176914.827  0.63%   296 3445s
 25943 10765 177128.448   75  882 178030.051 176915.211  0.63%   296 3450s
 26035 10854 177633.203  167  557 178030.051 176915.211  0.63%   296 3455s
 26062 10871 177193.679   59  784 178030.051 176915.313  0.63%   296 3460s
 26160 10948 177564.539   61  746 178030.051 176915.633  0.63%   296 3468s
 26193 10979 177564.539   94  584 178030.051 176915.633  0.63%   296 3470s
 26250 11028 177228.788   60  920 178030.051 176915.809  0.63%   296 3475s
 26298 11061 177682.519   51  753 178030.051 176916.287  0.63%   296 3481s
 26339 11067 177953.858   71  642 178030.051 176916.287  0.63%   296 3485s
 26344 11067 177247.270   72  933 178030.051 176916.476  0.63%   296 3491s
 26366 11081 176930.953   55  917 178030.051 176916.757  0.63%   297 3496s
 26400 11115 177159.637   89  795 178030.051 176916.757  0.63%   297 3500s
 26526 11227 177252.361   52  802 178030.051 176917.097  0.63%   296 3508s
 26547 11248 177786.812   73  637 178030.051 176917.097  0.63%   296 3510s
 26586 11274 177054.223   60  912 178030.051 176917.253  0.63%   296 3515s
 26609 11281 177426.206   70  776 178030.051 176917.253  0.63%   297 3520s
 26700 11303     cutoff  109      178030.051 176917.253  0.63%   296 3525s
 26733 11306 176967.330   57  943 178030.051 176917.561  0.62%   296 3530s
 26795 11360 infeasible  117      178030.051 176917.561  0.62%   296 3535s
 26861 11408 177447.909   78  642 178030.051 176918.134  0.62%   296 3540s
 27005 11528 177082.027   56  934 178030.051 176918.487  0.62%   295 3548s
 27013 11536 177164.994   64  841 178030.051 176918.487  0.62%   295 3550s
 27089 11590 177188.499   65  812 178030.051 176918.549  0.62%   295 3556s
 27235 11721 177428.462   43  876 178030.051 176918.731  0.62%   294 3565s
 27272 11729 177114.999   56  916 178030.051 176918.947  0.62%   295 3571s
 27294 11751 177207.649   78  812 178030.051 176918.947  0.62%   295 3575s
 27373 11820 177188.379   54  792 178030.051 176919.850  0.62%   294 3581s
 27424 11848 177373.318   62  778 178030.051 176920.372  0.62%   294 3586s
 27555 11957 177533.663   52  855 178030.051 176920.806  0.62%   294 3593s
 27615 12015 177951.498  111  600 178030.051 176920.806  0.62%   293 3595s
 27630 12012 177074.821   74  897 178030.051 176921.216  0.62%   293 3600s
 27698 12080 177438.609  142  607 178030.051 176921.216  0.62%   293 3605s
 27784 12150 177350.153   71  778 178030.051 176921.842  0.62%   293 3610s
 27828 12176 177216.070   76  869 178030.051 176921.976  0.62%   293 3616s
 27868 12190     cutoff  103      178030.051 176921.976  0.62%   293 3620s
 27919 12199 177572.235   65  662 178030.051 176922.062  0.62%   293 3625s
 28022 12212 176986.122   45  919 178030.051 176922.062  0.62%   292 3630s
 28081 12271 177394.671  104  697 178030.051 176922.062  0.62%   292 3635s
 28165 12345 177267.837   45  865 178030.051 176922.322  0.62%   292 3641s
 28187 12363 177498.223   56  724 178030.051 176922.322  0.62%   292 3645s
 28286 12393 177845.207  106  429 178030.051 176922.322  0.62%   292 3650s
 28368 12399 177053.166   61  872 178030.051 176922.499  0.62%   291 3655s
 28447 12478 177589.800  140  605 178030.051 176922.499  0.62%   291 3660s
 28492 12513 177058.974   57  916 178030.051 176922.726  0.62%   291 3665s
 28514 12535 177256.709   79  713 178030.051 176922.726  0.62%   291 3670s
 28548 12568 177756.133  113  573 178030.051 176922.726  0.62%   292 3675s
 28575 12582 177408.861   58  690 178030.051 176922.795  0.62%   293 3681s
 28688 12682 177008.137   57  919 178030.051 176922.814  0.62%   292 3688s
 28693 12687 177779.125   62  534 178030.051 176922.814  0.62%   293 3690s
 28767 12703 177045.557   57  903 178030.051 176922.845  0.62%   293 3695s
 28817 12753 177324.737  106  714 178030.051 176922.845  0.62%   293 3700s
 28921 12845 177005.371   58  901 178030.051 176924.305  0.62%   292 3707s
 28942 12864 177472.861   78  488 178030.051 176924.305  0.62%   293 3710s
 29024 12930 177171.555   55  908 178030.051 176924.388  0.62%   293 3717s
 29058 12964 177344.098   89  788 178030.051 176924.388  0.62%   292 3728s
 29086 12992 177521.314  117  711 178030.051 176924.388  0.62%   292 3730s
 29142 13034 177092.699   58  902 178030.051 176924.780  0.62%   292 3735s
 29229 13101 177094.131   58  895 178030.051 176925.198  0.62%   292 3742s
 29297 13169 177360.396  126  618 178030.051 176925.198  0.62%   292 3745s
 29385 13244 177381.348   82  734 178030.051 176925.205  0.62%   291 3750s
 29508 13347 177516.950   53  741 178030.051 176925.692  0.62%   291 3760s
 29591 13361 177197.990   64  918 178030.051 176925.991  0.62%   291 3766s
 29611 13381 177642.496   84  767 178030.051 176925.991  0.62%   291 3770s
 29652 13397 177155.693   76  841 178030.051 176926.215  0.62%   291 3776s
 29740 13485 177617.463  164  502 178030.051 176926.215  0.62%   291 3780s
 29795 13524 177890.972   66  704 178030.051 176927.265  0.62%   291 3785s
 29820 13538 177278.009   68  808 178030.051 176927.395  0.62%   291 3790s
 29940 13648 177890.367   56  726 178030.051 176927.635  0.62%   290 3798s
 29970 13667 177299.637   58  816 178030.051 176927.703  0.62%   291 3804s
 29979 13676 177365.243   67  768 178030.051 176927.703  0.62%   291 3805s
 30082 13765 177109.932   67  888 178030.051 176928.129  0.62%   290 3811s
 30117 13776 177307.271   44  866 178030.051 176928.178  0.62%   290 3817s
 30165 13781 177108.417   77  822 178030.051 176928.198  0.62%   290 3822s
 30186 13798     cutoff   97      178030.051 176928.198  0.62%   291 3825s
 30241 13823 177680.582   54  755 178030.051 176928.622  0.62%   291 3830s
 30298 13872 177193.520   56  926 178030.051 176928.708  0.62%   290 3836s
 30314 13876 177095.616   59  934 178030.051 176929.164  0.62%   291 3846s
 30356 13918 177385.978  101  760 178030.051 176929.164  0.62%   291 3850s
 30438 13986 177113.353   75  916 178030.051 176929.365  0.62%   291 3858s
 30442 13990 177412.333   77  714 178030.051 176929.365  0.62%   291 3860s
 30459 14001     cutoff   84      178030.051 176929.365  0.62%   291 3865s
 30540 14022 177991.947  123  579 178030.051 176929.365  0.62%   291 3870s
 30577 14019 177459.022   58  642 178030.051 176929.450  0.62%   291 3875s
 30628 14029 177050.120   46  870 178030.051 176929.696  0.62%   291 3880s
 30705 14098 177744.874  119  645 178030.051 176929.696  0.62%   291 3885s
 30736 14109 177228.315   67  865 178030.051 176929.751  0.62%   291 3891s
 30798 14171 177549.104  129  568 178030.051 176929.751  0.62%   291 3895s
 30850 14213 177113.346   62  914 178030.051 176929.895  0.62%   291 3901s
 30885 14246 177923.902   96  613 178030.051 176929.895  0.62%   291 3905s
 30892 14245 177183.568   56  896 178030.051 176929.993  0.62%   291 3910s
 30999 14351 177955.180  163  495 178030.051 176929.993  0.62%   291 3915s
 31006 14348 176996.335   57  904 178030.051 176930.012  0.62%   291 3920s
 31074 14402 177049.192   58  890 178030.051 176930.246  0.62%   291 3928s
 31096 14424 177168.732   80  787 178030.051 176930.246  0.62%   291 3930s
 31204 14522 177225.415   54  867 178030.051 176930.985  0.62%   290 3936s
 31213 14523 177243.158   55  912 178030.051 176931.030  0.62%   291 3943s
 31229 14539 177335.819   71  842 178030.051 176931.030  0.62%   291 3945s
 31307 14608 177294.004   56  847 178030.051 176931.050  0.62%   291 3951s
 31356 14642 177221.443   67  858 178030.051 176932.065  0.62%   291 3958s
 31378 14664 177325.988   89  744 178030.051 176932.065  0.62%   291 3960s
 31476 14753 176960.557   59  925 178030.051 176932.529  0.62%   290 3965s
 31542 14810 177814.270  121  643 178030.051 176932.529  0.62%   290 3970s
 31560 14818 177303.197   61  782 178030.051 176933.258  0.62%   290 3976s
 31620 14821 177029.560   63  893 178030.051 176933.832  0.62%   290 3984s
 31622 14823 177050.537   65  865 178030.051 176933.832  0.62%   290 3985s
 31689 14890 177498.945  132  628 178030.051 176933.832  0.62%   290 3990s
 31747 14937 177199.621   66  804 178030.051 176934.114  0.62%   290 3995s
 31813 14949 177085.421   52  920 178030.051 176934.244  0.62%   290 4000s
 31867 14996 177855.053  103  524 178030.051 176934.244  0.62%   290 4005s
 31885 15004 177449.860   55  883 178030.051 176934.273  0.62%   291 4010s
 31904 15023 177529.208   74  816 178030.051 176934.273  0.62%   290 4015s
 31999 15100 177040.349   57  902 178030.051 176934.491  0.62%   290 4021s
 32032 15133 177334.783   90  793 178030.051 176934.491  0.62%   290 4025s
 32086 15173 177208.936   60  850 178030.051 176934.783  0.62%   290 4031s
 32209 15295 177960.142  183  363 178030.051 176934.783  0.62%   289 4035s
 32242 15310 177386.024   84  840 178030.051 176934.928  0.62%   289 4040s
 32309 15359 177085.751   79  897 178030.051 176935.072  0.62%   289 4047s
 32331 15381 177189.626  101  755 178030.051 176935.072  0.62%   289 4050s
 32458 15480 177211.616   76  917 178030.051 176935.713  0.61%   289 4060s
 32481 15489 infeasible   94      178030.051 176935.713  0.61%   289 4065s
 32532 15502 177419.495   59  697 178030.051 176935.762  0.61%   290 4073s
 32591 15560 177505.845  118  470 178030.051 176935.762  0.61%   290 4075s
 32670 15627 177138.229   76  840 178030.051 176935.915  0.61%   289 4080s
 32730 15672 177314.116   78  922 178030.051 176936.429  0.61%   290 4089s
 32733 15675 177353.389   81  901 178030.051 176936.429  0.61%   290 4090s
 32798 15740 177900.167  146  691 178030.051 176936.429  0.61%   289 4095s
 32812 15742 177100.379   60  927 178030.051 176936.566  0.61%   290 4100s
 32847 15749 177251.778   55  899 178030.051 176936.573  0.61%   290 4107s
 32921 15823 177621.260  129  619 178030.051 176936.573  0.61%   289 4110s
 32957 15847 177009.113   55  915 178030.051 176936.657  0.61%   289 4115s
 32972 15857 177372.272   68  660 178030.051 176936.657  0.61%   290 4120s
 33023 15891 177248.331   45  924 178030.051 176936.918  0.61%   290 4128s
 33039 15907 177732.688   61  705 178030.051 176936.918  0.61%   290 4130s
 33074 15930 177159.987   61  903 178030.051 176937.313  0.61%   290 4135s
 33194 16033     cutoff   69      178030.051 176937.397  0.61%   290 4140s
 33197 16036 177162.986   58  751 178030.051 176937.479  0.61%   290 4145s
 33315 16082 177449.529   55  887 178030.051 176937.827  0.61%   290 4153s
 33340 16107 177960.121   80  674 178030.051 176937.827  0.61%   290 4155s
 33426 16172 177443.738   51  865 178030.051 176938.284  0.61%   289 4163s
 33481 16227 177704.714  106  662 178030.051 176938.284  0.61%   289 4165s
 33511 16247 177089.683   68  882 178030.051 176938.591  0.61%   289 4170s
 33644 16364 177325.029   55  763 178030.051 176939.682  0.61%   289 4177s
 33681 16389 177425.492   59  889 178030.051 176940.060  0.61%   289 4183s
 33688 16390     cutoff   63      178030.051 176940.060  0.61%   289 4185s
 33742 16397 176966.025   61  920 178030.051 176940.490  0.61%   289 4191s
 33803 16458 177551.863  122  538 178030.051 176940.490  0.61%   289 4195s
 33862 16503 177385.859   75  794 178030.051 176940.519  0.61%   289 4200s
 33960 16586 177061.033   56  927 178030.051 176940.566  0.61%   288 4206s
 34014 16618 177366.574   77  924 178030.051 176940.741  0.61%   288 4215s
 34034 16618 177205.008   71  866 178030.051 176941.325  0.61%   289 4221s
 34068 16652 177328.403  105  653 178030.051 176941.325  0.61%   289 4229s
 34125 16709 177545.249  162  425 178030.051 176941.325  0.61%   288 4230s
 34209 16771 infeasible   95      178030.051 176941.457  0.61%   288 4235s
 34229 16783 177030.250   57  880 178030.051 176941.766  0.61%   288 4240s
 34315 16869 177650.432  143  643 178030.051 176941.766  0.61%   288 4245s
 34357 16899 177309.590   60  885 178030.051 176941.806  0.61%   288 4251s
 34422 16945 177655.772   78  868 178030.051 176941.962  0.61%   288 4259s
 34426 16949 177690.574   82  840 178030.051 176941.962  0.61%   288 4260s
 34482 16983 177180.809   60  857 178030.051 176942.244  0.61%   288 4266s
 34543 17007 177117.959   59  876 178030.051 176942.776  0.61%   288 4273s
 34562 17026 177217.698   78  768 178030.051 176942.776  0.61%   288 4275s
 34668 17122 177011.566   63  922 178030.051 176943.555  0.61%   288 4280s
 34690 17135 177344.154   73  827 178030.051 176943.555  0.61%   288 4285s
 34728 17152 177277.140   74  714 178030.051 176943.635  0.61%   288 4290s
 34846 17258 177298.994   79  761 178030.051 176943.688  0.61%   287 4296s
 34894 17285 177286.661   63  918 178030.051 176944.082  0.61%   287 4302s
 34919 17310 177453.905   88  803 178030.051 176944.082  0.61%   287 4305s
 35006 17382 177496.291   61  743 178030.051 176944.290  0.61%   287 4310s
 35035 17401 177203.368   56  924 178030.051 176945.232  0.61%   287 4317s
 35054 17406 177012.501   58  946 178030.051 176945.770  0.61%   288 4325s
 35089 17441 177271.541   93  796 178030.051 176945.770  0.61%   288 4330s
 35161 17497 177079.965   56  919 178030.051 176945.779  0.61%   288 4337s
 35201 17537 177367.015   96  768 178030.051 176945.779  0.61%   287 4340s
 35278 17601 176983.807   64  908 178030.051 176946.024  0.61%   287 4346s
 35349 17654 177402.227   72  808 178030.051 176946.384  0.61%   287 4353s
 35455 17760 177737.902  178  410 178030.051 176946.384  0.61%   287 4355s
 35491 17780 177430.841   64  731 178030.051 176946.762  0.61%   287 4360s
 35594 17868 177042.927   46  911 178030.051 176946.836  0.61%   286 4366s
 35628 17875 177180.817   56  932 178030.051 176947.021  0.61%   287 4374s
 35629 17876 177194.145   57  921 178030.051 176947.021  0.61%   287 4375s
 35649 17883 177235.792   62  905 178030.051 176947.021  0.61%   287 4380s
 35683 17898 177620.966   67  699 178030.051 176947.021  0.61%   287 4385s
 35740 17901 177697.191   87  601 178030.051 176947.021  0.61%   288 4390s
 35795 17902 177706.669  115  652 178030.051 176947.021  0.61%   288 4395s
 35857 17910 176998.315   61  904 178030.051 176947.089  0.61%   288 4403s
 35868 17921 177403.499   72  689 178030.051 176947.089  0.61%   288 4405s
 35912 17952 177211.611   53  741 178030.051 176947.852  0.61%   289 4411s
 36037 18064 177298.196   64  736 178030.051 176947.896  0.61%   288 4417s
 36089 18104 177311.982   58  722 178030.051 176947.897  0.61%   288 4422s
 36208 18213 177107.859   80  883 178030.051 176947.900  0.61%   288 4429s
 36220 18225 177158.742   92  825 178030.051 176947.900  0.61%   288 4430s
 36324 18309 177236.401   63  915 178030.051 176948.044  0.61%   287 4440s
 36395 18329 177110.435   55  907 178030.051 176948.336  0.61%   287 4448s
 36411 18345 177235.865   71  830 178030.051 176948.336  0.61%   287 4450s
 36510 18428 177187.161   60  912 178030.051 176949.049  0.61%   287 4458s
 36524 18442 177278.649   74  853 178030.051 176949.049  0.61%   287 4460s
 36619 18525 177253.241   73  852 178030.051 176949.487  0.61%   287 4467s
 36674 18561 176970.946   58  901 178030.051 176949.539  0.61%   287 4470s
 36821 18697     cutoff  199      178030.051 176949.539  0.61%   286 4475s
 36832 18702 177837.390   79  735 178030.051 176949.891  0.61%   286 4480s
 36850 18708 177429.110   58  895 178030.051 176950.204  0.61%   287 4485s
 36889 18747 177576.962   97  744 178030.051 176950.204  0.61%   286 4492s
 36958 18804     cutoff   57      178030.051 176950.551  0.61%   286 4496s
 36959 18805 177274.921   72  874 178030.051 176950.761  0.61%   286 4501s
 37026 18872 177672.262  139  578 178030.051 176950.761  0.61%   286 4505s
 37073 18909 177690.051   58  881 178030.051 176950.766  0.61%   286 4510s
 37125 18943 177299.632   57  749 178030.051 176950.958  0.61%   287 4520s
 37173 18990 177470.820  105  593 178030.051 176950.958  0.61%   287 4525s
 37218 19025 177426.814   58  734 178030.051 176951.235  0.61%   287 4530s
 37279 19062 177043.250   59  910 178030.051 176952.581  0.61%   287 4535s
 37327 19110 177405.652  107  696 178030.051 176952.581  0.61%   287 4540s
 37401 19174 177179.855   69  868 178030.051 176952.687  0.61%   287 4546s
 37455 19222 177694.844  121  593 178030.051 176952.687  0.61%   287 4550s
 37489 19242 177123.074   50  884 178030.051 176952.696  0.61%   287 4555s
 37545 19257 177179.651   61  922 178030.051 176953.171  0.60%   287 4562s
 37547 19257     cutoff   63      178030.051 176953.171  0.60%   287 4565s
 37577 19275 177018.678   58  938 178030.051 176953.405  0.60%   288 4570s
 37622 19320 177362.739  103  750 178030.051 176953.405  0.60%   288 4575s
 37697 19382 177536.906   47  800 178030.051 176953.738  0.60%   288 4581s
 37815 19451 177368.426   80  921 178030.051 176954.352  0.60%   287 4589s
 37816 19452 177382.894   81  913 178030.051 176954.352  0.60%   287 4590s
 37869 19505 177816.604  134  716 178030.051 176954.352  0.60%   287 4595s
 37897 19519 177662.352   81  862 178030.051 176954.691  0.60%   287 4601s
 37941 19523     cutoff  103      178030.051 176954.691  0.60%   287 4605s
 37954 19522 177200.046   62  842 178030.051 176954.715  0.60%   287 4610s
 38080 19638 177264.843   54  894 178030.051 176954.977  0.60%   287 4617s
 38097 19639 infeasible   64      178030.051 176954.977  0.60%   287 4620s
 38116 19640 177092.709   61  895 178030.051 176955.556  0.60%   287 4628s
 38129 19653 177144.575   74  820 178030.051 176955.556  0.60%   287 4630s
 38226 19726 177018.951   59  904 178030.051 176955.695  0.60%   287 4637s
 38258 19758 177179.909   91  726 178030.051 176955.695  0.60%   287 4640s
 38375 19863 177149.199   49  896 178030.051 176955.714  0.60%   287 4646s
 38422 19902 177801.013   94  612 178030.051 176955.714  0.60%   287 4650s
 38473 19935 177310.753   64  892 178030.051 176955.717  0.60%   287 4657s
 38511 19973 177496.155  102  754 178030.051 176955.717  0.60%   287 4660s
 38584 20032 177109.682   49  928 178030.051 176955.965  0.60%   287 4666s
 38607 20045 177569.501   65  864 178030.051 176956.276  0.60%   287 4673s
 38617 20047 177632.755   71  821 178030.051 176956.276  0.60%   287 4675s
 38662 20058 177078.869   57  942 178030.051 176956.383  0.60%   287 4681s
 38691 20087 177411.000   86  793 178030.051 176956.383  0.60%   287 4685s
 38735 20118 177146.594   67  880 178030.051 176956.849  0.60%   287 4692s
 38787 20170 177426.042  119  670 178030.051 176956.849  0.60%   287 4695s
 38860 20230 177611.706   60  889 178030.051 176957.061  0.60%   287 4701s
 38882 20244 177323.644   82  743 178030.051 176957.184  0.60%   287 4706s
 38927 20289 177568.122  127  608 178030.051 176957.184  0.60%   287 4710s
 38965 20312 177061.113   63  888 178030.051 176957.463  0.60%   287 4715s
 38991 20330 177451.494   78  585 178030.051 176957.463  0.60%   287 4720s
 39102 20343 177075.785   57  932 178030.051 176957.796  0.60%   287 4727s
 39119 20360 177243.963   74  860 178030.051 176957.796  0.60%   287 4730s
 39213 20442 177375.197   74  803 178030.051 176957.921  0.60%   287 4737s
 39238 20459 177274.243   70  854 178030.051 176958.899  0.60%   288 4744s
 39246 20467 177284.550   78  824 178030.051 176958.899  0.60%   287 4745s
 39354 20562 177290.662   66  724 178030.051 176958.974  0.60%   287 4751s
 39450 20627 177072.365   62  914 178030.051 176959.019  0.60%   287 4757s
 39458 20631 177482.775   66  832 178030.051 176959.019  0.60%   287 4760s
 39478 20641     cutoff   76      178030.051 176959.019  0.60%   287 4765s
 39560 20661 176997.624   67  901 178030.051 176959.563  0.60%   288 4772s
 39584 20681 177410.193   89  790 178030.051 176959.563  0.60%   288 4775s
 39648 20718 177103.423   75  864 178030.051 176959.584  0.60%   287 4780s
 39792 20838 177363.361   55  747 178030.051 176959.844  0.60%   287 4792s
 39866 20894 177535.888   61  906 178030.051 176959.937  0.60%   287 4799s
 39880 20908 177592.490   75  866 178030.051 176959.937  0.60%   287 4801s
 39945 20957 177988.023   50  664 178030.051 176960.349  0.60%   287 4807s
 39948 20956 177036.015   60  913 178030.051 176960.484  0.60%   287 4811s
 40046 21048 177636.796  157  532 178030.051 176960.484  0.60%   287 4815s
 40077 21069 177209.019   62  842 178030.051 176960.548  0.60%   287 4820s
 40195 21159 177103.136   83  901 178030.051 176960.710  0.60%   287 4917s
 40203 21167 177221.264   86  805 178030.051 176960.710  0.60%   287 4920s
 40231 21181     cutoff   99      178030.051 176960.710  0.60%   287 4925s
 40294 21200 infeasible  125      178030.051 176960.710  0.60%   287 4930s
 40342 21208 177157.968   64  909 178030.051 176961.038  0.60%   287 4935s
 40405 21271 177817.149  127  705 178030.051 176961.038  0.60%   287 4940s
 40426 21274 177261.566   55  870 178030.051 176961.351  0.60%   287 4945s
 40534 21370 177136.182   44  879 178030.051 176961.776  0.60%   287 4952s
 40541 21372 177282.117   47  831 178030.051 176961.776  0.60%   287 4955s
 40559 21376 177025.846   59  937 178030.051 176961.815  0.60%   287 4960s
 40599 21416 177352.540   99  776 178030.051 176961.815  0.60%   287 4965s
 40677 21483 177150.849   65  913 178030.051 176962.201  0.60%   287 4974s
 40678 21484 177164.263   66  897 178030.051 176962.201  0.60%   287 4975s
 40748 21536 177196.379   56  917 178030.051 176962.222  0.60%   287 4985s
 40867 21649     cutoff  175      178030.051 176962.222  0.60%   287 4990s
 40877 21647 177254.702   59  915 178030.051 176962.375  0.60%   287 4995s
 40880 21650 177283.385   62  900 178030.051 176962.375  0.60%   287 5000s
 40961 21731 177925.294  143  641 178030.051 176962.375  0.60%   287 5005s
 40985 21743 177236.515   62  827 178030.051 176962.466  0.60%   287 5010s
 41099 21847 177210.175   81  849 178030.051 176962.477  0.60%   286 5017s
 41112 21858 177592.422   93  728 178030.051 176962.477  0.60%   286 5020s
 41195 21912 177159.271   66  939 178030.051 176962.507  0.60%   286 5028s
 41197 21914 177346.834   68  848 178030.051 176962.507  0.60%   286 5030s
 41241 21919 177064.474   60  888 178030.051 176963.094  0.60%   286 5037s
 41255 21931 177851.001   67  423 178030.051 176963.094  0.60%   287 5040s
 41348 21945 177230.212   53  906 178030.051 176963.423  0.60%   286 5045s
 41453 22040 177376.191   45  908 178030.051 176964.953  0.60%   286 5053s
 41461 22040     cutoff   49      178030.051 176964.953  0.60%   286 5055s
 41500 22048 infeasible   64      178030.051 176964.953  0.60%   286 5060s
 41536 22049 177226.540   82  844 178030.051 176965.032  0.60%   287 5068s
 41550 22063 177312.584   96  773 178030.051 176965.032  0.60%   287 5070s
 41666 22161 177105.905   61  920 178030.051 176965.084  0.60%   287 5077s
 41669 22162     cutoff   64      178030.051 176965.084  0.60%   287 5080s
 41745 22224     cutoff  135      178030.051 176965.084  0.60%   287 5085s
 41766 22234 177256.762   67  913 178030.051 176965.219  0.60%   287 5091s
 41821 22289 177601.753  122  751 178030.051 176965.219  0.60%   287 5095s
 41873 22321 177202.606   63  840 178030.051 176965.923  0.60%   287 5100s
 41874 22322 177215.810   64  825 178030.051 176965.923  0.60%   287 5105s
 42021 22445 177227.481   67  916 178030.051 176966.514  0.60%   286 5112s
 42038 22462 177613.949   84  795 178030.051 176966.514  0.60%   286 5115s
 42101 22501 176997.488   60  903 178030.051 176966.627  0.60%   286 5121s
 42131 22528 177141.409   88  753 178030.051 176966.627  0.60%   286 5125s
 42241 22622 177331.372   83  724 178030.051 176967.056  0.60%   286 5131s
 42363 22733 177085.467   68  897 178030.051 176967.343  0.60%   285 5139s
 42368 22738 177133.184   73  867 178030.051 176967.343  0.60%   285 5140s
 42408 22762 177032.788   58  949 178030.051 176967.429  0.60%   286 5147s
 42424 22766     cutoff   70      178030.051 176967.429  0.60%   286 5150s
 42474 22799 177893.983  101  677 178030.051 176967.727  0.60%   286 5155s
 42491 22802 177457.667   63  678 178030.051 176967.781  0.60%   286 5160s
 42574 22819 177414.889   76  889 178030.051 176967.850  0.60%   286 5166s
 42661 22884 177107.077   62  911 178030.051 176967.956  0.60%   286 5173s
 42670 22893 177182.006   71  858 178030.051 176967.956  0.60%   286 5175s
 42768 22991 177901.475  169  536 178030.051 176967.956  0.60%   285 5180s
 42789 23003 177269.119   72  789 178030.051 176968.133  0.60%   285 5185s
 42910 23110 177180.201   72  904 178030.051 176968.864  0.60%   285 5193s
 42914 23112 177377.473   74  798 178030.051 176968.864  0.60%   285 5195s
 42970 23119 177821.304  103  524 178030.051 176968.864  0.60%   286 5200s
 43014 23117 177176.390   62  903 178030.051 176969.286  0.60%   286 5207s
 43048 23151 177393.592   96  781 178030.051 176969.286  0.60%   286 5210s
 43106 23199 177142.900   61  884 178030.051 176970.031  0.60%   286 5215s
 43126 23211 177358.234   47  897 178030.051 176970.068  0.60%   286 5222s
 43179 23264 177681.076  100  754 178030.051 176970.068  0.60%   286 5225s
 43234 23309 177811.361   78  481 178030.051 176970.158  0.60%   286 5230s
 43291 23346 177079.414   63  940 178030.051 176970.366  0.60%   286 5237s
 43313 23368 177221.615   85  851 178030.051 176970.366  0.60%   286 5240s
 43396 23435 177032.971   61  898 178030.051 176970.557  0.60%   286 5248s
 43409 23448 177151.165   74  827 178030.051 176970.557  0.60%   286 5250s
 43494 23514 177198.315   51  910 178030.051 176970.646  0.60%   286 5257s
 43495 23513     cutoff   52      178030.051 176970.646  0.60%   286 5261s
 43569 23528 177956.575   98  585 178030.051 176970.646  0.60%   286 5265s
 43628 23543 177869.356   65  733 178030.051 176970.696  0.60%   286 5270s
 43680 23550 177072.235   64  908 178030.051 176970.711  0.60%   286 5276s
 43714 23584 177276.610   98  773 178030.051 176970.711  0.60%   286 5280s
 43827 23679 177124.554   84  885 178030.051 176971.026  0.59%   286 5288s
 43839 23691 177212.559   96  802 178030.051 176971.026  0.59%   286 5290s
 43868 23720 177337.606  125  728 178030.051 176971.026  0.59%   286 5295s
 43974 23816 177053.845   75  820 178030.051 176971.475  0.59%   285 5300s
 44120 23946 177251.745   56  877 178030.051 176971.669  0.59%   285 5307s
 44136 23962 177775.294   72  676 178030.051 176971.669  0.59%   285 5310s
 44179 23985 177385.020   73  907 178030.051 176972.201  0.59%   285 5316s
 44232 24038 177747.313  126  717 178030.051 176972.201  0.59%   285 5320s
 44285 24063 177142.140   56  895 178030.051 176972.521  0.59%   285 5325s
 44398 24165     cutoff  164      178030.051 176972.521  0.59%   284 5330s
 44421 24186 177311.333   83  818 178030.051 176972.805  0.59%   284 5335s
 44469 24218     cutoff  124      178030.051 176972.805  0.59%   284 5340s
 44475 24218 177222.165   58  910 178030.051 176973.066  0.59%   285 5345s
 44557 24300 177804.079  140  650 178030.051 176973.066  0.59%   284 5350s
 44584 24307 177397.583   84  839 178030.051 176973.066  0.59%   284 5355s
 44611 24313 177955.963   97  662 178030.051 176973.066  0.59%   285 5360s
 44671 24328 177080.210   65  883 178030.051 176973.081  0.59%   285 5366s
 44723 24380 177415.173  117  684 178030.051 176973.081  0.59%   285 5370s
 44804 24446 177093.272   52  896 178030.051 176973.296  0.59%   285 5376s
 44872 24514 177603.810  120  646 178030.051 176973.296  0.59%   284 5380s
 44939 24567 177922.362   84  312 178030.051 176973.808  0.59%   284 5385s
 44956 24577 177387.630   62  879 178030.051 176973.810  0.59%   284 5390s
 45068 24657 177647.588   50  781 178030.051 176974.215  0.59%   284 5399s
 45090 24679 177664.889   72  689 178030.051 176974.215  0.59%   284 5400s
 45146 24723 177166.761   61  931 178030.051 176974.526  0.59%   284 5406s
 45189 24758 177862.259  101  537 178030.051 176974.526  0.59%   284 5410s
 45238 24794 177210.880   95  762 178030.051 176974.846  0.59%   284 5415s
 45354 24889 177067.669   59  936 178030.051 176974.911  0.59%   284 5424s
 45359 24894 177103.303   64  901 178030.051 176974.911  0.59%   284 5425s
 45419 24934 177643.093   49  838 178030.051 176975.072  0.59%   284 5432s
 45523 25005 177273.000   63  925 178030.051 176975.091  0.59%   284 5439s
 45524 25006 177706.552   64  778 178030.051 176975.091  0.59%   284 5441s
 45547 25005 infeasible   63      178030.051 176975.175  0.59%   284 5450s
 45569 25027 177268.687   91  803 178030.051 176975.217  0.59%   284 5455s
 45636 25078 177014.696   66  925 178030.051 176975.287  0.59%   284 5460s
 45664 25106 177248.707   94  802 178030.051 176975.287  0.59%   284 5465s
 45761 25189 177179.773   68  910 178030.051 176975.438  0.59%   284 5475s
 45781 25195 177142.981   53  924 178030.051 176975.549  0.59%   285 5482s
 45828 25242 177415.278  100  711 178030.051 176975.549  0.59%   285 5485s
 45864 25278 177649.628  136  605 178030.051 176975.549  0.59%   284 5490s
 45903 25308 177323.379   65  898 178030.051 176975.784  0.59%   284 5496s
 45917 25317 177771.800   71  736 178030.051 176975.784  0.59%   285 5500s
 45972 25328 177613.900   97  739 178030.051 176975.784  0.59%   285 5505s
 46057 25349     cutoff  129      178030.051 176975.784  0.59%   285 5510s
 46088 25350 177302.268   84  913 178030.051 176975.812  0.59%   285 5517s
 46092 25352     cutoff   88      178030.051 176975.812  0.59%   285 5520s
 46140 25370 177174.302   70  906 178030.051 176975.901  0.59%   285 5528s
 46152 25382 177282.367   82  826 178030.051 176975.901  0.59%   285 5530s
 46189 25404 177409.910   57  883 178030.051 176975.958  0.59%   285 5537s
 46310 25411 177297.752   64  898 178030.051 176976.296  0.59%   285 5544s
 46311 25412 177308.242   65  893 178030.051 176976.296  0.59%   285 5545s
 46365 25445 infeasible   58      178030.051 176976.382  0.59%   285 5550s
 46366 25446 177071.461   74  890 178030.051 176976.684  0.59%   286 5555s
 46409 25476 177120.552   50  892 178030.051 176976.910  0.59%   286 5562s
 46469 25536 177524.259  110  627 178030.051 176976.910  0.59%   285 5565s
 46537 25594 177336.754   65  897 178030.051 176976.936  0.59%   285 5571s
 46589 25646 177599.106  116  730 178030.051 176976.936  0.59%   285 5575s
 46632 25677 177139.993   58  930 178030.051 176976.998  0.59%   285 5581s
 46660 25705 177313.701   86  804 178030.051 176976.998  0.59%   285 5585s
 46747 25781 177543.019   43  874 178030.051 176978.399  0.59%   285 5591s
 46811 25820 177040.777   60  901 178030.051 176978.607  0.59%   285 5595s
 46944 25938 infeasible  184      178030.051 176978.607  0.59%   284 5600s
 46959 25953 177674.121   77  586 178030.051 176978.723  0.59%   285 5605s
 47027 25997 177024.819   66  900 178030.051 176979.466  0.59%   285 5612s
 47034 26004 177239.190   69  763 178030.051 176979.466  0.59%   285 5615s
 47067 26012 177288.352   65  877 178030.051 176979.540  0.59%   285 5620s
 47094 26038 177428.630   92  758 178030.051 176979.540  0.59%   285 5630s
 47183 26093     cutoff   59      178030.051 176979.627  0.59%   285 5639s
 47184 26094 177404.805   79  802 178030.051 176979.631  0.59%   285 5643s
 47211 26121 177843.354  106  431 178030.051 176979.631  0.59%   285 5645s
 47229 26127 177240.153   66  870 178030.051 176980.420  0.59%   285 5650s
 47375 26247 177444.022   59  839 178030.051 176980.586  0.59%   285 5656s
 47437 26288 177465.057   60  663 178030.051 176980.950  0.59%   285 5663s
 47489 26335 177882.789  103  324 178030.051 176980.950  0.59%   285 5665s
 47530 26365 177660.415   73  703 178030.051 176981.112  0.59%   285 5670s
 47592 26409 177288.116   71  803 178030.051 176981.245  0.59%   285 5675s
 47712 26505 177184.139   85  899 178030.051 176981.326  0.59%   284 5685s
 47770 26524 177104.635   62  904 178030.051 176981.381  0.59%   285 5692s
 47840 26594 177441.962  132  648 178030.051 176981.381  0.59%   284 5695s
 47907 26646 177272.826   62  920 178030.051 176981.386  0.59%   284 5702s
 47978 26701 177254.527   60  887 178030.051 176981.546  0.59%   284 5708s
 48000 26723 177338.885   82  793 178030.051 176981.546  0.59%   284 5710s
 48104 26813 177159.604   55  889 178030.051 176981.706  0.59%   284 5716s
 48178 26829 infeasible   89      178030.051 176981.706  0.59%   284 5720s
 48212 26841 177570.247   93  826 178030.051 176981.724  0.59%   284 5725s
 48276 26895 177143.739   72  868 178030.051 176981.777  0.59%   284 5732s
 48287 26904 177687.349   82  586 178030.051 176981.777  0.59%   284 5735s
 48318 26920 177413.085   51  856 178030.051 176981.791  0.59%   285 5741s
 48382 26932 177172.745   60  851 178030.051 176981.813  0.59%   284 5745s
 48525 27064 177178.290   67  749 178030.051 176982.178  0.59%   284 5751s
 48634 27157 177204.397   52  891 178030.051 176982.443  0.59%   284 5757s
 48647 27163 177693.594   60  721 178030.051 176982.443  0.59%   284 5760s
 48716 27202 177162.486   63  861 178030.051 176982.540  0.59%   284 5766s
 48827 27301 177089.177   68  889 178030.051 176982.763  0.59%   283 5774s
 48835 27309 177119.178   76  824 178030.051 176982.763  0.59%   283 5775s
 48852 27317 177313.632   60  879 178030.051 176982.893  0.59%   283 5781s
 48939 27389 177290.647   56  892 178030.051 176983.027  0.59%   283 5788s
 48940 27390 177811.194   57  587 178030.051 176983.027  0.59%   283 5790s
 48992 27402 177286.519   48  881 178030.051 176983.135  0.59%   283 5795s
 49108 27508 177221.627   43  901 178030.051 176983.146  0.59%   283 5802s
 49134 27530 177520.381   67  773 178030.051 176983.146  0.59%   283 5805s
 49188 27564 177066.104   64  873 178030.051 176983.347  0.59%   283 5810s
 49270 27576 177903.545  102  506 178030.051 176983.347  0.59%   283 5815s
 49285 27583 177409.589   59  857 178030.051 176983.511  0.59%   283 5820s
 49352 27631 177150.673   58  926 178030.051 176983.534  0.59%   283 5827s
 49373 27652 177243.545   79  821 178030.051 176983.534  0.59%   283 5830s
 49467 27728 177269.157   65  906 178030.051 176983.840  0.59%   283 5838s
 49480 27741 177341.695   78  836 178030.051 176983.840  0.59%   283 5840s
 49570 27805 177090.865   65  879 178030.051 176983.875  0.59%   283 5847s
 49585 27812 177275.391   81  871 178030.051 176984.154  0.59%   283 5853s
 49594 27819 177416.196   89  837 178030.051 176984.154  0.59%   283 5855s
 49660 27867 177348.164   66  738 178030.051 176984.254  0.59%   283 5861s
 49782 27979 177130.685   57  910 178030.051 176984.534  0.59%   283 5869s
 49786 27983 177156.948   61  870 178030.051 176984.534  0.59%   283 5870s
 49859 28038 177305.237   48  892 178030.051 176984.568  0.59%   283 5876s
 49905 28084 177632.467   94  725 178030.051 176984.568  0.59%   283 5880s
 49964 28131 177187.366   57  890 178030.051 176984.770  0.59%   283 5885s
 50065 28231 177974.443  158  531 178030.051 176984.770  0.59%   282 5890s
 50105 28259     cutoff  114      178030.051 176985.039  0.59%   282 5895s
 50207 28314 177157.178   67  929 178030.051 176985.177  0.59%   282 5901s
 50237 28344 177398.237   97  822 178030.051 176985.177  0.59%   282 5905s
 50315 28407 177441.948   45  825 178030.051 176985.254  0.59%   282 5910s
 50406 28488 177090.883   68  867 178030.051 176985.292  0.59%   282 5917s
 50465 28547 177410.998  127  690 178030.051 176985.292  0.59%   282 5920s
 50553 28613 177640.090   64  845 178030.051 176985.551  0.59%   281 5925s
 50599 28649 177273.750   64  859 178030.051 176985.561  0.59%   281 5932s
 50690 28737 177665.182  155  485 178030.051 176985.561  0.59%   281 5935s
 50744 28773     cutoff   95      178030.051 176985.563  0.59%   281 5940s
 50772 28784 177161.500   55  917 178030.051 176985.810  0.59%   281 5945s
 50847 28817 177831.372  107  659 178030.051 176985.810  0.59%   281 5950s
 50861 28821 177346.181   75  699 178030.051 176985.855  0.59%   281 5955s
 50933 28882 177917.197  142  405 178030.051 176985.855  0.59%   281 5960s
 51010 28939 177334.139  127  680 178030.051 176986.133  0.59%   281 5965s
 51099 29000 177436.091   47  601 178030.051 176986.318  0.59%   281 5970s
 51283 29037 177954.223  141  326 178030.051 176986.318  0.59%   280 5975s
 51365 29097 177389.200  123  649 178030.051 176986.565  0.59%   280 5980s
 51437 29157 177114.639   61  928 178030.051 176987.231  0.59%   280 5987s
 51453 29163 infeasible   73      178030.051 176987.231  0.59%   280 5990s
 51539 29183 177009.086   62  902 178030.051 176987.274  0.59%   281 5995s
 51592 29201 177109.207   67  877 178030.051 176987.370  0.59%   281 6002s
 51619 29228 177406.206   94  782 178030.051 176987.370  0.59%   281 6005s
 51679 29272 177521.178   56  811 178030.051 176987.590  0.59%   281 6011s
 51791 29360 177068.088   61  893 178030.051 176987.911  0.59%   280 6017s
 51844 29396 177207.696   87  893 178030.051 176988.111  0.59%   280 6030s
 51923 29475 177742.491  166  585 178030.051 176988.111  0.59%   280 6035s
 51948 29487 177254.602   86  908 178030.051 176988.155  0.59%   280 6041s
 51963 29502 177474.242  101  794 178030.051 176988.155  0.59%   280 6045s
 52006 29528 177567.553   53  843 178030.051 176988.528  0.59%   281 6052s
 52069 29539 177166.038   66  872 178030.051 176988.579  0.58%   281 6058s
 52077 29547 177422.429   74  716 178030.051 176988.579  0.58%   281 6060s
 52093 29563 177473.017   90  623 178030.051 176988.579  0.58%   281 6065s
 52118 29584 177761.017  113  545 178030.051 176988.579  0.58%   281 6070s
 52184 29635 177164.185   95  771 178030.051 176988.805  0.58%   281 6075s
 52284 29722 177550.167   44  902 178030.051 176989.118  0.58%   281 6083s
 52356 29782 177162.564   52  903 178030.051 176989.356  0.58%   281 6089s
 52359 29783     cutoff   55      178030.051 176989.356  0.58%   281 6090s
 52423 29833     cutoff  111      178030.051 176989.356  0.58%   281 6095s
 52485 29865 177392.001   57  698 178030.051 176989.527  0.58%   281 6101s
 52561 29922 177222.786   57  934 178030.051 176989.589  0.58%   281 6108s
 52573 29923     cutoff   65      178030.051 176989.589  0.58%   281 6110s
 52628 29934 177443.885   69  897 178030.051 176989.589  0.58%   281 6116s
 52695 29941 177095.976   59  936 178030.051 176989.618  0.58%   281 6125s
 52740 29970     cutoff   45      178030.051 176989.897  0.58%   281 6130s
 52754 29984 177232.839   64  850 178030.051 176989.908  0.58%   281 6135s
 52814 30010 177182.842   83  868 178030.051 176990.105  0.58%   281 6141s
 52871 30067 177565.094  140  675 178030.051 176990.105  0.58%   281 6145s
 52927 30111 177086.099   68  936 178030.051 176990.201  0.58%   281 6150s
 52952 30136 177471.814   93  792 178030.051 176990.201  0.58%   281 6155s
 52994 30164 177412.713   69  845 178030.051 176990.292  0.58%   281 6162s
 53040 30210 177707.489  115  710 178030.051 176990.292  0.58%   281 6165s
 53076 30234 177739.979   54  704 178030.051 176990.876  0.58%   282 6172s
 53162 30283 177171.424   63  764 178030.051 176990.884  0.58%   281 6175s
 53281 30391 177128.251   70  929 178030.051 176990.956  0.58%   281 6184s
 53283 30393 177166.989   72  901 178030.051 176990.956  0.58%   281 6185s
 53361 30463 177924.643  146  558 178030.051 176990.956  0.58%   281 6190s
 53373 30461 177853.024   57  528 178030.051 176990.982  0.58%   281 6195s
 53403 30464 177084.451   70  889 178030.051 176991.363  0.58%   281 6200s
 53455 30474 177381.286   67  903 178030.051 176991.676  0.58%   282 6209s
 53463 30482 177430.379   75  865 178030.051 176991.676  0.58%   282 6210s
 53554 30559 177526.280   50  788 178030.051 176991.763  0.58%   282 6219s
 53581 30583 177675.973   76  609 178030.051 176991.763  0.58%   282 6220s
 53649 30633 177612.107   75  790 178030.051 176991.834  0.58%   281 6225s
 53750 30717 177638.435   98  629 178030.051 176991.878  0.58%   281 6230s
 53810 30761 177117.663   67  889 178030.051 176992.056  0.58%   281 6235s
 53838 30789 177258.100   95  778 178030.051 176992.056  0.58%   281 6245s
 53936 30875 177262.125   68  831 178030.051 176992.081  0.58%   281 6252s
 53948 30887 177386.038   74  768 178030.051 176992.081  0.58%   281 6255s
 53998 30911 177279.546   58  871 178030.051 176992.264  0.58%   281 6262s
 54015 30914 177640.867   68  706 178030.051 176992.264  0.58%   281 6265s
 54095 30957 177636.036   94  735 178030.051 176992.869  0.58%   281 6270s
 54137 30982 177152.327   47  875 178030.051 176992.884  0.58%   281 6275s
 54256 31091 177153.578   47  879 178030.051 176992.937  0.58%   281 6282s
 54260 31095 177653.014   51  727 178030.051 176992.937  0.58%   281 6285s
 54310 31121 177380.448   61  895 178030.051 176993.126  0.58%   281 6292s
 54396 31206 177704.887  147  593 178030.051 176993.126  0.58%   281 6295s
 54426 31226 177207.434   64  861 178030.051 176993.529  0.58%   281 6300s
 54523 31238 177146.509   57  897 178030.051 176993.598  0.58%   281 6309s
 54537 31252 177201.043   71  843 178030.051 176993.598  0.58%   281 6310s
 54669 31367 177132.347   54  914 178030.051 176993.630  0.58%   280 6318s
 54674 31370 177875.513   58  404 178030.051 176993.630  0.58%   280 6320s
 54747 31385 177478.146   77  910 178030.051 176994.105  0.58%   280 6325s
 54806 31434 177013.042   58  948 178030.051 176994.108  0.58%   280 6331s
 54817 31443 infeasible   69      178030.051 176994.108  0.58%   280 6335s
 54897 31497 177465.057   61  694 178030.051 176994.162  0.58%   280 6341s
 54992 31579 177433.149   51  870 178030.051 176994.326  0.58%   281 6351s
 55057 31620 177436.071   87  917 178030.051 176994.499  0.58%   281 6360s
 55097 31660 177739.155  127  755 178030.051 176994.499  0.58%   281 6365s
 55128 31675 177090.144   69  908 178030.051 176994.944  0.58%   281 6371s
 55153 31700 177386.219   94  766 178030.051 176994.944  0.58%   281 6375s
 55236 31755 177226.925   84  850 178030.051 176995.122  0.58%   281 6382s
 55301 31804     cutoff  137      178030.051 176995.122  0.58%   281 6385s
 55307 31810 177349.828   68  841 178030.051 176995.158  0.58%   281 6390s
 55373 31864 177150.833   66  907 178030.051 176995.180  0.58%   281 6398s
 55389 31880 177261.880   82  828 178030.051 176995.180  0.58%   281 6400s
 55508 31977 177038.148   66  934 178030.051 176995.337  0.58%   281 6407s
 55529 31986 177260.826   59  902 178030.051 176995.550  0.58%   281 6414s
 55533 31990 177836.673   61  481 178030.051 176995.550  0.58%   281 6415s
 55590 32002 177059.220   78  903 178030.051 176995.825  0.58%   281 6421s
 55632 32044 177355.562  120  713 178030.051 176995.825  0.58%   281 6425s
 55713 32110 177332.258   56  899 178030.051 176995.948  0.58%   281 6433s
 55736 32127 177410.980   79  820 178030.051 176995.948  0.58%   281 6435s
 55828 32199 177231.205   62  864 178030.051 176995.961  0.58%   281 6440s
 55856 32206 177299.372   66  915 178030.051 176996.141  0.58%   281 6447s
 55888 32238 177509.240   98  786 178030.051 176996.141  0.58%   281 6450s
 55957 32296 177196.905   73  857 178030.051 176996.337  0.58%   281 6457s
 55993 32328 177494.604  107  741 178030.051 176996.337  0.58%   281 6460s
 56044 32362 177661.585   58  770 178030.051 176996.880  0.58%   281 6466s
 56145 32423 177533.240   61  857 178030.051 176996.957  0.58%   281 6473s
 56183 32453 177689.634   96  741 178030.051 176996.957  0.58%   281 6475s
 56241 32486 177114.871   67  866 178030.051 176997.046  0.58%   281 6480s
 56369 32614 178018.505  195  373 178030.051 176997.046  0.58%   280 6485s
 56385 32614 177193.067   71  877 178030.051 176997.410  0.58%   280 6490s
 56421 32633 177115.854   71  887 178030.051 176997.491  0.58%   280 6495s
 56464 32649 177875.493   99  306 178030.051 176997.491  0.58%   281 6500s
 56578 32711 177618.744  125  602 178030.051 176997.501  0.58%   280 6505s
 56615 32733 177261.153   73  836 178030.051 176997.615  0.58%   280 6510s
 56730 32824 177346.221   65  904 178030.051 176997.624  0.58%   280 6519s
 56741 32830 infeasible   69      178030.051 176997.624  0.58%   280 6520s
 56778 32835 177155.590   68  918 178030.051 176997.706  0.58%   280 6525s
 56829 32877 177576.341  119  621 178030.051 176997.706  0.58%   280 6530s
 56865 32902 177310.835   62  883 178030.051 176997.846  0.58%   280 6537s
 56920 32943 177155.874   56  890 178030.051 176997.863  0.58%   280 6544s
 56925 32948 177195.421   61  860 178030.051 176997.863  0.58%   280 6545s
 57032 33044 177160.679   69  891 178030.051 176997.916  0.58%   280 6552s
 57040 33051 177842.309   77  357 178030.051 176997.916  0.58%   280 6555s
 57115 33061 177223.299   69  940 178030.051 176997.929  0.58%   280 6561s
 57146 33092 177469.117  100  838 178030.051 176997.929  0.58%   280 6565s
 57206 33135 177418.990   88  917 178030.051 176998.255  0.58%   280 6576s
 57238 33167 177662.674  120  788 178030.051 176998.255  0.58%   280 6580s
 57277 33191 177350.048   88  722 178030.051 176998.336  0.58%   280 6585s
 57309 33209 177161.349   62  858 178030.051 176998.380  0.58%   281 6605s
 57315 33215 177161.349   68  780 178030.051 176998.380  0.58%   282 6610s
 57417 33307 177061.560   70  930 178030.051 176998.644  0.58%   281 6617s
 57430 33320 177175.029   83  847 178030.051 176998.644  0.58%   281 6620s
 57532 33422 178000.358  185  466 178030.051 176998.644  0.58%   281 6625s
 57543 33423 177453.537   69  713 178030.051 176998.666  0.58%   281 6630s
 57608 33436 177310.416   62  840 178030.051 176998.776  0.58%   281 6635s
 57709 33514 177196.299   61  917 178030.051 176999.522  0.58%   281 6643s
 57711 33516 177515.941   63  801 178030.051 176999.522  0.58%   281 6645s
 57758 33525 177116.634   62  786 178030.051 176999.712  0.58%   281 6650s
 57824 33578 177159.049   71  893 178030.051 176999.761  0.58%   281 6658s
 57826 33580 177176.378   73  875 178030.051 176999.761  0.58%   281 6664s
 57828 33582 177189.393   75  856 178030.051 176999.761  0.58%   281 6665s
 57916 33665 177867.775  163  597 178030.051 176999.761  0.58%   281 6670s
 57956 33695 177741.684   78  697 178030.051 176999.906  0.58%   281 6675s
 57981 33707 177501.264   89  865 178030.051 176999.973  0.58%   281 6682s
 58012 33738 177738.577  120  722 178030.051 176999.973  0.58%   281 6685s
 58053 33763 177640.482   89  887 178030.051 177000.071  0.58%   281 6693s
 58058 33766 177670.849   93  855 178030.051 177000.071  0.58%   281 6695s
 58079 33767     cutoff  105      178030.051 177000.071  0.58%   282 6700s
 58126 33772 177154.425   47  920 178030.051 177000.181  0.58%   282 6708s
 58138 33784 177230.913   59  851 178030.051 177000.181  0.58%   282 6710s
 58240 33872 177206.552   49  848 178030.051 177000.383  0.58%   282 6716s
 58337 33954     cutoff  140      178030.051 177000.383  0.58%   281 6720s
 58377 33971 177323.393   90  896 178030.051 177000.431  0.58%   281 6727s
 58395 33989 177481.083  108  797 178030.051 177000.431  0.58%   281 6730s
 58461 34045 177207.355   86  855 178030.051 177000.479  0.58%   281 6736s
 58503 34078 177850.915   54  728 178030.051 177000.850  0.58%   282 6746s
 58557 34120 177189.126   62  925 178030.051 177000.901  0.58%   282 6753s
 58567 34130 177831.234   72  718 178030.051 177000.901  0.58%   282 6755s
 58584 34132     cutoff   65      178030.051 177000.965  0.58%   282 6760s
 58626 34138 177081.937   72  899 178030.051 177001.144  0.58%   282 6765s
 58653 34151 177908.621   86  381 178030.051 177001.144  0.58%   282 6770s
 58707 34169 177309.967   79  805 178030.051 177001.237  0.58%   282 6775s
 58820 34270 177662.980   59  792 178030.051 177001.271  0.58%   282 6786s
 58839 34281 177038.009   70  881 178030.051 177001.614  0.58%   282 6790s
 58939 34379 177631.171  170  565 178030.051 177001.614  0.58%   282 6795s
 58982 34395 177244.607   71  901 178030.051 177001.833  0.58%   282 6802s
 59010 34423 177704.155   99  804 178030.051 177001.833  0.58%   282 6805s
 59054 34445 177387.237   64  889 178030.051 177001.996  0.58%   282 6810s
 59135 34516 177235.776   60  902 178030.051 177002.069  0.58%   282 6819s
 59140 34521 177266.384   65  888 178030.051 177002.069  0.58%   282 6820s
 59256 34623 177386.336   59  744 178030.051 177002.179  0.58%   282 6826s
 59358 34712 177143.361   63  835 178030.051 177002.650  0.58%   282 6839s
 59360 34714 177143.361   65  757 178030.051 177002.650  0.58%   282 6840s
 59401 34749 infeasible  104      178030.051 177002.650  0.58%   282 6845s
 59466 34799 177123.286   65  878 178030.051 177002.672  0.58%   282 6850s
 59555 34888 177771.150  154  530 178030.051 177002.672  0.58%   282 6855s
 59577 34900 177254.157   58  923 178030.051 177002.692  0.58%   282 6861s
 59640 34944 177122.489   56  911 178030.051 177002.799  0.58%   282 6866s
 59692 34996 177500.968  108  728 178030.051 177002.799  0.58%   282 6870s
 59763 35043 177139.646   47  865 178030.051 177002.902  0.58%   282 6875s
 59820 35092 177417.748  100  694 178030.051 177002.902  0.58%   281 6884s
 59833 35103 177656.585  113  626 178030.051 177002.902  0.58%   281 6885s
 59899 35130     cutoff   76      178030.051 177003.015  0.58%   281 6890s
 59962 35144 177219.703   63  911 178030.051 177003.018  0.58%   281 6896s
 60012 35190 177852.850  111  710 178030.051 177003.018  0.58%   281 6900s
 60027 35193 177404.574   91  899 178030.051 177003.130  0.58%   282 6911s
 60057 35223 177788.311  121  747 178030.051 177003.130  0.58%   282 6915s
 60092 35241 177180.081   62  821 178030.051 177003.189  0.58%   282 6928s
 60138 35253 177938.189   82  236 178030.051 177003.189  0.58%   282 6930s
 60197 35262 177210.524   90  888 178030.051 177003.240  0.58%   282 6936s
 60220 35285 177411.930  113  761 178030.051 177003.240  0.58%   282 6940s
 60298 35352 177354.052   70  915 178030.051 177003.430  0.58%   282 6948s
 60302 35352 177365.715   72  891 178030.051 177003.430  0.58%   282 6950s
 60354 35362 177617.151   70  646 178030.051 177003.502  0.58%   282 6955s
 60436 35426 177743.433   85  439 178030.051 177003.548  0.58%   282 6960s
 60465 35442 177156.398   61  944 178030.051 177003.816  0.58%   282 6965s
 60508 35485 177517.790  104  778 178030.051 177003.816  0.58%   282 6970s
 60570 35536 177142.425   58  886 178030.051 177003.898  0.58%   282 6975s
 60659 35605 177224.436   44  910 178030.051 177004.134  0.58%   282 6984s
 60670 35616 177302.129   55  874 178030.051 177004.134  0.58%   282 6985s
 60788 35724 177172.634   69  905 178030.051 177004.223  0.58%   282 6993s
 60789 35725 177549.349   70  632 178030.051 177004.223  0.58%   282 6995s
 60820 35740 177251.976   74  857 178030.051 177004.223  0.58%   282 7000s
 60868 35752     cutoff   83      178030.051 177004.223  0.58%   282 7005s
 61040 35768 177136.417   55  915 178030.051 177004.263  0.58%   282 7014s
 61041 35769 177386.988   56  786 178030.051 177004.263  0.58%   282 7015s
 61125 35787 177037.464   60  921 178030.051 177004.469  0.58%   282 7020s
 61164 35826 177341.125   99  780 178030.051 177004.469  0.58%   282 7025s
 61238 35890 177307.522   74  818 178030.051 177004.737  0.58%   282 7032s
 61279 35931 177541.678  115  689 178030.051 177004.737  0.58%   282 7035s
 61349 35984 177333.581   70  879 178030.051 177004.791  0.58%   282 7041s
 61430 36036 177347.472   65  871 178030.051 177004.979  0.58%   282 7048s
 61477 36083 177561.298  112  712 178030.051 177004.979  0.58%   282 7050s
 61539 36133 177155.947   56  882 178030.051 177005.115  0.58%   281 7055s
 61632 36201 177750.325   50  826 178030.051 177005.166  0.58%   281 7061s
 61682 36244 177114.577   72  857 178030.051 177005.171  0.58%   281 7066s
 61718 36280 177761.630  108  465 178030.051 177005.171  0.58%   281 7070s
 61754 36306 177147.291   90  780 178030.051 177005.184  0.58%   281 7075s
 61877 36417 177571.243   55  704 178030.051 177005.299  0.58%   281 7087s
 61997 36507 177061.040   71  904 178030.051 177005.321  0.58%   281 7093s
 62003 36513 177626.053   74  724 178030.051 177005.321  0.58%   281 7095s
 62029 36539 177998.552   87  566 178030.051 177005.321  0.58%   282 7100s
 62067 36577 177629.313  106  535 178030.051 177005.321  0.58%   282 7105s
 62117 36609 177801.399  131  515 178030.051 177005.321  0.58%   282 7110s
 62139 36622 177667.423  142  527 178030.051 177005.321  0.58%   282 7115s
 62236 36652 177284.930   67  914 178030.051 177005.393  0.58%   282 7123s
 62246 36662 177418.468   77  843 178030.051 177005.393  0.58%   282 7125s
 62298 36698 177529.349   54  762 178030.051 177005.417  0.58%   282 7137s
 62337 36729 177695.930   90  647 178030.051 177005.417  0.58%   282 7140s
 62370 36747 177536.709   59  745 178030.051 177005.554  0.58%   282 7148s
 62390 36749 177158.924   60  897 178030.051 177005.840  0.58%   283 7153s
 62406 36760 177427.725   74  770 178030.051 177005.840  0.58%   283 7155s
 62463 36805 177125.305   52  859 178030.051 177005.869  0.58%   283 7160s
 62574 36906 177402.444   66  726 178030.051 177005.894  0.58%   282 7166s
 62632 36947 177484.260   68  804 178030.051 177005.981  0.58%   282 7171s
 62712 37017 177214.974   75  863 178030.051 177006.071  0.58%   282 7178s
 62722 37024 177513.366   85  776 178030.051 177006.071  0.58%   282 7180s
 62760 37050 177151.854   63  846 178030.051 177006.253  0.58%   282 7185s
 62915 37190 177317.978   60  887 178030.051 177006.306  0.58%   282 7196s
 62932 37195 177452.088   66  866 178030.051 177006.543  0.57%   282 7203s
 62957 37220 177582.041   91  777 178030.051 177006.543  0.57%   282 7205s
 63014 37262 177194.885   58  889 178030.051 177006.671  0.57%   282 7210s
 63162 37397 177095.337   57  908 178030.051 177006.856  0.57%   282 7218s
 63173 37408 177178.346   68  843 178030.051 177006.856  0.57%   282 7220s
 63282 37507 177349.208   65  872 178030.051 177007.366  0.57%   281 7227s
 63291 37508     cutoff   70      178030.051 177007.366  0.57%   281 7230s
 63352 37529 177621.339   67  708 178030.051 177007.451  0.57%   282 7237s
 63396 37565 177254.092   67  825 178030.051 177007.599  0.57%   282 7242s
 63489 37634 177079.031   62  932 178030.051 177008.145  0.57%   281 7249s
 63490 37635 177089.374   63  913 178030.051 177008.145  0.57%   281 7250s
 63566 37653     cutoff   44      178030.051 177008.176  0.57%   282 7256s
 63584 37671 177190.062   75  809 178030.051 177008.347  0.57%   282 7260s
 63705 37780 177077.653   68  895 178030.051 177008.447  0.57%   282 7270s
 63769 37822 177204.050   47  916 178030.051 177008.496  0.57%   282 7279s
 63778 37831 177258.722   56  870 178030.051 177008.496  0.57%   282 7280s
 63808 37861 177435.318   86  807 178030.051 177008.496  0.57%   282 7288s
 63817 37870 177494.549   95  772 178030.051 177008.496  0.57%   282 7290s
 63894 37937 177473.515   92  903 178030.051 177008.615  0.57%   281 7299s
 63896 37939 177503.631   94  889 178030.051 177008.615  0.57%   281 7300s
 63910 37945 177203.345   53  828 178030.051 177008.652  0.57%   282 7305s
 64030 38063     cutoff  172      178030.051 177008.652  0.57%   281 7310s
 64111 38075 177899.291  106  321 178030.051 177008.711  0.57%   281 7315s
 64145 38097 177261.844   73  787 178030.051 177008.838  0.57%   281 7320s
 64254 38194 177173.335   60  892 178030.051 177009.120  0.57%   281 7329s
 64256 38196 177556.784   61  607 178030.051 177009.120  0.57%   281 7330s
 64308 38204 177691.889   56  780 178030.051 177009.125  0.57%   281 7339s
 64313 38209 177696.626   61  752 178030.051 177009.125  0.57%   281 7340s
 64392 38263 177188.492   81  820 178030.051 177009.237  0.57%   281 7345s
 64512 38371 177271.119   64  855 178030.051 177009.487  0.57%   281 7354s
 64516 38373 infeasible   68      178030.051 177009.487  0.57%   281 7355s
 64562 38404 177289.041   69  842 178030.051 177009.558  0.57%   281 7362s
 64594 38415 177281.123   64  832 178030.051 177009.771  0.57%   282 7369s
 64608 38429 177352.433   78  800 178030.051 177009.771  0.57%   281 7370s
 64701 38490 177031.729   48  935 178030.051 177009.953  0.57%   281 7376s
 64726 38515 177247.524   73  852 178030.051 177009.953  0.57%   281 7380s
 64822 38601 177510.698   63  856 178030.051 177009.983  0.57%   281 7388s
 64843 38622 177600.149   84  769 178030.051 177009.983  0.57%   281 7390s
 64923 38677 177212.455   63  856 178030.051 177010.090  0.57%   281 7396s
 64956 38710 177403.565   96  714 178030.051 177010.090  0.57%   281 7400s
 65056 38789 177185.910   72  932 178030.051 177010.155  0.57%   281 7409s
 65059 38792 177226.923   75  893 178030.051 177010.155  0.57%   281 7410s
 65110 38843 177708.610  126  703 178030.051 177010.155  0.57%   281 7415s
 65141 38864 177069.510   50  935 178030.051 177010.189  0.57%   281 7420s
 65157 38875     cutoff   58      178030.051 177010.189  0.57%   281 7425s
 65179 38892 177947.347   69  641 178030.051 177010.189  0.57%   281 7430s
 65355 38926 177113.804   63  897 178030.051 177010.429  0.57%   281 7436s
 65370 38931 177675.978   69  863 178030.051 177010.496  0.57%   281 7443s
 65395 38956 177862.399   94  758 178030.051 177010.496  0.57%   281 7445s
 65411 38964 177123.025   67  934 178030.051 177010.621  0.57%   281 7450s
 65432 38969 177724.123   75  609 178030.051 177010.621  0.57%   281 7455s
 65483 38979 177040.883   61  802 178030.051 177010.811  0.57%   281 7460s
 65634 39110 infeasible   64      178030.051 177010.881  0.57%   281 7468s
 65635 39111 177167.743   55  883 178030.051 177010.888  0.57%   281 7472s
 65665 39141 177348.889   85  774 178030.051 177010.888  0.57%   281 7475s
 65775 39223 177390.814   71  918 178030.051 177010.952  0.57%   281 7484s
 65779 39227 177437.961   75  896 178030.051 177010.952  0.57%   281 7485s
 65802 39250 177616.434   98  794 178030.051 177010.952  0.57%   281 7493s
 65826 39274 177775.727  122  717 178030.051 177010.952  0.57%   281 7495s
 65862 39291 177170.372   63  868 178030.051 177010.956  0.57%   281 7500s
 65945 39338 177522.069   55  759 178030.051 177011.051  0.57%   281 7507s
 66067 39437 177052.987   57  903 178030.051 177011.243  0.57%   281 7512s
 66088 39454 177316.761   76  788 178030.051 177011.243  0.57%   281 7515s
 66170 39516 177104.397   72  909 178030.051 177011.300  0.57%   281 7527s
 66177 39523 177152.312   79  840 178030.051 177011.300  0.57%   281 7530s
 66237 39583 177588.516  139  616 178030.051 177011.300  0.57%   281 7535s
 66305 39624 infeasible   64      178030.051 177011.369  0.57%   281 7543s
 66307 39624 177591.906   68  739 178030.051 177011.461  0.57%   281 7546s
 66360 39631 177880.535   68  816 178030.051 177011.640  0.57%   281 7551s
 66386 39631 177235.675   87  824 178030.051 177011.867  0.57%   281 7556s
 66407 39644 177218.471   65  910 178030.051 177011.907  0.57%   281 7560s
 66518 39738 177247.646   69  907 178030.051 177012.120  0.57%   281 7570s
 66568 39788 177683.447  119  724 178030.051 177012.120  0.57%   281 7575s
 66599 39810 177109.256   65  929 178030.051 177012.133  0.57%   281 7582s
 66630 39841 177331.459   96  788 178030.051 177012.133  0.57%   281 7585s
 66724 39914 177314.908   62  858 178030.051 177012.261  0.57%   281 7592s
 66742 39932 177462.410   80  770 178030.051 177012.261  0.57%   281 7595s
 66810 39977 177492.361   66  750 178030.051 177012.273  0.57%   281 7604s
 66839 39990     cutoff   88      178030.051 177012.273  0.57%   281 7605s
 66888 40029 177259.499   99  761 178030.051 177012.280  0.57%   281 7610s
 66918 40041 177323.645   93  897 178030.051 177012.616  0.57%   282 7618s
 66924 40047 177415.644   99  772 178030.051 177012.616  0.57%   282 7620s
 66958 40069 177425.381   59  912 178030.051 177012.642  0.57%   282 7629s
 66965 40076 177451.545   66  876 178030.051 177012.642  0.57%   282 7630s
 67052 40151 177789.122   69  636 178030.051 177012.695  0.57%   282 7635s
 67081 40173 177623.870   83  816 178030.051 177012.783  0.57%   282 7640s
 67166 40228     cutoff   68      178030.051 177012.857  0.57%   282 7645s
 67269 40263 177303.391   63  878 178030.051 177012.900  0.57%   281 7650s
 67358 40338 177860.939   63  408 178030.051 177012.971  0.57%   281 7656s
 67433 40377 177131.739   71  888 178030.051 177013.020  0.57%   281 7661s
 67463 40407 177368.580  101  774 178030.051 177013.020  0.57%   281 7665s
 67537 40471 177564.539   58  772 178030.051 177013.112  0.57%   281 7677s
 67594 40512 177126.227   59  925 178030.051 177013.209  0.57%   282 7684s
 67595 40513 177134.479   60  914 178030.051 177013.209  0.57%   282 7685s
 67657 40575 177512.575  122  693 178030.051 177013.209  0.57%   282 7690s
 67727 40619 177347.624   64  765 178030.051 177013.249  0.57%   281 7695s
 67769 40632 177740.596   80  817 178030.051 177013.412  0.57%   281 7700s
 67821 40641 177947.938   71  487 178030.051 177013.543  0.57%   281 7705s
 67841 40652 177657.844   74  666 178030.051 177013.550  0.57%   282 7710s
 67867 40672 177736.002   87  771 178030.051 177013.550  0.57%   282 7715s
 67895 40689     cutoff  101      178030.051 177013.550  0.57%   282 7720s
 67922 40692 177089.560   69  913 178030.051 177013.676  0.57%   282 7727s
 67951 40715 177776.520   95  725 178030.051 177013.676  0.57%   282 7730s
 67994 40746 177658.486   91  898 178030.051 177013.820  0.57%   282 7737s
 68016 40768 177861.907  113  759 178030.051 177013.820  0.57%   282 7740s
 68039 40773 177205.333   70  875 178030.051 177013.868  0.57%   282 7746s
 68094 40828 177474.081  125  642 178030.051 177013.868  0.57%   282 7750s
 68162 40885 177336.942   67  822 178030.051 177014.018  0.57%   282 7757s
 68194 40887 177137.560   60  895 178030.051 177014.201  0.57%   282 7762s
 68243 40897 177202.281   81  900 178030.051 177014.285  0.57%   282 7767s
 68267 40921 177373.770  105  757 178030.051 177014.285  0.57%   282 7770s
 68359 41000 177231.409   92  879 178030.051 177014.306  0.57%   282 7777s
 68365 41004 177581.246   97  805 178030.051 177014.306  0.57%   282 7780s
 68407 41032 177371.343   64  837 178030.051 177014.434  0.57%   282 7786s
 68490 41094 177452.856   71  855 178030.051 177014.508  0.57%   282 7792s
 68539 41130     cutoff  119      178030.051 177014.508  0.57%   282 7795s
 68637 41217 177273.720  113  667 178030.051 177014.642  0.57%   282 7800s
 68739 41307 177525.895   48  894 178030.051 177014.679  0.57%   282 7807s
 68826 41388 177986.701  133  561 178030.051 177014.679  0.57%   282 7810s
 68834 41385 177910.513   58  774 178030.051 177014.779  0.57%   282 7816s
 68842 41386 177079.428   68  903 178030.051 177014.820  0.57%   282 7820s
 68893 41437 177467.372  119  740 178030.051 177014.820  0.57%   282 7825s
 68957 41490 177191.690   58  901 178030.051 177014.876  0.57%   282 7831s
 69030 41553 177824.775  126  627 178030.051 177014.876  0.57%   282 7835s
 69071 41582 177748.389   74  813 178030.051 177015.072  0.57%   282 7840s
 69106 41608 177322.861   59  756 178030.051 177015.121  0.57%   282 7849s
 69107 41608 177950.321   60  467 178030.051 177015.121  0.57%   282 7850s
 69213 41627 177156.056   54  876 178030.051 177015.263  0.57%   282 7857s
 69230 41644 177304.578   71  794 178030.051 177015.263  0.57%   282 7876s
 69321 41725 177539.361   56  691 178030.051 177015.336  0.57%   282 7885s
 69366 41738 177430.677   73  856 178030.051 177015.422  0.57%   282 7891s
 69435 41806 177852.723  142  613 178030.051 177015.422  0.57%   282 7895s
 69457 41813 177569.057   64  729 178030.051 177015.423  0.57%   282 7901s
 69538 41869 177326.417   68  808 178030.051 177015.449  0.57%   282 7907s
 69656 41971 177062.122   63  937 178030.051 177015.477  0.57%   282 7913s
 69667 41982 177152.536   74  872 178030.051 177015.477  0.57%   282 7915s
 69698 42007     cutoff  103      178030.051 177015.477  0.57%   282 7920s
 69731 42026 177790.349   56  621 178030.051 177015.590  0.57%   282 7929s
 69796 42073     cutoff   65      178030.051 177015.779  0.57%   282 7930s
 69797 42074 177564.539   59  748 178030.051 177015.887  0.57%   283 7938s
 69868 42100 177920.779  110  449 178030.051 177015.887  0.57%   283 7940s
 69904 42110 177224.819   78  796 178030.051 177016.186  0.57%   283 7945s
 69954 42138 177441.094   66  812 178030.051 177016.258  0.57%   283 7952s
 70046 42214     cutoff  146      178030.051 177016.258  0.57%   282 7955s
 70051 42211 177086.071   57  921 178030.051 177016.595  0.57%   283 7960s
 70063 42219 177281.868   63  750 178030.051 177016.595  0.57%   283 7965s
 70124 42236 177464.549   67  901 178030.051 177017.066  0.57%   283 7974s
 70130 42242 177532.700   73  877 178030.051 177017.066  0.57%   283 7975s
 70140 42252 177769.921   83  697 178030.051 177017.066  0.57%   283 7980s
 70189 42287 177529.235   75  705 178030.051 177017.078  0.57%   283 7985s
 70337 42368 177936.790  114  278 178030.051 177017.250  0.57%   282 7990s
 70390 42394 177244.327   68  802 178030.051 177017.272  0.57%   282 7995s
 70490 42483 177575.396   48  773 178030.051 177017.358  0.57%   283 8006s
 70601 42552     cutoff   51      178030.051 177017.718  0.57%   283 8012s
 70602 42553 177207.001   53  911 178030.051 177017.879  0.57%   283 8017s
 70664 42600 177533.590   82  904 178030.051 177017.923  0.57%   283 8023s
 70676 42602     cutoff   88      178030.051 177017.923  0.57%   283 8025s
 70714 42610 177890.010  107  741 178030.051 177017.923  0.57%   283 8030s
 70751 42613 177355.189   53  899 178030.051 177018.059  0.57%   283 8037s
 70809 42655 177361.213   52  907 178030.051 177018.459  0.57%   283 8044s
 70810 42654     cutoff   53      178030.051 177018.459  0.57%   283 8045s
 70916 42690 177278.412   66  910 178030.051 177018.477  0.57%   283 8054s
 70921 42695 177309.206   71  892 178030.051 177018.477  0.57%   283 8055s
 71030 42775 177282.801   61  902 178030.051 177018.585  0.57%   283 8064s
 71036 42781 177310.641   67  881 178030.051 177018.585  0.57%   283 8065s
 71145 42880 177166.729   74  926 178030.051 177018.683  0.57%   283 8074s
 71148 42883 177398.319   77  802 178030.051 177018.683  0.57%   283 8076s
 71167 42884     cutoff   85      178030.051 177018.683  0.57%   283 8080s
 71197 42892 177349.906   59  812 178030.051 177018.828  0.57%   283 8085s
 71313 42997 177094.932   67  896 178030.051 177018.992  0.57%   283 8093s
 71323 43007 177165.692   77  837 178030.051 177018.992  0.57%   283 8095s
 71420 43083 177899.689  162  514 178030.051 177018.992  0.57%   283 8100s
 71514 43157 177597.031  135  487 178030.051 177019.061  0.57%   283 8105s
 71603 43216 177241.266   76  843 178030.051 177019.094  0.57%   283 8110s
 71687 43299 177800.079  160  483 178030.051 177019.094  0.57%   282 8115s
 71717 43320 177322.778   73  861 178030.051 177019.104  0.57%   282 8120s
 71799 43392 177531.361   60  823 178030.051 177019.138  0.57%   282 8129s
 71807 43398 177565.078   67  784 178030.051 177019.138  0.57%   282 8130s
 71882 43444 177324.452   94  860 178030.051 177019.139  0.57%   283 8140s
 71964 43514 177114.260   58  914 178030.051 177019.151  0.57%   282 8146s
 71998 43548 177600.877   92  727 178030.051 177019.151  0.57%   283 8150s
 72056 43582 177127.766   64  855 178030.051 177019.265  0.57%   282 8155s
 72199 43713 177241.411   93  844 178030.051 177019.300  0.57%   282 8164s
 72208 43720     cutoff  102      178030.051 177019.300  0.57%   282 8166s
 72288 43787 177864.041  178  481 178030.051 177019.300  0.57%   282 8170s
 72348 43823 177396.438   58  764 178030.051 177019.415  0.57%   282 8178s
 72377 43852 177578.593   87  687 178030.051 177019.415  0.57%   282 8180s
 72437 43890 177254.223   73  865 178030.051 177019.442  0.57%   282 8185s
 72459 43898     cutoff   80      178030.051 177019.442  0.57%   282 8190s
 72528 43919 177892.302  111  621 178030.051 177019.442  0.57%   282 8195s
 72573 43920     cutoff   82      178030.051 177019.551  0.57%   282 8200s
 72592 43919 177242.942   71  801 178030.051 177019.564  0.57%   283 8205s
 72719 44028 177246.265   64  875 178030.051 177019.660  0.57%   282 8213s
 72724 44033 177483.746   69  560 178030.051 177019.660  0.57%   282 8215s
 72750 44049 177228.380   64  879 178030.051 177019.914  0.57%   283 8220s
 72781 44080 177409.901   95  725 178030.051 177019.914  0.57%   282 8227s
 72871 44160 177126.781   60  818 178030.051 177019.947  0.57%   282 8231s
 72923 44169 177525.728   73  893 178030.051 177020.214  0.57%   282 8238s
 72943 44189 177678.534   93  803 178030.051 177020.214  0.57%   282 8240s
 72998 44226 177251.011   60  925 178030.051 177020.216  0.57%   282 8246s
 73049 44277 177484.408  111  732 178030.051 177020.216  0.57%   282 8250s
 73123 44338 177311.152   65  850 178030.051 177020.248  0.57%   282 8255s
 73163 44372 177537.443   67  780 178030.051 177020.258  0.57%   282 8263s
 73174 44383 177537.443   78  629 178030.051 177020.258  0.57%   282 8265s
 73251 44448 177374.816   58  848 178030.051 177020.381  0.57%   283 8281s
 73283 44467 infeasible   49      178030.051 177020.481  0.57%   283 8288s
 73286 44470 177050.857   59  895 178030.051 177020.739  0.57%   283 8290s
 73356 44540 177568.632  129  670 178030.051 177020.739  0.57%   283 8295s
 73406 44570 177192.030   60  897 178030.051 177020.825  0.57%   283 8302s
 73444 44608 177441.451   98  752 178030.051 177020.825  0.57%   283 8305s
 73522 44666 177349.965   69  923 178030.051 177020.892  0.57%   283 8312s
 73535 44677     cutoff   82      178030.051 177020.892  0.57%   283 8315s
 73588 44712 177400.801   56  856 178030.051 177020.974  0.57%   283 8322s
 73675 44789 177221.006   72  923 178030.051 177021.003  0.57%   283 8331s
 73704 44814 177708.051   99  742 178030.051 177021.003  0.57%   283 8335s
 73740 44833 177074.065   63  889 178030.051 177021.131  0.57%   283 8342s
 73796 44873 177107.402   75  878 178030.051 177021.275  0.57%   283 8351s
 73808 44885 177555.446   81  780 178030.051 177021.275  0.57%   283 8355s
 73825 44902 177229.265   90  748 178030.051 177021.275  0.57%   283 8360s
 73856 44923 177869.726  105  565 178030.051 177021.275  0.57%   283 8365s
 73907 44948 177360.051   51  862 178030.051 177021.311  0.57%   284 8373s
 73942 44979 177641.260   84  737 178030.051 177021.311  0.57%   284 8375s
 74035 45040 177810.603   57  673 178030.051 177021.640  0.57%   284 8386s
 74054 45043 infeasible   60      178030.051 177021.738  0.57%   284 8391s
 74055 45044 177147.166   59  916 178030.051 177021.755  0.57%   284 8396s
 74122 45089 177309.439   66  736 178030.051 177021.838  0.57%   284 8403s
 74137 45095 infeasible   79      178030.051 177021.838  0.57%   284 8405s
 74180 45114 177542.896   73  882 178030.051 177022.081  0.57%   284 8415s
 74244 45168 177200.899   62  902 178030.051 177022.120  0.57%   284 8424s
 74246 45170 177222.300   64  876 178030.051 177022.120  0.57%   284 8425s
 74326 45230 177251.145   68  849 178030.051 177022.200  0.57%   284 8432s
 74396 45300 177516.195  138  649 178030.051 177022.200  0.57%   284 8435s
 74473 45355 177681.349   59  683 178030.051 177022.264  0.57%   284 8441s
 74538 45407 177936.365   53  786 178030.051 177022.269  0.57%   284 8448s
 74540 45405     cutoff   52      178030.051 177022.315  0.57%   284 8453s
 74541 45406 177098.868   61  872 178030.051 177022.413  0.57%   284 8456s
 74625 45490 177662.206  145  610 178030.051 177022.413  0.57%   284 8460s
 74674 45527 177117.652   73  855 178030.051 177022.552  0.57%   284 8466s
 74777 45630 177723.015  176  431 178030.051 177022.552  0.57%   284 8470s
 74780 45633 177775.598  179  426 178030.051 177022.552  0.57%   284 8501s
 74814 45652 177290.193   73  843 178030.051 177022.561  0.57%   284 8507s
 74866 45704 177727.077  125  488 178030.051 177022.561  0.57%   284 8510s
 74927 45747 177495.080   68  880 178030.051 177022.587  0.57%   283 8515s
 74970 45782 177472.418   60  901 178030.051 177022.620  0.57%   284 8523s
 74977 45783 177943.162   63  713 178030.051 177022.620  0.57%   284 8525s
 75020 45789 177177.311   83  885 178030.051 177022.651  0.57%   284 8530s
 75079 45799 177478.919   68  881 178030.051 177022.652  0.57%   284 8539s
 75081 45799     cutoff   70      178030.051 177022.652  0.57%   284 8540s
 75149 45849 177119.198   81  870 178030.051 177022.671  0.57%   284 8545s
 75150 45850 177130.578   82  859 178030.051 177022.671  0.57%   284 8562s
 75180 45880 177324.181  112  760 178030.051 177022.671  0.57%   284 8565s
 75279 45956 177196.655   72  877 178030.051 177022.752  0.57%   284 8572s
 75290 45967 177458.816   83  806 178030.051 177022.752  0.57%   284 8575s
 75362 46004 177202.124   58  839 178030.051 177022.809  0.57%   284 8583s
 75379 46021 177349.422   75  768 178030.051 177022.809  0.57%   284 8585s
 75461 46093 177094.528   63  893 178030.051 177022.847  0.57%   284 8592s
 75515 46130 177399.191   70  906 178030.051 177023.118  0.57%   284 8601s
 75552 46167 177674.352  107  759 178030.051 177023.118  0.57%   284 8605s
 75590 46196 177336.810   73  784 178030.051 177023.292  0.57%   284 8610s
 75696 46214 177204.479   68  926 178030.051 177023.518  0.57%   283 8616s
 75730 46248 177447.569  102  800 178030.051 177023.518  0.57%   283 8620s
 75796 46304 177159.960   52  894 178030.051 177023.578  0.57%   283 8626s
 75828 46329 177779.539   82  540 178030.051 177023.578  0.57%   284 8630s
 75887 46367 177278.345   55  900 178030.051 177023.991  0.57%   284 8637s
 75923 46403 177564.443   91  760 178030.051 177023.991  0.57%   284 8640s
 75985 46455 177394.543   71  921 178030.051 177024.015  0.57%   284 8647s
 76006 46476 177690.097   92  779 178030.051 177024.015  0.57%   284 8650s
 76044 46498 177198.370   62  894 178030.051 177024.088  0.57%   284 8657s
 76065 46505 177833.821   72  565 178030.051 177024.088  0.57%   284 8660s
 76158 46510 177255.231   60  901 178030.051 177024.137  0.57%   284 8669s
 76160 46510     cutoff   62      178030.051 177024.137  0.57%   284 8670s
 76238 46570 177072.894   72  911 178030.051 177024.238  0.56%   284 8677s
 76261 46581 infeasible   88      178030.051 177024.238  0.56%   284 8680s
 76279 46587     cutoff   81      178030.051 177024.283  0.56%   284 8685s
 76301 46599 177345.460   68  904 178030.051 177024.423  0.56%   284 8691s
 76398 46671     cutoff   69      178030.051 177024.600  0.56%   284 8698s
 76399 46672 177433.226   64  837 178030.051 177024.607  0.56%   284 8702s
 76428 46686 177819.845   79  648 178030.051 177024.607  0.56%   284 8705s
 76501 46695 177271.879   65  881 178030.051 177024.650  0.56%   284 8714s
 76507 46701 177293.072   71  846 178030.051 177024.650  0.56%   284 8715s
 76578 46761 177113.394   65  917 178030.051 177024.912  0.56%   284 8722s
 76615 46798 177339.239  102  755 178030.051 177024.912  0.56%   284 8725s
 76707 46874 177275.776   70  907 178030.051 177025.082  0.56%   284 8732s
 76737 46884 177638.936   90  751 178030.051 177025.082  0.56%   284 8735s
 76798 46890 177524.807   63  752 178030.051 177025.260  0.56%   284 8740s
 76880 46962 177413.748   61  850 178030.051 177025.342  0.56%   284 8745s
 77000 47038 177707.361   69  717 178030.051 177025.349  0.56%   284 8754s
 77020 47056 177707.361   88  480 178030.051 177025.349  0.56%   284 8755s
 77090 47098 177140.932   69  867 178030.051 177025.452  0.56%   284 8761s
 77131 47139 177442.643  110  657 178030.051 177025.452  0.56%   284 8765s
 77204 47194 177524.428   53  836 178030.051 177025.472  0.56%   284 8770s
 77291 47257 177135.118   65  881 178030.051 177025.533  0.56%   284 8775s
 77438 47375 177594.198   88  685 178030.051 177025.550  0.56%   283 8782s
 77504 47423 177666.789   70  804 178030.051 177025.561  0.56%   284 8795s
 77572 47478 177178.334   65  878 178030.051 177025.584  0.56%   284 8803s
 77585 47491 177384.219   78  630 178030.051 177025.584  0.56%   284 8805s
 77631 47525 177228.726   69  930 178030.051 177025.590  0.56%   284 8812s
 77656 47550 177406.946   94  830 178030.051 177025.590  0.56%   284 8815s
 77728 47609 177179.682   49  840 178030.051 177025.592  0.56%   284 8820s
 77804 47658 177504.603   74  910 178030.051 177025.597  0.56%   284 8828s
 77816 47670 177615.239   86  852 178030.051 177025.597  0.56%   284 8830s
 77863 47707 177427.853   58  839 178030.051 177025.751  0.56%   284 8843s
 77878 47711 177618.717   68  690 178030.051 177025.751  0.56%   284 8845s
 77958 47737 177105.700   75  889 178030.051 177025.818  0.56%   284 8854s
 77975 47754 177174.505   92  858 178030.051 177025.818  0.56%   284 8855s
 78086 47851 177092.012   71  869 178030.051 177025.898  0.56%   284 8863s
 78094 47859 177137.612   75  833 178030.051 177025.898  0.56%   284 8865s
 78112 47871 177211.501   84  820 178030.051 177025.898  0.56%   284 8870s
 78138 47891 177526.538   97  662 178030.051 177025.898  0.56%   284 8875s
 78174 47912 177662.848  114  492 178030.051 177025.898  0.56%   284 8880s
 78273 47934 177364.666   64  809 178030.051 177025.904  0.56%   284 8886s
 78350 47953 177915.480   99  613 178030.051 177025.904  0.56%   284 8890s
 78359 47952 177544.352   61  868 178030.051 177026.047  0.56%   284 8895s
 78421 48003 177144.018   54  906 178030.051 177026.133  0.56%   284 8902s
 78443 48025 177601.835   76  773 178030.051 177026.133  0.56%   284 8905s
 78526 48094 177382.406   56  705 178030.051 177026.217  0.56%   284 8910s
 78667 48125 177170.909   62  904 178030.051 177026.277  0.56%   284 8915s
 78722 48176 177569.958  115  684 178030.051 177026.277  0.56%   284 8920s
 78776 48212 177701.346   54  844 178030.051 177026.387  0.56%   284 8927s
 78843 48259 177275.592   46  880 178030.051 177026.576  0.56%   284 8933s
 78867 48283 177421.112   70  785 178030.051 177026.576  0.56%   284 8935s
 78958 48364 177339.283   72  833 178030.051 177026.726  0.56%   284 8940s
 79049 48422 177240.270   89  838 178030.051 177026.898  0.56%   284 8947s
 79093 48466 177452.907  133  583 178030.051 177026.898  0.56%   284 8950s
 79178 48531 177411.611   55  882 178030.051 177027.074  0.56%   284 8956s
 79189 48532 177575.361   57  748 178030.051 177027.119  0.56%   284 8963s
 79245 48574 infeasible  101      178030.051 177027.119  0.56%   284 8965s
 79246 48575 177574.324   60  824 178030.051 177027.255  0.56%   284 8972s
 79286 48586 177800.626   81  475 178030.051 177027.255  0.56%   284 8975s
 79336 48600 177110.621   75  810 178030.051 177027.359  0.56%   284 8980s
 79461 48725 177877.198  200  253 178030.051 177027.359  0.56%   284 8985s
 79492 48734 177873.235   62  455 178030.051 177027.401  0.56%   284 8990s
 79529 48754 177094.021   72  835 178030.051 177027.534  0.56%   284 8995s
 79663 48877 177211.361   72  893 178030.051 177027.540  0.56%   284 9004s
 79666 48880 177589.544   75  607 178030.051 177027.540  0.56%   284 9005s
 79722 48921 177266.361   54  897 178030.051 177027.697  0.56%   284 9011s
 79777 48932 177613.061   69  825 178030.051 177028.114  0.56%   284 9016s
 79856 48986     cutoff   50      178030.051 177028.296  0.56%   284 9022s
 79857 48987 177513.919   66  865 178030.051 177028.388  0.56%   284 9025s
 79924 49038 177228.509   46  904 178030.051 177028.425  0.56%   284 9032s
 79996 49110 177620.864  118  669 178030.051 177028.425  0.56%   284 9035s
 80053 49155 infeasible   54      178030.051 177028.429  0.56%   284 9042s
 80054 49156 177208.756   64  914 178030.051 177028.488  0.56%   284 9049s
 80056 49158 177744.974   66  706 178030.051 177028.488  0.56%   284 9052s
 80109 49170 177328.550   54  895 178030.051 177028.491  0.56%   284 9059s
 80112 49173 177746.817   56  708 178030.051 177028.491  0.56%   284 9060s
 80150 49177 177756.398   73  728 178030.051 177028.491  0.56%   284 9065s
 80214 49180 177271.417   57  897 178030.051 177028.600  0.56%   284 9070s
 80288 49246     cutoff  128      178030.051 177028.600  0.56%   284 9075s
 80299 49247 177199.437   64  853 178030.051 177028.635  0.56%   284 9080s
 80407 49347     cutoff  167      178030.051 177028.635  0.56%   284 9085s
 80413 49351 177450.481   80  599 178030.051 177028.753  0.56%   284 9090s
 80453 49385 177633.864  116  623 178030.051 177028.753  0.56%   284 9095s
 80494 49414 177230.432   66  873 178030.051 177028.754  0.56%   284 9100s
 80623 49528 177088.747   58  907 178030.051 177028.857  0.56%   284 9107s
 80660 49560 177977.050   94  465 178030.051 177028.857  0.56%   284 9110s
 80672 49562 177932.081   69  465 178030.051 177029.068  0.56%   284 9115s
 80770 49573 177396.172   72  763 178030.051 177029.089  0.56%   284 9120s
 80837 49620 177109.705   68  902 178030.051 177029.116  0.56%   284 9125s
 80925 49708 177690.295  156  583 178030.051 177029.116  0.56%   284 9130s
 80987 49757 177317.293   81  808 178030.051 177029.200  0.56%   284 9135s
 81045 49801 177209.115   63  836 178030.051 177029.223  0.56%   284 9140s
 81179 49920 177131.718   62  940 178030.051 177029.454  0.56%   283 9146s
 81195 49929 177728.797   70  686 178030.051 177029.454  0.56%   283 9150s
 81239 49933 177149.956   60  919 178030.051 177029.547  0.56%   283 9155s
 81318 50012 177769.249  139  636 178030.051 177029.547  0.56%   283 9160s
 81350 50027 177182.199   64  869 178030.051 177029.638  0.56%   283 9165s
 81451 50128 177876.658  165  505 178030.051 177029.638  0.56%   283 9170s
 81491 50155     cutoff   84      178030.051 177029.712  0.56%   283 9175s
 81545 50189 177898.318   53  826 178030.051 177029.747  0.56%   283 9180s
 81569 50204 177124.827   70  895 178030.051 177029.824  0.56%   283 9185s
 81621 50242 177800.110  114  689 178030.051 177029.824  0.56%   283 9190s
 81633 50244 177101.640   66  921 178030.051 177029.843  0.56%   283 9195s
 81678 50289 177452.140  111  742 178030.051 177029.843  0.56%   283 9200s
 81745 50348 177144.551   55  911 178030.051 177029.898  0.56%   283 9207s
 81785 50388 177398.214   95  747 178030.051 177029.898  0.56%   283 9210s
 81863 50458 177104.293   79  833 178030.051 177029.997  0.56%   283 9215s
 81929 50479 177511.432   65  875 178030.051 177030.012  0.56%   283 9222s
 81980 50520 177878.313  111  726 178030.051 177030.012  0.56%   283 9225s
 82034 50558 177464.644  106  691 178030.051 177030.245  0.56%   283 9230s
 82104 50615 177405.040   69  860 178030.051 177030.255  0.56%   283 9235s
 82191 50680 177142.905   63  915 178030.051 177030.297  0.56%   283 9242s
 82219 50708 177317.001   91  795 178030.051 177030.297  0.56%   283 9245s
 82318 50792 177753.057   58  628 178030.051 177030.418  0.56%   283 9253s
 82412 50848 177117.957   67  934 178030.051 177030.419  0.56%   283 9259s
 82415 50849 infeasible   68      178030.051 177030.419  0.56%   283 9260s
 82428 50858 177717.842   74  548 178030.051 177030.419  0.56%   283 9265s
 82460 50860 177717.842   90  586 178030.051 177030.419  0.56%   284 9340s
 82498 50872 177862.494  107  521 178030.051 177030.419  0.56%   284 9345s
 82557 50874 177149.330   68  879 178030.051 177030.450  0.56%   284 9352s
 82608 50890 177293.537   74  900 178030.051 177030.674  0.56%   284 9358s
 82620 50902 177411.044   86  846 178030.051 177030.674  0.56%   284 9360s
 82693 50949 177467.612   70  888 178030.051 177030.788  0.56%   284 9369s
 82701 50954 177496.836   77  850 178030.051 177030.788  0.56%   284 9370s
 82801 51035 177248.018   59  879 178030.051 177030.862  0.56%   284 9381s
 82900 51134 177944.164  158  476 178030.051 177030.862  0.56%   284 9385s
 82907 51131 177291.825   95  868 178030.051 177030.905  0.56%   284 9390s
 82924 51137     cutoff   60      178030.051 177031.073  0.56%   284 9397s
 82925 51138 177691.480   62  801 178030.051 177031.131  0.56%   284 9400s
 82949 51150 177135.801   84  877 178030.051 177031.194  0.56%   284 9405s
 82994 51171 177884.517  118  374 178030.051 177031.194  0.56%   284 9410s
 83017 51177 177247.351   72  811 178030.051 177031.217  0.56%   285 9415s
 83095 51235 177515.973   71  898 178030.051 177031.244  0.56%   284 9423s
 83127 51267 177732.102  103  778 178030.051 177031.244  0.56%   284 9425s
 83166 51296 177245.602   74  727 178030.051 177031.261  0.56%   284 9433s
 83192 51316 177894.705   98  393 178030.051 177031.261  0.56%   284 9435s
 83229 51345 177266.164   79  807 178030.051 177031.427  0.56%   284 9440s
 83316 51422 177743.361   67  626 178030.051 177031.479  0.56%   284 9447s
 83382 51428 177530.299   66  868 178030.051 177031.481  0.56%   284 9450s
 83440 51477 177304.131   70  838 178030.051 177031.693  0.56%   284 9455s
 83572 51592 177218.767   73  906 178030.051 177031.869  0.56%   284 9462s
 83618 51638 177447.795  119  724 178030.051 177031.869  0.56%   284 9465s
 83691 51691 177364.389   49  918 178030.051 177032.042  0.56%   284 9472s
 83705 51703     cutoff   63      178030.051 177032.042  0.56%   284 9475s
 83766 51747 177274.779   67  884 178030.051 177032.218  0.56%   284 9481s
 83869 51846 177845.070  170  489 178030.051 177032.218  0.56%   284 9485s
 83896 51859 177357.373   74  763 178030.051 177032.280  0.56%   284 9490s
 83966 51911 177548.422   64  800 178030.051 177032.313  0.56%   284 9504s
 84006 51940 177608.269   61  876 178030.051 177032.377  0.56%   284 9511s
 84045 51964 177153.275   61  831 178030.051 177032.428  0.56%   284 9515s
 84098 51970 177521.231   68  791 178030.051 177032.578  0.56%   284 9520s
 84189 52046 177603.105   68  841 178030.051 177032.874  0.56%   284 9526s
 84248 52085 177078.326   62  925 178030.051 177032.977  0.56%   284 9530s
 84306 52143 177470.320  120  724 178030.051 177032.977  0.56%   284 9535s
 84367 52180 177311.257   62  883 178030.051 177033.037  0.56%   284 9542s
 84404 52202 177109.473   70  899 178030.051 177033.042  0.56%   284 9547s
 84447 52245 177429.040  113  710 178030.051 177033.042  0.56%   284 9550s
 84522 52311 177424.539   55  876 178030.051 177033.059  0.56%   284 9556s
 84551 52316 177563.058   73  849 178030.051 177033.194  0.56%   284 9563s
 84584 52349 177723.785  106  723 178030.051 177033.194  0.56%   284 9565s
 84637 52388 177347.149   73  856 178030.051 177033.197  0.56%   284 9571s
 84708 52428 177509.604   60  758 178030.051 177033.283  0.56%   284 9577s
 84795 52505 177480.836   70  903 178030.051 177033.323  0.56%   284 9584s
 84800 52510 177591.640   75  847 178030.051 177033.323  0.56%   284 9585s
 84841 52532 177376.416   47  835 178030.051 177033.325  0.56%   284 9591s
 84962 52642 177211.849   60  822 178030.051 177033.547  0.56%   284 9596s
 84983 52661 177715.038   80  726 178030.051 177033.547  0.56%   284 9600s
 85019 52683 177385.683   66  881 178030.051 177033.701  0.56%   284 9605s
 85095 52699     cutoff  112      178030.051 177033.701  0.56%   284 9610s
 85141 52727 177206.971  101  743 178030.051 177033.708  0.56%   284 9615s
 85170 52756 177327.940  130  653 178030.051 177033.708  0.56%   283 9623s
 85222 52807 177639.333  178  499 178030.051 177033.708  0.56%   283 9625s
 85262 52831 177536.861   64  700 178030.051 177033.817  0.56%   284 9633s
 85312 52880 177536.861  114  527 178030.051 177033.817  0.56%   284 9635s
 85372 52924 177585.974   78  610 178030.051 177033.944  0.56%   284 9640s
 85455 52955 177307.042   62  874 178030.051 177034.247  0.56%   284 9672s
 85502 52993 177485.850  109  711 178030.051 177034.247  0.56%   284 9675s
 85575 53046 177518.544   94  907 178030.051 177034.289  0.56%   283 9683s
 85586 53057 177732.331  105  815 178030.051 177034.289  0.56%   283 9685s
 85617 53073 177491.499   59  748 178030.051 177034.306  0.56%   284 9690s
 85764 53101 177166.895   71  885 178030.051 177034.405  0.56%   283 9698s
 85775 53112 177656.737   82  492 178030.051 177034.405  0.56%   283 9700s
 85808 53122 177330.504   90  861 178030.051 177034.539  0.56%   284 9705s
 85898 53208 178028.823  179  539 178030.051 177034.539  0.56%   283 9710s
 85915 53219 177200.430   87  826 178030.051 177034.613  0.56%   284 9715s
 85973 53262 177115.662   66  926 178030.051 177034.668  0.56%   284 9722s
 86006 53295 177315.098   99  755 178030.051 177034.668  0.56%   284 9725s
 86111 53382 177252.062   54  816 178030.051 177034.799  0.56%   283 9730s
 86179 53426 177771.900   67  824 178030.051 177034.800  0.56%   283 9735s
 86208 53445 177085.981   67  877 178030.051 177035.031  0.56%   283 9740s
 86235 53459 177188.196   45  858 178030.051 177035.039  0.56%   284 9745s
 86378 53559 177348.913   61  827 178030.051 177035.066  0.56%   283 9752s
 86388 53561 177789.057   58  648 178030.051 177035.144  0.56%   284 9758s
 86455 53609 177434.208   63  860 178030.051 177035.185  0.56%   284 9763s
 86480 53634 177518.130   88  753 178030.051 177035.185  0.56%   284 9765s
 86577 53718 177389.217   54  842 178030.051 177035.610  0.56%   283 9771s
 86631 53760 177142.314   75  875 178030.051 177035.797  0.56%   283 9777s
 86652 53781 177307.127   96  774 178030.051 177035.797  0.56%   283 9780s
 86733 53853 177105.835   65  928 178030.051 177035.859  0.56%   283 9789s
 86736 53856 177115.019   68  908 178030.051 177035.859  0.56%   283 9790s
 86765 53865 177098.006   72  852 178030.051 177035.903  0.56%   283 9796s
 86855 53955 177539.794  162  512 178030.051 177035.903  0.56%   283 9800s
 86908 53991 177580.125   95  895 178030.051 177035.903  0.56%   283 9806s
 86947 54030 177995.925  134  707 178030.051 177035.903  0.56%   283 9810s
 86953 54026 177189.705   69  891 178030.051 177035.974  0.56%   283 9816s
 86992 54065 177490.768  108  723 178030.051 177035.974  0.56%   283 9820s
 87055 54110 177218.531   71  930 178030.051 177036.054  0.56%   283 9827s
 87067 54116     cutoff   77      178030.051 177036.054  0.56%   283 9830s
 87152 54141 177299.199   59  854 178030.051 177036.064  0.56%   283 9837s
 87192 54181 177545.468   99  698 178030.051 177036.064  0.56%   283 9840s
 87253 54232 177382.124   57  906 178030.051 177036.099  0.56%   283 9846s
 87344 54299 177524.135   61  672 178030.051 177036.111  0.56%   284 9856s
 87414 54317 177427.100   61  821 178030.051 177036.162  0.56%   284 9861s
 87474 54327 177305.143   69  909 178030.051 177036.177  0.56%   284 9869s
 87478 54331 177328.180   73  891 178030.051 177036.177  0.56%   284 9870s
 87569 54410 177179.695   74  911 178030.051 177036.473  0.56%   284 9877s
 87583 54422     cutoff   88      178030.051 177036.473  0.56%   284 9881s
 87638 54461 177181.485   83  872 178030.051 177036.487  0.56%   284 9888s
 87659 54482 177334.298  104  766 178030.051 177036.487  0.56%   284 9890s
 87748 54561 177106.189   70  901 178030.051 177036.556  0.56%   284 9899s
 87754 54567 177157.933   76  823 178030.051 177036.556  0.56%   284 9900s
 87835 54619 177693.641   96  891 178030.051 177036.584  0.56%   284 9910s
 87876 54650 177716.597   69  849 178030.051 177036.595  0.56%   284 9917s
 87906 54656 177896.399   87  752 178030.051 177036.595  0.56%   284 9920s
 87923 54656 177360.885   74  902 178030.051 177036.603  0.56%   284 9925s
 88015 54724     cutoff  148      178030.051 177036.603  0.56%   284 9930s
 88017 54724 177493.429   65  817 178030.051 177036.658  0.56%   284 9943s
 88041 54743 177493.429   88  685 178030.051 177036.658  0.56%   284 9945s
 88101 54773 177325.252   70  873 178030.051 177036.673  0.56%   284 9950s
 88176 54848 177722.055  145  569 178030.051 177036.673  0.56%   284 9958s
 88219 54881 177178.448   63  856 178030.051 177036.725  0.56%   284 9964s
 88230 54892 177240.788   74  792 178030.051 177036.725  0.56%   284 9965s
 88291 54935 177243.249   47  905 178030.051 177036.791  0.56%   284 9972s
 88324 54960 177101.294   70  879 178030.051 177037.091  0.56%   284 9977s
 88364 54980 177963.614   99  334 178030.051 177037.091  0.56%   284 9980s
 88378 54984 177426.920   81  852 178030.051 177037.213  0.56%   284 9985s
 88435 55027 177804.889  129  696 178030.051 177037.213  0.56%   284 9990s
 88443 55025 177370.211   61  716 178030.051 177037.249  0.56%   284 10000s
 88549 55041 177200.097   73  886 178030.051 177037.337  0.56%   284 10006s
 88675 55153 177088.584   76  907 178030.051 177037.359  0.56%   284 10013s
 88688 55166 177194.961   89  804 178030.051 177037.359  0.56%   284 10015s
 88812 55271 177328.292   68  849 178030.051 177037.377  0.56%   284 10022s
 88860 55305 177130.833   74  883 178030.051 177037.467  0.56%   284 10028s
 88879 55324 177230.532   93  790 178030.051 177037.467  0.56%   284 10030s
 89011 55438 177287.884   61  892 178030.051 177037.486  0.56%   284 10040s
 89066 55452 177382.978   91  869 178030.051 177037.491  0.56%   284 10046s
 89132 55516 177963.013  157  663 178030.051 177037.491  0.56%   284 10050s
 89173 55545 177590.091   75  724 178030.051 177037.551  0.56%   284 10055s
 89248 55604 177506.292   75  855 178030.051 177037.598  0.56%   284 10060s
 89313 55658 177256.357   68  917 178030.051 177037.785  0.56%   284 10066s
 89346 55687     cutoff  100      178030.051 177037.785  0.56%   284 10070s
 89351 55688 177467.010   75  870 178030.051 177037.818  0.56%   284 10075s
 89443 55768 177738.301   56  739 178030.051 177037.992  0.56%   284 10082s
 89484 55775 177207.429   64  893 178030.051 177038.026  0.56%   284 10088s
 89497 55788 177263.313   77  815 178030.051 177038.026  0.56%   284 10090s
 89624 55903 177130.721   63  913 178030.051 177038.148  0.56%   284 10099s
 89628 55907 177232.236   67  812 178030.051 177038.148  0.56%   284 10100s
 89719 55960 177190.097   67  925 178030.051 177038.180  0.56%   284 10108s
 89726 55967 177248.631   74  892 178030.051 177038.180  0.56%   284 10110s
 89805 56046 177942.192  153  654 178030.051 177038.180  0.56%   284 10115s
 89826 56051 177303.279   69  876 178030.051 177038.192  0.56%   284 10120s
 89897 56094 177567.701   64  736 178030.051 177038.221  0.56%   284 10132s
 89992 56178 177500.271   72  884 178030.051 177038.268  0.56%   284 10138s
 89999 56183 177581.355   78  838 178030.051 177038.268  0.56%   284 10140s
 90077 56247 177433.782   72  694 178030.051 177038.357  0.56%   284 10145s
 90155 56315 177126.932   63  884 178030.051 177038.408  0.56%   284 10151s
 90199 56350 177491.019   75  908 178030.051 177038.517  0.56%   284 10160s
 90257 56398 177131.783   77  879 178030.051 177038.757  0.56%   284 10170s
 90298 56427 177300.709   66  862 178030.051 177038.757  0.56%   284 10191s
 90335 56464 177460.936  103  667 178030.051 177038.757  0.56%   284 10195s
 90404 56517 177147.535   63  882 178030.051 177038.926  0.56%   284 10200s
 90472 56585 177580.484  131  694 178030.051 177038.926  0.56%   284 10205s
 90527 56627 177292.015   55  861 178030.051 177038.935  0.56%   284 10211s
 90575 56638 177856.730   81  480 178030.051 177038.935  0.56%   284 10215s
 90628 56642 177172.336   76  898 178030.051 177038.936  0.56%   284 10223s
 90654 56666     cutoff  102      178030.051 177038.936  0.56%   284 10225s
 90695 56689 177688.125   73  544 178030.051 177038.936  0.56%   284 10230s
 90727 56696 177140.049   62  887 178030.051 177038.969  0.56%   284 10240s
 90782 56741 177888.337  110  601 178030.051 177038.969  0.56%   284 10245s
 90794 56743 177155.272   63  909 178030.051 177038.985  0.56%   284 10250s
 90856 56805 177627.137  125  683 178030.051 177038.985  0.56%   284 10255s
 90905 56843 177520.798   71  880 178030.051 177039.030  0.56%   284 10260s
 90956 56874 177475.773   61  810 178030.051 177039.049  0.56%   284 10266s
 91070 56966     cutoff   54      178030.051 177039.050  0.56%   284 10271s
 91071 56967 177269.726   58  892 178030.051 177039.129  0.56%   284 10276s
 91168 57052     cutoff   52      178030.051 177039.250  0.56%   284 10282s
 91169 57053 177124.651   63  938 178030.051 177039.459  0.56%   284 10286s
 91206 57090 177428.039  100  791 178030.051 177039.459  0.56%   284 10290s
 91272 57146 177245.024   62  871 178030.051 177039.579  0.56%   284 10298s
 91280 57154 177762.372   70  682 178030.051 177039.579  0.56%   284 10300s
 91359 57217 177818.643   92  635 178030.051 177039.599  0.56%   284 10305s
 91382 57232 177341.866   68  854 178030.051 177039.844  0.56%   284 10310s
 91463 57244     cutoff  111      178030.051 177039.844  0.56%   284 10315s
 91465 57244 177441.817   72  884 178030.051 177039.963  0.56%   284 10321s
 91510 57249 177955.595   95  546 178030.051 177039.963  0.56%   284 10325s
 91527 57248 177329.222   63  879 178030.051 177040.047  0.56%   284 10330s
 91585 57289 177237.254   47  884 178030.051 177040.061  0.56%   284 10337s
 91632 57302 177913.073   78  542 178030.051 177040.061  0.56%   284 10340s
 91657 57314 177565.708   85  834 178030.051 177040.104  0.56%   284 10345s
 91704 57346 177321.063   62  782 178030.051 177040.295  0.56%   284 10350s
 91843 57466 177274.905   72  872 178030.051 177040.312  0.56%   284 10355s
 91955 57578 178011.349  184  414 178030.051 177040.312  0.56%   284 10360s
 91969 57574 177674.873   92  855 178030.051 177040.451  0.56%   284 10365s
 92012 57605 177314.575   58  889 178030.051 177040.455  0.56%   284 10372s
 92095 57685 177632.223  140  588 178030.051 177040.455  0.56%   284 10375s
 92153 57731 177467.023   61  908 178030.051 177040.567  0.56%   284 10381s
 92238 57805 177784.768   67  764 178030.051 177040.637  0.56%   284 10388s
 92252 57805 177128.384   68  872 178030.051 177040.733  0.56%   284 10392s
 92281 57834 177295.098   97  740 178030.051 177040.733  0.56%   284 10395s
 92373 57915 177314.221   62  809 178030.051 177040.734  0.56%   284 10406s
 92445 57967 177453.932   75  874 178030.051 177040.746  0.56%   284 10414s
 92464 57970 177467.608   86  802 178030.051 177040.746  0.56%   284 10415s
 92602 57986 177192.377   93  772 178030.051 177040.785  0.56%   284 10422s
 92632 58001 177173.436   78  865 178030.051 177040.929  0.56%   284 10428s
 92648 58017 177250.834   94  749 178030.051 177040.929  0.56%   284 10430s
 92748 58107 177115.020   62  834 178030.051 177041.285  0.56%   284 10435s
 92819 58155 177795.191   56  692 178030.051 177041.329  0.56%   284 10444s
 92823 58155     cutoff   59      178030.051 177041.329  0.56%   284 10445s
 92855 58159 177184.846   65  862 178030.051 177041.354  0.56%   284 10453s
 92877 58181 177268.756   87  758 178030.051 177041.354  0.56%   284 10455s
 92980 58271 177443.670   75  892 178030.051 177041.510  0.56%   284 10463s
 92991 58273 177473.026   81  861 178030.051 177041.510  0.56%   284 10465s
 93018 58272     cutoff   94      178030.051 177041.510  0.56%   284 10470s
 93043 58277 177635.171  107  795 178030.051 177041.510  0.56%   284 10475s
 93120 58303     cutoff  145      178030.051 177041.510  0.56%   284 10480s
 93143 58304 177146.965   57  897 178030.051 177041.596  0.56%   284 10488s
 93154 58313     cutoff   68      178030.051 177041.596  0.56%   284 10490s
 93186 58344 177642.183   99  744 178030.051 177041.596  0.56%   284 10495s
 93230 58371 177246.326   71  909 178030.051 177041.649  0.56%   284 10501s
 93290 58431 177535.852  131  689 178030.051 177041.649  0.56%   284 10582s
 93349 58478 177318.605   98  862 178030.051 177041.726  0.56%   284 10590s
 93419 58521     cutoff  157      178030.051 177041.726  0.56%   284 10595s
 93428 58520 177340.994   77  919 178030.051 177041.745  0.56%   284 10601s
 93467 58559 177623.961  116  771 178030.051 177041.745  0.56%   284 10605s
 93519 58595 177468.081   59  672 178030.051 177041.822  0.56%   284 10611s
 93613 58616 177106.004   77  899 178030.051 177041.898  0.56%   284 10615s
 93655 58658 177413.158  119  706 178030.051 177041.898  0.56%   284 10620s
 93729 58722 177072.774   59  914 178030.051 177041.916  0.56%   284 10625s
 93784 58777 177753.605  114  667 178030.051 177041.916  0.56%   284 10630s
 93804 58783     cutoff   55      178030.051 177041.921  0.56%   284 10635s
 93814 58793 177448.752   94  856 178030.051 177041.943  0.56%   284 10640s
 93872 58841 177695.056   63  662 178030.051 177042.016  0.55%   284 10646s
 93901 58848     cutoff   63      178030.051 177042.070  0.55%   284 10652s
 93902 58849 177255.178   64  829 178030.051 177042.126  0.55%   284 10656s
 94016 58962 177730.710  178  466 178030.051 177042.126  0.55%   284 10660s
 94067 58994 177337.661   76  801 178030.051 177042.175  0.55%   284 10665s
 94108 59016 177183.883   77  883 178030.051 177042.369  0.55%   284 10671s
 94149 59057 177431.855  118  732 178030.051 177042.369  0.55%   284 10675s
 94188 59096 177700.984  157  585 178030.051 177042.369  0.55%   284 10682s
 94219 59118 177236.933   60  873 178030.051 177042.415  0.55%   284 10689s
 94229 59128 177296.996   70  807 178030.051 177042.415  0.55%   284 10690s
 94287 59168 177343.979   71  773 178030.051 177042.455  0.55%   284 10703s
 94298 59179 177343.979   82  601 178030.051 177042.455  0.55%   284 10705s
 94371 59243 177420.539   76  775 178030.051 177042.535  0.55%   284 10711s
 94393 59257 177121.307   78  901 178030.051 177042.605  0.55%   284 10717s
 94405 59267 177809.883   86  616 178030.051 177042.605  0.55%   285 10720s
 94479 59275 177263.228   56  918 178030.051 177042.685  0.55%   285 10729s
 94484 59280 177290.968   61  893 178030.051 177042.685  0.55%   285 10730s
 94521 59298 infeasible   65      178030.051 177042.787  0.55%   285 10735s
 94522 59299 177461.416   72  882 178030.051 177042.939  0.55%   285 10740s
 94566 59328 177084.779   49  900 178030.051 177043.077  0.55%   285 10745s
 94691 59432 177313.568   64  868 178030.051 177043.141  0.55%   285 10753s
 94705 59441 177354.526   77  826 178030.051 177043.141  0.55%   285 10755s
 94754 59473 177263.819   55  895 178030.051 177043.198  0.55%   285 10762s
 94812 59483 177174.773   48  835 178030.051 177043.209  0.55%   285 10768s
 94818 59489 177470.066   54  788 178030.051 177043.209  0.55%   285 10770s
 94884 59534 177078.534   74  883 178030.051 177043.267  0.55%   285 10775s
 94981 59611 177356.587   55  901 178030.051 177043.322  0.55%   285 10783s
 94995 59625 177467.834   69  840 178030.051 177043.322  0.55%   284 10785s
 95073 59693 177366.659   48  885 178030.051 177043.325  0.55%   284 10792s
 95098 59706 177132.194   58  924 178030.051 177043.386  0.55%   284 10797s
 95124 59732 177306.954   84  824 178030.051 177043.386  0.55%   284 10800s
 95202 59800 177054.988   68  932 178030.051 177043.388  0.55%   284 10805s
 95227 59825 177256.350   93  800 178030.051 177043.388  0.55%   284 10810s
 95318 59916 178000.666  184  482 178030.051 177043.388  0.55%   284 10815s
 95370 59958 177526.967   95  720 178030.051 177043.467  0.55%   284 10820s
 95441 60013 177155.599   61  882 178030.051 177043.725  0.55%   284 10825s
 95485 60041 177601.449   96  901 178030.051 177043.726  0.55%   284 10833s
 95491 60047 177665.587  102  850 178030.051 177043.726  0.55%   284 10835s
 95546 60083 177201.869   60  890 178030.051 177043.746  0.55%   284 10842s
 95565 60100     cutoff   79      178030.051 177043.746  0.55%   284 10845s
 95645 60151 177787.391   81  512 178030.051 177043.747  0.55%   284 10850s
 95687 60174 177753.311   97  845 178030.051 177043.790  0.55%   284 10857s
 95711 60178     cutoff  109      178030.051 177043.790  0.55%   284 10860s
 95720 60177 177406.211   66  748 178030.051 177043.858  0.55%   284 10869s
 95727 60178 177406.211   70  666 178030.051 177043.858  0.55%   284 10870s
 95795 60205 177227.529   78  807 178030.051 177043.863  0.55%   284 10875s
 95852 60250 177261.071   62  934 178030.051 177044.030  0.55%   284 10882s
 95867 60265 177402.540   77  867 178030.051 177044.030  0.55%   284 10885s
 95961 60321 177430.772   73  904 178030.051 177044.077  0.55%   284 10893s
 95973 60333 177541.546   85  860 178030.051 177044.077  0.55%   284 10895s
 96009 60357 177430.481   74  725 178030.051 177044.110  0.55%   284 10900s
 96121 60452 infeasible   58      178030.051 177044.134  0.55%   284 10905s
 96124 60453 177621.941   70  851 178030.051 177044.322  0.55%   284 10910s
 96169 60456 177352.381   70  893 178030.051 177044.376  0.55%   284 10918s
 96172 60457 177577.149   72  725 178030.051 177044.376  0.55%   284 10920s
 96220 60465 177432.010   69  812 178030.051 177044.447  0.55%   284 10925s
 96329 60559 177108.991   68  849 178030.051 177044.533  0.55%   284 10930s
 96410 60616 177211.903   60  863 178030.051 177044.543  0.55%   284 10938s
 96420 60626 177255.760   70  806 178030.051 177044.543  0.55%   284 10940s
 96538 60734 177697.091   69  747 178030.051 177044.554  0.55%   284 10949s
 96565 60755 177729.080   94  623 178030.051 177044.554  0.55%   284 10950s
 96614 60785 177507.906   97  897 178030.051 177044.839  0.55%   284 10958s
 96625 60796 177616.486  108  833 178030.051 177044.839  0.55%   284 10960s
 96670 60831 177240.906   74  869 178030.051 177044.845  0.55%   284 10965s
 96709 60859 177685.210  111  648 178030.051 177044.845  0.55%   284 10971s
 96722 60860 177305.091   68  765 178030.051 177044.853  0.55%   284 10975s
 96773 60870 177258.954   64  881 178030.051 177044.917  0.55%   284 10984s
 96780 60877 177318.848   71  837 178030.051 177044.917  0.55%   284 10985s
 96874 60960 177270.454   58  846 178030.051 177045.082  0.55%   284 10993s
 96902 60988 177463.700   86  703 178030.051 177045.082  0.55%   284 10995s
 96971 61045 177227.501   64  883 178030.051 177045.118  0.55%   284 11002s
 96995 61069 177546.967   88  793 178030.051 177045.118  0.55%   284 11005s
 97087 61136 177232.846   66  854 178030.051 177045.200  0.55%   284 11010s
 97144 61139 177264.617   71  867 178030.051 177045.221  0.55%   284 11019s
 97146 61141 177612.986   72  708 178030.051 177045.221  0.55%   284 11020s
 97175 61148     cutoff   84      178030.051 177045.221  0.55%   284 11025s
 97231 61170 177996.214  108  601 178030.051 177045.221  0.55%   284 11030s
 97274 61175 177296.385  100  829 178030.051 177045.389  0.55%   284 11036s
 97328 61229 177650.172  154  539 178030.051 177045.389  0.55%   284 11040s
 97378 61267 177186.608   72  922 178030.051 177045.572  0.55%   284 11047s
 97402 61291 177374.346   96  798 178030.051 177045.572  0.55%   284 11050s
 97480 61359 177168.178   58  873 178030.051 177045.589  0.55%   284 11057s
 97497 61372     cutoff   74      178030.051 177045.589  0.55%   284 11060s
 97558 61417     cutoff   73      178030.051 177045.722  0.55%   284 11065s
 97564 61423 177344.336   69  857 178030.051 177045.844  0.55%   284 11070s
 97638 61480 177209.087   56  886 178030.051 177045.898  0.55%   284 11077s
 97677 61519 177497.884   95  737 178030.051 177045.898  0.55%   284 11080s
 97745 61576 177188.618   64  872 178030.051 177045.931  0.55%   284 11086s
 97788 61610 177627.799  104  640 178030.051 177045.931  0.55%   284 11090s
 97811 61623 177345.321   50  883 178030.051 177045.940  0.55%   284 11096s
 97829 61627     cutoff   62      178030.051 177045.940  0.55%   284 11100s
 97884 61633 177340.583   76  889 178030.051 177045.970  0.55%   284 11107s
 97907 61654 177466.909   98  804 178030.051 177045.970  0.55%   284 11110s
 97959 61696 177111.780   80  851 178030.051 177046.033  0.55%   284 11115s
 98022 61759 177465.174  143  596 178030.051 177046.033  0.55%   284 11120s
 98095 61821 177205.350   70  878 178030.051 177046.082  0.55%   284 11127s
 98169 61866 177761.917   65  683 178030.051 177046.192  0.55%   284 11132s
 98204 61874 177890.625   81  607 178030.051 177046.192  0.55%   284 11135s
 98229 61875 177513.729   76  908 178030.051 177046.399  0.55%   284 11140s
 98269 61905 177472.025   59  868 178030.051 177046.403  0.55%   284 11147s
 98345 61975 177905.707  135  564 178030.051 177046.403  0.55%   284 11150s
 98356 61972 177291.274   87  820 178030.051 177046.437  0.55%   284 11155s
 98427 61987 177130.074   66  898 178030.051 177046.489  0.55%   284 11161s
 98511 62071 177718.576  150  519 178030.051 177046.489  0.55%   284 11165s
 98542 62091 177491.783   98  893 178030.051 177046.556  0.55%   284 11172s
 98564 62113 177662.213  120  777 178030.051 177046.556  0.55%   284 11175s
 98597 62134 infeasible   65      178030.051 177046.572  0.55%   284 11182s
 98598 62135 177109.796   75  904 178030.051 177046.608  0.55%   284 11187s
 98622 62151 177193.528   76  883 178030.051 177046.677  0.55%   284 11194s
 98629 62158 177238.904   83  830 178030.051 177046.677  0.55%   284 11195s
 98710 62224 177829.364   59  684 178030.051 177046.695  0.55%   284 11205s
 98716 62226 177449.183   79  746 178030.051 177046.817  0.55%   284 11210s
 98765 62235 177306.166   73  813 178030.051 177046.822  0.55%   284 11215s
 98861 62308 177413.808   63  903 178030.051 177046.855  0.55%   284 11223s
 98903 62349 177891.280  105  474 178030.051 177046.855  0.55%   284 11225s
 98920 62354 177361.128   56  912 178030.051 177046.867  0.55%   284 11230s
 98980 62364     cutoff   82      178030.051 177046.867  0.55%   284 11235s
 98982 62364 177361.867   63  861 178030.051 177046.953  0.55%   284 11241s
 99025 62401 177686.895  103  622 178030.051 177046.953  0.55%   284 11245s
 99084 62443 177217.556   74  882 178030.051 177046.963  0.55%   284 11250s
 99195 62544 177140.208   64  909 178030.051 177047.234  0.55%   284 11258s
 99198 62545 177152.574   66  878 178030.051 177047.234  0.55%   284 11272s
 99222 62552 177322.861   65  784 178030.051 177047.240  0.55%   285 11288s
 99234 62564 177322.861   77  644 178030.051 177047.240  0.55%   285 11290s
 99327 62644 177324.178   56  902 178030.051 177047.240  0.55%   285 11296s
 99385 62696 177855.770  112  687 178030.051 177047.240  0.55%   285 11300s
 99406 62705 177201.776   79  821 178030.051 177047.306  0.55%   285 11305s
 99536 62820 177454.643   73  917 178030.051 177047.546  0.55%   284 11314s
 99539 62823 177487.394   76  896 178030.051 177047.546  0.55%   284 11315s
 99603 62867 177234.321   67  816 178030.051 177047.599  0.55%   285 11323s
 99663 62927 177576.791  127  617 178030.051 177047.599  0.55%   284 11325s
 99780 63015 177140.359   65  891 178030.051 177047.715  0.55%   284 11334s
 99782 63017 177162.344   67  876 178030.051 177047.715  0.55%   284 11335s
 99849 63028 177860.081  107  518 178030.051 177047.715  0.55%   284 11340s
 99912 63042 177599.628   62  882 178030.051 177047.770  0.55%   284 11347s
 99945 63061     cutoff   86      178030.051 177047.770  0.55%   284 11350s
 99990 63080     cutoff   73      178030.051 177047.952  0.55%   284 11355s
 100045 63090 infeasible   98      178030.051 177047.952  0.55%   285 11360s
 100087 63092 177278.202   55  833 178030.051 177048.017  0.55%   285 11366s
 100183 63178 177211.798   75  866 178030.051 177048.101  0.55%   285 11373s
 100196 63191 177292.549   88  771 178030.051 177048.101  0.55%   285 11375s
 100321 63299 177826.408   62  702 178030.051 177048.353  0.55%   284 11385s
 100403 63349 177150.461   67  876 178030.051 177048.418  0.55%   284 11390s
 100426 63350 177135.652   71  887 178030.051 177048.754  0.55%   284 11397s
 100452 63376 177314.788   97  786 178030.051 177048.754  0.55%   284 11400s
 100554 63463 177117.667   78  843 178030.051 177048.803  0.55%   284 11405s
 100629 63524 177083.174   42  930 178030.051 177048.804  0.55%   284 11411s
 100687 63582 177472.950  100  777 178030.051 177048.804  0.55%   284 11415s
 100736 63621 177587.202   60  784 178030.051 177048.838  0.55%   284 11421s
 100814 63675 177682.312   42  865 178030.051 177048.907  0.55%   284 11426s
 100858 63704 177243.646   69  882 178030.051 177048.944  0.55%   284 11434s
 100862 63708 177259.088   73  860 178030.051 177048.944  0.55%   284 11435s
 100908 63750 177877.319  117  661 178030.051 177048.944  0.55%   284 11440s
 100928 63758 177190.033   73  879 178030.051 177049.176  0.55%   284 11445s
 101046 63866 177556.828   75  874 178030.051 177049.241  0.55%   284 11455s
 101109 63871 177174.047   66  919 178030.051 177049.354  0.55%   284 11466s
 101136 63898 177347.113   93  816 178030.051 177049.354  0.55%   284 11470s
 101225 63973     cutoff   57      178030.051 177049.358  0.55%   284 11476s
 101226 63974 177622.133   74  835 178030.051 177049.420  0.55%   284 11480s
 101290 64029 177267.366   66  830 178030.051 177049.495  0.55%   284 11485s
 101330 64057     cutoff   86      178030.051 177049.495  0.55%   284 11490s
 101418 64099 infeasible  130      178030.051 177049.495  0.55%   284 11495s
 101561 64111 infeasible   72      178030.051 177049.539  0.55%   284 11501s
 101562 64112 177314.930   66  907 178030.051 177049.620  0.55%   284 11506s
 101583 64117     cutoff   80      178030.051 177049.620  0.55%   284 11510s
 101618 64129 177397.738   68  830 178030.051 177049.639  0.55%   284 11515s
 101714 64212 177288.467   79  711 178030.051 177049.689  0.55%   284 11520s
 101774 64258 177127.388   77  891 178030.051 177049.837  0.55%   284 11526s
 101827 64311 177451.201  130  680 178030.051 177049.837  0.55%   284 11530s
 101912 64380 177106.366   64  854 178030.051 177049.859  0.55%   284 11535s
 102058 64514 177560.014   65  825 178030.051 177049.895  0.55%   284 11546s
 102103 64551 177352.148   78  816 178030.051 177050.211  0.55%   284 11552s
 102224 64653 178002.226  190  348 178030.051 177050.211  0.55%   283 11555s
 102233 64650 177883.242   49  622 178030.051 177050.409  0.55%   283 11560s
 102247 64652 177633.628   50  747 178030.051 177050.436  0.55%   284 11565s
 102296 64687 177266.444   76  893 178030.051 177050.507  0.55%   283 11571s
 102373 64764 177718.211  153  576 178030.051 177050.507  0.55%   283 11575s
 102456 64824 177134.565   60  918 178030.051 177050.521  0.55%   283 11582s
 102481 64849 177273.326   85  791 178030.051 177050.521  0.55%   283 11585s
 102569 64923 177525.923   49  709 178030.051 177050.551  0.55%   283 11590s
 102671 64994 177209.989   66  856 178030.051 177050.553  0.55%   283 11596s
 102732 65055 177567.571  127  601 178030.051 177050.553  0.55%   283 11600s
 102781 65092 177539.216   60  905 178030.051 177050.617  0.55%   283 11607s
 102827 65098     cutoff   87      178030.051 177050.617  0.55%   283 11610s
 102867 65108 177135.072   68  886 178030.051 177050.621  0.55%   283 11615s
 103015 65234 177371.865   58  920 178030.051 177050.706  0.55%   283 11625s
 103096 65295 177302.184   63  904 178030.051 177050.840  0.55%   283 11634s
 103098 65297 177725.842   65  586 178030.051 177050.840  0.55%   283 11635s
 103183 65367 177299.173   75  869 178030.051 177050.974  0.55%   283 11641s
 103230 65414 177555.077  122  709 178030.051 177050.974  0.55%   283 11645s
 103300 65472 177391.618   85  857 178030.051 177050.984  0.55%   283 11652s
 103301 65471 infeasible   86      178030.051 177050.984  0.55%   283 11655s
 103339 65478     cutoff  101      178030.051 177050.984  0.55%   283 11660s
 103392 65481 177358.183   67  876 178030.051 177051.013  0.55%   283 11666s
 103455 65497 177527.518   75  756 178030.051 177051.026  0.55%   283 11671s
 103538 65550 177226.217   69  870 178030.051 177051.082  0.55%   283 11677s
 103637 65641     cutoff  164      178030.051 177051.082  0.55%   283 11680s
 103640 65640 177354.492   75  901 178030.051 177051.137  0.55%   283 11685s
 103711 65696 177569.782   63  800 178030.051 177051.201  0.55%   283 11692s
 103785 65746 177262.171   61  887 178030.051 177051.259  0.55%   283 11697s
 103822 65783 177608.886   98  747 178030.051 177051.259  0.55%   283 11700s
 103881 65823 177253.878   62  926 178030.051 177051.277  0.55%   283 11708s
 103895 65837 177341.782   76  870 178030.051 177051.277  0.55%   283 11710s
 103967 65899 177261.560   61  919 178030.051 177051.287  0.55%   283 11716s
 104014 65907 infeasible   90      178030.051 177051.287  0.55%   283 11720s
 104032 65910 177339.643   62  857 178030.051 177051.465  0.55%   283 11725s
 104115 65983 177221.469   46  927 178030.051 177051.478  0.55%   283 11732s
 104137 66001 177369.509   66  839 178030.051 177051.478  0.55%   283 11735s
 104221 66063 177361.206   49  889 178030.051 177051.531  0.55%   283 11743s
 104245 66087 177514.999   73  806 178030.051 177051.531  0.55%   283 11745s
 104330 66158 177344.888   53  785 178030.051 177051.630  0.55%   283 11751s
 104393 66194 177305.011   57  886 178030.051 177051.749  0.55%   283 11757s
 104424 66199 infeasible   76      178030.051 177051.749  0.55%   283 11760s
 104460 66206 177314.869   77  917 178030.051 177051.817  0.55%   283 11768s
 104464 66210 177487.235   79  743 178030.051 177051.817  0.55%   283 11770s
 104495 66212 177105.646   65  854 178030.051 177051.847  0.55%   283 11776s
 104619 66335 177902.081  185  450 178030.051 177051.847  0.55%   283 11780s
 104636 66336 177739.361   74  737 178030.051 177051.859  0.55%   283 11788s
 104685 66379 177811.938  122  473 178030.051 177051.859  0.55%   283 11791s
 104720 66388 177209.046   73  885 178030.051 177051.920  0.55%   283 11795s
 104835 66490 177131.290   79  887 178030.051 177051.949  0.55%   283 11802s
 104873 66524 177820.551  115  702 178030.051 177051.949  0.55%   283 11805s
 104884 66525 177913.452   61  720 178030.051 177051.964  0.55%   283 11812s
 104904 66535 177106.868   57  925 178030.051 177051.970  0.55%   283 11816s
 104929 66538 177443.893   67  853 178030.051 177051.981  0.55%   283 11821s
 105022 66606 177290.882   60  876 178030.051 177051.997  0.55%   283 11827s
 105085 66659     cutoff  121      178030.051 177051.997  0.55%   283 11830s
 105093 66667 177286.150   68  869 178030.051 177052.086  0.55%   283 11835s
 105182 66747 177181.431   66  883 178030.051 177052.349  0.55%   283 11841s
 105210 66763 177689.591   74  430 178030.051 177052.349  0.55%   283 11845s
 105268 66767 177203.543   80  857 178030.051 177052.446  0.55%   283 11851s
 105317 66816 177547.132  129  628 178030.051 177052.446  0.55%   283 11855s
 105390 66874 177250.237   71  866 178030.051 177052.485  0.55%   283 11860s
 105471 66943 infeasible   70      178030.051 177052.598  0.55%   283 11866s
 105472 66944 177995.642   73  776 178030.051 177052.714  0.55%   283 11876s
 105475 66943 177401.134   65  910 178030.051 177052.740  0.55%   283 11882s
 105494 66962 177493.255   84  825 178030.051 177052.740  0.55%   283 11885s
 105568 67021 177296.261   72  825 178030.051 177052.755  0.55%   283 11894s
 105571 67024 177307.784   75  809 178030.051 177052.755  0.55%   283 11895s
 105608 67052 177739.561   62  614 178030.051 177052.790  0.55%   283 11910s
 105688 67112 177149.064   71  905 178030.051 177052.841  0.55%   283 11933s
 105697 67121 177201.027   80  853 178030.051 177052.841  0.55%   283 11935s
 105723 67135 177135.629   65  872 178030.051 177052.850  0.55%   283 11946s
 105747 67155 177939.222   77  382 178030.051 177052.850  0.55%   283 11950s
 105836 67196 177643.625   99  898 178030.051 177052.872  0.55%   283 11969s
 105837 67197 177850.051  100  764 178030.051 177052.872  0.55%   283 11972s
 105844 67196 177267.820   50  817 178030.051 177052.990  0.55%   283 11983s
 105851 67203 177309.323   57  779 178030.051 177052.990  0.55%   283 11985s
 105921 67273 177711.973  127  576 178030.051 177052.990  0.55%   283 11990s
 105994 67321 177436.069   58  758 178030.051 177053.016  0.55%   283 12003s
 106040 67351 177779.701   97  509 178030.051 177053.016  0.55%   283 12005s
 106105 67376 177198.419   70  931 178030.051 177053.075  0.55%   283 12015s
 106129 67400 177376.816   94  847 178030.051 177053.075  0.55%   283 12020s
 106205 67466 177154.824   59  887 178030.051 177053.134  0.55%   283 12032s
 106216 67475     cutoff   70      178030.051 177053.134  0.55%   283 12035s
 106283 67534 177770.147  132  645 178030.051 177053.134  0.55%   283 12040s
 106296 67537 177116.114   65  937 178030.051 177053.223  0.55%   283 12051s
 106317 67558 177295.181   86  843 178030.051 177053.223  0.55%   283 12055s
 106356 67597 177603.669  125  733 178030.051 177053.223  0.55%   283 12060s
 106393 67626 177149.846   62  877 178030.051 177053.286  0.55%   283 12069s
 106399 67632 177394.632   68  735 178030.051 177053.286  0.55%   283 12072s
 106420 67651 177498.268   88  741 178030.051 177053.286  0.55%   283 12075s
 106476 67688 177163.877   75  885 178030.051 177053.325  0.55%   283 12082s
 106486 67698 177712.407   85  622 178030.051 177053.325  0.55%   283 12085s
 106565 67718 177109.223   89  899 178030.051 177053.420  0.55%   283 12091s
 106598 67747     cutoff  121      178030.051 177053.420  0.55%   283 12095s
 106614 67751 177794.224   66  813 178030.051 177053.596  0.55%   283 12102s
 106629 67757 177866.946   72  827 178030.051 177053.649  0.55%   283 12106s
 106651 67766 177122.459   78  878 178030.051 177053.657  0.55%   283 12113s
 106665 67780 177222.775   92  774 178030.051 177053.657  0.55%   283 12115s
 106811 67893 177135.143   71  826 178030.051 177053.665  0.55%   283 12123s
 106828 67908 177296.801   87  709 178030.051 177053.665  0.55%   283 12125s
 106900 67953 177338.863   66  889 178030.051 177053.732  0.55%   283 12132s
 106932 67985 177561.224   98  763 178030.051 177053.732  0.55%   283 12135s
 106986 68028 177228.138   73  853 178030.051 177053.863  0.55%   283 12141s
 107094 68126 177494.749   58  834 178030.051 177054.030  0.55%   283 12148s
 107123 68155 177650.099   87  729 178030.051 177054.030  0.55%   283 12150s
 107186 68208 177258.880   79  861 178030.051 177054.054  0.55%   283 12156s
 107210 68216 177327.641   87  742 178030.051 177054.054  0.55%   283 12160s
 107368 68249 177127.240   59  904 178030.051 177054.148  0.55%   283 12168s
 107377 68258 177201.009   68  862 178030.051 177054.148  0.55%   283 12170s
 107474 68345 177254.062   99  830 178030.051 177054.165  0.55%   283 12178s
 107480 68351 177632.977  102  758 178030.051 177054.165  0.55%   283 12180s
 107520 68382 177583.873  122  506 178030.051 177054.165  0.55%   283 12185s
 107669 68417 177298.724   76  866 178030.051 177054.230  0.55%   283 12194s
 107676 68424 177312.869   83  844 178030.051 177054.230  0.55%   283 12199s
 107685 68433 177340.860   92  773 178030.051 177054.230  0.55%   283 12200s
 107800 68529 177116.049   62  845 178030.051 177054.376  0.55%   283 12205s
 107811 68537 177300.272   72  741 178030.051 177054.376  0.55%   283 12210s
 107816 68542 177312.635   77  772 178030.051 177054.376  0.55%   283 12215s
 107847 68555 177663.058  106  568 178030.051 177054.376  0.55%   283 12220s
 107893 68591 177905.625  147  512 178030.051 177054.376  0.55%   283 12225s
 107905 68591 177645.860   63  780 178030.051 177054.401  0.55%   283 12232s
 107930 68593 177228.071   56  903 178030.051 177054.420  0.55%   283 12243s
 107933 68594     cutoff   59      178030.051 177054.420  0.55%   283 12245s
 107968 68621 177492.314   88  777 178030.051 177054.420  0.55%   283 12250s
 108016 68651     cutoff  127      178030.051 177054.420  0.55%   283 12255s
 108047 68666 177678.596   76  841 178030.051 177054.507  0.55%   283 12265s
 108095 68698 infeasible   61      178030.051 177054.510  0.55%   283 12275s
 108096 68699 177222.206   54  883 178030.051 177054.579  0.55%   283 12284s
 108103 68706 177261.373   61  848 178030.051 177054.579  0.55%   283 12285s
 108158 68761 177619.827  116  657 178030.051 177054.579  0.55%   283 12290s
 108205 68798 177147.160   66  904 178030.051 177054.615  0.55%   283 12301s
 108221 68814 177333.988   82  762 178030.051 177054.615  0.55%   283 12305s
 108282 68869     cutoff  141      178030.051 177054.615  0.55%   283 12310s
 108310 68875 177326.941   71  895 178030.051 177054.662  0.55%   283 12320s
 108376 68941 177742.196  137  675 178030.051 177054.662  0.55%   283 12325s
 108399 68954 177307.551   59  776 178030.051 177054.669  0.55%   283 12330s
 108431 68955 177563.308  101  881 178030.051 177054.727  0.55%   283 12343s
 108432 68956 177762.019  102  771 178030.051 177054.727  0.55%   283 12345s
 108439 68959     cutoff  105      178030.051 177054.727  0.55%   283 12350s
 108449 68963     cutoff  107      178030.051 177054.727  0.55%   283 12355s
 108464 68974 177711.728  112  812 178030.051 177054.727  0.55%   283 12360s
 108481 68979 infeasible  117      178030.051 177054.727  0.55%   284 12365s
 108496 68984     cutoff  124      178030.051 177054.727  0.55%   284 12370s
 108519 68983     cutoff  135      178030.051 177054.727  0.55%   284 12375s
 108525 68983 177241.928   76  832 178030.051 177054.764  0.55%   284 12383s
 108528 68986 177789.401   79  558 178030.051 177054.764  0.55%   284 12385s
 108538 68986 177312.485   63  885 178030.051 177054.776  0.55%   284 12391s
 108570 69018 177530.421   95  774 178030.051 177054.776  0.55%   284 12395s
 108639 69071 177287.402   94  851 178030.051 177054.808  0.55%   284 12404s
 108640 69072 177297.931   95  829 178030.051 177054.808  0.55%   284 12405s
 108673 69089 177324.333   63  809 178030.051 177054.882  0.55%   284 12419s
 108675 69091 177332.541   65  785 178030.051 177054.882  0.55%   284 12420s
 108747 69148 177191.658   75  829 178030.051 177054.914  0.55%   284 12426s
 108829 69214 177273.528   61  864 178030.051 177054.997  0.55%   284 12435s
 108926 69240 177250.236   69  877 178030.051 177055.122  0.55%   284 12445s
 109042 69341 177315.164   70  859 178030.051 177055.225  0.55%   284 12454s
 109044 69343 177396.859   71  783 178030.051 177055.225  0.55%   284 12455s
 109080 69368     cutoff   89      178030.051 177055.225  0.55%   284 12460s
 109184 69374 177370.551   57  830 178030.051 177055.270  0.55%   284 12477s
 109225 69403 177068.896   67  896 178030.051 177055.289  0.55%   284 12480s
 109275 69453 177377.862  117  673 178030.051 177055.289  0.55%   284 12485s
 109366 69530 177139.588   72  898 178030.051 177055.302  0.55%   284 12492s
 109395 69555 177342.045   99  749 178030.051 177055.302  0.55%   284 12495s
 109444 69584 177105.970   70  913 178030.051 177055.387  0.55%   284 12503s
 109452 69592 177171.567   78  856 178030.051 177055.387  0.55%   284 12505s
 109525 69665 177693.091  151  634 178030.051 177055.387  0.55%   284 12510s
 109571 69698 177110.494   74  850 178030.051 177055.410  0.55%   284 12515s
 109615 69731 177600.361   72  746 178030.051 177055.427  0.55%   284 12524s
 109629 69745 177600.361   86  524 178030.051 177055.427  0.55%   284 12525s
 109696 69800 177354.738   76  812 178030.051 177055.447  0.55%   284 12532s
 109711 69807 177123.506   62  927 178030.051 177055.459  0.55%   284 12537s
 109720 69816 177197.730   71  885 178030.051 177055.459  0.55%   284 12540s
 109758 69854 177449.760  109  743 178030.051 177055.459  0.55%   284 12545s
 109826 69907 177216.428   59  914 178030.051 177055.590  0.55%   284 12557s
 109835 69916 177278.024   68  870 178030.051 177055.590  0.55%   284 12560s
 109860 69939 177872.967   93  717 178030.051 177055.590  0.55%   284 12565s
 109880 69947 177359.639   70  780 178030.051 177055.609  0.55%   284 12577s
 109912 69977 177785.139  102  496 178030.051 177055.609  0.55%   284 12580s
 109943 69991 177970.254   64  592 178030.051 177055.645  0.55%   284 12587s
 109960 70000 177102.186   71  902 178030.051 177055.679  0.55%   284 12594s
 109961 70001 177362.635   72  657 178030.051 177055.679  0.55%   284 12595s
 110002 70015 177960.413  100  372 178030.051 177055.679  0.55%   284 12600s
 110007 70012 177437.727   51  811 178030.051 177055.714  0.55%   284 12608s
 110012 70015 infeasible   56      178030.051 177055.714  0.55%   284 12610s
 110068 70050 177170.495   68  885 178030.051 177055.770  0.55%   284 12622s
 110077 70059 177231.737   77  830 178030.051 177055.770  0.55%   284 12625s
 110109 70091 177450.347  109  689 178030.051 177055.770  0.55%   284 12630s
 110190 70158 177155.798   67  882 178030.051 177055.776  0.55%   284 12639s
 110191 70158 177417.593   68  735 178030.051 177055.776  0.55%   284 12640s
 110220 70183 177506.329   97  709 178030.051 177055.776  0.55%   284 12658s
 110251 70205 177875.266  124  611 178030.051 177055.776  0.55%   284 12660s
 110271 70207 177118.238   64  774 178030.051 177055.990  0.55%   284 12665s
 110319 70236 177350.321   77  810 178030.051 177056.058  0.55%   284 12675s
 110372 70264     cutoff  102      178030.051 177056.058  0.55%   284 12680s
 110403 70263 177445.036   62  882 178030.051 177056.093  0.55%   284 12688s
 110404 70262     cutoff   63      178030.051 177056.093  0.55%   284 12691s
 110444 70270     cutoff   86      178030.051 177056.093  0.55%   284 12695s
 110482 70275 177233.962   46  931 178030.051 177056.114  0.55%   284 12700s
 110564 70357 177842.252  128  640 178030.051 177056.114  0.55%   284 12705s
 110583 70363 177182.949   60  891 178030.051 177056.179  0.55%   284 12710s
 110660 70440 177770.690  137  573 178030.051 177056.179  0.55%   284 12715s
 110697 70461 177323.930   74  829 178030.051 177056.288  0.55%   284 12720s
 110778 70526 infeasible  150      178030.051 177056.288  0.55%   284 12725s
 110903 70641 177840.774  186  376 178030.051 177056.406  0.55%   284 12730s
 110924 70650 177167.483   67  926 178030.051 177056.502  0.55%   284 12738s
 110934 70660 177272.388   77  892 178030.051 177056.502  0.55%   284 12740s
 110978 70697     cutoff  117      178030.051 177056.502  0.55%   284 12745s
 110982 70695 177332.403   73  831 178030.051 177056.655  0.55%   284 12750s
 111070 70723 177319.027   67  859 178030.051 177056.661  0.55%   284 12761s
 111109 70746 177188.439   66  929 178030.051 177056.707  0.55%   284 12769s
 111110 70747 177200.320   67  920 178030.051 177056.707  0.55%   284 12770s
 111166 70803 177641.014  123  708 178030.051 177056.707  0.55%   284 12775s
 111204 70827 177373.134   86  802 178030.051 177056.740  0.55%   284 12781s
 111290 70879 177271.258   49  873 178030.051 177056.760  0.55%   284 12789s
 111301 70890 177343.941   60  818 178030.051 177056.760  0.55%   284 12790s
 111405 70976 177631.424   67  778 178030.051 177056.773  0.55%   284 12800s
 111464 70983 177353.246   61  886 178030.051 177056.792  0.55%   284 12808s
 111489 71008 177444.496   86  791 178030.051 177056.792  0.55%   284 12810s
 111572 71082 177245.621   77  870 178030.051 177056.896  0.55%   284 12815s
 111687 71109 177172.966   65  804 178030.051 177056.990  0.55%   284 12821s
 111793 71213     cutoff  171      178030.051 177056.990  0.55%   284 12825s
 111812 71217 177190.066   74  932 178030.051 177057.076  0.55%   284 12830s
 111871 71261     cutoff  127      178030.051 177057.076  0.55%   284 12835s
 111895 71272 177121.958   78  790 178030.051 177057.238  0.55%   284 12840s
 111923 71296 177309.362   92  747 178030.051 177057.238  0.55%   284 12845s
 111943 71316 177537.378  102  659 178030.051 177057.238  0.55%   284 12850s
 112013 71352     cutoff  139      178030.051 177057.238  0.55%   284 12855s
 112121 71376 177144.006   79  877 178030.051 177057.257  0.55%   284 12862s
 112134 71387     cutoff   92      178030.051 177057.257  0.55%   284 12865s
 112180 71417 177292.141   64  896 178030.051 177057.367  0.55%   284 12875s
 112197 71420 177267.418   67  876 178030.051 177057.444  0.55%   284 12882s
 112237 71446 177164.379   76  839 178030.051 177057.459  0.55%   284 12887s
 112297 71506 177498.651  136  634 178030.051 177057.459  0.55%   284 12890s
 112410 71608 177779.629  110  551 178030.051 177057.569  0.55%   284 12895s
 112492 71647 infeasible   78      178030.051 177057.731  0.55%   284 12900s
 112506 71648 177461.057   75  769 178030.051 177057.737  0.55%   284 12910s
 112551 71682 177237.464   73  929 178030.051 177058.000  0.55%   284 12917s
 112563 71694 177366.955   85  866 178030.051 177058.000  0.55%   284 12920s
 112653 71750 177186.741   72  838 178030.051 177058.010  0.55%   284 12928s
 112664 71760 177639.959   83  422 178030.051 177058.010  0.55%   284 12930s
 112751 71785 177657.420   61  734 178030.051 177058.036  0.55%   284 12935s
 112821 71826 177116.778   80  894 178030.051 177058.492  0.55%   284 12942s
 112861 71864 177845.947  119  726 178030.051 177058.492  0.55%   284 12945s
 112872 71865 177390.262   64  823 178030.051 177058.528  0.55%   284 12950s
 112969 71952 177175.450   59  883 178030.051 177058.595  0.55%   284 12957s
 112988 71969 177763.191   77  504 178030.051 177058.595  0.55%   284 12960s
 113063 72017 177243.865   66  833 178030.051 177058.733  0.55%   284 12977s
 113159 72106 177877.105  156  412 178030.051 177058.733  0.55%   284 12980s
 113184 72119 177184.986   85  759 178030.051 177059.002  0.55%   284 12985s
 113233 72155 177681.349   58  693 178030.051 177059.079  0.55%   284 12997s
 113308 72215 177119.742   76  858 178030.051 177059.240  0.55%   284 13002s
 113376 72233 177884.281  109  438 178030.051 177059.240  0.55%   284 13005s
 113442 72269 177430.418  109  738 178030.051 177059.249  0.55%   284 13010s
 113522 72329 177609.272   46  680 178030.051 177059.265  0.55%   284 13018s
 113602 72362 177736.927   67  515 178030.051 177059.291  0.55%   284 13023s
 113675 72418 177161.131   65  886 178030.051 177059.306  0.55%   284 13028s
 113731 72437 177911.149  102  454 178030.051 177059.306  0.55%   284 13030s
 113740 72436 177158.855   60  909 178030.051 177059.317  0.55%   284 13035s
 113852 72537 177194.805   79  904 178030.051 177059.335  0.55%   284 13042s
 113886 72566 177664.223  111  712 178030.051 177059.335  0.55%   284 13045s
 113930 72596 177237.833   68  863 178030.051 177059.535  0.55%   284 13050s
 114020 72672 177237.229   51  918 178030.051 177059.556  0.55%   284 13060s
 114103 72755 177817.156  134  662 178030.051 177059.556  0.55%   284 13065s
 114141 72781 177222.143   62  837 178030.051 177059.721  0.55%   284 13070s
 114232 72862 177158.277   80  888 178030.051 177059.938  0.54%   284 13077s
 114250 72880 177261.293   98  762 178030.051 177059.938  0.54%   284 13080s
 114337 72959 177966.147  181  411 178030.051 177059.938  0.54%   284 13085s
 114346 72958 177698.282   64  861 178030.051 177059.944  0.54%   284 13090s
 114391 72967 infeasible   64      178030.051 177060.141  0.54%   284 13097s
 114392 72968 177197.047   61  871 178030.051 177060.163  0.54%   284 13101s
 114445 72983     cutoff   83      178030.051 177060.163  0.54%   284 13105s
 114521 72997 177661.993   81  855 178030.051 177060.188  0.54%   284 13110s
 114584 73030 177775.561   62  589 178030.051 177060.238  0.54%   284 13117s
 114664 73092 177614.636   51  761 178030.051 177060.359  0.54%   284 13126s
 114741 73156 177650.636  124  640 178030.051 177060.359  0.54%   284 13130s
 114805 73209 177636.462  108  693 178030.051 177060.417  0.54%   284 13135s
 114870 73264 177862.939   72  317 178030.051 177060.460  0.54%   284 13140s
 114951 73272 177350.399   59  858 178030.051 177060.473  0.54%   284 13146s
 115018 73339 177628.934  126  631 178030.051 177060.473  0.54%   284 13150s
 115068 73379 177226.137   67  854 178030.051 177060.573  0.54%   284 13155s
 115144 73447 177745.688  139  521 178030.051 177060.573  0.54%   284 13160s
 115182 73462 177220.028   61  922 178030.051 177060.908  0.54%   284 13167s
 115224 73504 177530.181  103  756 178030.051 177060.908  0.54%   284 13170s
 115230 73510 177582.862  109  740 178030.051 177060.908  0.54%   284 13183s
 115261 73541 178010.770  140  617 178030.051 177060.908  0.54%   284 13185s
 115277 73539 infeasible   62      178030.051 177060.933  0.54%   284 13191s
 115350 73606 177812.148  131  662 178030.051 177060.933  0.54%   284 13195s
 115372 73610 177359.192   71  807 178030.051 177061.045  0.54%   284 13200s
 115492 73718 177199.007   65  930 178030.051 177061.046  0.54%   284 13209s
 115496 73722 177421.895   69  866 178030.051 177061.046  0.54%   284 13210s
 115539 73755     cutoff  108      178030.051 177061.046  0.54%   284 13215s
 115592 73786 177643.243   57  734 178030.051 177061.051  0.54%   284 13224s
 115594 73788 177776.127   59  663 178030.051 177061.051  0.54%   284 13225s
 115648 73799 177136.104   65  817 178030.051 177061.066  0.54%   284 13230s
 115768 73902 177283.151   78  736 178030.051 177061.079  0.54%   284 13236s
 115809 73929 177228.978   63  907 178030.051 177061.092  0.54%   284 13242s
 115838 73958 177431.125   92  769 178030.051 177061.092  0.54%   284 13245s
 115906 74016 177450.861   66  735 178030.051 177061.164  0.54%   284 13254s
 115916 74026 177450.861   76  512 178030.051 177061.164  0.54%   284 13255s
 116020 74117 177254.675   64  877 178030.051 177061.176  0.54%   284 13261s
 116123 74210 177097.638   50  873 178030.051 177061.180  0.54%   284 13266s
 116178 74225 infeasible   89      178030.051 177061.180  0.54%   284 13270s
 116215 74231 177261.455   57  890 178030.051 177061.213  0.54%   284 13276s
 116278 74294 177670.996  120  698 178030.051 177061.213  0.54%   284 13280s
 116307 74312 177401.058   78  867 178030.051 177061.256  0.54%   284 13286s
 116355 74352 177795.657  122  656 178030.051 177061.256  0.54%   284 13290s
 116380 74365 177319.883   69  850 178030.051 177061.436  0.54%   284 13295s
 116462 74447 177938.110  151  506 178030.051 177061.436  0.54%   284 13300s
 116538 74499 177633.395  127  600 178030.051 177061.470  0.54%   284 13305s
 116583 74529 177390.667   90  797 178030.051 177061.568  0.54%   284 13310s
 116674 74603 177257.530   71  867 178030.051 177061.574  0.54%   284 13319s
 116678 74607 177700.288   73  751 178030.051 177061.574  0.54%   284 13320s
 116709 74636 177411.844   89  725 178030.051 177061.574  0.54%   284 13325s
 116770 74672 177788.277  119  558 178030.051 177061.574  0.54%   284 13330s
 116857 74683 177237.618  103  849 178030.051 177061.607  0.54%   284 13337s
 116876 74702 177638.914  122  585 178030.051 177061.607  0.54%   284 13340s
 116964 74768 177164.704   78  844 178030.051 177061.623  0.54%   284 13345s
 117020 74812 177368.241   81  853 178030.051 177061.662  0.54%   284 13352s
 117057 74849 177588.402  118  698 178030.051 177061.662  0.54%   284 13355s
 117138 74917 177176.644   64  918 178030.051 177061.745  0.54%   283 13360s
 117205 74966 177107.424   68  883 178030.051 177061.867  0.54%   283 13365s
 117279 75040 177479.885  142  582 178030.051 177061.867  0.54%   283 13370s
 117349 75098 177944.476   69  675 178030.051 177061.888  0.54%   283 13377s
 117358 75097     cutoff   57      178030.051 177061.956  0.54%   283 13380s
 117359 75098 177753.057   65  671 178030.051 177062.057  0.54%   284 13387s
 117397 75107 177132.516   67  906 178030.051 177062.134  0.54%   284 13392s
 117418 75128 177311.915   88  804 178030.051 177062.134  0.54%   284 13395s
 117488 75187 infeasible   64      178030.051 177062.159  0.54%   284 13404s
 117489 75188 177671.841   60  802 178030.051 177062.179  0.54%   284 13407s
 117556 75232     cutoff   71      178030.051 177062.229  0.54%   284 13410s
 117558 75232 177482.485   68  837 178030.051 177062.476  0.54%   284 13422s
 117624 75281     cutoff  123      178030.051 177062.476  0.54%   284 13425s
 117628 75283 177195.797   68  876 178030.051 177062.520  0.54%   284 13430s
 117694 75334 177689.429   69  694 178030.051 177062.565  0.54%   284 13444s
 117728 75364 177689.429  103  483 178030.051 177062.565  0.54%   284 13445s
 117786 75401 177272.879   62  875 178030.051 177062.602  0.54%   284 13451s
 117860 75469 177764.022  133  621 178030.051 177062.602  0.54%   284 13455s
 117876 75472 177271.796   51  899 178030.051 177062.664  0.54%   284 13461s
 117901 75491 177413.364   73  819 178030.051 177062.664  0.54%   284 13465s
 117987 75543 177146.505   63  907 178030.051 177062.777  0.54%   284 13470s
 118073 75629 177868.911  149  598 178030.051 177062.777  0.54%   284 13475s
 118085 75632 177762.899   73  565 178030.051 177062.846  0.54%   284 13480s
 118174 75646 177717.644   65  802 178030.051 177062.866  0.54%   284 13487s
 118217 75677     cutoff   79      178030.051 177062.992  0.54%   284 13490s
 118218 75678 177224.386   77  855 178030.051 177063.016  0.54%   284 13495s
 118332 75792 177857.060  191  321 178030.051 177063.016  0.54%   284 13500s
 118359 75798 177863.671   56  641 178030.051 177063.113  0.54%   284 13505s
 118381 75798 177194.703   76  882 178030.051 177063.171  0.54%   284 13510s
 118408 75818 177129.003   65  921 178030.051 177063.233  0.54%   284 13517s
 118422 75826 177751.053   76  493 178030.051 177063.233  0.54%   284 13520s
 118510 75849 177199.637   68  924 178030.051 177063.265  0.54%   284 13530s
 118545 75874 177265.278   57  904 178030.051 177063.349  0.54%   284 13540s
 118648 75965 177199.706   60  916 178030.051 177063.415  0.54%   284 13549s
 118649 75966 177448.063   61  763 178030.051 177063.415  0.54%   284 13550s
 118755 76049 177884.049   73  694 178030.051 177063.529  0.54%   284 13560s
 118795 76076 177504.081   63  679 178030.051 177063.545  0.54%   284 13570s
 118845 76108 177401.816   80  795 178030.051 177063.548  0.54%   284 13575s
 118968 76205 177205.250   80  870 178030.051 177063.705  0.54%   284 13580s
 119096 76311 177184.669   75  873 178030.051 177063.795  0.54%   284 13588s
 119150 76365 177447.056  129  728 178030.051 177063.795  0.54%   284 13590s
 119195 76409 177830.001  174  451 178030.051 177063.795  0.54%   284 13619s
 119210 76423 177977.326  189  397 178030.051 177063.795  0.54%   284 13620s
 119218 76421 177338.257   69  828 178030.051 177063.829  0.54%   284 13625s
 119282 76433 177346.298   74  886 178030.051 177063.887  0.54%   284 13633s
 119299 76450 177458.760   91  785 178030.051 177063.887  0.54%   284 13635s
 119378 76507 177138.724   71  912 178030.051 177063.926  0.54%   284 13643s
 119382 76511 177473.648   73  822 178030.051 177063.926  0.54%   284 13645s
 119400 76522 177373.137   79  650 178030.051 177063.926  0.54%   284 13650s
 119437 76529 177531.766   91  890 178030.051 177063.951  0.54%   284 13657s
 119461 76553 177732.706  115  756 178030.051 177063.951  0.54%   284 13660s
 119486 76567 177495.050   79  817 178030.051 177064.000  0.54%   284 13674s
 119492 76573 177767.361   85  514 178030.051 177064.000  0.54%   284 13675s
 119541 76601 177219.431  100  855 178030.051 177064.130  0.54%   285 13683s
 119548 76608 177447.095  107  520 178030.051 177064.130  0.54%   285 13685s
 119644 76685 177323.133   68  827 178030.051 177064.241  0.54%   284 13690s
 119646 76687 177334.822   70  800 178030.051 177064.241  0.54%   284 13695s
 119701 76713 177591.816   71  792 178030.051 177064.270  0.54%   284 13701s
 119781 76776 177360.586   72  876 178030.051 177064.271  0.54%   284 13707s
 119832 76821 177892.599  120  619 178030.051 177064.271  0.54%   284 13710s
 119844 76824 177174.453   73  885 178030.051 177064.425  0.54%   284 13715s
 119934 76914 177780.670  163  538 178030.051 177064.425  0.54%   284 13720s
 119987 76952 177736.096   87  691 178030.051 177064.573  0.54%   284 13725s
 120006 76963 177389.351   50  857 178030.051 177064.581  0.54%   284 13730s
 120114 77057 177131.929   73  882 178030.051 177064.613  0.54%   284 13735s
 120136 77061 177466.719   58  890 178030.051 177064.922  0.54%   284 13740s
 120217 77128 177170.004   76  875 178030.051 177064.964  0.54%   284 13748s
 120218 77127     cutoff   77      178030.051 177064.964  0.54%   284 13750s
 120310 77201 177184.848   70  891 178030.051 177065.010  0.54%   284 13757s
 120323 77208 177331.088   75  859 178030.051 177065.010  0.54%   284 13760s
 120440 77225 177539.641   80  885 178030.051 177065.079  0.54%   284 13769s
 120448 77233 177591.311   88  854 178030.051 177065.079  0.54%   284 13770s
 120507 77278 177081.682   66  862 178030.051 177065.149  0.54%   284 13775s
 120602 77373 177610.579  161  523 178030.051 177065.149  0.54%   284 13780s
 120674 77422 177352.255   68  879 178030.051 177065.240  0.54%   284 13785s
 120757 77484 177532.776   62  828 178030.051 177065.393  0.54%   284 13796s
 120826 77501 177317.591   61  807 178030.051 177065.437  0.54%   284 13804s
 120845 77520 177462.138   80  711 178030.051 177065.437  0.54%   284 13805s
 120927 77588 infeasible   63      178030.051 177065.447  0.54%   284 13810s
 120928 77589 177149.116   70  905 178030.051 177065.497  0.54%   284 13816s
 120958 77619 177386.492  100  762 178030.051 177065.497  0.54%   284 13820s
 121039 77690 177336.631   65  800 178030.051 177065.595  0.54%   284 13828s
 121058 77709 177466.683   84  725 178030.051 177065.595  0.54%   284 13830s
 121139 77761 177472.768   61  851 178030.051 177065.596  0.54%   284 13836s
 121220 77835 177232.786   74  878 178030.051 177065.619  0.54%   284 13844s
 121227 77842 177265.821   81  839 178030.051 177065.619  0.54%   284 13845s
 121267 77851 177653.996   58  845 178030.051 177065.695  0.54%   284 13856s
 121373 77882 177998.184  111  429 178030.051 177065.695  0.54%   284 13860s
 121380 77885 177690.011   99  813 178030.051 177065.717  0.54%   284 13865s
 121439 77920 177197.958   81  870 178030.051 177065.804  0.54%   284 13872s
 121454 77935 177711.531   96  575 178030.051 177065.804  0.54%   284 13875s
 121519 77959 177153.484   54  903 178030.051 177065.816  0.54%   284 13880s
 121631 78059     cutoff   64      178030.051 177065.851  0.54%   284 13887s
 121632 78060 177621.349   69  658 178030.051 177065.862  0.54%   284 13895s
 121698 78076 177283.976   65  909 178030.051 177065.907  0.54%   284 13904s
 121701 78079 177806.143   68  614 178030.051 177065.907  0.54%   284 13905s
 121722 78090 177219.755   61  896 178030.051 177065.931  0.54%   284 13911s
 121836 78202 177934.455  175  434 178030.051 177065.931  0.54%   284 13915s
 121854 78211 177595.147   77  495 178030.051 177065.993  0.54%   284 13920s
 121925 78260 177099.089   68  913 178030.051 177066.047  0.54%   284 13926s
 121962 78297 177385.845  105  757 178030.051 177066.047  0.54%   284 13930s
 122037 78363 177345.280   78  897 178030.051 177066.049  0.54%   284 13938s
 122040 78366 177420.931   80  836 178030.051 177066.049  0.54%   284 13940s
 122164 78389     cutoff  138      178030.051 177066.049  0.54%   284 13945s
 122179 78398 177266.377   74  851 178030.051 177066.173  0.54%   284 13950s
 122244 78463 177788.730  139  607 178030.051 177066.173  0.54%   284 13960s
 122275 78482 177524.324   77  886 178030.051 177066.217  0.54%   284 13966s
 122316 78484 177139.675   79  903 178030.051 177066.239  0.54%   284 13972s
 122326 78494 177838.019   85  584 178030.051 177066.239  0.54%   284 13975s
 122375 78501 177239.026   59  923 178030.051 177066.288  0.54%   284 13981s
 122402 78520 177203.281   69  897 178030.051 177066.291  0.54%   284 13989s
 122411 78529 177238.517   78  841 178030.051 177066.291  0.54%   284 13990s
 122517 78623 177146.390   65  897 178030.051 177066.323  0.54%   284 13997s
 122549 78653 177789.376   96  563 178030.051 177066.323  0.54%   284 14000s
 122595 78678 177799.799   73  723 178030.051 177066.417  0.54%   284 14007s
 122649 78722 177209.597   67  928 178030.051 177066.534  0.54%   284 14013s
 122653 78726 177346.120   71  838 178030.051 177066.534  0.54%   284 14015s
 122713 78763 177128.371   74  847 178030.051 177066.543  0.54%   284 14022s
 122798 78832 177189.135   74  814 178030.051 177066.559  0.54%   284 14028s
 122824 78851 177414.224  100  703 178030.051 177066.559  0.54%   284 14030s
 122881 78889 177115.191   72  913 178030.051 177066.665  0.54%   284 14036s
 122904 78912 177300.198   95  796 178030.051 177066.665  0.54%   284 14040s
 122991 78986 177756.712   79  839 178030.051 177066.671  0.54%   284 14047s
 123031 79010 177313.896   63  837 178030.051 177066.675  0.54%   284 14053s
 123056 79035 177411.620   88  744 178030.051 177066.675  0.54%   284 14055s
 123148 79116 177882.732   70  656 178030.051 177066.721  0.54%   284 14061s
 123159 79119 177277.982   55  879 178030.051 177066.724  0.54%   284 14066s
 123217 79177 177680.044  113  674 178030.051 177066.724  0.54%   284 14070s
 123281 79219 177500.069   59  707 178030.051 177066.803  0.54%   284 14077s
 123376 79253 177222.829   68  863 178030.051 177066.874  0.54%   284 14083s
 123387 79264 177271.008   79  794 178030.051 177066.874  0.54%   284 14085s
 123488 79352 177255.153   58  877 178030.051 177066.885  0.54%   284 14092s
 123573 79403 177416.541   59  883 178030.051 177066.948  0.54%   284 14099s
 123575 79405 177730.725   60  701 178030.051 177066.948  0.54%   284 14100s
 123595 79421 177645.759   70  760 178030.051 177066.948  0.54%   284 14105s
 123651 79428 177381.159   53  828 178030.051 177066.958  0.54%   284 14113s
 123691 79453 177125.199   64  817 178030.051 177067.050  0.54%   284 14116s
 123796 79558 177798.609  169  467 178030.051 177067.050  0.54%   284 14120s
 123818 79570 177252.768   71  925 178030.051 177067.123  0.54%   284 14125s
 123894 79633 177776.767   82  848 178030.051 177067.277  0.54%   284 14133s
 123924 79637 177882.420  101  773 178030.051 177067.277  0.54%   284 14135s
 123953 79644 177235.290   87  759 178030.051 177067.308  0.54%   284 14140s
 124021 79685 177192.780   74  868 178030.051 177067.429  0.54%   284 14147s
 124049 79713 177398.055  102  702 178030.051 177067.429  0.54%   284 14150s
 124125 79779 177263.478   77  868 178030.051 177067.433  0.54%   284 14156s
 124211 79865 177749.621  163  497 178030.051 177067.433  0.54%   284 14160s
 124247 79886 177294.151   81  923 178030.051 177067.502  0.54%   284 14166s
 124276 79915 177507.658  110  784 178030.051 177067.502  0.54%   284 14170s
 124343 79956 177362.543   59  916 178030.051 177067.510  0.54%   284 14178s
 124359 79972 177578.012   75  840 178030.051 177067.510  0.54%   284 14180s
 124425 80016 177413.595   65  847 178030.051 177067.526  0.54%   284 14186s
 124492 80030 177182.951   78  827 178030.051 177067.626  0.54%   284 14192s
 124518 80035 177492.565   81  867 178030.051 177067.678  0.54%   284 14200s
 124571 80078 177133.686   76  844 178030.051 177067.766  0.54%   284 14207s
 124600 80105 infeasible  105      178030.051 177067.766  0.54%   284 14210s
 124655 80145 177531.441   60  895 178030.051 177067.770  0.54%   284 14218s
 124700 80189 177710.549  105  727 178030.051 177067.770  0.54%   284 14220s
 124735 80210 177835.376   71  810 178030.051 177067.901  0.54%   284 14226s
 124756 80217 177541.426   62  799 178030.051 177068.019  0.54%   284 14231s
 124848 80292 177136.789   75  876 178030.051 177068.020  0.54%   284 14235s
 124951 80390 177813.087  178  466 178030.051 177068.020  0.54%   283 14240s
 124967 80396 177299.177   66  919 178030.051 177068.029  0.54%   284 14245s
 125016 80445 177685.928  115  726 178030.051 177068.029  0.54%   283 14250s
 125051 80465 177262.096   98  724 178030.051 177068.089  0.54%   284 14255s
 125088 80494 177508.788  116  627 178030.051 177068.089  0.54%   284 14260s
 125115 80514 177472.813  130  596 178030.051 177068.089  0.54%   284 14311s
 125146 80537     cutoff  145      178030.051 177068.089  0.54%   284 14315s
 125255 80564 177227.847   62  880 178030.051 177068.210  0.54%   284 14322s
 125328 80622 177435.751  135  691 178030.051 177068.210  0.54%   284 14325s
 125421 80690 177798.596   94  700 178030.051 177068.212  0.54%   284 14330s
 125439 80698 177202.263   61  907 178030.051 177068.288  0.54%   284 14336s
 125494 80753 177529.825  116  689 178030.051 177068.288  0.54%   284 14340s
 125551 80797 177293.128   70  791 178030.051 177068.292  0.54%   283 14345s
 125627 80820 177097.734   60  863 178030.051 177068.314  0.54%   283 14350s
 125628 80821 177103.973   61  853 178030.051 177068.314  0.54%   283 14359s
 125647 80840 177221.940   80  771 178030.051 177068.314  0.54%   283 14360s
 125749 80931 177177.781   78  872 178030.051 177068.517  0.54%   283 14365s
 125803 80955 177091.594   60  866 178030.051 177068.522  0.54%   283 14370s
 125949 81089     cutoff  199      178030.051 177068.522  0.54%   283 14375s
 125952 81088 177752.939   76  597 178030.051 177068.694  0.54%   283 14380s
 126012 81134 177429.960   71  884 178030.051 177068.711  0.54%   283 14385s
 126091 81202 177970.892   59  676 178030.051 177068.716  0.54%   283 14394s

Cutting planes:
  Gomory: 133
  Implied bound: 11
  MIR: 1559
  Flow cover: 4867
  Inf proof: 1
  RLT: 11
  Relax-and-lift: 1287

Explored 126093 nodes (35735080 simplex iterations) in 14400.00 seconds (15451.75 work units)
Thread count was 1 (of 52 available processors)

Solution count 10: 178030 178040 178046 ... 178162

Time limit reached
Best objective 1.780300510000e+05, best bound 1.770687155884e+05, gap 0.5400%

User-callback calls 1183975, time in user-callback 3.72 sec
Instance: data/CCMPPData/30-1000-2.ccmpp
Setting: BASE-MIX
Epsilon: 0.2
Dimension: 30
NumScenario: 1000
NumAggScenario: 1000
BasicNumScenario: 1000
NumBasicDomIneqs: 0
NumNonReDomIneqs: 0
NumEdge:        0
NumBiEdge:      0
NumDomIneqs:    0
DominanceRatio: 0.0000
MixingCuts: off
MixingScope: root
DominanceLazy: 0
TerminationStatus: TIME_LIMIT
PrimalStatus: FEASIBLE_POINT
RawStatus: Optimization terminated because the time expended exceeded the value specified in the TimeLimit parameter.
SolvingTime: 14400.003567934036
NodeCount: 126093
MixingCutsSubmitted: 0
ObjectiveValue: 178030.05099999928
ObjectiveBound: 177068.71558838917
RelativeGap: 0.0053998491053070296
